capture_ts_ns,eth_src,eth_dst,vlan_id,vlan_pcp,message_type,message_type_raw,version_ptp,minor_version_ptp,message_length,domain_number,major_sdo_id,minor_sdo_id,flag_field_hex,flag_alternateMaster,flag_twoStep,flag_unicast,flag_profileSpecific1,flag_profileSpecific2,flag_leap61,flag_leap59,flag_currentUtcOffsetValid,flag_ptpTimescale,flag_timeTraceable,flag_frequencyTraceable,flag_syncUncertain,correction_ns,source_clock_identity,source_port_number,sequence_id,control_field,log_message_interval,origin_ts_ns,current_utc_offset,gm_priority1,gm_clock_class,gm_clock_accuracy,gm_offset_scaled_log_variance,gm_priority2,gm_clock_identity,steps_removed,time_source,tlv_types,has_path_trace,path_trace_hops,requesting_clock_identity,requesting_port_number,clock_class_legal,bmca_fields_all_zero,gm_identity_equals_source,g87251_domain_ok,g87251_mcast_ok,g87251_priority1_ok,g87251_log_sync_ok,g87251_log_announce_ok,g87251_log_delayreq_ok
1700000000000000000,00fffe00000a,011b19000000,0,0,Announce,11,2,0,64,24,0,0,,0,1,0,0,0,1,0,0,1,0,1,0,0,020000fffe00000a,1,0,5,-3,,0,128,6,33,20061,128,020000fffe00000a,0,32,,0,0,,,1,0,1,1,1,1,,1,
1700000000000000000,00fffe00000a,011b19000000,0,0,Sync,0,2,0,44,24,0,0,,0,1,0,0,0,0,0,1,1,1,1,0,0,020000fffe00000a,1,0,0,-4,1700000000000000000,37,,,,,,,,32,,0,0,,,,,,1,1,,1,,
1700000000000010000,00fffe000001,011b19000000,0,0,Announce,11,2,0,64,24,0,0,,0,1,0,0,0,0,0,1,1,1,1,0,0,020000fffe000001,2,0,5,-3,,37,128,6,33,20061,128,020000fffe00000a,1,32,,0,0,,,1,0,0,1,1,1,,1,
1700000000000020000,00fffe00000c,011b19000000,0,0,Delay_Req,1,2,0,44,24,0,0,,0,1,0,0,0,0,0,1,1,1,1,0,0,020000fffe00000c,1,0,1,-4,1700000000000020000,37,,,,,,,,32,,0,0,,,,,,1,1,,,,1
1700000000000021000,00fffe00000d,011b19000000,0,0,Delay_Req,1,2,0,44,24,0,0,,0,1,0,0,0,0,0,1,1,1,1,0,0,020000fffe00000d,1,0,1,-4,1700000000000021000,37,,,,,,,,32,,0,0,,,,,,1,1,,,,1
1700000000000022000,00fffe00000e,011b19000000,0,0,Delay_Req,1,2,0,44,24,0,0,,0,1,0,0,0,0,0,1,1,1,1,0,0,020000fffe00000e,1,0,1,-4,1700000000000022000,37,,,,,,,,32,,0,0,,,,,,1,1,,,,1
1700000000000050000,00fffe00000a,011b19000000,0,0,Follow_Up,8,2,0,44,24,0,0,,0,1,0,0,0,0,0,1,1,1,1,0,0,020000fffe00000a,1,0,2,-4,1700000000000050000,37,,,,,,,,32,,0,0,,,,,,1,1,,1,,
1700000000000050000,00fffe000001,011b19000000,0,0,Delay_Resp,9,2,0,54,24,0,0,,0,1,0,0,0,0,0,1,1,1,1,0,0,020000fffe000001,2,0,3,0,,37,,,,,,,,32,,0,0,020000fffe00000c,1,,,,1,1,,,,1
1700000000000051000,00fffe000001,011b19000000,0,0,Delay_Resp,9,2,0,54,24,0,0,,0,1,0,0,0,0,0,1,1,1,1,0,0,020000fffe000001,2,0,3,0,,37,,,,,,,,32,,0,0,020000fffe00000d,1,,,,1,1,,,,1
1700000000000052000,00fffe000001,011b19000000,0,0,Delay_Resp,9,2,0,54,24,0,0,,0,1,0,0,0,0,0,1,1,1,1,0,0,020000fffe000001,2,0,3,0,,37,,,,,,,,32,,0,0,020000fffe00000e,1,,,,1,1,,,,1
1700000000062500000,00fffe00000a,011b19000000,0,0,Sync,0,2,0,44,24,0,0,,0,1,0,0,0,0,0,1,1,1,1,0,0,020000fffe00000a,1,1,0,-4,1700000000062500000,37,,,,,,,,32,,0,0,,,,,,1,1,,1,,
1700000000062550000,00fffe00000a,011b19000000,0,0,Follow_Up,8,2,0,44,24,0,0,,0,1,0,0,0,0,0,1,1,1,1,0,0,020000fffe00000a,1,1,2,-4,1700000000062550000,37,,,,,,,,32,,0,0,,,,,,1,1,,1,,
1700000000125000000,00fffe00000a,011b19000000,0,0,Announce,11,2,0,64,24,0,0,,0,1,0,0,0,1,0,0,1,0,1,0,0,020000fffe00000a,1,1,5,-3,,0,128,6,33,20061,128,020000fffe00000a,0,32,,0,0,,,1,0,1,1,1,1,,1,
1700000000125000000,00fffe00000a,011b19000000,0,0,Sync,0,2,0,44,24,0,0,,0,1,0,0,0,0,0,1,1,1,1,0,0,020000fffe00000a,1,2,0,-4,1700000000125000000,37,,,,,,,,32,,0,0,,,,,,1,1,,1,,
1700000000125010000,00fffe000001,011b19000000,0,0,Announce,11,2,0,64,24,0,0,,0,1,0,0,0,0,0,1,1,1,1,0,0,020000fffe000001,2,1,5,-3,,37,128,6,33,20061,128,020000fffe00000a,1,32,,0,0,,,1,0,0,1,1,1,,1,
1700000000125020000,00fffe00000c,011b19000000,0,0,Delay_Req,1,2,0,44,24,0,0,,0,1,0,0,0,0,0,1,1,1,1,0,0,020000fffe00000c,1,1,1,-4,1700000000125020000,37,,,,,,,,32,,0,0,,,,,,1,1,,,,1
1700000000125021000,00fffe00000d,011b19000000,0,0,Delay_Req,1,2,0,44,24,0,0,,0,1,0,0,0,0,0,1,1,1,1,0,0,020000fffe00000d,1,1,1,-4,1700000000125021000,37,,,,,,,,32,,0,0,,,,,,1,1,,,,1
1700000000125022000,00fffe00000e,011b19000000,0,0,Delay_Req,1,2,0,44,24,0,0,,0,1,0,0,0,0,0,1,1,1,1,0,0,020000fffe00000e,1,1,1,-4,1700000000125022000,37,,,,,,,,32,,0,0,,,,,,1,1,,,,1
1700000000125050000,00fffe00000a,011b19000000,0,0,Follow_Up,8,2,0,44,24,0,0,,0,1,0,0,0,0,0,1,1,1,1,0,0,020000fffe00000a,1,2,2,-4,1700000000125050000,37,,,,,,,,32,,0,0,,,,,,1,1,,1,,
1700000000125050000,00fffe000001,011b19000000,0,0,Delay_Resp,9,2,0,54,24,0,0,,0,1,0,0,0,0,0,1,1,1,1,0,0,020000fffe000001,2,1,3,0,,37,,,,,,,,32,,0,0,020000fffe00000c,1,,,,1,1,,,,1
1700000000125051000,00fffe000001,011b19000000,0,0,Delay_Resp,9,2,0,54,24,0,0,,0,1,0,0,0,0,0,1,1,1,1,0,0,020000fffe000001,2,1,3,0,,37,,,,,,,,32,,0,0,020000fffe00000d,1,,,,1,1,,,,1
1700000000125052000,00fffe000001,011b19000000,0,0,Delay_Resp,9,2,0,54,24,0,0,,0,1,0,0,0,0,0,1,1,1,1,0,0,020000fffe000001,2,1,3,0,,37,,,,,,,,32,,0,0,020000fffe00000e,1,,,,1,1,,,,1
1700000000187500000,00fffe00000a,011b19000000,0,0,Sync,0,2,0,44,24,0,0,,0,1,0,0,0,0,0,1,1,1,1,0,0,020000fffe00000a,1,3,0,-4,1700000000187500000,37,,,,,,,,32,,0,0,,,,,,1,1,,1,,
1700000000187550000,00fffe00000a,011b19000000,0,0,Follow_Up,8,2,0,44,24,0,0,,0,1,0,0,0,0,0,1,1,1,1,0,0,020000fffe00000a,1,3,2,-4,1700000000187550000,37,,,,,,,,32,,0,0,,,,,,1,1,,1,,
1700000000250000000,00fffe00000a,011b19000000,0,0,Announce,11,2,0,64,24,0,0,,0,1,0,0,0,1,0,0,1,0,1,0,0,020000fffe00000a,1,2,5,-3,,0,128,6,33,20061,128,020000fffe00000a,0,32,,0,0,,,1,0,1,1,1,1,,1,
1700000000250000000,00fffe00000a,011b19000000,0,0,Sync,0,2,0,44,24,0,0,,0,1,0,0,0,0,0,1,1,1,1,0,0,020000fffe00000a,1,4,0,-4,1700000000250000000,37,,,,,,,,32,,0,0,,,,,,1,1,,1,,
1700000000250010000,00fffe000001,011b19000000,0,0,Announce,11,2,0,64,24,0,0,,0,1,0,0,0,0,0,1,1,1,1,0,0,020000fffe000001,2,2,5,-3,,37,128,6,33,20061,128,020000fffe00000a,1,32,,0,0,,,1,0,0,1,1,1,,1,
1700000000250020000,00fffe00000c,011b19000000,0,0,Delay_Req,1,2,0,44,24,0,0,,0,1,0,0,0,0,0,1,1,1,1,0,0,020000fffe00000c,1,2,1,-4,1700000000250020000,37,,,,,,,,32,,0,0,,,,,,1,1,,,,1
1700000000250021000,00fffe00000d,011b19000000,0,0,Delay_Req,1,2,0,44,24,0,0,,0,1,0,0,0,0,0,1,1,1,1,0,0,020000fffe00000d,1,2,1,-4,1700000000250021000,37,,,,,,,,32,,0,0,,,,,,1,1,,,,1
1700000000250022000,00fffe00000e,011b19000000,0,0,Delay_Req,1,2,0,44,24,0,0,,0,1,0,0,0,0,0,1,1,1,1,0,0,020000fffe00000e,1,2,1,-4,1700000000250022000,37,,,,,,,,32,,0,0,,,,,,1,1,,,,1
1700000000250050000,00fffe00000a,011b19000000,0,0,Follow_Up,8,2,0,44,24,0,0,,0,1,0,0,0,0,0,1,1,1,1,0,0,020000fffe00000a,1,4,2,-4,1700000000250050000,37,,,,,,,,32,,0,0,,,,,,1,1,,1,,
1700000000250050000,00fffe000001,011b19000000,0,0,Delay_Resp,9,2,0,54,24,0,0,,0,1,0,0,0,0,0,1,1,1,1,0,0,020000fffe000001,2,2,3,0,,37,,,,,,,,32,,0,0,020000fffe00000c,1,,,,1,1,,,,1
1700000000250051000,00fffe000001,011b19000000,0,0,Delay_Resp,9,2,0,54,24,0,0,,0,1,0,0,0,0,0,1,1,1,1,0,0,020000fffe000001,2,2,3,0,,37,,,,,,,,32,,0,0,020000fffe00000d,1,,,,1,1,,,,1
1700000000250052000,00fffe000001,011b19000000,0,0,Delay_Resp,9,2,0,54,24,0,0,,0,1,0,0,0,0,0,1,1,1,1,0,0,020000fffe000001,2,2,3,0,,37,,,,,,,,32,,0,0,020000fffe00000e,1,,,,1,1,,,,1
1700000000312500000,00fffe00000a,011b19000000,0,0,Sync,0,2,0,44,24,0,0,,0,1,0,0,0,0,0,1,1,1,1,0,0,020000fffe00000a,1,5,0,-4,1700000000312500000,37,,,,,,,,32,,0,0,,,,,,1,1,,1,,
1700000000312550000,00fffe00000a,011b19000000,0,0,Follow_Up,8,2,0,44,24,0,0,,0,1,0,0,0,0,0,1,1,1,1,0,0,020000fffe00000a,1,5,2,-4,1700000000312550000,37,,,,,,,,32,,0,0,,,,,,1,1,,1,,
1700000000375000000,00fffe00000a,011b19000000,0,0,Announce,11,2,0,64,24,0,0,,0,1,0,0,0,1,0,0,1,0,1,0,0,020000fffe00000a,1,3,5,-3,,0,128,6,33,20061,128,020000fffe00000a,0,32,,0,0,,,1,0,1,1,1,1,,1,
1700000000375000000,00fffe00000a,011b19000000,0,0,Sync,0,2,0,44,24,0,0,,0,1,0,0,0,0,0,1,1,1,1,0,0,020000fffe00000a,1,6,0,-4,1700000000375000000,37,,,,,,,,32,,0,0,,,,,,1,1,,1,,
1700000000375010000,00fffe000001,011b19000000,0,0,Announce,11,2,0,64,24,0,0,,0,1,0,0,0,0,0,1,1,1,1,0,0,020000fffe000001,2,3,5,-3,,37,128,6,33,20061,128,020000fffe00000a,1,32,,0,0,,,1,0,0,1,1,1,,1,
1700000000375020000,00fffe00000c,011b19000000,0,0,Delay_Req,1,2,0,44,24,0,0,,0,1,0,0,0,0,0,1,1,1,1,0,0,020000fffe00000c,1,3,1,-4,1700000000375020000,37,,,,,,,,32,,0,0,,,,,,1,1,,,,1
1700000000375021000,00fffe00000d,011b19000000,0,0,Delay_Req,1,2,0,44,24,0,0,,0,1,0,0,0,0,0,1,1,1,1,0,0,020000fffe00000d,1,3,1,-4,1700000000375021000,37,,,,,,,,32,,0,0,,,,,,1,1,,,,1
1700000000375022000,00fffe00000e,011b19000000,0,0,Delay_Req,1,2,0,44,24,0,0,,0,1,0,0,0,0,0,1,1,1,1,0,0,020000fffe00000e,1,3,1,-4,1700000000375022000,37,,,,,,,,32,,0,0,,,,,,1,1,,,,1
1700000000375050000,00fffe00000a,011b19000000,0,0,Follow_Up,8,2,0,44,24,0,0,,0,1,0,0,0,0,0,1,1,1,1,0,0,020000fffe00000a,1,6,2,-4,1700000000375050000,37,,,,,,,,32,,0,0,,,,,,1,1,,1,,
1700000000375050000,00fffe000001,011b19000000,0,0,Delay_Resp,9,2,0,54,24,0,0,,0,1,0,0,0,0,0,1,1,1,1,0,0,020000fffe000001,2,3,3,0,,37,,,,,,,,32,,0,0,020000fffe00000c,1,,,,1,1,,,,1
1700000000375051000,00fffe000001,011b19000000,0,0,Delay_Resp,9,2,0,54,24,0,0,,0,1,0,0,0,0,0,1,1,1,1,0,0,020000fffe000001,2,3,3,0,,37,,,,,,,,32,,0,0,020000fffe00000d,1,,,,1,1,,,,1
1700000000375052000,00fffe000001,011b19000000,0,0,Delay_Resp,9,2,0,54,24,0,0,,0,1,0,0,0,0,0,1,1,1,1,0,0,020000fffe000001,2,3,3,0,,37,,,,,,,,32,,0,0,020000fffe00000e,1,,,,1,1,,,,1
1700000000437500000,00fffe00000a,011b19000000,0,0,Sync,0,2,0,44,24,0,0,,0,1,0,0,0,0,0,1,1,1,1,0,0,020000fffe00000a,1,7,0,-4,1700000000437500000,37,,,,,,,,32,,0,0,,,,,,1,1,,1,,
1700000000437550000,00fffe00000a,011b19000000,0,0,Follow_Up,8,2,0,44,24,0,0,,0,1,0,0,0,0,0,1,1,1,1,0,0,020000fffe00000a,1,7,2,-4,1700000000437550000,37,,,,,,,,32,,0,0,,,,,,1,1,,1,,
1700000000500000000,00fffe00000a,011b19000000,0,0,Announce,11,2,0,64,24,0,0,,0,1,0,0,0,1,0,0,1,0,1,0,0,020000fffe00000a,1,4,5,-3,,0,128,6,33,20061,128,020000fffe00000a,0,32,,0,0,,,1,0,1,1,1,1,,1,
1700000000500000000,00fffe00000a,011b19000000,0,0,Sync,0,2,0,44,24,0,0,,0,1,0,0,0,0,0,1,1,1,1,0,0,020000fffe00000a,1,8,0,-4,1700000000500000000,37,,,,,,,,32,,0,0,,,,,,1,1,,1,,
1700000000500010000,00fffe000001,011b19000000,0,0,Announce,11,2,0,64,24,0,0,,0,1,0,0,0,0,0,1,1,1,1,0,0,020000fffe000001,2,4,5,-3,,37,128,6,33,20061,128,020000fffe00000a,1,32,,0,0,,,1,0,0,1,1,1,,1,
1700000000500020000,00fffe00000c,011b19000000,0,0,Delay_Req,1,2,0,44,24,0,0,,0,1,0,0,0,0,0,1,1,1,1,0,0,020000fffe00000c,1,4,1,-4,1700000000500020000,37,,,,,,,,32,,0,0,,,,,,1,1,,,,1
1700000000500021000,00fffe00000d,011b19000000,0,0,Delay_Req,1,2,0,44,24,0,0,,0,1,0,0,0,0,0,1,1,1,1,0,0,020000fffe00000d,1,4,1,-4,1700000000500021000,37,,,,,,,,32,,0,0,,,,,,1,1,,,,1
1700000000500022000,00fffe00000e,011b19000000,0,0,Delay_Req,1,2,0,44,24,0,0,,0,1,0,0,0,0,0,1,1,1,1,0,0,020000fffe00000e,1,4,1,-4,1700000000500022000,37,,,,,,,,32,,0,0,,,,,,1,1,,,,1
1700000000500050000,00fffe00000a,011b19000000,0,0,Follow_Up,8,2,0,44,24,0,0,,0,1,0,0,0,0,0,1,1,1,1,0,0,020000fffe00000a,1,8,2,-4,1700000000500050000,37,,,,,,,,32,,0,0,,,,,,1,1,,1,,
1700000000500050000,00fffe000001,011b19000000,0,0,Delay_Resp,9,2,0,54,24,0,0,,0,1,0,0,0,0,0,1,1,1,1,0,0,020000fffe000001,2,4,3,0,,37,,,,,,,,32,,0,0,020000fffe00000c,1,,,,1,1,,,,1
1700000000500051000,00fffe000001,011b19000000,0,0,Delay_Resp,9,2,0,54,24,0,0,,0,1,0,0,0,0,0,1,1,1,1,0,0,020000fffe000001,2,4,3,0,,37,,,,,,,,32,,0,0,020000fffe00000d,1,,,,1,1,,,,1
1700000000500052000,00fffe000001,011b19000000,0,0,Delay_Resp,9,2,0,54,24,0,0,,0,1,0,0,0,0,0,1,1,1,1,0,0,020000fffe000001,2,4,3,0,,37,,,,,,,,32,,0,0,020000fffe00000e,1,,,,1,1,,,,1
1700000000562500000,00fffe00000a,011b19000000,0,0,Sync,0,2,0,44,24,0,0,,0,1,0,0,0,0,0,1,1,1,1,0,0,020000fffe00000a,1,9,0,-4,1700000000562500000,37,,,,,,,,32,,0,0,,,,,,1,1,,1,,
1700000000562550000,00fffe00000a,011b19000000,0,0,Follow_Up,8,2,0,44,24,0,0,,0,1,0,0,0,0,0,1,1,1,1,0,0,020000fffe00000a,1,9,2,-4,1700000000562550000,37,,,,,,,,32,,0,0,,,,,,1,1,,1,,
1700000000625000000,00fffe00000a,011b19000000,0,0,Announce,11,2,0,64,24,0,0,,0,1,0,0,0,1,0,0,1,0,1,0,0,020000fffe00000a,1,5,5,-3,,0,128,6,33,20061,128,020000fffe00000a,0,32,,0,0,,,1,0,1,1,1,1,,1,
1700000000625000000,00fffe00000a,011b19000000,0,0,Sync,0,2,0,44,24,0,0,,0,1,0,0,0,0,0,1,1,1,1,0,0,020000fffe00000a,1,10,0,-4,1700000000625000000,37,,,,,,,,32,,0,0,,,,,,1,1,,1,,
1700000000625010000,00fffe000001,011b19000000,0,0,Announce,11,2,0,64,24,0,0,,0,1,0,0,0,0,0,1,1,1,1,0,0,020000fffe000001,2,5,5,-3,,37,128,6,33,20061,128,020000fffe00000a,1,32,,0,0,,,1,0,0,1,1,1,,1,
1700000000625020000,00fffe00000c,011b19000000,0,0,Delay_Req,1,2,0,44,24,0,0,,0,1,0,0,0,0,0,1,1,1,1,0,0,020000fffe00000c,1,5,1,-4,1700000000625020000,37,,,,,,,,32,,0,0,,,,,,1,1,,,,1
1700000000625021000,00fffe00000d,011b19000000,0,0,Delay_Req,1,2,0,44,24,0,0,,0,1,0,0,0,0,0,1,1,1,1,0,0,020000fffe00000d,1,5,1,-4,1700000000625021000,37,,,,,,,,32,,0,0,,,,,,1,1,,,,1
1700000000625022000,00fffe00000e,011b19000000,0,0,Delay_Req,1,2,0,44,24,0,0,,0,1,0,0,0,0,0,1,1,1,1,0,0,020000fffe00000e,1,5,1,-4,1700000000625022000,37,,,,,,,,32,,0,0,,,,,,1,1,,,,1
1700000000625050000,00fffe00000a,011b19000000,0,0,Follow_Up,8,2,0,44,24,0,0,,0,1,0,0,0,0,0,1,1,1,1,0,0,020000fffe00000a,1,10,2,-4,1700000000625050000,37,,,,,,,,32,,0,0,,,,,,1,1,,1,,
1700000000625050000,00fffe000001,011b19000000,0,0,Delay_Resp,9,2,0,54,24,0,0,,0,1,0,0,0,0,0,1,1,1,1,0,0,020000fffe000001,2,5,3,0,,37,,,,,,,,32,,0,0,020000fffe00000c,1,,,,1,1,,,,1
1700000000625051000,00fffe000001,011b19000000,0,0,Delay_Resp,9,2,0,54,24,0,0,,0,1,0,0,0,0,0,1,1,1,1,0,0,020000fffe000001,2,5,3,0,,37,,,,,,,,32,,0,0,020000fffe00000d,1,,,,1,1,,,,1
1700000000625052000,00fffe000001,011b19000000,0,0,Delay_Resp,9,2,0,54,24,0,0,,0,1,0,0,0,0,0,1,1,1,1,0,0,020000fffe000001,2,5,3,0,,37,,,,,,,,32,,0,0,020000fffe00000e,1,,,,1,1,,,,1
1700000000687500000,00fffe00000a,011b19000000,0,0,Sync,0,2,0,44,24,0,0,,0,1,0,0,0,0,0,1,1,1,1,0,0,020000fffe00000a,1,11,0,-4,1700000000687500000,37,,,,,,,,32,,0,0,,,,,,1,1,,1,,
1700000000687550000,00fffe00000a,011b19000000,0,0,Follow_Up,8,2,0,44,24,0,0,,0,1,0,0,0,0,0,1,1,1,1,0,0,020000fffe00000a,1,11,2,-4,1700000000687550000,37,,,,,,,,32,,0,0,,,,,,1,1,,1,,
1700000000750000000,00fffe00000a,011b19000000,0,0,Announce,11,2,0,64,24,0,0,,0,1,0,0,0,1,0,0,1,0,1,0,0,020000fffe00000a,1,6,5,-3,,0,128,6,33,20061,128,020000fffe00000a,0,32,,0,0,,,1,0,1,1,1,1,,1,
1700000000750000000,00fffe00000a,011b19000000,0,0,Sync,0,2,0,44,24,0,0,,0,1,0,0,0,0,0,1,1,1,1,0,0,020000fffe00000a,1,12,0,-4,1700000000750000000,37,,,,,,,,32,,0,0,,,,,,1,1,,1,,
1700000000750010000,00fffe000001,011b19000000,0,0,Announce,11,2,0,64,24,0,0,,0,1,0,0,0,0,0,1,1,1,1,0,0,020000fffe000001,2,6,5,-3,,37,128,6,33,20061,128,020000fffe00000a,1,32,,0,0,,,1,0,0,1,1,1,,1,
1700000000750020000,00fffe00000c,011b19000000,0,0,Delay_Req,1,2,0,44,24,0,0,,0,1,0,0,0,0,0,1,1,1,1,0,0,020000fffe00000c,1,6,1,-4,1700000000750020000,37,,,,,,,,32,,0,0,,,,,,1,1,,,,1
1700000000750021000,00fffe00000d,011b19000000,0,0,Delay_Req,1,2,0,44,24,0,0,,0,1,0,0,0,0,0,1,1,1,1,0,0,020000fffe00000d,1,6,1,-4,1700000000750021000,37,,,,,,,,32,,0,0,,,,,,1,1,,,,1
1700000000750022000,00fffe00000e,011b19000000,0,0,Delay_Req,1,2,0,44,24,0,0,,0,1,0,0,0,0,0,1,1,1,1,0,0,020000fffe00000e,1,6,1,-4,1700000000750022000,37,,,,,,,,32,,0,0,,,,,,1,1,,,,1
1700000000750050000,00fffe00000a,011b19000000,0,0,Follow_Up,8,2,0,44,24,0,0,,0,1,0,0,0,0,0,1,1,1,1,0,0,020000fffe00000a,1,12,2,-4,1700000000750050000,37,,,,,,,,32,,0,0,,,,,,1,1,,1,,
1700000000750050000,00fffe000001,011b19000000,0,0,Delay_Resp,9,2,0,54,24,0,0,,0,1,0,0,0,0,0,1,1,1,1,0,0,020000fffe000001,2,6,3,0,,37,,,,,,,,32,,0,0,020000fffe00000c,1,,,,1,1,,,,1
1700000000750051000,00fffe000001,011b19000000,0,0,Delay_Resp,9,2,0,54,24,0,0,,0,1,0,0,0,0,0,1,1,1,1,0,0,020000fffe000001,2,6,3,0,,37,,,,,,,,32,,0,0,020000fffe00000d,1,,,,1,1,,,,1
1700000000750052000,00fffe000001,011b19000000,0,0,Delay_Resp,9,2,0,54,24,0,0,,0,1,0,0,0,0,0,1,1,1,1,0,0,020000fffe000001,2,6,3,0,,37,,,,,,,,32,,0,0,020000fffe00000e,1,,,,1,1,,,,1
1700000000812500000,00fffe00000a,011b19000000,0,0,Sync,0,2,0,44,24,0,0,,0,1,0,0,0,0,0,1,1,1,1,0,0,020000fffe00000a,1,13,0,-4,1700000000812500000,37,,,,,,,,32,,0,0,,,,,,1,1,,1,,
1700000000812550000,00fffe00000a,011b19000000,0,0,Follow_Up,8,2,0,44,24,0,0,,0,1,0,0,0,0,0,1,1,1,1,0,0,020000fffe00000a,1,13,2,-4,1700000000812550000,37,,,,,,,,32,,0,0,,,,,,1,1,,1,,
1700000000875000000,00fffe00000a,011b19000000,0,0,Announce,11,2,0,64,24,0,0,,0,1,0,0,0,1,0,0,1,0,1,0,0,020000fffe00000a,1,7,5,-3,,0,128,6,33,20061,128,020000fffe00000a,0,32,,0,0,,,1,0,1,1,1,1,,1,
1700000000875000000,00fffe00000a,011b19000000,0,0,Sync,0,2,0,44,24,0,0,,0,1,0,0,0,0,0,1,1,1,1,0,0,020000fffe00000a,1,14,0,-4,1700000000875000000,37,,,,,,,,32,,0,0,,,,,,1,1,,1,,
1700000000875010000,00fffe000001,011b19000000,0,0,Announce,11,2,0,64,24,0,0,,0,1,0,0,0,0,0,1,1,1,1,0,0,020000fffe000001,2,7,5,-3,,37,128,6,33,20061,128,020000fffe00000a,1,32,,0,0,,,1,0,0,1,1,1,,1,
1700000000875020000,00fffe00000c,011b19000000,0,0,Delay_Req,1,2,0,44,24,0,0,,0,1,0,0,0,0,0,1,1,1,1,0,0,020000fffe00000c,1,7,1,-4,1700000000875020000,37,,,,,,,,32,,0,0,,,,,,1,1,,,,1
1700000000875021000,00fffe00000d,011b19000000,0,0,Delay_Req,1,2,0,44,24,0,0,,0,1,0,0,0,0,0,1,1,1,1,0,0,020000fffe00000d,1,7,1,-4,1700000000875021000,37,,,,,,,,32,,0,0,,,,,,1,1,,,,1
1700000000875022000,00fffe00000e,011b19000000,0,0,Delay_Req,1,2,0,44,24,0,0,,0,1,0,0,0,0,0,1,1,1,1,0,0,020000fffe00000e,1,7,1,-4,1700000000875022000,37,,,,,,,,32,,0,0,,,,,,1,1,,,,1
1700000000875050000,00fffe00000a,011b19000000,0,0,Follow_Up,8,2,0,44,24,0,0,,0,1,0,0,0,0,0,1,1,1,1,0,0,020000fffe00000a,1,14,2,-4,1700000000875050000,37,,,,,,,,32,,0,0,,,,,,1,1,,1,,
1700000000875050000,00fffe000001,011b19000000,0,0,Delay_Resp,9,2,0,54,24,0,0,,0,1,0,0,0,0,0,1,1,1,1,0,0,020000fffe000001,2,7,3,0,,37,,,,,,,,32,,0,0,020000fffe00000c,1,,,,1,1,,,,1
1700000000875051000,00fffe000001,011b19000000,0,0,Delay_Resp,9,2,0,54,24,0,0,,0,1,0,0,0,0,0,1,1,1,1,0,0,020000fffe000001,2,7,3,0,,37,,,,,,,,32,,0,0,020000fffe00000d,1,,,,1,1,,,,1
1700000000875052000,00fffe000001,011b19000000,0,0,Delay_Resp,9,2,0,54,24,0,0,,0,1,0,0,0,0,0,1,1,1,1,0,0,020000fffe000001,2,7,3,0,,37,,,,,,,,32,,0,0,020000fffe00000e,1,,,,1,1,,,,1
1700000000937500000,00fffe00000a,011b19000000,0,0,Sync,0,2,0,44,24,0,0,,0,1,0,0,0,0,0,1,1,1,1,0,0,020000fffe00000a,1,15,0,-4,1700000000937500000,37,,,,,,,,32,,0,0,,,,,,1,1,,1,,
1700000000937550000,00fffe00000a,011b19000000,0,0,Follow_Up,8,2,0,44,24,0,0,,0,1,0,0,0,0,0,1,1,1,1,0,0,020000fffe00000a,1,15,2,-4,1700000000937550000,37,,,,,,,,32,,0,0,,,,,,1,1,,1,,
1700000001000000000,00fffe00000a,011b19000000,0,0,Announce,11,2,0,64,24,0,0,,0,1,0,0,0,1,0,0,1,0,1,0,0,020000fffe00000a,1,8,5,-3,,0,128,6,33,20061,128,020000fffe00000a,0,32,,0,0,,,1,0,1,1,1,1,,1,
1700000001000000000,00fffe00000a,011b19000000,0,0,Sync,0,2,0,44,24,0,0,,0,1,0,0,0,0,0,1,1,1,1,0,0,020000fffe00000a,1,16,0,-4,1700000001000000000,37,,,,,,,,32,,0,0,,,,,,1,1,,1,,
1700000001000010000,00fffe000001,011b19000000,0,0,Announce,11,2,0,64,24,0,0,,0,1,0,0,0,0,0,1,1,1,1,0,0,020000fffe000001,2,8,5,-3,,37,128,6,33,20061,128,020000fffe00000a,1,32,,0,0,,,1,0,0,1,1,1,,1,
1700000001000020000,00fffe00000c,011b19000000,0,0,Delay_Req,1,2,0,44,24,0,0,,0,1,0,0,0,0,0,1,1,1,1,0,0,020000fffe00000c,1,8,1,-4,1700000001000020000,37,,,,,,,,32,,0,0,,,,,,1,1,,,,1
1700000001000021000,00fffe00000d,011b19000000,0,0,Delay_Req,1,2,0,44,24,0,0,,0,1,0,0,0,0,0,1,1,1,1,0,0,020000fffe00000d,1,8,1,-4,1700000001000021000,37,,,,,,,,32,,0,0,,,,,,1,1,,,,1
1700000001000022000,00fffe00000e,011b19000000,0,0,Delay_Req,1,2,0,44,24,0,0,,0,1,0,0,0,0,0,1,1,1,1,0,0,020000fffe00000e,1,8,1,-4,1700000001000022000,37,,,,,,,,32,,0,0,,,,,,1,1,,,,1
1700000001000050000,00fffe00000a,011b19000000,0,0,Follow_Up,8,2,0,44,24,0,0,,0,1,0,0,0,0,0,1,1,1,1,0,0,020000fffe00000a,1,16,2,-4,1700000001000050000,37,,,,,,,,32,,0,0,,,,,,1,1,,1,,
1700000001000050000,00fffe000001,011b19000000,0,0,Delay_Resp,9,2,0,54,24,0,0,,0,1,0,0,0,0,0,1,1,1,1,0,0,020000fffe000001,2,8,3,0,,37,,,,,,,,32,,0,0,020000fffe00000c,1,,,,1,1,,,,1
1700000001000051000,00fffe000001,011b19000000,0,0,Delay_Resp,9,2,0,54,24,0,0,,0,1,0,0,0,0,0,1,1,1,1,0,0,020000fffe000001,2,8,3,0,,37,,,,,,,,32,,0,0,020000fffe00000d,1,,,,1,1,,,,1
1700000001000052000,00fffe000001,011b19000000,0,0,Delay_Resp,9,2,0,54,24,0,0,,0,1,0,0,0,0,0,1,1,1,1,0,0,020000fffe000001,2,8,3,0,,37,,,,,,,,32,,0,0,020000fffe00000e,1,,,,1,1,,,,1
1700000001062500000,00fffe00000a,011b19000000,0,0,Sync,0,2,0,44,24,0,0,,0,1,0,0,0,0,0,1,1,1,1,0,0,020000fffe00000a,1,17,0,-4,1700000001062500000,37,,,,,,,,32,,0,0,,,,,,1,1,,1,,
1700000001062550000,00fffe00000a,011b19000000,0,0,Follow_Up,8,2,0,44,24,0,0,,0,1,0,0,0,0,0,1,1,1,1,0,0,020000fffe00000a,1,17,2,-4,1700000001062550000,37,,,,,,,,32,,0,0,,,,,,1,1,,1,,
1700000001125000000,00fffe00000a,011b19000000,0,0,Announce,11,2,0,64,24,0,0,,0,1,0,0,0,1,0,0,1,0,1,0,0,020000fffe00000a,1,9,5,-3,,0,128,6,33,20061,128,020000fffe00000a,0,32,,0,0,,,1,0,1,1,1,1,,1,
1700000001125000000,00fffe00000a,011b19000000,0,0,Sync,0,2,0,44,24,0,0,,0,1,0,0,0,0,0,1,1,1,1,0,0,020000fffe00000a,1,18,0,-4,1700000001125000000,37,,,,,,,,32,,0,0,,,,,,1,1,,1,,
1700000001125010000,00fffe000001,011b19000000,0,0,Announce,11,2,0,64,24,0,0,,0,1,0,0,0,0,0,1,1,1,1,0,0,020000fffe000001,2,9,5,-3,,37,128,6,33,20061,128,020000fffe00000a,1,32,,0,0,,,1,0,0,1,1,1,,1,
1700000001125020000,00fffe00000c,011b19000000,0,0,Delay_Req,1,2,0,44,24,0,0,,0,1,0,0,0,0,0,1,1,1,1,0,0,020000fffe00000c,1,9,1,-4,1700000001125020000,37,,,,,,,,32,,0,0,,,,,,1,1,,,,1
1700000001125021000,00fffe00000d,011b19000000,0,0,Delay_Req,1,2,0,44,24,0,0,,0,1,0,0,0,0,0,1,1,1,1,0,0,020000fffe00000d,1,9,1,-4,1700000001125021000,37,,,,,,,,32,,0,0,,,,,,1,1,,,,1
1700000001125022000,00fffe00000e,011b19000000,0,0,Delay_Req,1,2,0,44,24,0,0,,0,1,0,0,0,0,0,1,1,1,1,0,0,020000fffe00000e,1,9,1,-4,1700000001125022000,37,,,,,,,,32,,0,0,,,,,,1,1,,,,1
1700000001125050000,00fffe00000a,011b19000000,0,0,Follow_Up,8,2,0,44,24,0,0,,0,1,0,0,0,0,0,1,1,1,1,0,0,020000fffe00000a,1,18,2,-4,1700000001125050000,37,,,,,,,,32,,0,0,,,,,,1,1,,1,,
1700000001125050000,00fffe000001,011b19000000,0,0,Delay_Resp,9,2,0,54,24,0,0,,0,1,0,0,0,0,0,1,1,1,1,0,0,020000fffe000001,2,9,3,0,,37,,,,,,,,32,,0,0,020000fffe00000c,1,,,,1,1,,,,1
1700000001125051000,00fffe000001,011b19000000,0,0,Delay_Resp,9,2,0,54,24,0,0,,0,1,0,0,0,0,0,1,1,1,1,0,0,020000fffe000001,2,9,3,0,,37,,,,,,,,32,,0,0,020000fffe00000d,1,,,,1,1,,,,1
1700000001125052000,00fffe000001,011b19000000,0,0,Delay_Resp,9,2,0,54,24,0,0,,0,1,0,0,0,0,0,1,1,1,1,0,0,020000fffe000001,2,9,3,0,,37,,,,,,,,32,,0,0,020000fffe00000e,1,,,,1,1,,,,1
1700000001187500000,00fffe00000a,011b19000000,0,0,Sync,0,2,0,44,24,0,0,,0,1,0,0,0,0,0,1,1,1,1,0,0,020000fffe00000a,1,19,0,-4,1700000001187500000,37,,,,,,,,32,,0,0,,,,,,1,1,,1,,
1700000001187550000,00fffe00000a,011b19000000,0,0,Follow_Up,8,2,0,44,24,0,0,,0,1,0,0,0,0,0,1,1,1,1,0,0,020000fffe00000a,1,19,2,-4,1700000001187550000,37,,,,,,,,32,,0,0,,,,,,1,1,,1,,
1700000001250000000,00fffe00000a,011b19000000,0,0,Announce,11,2,0,64,24,0,0,,0,1,0,0,0,1,0,0,1,0,1,0,0,020000fffe00000a,1,10,5,-3,,0,128,6,33,20061,128,020000fffe00000a,0,32,,0,0,,,1,0,1,1,1,1,,1,
1700000001250000000,00fffe00000a,011b19000000,0,0,Sync,0,2,0,44,24,0,0,,0,1,0,0,0,0,0,1,1,1,1,0,0,020000fffe00000a,1,20,0,-4,1700000001250000000,37,,,,,,,,32,,0,0,,,,,,1,1,,1,,
1700000001250010000,00fffe000001,011b19000000,0,0,Announce,11,2,0,64,24,0,0,,0,1,0,0,0,0,0,1,1,1,1,0,0,020000fffe000001,2,10,5,-3,,37,128,6,33,20061,128,020000fffe00000a,1,32,,0,0,,,1,0,0,1,1,1,,1,
1700000001250020000,00fffe00000c,011b19000000,0,0,Delay_Req,1,2,0,44,24,0,0,,0,1,0,0,0,0,0,1,1,1,1,0,0,020000fffe00000c,1,10,1,-4,1700000001250020000,37,,,,,,,,32,,0,0,,,,,,1,1,,,,1
1700000001250021000,00fffe00000d,011b19000000,0,0,Delay_Req,1,2,0,44,24,0,0,,0,1,0,0,0,0,0,1,1,1,1,0,0,020000fffe00000d,1,10,1,-4,1700000001250021000,37,,,,,,,,32,,0,0,,,,,,1,1,,,,1
1700000001250022000,00fffe00000e,011b19000000,0,0,Delay_Req,1,2,0,44,24,0,0,,0,1,0,0,0,0,0,1,1,1,1,0,0,020000fffe00000e,1,10,1,-4,1700000001250022000,37,,,,,,,,32,,0,0,,,,,,1,1,,,,1
1700000001250050000,00fffe00000a,011b19000000,0,0,Follow_Up,8,2,0,44,24,0,0,,0,1,0,0,0,0,0,1,1,1,1,0,0,020000fffe00000a,1,20,2,-4,1700000001250050000,37,,,,,,,,32,,0,0,,,,,,1,1,,1,,
1700000001250050000,00fffe000001,011b19000000,0,0,Delay_Resp,9,2,0,54,24,0,0,,0,1,0,0,0,0,0,1,1,1,1,0,0,020000fffe000001,2,10,3,0,,37,,,,,,,,32,,0,0,020000fffe00000c,1,,,,1,1,,,,1
1700000001250051000,00fffe000001,011b19000000,0,0,Delay_Resp,9,2,0,54,24,0,0,,0,1,0,0,0,0,0,1,1,1,1,0,0,020000fffe000001,2,10,3,0,,37,,,,,,,,32,,0,0,020000fffe00000d,1,,,,1,1,,,,1
1700000001250052000,00fffe000001,011b19000000,0,0,Delay_Resp,9,2,0,54,24,0,0,,0,1,0,0,0,0,0,1,1,1,1,0,0,020000fffe000001,2,10,3,0,,37,,,,,,,,32,,0,0,020000fffe00000e,1,,,,1,1,,,,1
1700000001312500000,00fffe00000a,011b19000000,0,0,Sync,0,2,0,44,24,0,0,,0,1,0,0,0,0,0,1,1,1,1,0,0,020000fffe00000a,1,21,0,-4,1700000001312500000,37,,,,,,,,32,,0,0,,,,,,1,1,,1,,
1700000001312550000,00fffe00000a,011b19000000,0,0,Follow_Up,8,2,0,44,24,0,0,,0,1,0,0,0,0,0,1,1,1,1,0,0,020000fffe00000a,1,21,2,-4,1700000001312550000,37,,,,,,,,32,,0,0,,,,,,1,1,,1,,
1700000001375000000,00fffe00000a,011b19000000,0,0,Announce,11,2,0,64,24,0,0,,0,1,0,0,0,1,0,0,1,0,1,0,0,020000fffe00000a,1,11,5,-3,,0,128,6,33,20061,128,020000fffe00000a,0,32,,0,0,,,1,0,1,1,1,1,,1,
1700000001375000000,00fffe00000a,011b19000000,0,0,Sync,0,2,0,44,24,0,0,,0,1,0,0,0,0,0,1,1,1,1,0,0,020000fffe00000a,1,22,0,-4,1700000001375000000,37,,,,,,,,32,,0,0,,,,,,1,1,,1,,
1700000001375010000,00fffe000001,011b19000000,0,0,Announce,11,2,0,64,24,0,0,,0,1,0,0,0,0,0,1,1,1,1,0,0,020000fffe000001,2,11,5,-3,,37,128,6,33,20061,128,020000fffe00000a,1,32,,0,0,,,1,0,0,1,1,1,,1,
1700000001375020000,00fffe00000c,011b19000000,0,0,Delay_Req,1,2,0,44,24,0,0,,0,1,0,0,0,0,0,1,1,1,1,0,0,020000fffe00000c,1,11,1,-4,1700000001375020000,37,,,,,,,,32,,0,0,,,,,,1,1,,,,1
1700000001375021000,00fffe00000d,011b19000000,0,0,Delay_Req,1,2,0,44,24,0,0,,0,1,0,0,0,0,0,1,1,1,1,0,0,020000fffe00000d,1,11,1,-4,1700000001375021000,37,,,,,,,,32,,0,0,,,,,,1,1,,,,1
1700000001375022000,00fffe00000e,011b19000000,0,0,Delay_Req,1,2,0,44,24,0,0,,0,1,0,0,0,0,0,1,1,1,1,0,0,020000fffe00000e,1,11,1,-4,1700000001375022000,37,,,,,,,,32,,0,0,,,,,,1,1,,,,1
1700000001375050000,00fffe00000a,011b19000000,0,0,Follow_Up,8,2,0,44,24,0,0,,0,1,0,0,0,0,0,1,1,1,1,0,0,020000fffe00000a,1,22,2,-4,1700000001375050000,37,,,,,,,,32,,0,0,,,,,,1,1,,1,,
1700000001375050000,00fffe000001,011b19000000,0,0,Delay_Resp,9,2,0,54,24,0,0,,0,1,0,0,0,0,0,1,1,1,1,0,0,020000fffe000001,2,11,3,0,,37,,,,,,,,32,,0,0,020000fffe00000c,1,,,,1,1,,,,1
1700000001375051000,00fffe000001,011b19000000,0,0,Delay_Resp,9,2,0,54,24,0,0,,0,1,0,0,0,0,0,1,1,1,1,0,0,020000fffe000001,2,11,3,0,,37,,,,,,,,32,,0,0,020000fffe00000d,1,,,,1,1,,,,1
1700000001375052000,00fffe000001,011b19000000,0,0,Delay_Resp,9,2,0,54,24,0,0,,0,1,0,0,0,0,0,1,1,1,1,0,0,020000fffe000001,2,11,3,0,,37,,,,,,,,32,,0,0,020000fffe00000e,1,,,,1,1,,,,1
1700000001437500000,00fffe00000a,011b19000000,0,0,Sync,0,2,0,44,24,0,0,,0,1,0,0,0,0,0,1,1,1,1,0,0,020000fffe00000a,1,23,0,-4,1700000001437500000,37,,,,,,,,32,,0,0,,,,,,1,1,,1,,
1700000001437550000,00fffe00000a,011b19000000,0,0,Follow_Up,8,2,0,44,24,0,0,,0,1,0,0,0,0,0,1,1,1,1,0,0,020000fffe00000a,1,23,2,-4,1700000001437550000,37,,,,,,,,32,,0,0,,,,,,1,1,,1,,
1700000001500000000,00fffe00000a,011b19000000,0,0,Announce,11,2,0,64,24,0,0,,0,1,0,0,0,1,0,0,1,0,1,0,0,020000fffe00000a,1,12,5,-3,,0,128,6,33,20061,128,020000fffe00000a,0,32,,0,0,,,1,0,1,1,1,1,,1,
1700000001500000000,00fffe00000a,011b19000000,0,0,Sync,0,2,0,44,24,0,0,,0,1,0,0,0,0,0,1,1,1,1,0,0,020000fffe00000a,1,24,0,-4,1700000001500000000,37,,,,,,,,32,,0,0,,,,,,1,1,,1,,
1700000001500010000,00fffe000001,011b19000000,0,0,Announce,11,2,0,64,24,0,0,,0,1,0,0,0,0,0,1,1,1,1,0,0,020000fffe000001,2,12,5,-3,,37,128,6,33,20061,128,020000fffe00000a,1,32,,0,0,,,1,0,0,1,1,1,,1,
1700000001500020000,00fffe00000c,011b19000000,0,0,Delay_Req,1,2,0,44,24,0,0,,0,1,0,0,0,0,0,1,1,1,1,0,0,020000fffe00000c,1,12,1,-4,1700000001500020000,37,,,,,,,,32,,0,0,,,,,,1,1,,,,1
1700000001500021000,00fffe00000d,011b19000000,0,0,Delay_Req,1,2,0,44,24,0,0,,0,1,0,0,0,0,0,1,1,1,1,0,0,020000fffe00000d,1,12,1,-4,1700000001500021000,37,,,,,,,,32,,0,0,,,,,,1,1,,,,1
1700000001500022000,00fffe00000e,011b19000000,0,0,Delay_Req,1,2,0,44,24,0,0,,0,1,0,0,0,0,0,1,1,1,1,0,0,020000fffe00000e,1,12,1,-4,1700000001500022000,37,,,,,,,,32,,0,0,,,,,,1,1,,,,1
1700000001500050000,00fffe00000a,011b19000000,0,0,Follow_Up,8,2,0,44,24,0,0,,0,1,0,0,0,0,0,1,1,1,1,0,0,020000fffe00000a,1,24,2,-4,1700000001500050000,37,,,,,,,,32,,0,0,,,,,,1,1,,1,,
1700000001500050000,00fffe000001,011b19000000,0,0,Delay_Resp,9,2,0,54,24,0,0,,0,1,0,0,0,0,0,1,1,1,1,0,0,020000fffe000001,2,12,3,0,,37,,,,,,,,32,,0,0,020000fffe00000c,1,,,,1,1,,,,1
1700000001500051000,00fffe000001,011b19000000,0,0,Delay_Resp,9,2,0,54,24,0,0,,0,1,0,0,0,0,0,1,1,1,1,0,0,020000fffe000001,2,12,3,0,,37,,,,,,,,32,,0,0,020000fffe00000d,1,,,,1,1,,,,1
1700000001500052000,00fffe000001,011b19000000,0,0,Delay_Resp,9,2,0,54,24,0,0,,0,1,0,0,0,0,0,1,1,1,1,0,0,020000fffe000001,2,12,3,0,,37,,,,,,,,32,,0,0,020000fffe00000e,1,,,,1,1,,,,1
1700000001562500000,00fffe00000a,011b19000000,0,0,Sync,0,2,0,44,24,0,0,,0,1,0,0,0,0,0,1,1,1,1,0,0,020000fffe00000a,1,25,0,-4,1700000001562500000,37,,,,,,,,32,,0,0,,,,,,1,1,,1,,
1700000001562550000,00fffe00000a,011b19000000,0,0,Follow_Up,8,2,0,44,24,0,0,,0,1,0,0,0,0,0,1,1,1,1,0,0,020000fffe00000a,1,25,2,-4,1700000001562550000,37,,,,,,,,32,,0,0,,,,,,1,1,,1,,
1700000001625000000,00fffe00000a,011b19000000,0,0,Announce,11,2,0,64,24,0,0,,0,1,0,0,0,1,0,0,1,0,1,0,0,020000fffe00000a,1,13,5,-3,,0,128,6,33,20061,128,020000fffe00000a,0,32,,0,0,,,1,0,1,1,1,1,,1,
1700000001625000000,00fffe00000a,011b19000000,0,0,Sync,0,2,0,44,24,0,0,,0,1,0,0,0,0,0,1,1,1,1,0,0,020000fffe00000a,1,26,0,-4,1700000001625000000,37,,,,,,,,32,,0,0,,,,,,1,1,,1,,
1700000001625010000,00fffe000001,011b19000000,0,0,Announce,11,2,0,64,24,0,0,,0,1,0,0,0,0,0,1,1,1,1,0,0,020000fffe000001,2,13,5,-3,,37,128,6,33,20061,128,020000fffe00000a,1,32,,0,0,,,1,0,0,1,1,1,,1,
1700000001625020000,00fffe00000c,011b19000000,0,0,Delay_Req,1,2,0,44,24,0,0,,0,1,0,0,0,0,0,1,1,1,1,0,0,020000fffe00000c,1,13,1,-4,1700000001625020000,37,,,,,,,,32,,0,0,,,,,,1,1,,,,1
1700000001625021000,00fffe00000d,011b19000000,0,0,Delay_Req,1,2,0,44,24,0,0,,0,1,0,0,0,0,0,1,1,1,1,0,0,020000fffe00000d,1,13,1,-4,1700000001625021000,37,,,,,,,,32,,0,0,,,,,,1,1,,,,1
1700000001625022000,00fffe00000e,011b19000000,0,0,Delay_Req,1,2,0,44,24,0,0,,0,1,0,0,0,0,0,1,1,1,1,0,0,020000fffe00000e,1,13,1,-4,1700000001625022000,37,,,,,,,,32,,0,0,,,,,,1,1,,,,1
1700000001625050000,00fffe00000a,011b19000000,0,0,Follow_Up,8,2,0,44,24,0,0,,0,1,0,0,0,0,0,1,1,1,1,0,0,020000fffe00000a,1,26,2,-4,1700000001625050000,37,,,,,,,,32,,0,0,,,,,,1,1,,1,,
1700000001625050000,00fffe000001,011b19000000,0,0,Delay_Resp,9,2,0,54,24,0,0,,0,1,0,0,0,0,0,1,1,1,1,0,0,020000fffe000001,2,13,3,0,,37,,,,,,,,32,,0,0,020000fffe00000c,1,,,,1,1,,,,1
1700000001625051000,00fffe000001,011b19000000,0,0,Delay_Resp,9,2,0,54,24,0,0,,0,1,0,0,0,0,0,1,1,1,1,0,0,020000fffe000001,2,13,3,0,,37,,,,,,,,32,,0,0,020000fffe00000d,1,,,,1,1,,,,1
1700000001625052000,00fffe000001,011b19000000,0,0,Delay_Resp,9,2,0,54,24,0,0,,0,1,0,0,0,0,0,1,1,1,1,0,0,020000fffe000001,2,13,3,0,,37,,,,,,,,32,,0,0,020000fffe00000e,1,,,,1,1,,,,1
1700000001687500000,00fffe00000a,011b19000000,0,0,Sync,0,2,0,44,24,0,0,,0,1,0,0,0,0,0,1,1,1,1,0,0,020000fffe00000a,1,27,0,-4,1700000001687500000,37,,,,,,,,32,,0,0,,,,,,1,1,,1,,
1700000001687550000,00fffe00000a,011b19000000,0,0,Follow_Up,8,2,0,44,24,0,0,,0,1,0,0,0,0,0,1,1,1,1,0,0,020000fffe00000a,1,27,2,-4,1700000001687550000,37,,,,,,,,32,,0,0,,,,,,1,1,,1,,
1700000001750000000,00fffe00000a,011b19000000,0,0,Announce,11,2,0,64,24,0,0,,0,1,0,0,0,1,0,0,1,0,1,0,0,020000fffe00000a,1,14,5,-3,,0,128,6,33,20061,128,020000fffe00000a,0,32,,0,0,,,1,0,1,1,1,1,,1,
1700000001750000000,00fffe00000a,011b19000000,0,0,Sync,0,2,0,44,24,0,0,,0,1,0,0,0,0,0,1,1,1,1,0,0,020000fffe00000a,1,28,0,-4,1700000001750000000,37,,,,,,,,32,,0,0,,,,,,1,1,,1,,
1700000001750010000,00fffe000001,011b19000000,0,0,Announce,11,2,0,64,24,0,0,,0,1,0,0,0,0,0,1,1,1,1,0,0,020000fffe000001,2,14,5,-3,,37,128,6,33,20061,128,020000fffe00000a,1,32,,0,0,,,1,0,0,1,1,1,,1,
1700000001750020000,00fffe00000c,011b19000000,0,0,Delay_Req,1,2,0,44,24,0,0,,0,1,0,0,0,0,0,1,1,1,1,0,0,020000fffe00000c,1,14,1,-4,1700000001750020000,37,,,,,,,,32,,0,0,,,,,,1,1,,,,1
1700000001750021000,00fffe00000d,011b19000000,0,0,Delay_Req,1,2,0,44,24,0,0,,0,1,0,0,0,0,0,1,1,1,1,0,0,020000fffe00000d,1,14,1,-4,1700000001750021000,37,,,,,,,,32,,0,0,,,,,,1,1,,,,1
1700000001750022000,00fffe00000e,011b19000000,0,0,Delay_Req,1,2,0,44,24,0,0,,0,1,0,0,0,0,0,1,1,1,1,0,0,020000fffe00000e,1,14,1,-4,1700000001750022000,37,,,,,,,,32,,0,0,,,,,,1,1,,,,1
1700000001750050000,00fffe00000a,011b19000000,0,0,Follow_Up,8,2,0,44,24,0,0,,0,1,0,0,0,0,0,1,1,1,1,0,0,020000fffe00000a,1,28,2,-4,1700000001750050000,37,,,,,,,,32,,0,0,,,,,,1,1,,1,,
1700000001750050000,00fffe000001,011b19000000,0,0,Delay_Resp,9,2,0,54,24,0,0,,0,1,0,0,0,0,0,1,1,1,1,0,0,020000fffe000001,2,14,3,0,,37,,,,,,,,32,,0,0,020000fffe00000c,1,,,,1,1,,,,1
1700000001750051000,00fffe000001,011b19000000,0,0,Delay_Resp,9,2,0,54,24,0,0,,0,1,0,0,0,0,0,1,1,1,1,0,0,020000fffe000001,2,14,3,0,,37,,,,,,,,32,,0,0,020000fffe00000d,1,,,,1,1,,,,1
1700000001750052000,00fffe000001,011b19000000,0,0,Delay_Resp,9,2,0,54,24,0,0,,0,1,0,0,0,0,0,1,1,1,1,0,0,020000fffe000001,2,14,3,0,,37,,,,,,,,32,,0,0,020000fffe00000e,1,,,,1,1,,,,1
1700000001812500000,00fffe00000a,011b19000000,0,0,Sync,0,2,0,44,24,0,0,,0,1,0,0,0,0,0,1,1,1,1,0,0,020000fffe00000a,1,29,0,-4,1700000001812500000,37,,,,,,,,32,,0,0,,,,,,1,1,,1,,
1700000001812550000,00fffe00000a,011b19000000,0,0,Follow_Up,8,2,0,44,24,0,0,,0,1,0,0,0,0,0,1,1,1,1,0,0,020000fffe00000a,1,29,2,-4,1700000001812550000,37,,,,,,,,32,,0,0,,,,,,1,1,,1,,
1700000001875000000,00fffe00000a,011b19000000,0,0,Announce,11,2,0,64,24,0,0,,0,1,0,0,0,1,0,0,1,0,1,0,0,020000fffe00000a,1,15,5,-3,,0,128,6,33,20061,128,020000fffe00000a,0,32,,0,0,,,1,0,1,1,1,1,,1,
1700000001875000000,00fffe00000a,011b19000000,0,0,Sync,0,2,0,44,24,0,0,,0,1,0,0,0,0,0,1,1,1,1,0,0,020000fffe00000a,1,30,0,-4,1700000001875000000,37,,,,,,,,32,,0,0,,,,,,1,1,,1,,
1700000001875010000,00fffe000001,011b19000000,0,0,Announce,11,2,0,64,24,0,0,,0,1,0,0,0,0,0,1,1,1,1,0,0,020000fffe000001,2,15,5,-3,,37,128,6,33,20061,128,020000fffe00000a,1,32,,0,0,,,1,0,0,1,1,1,,1,
1700000001875020000,00fffe00000c,011b19000000,0,0,Delay_Req,1,2,0,44,24,0,0,,0,1,0,0,0,0,0,1,1,1,1,0,0,020000fffe00000c,1,15,1,-4,1700000001875020000,37,,,,,,,,32,,0,0,,,,,,1,1,,,,1
1700000001875021000,00fffe00000d,011b19000000,0,0,Delay_Req,1,2,0,44,24,0,0,,0,1,0,0,0,0,0,1,1,1,1,0,0,020000fffe00000d,1,15,1,-4,1700000001875021000,37,,,,,,,,32,,0,0,,,,,,1,1,,,,1
1700000001875022000,00fffe00000e,011b19000000,0,0,Delay_Req,1,2,0,44,24,0,0,,0,1,0,0,0,0,0,1,1,1,1,0,0,020000fffe00000e,1,15,1,-4,1700000001875022000,37,,,,,,,,32,,0,0,,,,,,1,1,,,,1
1700000001875050000,00fffe00000a,011b19000000,0,0,Follow_Up,8,2,0,44,24,0,0,,0,1,0,0,0,0,0,1,1,1,1,0,0,020000fffe00000a,1,30,2,-4,1700000001875050000,37,,,,,,,,32,,0,0,,,,,,1,1,,1,,
1700000001875050000,00fffe000001,011b19000000,0,0,Delay_Resp,9,2,0,54,24,0,0,,0,1,0,0,0,0,0,1,1,1,1,0,0,020000fffe000001,2,15,3,0,,37,,,,,,,,32,,0,0,020000fffe00000c,1,,,,1,1,,,,1
1700000001875051000,00fffe000001,011b19000000,0,0,Delay_Resp,9,2,0,54,24,0,0,,0,1,0,0,0,0,0,1,1,1,1,0,0,020000fffe000001,2,15,3,0,,37,,,,,,,,32,,0,0,020000fffe00000d,1,,,,1,1,,,,1
1700000001875052000,00fffe000001,011b19000000,0,0,Delay_Resp,9,2,0,54,24,0,0,,0,1,0,0,0,0,0,1,1,1,1,0,0,020000fffe000001,2,15,3,0,,37,,,,,,,,32,,0,0,020000fffe00000e,1,,,,1,1,,,,1
1700000001937500000,00fffe00000a,011b19000000,0,0,Sync,0,2,0,44,24,0,0,,0,1,0,0,0,0,0,1,1,1,1,0,0,020000fffe00000a,1,31,0,-4,1700000001937500000,37,,,,,,,,32,,0,0,,,,,,1,1,,1,,
1700000001937550000,00fffe00000a,011b19000000,0,0,Follow_Up,8,2,0,44,24,0,0,,0,1,0,0,0,0,0,1,1,1,1,0,0,020000fffe00000a,1,31,2,-4,1700000001937550000,37,,,,,,,,32,,0,0,,,,,,1,1,,1,,
1700000002000000000,00fffe00000a,011b19000000,0,0,Announce,11,2,0,64,24,0,0,,0,1,0,0,0,1,0,0,1,0,1,0,0,020000fffe00000a,1,16,5,-3,,0,128,6,33,20061,128,020000fffe00000a,0,32,,0,0,,,1,0,1,1,1,1,,1,
1700000002000000000,00fffe00000a,011b19000000,0,0,Sync,0,2,0,44,24,0,0,,0,1,0,0,0,0,0,1,1,1,1,0,0,020000fffe00000a,1,32,0,-4,1700000002000000000,37,,,,,,,,32,,0,0,,,,,,1,1,,1,,
1700000002000010000,00fffe000001,011b19000000,0,0,Announce,11,2,0,64,24,0,0,,0,1,0,0,0,0,0,1,1,1,1,0,0,020000fffe000001,2,16,5,-3,,37,128,6,33,20061,128,020000fffe00000a,1,32,,0,0,,,1,0,0,1,1,1,,1,
1700000002000020000,00fffe00000c,011b19000000,0,0,Delay_Req,1,2,0,44,24,0,0,,0,1,0,0,0,0,0,1,1,1,1,0,0,020000fffe00000c,1,16,1,-4,1700000002000020000,37,,,,,,,,32,,0,0,,,,,,1,1,,,,1
1700000002000021000,00fffe00000d,011b19000000,0,0,Delay_Req,1,2,0,44,24,0,0,,0,1,0,0,0,0,0,1,1,1,1,0,0,020000fffe00000d,1,16,1,-4,1700000002000021000,37,,,,,,,,32,,0,0,,,,,,1,1,,,,1
1700000002000022000,00fffe00000e,011b19000000,0,0,Delay_Req,1,2,0,44,24,0,0,,0,1,0,0,0,0,0,1,1,1,1,0,0,020000fffe00000e,1,16,1,-4,1700000002000022000,37,,,,,,,,32,,0,0,,,,,,1,1,,,,1
1700000002000050000,00fffe00000a,011b19000000,0,0,Follow_Up,8,2,0,44,24,0,0,,0,1,0,0,0,0,0,1,1,1,1,0,0,020000fffe00000a,1,32,2,-4,1700000002000050000,37,,,,,,,,32,,0,0,,,,,,1,1,,1,,
1700000002000050000,00fffe000001,011b19000000,0,0,Delay_Resp,9,2,0,54,24,0,0,,0,1,0,0,0,0,0,1,1,1,1,0,0,020000fffe000001,2,16,3,0,,37,,,,,,,,32,,0,0,020000fffe00000c,1,,,,1,1,,,,1
1700000002000051000,00fffe000001,011b19000000,0,0,Delay_Resp,9,2,0,54,24,0,0,,0,1,0,0,0,0,0,1,1,1,1,0,0,020000fffe000001,2,16,3,0,,37,,,,,,,,32,,0,0,020000fffe00000d,1,,,,1,1,,,,1
1700000002000052000,00fffe000001,011b19000000,0,0,Delay_Resp,9,2,0,54,24,0,0,,0,1,0,0,0,0,0,1,1,1,1,0,0,020000fffe000001,2,16,3,0,,37,,,,,,,,32,,0,0,020000fffe00000e,1,,,,1,1,,,,1
1700000002062500000,00fffe00000a,011b19000000,0,0,Sync,0,2,0,44,24,0,0,,0,1,0,0,0,0,0,1,1,1,1,0,0,020000fffe00000a,1,33,0,-4,1700000002062500000,37,,,,,,,,32,,0,0,,,,,,1,1,,1,,
1700000002062550000,00fffe00000a,011b19000000,0,0,Follow_Up,8,2,0,44,24,0,0,,0,1,0,0,0,0,0,1,1,1,1,0,0,020000fffe00000a,1,33,2,-4,1700000002062550000,37,,,,,,,,32,,0,0,,,,,,1,1,,1,,
1700000002125000000,00fffe00000a,011b19000000,0,0,Announce,11,2,0,64,24,0,0,,0,1,0,0,0,1,0,0,1,0,1,0,0,020000fffe00000a,1,17,5,-3,,0,128,6,33,20061,128,020000fffe00000a,0,32,,0,0,,,1,0,1,1,1,1,,1,
1700000002125000000,00fffe00000a,011b19000000,0,0,Sync,0,2,0,44,24,0,0,,0,1,0,0,0,0,0,1,1,1,1,0,0,020000fffe00000a,1,34,0,-4,1700000002125000000,37,,,,,,,,32,,0,0,,,,,,1,1,,1,,
1700000002125010000,00fffe000001,011b19000000,0,0,Announce,11,2,0,64,24,0,0,,0,1,0,0,0,0,0,1,1,1,1,0,0,020000fffe000001,2,17,5,-3,,37,128,6,33,20061,128,020000fffe00000a,1,32,,0,0,,,1,0,0,1,1,1,,1,
1700000002125020000,00fffe00000c,011b19000000,0,0,Delay_Req,1,2,0,44,24,0,0,,0,1,0,0,0,0,0,1,1,1,1,0,0,020000fffe00000c,1,17,1,-4,1700000002125020000,37,,,,,,,,32,,0,0,,,,,,1,1,,,,1
1700000002125021000,00fffe00000d,011b19000000,0,0,Delay_Req,1,2,0,44,24,0,0,,0,1,0,0,0,0,0,1,1,1,1,0,0,020000fffe00000d,1,17,1,-4,1700000002125021000,37,,,,,,,,32,,0,0,,,,,,1,1,,,,1
1700000002125022000,00fffe00000e,011b19000000,0,0,Delay_Req,1,2,0,44,24,0,0,,0,1,0,0,0,0,0,1,1,1,1,0,0,020000fffe00000e,1,17,1,-4,1700000002125022000,37,,,,,,,,32,,0,0,,,,,,1,1,,,,1
1700000002125050000,00fffe00000a,011b19000000,0,0,Follow_Up,8,2,0,44,24,0,0,,0,1,0,0,0,0,0,1,1,1,1,0,0,020000fffe00000a,1,34,2,-4,1700000002125050000,37,,,,,,,,32,,0,0,,,,,,1,1,,1,,
1700000002125050000,00fffe000001,011b19000000,0,0,Delay_Resp,9,2,0,54,24,0,0,,0,1,0,0,0,0,0,1,1,1,1,0,0,020000fffe000001,2,17,3,0,,37,,,,,,,,32,,0,0,020000fffe00000c,1,,,,1,1,,,,1
1700000002125051000,00fffe000001,011b19000000,0,0,Delay_Resp,9,2,0,54,24,0,0,,0,1,0,0,0,0,0,1,1,1,1,0,0,020000fffe000001,2,17,3,0,,37,,,,,,,,32,,0,0,020000fffe00000d,1,,,,1,1,,,,1
1700000002125052000,00fffe000001,011b19000000,0,0,Delay_Resp,9,2,0,54,24,0,0,,0,1,0,0,0,0,0,1,1,1,1,0,0,020000fffe000001,2,17,3,0,,37,,,,,,,,32,,0,0,020000fffe00000e,1,,,,1,1,,,,1
1700000002187500000,00fffe00000a,011b19000000,0,0,Sync,0,2,0,44,24,0,0,,0,1,0,0,0,0,0,1,1,1,1,0,0,020000fffe00000a,1,35,0,-4,1700000002187500000,37,,,,,,,,32,,0,0,,,,,,1,1,,1,,
1700000002187550000,00fffe00000a,011b19000000,0,0,Follow_Up,8,2,0,44,24,0,0,,0,1,0,0,0,0,0,1,1,1,1,0,0,020000fffe00000a,1,35,2,-4,1700000002187550000,37,,,,,,,,32,,0,0,,,,,,1,1,,1,,
1700000002250000000,00fffe00000a,011b19000000,0,0,Announce,11,2,0,64,24,0,0,,0,1,0,0,0,1,0,0,1,0,1,0,0,020000fffe00000a,1,18,5,-3,,0,128,6,33,20061,128,020000fffe00000a,0,32,,0,0,,,1,0,1,1,1,1,,1,
1700000002250000000,00fffe00000a,011b19000000,0,0,Sync,0,2,0,44,24,0,0,,0,1,0,0,0,0,0,1,1,1,1,0,0,020000fffe00000a,1,36,0,-4,1700000002250000000,37,,,,,,,,32,,0,0,,,,,,1,1,,1,,
1700000002250010000,00fffe000001,011b19000000,0,0,Announce,11,2,0,64,24,0,0,,0,1,0,0,0,0,0,1,1,1,1,0,0,020000fffe000001,2,18,5,-3,,37,128,6,33,20061,128,020000fffe00000a,1,32,,0,0,,,1,0,0,1,1,1,,1,
1700000002250020000,00fffe00000c,011b19000000,0,0,Delay_Req,1,2,0,44,24,0,0,,0,1,0,0,0,0,0,1,1,1,1,0,0,020000fffe00000c,1,18,1,-4,1700000002250020000,37,,,,,,,,32,,0,0,,,,,,1,1,,,,1
1700000002250021000,00fffe00000d,011b19000000,0,0,Delay_Req,1,2,0,44,24,0,0,,0,1,0,0,0,0,0,1,1,1,1,0,0,020000fffe00000d,1,18,1,-4,1700000002250021000,37,,,,,,,,32,,0,0,,,,,,1,1,,,,1
1700000002250022000,00fffe00000e,011b19000000,0,0,Delay_Req,1,2,0,44,24,0,0,,0,1,0,0,0,0,0,1,1,1,1,0,0,020000fffe00000e,1,18,1,-4,1700000002250022000,37,,,,,,,,32,,0,0,,,,,,1,1,,,,1
1700000002250050000,00fffe00000a,011b19000000,0,0,Follow_Up,8,2,0,44,24,0,0,,0,1,0,0,0,0,0,1,1,1,1,0,0,020000fffe00000a,1,36,2,-4,1700000002250050000,37,,,,,,,,32,,0,0,,,,,,1,1,,1,,
1700000002250050000,00fffe000001,011b19000000,0,0,Delay_Resp,9,2,0,54,24,0,0,,0,1,0,0,0,0,0,1,1,1,1,0,0,020000fffe000001,2,18,3,0,,37,,,,,,,,32,,0,0,020000fffe00000c,1,,,,1,1,,,,1
1700000002250051000,00fffe000001,011b19000000,0,0,Delay_Resp,9,2,0,54,24,0,0,,0,1,0,0,0,0,0,1,1,1,1,0,0,020000fffe000001,2,18,3,0,,37,,,,,,,,32,,0,0,020000fffe00000d,1,,,,1,1,,,,1
1700000002250052000,00fffe000001,011b19000000,0,0,Delay_Resp,9,2,0,54,24,0,0,,0,1,0,0,0,0,0,1,1,1,1,0,0,020000fffe000001,2,18,3,0,,37,,,,,,,,32,,0,0,020000fffe00000e,1,,,,1,1,,,,1
1700000002312500000,00fffe00000a,011b19000000,0,0,Sync,0,2,0,44,24,0,0,,0,1,0,0,0,0,0,1,1,1,1,0,0,020000fffe00000a,1,37,0,-4,1700000002312500000,37,,,,,,,,32,,0,0,,,,,,1,1,,1,,
1700000002312550000,00fffe00000a,011b19000000,0,0,Follow_Up,8,2,0,44,24,0,0,,0,1,0,0,0,0,0,1,1,1,1,0,0,020000fffe00000a,1,37,2,-4,1700000002312550000,37,,,,,,,,32,,0,0,,,,,,1,1,,1,,
1700000002375000000,00fffe00000a,011b19000000,0,0,Announce,11,2,0,64,24,0,0,,0,1,0,0,0,1,0,0,1,0,1,0,0,020000fffe00000a,1,19,5,-3,,0,128,6,33,20061,128,020000fffe00000a,0,32,,0,0,,,1,0,1,1,1,1,,1,
1700000002375000000,00fffe00000a,011b19000000,0,0,Sync,0,2,0,44,24,0,0,,0,1,0,0,0,0,0,1,1,1,1,0,0,020000fffe00000a,1,38,0,-4,1700000002375000000,37,,,,,,,,32,,0,0,,,,,,1,1,,1,,
1700000002375010000,00fffe000001,011b19000000,0,0,Announce,11,2,0,64,24,0,0,,0,1,0,0,0,0,0,1,1,1,1,0,0,020000fffe000001,2,19,5,-3,,37,128,6,33,20061,128,020000fffe00000a,1,32,,0,0,,,1,0,0,1,1,1,,1,
1700000002375020000,00fffe00000c,011b19000000,0,0,Delay_Req,1,2,0,44,24,0,0,,0,1,0,0,0,0,0,1,1,1,1,0,0,020000fffe00000c,1,19,1,-4,1700000002375020000,37,,,,,,,,32,,0,0,,,,,,1,1,,,,1
1700000002375021000,00fffe00000d,011b19000000,0,0,Delay_Req,1,2,0,44,24,0,0,,0,1,0,0,0,0,0,1,1,1,1,0,0,020000fffe00000d,1,19,1,-4,1700000002375021000,37,,,,,,,,32,,0,0,,,,,,1,1,,,,1
1700000002375022000,00fffe00000e,011b19000000,0,0,Delay_Req,1,2,0,44,24,0,0,,0,1,0,0,0,0,0,1,1,1,1,0,0,020000fffe00000e,1,19,1,-4,1700000002375022000,37,,,,,,,,32,,0,0,,,,,,1,1,,,,1
1700000002375050000,00fffe00000a,011b19000000,0,0,Follow_Up,8,2,0,44,24,0,0,,0,1,0,0,0,0,0,1,1,1,1,0,0,020000fffe00000a,1,38,2,-4,1700000002375050000,37,,,,,,,,32,,0,0,,,,,,1,1,,1,,
1700000002375050000,00fffe000001,011b19000000,0,0,Delay_Resp,9,2,0,54,24,0,0,,0,1,0,0,0,0,0,1,1,1,1,0,0,020000fffe000001,2,19,3,0,,37,,,,,,,,32,,0,0,020000fffe00000c,1,,,,1,1,,,,1
1700000002375051000,00fffe000001,011b19000000,0,0,Delay_Resp,9,2,0,54,24,0,0,,0,1,0,0,0,0,0,1,1,1,1,0,0,020000fffe000001,2,19,3,0,,37,,,,,,,,32,,0,0,020000fffe00000d,1,,,,1,1,,,,1
1700000002375052000,00fffe000001,011b19000000,0,0,Delay_Resp,9,2,0,54,24,0,0,,0,1,0,0,0,0,0,1,1,1,1,0,0,020000fffe000001,2,19,3,0,,37,,,,,,,,32,,0,0,020000fffe00000e,1,,,,1,1,,,,1
1700000002437500000,00fffe00000a,011b19000000,0,0,Sync,0,2,0,44,24,0,0,,0,1,0,0,0,0,0,1,1,1,1,0,0,020000fffe00000a,1,39,0,-4,1700000002437500000,37,,,,,,,,32,,0,0,,,,,,1,1,,1,,
1700000002437550000,00fffe00000a,011b19000000,0,0,Follow_Up,8,2,0,44,24,0,0,,0,1,0,0,0,0,0,1,1,1,1,0,0,020000fffe00000a,1,39,2,-4,1700000002437550000,37,,,,,,,,32,,0,0,,,,,,1,1,,1,,
1700000002500000000,00fffe00000a,011b19000000,0,0,Announce,11,2,0,64,24,0,0,,0,1,0,0,0,1,0,0,1,0,1,0,0,020000fffe00000a,1,20,5,-3,,0,128,6,33,20061,128,020000fffe00000a,0,32,,0,0,,,1,0,1,1,1,1,,1,
1700000002500000000,00fffe00000a,011b19000000,0,0,Sync,0,2,0,44,24,0,0,,0,1,0,0,0,0,0,1,1,1,1,0,0,020000fffe00000a,1,40,0,-4,1700000002500000000,37,,,,,,,,32,,0,0,,,,,,1,1,,1,,
1700000002500010000,00fffe000001,011b19000000,0,0,Announce,11,2,0,64,24,0,0,,0,1,0,0,0,0,0,1,1,1,1,0,0,020000fffe000001,2,20,5,-3,,37,128,6,33,20061,128,020000fffe00000a,1,32,,0,0,,,1,0,0,1,1,1,,1,
1700000002500020000,00fffe00000c,011b19000000,0,0,Delay_Req,1,2,0,44,24,0,0,,0,1,0,0,0,0,0,1,1,1,1,0,0,020000fffe00000c,1,20,1,-4,1700000002500020000,37,,,,,,,,32,,0,0,,,,,,1,1,,,,1
1700000002500021000,00fffe00000d,011b19000000,0,0,Delay_Req,1,2,0,44,24,0,0,,0,1,0,0,0,0,0,1,1,1,1,0,0,020000fffe00000d,1,20,1,-4,1700000002500021000,37,,,,,,,,32,,0,0,,,,,,1,1,,,,1
1700000002500022000,00fffe00000e,011b19000000,0,0,Delay_Req,1,2,0,44,24,0,0,,0,1,0,0,0,0,0,1,1,1,1,0,0,020000fffe00000e,1,20,1,-4,1700000002500022000,37,,,,,,,,32,,0,0,,,,,,1,1,,,,1
1700000002500050000,00fffe00000a,011b19000000,0,0,Follow_Up,8,2,0,44,24,0,0,,0,1,0,0,0,0,0,1,1,1,1,0,0,020000fffe00000a,1,40,2,-4,1700000002500050000,37,,,,,,,,32,,0,0,,,,,,1,1,,1,,
1700000002500050000,00fffe000001,011b19000000,0,0,Delay_Resp,9,2,0,54,24,0,0,,0,1,0,0,0,0,0,1,1,1,1,0,0,020000fffe000001,2,20,3,0,,37,,,,,,,,32,,0,0,020000fffe00000c,1,,,,1,1,,,,1
1700000002500051000,00fffe000001,011b19000000,0,0,Delay_Resp,9,2,0,54,24,0,0,,0,1,0,0,0,0,0,1,1,1,1,0,0,020000fffe000001,2,20,3,0,,37,,,,,,,,32,,0,0,020000fffe00000d,1,,,,1,1,,,,1
1700000002500052000,00fffe000001,011b19000000,0,0,Delay_Resp,9,2,0,54,24,0,0,,0,1,0,0,0,0,0,1,1,1,1,0,0,020000fffe000001,2,20,3,0,,37,,,,,,,,32,,0,0,020000fffe00000e,1,,,,1,1,,,,1
1700000002562500000,00fffe00000a,011b19000000,0,0,Sync,0,2,0,44,24,0,0,,0,1,0,0,0,0,0,1,1,1,1,0,0,020000fffe00000a,1,41,0,-4,1700000002562500000,37,,,,,,,,32,,0,0,,,,,,1,1,,1,,
1700000002562550000,00fffe00000a,011b19000000,0,0,Follow_Up,8,2,0,44,24,0,0,,0,1,0,0,0,0,0,1,1,1,1,0,0,020000fffe00000a,1,41,2,-4,1700000002562550000,37,,,,,,,,32,,0,0,,,,,,1,1,,1,,
1700000002625000000,00fffe00000a,011b19000000,0,0,Announce,11,2,0,64,24,0,0,,0,1,0,0,0,1,0,0,1,0,1,0,0,020000fffe00000a,1,21,5,-3,,0,128,6,33,20061,128,020000fffe00000a,0,32,,0,0,,,1,0,1,1,1,1,,1,
1700000002625000000,00fffe00000a,011b19000000,0,0,Sync,0,2,0,44,24,0,0,,0,1,0,0,0,0,0,1,1,1,1,0,0,020000fffe00000a,1,42,0,-4,1700000002625000000,37,,,,,,,,32,,0,0,,,,,,1,1,,1,,
1700000002625010000,00fffe000001,011b19000000,0,0,Announce,11,2,0,64,24,0,0,,0,1,0,0,0,0,0,1,1,1,1,0,0,020000fffe000001,2,21,5,-3,,37,128,6,33,20061,128,020000fffe00000a,1,32,,0,0,,,1,0,0,1,1,1,,1,
1700000002625020000,00fffe00000c,011b19000000,0,0,Delay_Req,1,2,0,44,24,0,0,,0,1,0,0,0,0,0,1,1,1,1,0,0,020000fffe00000c,1,21,1,-4,1700000002625020000,37,,,,,,,,32,,0,0,,,,,,1,1,,,,1
1700000002625021000,00fffe00000d,011b19000000,0,0,Delay_Req,1,2,0,44,24,0,0,,0,1,0,0,0,0,0,1,1,1,1,0,0,020000fffe00000d,1,21,1,-4,1700000002625021000,37,,,,,,,,32,,0,0,,,,,,1,1,,,,1
1700000002625022000,00fffe00000e,011b19000000,0,0,Delay_Req,1,2,0,44,24,0,0,,0,1,0,0,0,0,0,1,1,1,1,0,0,020000fffe00000e,1,21,1,-4,1700000002625022000,37,,,,,,,,32,,0,0,,,,,,1,1,,,,1
1700000002625050000,00fffe00000a,011b19000000,0,0,Follow_Up,8,2,0,44,24,0,0,,0,1,0,0,0,0,0,1,1,1,1,0,0,020000fffe00000a,1,42,2,-4,1700000002625050000,37,,,,,,,,32,,0,0,,,,,,1,1,,1,,
1700000002625050000,00fffe000001,011b19000000,0,0,Delay_Resp,9,2,0,54,24,0,0,,0,1,0,0,0,0,0,1,1,1,1,0,0,020000fffe000001,2,21,3,0,,37,,,,,,,,32,,0,0,020000fffe00000c,1,,,,1,1,,,,1
1700000002625051000,00fffe000001,011b19000000,0,0,Delay_Resp,9,2,0,54,24,0,0,,0,1,0,0,0,0,0,1,1,1,1,0,0,020000fffe000001,2,21,3,0,,37,,,,,,,,32,,0,0,020000fffe00000d,1,,,,1,1,,,,1
1700000002625052000,00fffe000001,011b19000000,0,0,Delay_Resp,9,2,0,54,24,0,0,,0,1,0,0,0,0,0,1,1,1,1,0,0,020000fffe000001,2,21,3,0,,37,,,,,,,,32,,0,0,020000fffe00000e,1,,,,1,1,,,,1
1700000002687500000,00fffe00000a,011b19000000,0,0,Sync,0,2,0,44,24,0,0,,0,1,0,0,0,0,0,1,1,1,1,0,0,020000fffe00000a,1,43,0,-4,1700000002687500000,37,,,,,,,,32,,0,0,,,,,,1,1,,1,,
1700000002687550000,00fffe00000a,011b19000000,0,0,Follow_Up,8,2,0,44,24,0,0,,0,1,0,0,0,0,0,1,1,1,1,0,0,020000fffe00000a,1,43,2,-4,1700000002687550000,37,,,,,,,,32,,0,0,,,,,,1,1,,1,,
1700000002750000000,00fffe00000a,011b19000000,0,0,Announce,11,2,0,64,24,0,0,,0,1,0,0,0,1,0,0,1,0,1,0,0,020000fffe00000a,1,22,5,-3,,0,128,6,33,20061,128,020000fffe00000a,0,32,,0,0,,,1,0,1,1,1,1,,1,
1700000002750000000,00fffe00000a,011b19000000,0,0,Sync,0,2,0,44,24,0,0,,0,1,0,0,0,0,0,1,1,1,1,0,0,020000fffe00000a,1,44,0,-4,1700000002750000000,37,,,,,,,,32,,0,0,,,,,,1,1,,1,,
1700000002750010000,00fffe000001,011b19000000,0,0,Announce,11,2,0,64,24,0,0,,0,1,0,0,0,0,0,1,1,1,1,0,0,020000fffe000001,2,22,5,-3,,37,128,6,33,20061,128,020000fffe00000a,1,32,,0,0,,,1,0,0,1,1,1,,1,
1700000002750020000,00fffe00000c,011b19000000,0,0,Delay_Req,1,2,0,44,24,0,0,,0,1,0,0,0,0,0,1,1,1,1,0,0,020000fffe00000c,1,22,1,-4,1700000002750020000,37,,,,,,,,32,,0,0,,,,,,1,1,,,,1
1700000002750021000,00fffe00000d,011b19000000,0,0,Delay_Req,1,2,0,44,24,0,0,,0,1,0,0,0,0,0,1,1,1,1,0,0,020000fffe00000d,1,22,1,-4,1700000002750021000,37,,,,,,,,32,,0,0,,,,,,1,1,,,,1
1700000002750022000,00fffe00000e,011b19000000,0,0,Delay_Req,1,2,0,44,24,0,0,,0,1,0,0,0,0,0,1,1,1,1,0,0,020000fffe00000e,1,22,1,-4,1700000002750022000,37,,,,,,,,32,,0,0,,,,,,1,1,,,,1
1700000002750050000,00fffe00000a,011b19000000,0,0,Follow_Up,8,2,0,44,24,0,0,,0,1,0,0,0,0,0,1,1,1,1,0,0,020000fffe00000a,1,44,2,-4,1700000002750050000,37,,,,,,,,32,,0,0,,,,,,1,1,,1,,
1700000002750050000,00fffe000001,011b19000000,0,0,Delay_Resp,9,2,0,54,24,0,0,,0,1,0,0,0,0,0,1,1,1,1,0,0,020000fffe000001,2,22,3,0,,37,,,,,,,,32,,0,0,020000fffe00000c,1,,,,1,1,,,,1
1700000002750051000,00fffe000001,011b19000000,0,0,Delay_Resp,9,2,0,54,24,0,0,,0,1,0,0,0,0,0,1,1,1,1,0,0,020000fffe000001,2,22,3,0,,37,,,,,,,,32,,0,0,020000fffe00000d,1,,,,1,1,,,,1
1700000002750052000,00fffe000001,011b19000000,0,0,Delay_Resp,9,2,0,54,24,0,0,,0,1,0,0,0,0,0,1,1,1,1,0,0,020000fffe000001,2,22,3,0,,37,,,,,,,,32,,0,0,020000fffe00000e,1,,,,1,1,,,,1
1700000002812500000,00fffe00000a,011b19000000,0,0,Sync,0,2,0,44,24,0,0,,0,1,0,0,0,0,0,1,1,1,1,0,0,020000fffe00000a,1,45,0,-4,1700000002812500000,37,,,,,,,,32,,0,0,,,,,,1,1,,1,,
1700000002812550000,00fffe00000a,011b19000000,0,0,Follow_Up,8,2,0,44,24,0,0,,0,1,0,0,0,0,0,1,1,1,1,0,0,020000fffe00000a,1,45,2,-4,1700000002812550000,37,,,,,,,,32,,0,0,,,,,,1,1,,1,,
1700000002875000000,00fffe00000a,011b19000000,0,0,Announce,11,2,0,64,24,0,0,,0,1,0,0,0,1,0,0,1,0,1,0,0,020000fffe00000a,1,23,5,-3,,0,128,6,33,20061,128,020000fffe00000a,0,32,,0,0,,,1,0,1,1,1,1,,1,
1700000002875000000,00fffe00000a,011b19000000,0,0,Sync,0,2,0,44,24,0,0,,0,1,0,0,0,0,0,1,1,1,1,0,0,020000fffe00000a,1,46,0,-4,1700000002875000000,37,,,,,,,,32,,0,0,,,,,,1,1,,1,,
1700000002875010000,00fffe000001,011b19000000,0,0,Announce,11,2,0,64,24,0,0,,0,1,0,0,0,0,0,1,1,1,1,0,0,020000fffe000001,2,23,5,-3,,37,128,6,33,20061,128,020000fffe00000a,1,32,,0,0,,,1,0,0,1,1,1,,1,
1700000002875020000,00fffe00000c,011b19000000,0,0,Delay_Req,1,2,0,44,24,0,0,,0,1,0,0,0,0,0,1,1,1,1,0,0,020000fffe00000c,1,23,1,-4,1700000002875020000,37,,,,,,,,32,,0,0,,,,,,1,1,,,,1
1700000002875021000,00fffe00000d,011b19000000,0,0,Delay_Req,1,2,0,44,24,0,0,,0,1,0,0,0,0,0,1,1,1,1,0,0,020000fffe00000d,1,23,1,-4,1700000002875021000,37,,,,,,,,32,,0,0,,,,,,1,1,,,,1
1700000002875022000,00fffe00000e,011b19000000,0,0,Delay_Req,1,2,0,44,24,0,0,,0,1,0,0,0,0,0,1,1,1,1,0,0,020000fffe00000e,1,23,1,-4,1700000002875022000,37,,,,,,,,32,,0,0,,,,,,1,1,,,,1
1700000002875050000,00fffe00000a,011b19000000,0,0,Follow_Up,8,2,0,44,24,0,0,,0,1,0,0,0,0,0,1,1,1,1,0,0,020000fffe00000a,1,46,2,-4,1700000002875050000,37,,,,,,,,32,,0,0,,,,,,1,1,,1,,
1700000002875050000,00fffe000001,011b19000000,0,0,Delay_Resp,9,2,0,54,24,0,0,,0,1,0,0,0,0,0,1,1,1,1,0,0,020000fffe000001,2,23,3,0,,37,,,,,,,,32,,0,0,020000fffe00000c,1,,,,1,1,,,,1
1700000002875051000,00fffe000001,011b19000000,0,0,Delay_Resp,9,2,0,54,24,0,0,,0,1,0,0,0,0,0,1,1,1,1,0,0,020000fffe000001,2,23,3,0,,37,,,,,,,,32,,0,0,020000fffe00000d,1,,,,1,1,,,,1
1700000002875052000,00fffe000001,011b19000000,0,0,Delay_Resp,9,2,0,54,24,0,0,,0,1,0,0,0,0,0,1,1,1,1,0,0,020000fffe000001,2,23,3,0,,37,,,,,,,,32,,0,0,020000fffe00000e,1,,,,1,1,,,,1
1700000002937500000,00fffe00000a,011b19000000,0,0,Sync,0,2,0,44,24,0,0,,0,1,0,0,0,0,0,1,1,1,1,0,0,020000fffe00000a,1,47,0,-4,1700000002937500000,37,,,,,,,,32,,0,0,,,,,,1,1,,1,,
1700000002937550000,00fffe00000a,011b19000000,0,0,Follow_Up,8,2,0,44,24,0,0,,0,1,0,0,0,0,0,1,1,1,1,0,0,020000fffe00000a,1,47,2,-4,1700000002937550000,37,,,,,,,,32,,0,0,,,,,,1,1,,1,,
1700000003000000000,00fffe00000a,011b19000000,0,0,Announce,11,2,0,64,24,0,0,,0,1,0,0,0,1,0,0,1,0,1,0,0,020000fffe00000a,1,24,5,-3,,0,128,6,33,20061,128,020000fffe00000a,0,32,,0,0,,,1,0,1,1,1,1,,1,
1700000003000000000,00fffe00000a,011b19000000,0,0,Sync,0,2,0,44,24,0,0,,0,1,0,0,0,0,0,1,1,1,1,0,0,020000fffe00000a,1,48,0,-4,1700000003000000000,37,,,,,,,,32,,0,0,,,,,,1,1,,1,,
1700000003000010000,00fffe000001,011b19000000,0,0,Announce,11,2,0,64,24,0,0,,0,1,0,0,0,0,0,1,1,1,1,0,0,020000fffe000001,2,24,5,-3,,37,128,6,33,20061,128,020000fffe00000a,1,32,,0,0,,,1,0,0,1,1,1,,1,
1700000003000020000,00fffe00000c,011b19000000,0,0,Delay_Req,1,2,0,44,24,0,0,,0,1,0,0,0,0,0,1,1,1,1,0,0,020000fffe00000c,1,24,1,-4,1700000003000020000,37,,,,,,,,32,,0,0,,,,,,1,1,,,,1
1700000003000021000,00fffe00000d,011b19000000,0,0,Delay_Req,1,2,0,44,24,0,0,,0,1,0,0,0,0,0,1,1,1,1,0,0,020000fffe00000d,1,24,1,-4,1700000003000021000,37,,,,,,,,32,,0,0,,,,,,1,1,,,,1
1700000003000022000,00fffe00000e,011b19000000,0,0,Delay_Req,1,2,0,44,24,0,0,,0,1,0,0,0,0,0,1,1,1,1,0,0,020000fffe00000e,1,24,1,-4,1700000003000022000,37,,,,,,,,32,,0,0,,,,,,1,1,,,,1
1700000003000050000,00fffe00000a,011b19000000,0,0,Follow_Up,8,2,0,44,24,0,0,,0,1,0,0,0,0,0,1,1,1,1,0,0,020000fffe00000a,1,48,2,-4,1700000003000050000,37,,,,,,,,32,,0,0,,,,,,1,1,,1,,
1700000003000050000,00fffe000001,011b19000000,0,0,Delay_Resp,9,2,0,54,24,0,0,,0,1,0,0,0,0,0,1,1,1,1,0,0,020000fffe000001,2,24,3,0,,37,,,,,,,,32,,0,0,020000fffe00000c,1,,,,1,1,,,,1
1700000003000051000,00fffe000001,011b19000000,0,0,Delay_Resp,9,2,0,54,24,0,0,,0,1,0,0,0,0,0,1,1,1,1,0,0,020000fffe000001,2,24,3,0,,37,,,,,,,,32,,0,0,020000fffe00000d,1,,,,1,1,,,,1
1700000003000052000,00fffe000001,011b19000000,0,0,Delay_Resp,9,2,0,54,24,0,0,,0,1,0,0,0,0,0,1,1,1,1,0,0,020000fffe000001,2,24,3,0,,37,,,,,,,,32,,0,0,020000fffe00000e,1,,,,1,1,,,,1
1700000003062500000,00fffe00000a,011b19000000,0,0,Sync,0,2,0,44,24,0,0,,0,1,0,0,0,0,0,1,1,1,1,0,0,020000fffe00000a,1,49,0,-4,1700000003062500000,37,,,,,,,,32,,0,0,,,,,,1,1,,1,,
1700000003062550000,00fffe00000a,011b19000000,0,0,Follow_Up,8,2,0,44,24,0,0,,0,1,0,0,0,0,0,1,1,1,1,0,0,020000fffe00000a,1,49,2,-4,1700000003062550000,37,,,,,,,,32,,0,0,,,,,,1,1,,1,,
1700000003125000000,00fffe00000a,011b19000000,0,0,Announce,11,2,0,64,24,0,0,,0,1,0,0,0,1,0,0,1,0,1,0,0,020000fffe00000a,1,25,5,-3,,0,128,6,33,20061,128,020000fffe00000a,0,32,,0,0,,,1,0,1,1,1,1,,1,
1700000003125000000,00fffe00000a,011b19000000,0,0,Sync,0,2,0,44,24,0,0,,0,1,0,0,0,0,0,1,1,1,1,0,0,020000fffe00000a,1,50,0,-4,1700000003125000000,37,,,,,,,,32,,0,0,,,,,,1,1,,1,,
1700000003125010000,00fffe000001,011b19000000,0,0,Announce,11,2,0,64,24,0,0,,0,1,0,0,0,0,0,1,1,1,1,0,0,020000fffe000001,2,25,5,-3,,37,128,6,33,20061,128,020000fffe00000a,1,32,,0,0,,,1,0,0,1,1,1,,1,
1700000003125020000,00fffe00000c,011b19000000,0,0,Delay_Req,1,2,0,44,24,0,0,,0,1,0,0,0,0,0,1,1,1,1,0,0,020000fffe00000c,1,25,1,-4,1700000003125020000,37,,,,,,,,32,,0,0,,,,,,1,1,,,,1
1700000003125021000,00fffe00000d,011b19000000,0,0,Delay_Req,1,2,0,44,24,0,0,,0,1,0,0,0,0,0,1,1,1,1,0,0,020000fffe00000d,1,25,1,-4,1700000003125021000,37,,,,,,,,32,,0,0,,,,,,1,1,,,,1
1700000003125022000,00fffe00000e,011b19000000,0,0,Delay_Req,1,2,0,44,24,0,0,,0,1,0,0,0,0,0,1,1,1,1,0,0,020000fffe00000e,1,25,1,-4,1700000003125022000,37,,,,,,,,32,,0,0,,,,,,1,1,,,,1
1700000003125050000,00fffe00000a,011b19000000,0,0,Follow_Up,8,2,0,44,24,0,0,,0,1,0,0,0,0,0,1,1,1,1,0,0,020000fffe00000a,1,50,2,-4,1700000003125050000,37,,,,,,,,32,,0,0,,,,,,1,1,,1,,
1700000003125050000,00fffe000001,011b19000000,0,0,Delay_Resp,9,2,0,54,24,0,0,,0,1,0,0,0,0,0,1,1,1,1,0,0,020000fffe000001,2,25,3,0,,37,,,,,,,,32,,0,0,020000fffe00000c,1,,,,1,1,,,,1
1700000003125051000,00fffe000001,011b19000000,0,0,Delay_Resp,9,2,0,54,24,0,0,,0,1,0,0,0,0,0,1,1,1,1,0,0,020000fffe000001,2,25,3,0,,37,,,,,,,,32,,0,0,020000fffe00000d,1,,,,1,1,,,,1
1700000003125052000,00fffe000001,011b19000000,0,0,Delay_Resp,9,2,0,54,24,0,0,,0,1,0,0,0,0,0,1,1,1,1,0,0,020000fffe000001,2,25,3,0,,37,,,,,,,,32,,0,0,020000fffe00000e,1,,,,1,1,,,,1
1700000003187500000,00fffe00000a,011b19000000,0,0,Sync,0,2,0,44,24,0,0,,0,1,0,0,0,0,0,1,1,1,1,0,0,020000fffe00000a,1,51,0,-4,1700000003187500000,37,,,,,,,,32,,0,0,,,,,,1,1,,1,,
1700000003187550000,00fffe00000a,011b19000000,0,0,Follow_Up,8,2,0,44,24,0,0,,0,1,0,0,0,0,0,1,1,1,1,0,0,020000fffe00000a,1,51,2,-4,1700000003187550000,37,,,,,,,,32,,0,0,,,,,,1,1,,1,,
1700000003250000000,00fffe00000a,011b19000000,0,0,Announce,11,2,0,64,24,0,0,,0,1,0,0,0,1,0,0,1,0,1,0,0,020000fffe00000a,1,26,5,-3,,0,128,6,33,20061,128,020000fffe00000a,0,32,,0,0,,,1,0,1,1,1,1,,1,
1700000003250000000,00fffe00000a,011b19000000,0,0,Sync,0,2,0,44,24,0,0,,0,1,0,0,0,0,0,1,1,1,1,0,0,020000fffe00000a,1,52,0,-4,1700000003250000000,37,,,,,,,,32,,0,0,,,,,,1,1,,1,,
1700000003250010000,00fffe000001,011b19000000,0,0,Announce,11,2,0,64,24,0,0,,0,1,0,0,0,0,0,1,1,1,1,0,0,020000fffe000001,2,26,5,-3,,37,128,6,33,20061,128,020000fffe00000a,1,32,,0,0,,,1,0,0,1,1,1,,1,
1700000003250020000,00fffe00000c,011b19000000,0,0,Delay_Req,1,2,0,44,24,0,0,,0,1,0,0,0,0,0,1,1,1,1,0,0,020000fffe00000c,1,26,1,-4,1700000003250020000,37,,,,,,,,32,,0,0,,,,,,1,1,,,,1
1700000003250021000,00fffe00000d,011b19000000,0,0,Delay_Req,1,2,0,44,24,0,0,,0,1,0,0,0,0,0,1,1,1,1,0,0,020000fffe00000d,1,26,1,-4,1700000003250021000,37,,,,,,,,32,,0,0,,,,,,1,1,,,,1
1700000003250022000,00fffe00000e,011b19000000,0,0,Delay_Req,1,2,0,44,24,0,0,,0,1,0,0,0,0,0,1,1,1,1,0,0,020000fffe00000e,1,26,1,-4,1700000003250022000,37,,,,,,,,32,,0,0,,,,,,1,1,,,,1
1700000003250050000,00fffe00000a,011b19000000,0,0,Follow_Up,8,2,0,44,24,0,0,,0,1,0,0,0,0,0,1,1,1,1,0,0,020000fffe00000a,1,52,2,-4,1700000003250050000,37,,,,,,,,32,,0,0,,,,,,1,1,,1,,
1700000003250050000,00fffe000001,011b19000000,0,0,Delay_Resp,9,2,0,54,24,0,0,,0,1,0,0,0,0,0,1,1,1,1,0,0,020000fffe000001,2,26,3,0,,37,,,,,,,,32,,0,0,020000fffe00000c,1,,,,1,1,,,,1
1700000003250051000,00fffe000001,011b19000000,0,0,Delay_Resp,9,2,0,54,24,0,0,,0,1,0,0,0,0,0,1,1,1,1,0,0,020000fffe000001,2,26,3,0,,37,,,,,,,,32,,0,0,020000fffe00000d,1,,,,1,1,,,,1
1700000003250052000,00fffe000001,011b19000000,0,0,Delay_Resp,9,2,0,54,24,0,0,,0,1,0,0,0,0,0,1,1,1,1,0,0,020000fffe000001,2,26,3,0,,37,,,,,,,,32,,0,0,020000fffe00000e,1,,,,1,1,,,,1
1700000003312500000,00fffe00000a,011b19000000,0,0,Sync,0,2,0,44,24,0,0,,0,1,0,0,0,0,0,1,1,1,1,0,0,020000fffe00000a,1,53,0,-4,1700000003312500000,37,,,,,,,,32,,0,0,,,,,,1,1,,1,,
1700000003312550000,00fffe00000a,011b19000000,0,0,Follow_Up,8,2,0,44,24,0,0,,0,1,0,0,0,0,0,1,1,1,1,0,0,020000fffe00000a,1,53,2,-4,1700000003312550000,37,,,,,,,,32,,0,0,,,,,,1,1,,1,,
1700000003375000000,00fffe00000a,011b19000000,0,0,Announce,11,2,0,64,24,0,0,,0,1,0,0,0,1,0,0,1,0,1,0,0,020000fffe00000a,1,27,5,-3,,0,128,6,33,20061,128,020000fffe00000a,0,32,,0,0,,,1,0,1,1,1,1,,1,
1700000003375000000,00fffe00000a,011b19000000,0,0,Sync,0,2,0,44,24,0,0,,0,1,0,0,0,0,0,1,1,1,1,0,0,020000fffe00000a,1,54,0,-4,1700000003375000000,37,,,,,,,,32,,0,0,,,,,,1,1,,1,,
1700000003375010000,00fffe000001,011b19000000,0,0,Announce,11,2,0,64,24,0,0,,0,1,0,0,0,0,0,1,1,1,1,0,0,020000fffe000001,2,27,5,-3,,37,128,6,33,20061,128,020000fffe00000a,1,32,,0,0,,,1,0,0,1,1,1,,1,
1700000003375020000,00fffe00000c,011b19000000,0,0,Delay_Req,1,2,0,44,24,0,0,,0,1,0,0,0,0,0,1,1,1,1,0,0,020000fffe00000c,1,27,1,-4,1700000003375020000,37,,,,,,,,32,,0,0,,,,,,1,1,,,,1
1700000003375021000,00fffe00000d,011b19000000,0,0,Delay_Req,1,2,0,44,24,0,0,,0,1,0,0,0,0,0,1,1,1,1,0,0,020000fffe00000d,1,27,1,-4,1700000003375021000,37,,,,,,,,32,,0,0,,,,,,1,1,,,,1
1700000003375022000,00fffe00000e,011b19000000,0,0,Delay_Req,1,2,0,44,24,0,0,,0,1,0,0,0,0,0,1,1,1,1,0,0,020000fffe00000e,1,27,1,-4,1700000003375022000,37,,,,,,,,32,,0,0,,,,,,1,1,,,,1
1700000003375050000,00fffe00000a,011b19000000,0,0,Follow_Up,8,2,0,44,24,0,0,,0,1,0,0,0,0,0,1,1,1,1,0,0,020000fffe00000a,1,54,2,-4,1700000003375050000,37,,,,,,,,32,,0,0,,,,,,1,1,,1,,
1700000003375050000,00fffe000001,011b19000000,0,0,Delay_Resp,9,2,0,54,24,0,0,,0,1,0,0,0,0,0,1,1,1,1,0,0,020000fffe000001,2,27,3,0,,37,,,,,,,,32,,0,0,020000fffe00000c,1,,,,1,1,,,,1
1700000003375051000,00fffe000001,011b19000000,0,0,Delay_Resp,9,2,0,54,24,0,0,,0,1,0,0,0,0,0,1,1,1,1,0,0,020000fffe000001,2,27,3,0,,37,,,,,,,,32,,0,0,020000fffe00000d,1,,,,1,1,,,,1
1700000003375052000,00fffe000001,011b19000000,0,0,Delay_Resp,9,2,0,54,24,0,0,,0,1,0,0,0,0,0,1,1,1,1,0,0,020000fffe000001,2,27,3,0,,37,,,,,,,,32,,0,0,020000fffe00000e,1,,,,1,1,,,,1
1700000003437500000,00fffe00000a,011b19000000,0,0,Sync,0,2,0,44,24,0,0,,0,1,0,0,0,0,0,1,1,1,1,0,0,020000fffe00000a,1,55,0,-4,1700000003437500000,37,,,,,,,,32,,0,0,,,,,,1,1,,1,,
1700000003437550000,00fffe00000a,011b19000000,0,0,Follow_Up,8,2,0,44,24,0,0,,0,1,0,0,0,0,0,1,1,1,1,0,0,020000fffe00000a,1,55,2,-4,1700000003437550000,37,,,,,,,,32,,0,0,,,,,,1,1,,1,,
1700000003500000000,00fffe00000a,011b19000000,0,0,Announce,11,2,0,64,24,0,0,,0,1,0,0,0,1,0,0,1,0,1,0,0,020000fffe00000a,1,28,5,-3,,0,128,6,33,20061,128,020000fffe00000a,0,32,,0,0,,,1,0,1,1,1,1,,1,
1700000003500000000,00fffe00000a,011b19000000,0,0,Sync,0,2,0,44,24,0,0,,0,1,0,0,0,0,0,1,1,1,1,0,0,020000fffe00000a,1,56,0,-4,1700000003500000000,37,,,,,,,,32,,0,0,,,,,,1,1,,1,,
1700000003500010000,00fffe000001,011b19000000,0,0,Announce,11,2,0,64,24,0,0,,0,1,0,0,0,0,0,1,1,1,1,0,0,020000fffe000001,2,28,5,-3,,37,128,6,33,20061,128,020000fffe00000a,1,32,,0,0,,,1,0,0,1,1,1,,1,
1700000003500020000,00fffe00000c,011b19000000,0,0,Delay_Req,1,2,0,44,24,0,0,,0,1,0,0,0,0,0,1,1,1,1,0,0,020000fffe00000c,1,28,1,-4,1700000003500020000,37,,,,,,,,32,,0,0,,,,,,1,1,,,,1
1700000003500021000,00fffe00000d,011b19000000,0,0,Delay_Req,1,2,0,44,24,0,0,,0,1,0,0,0,0,0,1,1,1,1,0,0,020000fffe00000d,1,28,1,-4,1700000003500021000,37,,,,,,,,32,,0,0,,,,,,1,1,,,,1
1700000003500022000,00fffe00000e,011b19000000,0,0,Delay_Req,1,2,0,44,24,0,0,,0,1,0,0,0,0,0,1,1,1,1,0,0,020000fffe00000e,1,28,1,-4,1700000003500022000,37,,,,,,,,32,,0,0,,,,,,1,1,,,,1
1700000003500050000,00fffe00000a,011b19000000,0,0,Follow_Up,8,2,0,44,24,0,0,,0,1,0,0,0,0,0,1,1,1,1,0,0,020000fffe00000a,1,56,2,-4,1700000003500050000,37,,,,,,,,32,,0,0,,,,,,1,1,,1,,
1700000003500050000,00fffe000001,011b19000000,0,0,Delay_Resp,9,2,0,54,24,0,0,,0,1,0,0,0,0,0,1,1,1,1,0,0,020000fffe000001,2,28,3,0,,37,,,,,,,,32,,0,0,020000fffe00000c,1,,,,1,1,,,,1
1700000003500051000,00fffe000001,011b19000000,0,0,Delay_Resp,9,2,0,54,24,0,0,,0,1,0,0,0,0,0,1,1,1,1,0,0,020000fffe000001,2,28,3,0,,37,,,,,,,,32,,0,0,020000fffe00000d,1,,,,1,1,,,,1
1700000003500052000,00fffe000001,011b19000000,0,0,Delay_Resp,9,2,0,54,24,0,0,,0,1,0,0,0,0,0,1,1,1,1,0,0,020000fffe000001,2,28,3,0,,37,,,,,,,,32,,0,0,020000fffe00000e,1,,,,1,1,,,,1
1700000003562500000,00fffe00000a,011b19000000,0,0,Sync,0,2,0,44,24,0,0,,0,1,0,0,0,0,0,1,1,1,1,0,0,020000fffe00000a,1,57,0,-4,1700000003562500000,37,,,,,,,,32,,0,0,,,,,,1,1,,1,,
1700000003562550000,00fffe00000a,011b19000000,0,0,Follow_Up,8,2,0,44,24,0,0,,0,1,0,0,0,0,0,1,1,1,1,0,0,020000fffe00000a,1,57,2,-4,1700000003562550000,37,,,,,,,,32,,0,0,,,,,,1,1,,1,,
1700000003625000000,00fffe00000a,011b19000000,0,0,Announce,11,2,0,64,24,0,0,,0,1,0,0,0,1,0,0,1,0,1,0,0,020000fffe00000a,1,29,5,-3,,0,128,6,33,20061,128,020000fffe00000a,0,32,,0,0,,,1,0,1,1,1,1,,1,
1700000003625000000,00fffe00000a,011b19000000,0,0,Sync,0,2,0,44,24,0,0,,0,1,0,0,0,0,0,1,1,1,1,0,0,020000fffe00000a,1,58,0,-4,1700000003625000000,37,,,,,,,,32,,0,0,,,,,,1,1,,1,,
1700000003625010000,00fffe000001,011b19000000,0,0,Announce,11,2,0,64,24,0,0,,0,1,0,0,0,0,0,1,1,1,1,0,0,020000fffe000001,2,29,5,-3,,37,128,6,33,20061,128,020000fffe00000a,1,32,,0,0,,,1,0,0,1,1,1,,1,
1700000003625020000,00fffe00000c,011b19000000,0,0,Delay_Req,1,2,0,44,24,0,0,,0,1,0,0,0,0,0,1,1,1,1,0,0,020000fffe00000c,1,29,1,-4,1700000003625020000,37,,,,,,,,32,,0,0,,,,,,1,1,,,,1
1700000003625021000,00fffe00000d,011b19000000,0,0,Delay_Req,1,2,0,44,24,0,0,,0,1,0,0,0,0,0,1,1,1,1,0,0,020000fffe00000d,1,29,1,-4,1700000003625021000,37,,,,,,,,32,,0,0,,,,,,1,1,,,,1
1700000003625022000,00fffe00000e,011b19000000,0,0,Delay_Req,1,2,0,44,24,0,0,,0,1,0,0,0,0,0,1,1,1,1,0,0,020000fffe00000e,1,29,1,-4,1700000003625022000,37,,,,,,,,32,,0,0,,,,,,1,1,,,,1
1700000003625050000,00fffe00000a,011b19000000,0,0,Follow_Up,8,2,0,44,24,0,0,,0,1,0,0,0,0,0,1,1,1,1,0,0,020000fffe00000a,1,58,2,-4,1700000003625050000,37,,,,,,,,32,,0,0,,,,,,1,1,,1,,
1700000003625050000,00fffe000001,011b19000000,0,0,Delay_Resp,9,2,0,54,24,0,0,,0,1,0,0,0,0,0,1,1,1,1,0,0,020000fffe000001,2,29,3,0,,37,,,,,,,,32,,0,0,020000fffe00000c,1,,,,1,1,,,,1
1700000003625051000,00fffe000001,011b19000000,0,0,Delay_Resp,9,2,0,54,24,0,0,,0,1,0,0,0,0,0,1,1,1,1,0,0,020000fffe000001,2,29,3,0,,37,,,,,,,,32,,0,0,020000fffe00000d,1,,,,1,1,,,,1
1700000003625052000,00fffe000001,011b19000000,0,0,Delay_Resp,9,2,0,54,24,0,0,,0,1,0,0,0,0,0,1,1,1,1,0,0,020000fffe000001,2,29,3,0,,37,,,,,,,,32,,0,0,020000fffe00000e,1,,,,1,1,,,,1
1700000003687500000,00fffe00000a,011b19000000,0,0,Sync,0,2,0,44,24,0,0,,0,1,0,0,0,0,0,1,1,1,1,0,0,020000fffe00000a,1,59,0,-4,1700000003687500000,37,,,,,,,,32,,0,0,,,,,,1,1,,1,,
1700000003687550000,00fffe00000a,011b19000000,0,0,Follow_Up,8,2,0,44,24,0,0,,0,1,0,0,0,0,0,1,1,1,1,0,0,020000fffe00000a,1,59,2,-4,1700000003687550000,37,,,,,,,,32,,0,0,,,,,,1,1,,1,,
1700000003750000000,00fffe00000a,011b19000000,0,0,Announce,11,2,0,64,24,0,0,,0,1,0,0,0,1,0,0,1,0,1,0,0,020000fffe00000a,1,30,5,-3,,0,128,6,33,20061,128,020000fffe00000a,0,32,,0,0,,,1,0,1,1,1,1,,1,
1700000003750000000,00fffe00000a,011b19000000,0,0,Sync,0,2,0,44,24,0,0,,0,1,0,0,0,0,0,1,1,1,1,0,0,020000fffe00000a,1,60,0,-4,1700000003750000000,37,,,,,,,,32,,0,0,,,,,,1,1,,1,,
1700000003750010000,00fffe000001,011b19000000,0,0,Announce,11,2,0,64,24,0,0,,0,1,0,0,0,0,0,1,1,1,1,0,0,020000fffe000001,2,30,5,-3,,37,128,6,33,20061,128,020000fffe00000a,1,32,,0,0,,,1,0,0,1,1,1,,1,
1700000003750020000,00fffe00000c,011b19000000,0,0,Delay_Req,1,2,0,44,24,0,0,,0,1,0,0,0,0,0,1,1,1,1,0,0,020000fffe00000c,1,30,1,-4,1700000003750020000,37,,,,,,,,32,,0,0,,,,,,1,1,,,,1
1700000003750021000,00fffe00000d,011b19000000,0,0,Delay_Req,1,2,0,44,24,0,0,,0,1,0,0,0,0,0,1,1,1,1,0,0,020000fffe00000d,1,30,1,-4,1700000003750021000,37,,,,,,,,32,,0,0,,,,,,1,1,,,,1
1700000003750022000,00fffe00000e,011b19000000,0,0,Delay_Req,1,2,0,44,24,0,0,,0,1,0,0,0,0,0,1,1,1,1,0,0,020000fffe00000e,1,30,1,-4,1700000003750022000,37,,,,,,,,32,,0,0,,,,,,1,1,,,,1
1700000003750050000,00fffe00000a,011b19000000,0,0,Follow_Up,8,2,0,44,24,0,0,,0,1,0,0,0,0,0,1,1,1,1,0,0,020000fffe00000a,1,60,2,-4,1700000003750050000,37,,,,,,,,32,,0,0,,,,,,1,1,,1,,
1700000003750050000,00fffe000001,011b19000000,0,0,Delay_Resp,9,2,0,54,24,0,0,,0,1,0,0,0,0,0,1,1,1,1,0,0,020000fffe000001,2,30,3,0,,37,,,,,,,,32,,0,0,020000fffe00000c,1,,,,1,1,,,,1
1700000003750051000,00fffe000001,011b19000000,0,0,Delay_Resp,9,2,0,54,24,0,0,,0,1,0,0,0,0,0,1,1,1,1,0,0,020000fffe000001,2,30,3,0,,37,,,,,,,,32,,0,0,020000fffe00000d,1,,,,1,1,,,,1
1700000003750052000,00fffe000001,011b19000000,0,0,Delay_Resp,9,2,0,54,24,0,0,,0,1,0,0,0,0,0,1,1,1,1,0,0,020000fffe000001,2,30,3,0,,37,,,,,,,,32,,0,0,020000fffe00000e,1,,,,1,1,,,,1
1700000003812500000,00fffe00000a,011b19000000,0,0,Sync,0,2,0,44,24,0,0,,0,1,0,0,0,0,0,1,1,1,1,0,0,020000fffe00000a,1,61,0,-4,1700000003812500000,37,,,,,,,,32,,0,0,,,,,,1,1,,1,,
1700000003812550000,00fffe00000a,011b19000000,0,0,Follow_Up,8,2,0,44,24,0,0,,0,1,0,0,0,0,0,1,1,1,1,0,0,020000fffe00000a,1,61,2,-4,1700000003812550000,37,,,,,,,,32,,0,0,,,,,,1,1,,1,,
1700000003875000000,00fffe00000a,011b19000000,0,0,Announce,11,2,0,64,24,0,0,,0,1,0,0,0,1,0,0,1,0,1,0,0,020000fffe00000a,1,31,5,-3,,0,128,6,33,20061,128,020000fffe00000a,0,32,,0,0,,,1,0,1,1,1,1,,1,
1700000003875000000,00fffe00000a,011b19000000,0,0,Sync,0,2,0,44,24,0,0,,0,1,0,0,0,0,0,1,1,1,1,0,0,020000fffe00000a,1,62,0,-4,1700000003875000000,37,,,,,,,,32,,0,0,,,,,,1,1,,1,,
1700000003875010000,00fffe000001,011b19000000,0,0,Announce,11,2,0,64,24,0,0,,0,1,0,0,0,0,0,1,1,1,1,0,0,020000fffe000001,2,31,5,-3,,37,128,6,33,20061,128,020000fffe00000a,1,32,,0,0,,,1,0,0,1,1,1,,1,
1700000003875020000,00fffe00000c,011b19000000,0,0,Delay_Req,1,2,0,44,24,0,0,,0,1,0,0,0,0,0,1,1,1,1,0,0,020000fffe00000c,1,31,1,-4,1700000003875020000,37,,,,,,,,32,,0,0,,,,,,1,1,,,,1
1700000003875021000,00fffe00000d,011b19000000,0,0,Delay_Req,1,2,0,44,24,0,0,,0,1,0,0,0,0,0,1,1,1,1,0,0,020000fffe00000d,1,31,1,-4,1700000003875021000,37,,,,,,,,32,,0,0,,,,,,1,1,,,,1
1700000003875022000,00fffe00000e,011b19000000,0,0,Delay_Req,1,2,0,44,24,0,0,,0,1,0,0,0,0,0,1,1,1,1,0,0,020000fffe00000e,1,31,1,-4,1700000003875022000,37,,,,,,,,32,,0,0,,,,,,1,1,,,,1
1700000003875050000,00fffe00000a,011b19000000,0,0,Follow_Up,8,2,0,44,24,0,0,,0,1,0,0,0,0,0,1,1,1,1,0,0,020000fffe00000a,1,62,2,-4,1700000003875050000,37,,,,,,,,32,,0,0,,,,,,1,1,,1,,
1700000003875050000,00fffe000001,011b19000000,0,0,Delay_Resp,9,2,0,54,24,0,0,,0,1,0,0,0,0,0,1,1,1,1,0,0,020000fffe000001,2,31,3,0,,37,,,,,,,,32,,0,0,020000fffe00000c,1,,,,1,1,,,,1
1700000003875051000,00fffe000001,011b19000000,0,0,Delay_Resp,9,2,0,54,24,0,0,,0,1,0,0,0,0,0,1,1,1,1,0,0,020000fffe000001,2,31,3,0,,37,,,,,,,,32,,0,0,020000fffe00000d,1,,,,1,1,,,,1
1700000003875052000,00fffe000001,011b19000000,0,0,Delay_Resp,9,2,0,54,24,0,0,,0,1,0,0,0,0,0,1,1,1,1,0,0,020000fffe000001,2,31,3,0,,37,,,,,,,,32,,0,0,020000fffe00000e,1,,,,1,1,,,,1
1700000003937500000,00fffe00000a,011b19000000,0,0,Sync,0,2,0,44,24,0,0,,0,1,0,0,0,0,0,1,1,1,1,0,0,020000fffe00000a,1,63,0,-4,1700000003937500000,37,,,,,,,,32,,0,0,,,,,,1,1,,1,,
1700000003937550000,00fffe00000a,011b19000000,0,0,Follow_Up,8,2,0,44,24,0,0,,0,1,0,0,0,0,0,1,1,1,1,0,0,020000fffe00000a,1,63,2,-4,1700000003937550000,37,,,,,,,,32,,0,0,,,,,,1,1,,1,,
1700000004000000000,00fffe00000a,011b19000000,0,0,Announce,11,2,0,64,24,0,0,,0,1,0,0,0,1,0,0,1,0,1,0,0,020000fffe00000a,1,32,5,-3,,0,128,6,33,20061,128,020000fffe00000a,0,32,,0,0,,,1,0,1,1,1,1,,1,
1700000004000000000,00fffe00000a,011b19000000,0,0,Sync,0,2,0,44,24,0,0,,0,1,0,0,0,0,0,1,1,1,1,0,0,020000fffe00000a,1,64,0,-4,1700000004000000000,37,,,,,,,,32,,0,0,,,,,,1,1,,1,,
1700000004000010000,00fffe000001,011b19000000,0,0,Announce,11,2,0,64,24,0,0,,0,1,0,0,0,0,0,1,1,1,1,0,0,020000fffe000001,2,32,5,-3,,37,128,6,33,20061,128,020000fffe00000a,1,32,,0,0,,,1,0,0,1,1,1,,1,
1700000004000020000,00fffe00000c,011b19000000,0,0,Delay_Req,1,2,0,44,24,0,0,,0,1,0,0,0,0,0,1,1,1,1,0,0,020000fffe00000c,1,32,1,-4,1700000004000020000,37,,,,,,,,32,,0,0,,,,,,1,1,,,,1
1700000004000021000,00fffe00000d,011b19000000,0,0,Delay_Req,1,2,0,44,24,0,0,,0,1,0,0,0,0,0,1,1,1,1,0,0,020000fffe00000d,1,32,1,-4,1700000004000021000,37,,,,,,,,32,,0,0,,,,,,1,1,,,,1
1700000004000022000,00fffe00000e,011b19000000,0,0,Delay_Req,1,2,0,44,24,0,0,,0,1,0,0,0,0,0,1,1,1,1,0,0,020000fffe00000e,1,32,1,-4,1700000004000022000,37,,,,,,,,32,,0,0,,,,,,1,1,,,,1
1700000004000050000,00fffe00000a,011b19000000,0,0,Follow_Up,8,2,0,44,24,0,0,,0,1,0,0,0,0,0,1,1,1,1,0,0,020000fffe00000a,1,64,2,-4,1700000004000050000,37,,,,,,,,32,,0,0,,,,,,1,1,,1,,
1700000004000050000,00fffe000001,011b19000000,0,0,Delay_Resp,9,2,0,54,24,0,0,,0,1,0,0,0,0,0,1,1,1,1,0,0,020000fffe000001,2,32,3,0,,37,,,,,,,,32,,0,0,020000fffe00000c,1,,,,1,1,,,,1
1700000004000051000,00fffe000001,011b19000000,0,0,Delay_Resp,9,2,0,54,24,0,0,,0,1,0,0,0,0,0,1,1,1,1,0,0,020000fffe000001,2,32,3,0,,37,,,,,,,,32,,0,0,020000fffe00000d,1,,,,1,1,,,,1
1700000004000052000,00fffe000001,011b19000000,0,0,Delay_Resp,9,2,0,54,24,0,0,,0,1,0,0,0,0,0,1,1,1,1,0,0,020000fffe000001,2,32,3,0,,37,,,,,,,,32,,0,0,020000fffe00000e,1,,,,1,1,,,,1
1700000004062500000,00fffe00000a,011b19000000,0,0,Sync,0,2,0,44,24,0,0,,0,1,0,0,0,0,0,1,1,1,1,0,0,020000fffe00000a,1,65,0,-4,1700000004062500000,37,,,,,,,,32,,0,0,,,,,,1,1,,1,,
1700000004062550000,00fffe00000a,011b19000000,0,0,Follow_Up,8,2,0,44,24,0,0,,0,1,0,0,0,0,0,1,1,1,1,0,0,020000fffe00000a,1,65,2,-4,1700000004062550000,37,,,,,,,,32,,0,0,,,,,,1,1,,1,,
1700000004125000000,00fffe00000a,011b19000000,0,0,Announce,11,2,0,64,24,0,0,,0,1,0,0,0,1,0,0,1,0,1,0,0,020000fffe00000a,1,33,5,-3,,0,128,6,33,20061,128,020000fffe00000a,0,32,,0,0,,,1,0,1,1,1,1,,1,
1700000004125000000,00fffe00000a,011b19000000,0,0,Sync,0,2,0,44,24,0,0,,0,1,0,0,0,0,0,1,1,1,1,0,0,020000fffe00000a,1,66,0,-4,1700000004125000000,37,,,,,,,,32,,0,0,,,,,,1,1,,1,,
1700000004125010000,00fffe000001,011b19000000,0,0,Announce,11,2,0,64,24,0,0,,0,1,0,0,0,0,0,1,1,1,1,0,0,020000fffe000001,2,33,5,-3,,37,128,6,33,20061,128,020000fffe00000a,1,32,,0,0,,,1,0,0,1,1,1,,1,
1700000004125020000,00fffe00000c,011b19000000,0,0,Delay_Req,1,2,0,44,24,0,0,,0,1,0,0,0,0,0,1,1,1,1,0,0,020000fffe00000c,1,33,1,-4,1700000004125020000,37,,,,,,,,32,,0,0,,,,,,1,1,,,,1
1700000004125021000,00fffe00000d,011b19000000,0,0,Delay_Req,1,2,0,44,24,0,0,,0,1,0,0,0,0,0,1,1,1,1,0,0,020000fffe00000d,1,33,1,-4,1700000004125021000,37,,,,,,,,32,,0,0,,,,,,1,1,,,,1
1700000004125022000,00fffe00000e,011b19000000,0,0,Delay_Req,1,2,0,44,24,0,0,,0,1,0,0,0,0,0,1,1,1,1,0,0,020000fffe00000e,1,33,1,-4,1700000004125022000,37,,,,,,,,32,,0,0,,,,,,1,1,,,,1
1700000004125050000,00fffe00000a,011b19000000,0,0,Follow_Up,8,2,0,44,24,0,0,,0,1,0,0,0,0,0,1,1,1,1,0,0,020000fffe00000a,1,66,2,-4,1700000004125050000,37,,,,,,,,32,,0,0,,,,,,1,1,,1,,
1700000004125050000,00fffe000001,011b19000000,0,0,Delay_Resp,9,2,0,54,24,0,0,,0,1,0,0,0,0,0,1,1,1,1,0,0,020000fffe000001,2,33,3,0,,37,,,,,,,,32,,0,0,020000fffe00000c,1,,,,1,1,,,,1
1700000004125051000,00fffe000001,011b19000000,0,0,Delay_Resp,9,2,0,54,24,0,0,,0,1,0,0,0,0,0,1,1,1,1,0,0,020000fffe000001,2,33,3,0,,37,,,,,,,,32,,0,0,020000fffe00000d,1,,,,1,1,,,,1
1700000004125052000,00fffe000001,011b19000000,0,0,Delay_Resp,9,2,0,54,24,0,0,,0,1,0,0,0,0,0,1,1,1,1,0,0,020000fffe000001,2,33,3,0,,37,,,,,,,,32,,0,0,020000fffe00000e,1,,,,1,1,,,,1
1700000004187500000,00fffe00000a,011b19000000,0,0,Sync,0,2,0,44,24,0,0,,0,1,0,0,0,0,0,1,1,1,1,0,0,020000fffe00000a,1,67,0,-4,1700000004187500000,37,,,,,,,,32,,0,0,,,,,,1,1,,1,,
1700000004187550000,00fffe00000a,011b19000000,0,0,Follow_Up,8,2,0,44,24,0,0,,0,1,0,0,0,0,0,1,1,1,1,0,0,020000fffe00000a,1,67,2,-4,1700000004187550000,37,,,,,,,,32,,0,0,,,,,,1,1,,1,,
1700000004250000000,00fffe00000a,011b19000000,0,0,Announce,11,2,0,64,24,0,0,,0,1,0,0,0,1,0,0,1,0,1,0,0,020000fffe00000a,1,34,5,-3,,0,128,6,33,20061,128,020000fffe00000a,0,32,,0,0,,,1,0,1,1,1,1,,1,
1700000004250000000,00fffe00000a,011b19000000,0,0,Sync,0,2,0,44,24,0,0,,0,1,0,0,0,0,0,1,1,1,1,0,0,020000fffe00000a,1,68,0,-4,1700000004250000000,37,,,,,,,,32,,0,0,,,,,,1,1,,1,,
1700000004250010000,00fffe000001,011b19000000,0,0,Announce,11,2,0,64,24,0,0,,0,1,0,0,0,0,0,1,1,1,1,0,0,020000fffe000001,2,34,5,-3,,37,128,6,33,20061,128,020000fffe00000a,1,32,,0,0,,,1,0,0,1,1,1,,1,
1700000004250020000,00fffe00000c,011b19000000,0,0,Delay_Req,1,2,0,44,24,0,0,,0,1,0,0,0,0,0,1,1,1,1,0,0,020000fffe00000c,1,34,1,-4,1700000004250020000,37,,,,,,,,32,,0,0,,,,,,1,1,,,,1
1700000004250021000,00fffe00000d,011b19000000,0,0,Delay_Req,1,2,0,44,24,0,0,,0,1,0,0,0,0,0,1,1,1,1,0,0,020000fffe00000d,1,34,1,-4,1700000004250021000,37,,,,,,,,32,,0,0,,,,,,1,1,,,,1
1700000004250022000,00fffe00000e,011b19000000,0,0,Delay_Req,1,2,0,44,24,0,0,,0,1,0,0,0,0,0,1,1,1,1,0,0,020000fffe00000e,1,34,1,-4,1700000004250022000,37,,,,,,,,32,,0,0,,,,,,1,1,,,,1
1700000004250050000,00fffe00000a,011b19000000,0,0,Follow_Up,8,2,0,44,24,0,0,,0,1,0,0,0,0,0,1,1,1,1,0,0,020000fffe00000a,1,68,2,-4,1700000004250050000,37,,,,,,,,32,,0,0,,,,,,1,1,,1,,
1700000004250050000,00fffe000001,011b19000000,0,0,Delay_Resp,9,2,0,54,24,0,0,,0,1,0,0,0,0,0,1,1,1,1,0,0,020000fffe000001,2,34,3,0,,37,,,,,,,,32,,0,0,020000fffe00000c,1,,,,1,1,,,,1
1700000004250051000,00fffe000001,011b19000000,0,0,Delay_Resp,9,2,0,54,24,0,0,,0,1,0,0,0,0,0,1,1,1,1,0,0,020000fffe000001,2,34,3,0,,37,,,,,,,,32,,0,0,020000fffe00000d,1,,,,1,1,,,,1
1700000004250052000,00fffe000001,011b19000000,0,0,Delay_Resp,9,2,0,54,24,0,0,,0,1,0,0,0,0,0,1,1,1,1,0,0,020000fffe000001,2,34,3,0,,37,,,,,,,,32,,0,0,020000fffe00000e,1,,,,1,1,,,,1
1700000004312500000,00fffe00000a,011b19000000,0,0,Sync,0,2,0,44,24,0,0,,0,1,0,0,0,0,0,1,1,1,1,0,0,020000fffe00000a,1,69,0,-4,1700000004312500000,37,,,,,,,,32,,0,0,,,,,,1,1,,1,,
1700000004312550000,00fffe00000a,011b19000000,0,0,Follow_Up,8,2,0,44,24,0,0,,0,1,0,0,0,0,0,1,1,1,1,0,0,020000fffe00000a,1,69,2,-4,1700000004312550000,37,,,,,,,,32,,0,0,,,,,,1,1,,1,,
1700000004375000000,00fffe00000a,011b19000000,0,0,Announce,11,2,0,64,24,0,0,,0,1,0,0,0,1,0,0,1,0,1,0,0,020000fffe00000a,1,35,5,-3,,0,128,6,33,20061,128,020000fffe00000a,0,32,,0,0,,,1,0,1,1,1,1,,1,
1700000004375000000,00fffe00000a,011b19000000,0,0,Sync,0,2,0,44,24,0,0,,0,1,0,0,0,0,0,1,1,1,1,0,0,020000fffe00000a,1,70,0,-4,1700000004375000000,37,,,,,,,,32,,0,0,,,,,,1,1,,1,,
1700000004375010000,00fffe000001,011b19000000,0,0,Announce,11,2,0,64,24,0,0,,0,1,0,0,0,0,0,1,1,1,1,0,0,020000fffe000001,2,35,5,-3,,37,128,6,33,20061,128,020000fffe00000a,1,32,,0,0,,,1,0,0,1,1,1,,1,
1700000004375020000,00fffe00000c,011b19000000,0,0,Delay_Req,1,2,0,44,24,0,0,,0,1,0,0,0,0,0,1,1,1,1,0,0,020000fffe00000c,1,35,1,-4,1700000004375020000,37,,,,,,,,32,,0,0,,,,,,1,1,,,,1
1700000004375021000,00fffe00000d,011b19000000,0,0,Delay_Req,1,2,0,44,24,0,0,,0,1,0,0,0,0,0,1,1,1,1,0,0,020000fffe00000d,1,35,1,-4,1700000004375021000,37,,,,,,,,32,,0,0,,,,,,1,1,,,,1
1700000004375022000,00fffe00000e,011b19000000,0,0,Delay_Req,1,2,0,44,24,0,0,,0,1,0,0,0,0,0,1,1,1,1,0,0,020000fffe00000e,1,35,1,-4,1700000004375022000,37,,,,,,,,32,,0,0,,,,,,1,1,,,,1
1700000004375050000,00fffe00000a,011b19000000,0,0,Follow_Up,8,2,0,44,24,0,0,,0,1,0,0,0,0,0,1,1,1,1,0,0,020000fffe00000a,1,70,2,-4,1700000004375050000,37,,,,,,,,32,,0,0,,,,,,1,1,,1,,
1700000004375050000,00fffe000001,011b19000000,0,0,Delay_Resp,9,2,0,54,24,0,0,,0,1,0,0,0,0,0,1,1,1,1,0,0,020000fffe000001,2,35,3,0,,37,,,,,,,,32,,0,0,020000fffe00000c,1,,,,1,1,,,,1
1700000004375051000,00fffe000001,011b19000000,0,0,Delay_Resp,9,2,0,54,24,0,0,,0,1,0,0,0,0,0,1,1,1,1,0,0,020000fffe000001,2,35,3,0,,37,,,,,,,,32,,0,0,020000fffe00000d,1,,,,1,1,,,,1
1700000004375052000,00fffe000001,011b19000000,0,0,Delay_Resp,9,2,0,54,24,0,0,,0,1,0,0,0,0,0,1,1,1,1,0,0,020000fffe000001,2,35,3,0,,37,,,,,,,,32,,0,0,020000fffe00000e,1,,,,1,1,,,,1
1700000004437500000,00fffe00000a,011b19000000,0,0,Sync,0,2,0,44,24,0,0,,0,1,0,0,0,0,0,1,1,1,1,0,0,020000fffe00000a,1,71,0,-4,1700000004437500000,37,,,,,,,,32,,0,0,,,,,,1,1,,1,,
1700000004437550000,00fffe00000a,011b19000000,0,0,Follow_Up,8,2,0,44,24,0,0,,0,1,0,0,0,0,0,1,1,1,1,0,0,020000fffe00000a,1,71,2,-4,1700000004437550000,37,,,,,,,,32,,0,0,,,,,,1,1,,1,,
1700000004500000000,00fffe00000a,011b19000000,0,0,Announce,11,2,0,64,24,0,0,,0,1,0,0,0,1,0,0,1,0,1,0,0,020000fffe00000a,1,36,5,-3,,0,128,6,33,20061,128,020000fffe00000a,0,32,,0,0,,,1,0,1,1,1,1,,1,
1700000004500000000,00fffe00000a,011b19000000,0,0,Sync,0,2,0,44,24,0,0,,0,1,0,0,0,0,0,1,1,1,1,0,0,020000fffe00000a,1,72,0,-4,1700000004500000000,37,,,,,,,,32,,0,0,,,,,,1,1,,1,,
1700000004500010000,00fffe000001,011b19000000,0,0,Announce,11,2,0,64,24,0,0,,0,1,0,0,0,0,0,1,1,1,1,0,0,020000fffe000001,2,36,5,-3,,37,128,6,33,20061,128,020000fffe00000a,1,32,,0,0,,,1,0,0,1,1,1,,1,
1700000004500020000,00fffe00000c,011b19000000,0,0,Delay_Req,1,2,0,44,24,0,0,,0,1,0,0,0,0,0,1,1,1,1,0,0,020000fffe00000c,1,36,1,-4,1700000004500020000,37,,,,,,,,32,,0,0,,,,,,1,1,,,,1
1700000004500021000,00fffe00000d,011b19000000,0,0,Delay_Req,1,2,0,44,24,0,0,,0,1,0,0,0,0,0,1,1,1,1,0,0,020000fffe00000d,1,36,1,-4,1700000004500021000,37,,,,,,,,32,,0,0,,,,,,1,1,,,,1
1700000004500022000,00fffe00000e,011b19000000,0,0,Delay_Req,1,2,0,44,24,0,0,,0,1,0,0,0,0,0,1,1,1,1,0,0,020000fffe00000e,1,36,1,-4,1700000004500022000,37,,,,,,,,32,,0,0,,,,,,1,1,,,,1
1700000004500050000,00fffe00000a,011b19000000,0,0,Follow_Up,8,2,0,44,24,0,0,,0,1,0,0,0,0,0,1,1,1,1,0,0,020000fffe00000a,1,72,2,-4,1700000004500050000,37,,,,,,,,32,,0,0,,,,,,1,1,,1,,
1700000004500050000,00fffe000001,011b19000000,0,0,Delay_Resp,9,2,0,54,24,0,0,,0,1,0,0,0,0,0,1,1,1,1,0,0,020000fffe000001,2,36,3,0,,37,,,,,,,,32,,0,0,020000fffe00000c,1,,,,1,1,,,,1
1700000004500051000,00fffe000001,011b19000000,0,0,Delay_Resp,9,2,0,54,24,0,0,,0,1,0,0,0,0,0,1,1,1,1,0,0,020000fffe000001,2,36,3,0,,37,,,,,,,,32,,0,0,020000fffe00000d,1,,,,1,1,,,,1
1700000004500052000,00fffe000001,011b19000000,0,0,Delay_Resp,9,2,0,54,24,0,0,,0,1,0,0,0,0,0,1,1,1,1,0,0,020000fffe000001,2,36,3,0,,37,,,,,,,,32,,0,0,020000fffe00000e,1,,,,1,1,,,,1
1700000004562500000,00fffe00000a,011b19000000,0,0,Sync,0,2,0,44,24,0,0,,0,1,0,0,0,0,0,1,1,1,1,0,0,020000fffe00000a,1,73,0,-4,1700000004562500000,37,,,,,,,,32,,0,0,,,,,,1,1,,1,,
1700000004562550000,00fffe00000a,011b19000000,0,0,Follow_Up,8,2,0,44,24,0,0,,0,1,0,0,0,0,0,1,1,1,1,0,0,020000fffe00000a,1,73,2,-4,1700000004562550000,37,,,,,,,,32,,0,0,,,,,,1,1,,1,,
1700000004625000000,00fffe00000a,011b19000000,0,0,Announce,11,2,0,64,24,0,0,,0,1,0,0,0,1,0,0,1,0,1,0,0,020000fffe00000a,1,37,5,-3,,0,128,6,33,20061,128,020000fffe00000a,0,32,,0,0,,,1,0,1,1,1,1,,1,
1700000004625000000,00fffe00000a,011b19000000,0,0,Sync,0,2,0,44,24,0,0,,0,1,0,0,0,0,0,1,1,1,1,0,0,020000fffe00000a,1,74,0,-4,1700000004625000000,37,,,,,,,,32,,0,0,,,,,,1,1,,1,,
1700000004625010000,00fffe000001,011b19000000,0,0,Announce,11,2,0,64,24,0,0,,0,1,0,0,0,0,0,1,1,1,1,0,0,020000fffe000001,2,37,5,-3,,37,128,6,33,20061,128,020000fffe00000a,1,32,,0,0,,,1,0,0,1,1,1,,1,
1700000004625020000,00fffe00000c,011b19000000,0,0,Delay_Req,1,2,0,44,24,0,0,,0,1,0,0,0,0,0,1,1,1,1,0,0,020000fffe00000c,1,37,1,-4,1700000004625020000,37,,,,,,,,32,,0,0,,,,,,1,1,,,,1
1700000004625021000,00fffe00000d,011b19000000,0,0,Delay_Req,1,2,0,44,24,0,0,,0,1,0,0,0,0,0,1,1,1,1,0,0,020000fffe00000d,1,37,1,-4,1700000004625021000,37,,,,,,,,32,,0,0,,,,,,1,1,,,,1
1700000004625022000,00fffe00000e,011b19000000,0,0,Delay_Req,1,2,0,44,24,0,0,,0,1,0,0,0,0,0,1,1,1,1,0,0,020000fffe00000e,1,37,1,-4,1700000004625022000,37,,,,,,,,32,,0,0,,,,,,1,1,,,,1
1700000004625050000,00fffe00000a,011b19000000,0,0,Follow_Up,8,2,0,44,24,0,0,,0,1,0,0,0,0,0,1,1,1,1,0,0,020000fffe00000a,1,74,2,-4,1700000004625050000,37,,,,,,,,32,,0,0,,,,,,1,1,,1,,
1700000004625050000,00fffe000001,011b19000000,0,0,Delay_Resp,9,2,0,54,24,0,0,,0,1,0,0,0,0,0,1,1,1,1,0,0,020000fffe000001,2,37,3,0,,37,,,,,,,,32,,0,0,020000fffe00000c,1,,,,1,1,,,,1
1700000004625051000,00fffe000001,011b19000000,0,0,Delay_Resp,9,2,0,54,24,0,0,,0,1,0,0,0,0,0,1,1,1,1,0,0,020000fffe000001,2,37,3,0,,37,,,,,,,,32,,0,0,020000fffe00000d,1,,,,1,1,,,,1
1700000004625052000,00fffe000001,011b19000000,0,0,Delay_Resp,9,2,0,54,24,0,0,,0,1,0,0,0,0,0,1,1,1,1,0,0,020000fffe000001,2,37,3,0,,37,,,,,,,,32,,0,0,020000fffe00000e,1,,,,1,1,,,,1
1700000004687500000,00fffe00000a,011b19000000,0,0,Sync,0,2,0,44,24,0,0,,0,1,0,0,0,0,0,1,1,1,1,0,0,020000fffe00000a,1,75,0,-4,1700000004687500000,37,,,,,,,,32,,0,0,,,,,,1,1,,1,,
1700000004687550000,00fffe00000a,011b19000000,0,0,Follow_Up,8,2,0,44,24,0,0,,0,1,0,0,0,0,0,1,1,1,1,0,0,020000fffe00000a,1,75,2,-4,1700000004687550000,37,,,,,,,,32,,0,0,,,,,,1,1,,1,,
1700000004750000000,00fffe00000a,011b19000000,0,0,Announce,11,2,0,64,24,0,0,,0,1,0,0,0,1,0,0,1,0,1,0,0,020000fffe00000a,1,38,5,-3,,0,128,6,33,20061,128,020000fffe00000a,0,32,,0,0,,,1,0,1,1,1,1,,1,
1700000004750000000,00fffe00000a,011b19000000,0,0,Sync,0,2,0,44,24,0,0,,0,1,0,0,0,0,0,1,1,1,1,0,0,020000fffe00000a,1,76,0,-4,1700000004750000000,37,,,,,,,,32,,0,0,,,,,,1,1,,1,,
1700000004750010000,00fffe000001,011b19000000,0,0,Announce,11,2,0,64,24,0,0,,0,1,0,0,0,0,0,1,1,1,1,0,0,020000fffe000001,2,38,5,-3,,37,128,6,33,20061,128,020000fffe00000a,1,32,,0,0,,,1,0,0,1,1,1,,1,
1700000004750020000,00fffe00000c,011b19000000,0,0,Delay_Req,1,2,0,44,24,0,0,,0,1,0,0,0,0,0,1,1,1,1,0,0,020000fffe00000c,1,38,1,-4,1700000004750020000,37,,,,,,,,32,,0,0,,,,,,1,1,,,,1
1700000004750021000,00fffe00000d,011b19000000,0,0,Delay_Req,1,2,0,44,24,0,0,,0,1,0,0,0,0,0,1,1,1,1,0,0,020000fffe00000d,1,38,1,-4,1700000004750021000,37,,,,,,,,32,,0,0,,,,,,1,1,,,,1
1700000004750022000,00fffe00000e,011b19000000,0,0,Delay_Req,1,2,0,44,24,0,0,,0,1,0,0,0,0,0,1,1,1,1,0,0,020000fffe00000e,1,38,1,-4,1700000004750022000,37,,,,,,,,32,,0,0,,,,,,1,1,,,,1
1700000004750050000,00fffe00000a,011b19000000,0,0,Follow_Up,8,2,0,44,24,0,0,,0,1,0,0,0,0,0,1,1,1,1,0,0,020000fffe00000a,1,76,2,-4,1700000004750050000,37,,,,,,,,32,,0,0,,,,,,1,1,,1,,
1700000004750050000,00fffe000001,011b19000000,0,0,Delay_Resp,9,2,0,54,24,0,0,,0,1,0,0,0,0,0,1,1,1,1,0,0,020000fffe000001,2,38,3,0,,37,,,,,,,,32,,0,0,020000fffe00000c,1,,,,1,1,,,,1
1700000004750051000,00fffe000001,011b19000000,0,0,Delay_Resp,9,2,0,54,24,0,0,,0,1,0,0,0,0,0,1,1,1,1,0,0,020000fffe000001,2,38,3,0,,37,,,,,,,,32,,0,0,020000fffe00000d,1,,,,1,1,,,,1
1700000004750052000,00fffe000001,011b19000000,0,0,Delay_Resp,9,2,0,54,24,0,0,,0,1,0,0,0,0,0,1,1,1,1,0,0,020000fffe000001,2,38,3,0,,37,,,,,,,,32,,0,0,020000fffe00000e,1,,,,1,1,,,,1
1700000004812500000,00fffe00000a,011b19000000,0,0,Sync,0,2,0,44,24,0,0,,0,1,0,0,0,0,0,1,1,1,1,0,0,020000fffe00000a,1,77,0,-4,1700000004812500000,37,,,,,,,,32,,0,0,,,,,,1,1,,1,,
1700000004812550000,00fffe00000a,011b19000000,0,0,Follow_Up,8,2,0,44,24,0,0,,0,1,0,0,0,0,0,1,1,1,1,0,0,020000fffe00000a,1,77,2,-4,1700000004812550000,37,,,,,,,,32,,0,0,,,,,,1,1,,1,,
1700000004875000000,00fffe00000a,011b19000000,0,0,Announce,11,2,0,64,24,0,0,,0,1,0,0,0,1,0,0,1,0,1,0,0,020000fffe00000a,1,39,5,-3,,0,128,6,33,20061,128,020000fffe00000a,0,32,,0,0,,,1,0,1,1,1,1,,1,
1700000004875000000,00fffe00000a,011b19000000,0,0,Sync,0,2,0,44,24,0,0,,0,1,0,0,0,0,0,1,1,1,1,0,0,020000fffe00000a,1,78,0,-4,1700000004875000000,37,,,,,,,,32,,0,0,,,,,,1,1,,1,,
1700000004875010000,00fffe000001,011b19000000,0,0,Announce,11,2,0,64,24,0,0,,0,1,0,0,0,0,0,1,1,1,1,0,0,020000fffe000001,2,39,5,-3,,37,128,6,33,20061,128,020000fffe00000a,1,32,,0,0,,,1,0,0,1,1,1,,1,
1700000004875020000,00fffe00000c,011b19000000,0,0,Delay_Req,1,2,0,44,24,0,0,,0,1,0,0,0,0,0,1,1,1,1,0,0,020000fffe00000c,1,39,1,-4,1700000004875020000,37,,,,,,,,32,,0,0,,,,,,1,1,,,,1
1700000004875021000,00fffe00000d,011b19000000,0,0,Delay_Req,1,2,0,44,24,0,0,,0,1,0,0,0,0,0,1,1,1,1,0,0,020000fffe00000d,1,39,1,-4,1700000004875021000,37,,,,,,,,32,,0,0,,,,,,1,1,,,,1
1700000004875022000,00fffe00000e,011b19000000,0,0,Delay_Req,1,2,0,44,24,0,0,,0,1,0,0,0,0,0,1,1,1,1,0,0,020000fffe00000e,1,39,1,-4,1700000004875022000,37,,,,,,,,32,,0,0,,,,,,1,1,,,,1
1700000004875050000,00fffe00000a,011b19000000,0,0,Follow_Up,8,2,0,44,24,0,0,,0,1,0,0,0,0,0,1,1,1,1,0,0,020000fffe00000a,1,78,2,-4,1700000004875050000,37,,,,,,,,32,,0,0,,,,,,1,1,,1,,
1700000004875050000,00fffe000001,011b19000000,0,0,Delay_Resp,9,2,0,54,24,0,0,,0,1,0,0,0,0,0,1,1,1,1,0,0,020000fffe000001,2,39,3,0,,37,,,,,,,,32,,0,0,020000fffe00000c,1,,,,1,1,,,,1
1700000004875051000,00fffe000001,011b19000000,0,0,Delay_Resp,9,2,0,54,24,0,0,,0,1,0,0,0,0,0,1,1,1,1,0,0,020000fffe000001,2,39,3,0,,37,,,,,,,,32,,0,0,020000fffe00000d,1,,,,1,1,,,,1
1700000004875052000,00fffe000001,011b19000000,0,0,Delay_Resp,9,2,0,54,24,0,0,,0,1,0,0,0,0,0,1,1,1,1,0,0,020000fffe000001,2,39,3,0,,37,,,,,,,,32,,0,0,020000fffe00000e,1,,,,1,1,,,,1
1700000004937500000,00fffe00000a,011b19000000,0,0,Sync,0,2,0,44,24,0,0,,0,1,0,0,0,0,0,1,1,1,1,0,0,020000fffe00000a,1,79,0,-4,1700000004937500000,37,,,,,,,,32,,0,0,,,,,,1,1,,1,,
1700000004937550000,00fffe00000a,011b19000000,0,0,Follow_Up,8,2,0,44,24,0,0,,0,1,0,0,0,0,0,1,1,1,1,0,0,020000fffe00000a,1,79,2,-4,1700000004937550000,37,,,,,,,,32,,0,0,,,,,,1,1,,1,,
1700000005000000000,00fffe00000a,011b19000000,0,0,Announce,11,2,0,64,24,0,0,,0,1,0,0,0,1,0,0,1,0,1,0,0,020000fffe00000a,1,40,5,-3,,0,128,6,33,20061,128,020000fffe00000a,0,32,,0,0,,,1,0,1,1,1,1,,1,
1700000005000000000,00fffe00000a,011b19000000,0,0,Sync,0,2,0,44,24,0,0,,0,1,0,0,0,0,0,1,1,1,1,0,0,020000fffe00000a,1,80,0,-4,1700000005000000000,37,,,,,,,,32,,0,0,,,,,,1,1,,1,,
1700000005000010000,00fffe000001,011b19000000,0,0,Announce,11,2,0,64,24,0,0,,0,1,0,0,0,0,0,1,1,1,1,0,0,020000fffe000001,2,40,5,-3,,37,128,6,33,20061,128,020000fffe00000a,1,32,,0,0,,,1,0,0,1,1,1,,1,
1700000005000020000,00fffe00000c,011b19000000,0,0,Delay_Req,1,2,0,44,24,0,0,,0,1,0,0,0,0,0,1,1,1,1,0,0,020000fffe00000c,1,40,1,-4,1700000005000020000,37,,,,,,,,32,,0,0,,,,,,1,1,,,,1
1700000005000021000,00fffe00000d,011b19000000,0,0,Delay_Req,1,2,0,44,24,0,0,,0,1,0,0,0,0,0,1,1,1,1,0,0,020000fffe00000d,1,40,1,-4,1700000005000021000,37,,,,,,,,32,,0,0,,,,,,1,1,,,,1
1700000005000022000,00fffe00000e,011b19000000,0,0,Delay_Req,1,2,0,44,24,0,0,,0,1,0,0,0,0,0,1,1,1,1,0,0,020000fffe00000e,1,40,1,-4,1700000005000022000,37,,,,,,,,32,,0,0,,,,,,1,1,,,,1
1700000005000050000,00fffe00000a,011b19000000,0,0,Follow_Up,8,2,0,44,24,0,0,,0,1,0,0,0,0,0,1,1,1,1,0,0,020000fffe00000a,1,80,2,-4,1700000005000050000,37,,,,,,,,32,,0,0,,,,,,1,1,,1,,
1700000005000050000,00fffe000001,011b19000000,0,0,Delay_Resp,9,2,0,54,24,0,0,,0,1,0,0,0,0,0,1,1,1,1,0,0,020000fffe000001,2,40,3,0,,37,,,,,,,,32,,0,0,020000fffe00000c,1,,,,1,1,,,,1
1700000005000051000,00fffe000001,011b19000000,0,0,Delay_Resp,9,2,0,54,24,0,0,,0,1,0,0,0,0,0,1,1,1,1,0,0,020000fffe000001,2,40,3,0,,37,,,,,,,,32,,0,0,020000fffe00000d,1,,,,1,1,,,,1
1700000005000052000,00fffe000001,011b19000000,0,0,Delay_Resp,9,2,0,54,24,0,0,,0,1,0,0,0,0,0,1,1,1,1,0,0,020000fffe000001,2,40,3,0,,37,,,,,,,,32,,0,0,020000fffe00000e,1,,,,1,1,,,,1
1700000005062500000,00fffe00000a,011b19000000,0,0,Sync,0,2,0,44,24,0,0,,0,1,0,0,0,0,0,1,1,1,1,0,0,020000fffe00000a,1,81,0,-4,1700000005062500000,37,,,,,,,,32,,0,0,,,,,,1,1,,1,,
1700000005062550000,00fffe00000a,011b19000000,0,0,Follow_Up,8,2,0,44,24,0,0,,0,1,0,0,0,0,0,1,1,1,1,0,0,020000fffe00000a,1,81,2,-4,1700000005062550000,37,,,,,,,,32,,0,0,,,,,,1,1,,1,,
1700000005125000000,00fffe00000a,011b19000000,0,0,Announce,11,2,0,64,24,0,0,,0,1,0,0,0,1,0,0,1,0,1,0,0,020000fffe00000a,1,41,5,-3,,0,128,6,33,20061,128,020000fffe00000a,0,32,,0,0,,,1,0,1,1,1,1,,1,
1700000005125000000,00fffe00000a,011b19000000,0,0,Sync,0,2,0,44,24,0,0,,0,1,0,0,0,0,0,1,1,1,1,0,0,020000fffe00000a,1,82,0,-4,1700000005125000000,37,,,,,,,,32,,0,0,,,,,,1,1,,1,,
1700000005125010000,00fffe000001,011b19000000,0,0,Announce,11,2,0,64,24,0,0,,0,1,0,0,0,0,0,1,1,1,1,0,0,020000fffe000001,2,41,5,-3,,37,128,6,33,20061,128,020000fffe00000a,1,32,,0,0,,,1,0,0,1,1,1,,1,
1700000005125020000,00fffe00000c,011b19000000,0,0,Delay_Req,1,2,0,44,24,0,0,,0,1,0,0,0,0,0,1,1,1,1,0,0,020000fffe00000c,1,41,1,-4,1700000005125020000,37,,,,,,,,32,,0,0,,,,,,1,1,,,,1
1700000005125021000,00fffe00000d,011b19000000,0,0,Delay_Req,1,2,0,44,24,0,0,,0,1,0,0,0,0,0,1,1,1,1,0,0,020000fffe00000d,1,41,1,-4,1700000005125021000,37,,,,,,,,32,,0,0,,,,,,1,1,,,,1
1700000005125022000,00fffe00000e,011b19000000,0,0,Delay_Req,1,2,0,44,24,0,0,,0,1,0,0,0,0,0,1,1,1,1,0,0,020000fffe00000e,1,41,1,-4,1700000005125022000,37,,,,,,,,32,,0,0,,,,,,1,1,,,,1
1700000005125050000,00fffe00000a,011b19000000,0,0,Follow_Up,8,2,0,44,24,0,0,,0,1,0,0,0,0,0,1,1,1,1,0,0,020000fffe00000a,1,82,2,-4,1700000005125050000,37,,,,,,,,32,,0,0,,,,,,1,1,,1,,
1700000005125050000,00fffe000001,011b19000000,0,0,Delay_Resp,9,2,0,54,24,0,0,,0,1,0,0,0,0,0,1,1,1,1,0,0,020000fffe000001,2,41,3,0,,37,,,,,,,,32,,0,0,020000fffe00000c,1,,,,1,1,,,,1
1700000005125051000,00fffe000001,011b19000000,0,0,Delay_Resp,9,2,0,54,24,0,0,,0,1,0,0,0,0,0,1,1,1,1,0,0,020000fffe000001,2,41,3,0,,37,,,,,,,,32,,0,0,020000fffe00000d,1,,,,1,1,,,,1
1700000005125052000,00fffe000001,011b19000000,0,0,Delay_Resp,9,2,0,54,24,0,0,,0,1,0,0,0,0,0,1,1,1,1,0,0,020000fffe000001,2,41,3,0,,37,,,,,,,,32,,0,0,020000fffe00000e,1,,,,1,1,,,,1
1700000005187500000,00fffe00000a,011b19000000,0,0,Sync,0,2,0,44,24,0,0,,0,1,0,0,0,0,0,1,1,1,1,0,0,020000fffe00000a,1,83,0,-4,1700000005187500000,37,,,,,,,,32,,0,0,,,,,,1,1,,1,,
1700000005187550000,00fffe00000a,011b19000000,0,0,Follow_Up,8,2,0,44,24,0,0,,0,1,0,0,0,0,0,1,1,1,1,0,0,020000fffe00000a,1,83,2,-4,1700000005187550000,37,,,,,,,,32,,0,0,,,,,,1,1,,1,,
1700000005250000000,00fffe00000a,011b19000000,0,0,Announce,11,2,0,64,24,0,0,,0,1,0,0,0,1,0,0,1,0,1,0,0,020000fffe00000a,1,42,5,-3,,0,128,6,33,20061,128,020000fffe00000a,0,32,,0,0,,,1,0,1,1,1,1,,1,
1700000005250000000,00fffe00000a,011b19000000,0,0,Sync,0,2,0,44,24,0,0,,0,1,0,0,0,0,0,1,1,1,1,0,0,020000fffe00000a,1,84,0,-4,1700000005250000000,37,,,,,,,,32,,0,0,,,,,,1,1,,1,,
1700000005250010000,00fffe000001,011b19000000,0,0,Announce,11,2,0,64,24,0,0,,0,1,0,0,0,0,0,1,1,1,1,0,0,020000fffe000001,2,42,5,-3,,37,128,6,33,20061,128,020000fffe00000a,1,32,,0,0,,,1,0,0,1,1,1,,1,
1700000005250020000,00fffe00000c,011b19000000,0,0,Delay_Req,1,2,0,44,24,0,0,,0,1,0,0,0,0,0,1,1,1,1,0,0,020000fffe00000c,1,42,1,-4,1700000005250020000,37,,,,,,,,32,,0,0,,,,,,1,1,,,,1
1700000005250021000,00fffe00000d,011b19000000,0,0,Delay_Req,1,2,0,44,24,0,0,,0,1,0,0,0,0,0,1,1,1,1,0,0,020000fffe00000d,1,42,1,-4,1700000005250021000,37,,,,,,,,32,,0,0,,,,,,1,1,,,,1
1700000005250022000,00fffe00000e,011b19000000,0,0,Delay_Req,1,2,0,44,24,0,0,,0,1,0,0,0,0,0,1,1,1,1,0,0,020000fffe00000e,1,42,1,-4,1700000005250022000,37,,,,,,,,32,,0,0,,,,,,1,1,,,,1
1700000005250050000,00fffe00000a,011b19000000,0,0,Follow_Up,8,2,0,44,24,0,0,,0,1,0,0,0,0,0,1,1,1,1,0,0,020000fffe00000a,1,84,2,-4,1700000005250050000,37,,,,,,,,32,,0,0,,,,,,1,1,,1,,
1700000005250050000,00fffe000001,011b19000000,0,0,Delay_Resp,9,2,0,54,24,0,0,,0,1,0,0,0,0,0,1,1,1,1,0,0,020000fffe000001,2,42,3,0,,37,,,,,,,,32,,0,0,020000fffe00000c,1,,,,1,1,,,,1
1700000005250051000,00fffe000001,011b19000000,0,0,Delay_Resp,9,2,0,54,24,0,0,,0,1,0,0,0,0,0,1,1,1,1,0,0,020000fffe000001,2,42,3,0,,37,,,,,,,,32,,0,0,020000fffe00000d,1,,,,1,1,,,,1
1700000005250052000,00fffe000001,011b19000000,0,0,Delay_Resp,9,2,0,54,24,0,0,,0,1,0,0,0,0,0,1,1,1,1,0,0,020000fffe000001,2,42,3,0,,37,,,,,,,,32,,0,0,020000fffe00000e,1,,,,1,1,,,,1
1700000005312500000,00fffe00000a,011b19000000,0,0,Sync,0,2,0,44,24,0,0,,0,1,0,0,0,0,0,1,1,1,1,0,0,020000fffe00000a,1,85,0,-4,1700000005312500000,37,,,,,,,,32,,0,0,,,,,,1,1,,1,,
1700000005312550000,00fffe00000a,011b19000000,0,0,Follow_Up,8,2,0,44,24,0,0,,0,1,0,0,0,0,0,1,1,1,1,0,0,020000fffe00000a,1,85,2,-4,1700000005312550000,37,,,,,,,,32,,0,0,,,,,,1,1,,1,,
1700000005375000000,00fffe00000a,011b19000000,0,0,Announce,11,2,0,64,24,0,0,,0,1,0,0,0,1,0,0,1,0,1,0,0,020000fffe00000a,1,43,5,-3,,0,128,6,33,20061,128,020000fffe00000a,0,32,,0,0,,,1,0,1,1,1,1,,1,
1700000005375000000,00fffe00000a,011b19000000,0,0,Sync,0,2,0,44,24,0,0,,0,1,0,0,0,0,0,1,1,1,1,0,0,020000fffe00000a,1,86,0,-4,1700000005375000000,37,,,,,,,,32,,0,0,,,,,,1,1,,1,,
1700000005375010000,00fffe000001,011b19000000,0,0,Announce,11,2,0,64,24,0,0,,0,1,0,0,0,0,0,1,1,1,1,0,0,020000fffe000001,2,43,5,-3,,37,128,6,33,20061,128,020000fffe00000a,1,32,,0,0,,,1,0,0,1,1,1,,1,
1700000005375020000,00fffe00000c,011b19000000,0,0,Delay_Req,1,2,0,44,24,0,0,,0,1,0,0,0,0,0,1,1,1,1,0,0,020000fffe00000c,1,43,1,-4,1700000005375020000,37,,,,,,,,32,,0,0,,,,,,1,1,,,,1
1700000005375021000,00fffe00000d,011b19000000,0,0,Delay_Req,1,2,0,44,24,0,0,,0,1,0,0,0,0,0,1,1,1,1,0,0,020000fffe00000d,1,43,1,-4,1700000005375021000,37,,,,,,,,32,,0,0,,,,,,1,1,,,,1
1700000005375022000,00fffe00000e,011b19000000,0,0,Delay_Req,1,2,0,44,24,0,0,,0,1,0,0,0,0,0,1,1,1,1,0,0,020000fffe00000e,1,43,1,-4,1700000005375022000,37,,,,,,,,32,,0,0,,,,,,1,1,,,,1
1700000005375050000,00fffe00000a,011b19000000,0,0,Follow_Up,8,2,0,44,24,0,0,,0,1,0,0,0,0,0,1,1,1,1,0,0,020000fffe00000a,1,86,2,-4,1700000005375050000,37,,,,,,,,32,,0,0,,,,,,1,1,,1,,
1700000005375050000,00fffe000001,011b19000000,0,0,Delay_Resp,9,2,0,54,24,0,0,,0,1,0,0,0,0,0,1,1,1,1,0,0,020000fffe000001,2,43,3,0,,37,,,,,,,,32,,0,0,020000fffe00000c,1,,,,1,1,,,,1
1700000005375051000,00fffe000001,011b19000000,0,0,Delay_Resp,9,2,0,54,24,0,0,,0,1,0,0,0,0,0,1,1,1,1,0,0,020000fffe000001,2,43,3,0,,37,,,,,,,,32,,0,0,020000fffe00000d,1,,,,1,1,,,,1
1700000005375052000,00fffe000001,011b19000000,0,0,Delay_Resp,9,2,0,54,24,0,0,,0,1,0,0,0,0,0,1,1,1,1,0,0,020000fffe000001,2,43,3,0,,37,,,,,,,,32,,0,0,020000fffe00000e,1,,,,1,1,,,,1
1700000005437500000,00fffe00000a,011b19000000,0,0,Sync,0,2,0,44,24,0,0,,0,1,0,0,0,0,0,1,1,1,1,0,0,020000fffe00000a,1,87,0,-4,1700000005437500000,37,,,,,,,,32,,0,0,,,,,,1,1,,1,,
1700000005437550000,00fffe00000a,011b19000000,0,0,Follow_Up,8,2,0,44,24,0,0,,0,1,0,0,0,0,0,1,1,1,1,0,0,020000fffe00000a,1,87,2,-4,1700000005437550000,37,,,,,,,,32,,0,0,,,,,,1,1,,1,,
1700000005500000000,00fffe00000a,011b19000000,0,0,Announce,11,2,0,64,24,0,0,,0,1,0,0,0,1,0,0,1,0,1,0,0,020000fffe00000a,1,44,5,-3,,0,128,6,33,20061,128,020000fffe00000a,0,32,,0,0,,,1,0,1,1,1,1,,1,
1700000005500000000,00fffe00000a,011b19000000,0,0,Sync,0,2,0,44,24,0,0,,0,1,0,0,0,0,0,1,1,1,1,0,0,020000fffe00000a,1,88,0,-4,1700000005500000000,37,,,,,,,,32,,0,0,,,,,,1,1,,1,,
1700000005500010000,00fffe000001,011b19000000,0,0,Announce,11,2,0,64,24,0,0,,0,1,0,0,0,0,0,1,1,1,1,0,0,020000fffe000001,2,44,5,-3,,37,128,6,33,20061,128,020000fffe00000a,1,32,,0,0,,,1,0,0,1,1,1,,1,
1700000005500020000,00fffe00000c,011b19000000,0,0,Delay_Req,1,2,0,44,24,0,0,,0,1,0,0,0,0,0,1,1,1,1,0,0,020000fffe00000c,1,44,1,-4,1700000005500020000,37,,,,,,,,32,,0,0,,,,,,1,1,,,,1
1700000005500021000,00fffe00000d,011b19000000,0,0,Delay_Req,1,2,0,44,24,0,0,,0,1,0,0,0,0,0,1,1,1,1,0,0,020000fffe00000d,1,44,1,-4,1700000005500021000,37,,,,,,,,32,,0,0,,,,,,1,1,,,,1
1700000005500022000,00fffe00000e,011b19000000,0,0,Delay_Req,1,2,0,44,24,0,0,,0,1,0,0,0,0,0,1,1,1,1,0,0,020000fffe00000e,1,44,1,-4,1700000005500022000,37,,,,,,,,32,,0,0,,,,,,1,1,,,,1
1700000005500050000,00fffe00000a,011b19000000,0,0,Follow_Up,8,2,0,44,24,0,0,,0,1,0,0,0,0,0,1,1,1,1,0,0,020000fffe00000a,1,88,2,-4,1700000005500050000,37,,,,,,,,32,,0,0,,,,,,1,1,,1,,
1700000005500050000,00fffe000001,011b19000000,0,0,Delay_Resp,9,2,0,54,24,0,0,,0,1,0,0,0,0,0,1,1,1,1,0,0,020000fffe000001,2,44,3,0,,37,,,,,,,,32,,0,0,020000fffe00000c,1,,,,1,1,,,,1
1700000005500051000,00fffe000001,011b19000000,0,0,Delay_Resp,9,2,0,54,24,0,0,,0,1,0,0,0,0,0,1,1,1,1,0,0,020000fffe000001,2,44,3,0,,37,,,,,,,,32,,0,0,020000fffe00000d,1,,,,1,1,,,,1
1700000005500052000,00fffe000001,011b19000000,0,0,Delay_Resp,9,2,0,54,24,0,0,,0,1,0,0,0,0,0,1,1,1,1,0,0,020000fffe000001,2,44,3,0,,37,,,,,,,,32,,0,0,020000fffe00000e,1,,,,1,1,,,,1
1700000005562500000,00fffe00000a,011b19000000,0,0,Sync,0,2,0,44,24,0,0,,0,1,0,0,0,0,0,1,1,1,1,0,0,020000fffe00000a,1,89,0,-4,1700000005562500000,37,,,,,,,,32,,0,0,,,,,,1,1,,1,,
1700000005562550000,00fffe00000a,011b19000000,0,0,Follow_Up,8,2,0,44,24,0,0,,0,1,0,0,0,0,0,1,1,1,1,0,0,020000fffe00000a,1,89,2,-4,1700000005562550000,37,,,,,,,,32,,0,0,,,,,,1,1,,1,,
1700000005625000000,00fffe00000a,011b19000000,0,0,Announce,11,2,0,64,24,0,0,,0,1,0,0,0,1,0,0,1,0,1,0,0,020000fffe00000a,1,45,5,-3,,0,128,6,33,20061,128,020000fffe00000a,0,32,,0,0,,,1,0,1,1,1,1,,1,
1700000005625000000,00fffe00000a,011b19000000,0,0,Sync,0,2,0,44,24,0,0,,0,1,0,0,0,0,0,1,1,1,1,0,0,020000fffe00000a,1,90,0,-4,1700000005625000000,37,,,,,,,,32,,0,0,,,,,,1,1,,1,,
1700000005625010000,00fffe000001,011b19000000,0,0,Announce,11,2,0,64,24,0,0,,0,1,0,0,0,0,0,1,1,1,1,0,0,020000fffe000001,2,45,5,-3,,37,128,6,33,20061,128,020000fffe00000a,1,32,,0,0,,,1,0,0,1,1,1,,1,
1700000005625020000,00fffe00000c,011b19000000,0,0,Delay_Req,1,2,0,44,24,0,0,,0,1,0,0,0,0,0,1,1,1,1,0,0,020000fffe00000c,1,45,1,-4,1700000005625020000,37,,,,,,,,32,,0,0,,,,,,1,1,,,,1
1700000005625021000,00fffe00000d,011b19000000,0,0,Delay_Req,1,2,0,44,24,0,0,,0,1,0,0,0,0,0,1,1,1,1,0,0,020000fffe00000d,1,45,1,-4,1700000005625021000,37,,,,,,,,32,,0,0,,,,,,1,1,,,,1
1700000005625022000,00fffe00000e,011b19000000,0,0,Delay_Req,1,2,0,44,24,0,0,,0,1,0,0,0,0,0,1,1,1,1,0,0,020000fffe00000e,1,45,1,-4,1700000005625022000,37,,,,,,,,32,,0,0,,,,,,1,1,,,,1
1700000005625050000,00fffe00000a,011b19000000,0,0,Follow_Up,8,2,0,44,24,0,0,,0,1,0,0,0,0,0,1,1,1,1,0,0,020000fffe00000a,1,90,2,-4,1700000005625050000,37,,,,,,,,32,,0,0,,,,,,1,1,,1,,
1700000005625050000,00fffe000001,011b19000000,0,0,Delay_Resp,9,2,0,54,24,0,0,,0,1,0,0,0,0,0,1,1,1,1,0,0,020000fffe000001,2,45,3,0,,37,,,,,,,,32,,0,0,020000fffe00000c,1,,,,1,1,,,,1
1700000005625051000,00fffe000001,011b19000000,0,0,Delay_Resp,9,2,0,54,24,0,0,,0,1,0,0,0,0,0,1,1,1,1,0,0,020000fffe000001,2,45,3,0,,37,,,,,,,,32,,0,0,020000fffe00000d,1,,,,1,1,,,,1
1700000005625052000,00fffe000001,011b19000000,0,0,Delay_Resp,9,2,0,54,24,0,0,,0,1,0,0,0,0,0,1,1,1,1,0,0,020000fffe000001,2,45,3,0,,37,,,,,,,,32,,0,0,020000fffe00000e,1,,,,1,1,,,,1
1700000005687500000,00fffe00000a,011b19000000,0,0,Sync,0,2,0,44,24,0,0,,0,1,0,0,0,0,0,1,1,1,1,0,0,020000fffe00000a,1,91,0,-4,1700000005687500000,37,,,,,,,,32,,0,0,,,,,,1,1,,1,,
1700000005687550000,00fffe00000a,011b19000000,0,0,Follow_Up,8,2,0,44,24,0,0,,0,1,0,0,0,0,0,1,1,1,1,0,0,020000fffe00000a,1,91,2,-4,1700000005687550000,37,,,,,,,,32,,0,0,,,,,,1,1,,1,,
1700000005750000000,00fffe00000a,011b19000000,0,0,Announce,11,2,0,64,24,0,0,,0,1,0,0,0,1,0,0,1,0,1,0,0,020000fffe00000a,1,46,5,-3,,0,128,6,33,20061,128,020000fffe00000a,0,32,,0,0,,,1,0,1,1,1,1,,1,
1700000005750000000,00fffe00000a,011b19000000,0,0,Sync,0,2,0,44,24,0,0,,0,1,0,0,0,0,0,1,1,1,1,0,0,020000fffe00000a,1,92,0,-4,1700000005750000000,37,,,,,,,,32,,0,0,,,,,,1,1,,1,,
1700000005750010000,00fffe000001,011b19000000,0,0,Announce,11,2,0,64,24,0,0,,0,1,0,0,0,0,0,1,1,1,1,0,0,020000fffe000001,2,46,5,-3,,37,128,6,33,20061,128,020000fffe00000a,1,32,,0,0,,,1,0,0,1,1,1,,1,
1700000005750020000,00fffe00000c,011b19000000,0,0,Delay_Req,1,2,0,44,24,0,0,,0,1,0,0,0,0,0,1,1,1,1,0,0,020000fffe00000c,1,46,1,-4,1700000005750020000,37,,,,,,,,32,,0,0,,,,,,1,1,,,,1
1700000005750021000,00fffe00000d,011b19000000,0,0,Delay_Req,1,2,0,44,24,0,0,,0,1,0,0,0,0,0,1,1,1,1,0,0,020000fffe00000d,1,46,1,-4,1700000005750021000,37,,,,,,,,32,,0,0,,,,,,1,1,,,,1
1700000005750022000,00fffe00000e,011b19000000,0,0,Delay_Req,1,2,0,44,24,0,0,,0,1,0,0,0,0,0,1,1,1,1,0,0,020000fffe00000e,1,46,1,-4,1700000005750022000,37,,,,,,,,32,,0,0,,,,,,1,1,,,,1
1700000005750050000,00fffe00000a,011b19000000,0,0,Follow_Up,8,2,0,44,24,0,0,,0,1,0,0,0,0,0,1,1,1,1,0,0,020000fffe00000a,1,92,2,-4,1700000005750050000,37,,,,,,,,32,,0,0,,,,,,1,1,,1,,
1700000005750050000,00fffe000001,011b19000000,0,0,Delay_Resp,9,2,0,54,24,0,0,,0,1,0,0,0,0,0,1,1,1,1,0,0,020000fffe000001,2,46,3,0,,37,,,,,,,,32,,0,0,020000fffe00000c,1,,,,1,1,,,,1
1700000005750051000,00fffe000001,011b19000000,0,0,Delay_Resp,9,2,0,54,24,0,0,,0,1,0,0,0,0,0,1,1,1,1,0,0,020000fffe000001,2,46,3,0,,37,,,,,,,,32,,0,0,020000fffe00000d,1,,,,1,1,,,,1
1700000005750052000,00fffe000001,011b19000000,0,0,Delay_Resp,9,2,0,54,24,0,0,,0,1,0,0,0,0,0,1,1,1,1,0,0,020000fffe000001,2,46,3,0,,37,,,,,,,,32,,0,0,020000fffe00000e,1,,,,1,1,,,,1
1700000005812500000,00fffe00000a,011b19000000,0,0,Sync,0,2,0,44,24,0,0,,0,1,0,0,0,0,0,1,1,1,1,0,0,020000fffe00000a,1,93,0,-4,1700000005812500000,37,,,,,,,,32,,0,0,,,,,,1,1,,1,,
1700000005812550000,00fffe00000a,011b19000000,0,0,Follow_Up,8,2,0,44,24,0,0,,0,1,0,0,0,0,0,1,1,1,1,0,0,020000fffe00000a,1,93,2,-4,1700000005812550000,37,,,,,,,,32,,0,0,,,,,,1,1,,1,,
1700000005875000000,00fffe00000a,011b19000000,0,0,Announce,11,2,0,64,24,0,0,,0,1,0,0,0,1,0,0,1,0,1,0,0,020000fffe00000a,1,47,5,-3,,0,128,6,33,20061,128,020000fffe00000a,0,32,,0,0,,,1,0,1,1,1,1,,1,
1700000005875000000,00fffe00000a,011b19000000,0,0,Sync,0,2,0,44,24,0,0,,0,1,0,0,0,0,0,1,1,1,1,0,0,020000fffe00000a,1,94,0,-4,1700000005875000000,37,,,,,,,,32,,0,0,,,,,,1,1,,1,,
1700000005875010000,00fffe000001,011b19000000,0,0,Announce,11,2,0,64,24,0,0,,0,1,0,0,0,0,0,1,1,1,1,0,0,020000fffe000001,2,47,5,-3,,37,128,6,33,20061,128,020000fffe00000a,1,32,,0,0,,,1,0,0,1,1,1,,1,
1700000005875020000,00fffe00000c,011b19000000,0,0,Delay_Req,1,2,0,44,24,0,0,,0,1,0,0,0,0,0,1,1,1,1,0,0,020000fffe00000c,1,47,1,-4,1700000005875020000,37,,,,,,,,32,,0,0,,,,,,1,1,,,,1
1700000005875021000,00fffe00000d,011b19000000,0,0,Delay_Req,1,2,0,44,24,0,0,,0,1,0,0,0,0,0,1,1,1,1,0,0,020000fffe00000d,1,47,1,-4,1700000005875021000,37,,,,,,,,32,,0,0,,,,,,1,1,,,,1
1700000005875022000,00fffe00000e,011b19000000,0,0,Delay_Req,1,2,0,44,24,0,0,,0,1,0,0,0,0,0,1,1,1,1,0,0,020000fffe00000e,1,47,1,-4,1700000005875022000,37,,,,,,,,32,,0,0,,,,,,1,1,,,,1
1700000005875050000,00fffe00000a,011b19000000,0,0,Follow_Up,8,2,0,44,24,0,0,,0,1,0,0,0,0,0,1,1,1,1,0,0,020000fffe00000a,1,94,2,-4,1700000005875050000,37,,,,,,,,32,,0,0,,,,,,1,1,,1,,
1700000005875050000,00fffe000001,011b19000000,0,0,Delay_Resp,9,2,0,54,24,0,0,,0,1,0,0,0,0,0,1,1,1,1,0,0,020000fffe000001,2,47,3,0,,37,,,,,,,,32,,0,0,020000fffe00000c,1,,,,1,1,,,,1
1700000005875051000,00fffe000001,011b19000000,0,0,Delay_Resp,9,2,0,54,24,0,0,,0,1,0,0,0,0,0,1,1,1,1,0,0,020000fffe000001,2,47,3,0,,37,,,,,,,,32,,0,0,020000fffe00000d,1,,,,1,1,,,,1
1700000005875052000,00fffe000001,011b19000000,0,0,Delay_Resp,9,2,0,54,24,0,0,,0,1,0,0,0,0,0,1,1,1,1,0,0,020000fffe000001,2,47,3,0,,37,,,,,,,,32,,0,0,020000fffe00000e,1,,,,1,1,,,,1
1700000005937500000,00fffe00000a,011b19000000,0,0,Sync,0,2,0,44,24,0,0,,0,1,0,0,0,0,0,1,1,1,1,0,0,020000fffe00000a,1,95,0,-4,1700000005937500000,37,,,,,,,,32,,0,0,,,,,,1,1,,1,,
1700000005937550000,00fffe00000a,011b19000000,0,0,Follow_Up,8,2,0,44,24,0,0,,0,1,0,0,0,0,0,1,1,1,1,0,0,020000fffe00000a,1,95,2,-4,1700000005937550000,37,,,,,,,,32,,0,0,,,,,,1,1,,1,,
1700000006000000000,00fffe00000a,011b19000000,0,0,Announce,11,2,0,64,24,0,0,,0,1,0,0,0,1,0,0,1,0,1,0,0,020000fffe00000a,1,48,5,-3,,0,128,6,33,20061,128,020000fffe00000a,0,32,,0,0,,,1,0,1,1,1,1,,1,
1700000006000000000,00fffe00000a,011b19000000,0,0,Sync,0,2,0,44,24,0,0,,0,1,0,0,0,0,0,1,1,1,1,0,0,020000fffe00000a,1,96,0,-4,1700000006000000000,37,,,,,,,,32,,0,0,,,,,,1,1,,1,,
1700000006000010000,00fffe000001,011b19000000,0,0,Announce,11,2,0,64,24,0,0,,0,1,0,0,0,0,0,1,1,1,1,0,0,020000fffe000001,2,48,5,-3,,37,128,6,33,20061,128,020000fffe00000a,1,32,,0,0,,,1,0,0,1,1,1,,1,
1700000006000020000,00fffe00000c,011b19000000,0,0,Delay_Req,1,2,0,44,24,0,0,,0,1,0,0,0,0,0,1,1,1,1,0,0,020000fffe00000c,1,48,1,-4,1700000006000020000,37,,,,,,,,32,,0,0,,,,,,1,1,,,,1
1700000006000021000,00fffe00000d,011b19000000,0,0,Delay_Req,1,2,0,44,24,0,0,,0,1,0,0,0,0,0,1,1,1,1,0,0,020000fffe00000d,1,48,1,-4,1700000006000021000,37,,,,,,,,32,,0,0,,,,,,1,1,,,,1
1700000006000022000,00fffe00000e,011b19000000,0,0,Delay_Req,1,2,0,44,24,0,0,,0,1,0,0,0,0,0,1,1,1,1,0,0,020000fffe00000e,1,48,1,-4,1700000006000022000,37,,,,,,,,32,,0,0,,,,,,1,1,,,,1
1700000006000050000,00fffe00000a,011b19000000,0,0,Follow_Up,8,2,0,44,24,0,0,,0,1,0,0,0,0,0,1,1,1,1,0,0,020000fffe00000a,1,96,2,-4,1700000006000050000,37,,,,,,,,32,,0,0,,,,,,1,1,,1,,
1700000006000050000,00fffe000001,011b19000000,0,0,Delay_Resp,9,2,0,54,24,0,0,,0,1,0,0,0,0,0,1,1,1,1,0,0,020000fffe000001,2,48,3,0,,37,,,,,,,,32,,0,0,020000fffe00000c,1,,,,1,1,,,,1
1700000006000051000,00fffe000001,011b19000000,0,0,Delay_Resp,9,2,0,54,24,0,0,,0,1,0,0,0,0,0,1,1,1,1,0,0,020000fffe000001,2,48,3,0,,37,,,,,,,,32,,0,0,020000fffe00000d,1,,,,1,1,,,,1
1700000006000052000,00fffe000001,011b19000000,0,0,Delay_Resp,9,2,0,54,24,0,0,,0,1,0,0,0,0,0,1,1,1,1,0,0,020000fffe000001,2,48,3,0,,37,,,,,,,,32,,0,0,020000fffe00000e,1,,,,1,1,,,,1
1700000006062500000,00fffe00000a,011b19000000,0,0,Sync,0,2,0,44,24,0,0,,0,1,0,0,0,0,0,1,1,1,1,0,0,020000fffe00000a,1,97,0,-4,1700000006062500000,37,,,,,,,,32,,0,0,,,,,,1,1,,1,,
1700000006062550000,00fffe00000a,011b19000000,0,0,Follow_Up,8,2,0,44,24,0,0,,0,1,0,0,0,0,0,1,1,1,1,0,0,020000fffe00000a,1,97,2,-4,1700000006062550000,37,,,,,,,,32,,0,0,,,,,,1,1,,1,,
1700000006125000000,00fffe00000a,011b19000000,0,0,Announce,11,2,0,64,24,0,0,,0,1,0,0,0,1,0,0,1,0,1,0,0,020000fffe00000a,1,49,5,-3,,0,128,6,33,20061,128,020000fffe00000a,0,32,,0,0,,,1,0,1,1,1,1,,1,
1700000006125000000,00fffe00000a,011b19000000,0,0,Sync,0,2,0,44,24,0,0,,0,1,0,0,0,0,0,1,1,1,1,0,0,020000fffe00000a,1,98,0,-4,1700000006125000000,37,,,,,,,,32,,0,0,,,,,,1,1,,1,,
1700000006125010000,00fffe000001,011b19000000,0,0,Announce,11,2,0,64,24,0,0,,0,1,0,0,0,0,0,1,1,1,1,0,0,020000fffe000001,2,49,5,-3,,37,128,6,33,20061,128,020000fffe00000a,1,32,,0,0,,,1,0,0,1,1,1,,1,
1700000006125020000,00fffe00000c,011b19000000,0,0,Delay_Req,1,2,0,44,24,0,0,,0,1,0,0,0,0,0,1,1,1,1,0,0,020000fffe00000c,1,49,1,-4,1700000006125020000,37,,,,,,,,32,,0,0,,,,,,1,1,,,,1
1700000006125021000,00fffe00000d,011b19000000,0,0,Delay_Req,1,2,0,44,24,0,0,,0,1,0,0,0,0,0,1,1,1,1,0,0,020000fffe00000d,1,49,1,-4,1700000006125021000,37,,,,,,,,32,,0,0,,,,,,1,1,,,,1
1700000006125022000,00fffe00000e,011b19000000,0,0,Delay_Req,1,2,0,44,24,0,0,,0,1,0,0,0,0,0,1,1,1,1,0,0,020000fffe00000e,1,49,1,-4,1700000006125022000,37,,,,,,,,32,,0,0,,,,,,1,1,,,,1
1700000006125050000,00fffe00000a,011b19000000,0,0,Follow_Up,8,2,0,44,24,0,0,,0,1,0,0,0,0,0,1,1,1,1,0,0,020000fffe00000a,1,98,2,-4,1700000006125050000,37,,,,,,,,32,,0,0,,,,,,1,1,,1,,
1700000006125050000,00fffe000001,011b19000000,0,0,Delay_Resp,9,2,0,54,24,0,0,,0,1,0,0,0,0,0,1,1,1,1,0,0,020000fffe000001,2,49,3,0,,37,,,,,,,,32,,0,0,020000fffe00000c,1,,,,1,1,,,,1
1700000006125051000,00fffe000001,011b19000000,0,0,Delay_Resp,9,2,0,54,24,0,0,,0,1,0,0,0,0,0,1,1,1,1,0,0,020000fffe000001,2,49,3,0,,37,,,,,,,,32,,0,0,020000fffe00000d,1,,,,1,1,,,,1
1700000006125052000,00fffe000001,011b19000000,0,0,Delay_Resp,9,2,0,54,24,0,0,,0,1,0,0,0,0,0,1,1,1,1,0,0,020000fffe000001,2,49,3,0,,37,,,,,,,,32,,0,0,020000fffe00000e,1,,,,1,1,,,,1
1700000006187500000,00fffe00000a,011b19000000,0,0,Sync,0,2,0,44,24,0,0,,0,1,0,0,0,0,0,1,1,1,1,0,0,020000fffe00000a,1,99,0,-4,1700000006187500000,37,,,,,,,,32,,0,0,,,,,,1,1,,1,,
1700000006187550000,00fffe00000a,011b19000000,0,0,Follow_Up,8,2,0,44,24,0,0,,0,1,0,0,0,0,0,1,1,1,1,0,0,020000fffe00000a,1,99,2,-4,1700000006187550000,37,,,,,,,,32,,0,0,,,,,,1,1,,1,,
1700000006250000000,00fffe00000a,011b19000000,0,0,Announce,11,2,0,64,24,0,0,,0,1,0,0,0,1,0,0,1,0,1,0,0,020000fffe00000a,1,50,5,-3,,0,128,6,33,20061,128,020000fffe00000a,0,32,,0,0,,,1,0,1,1,1,1,,1,
1700000006250000000,00fffe00000a,011b19000000,0,0,Sync,0,2,0,44,24,0,0,,0,1,0,0,0,0,0,1,1,1,1,0,0,020000fffe00000a,1,100,0,-4,1700000006250000000,37,,,,,,,,32,,0,0,,,,,,1,1,,1,,
1700000006250010000,00fffe000001,011b19000000,0,0,Announce,11,2,0,64,24,0,0,,0,1,0,0,0,0,0,1,1,1,1,0,0,020000fffe000001,2,50,5,-3,,37,128,6,33,20061,128,020000fffe00000a,1,32,,0,0,,,1,0,0,1,1,1,,1,
1700000006250020000,00fffe00000c,011b19000000,0,0,Delay_Req,1,2,0,44,24,0,0,,0,1,0,0,0,0,0,1,1,1,1,0,0,020000fffe00000c,1,50,1,-4,1700000006250020000,37,,,,,,,,32,,0,0,,,,,,1,1,,,,1
1700000006250021000,00fffe00000d,011b19000000,0,0,Delay_Req,1,2,0,44,24,0,0,,0,1,0,0,0,0,0,1,1,1,1,0,0,020000fffe00000d,1,50,1,-4,1700000006250021000,37,,,,,,,,32,,0,0,,,,,,1,1,,,,1
1700000006250022000,00fffe00000e,011b19000000,0,0,Delay_Req,1,2,0,44,24,0,0,,0,1,0,0,0,0,0,1,1,1,1,0,0,020000fffe00000e,1,50,1,-4,1700000006250022000,37,,,,,,,,32,,0,0,,,,,,1,1,,,,1
1700000006250050000,00fffe00000a,011b19000000,0,0,Follow_Up,8,2,0,44,24,0,0,,0,1,0,0,0,0,0,1,1,1,1,0,0,020000fffe00000a,1,100,2,-4,1700000006250050000,37,,,,,,,,32,,0,0,,,,,,1,1,,1,,
1700000006250050000,00fffe000001,011b19000000,0,0,Delay_Resp,9,2,0,54,24,0,0,,0,1,0,0,0,0,0,1,1,1,1,0,0,020000fffe000001,2,50,3,0,,37,,,,,,,,32,,0,0,020000fffe00000c,1,,,,1,1,,,,1
1700000006250051000,00fffe000001,011b19000000,0,0,Delay_Resp,9,2,0,54,24,0,0,,0,1,0,0,0,0,0,1,1,1,1,0,0,020000fffe000001,2,50,3,0,,37,,,,,,,,32,,0,0,020000fffe00000d,1,,,,1,1,,,,1
1700000006250052000,00fffe000001,011b19000000,0,0,Delay_Resp,9,2,0,54,24,0,0,,0,1,0,0,0,0,0,1,1,1,1,0,0,020000fffe000001,2,50,3,0,,37,,,,,,,,32,,0,0,020000fffe00000e,1,,,,1,1,,,,1
1700000006312500000,00fffe00000a,011b19000000,0,0,Sync,0,2,0,44,24,0,0,,0,1,0,0,0,0,0,1,1,1,1,0,0,020000fffe00000a,1,101,0,-4,1700000006312500000,37,,,,,,,,32,,0,0,,,,,,1,1,,1,,
1700000006312550000,00fffe00000a,011b19000000,0,0,Follow_Up,8,2,0,44,24,0,0,,0,1,0,0,0,0,0,1,1,1,1,0,0,020000fffe00000a,1,101,2,-4,1700000006312550000,37,,,,,,,,32,,0,0,,,,,,1,1,,1,,
1700000006375000000,00fffe00000a,011b19000000,0,0,Announce,11,2,0,64,24,0,0,,0,1,0,0,0,1,0,0,1,0,1,0,0,020000fffe00000a,1,51,5,-3,,0,128,6,33,20061,128,020000fffe00000a,0,32,,0,0,,,1,0,1,1,1,1,,1,
1700000006375000000,00fffe00000a,011b19000000,0,0,Sync,0,2,0,44,24,0,0,,0,1,0,0,0,0,0,1,1,1,1,0,0,020000fffe00000a,1,102,0,-4,1700000006375000000,37,,,,,,,,32,,0,0,,,,,,1,1,,1,,
1700000006375010000,00fffe000001,011b19000000,0,0,Announce,11,2,0,64,24,0,0,,0,1,0,0,0,0,0,1,1,1,1,0,0,020000fffe000001,2,51,5,-3,,37,128,6,33,20061,128,020000fffe00000a,1,32,,0,0,,,1,0,0,1,1,1,,1,
1700000006375020000,00fffe00000c,011b19000000,0,0,Delay_Req,1,2,0,44,24,0,0,,0,1,0,0,0,0,0,1,1,1,1,0,0,020000fffe00000c,1,51,1,-4,1700000006375020000,37,,,,,,,,32,,0,0,,,,,,1,1,,,,1
1700000006375021000,00fffe00000d,011b19000000,0,0,Delay_Req,1,2,0,44,24,0,0,,0,1,0,0,0,0,0,1,1,1,1,0,0,020000fffe00000d,1,51,1,-4,1700000006375021000,37,,,,,,,,32,,0,0,,,,,,1,1,,,,1
1700000006375022000,00fffe00000e,011b19000000,0,0,Delay_Req,1,2,0,44,24,0,0,,0,1,0,0,0,0,0,1,1,1,1,0,0,020000fffe00000e,1,51,1,-4,1700000006375022000,37,,,,,,,,32,,0,0,,,,,,1,1,,,,1
1700000006375050000,00fffe00000a,011b19000000,0,0,Follow_Up,8,2,0,44,24,0,0,,0,1,0,0,0,0,0,1,1,1,1,0,0,020000fffe00000a,1,102,2,-4,1700000006375050000,37,,,,,,,,32,,0,0,,,,,,1,1,,1,,
1700000006375050000,00fffe000001,011b19000000,0,0,Delay_Resp,9,2,0,54,24,0,0,,0,1,0,0,0,0,0,1,1,1,1,0,0,020000fffe000001,2,51,3,0,,37,,,,,,,,32,,0,0,020000fffe00000c,1,,,,1,1,,,,1
1700000006375051000,00fffe000001,011b19000000,0,0,Delay_Resp,9,2,0,54,24,0,0,,0,1,0,0,0,0,0,1,1,1,1,0,0,020000fffe000001,2,51,3,0,,37,,,,,,,,32,,0,0,020000fffe00000d,1,,,,1,1,,,,1
1700000006375052000,00fffe000001,011b19000000,0,0,Delay_Resp,9,2,0,54,24,0,0,,0,1,0,0,0,0,0,1,1,1,1,0,0,020000fffe000001,2,51,3,0,,37,,,,,,,,32,,0,0,020000fffe00000e,1,,,,1,1,,,,1
1700000006437500000,00fffe00000a,011b19000000,0,0,Sync,0,2,0,44,24,0,0,,0,1,0,0,0,0,0,1,1,1,1,0,0,020000fffe00000a,1,103,0,-4,1700000006437500000,37,,,,,,,,32,,0,0,,,,,,1,1,,1,,
1700000006437550000,00fffe00000a,011b19000000,0,0,Follow_Up,8,2,0,44,24,0,0,,0,1,0,0,0,0,0,1,1,1,1,0,0,020000fffe00000a,1,103,2,-4,1700000006437550000,37,,,,,,,,32,,0,0,,,,,,1,1,,1,,
1700000006500000000,00fffe00000a,011b19000000,0,0,Announce,11,2,0,64,24,0,0,,0,1,0,0,0,1,0,0,1,0,1,0,0,020000fffe00000a,1,52,5,-3,,0,128,6,33,20061,128,020000fffe00000a,0,32,,0,0,,,1,0,1,1,1,1,,1,
1700000006500000000,00fffe00000a,011b19000000,0,0,Sync,0,2,0,44,24,0,0,,0,1,0,0,0,0,0,1,1,1,1,0,0,020000fffe00000a,1,104,0,-4,1700000006500000000,37,,,,,,,,32,,0,0,,,,,,1,1,,1,,
1700000006500010000,00fffe000001,011b19000000,0,0,Announce,11,2,0,64,24,0,0,,0,1,0,0,0,0,0,1,1,1,1,0,0,020000fffe000001,2,52,5,-3,,37,128,6,33,20061,128,020000fffe00000a,1,32,,0,0,,,1,0,0,1,1,1,,1,
1700000006500020000,00fffe00000c,011b19000000,0,0,Delay_Req,1,2,0,44,24,0,0,,0,1,0,0,0,0,0,1,1,1,1,0,0,020000fffe00000c,1,52,1,-4,1700000006500020000,37,,,,,,,,32,,0,0,,,,,,1,1,,,,1
1700000006500021000,00fffe00000d,011b19000000,0,0,Delay_Req,1,2,0,44,24,0,0,,0,1,0,0,0,0,0,1,1,1,1,0,0,020000fffe00000d,1,52,1,-4,1700000006500021000,37,,,,,,,,32,,0,0,,,,,,1,1,,,,1
1700000006500022000,00fffe00000e,011b19000000,0,0,Delay_Req,1,2,0,44,24,0,0,,0,1,0,0,0,0,0,1,1,1,1,0,0,020000fffe00000e,1,52,1,-4,1700000006500022000,37,,,,,,,,32,,0,0,,,,,,1,1,,,,1
1700000006500050000,00fffe00000a,011b19000000,0,0,Follow_Up,8,2,0,44,24,0,0,,0,1,0,0,0,0,0,1,1,1,1,0,0,020000fffe00000a,1,104,2,-4,1700000006500050000,37,,,,,,,,32,,0,0,,,,,,1,1,,1,,
1700000006500050000,00fffe000001,011b19000000,0,0,Delay_Resp,9,2,0,54,24,0,0,,0,1,0,0,0,0,0,1,1,1,1,0,0,020000fffe000001,2,52,3,0,,37,,,,,,,,32,,0,0,020000fffe00000c,1,,,,1,1,,,,1
1700000006500051000,00fffe000001,011b19000000,0,0,Delay_Resp,9,2,0,54,24,0,0,,0,1,0,0,0,0,0,1,1,1,1,0,0,020000fffe000001,2,52,3,0,,37,,,,,,,,32,,0,0,020000fffe00000d,1,,,,1,1,,,,1
1700000006500052000,00fffe000001,011b19000000,0,0,Delay_Resp,9,2,0,54,24,0,0,,0,1,0,0,0,0,0,1,1,1,1,0,0,020000fffe000001,2,52,3,0,,37,,,,,,,,32,,0,0,020000fffe00000e,1,,,,1,1,,,,1
1700000006562500000,00fffe00000a,011b19000000,0,0,Sync,0,2,0,44,24,0,0,,0,1,0,0,0,0,0,1,1,1,1,0,0,020000fffe00000a,1,105,0,-4,1700000006562500000,37,,,,,,,,32,,0,0,,,,,,1,1,,1,,
1700000006562550000,00fffe00000a,011b19000000,0,0,Follow_Up,8,2,0,44,24,0,0,,0,1,0,0,0,0,0,1,1,1,1,0,0,020000fffe00000a,1,105,2,-4,1700000006562550000,37,,,,,,,,32,,0,0,,,,,,1,1,,1,,
1700000006625000000,00fffe00000a,011b19000000,0,0,Announce,11,2,0,64,24,0,0,,0,1,0,0,0,1,0,0,1,0,1,0,0,020000fffe00000a,1,53,5,-3,,0,128,6,33,20061,128,020000fffe00000a,0,32,,0,0,,,1,0,1,1,1,1,,1,
1700000006625000000,00fffe00000a,011b19000000,0,0,Sync,0,2,0,44,24,0,0,,0,1,0,0,0,0,0,1,1,1,1,0,0,020000fffe00000a,1,106,0,-4,1700000006625000000,37,,,,,,,,32,,0,0,,,,,,1,1,,1,,
1700000006625010000,00fffe000001,011b19000000,0,0,Announce,11,2,0,64,24,0,0,,0,1,0,0,0,0,0,1,1,1,1,0,0,020000fffe000001,2,53,5,-3,,37,128,6,33,20061,128,020000fffe00000a,1,32,,0,0,,,1,0,0,1,1,1,,1,
1700000006625020000,00fffe00000c,011b19000000,0,0,Delay_Req,1,2,0,44,24,0,0,,0,1,0,0,0,0,0,1,1,1,1,0,0,020000fffe00000c,1,53,1,-4,1700000006625020000,37,,,,,,,,32,,0,0,,,,,,1,1,,,,1
1700000006625021000,00fffe00000d,011b19000000,0,0,Delay_Req,1,2,0,44,24,0,0,,0,1,0,0,0,0,0,1,1,1,1,0,0,020000fffe00000d,1,53,1,-4,1700000006625021000,37,,,,,,,,32,,0,0,,,,,,1,1,,,,1
1700000006625022000,00fffe00000e,011b19000000,0,0,Delay_Req,1,2,0,44,24,0,0,,0,1,0,0,0,0,0,1,1,1,1,0,0,020000fffe00000e,1,53,1,-4,1700000006625022000,37,,,,,,,,32,,0,0,,,,,,1,1,,,,1
1700000006625050000,00fffe00000a,011b19000000,0,0,Follow_Up,8,2,0,44,24,0,0,,0,1,0,0,0,0,0,1,1,1,1,0,0,020000fffe00000a,1,106,2,-4,1700000006625050000,37,,,,,,,,32,,0,0,,,,,,1,1,,1,,
1700000006625050000,00fffe000001,011b19000000,0,0,Delay_Resp,9,2,0,54,24,0,0,,0,1,0,0,0,0,0,1,1,1,1,0,0,020000fffe000001,2,53,3,0,,37,,,,,,,,32,,0,0,020000fffe00000c,1,,,,1,1,,,,1
1700000006625051000,00fffe000001,011b19000000,0,0,Delay_Resp,9,2,0,54,24,0,0,,0,1,0,0,0,0,0,1,1,1,1,0,0,020000fffe000001,2,53,3,0,,37,,,,,,,,32,,0,0,020000fffe00000d,1,,,,1,1,,,,1
1700000006625052000,00fffe000001,011b19000000,0,0,Delay_Resp,9,2,0,54,24,0,0,,0,1,0,0,0,0,0,1,1,1,1,0,0,020000fffe000001,2,53,3,0,,37,,,,,,,,32,,0,0,020000fffe00000e,1,,,,1,1,,,,1
1700000006687500000,00fffe00000a,011b19000000,0,0,Sync,0,2,0,44,24,0,0,,0,1,0,0,0,0,0,1,1,1,1,0,0,020000fffe00000a,1,107,0,-4,1700000006687500000,37,,,,,,,,32,,0,0,,,,,,1,1,,1,,
1700000006687550000,00fffe00000a,011b19000000,0,0,Follow_Up,8,2,0,44,24,0,0,,0,1,0,0,0,0,0,1,1,1,1,0,0,020000fffe00000a,1,107,2,-4,1700000006687550000,37,,,,,,,,32,,0,0,,,,,,1,1,,1,,
1700000006750000000,00fffe00000a,011b19000000,0,0,Announce,11,2,0,64,24,0,0,,0,1,0,0,0,1,0,0,1,0,1,0,0,020000fffe00000a,1,54,5,-3,,0,128,6,33,20061,128,020000fffe00000a,0,32,,0,0,,,1,0,1,1,1,1,,1,
1700000006750000000,00fffe00000a,011b19000000,0,0,Sync,0,2,0,44,24,0,0,,0,1,0,0,0,0,0,1,1,1,1,0,0,020000fffe00000a,1,108,0,-4,1700000006750000000,37,,,,,,,,32,,0,0,,,,,,1,1,,1,,
1700000006750010000,00fffe000001,011b19000000,0,0,Announce,11,2,0,64,24,0,0,,0,1,0,0,0,0,0,1,1,1,1,0,0,020000fffe000001,2,54,5,-3,,37,128,6,33,20061,128,020000fffe00000a,1,32,,0,0,,,1,0,0,1,1,1,,1,
1700000006750020000,00fffe00000c,011b19000000,0,0,Delay_Req,1,2,0,44,24,0,0,,0,1,0,0,0,0,0,1,1,1,1,0,0,020000fffe00000c,1,54,1,-4,1700000006750020000,37,,,,,,,,32,,0,0,,,,,,1,1,,,,1
1700000006750021000,00fffe00000d,011b19000000,0,0,Delay_Req,1,2,0,44,24,0,0,,0,1,0,0,0,0,0,1,1,1,1,0,0,020000fffe00000d,1,54,1,-4,1700000006750021000,37,,,,,,,,32,,0,0,,,,,,1,1,,,,1
1700000006750022000,00fffe00000e,011b19000000,0,0,Delay_Req,1,2,0,44,24,0,0,,0,1,0,0,0,0,0,1,1,1,1,0,0,020000fffe00000e,1,54,1,-4,1700000006750022000,37,,,,,,,,32,,0,0,,,,,,1,1,,,,1
1700000006750050000,00fffe00000a,011b19000000,0,0,Follow_Up,8,2,0,44,24,0,0,,0,1,0,0,0,0,0,1,1,1,1,0,0,020000fffe00000a,1,108,2,-4,1700000006750050000,37,,,,,,,,32,,0,0,,,,,,1,1,,1,,
1700000006750050000,00fffe000001,011b19000000,0,0,Delay_Resp,9,2,0,54,24,0,0,,0,1,0,0,0,0,0,1,1,1,1,0,0,020000fffe000001,2,54,3,0,,37,,,,,,,,32,,0,0,020000fffe00000c,1,,,,1,1,,,,1
1700000006750051000,00fffe000001,011b19000000,0,0,Delay_Resp,9,2,0,54,24,0,0,,0,1,0,0,0,0,0,1,1,1,1,0,0,020000fffe000001,2,54,3,0,,37,,,,,,,,32,,0,0,020000fffe00000d,1,,,,1,1,,,,1
1700000006750052000,00fffe000001,011b19000000,0,0,Delay_Resp,9,2,0,54,24,0,0,,0,1,0,0,0,0,0,1,1,1,1,0,0,020000fffe000001,2,54,3,0,,37,,,,,,,,32,,0,0,020000fffe00000e,1,,,,1,1,,,,1
1700000006812500000,00fffe00000a,011b19000000,0,0,Sync,0,2,0,44,24,0,0,,0,1,0,0,0,0,0,1,1,1,1,0,0,020000fffe00000a,1,109,0,-4,1700000006812500000,37,,,,,,,,32,,0,0,,,,,,1,1,,1,,
1700000006812550000,00fffe00000a,011b19000000,0,0,Follow_Up,8,2,0,44,24,0,0,,0,1,0,0,0,0,0,1,1,1,1,0,0,020000fffe00000a,1,109,2,-4,1700000006812550000,37,,,,,,,,32,,0,0,,,,,,1,1,,1,,
1700000006875000000,00fffe00000a,011b19000000,0,0,Announce,11,2,0,64,24,0,0,,0,1,0,0,0,1,0,0,1,0,1,0,0,020000fffe00000a,1,55,5,-3,,0,128,6,33,20061,128,020000fffe00000a,0,32,,0,0,,,1,0,1,1,1,1,,1,
1700000006875000000,00fffe00000a,011b19000000,0,0,Sync,0,2,0,44,24,0,0,,0,1,0,0,0,0,0,1,1,1,1,0,0,020000fffe00000a,1,110,0,-4,1700000006875000000,37,,,,,,,,32,,0,0,,,,,,1,1,,1,,
1700000006875010000,00fffe000001,011b19000000,0,0,Announce,11,2,0,64,24,0,0,,0,1,0,0,0,0,0,1,1,1,1,0,0,020000fffe000001,2,55,5,-3,,37,128,6,33,20061,128,020000fffe00000a,1,32,,0,0,,,1,0,0,1,1,1,,1,
1700000006875020000,00fffe00000c,011b19000000,0,0,Delay_Req,1,2,0,44,24,0,0,,0,1,0,0,0,0,0,1,1,1,1,0,0,020000fffe00000c,1,55,1,-4,1700000006875020000,37,,,,,,,,32,,0,0,,,,,,1,1,,,,1
1700000006875021000,00fffe00000d,011b19000000,0,0,Delay_Req,1,2,0,44,24,0,0,,0,1,0,0,0,0,0,1,1,1,1,0,0,020000fffe00000d,1,55,1,-4,1700000006875021000,37,,,,,,,,32,,0,0,,,,,,1,1,,,,1
1700000006875022000,00fffe00000e,011b19000000,0,0,Delay_Req,1,2,0,44,24,0,0,,0,1,0,0,0,0,0,1,1,1,1,0,0,020000fffe00000e,1,55,1,-4,1700000006875022000,37,,,,,,,,32,,0,0,,,,,,1,1,,,,1
1700000006875050000,00fffe00000a,011b19000000,0,0,Follow_Up,8,2,0,44,24,0,0,,0,1,0,0,0,0,0,1,1,1,1,0,0,020000fffe00000a,1,110,2,-4,1700000006875050000,37,,,,,,,,32,,0,0,,,,,,1,1,,1,,
1700000006875050000,00fffe000001,011b19000000,0,0,Delay_Resp,9,2,0,54,24,0,0,,0,1,0,0,0,0,0,1,1,1,1,0,0,020000fffe000001,2,55,3,0,,37,,,,,,,,32,,0,0,020000fffe00000c,1,,,,1,1,,,,1
1700000006875051000,00fffe000001,011b19000000,0,0,Delay_Resp,9,2,0,54,24,0,0,,0,1,0,0,0,0,0,1,1,1,1,0,0,020000fffe000001,2,55,3,0,,37,,,,,,,,32,,0,0,020000fffe00000d,1,,,,1,1,,,,1
1700000006875052000,00fffe000001,011b19000000,0,0,Delay_Resp,9,2,0,54,24,0,0,,0,1,0,0,0,0,0,1,1,1,1,0,0,020000fffe000001,2,55,3,0,,37,,,,,,,,32,,0,0,020000fffe00000e,1,,,,1,1,,,,1
1700000006937500000,00fffe00000a,011b19000000,0,0,Sync,0,2,0,44,24,0,0,,0,1,0,0,0,0,0,1,1,1,1,0,0,020000fffe00000a,1,111,0,-4,1700000006937500000,37,,,,,,,,32,,0,0,,,,,,1,1,,1,,
1700000006937550000,00fffe00000a,011b19000000,0,0,Follow_Up,8,2,0,44,24,0,0,,0,1,0,0,0,0,0,1,1,1,1,0,0,020000fffe00000a,1,111,2,-4,1700000006937550000,37,,,,,,,,32,,0,0,,,,,,1,1,,1,,
1700000007000000000,00fffe00000a,011b19000000,0,0,Announce,11,2,0,64,24,0,0,,0,1,0,0,0,1,0,0,1,0,1,0,0,020000fffe00000a,1,56,5,-3,,0,128,6,33,20061,128,020000fffe00000a,0,32,,0,0,,,1,0,1,1,1,1,,1,
1700000007000000000,00fffe00000a,011b19000000,0,0,Sync,0,2,0,44,24,0,0,,0,1,0,0,0,0,0,1,1,1,1,0,0,020000fffe00000a,1,112,0,-4,1700000007000000000,37,,,,,,,,32,,0,0,,,,,,1,1,,1,,
1700000007000010000,00fffe000001,011b19000000,0,0,Announce,11,2,0,64,24,0,0,,0,1,0,0,0,0,0,1,1,1,1,0,0,020000fffe000001,2,56,5,-3,,37,128,6,33,20061,128,020000fffe00000a,1,32,,0,0,,,1,0,0,1,1,1,,1,
1700000007000020000,00fffe00000c,011b19000000,0,0,Delay_Req,1,2,0,44,24,0,0,,0,1,0,0,0,0,0,1,1,1,1,0,0,020000fffe00000c,1,56,1,-4,1700000007000020000,37,,,,,,,,32,,0,0,,,,,,1,1,,,,1
1700000007000021000,00fffe00000d,011b19000000,0,0,Delay_Req,1,2,0,44,24,0,0,,0,1,0,0,0,0,0,1,1,1,1,0,0,020000fffe00000d,1,56,1,-4,1700000007000021000,37,,,,,,,,32,,0,0,,,,,,1,1,,,,1
1700000007000022000,00fffe00000e,011b19000000,0,0,Delay_Req,1,2,0,44,24,0,0,,0,1,0,0,0,0,0,1,1,1,1,0,0,020000fffe00000e,1,56,1,-4,1700000007000022000,37,,,,,,,,32,,0,0,,,,,,1,1,,,,1
1700000007000050000,00fffe00000a,011b19000000,0,0,Follow_Up,8,2,0,44,24,0,0,,0,1,0,0,0,0,0,1,1,1,1,0,0,020000fffe00000a,1,112,2,-4,1700000007000050000,37,,,,,,,,32,,0,0,,,,,,1,1,,1,,
1700000007000050000,00fffe000001,011b19000000,0,0,Delay_Resp,9,2,0,54,24,0,0,,0,1,0,0,0,0,0,1,1,1,1,0,0,020000fffe000001,2,56,3,0,,37,,,,,,,,32,,0,0,020000fffe00000c,1,,,,1,1,,,,1
1700000007000051000,00fffe000001,011b19000000,0,0,Delay_Resp,9,2,0,54,24,0,0,,0,1,0,0,0,0,0,1,1,1,1,0,0,020000fffe000001,2,56,3,0,,37,,,,,,,,32,,0,0,020000fffe00000d,1,,,,1,1,,,,1
1700000007000052000,00fffe000001,011b19000000,0,0,Delay_Resp,9,2,0,54,24,0,0,,0,1,0,0,0,0,0,1,1,1,1,0,0,020000fffe000001,2,56,3,0,,37,,,,,,,,32,,0,0,020000fffe00000e,1,,,,1,1,,,,1
1700000007062500000,00fffe00000a,011b19000000,0,0,Sync,0,2,0,44,24,0,0,,0,1,0,0,0,0,0,1,1,1,1,0,0,020000fffe00000a,1,113,0,-4,1700000007062500000,37,,,,,,,,32,,0,0,,,,,,1,1,,1,,
1700000007062550000,00fffe00000a,011b19000000,0,0,Follow_Up,8,2,0,44,24,0,0,,0,1,0,0,0,0,0,1,1,1,1,0,0,020000fffe00000a,1,113,2,-4,1700000007062550000,37,,,,,,,,32,,0,0,,,,,,1,1,,1,,
1700000007125000000,00fffe00000a,011b19000000,0,0,Announce,11,2,0,64,24,0,0,,0,1,0,0,0,1,0,0,1,0,1,0,0,020000fffe00000a,1,57,5,-3,,0,128,6,33,20061,128,020000fffe00000a,0,32,,0,0,,,1,0,1,1,1,1,,1,
1700000007125000000,00fffe00000a,011b19000000,0,0,Sync,0,2,0,44,24,0,0,,0,1,0,0,0,0,0,1,1,1,1,0,0,020000fffe00000a,1,114,0,-4,1700000007125000000,37,,,,,,,,32,,0,0,,,,,,1,1,,1,,
1700000007125010000,00fffe000001,011b19000000,0,0,Announce,11,2,0,64,24,0,0,,0,1,0,0,0,0,0,1,1,1,1,0,0,020000fffe000001,2,57,5,-3,,37,128,6,33,20061,128,020000fffe00000a,1,32,,0,0,,,1,0,0,1,1,1,,1,
1700000007125020000,00fffe00000c,011b19000000,0,0,Delay_Req,1,2,0,44,24,0,0,,0,1,0,0,0,0,0,1,1,1,1,0,0,020000fffe00000c,1,57,1,-4,1700000007125020000,37,,,,,,,,32,,0,0,,,,,,1,1,,,,1
1700000007125021000,00fffe00000d,011b19000000,0,0,Delay_Req,1,2,0,44,24,0,0,,0,1,0,0,0,0,0,1,1,1,1,0,0,020000fffe00000d,1,57,1,-4,1700000007125021000,37,,,,,,,,32,,0,0,,,,,,1,1,,,,1
1700000007125022000,00fffe00000e,011b19000000,0,0,Delay_Req,1,2,0,44,24,0,0,,0,1,0,0,0,0,0,1,1,1,1,0,0,020000fffe00000e,1,57,1,-4,1700000007125022000,37,,,,,,,,32,,0,0,,,,,,1,1,,,,1
1700000007125050000,00fffe00000a,011b19000000,0,0,Follow_Up,8,2,0,44,24,0,0,,0,1,0,0,0,0,0,1,1,1,1,0,0,020000fffe00000a,1,114,2,-4,1700000007125050000,37,,,,,,,,32,,0,0,,,,,,1,1,,1,,
1700000007125050000,00fffe000001,011b19000000,0,0,Delay_Resp,9,2,0,54,24,0,0,,0,1,0,0,0,0,0,1,1,1,1,0,0,020000fffe000001,2,57,3,0,,37,,,,,,,,32,,0,0,020000fffe00000c,1,,,,1,1,,,,1
1700000007125051000,00fffe000001,011b19000000,0,0,Delay_Resp,9,2,0,54,24,0,0,,0,1,0,0,0,0,0,1,1,1,1,0,0,020000fffe000001,2,57,3,0,,37,,,,,,,,32,,0,0,020000fffe00000d,1,,,,1,1,,,,1
1700000007125052000,00fffe000001,011b19000000,0,0,Delay_Resp,9,2,0,54,24,0,0,,0,1,0,0,0,0,0,1,1,1,1,0,0,020000fffe000001,2,57,3,0,,37,,,,,,,,32,,0,0,020000fffe00000e,1,,,,1,1,,,,1
1700000007187500000,00fffe00000a,011b19000000,0,0,Sync,0,2,0,44,24,0,0,,0,1,0,0,0,0,0,1,1,1,1,0,0,020000fffe00000a,1,115,0,-4,1700000007187500000,37,,,,,,,,32,,0,0,,,,,,1,1,,1,,
1700000007187550000,00fffe00000a,011b19000000,0,0,Follow_Up,8,2,0,44,24,0,0,,0,1,0,0,0,0,0,1,1,1,1,0,0,020000fffe00000a,1,115,2,-4,1700000007187550000,37,,,,,,,,32,,0,0,,,,,,1,1,,1,,
1700000007250000000,00fffe00000a,011b19000000,0,0,Announce,11,2,0,64,24,0,0,,0,1,0,0,0,1,0,0,1,0,1,0,0,020000fffe00000a,1,58,5,-3,,0,128,6,33,20061,128,020000fffe00000a,0,32,,0,0,,,1,0,1,1,1,1,,1,
1700000007250000000,00fffe00000a,011b19000000,0,0,Sync,0,2,0,44,24,0,0,,0,1,0,0,0,0,0,1,1,1,1,0,0,020000fffe00000a,1,116,0,-4,1700000007250000000,37,,,,,,,,32,,0,0,,,,,,1,1,,1,,
1700000007250010000,00fffe000001,011b19000000,0,0,Announce,11,2,0,64,24,0,0,,0,1,0,0,0,0,0,1,1,1,1,0,0,020000fffe000001,2,58,5,-3,,37,128,6,33,20061,128,020000fffe00000a,1,32,,0,0,,,1,0,0,1,1,1,,1,
1700000007250020000,00fffe00000c,011b19000000,0,0,Delay_Req,1,2,0,44,24,0,0,,0,1,0,0,0,0,0,1,1,1,1,0,0,020000fffe00000c,1,58,1,-4,1700000007250020000,37,,,,,,,,32,,0,0,,,,,,1,1,,,,1
1700000007250021000,00fffe00000d,011b19000000,0,0,Delay_Req,1,2,0,44,24,0,0,,0,1,0,0,0,0,0,1,1,1,1,0,0,020000fffe00000d,1,58,1,-4,1700000007250021000,37,,,,,,,,32,,0,0,,,,,,1,1,,,,1
1700000007250022000,00fffe00000e,011b19000000,0,0,Delay_Req,1,2,0,44,24,0,0,,0,1,0,0,0,0,0,1,1,1,1,0,0,020000fffe00000e,1,58,1,-4,1700000007250022000,37,,,,,,,,32,,0,0,,,,,,1,1,,,,1
1700000007250050000,00fffe00000a,011b19000000,0,0,Follow_Up,8,2,0,44,24,0,0,,0,1,0,0,0,0,0,1,1,1,1,0,0,020000fffe00000a,1,116,2,-4,1700000007250050000,37,,,,,,,,32,,0,0,,,,,,1,1,,1,,
1700000007250050000,00fffe000001,011b19000000,0,0,Delay_Resp,9,2,0,54,24,0,0,,0,1,0,0,0,0,0,1,1,1,1,0,0,020000fffe000001,2,58,3,0,,37,,,,,,,,32,,0,0,020000fffe00000c,1,,,,1,1,,,,1
1700000007250051000,00fffe000001,011b19000000,0,0,Delay_Resp,9,2,0,54,24,0,0,,0,1,0,0,0,0,0,1,1,1,1,0,0,020000fffe000001,2,58,3,0,,37,,,,,,,,32,,0,0,020000fffe00000d,1,,,,1,1,,,,1
1700000007250052000,00fffe000001,011b19000000,0,0,Delay_Resp,9,2,0,54,24,0,0,,0,1,0,0,0,0,0,1,1,1,1,0,0,020000fffe000001,2,58,3,0,,37,,,,,,,,32,,0,0,020000fffe00000e,1,,,,1,1,,,,1
1700000007312500000,00fffe00000a,011b19000000,0,0,Sync,0,2,0,44,24,0,0,,0,1,0,0,0,0,0,1,1,1,1,0,0,020000fffe00000a,1,117,0,-4,1700000007312500000,37,,,,,,,,32,,0,0,,,,,,1,1,,1,,
1700000007312550000,00fffe00000a,011b19000000,0,0,Follow_Up,8,2,0,44,24,0,0,,0,1,0,0,0,0,0,1,1,1,1,0,0,020000fffe00000a,1,117,2,-4,1700000007312550000,37,,,,,,,,32,,0,0,,,,,,1,1,,1,,
1700000007375000000,00fffe00000a,011b19000000,0,0,Announce,11,2,0,64,24,0,0,,0,1,0,0,0,1,0,0,1,0,1,0,0,020000fffe00000a,1,59,5,-3,,0,128,6,33,20061,128,020000fffe00000a,0,32,,0,0,,,1,0,1,1,1,1,,1,
1700000007375000000,00fffe00000a,011b19000000,0,0,Sync,0,2,0,44,24,0,0,,0,1,0,0,0,0,0,1,1,1,1,0,0,020000fffe00000a,1,118,0,-4,1700000007375000000,37,,,,,,,,32,,0,0,,,,,,1,1,,1,,
1700000007375010000,00fffe000001,011b19000000,0,0,Announce,11,2,0,64,24,0,0,,0,1,0,0,0,0,0,1,1,1,1,0,0,020000fffe000001,2,59,5,-3,,37,128,6,33,20061,128,020000fffe00000a,1,32,,0,0,,,1,0,0,1,1,1,,1,
1700000007375020000,00fffe00000c,011b19000000,0,0,Delay_Req,1,2,0,44,24,0,0,,0,1,0,0,0,0,0,1,1,1,1,0,0,020000fffe00000c,1,59,1,-4,1700000007375020000,37,,,,,,,,32,,0,0,,,,,,1,1,,,,1
1700000007375021000,00fffe00000d,011b19000000,0,0,Delay_Req,1,2,0,44,24,0,0,,0,1,0,0,0,0,0,1,1,1,1,0,0,020000fffe00000d,1,59,1,-4,1700000007375021000,37,,,,,,,,32,,0,0,,,,,,1,1,,,,1
1700000007375022000,00fffe00000e,011b19000000,0,0,Delay_Req,1,2,0,44,24,0,0,,0,1,0,0,0,0,0,1,1,1,1,0,0,020000fffe00000e,1,59,1,-4,1700000007375022000,37,,,,,,,,32,,0,0,,,,,,1,1,,,,1
1700000007375050000,00fffe00000a,011b19000000,0,0,Follow_Up,8,2,0,44,24,0,0,,0,1,0,0,0,0,0,1,1,1,1,0,0,020000fffe00000a,1,118,2,-4,1700000007375050000,37,,,,,,,,32,,0,0,,,,,,1,1,,1,,
1700000007375050000,00fffe000001,011b19000000,0,0,Delay_Resp,9,2,0,54,24,0,0,,0,1,0,0,0,0,0,1,1,1,1,0,0,020000fffe000001,2,59,3,0,,37,,,,,,,,32,,0,0,020000fffe00000c,1,,,,1,1,,,,1
1700000007375051000,00fffe000001,011b19000000,0,0,Delay_Resp,9,2,0,54,24,0,0,,0,1,0,0,0,0,0,1,1,1,1,0,0,020000fffe000001,2,59,3,0,,37,,,,,,,,32,,0,0,020000fffe00000d,1,,,,1,1,,,,1
1700000007375052000,00fffe000001,011b19000000,0,0,Delay_Resp,9,2,0,54,24,0,0,,0,1,0,0,0,0,0,1,1,1,1,0,0,020000fffe000001,2,59,3,0,,37,,,,,,,,32,,0,0,020000fffe00000e,1,,,,1,1,,,,1
1700000007437500000,00fffe00000a,011b19000000,0,0,Sync,0,2,0,44,24,0,0,,0,1,0,0,0,0,0,1,1,1,1,0,0,020000fffe00000a,1,119,0,-4,1700000007437500000,37,,,,,,,,32,,0,0,,,,,,1,1,,1,,
1700000007437550000,00fffe00000a,011b19000000,0,0,Follow_Up,8,2,0,44,24,0,0,,0,1,0,0,0,0,0,1,1,1,1,0,0,020000fffe00000a,1,119,2,-4,1700000007437550000,37,,,,,,,,32,,0,0,,,,,,1,1,,1,,
1700000007500000000,00fffe00000a,011b19000000,0,0,Announce,11,2,0,64,24,0,0,,0,1,0,0,0,1,0,0,1,0,1,0,0,020000fffe00000a,1,60,5,-3,,0,128,6,33,20061,128,020000fffe00000a,0,32,,0,0,,,1,0,1,1,1,1,,1,
1700000007500000000,00fffe00000a,011b19000000,0,0,Sync,0,2,0,44,24,0,0,,0,1,0,0,0,0,0,1,1,1,1,0,0,020000fffe00000a,1,120,0,-4,1700000007500000000,37,,,,,,,,32,,0,0,,,,,,1,1,,1,,
1700000007500010000,00fffe000001,011b19000000,0,0,Announce,11,2,0,64,24,0,0,,0,1,0,0,0,0,0,1,1,1,1,0,0,020000fffe000001,2,60,5,-3,,37,128,6,33,20061,128,020000fffe00000a,1,32,,0,0,,,1,0,0,1,1,1,,1,
1700000007500020000,00fffe00000c,011b19000000,0,0,Delay_Req,1,2,0,44,24,0,0,,0,1,0,0,0,0,0,1,1,1,1,0,0,020000fffe00000c,1,60,1,-4,1700000007500020000,37,,,,,,,,32,,0,0,,,,,,1,1,,,,1
1700000007500021000,00fffe00000d,011b19000000,0,0,Delay_Req,1,2,0,44,24,0,0,,0,1,0,0,0,0,0,1,1,1,1,0,0,020000fffe00000d,1,60,1,-4,1700000007500021000,37,,,,,,,,32,,0,0,,,,,,1,1,,,,1
1700000007500022000,00fffe00000e,011b19000000,0,0,Delay_Req,1,2,0,44,24,0,0,,0,1,0,0,0,0,0,1,1,1,1,0,0,020000fffe00000e,1,60,1,-4,1700000007500022000,37,,,,,,,,32,,0,0,,,,,,1,1,,,,1
1700000007500050000,00fffe00000a,011b19000000,0,0,Follow_Up,8,2,0,44,24,0,0,,0,1,0,0,0,0,0,1,1,1,1,0,0,020000fffe00000a,1,120,2,-4,1700000007500050000,37,,,,,,,,32,,0,0,,,,,,1,1,,1,,
1700000007500050000,00fffe000001,011b19000000,0,0,Delay_Resp,9,2,0,54,24,0,0,,0,1,0,0,0,0,0,1,1,1,1,0,0,020000fffe000001,2,60,3,0,,37,,,,,,,,32,,0,0,020000fffe00000c,1,,,,1,1,,,,1
1700000007500051000,00fffe000001,011b19000000,0,0,Delay_Resp,9,2,0,54,24,0,0,,0,1,0,0,0,0,0,1,1,1,1,0,0,020000fffe000001,2,60,3,0,,37,,,,,,,,32,,0,0,020000fffe00000d,1,,,,1,1,,,,1
1700000007500052000,00fffe000001,011b19000000,0,0,Delay_Resp,9,2,0,54,24,0,0,,0,1,0,0,0,0,0,1,1,1,1,0,0,020000fffe000001,2,60,3,0,,37,,,,,,,,32,,0,0,020000fffe00000e,1,,,,1,1,,,,1
1700000007562500000,00fffe00000a,011b19000000,0,0,Sync,0,2,0,44,24,0,0,,0,1,0,0,0,0,0,1,1,1,1,0,0,020000fffe00000a,1,121,0,-4,1700000007562500000,37,,,,,,,,32,,0,0,,,,,,1,1,,1,,
1700000007562550000,00fffe00000a,011b19000000,0,0,Follow_Up,8,2,0,44,24,0,0,,0,1,0,0,0,0,0,1,1,1,1,0,0,020000fffe00000a,1,121,2,-4,1700000007562550000,37,,,,,,,,32,,0,0,,,,,,1,1,,1,,
1700000007625000000,00fffe00000a,011b19000000,0,0,Announce,11,2,0,64,24,0,0,,0,1,0,0,0,1,0,0,1,0,1,0,0,020000fffe00000a,1,61,5,-3,,0,128,6,33,20061,128,020000fffe00000a,0,32,,0,0,,,1,0,1,1,1,1,,1,
1700000007625000000,00fffe00000a,011b19000000,0,0,Sync,0,2,0,44,24,0,0,,0,1,0,0,0,0,0,1,1,1,1,0,0,020000fffe00000a,1,122,0,-4,1700000007625000000,37,,,,,,,,32,,0,0,,,,,,1,1,,1,,
1700000007625010000,00fffe000001,011b19000000,0,0,Announce,11,2,0,64,24,0,0,,0,1,0,0,0,0,0,1,1,1,1,0,0,020000fffe000001,2,61,5,-3,,37,128,6,33,20061,128,020000fffe00000a,1,32,,0,0,,,1,0,0,1,1,1,,1,
1700000007625020000,00fffe00000c,011b19000000,0,0,Delay_Req,1,2,0,44,24,0,0,,0,1,0,0,0,0,0,1,1,1,1,0,0,020000fffe00000c,1,61,1,-4,1700000007625020000,37,,,,,,,,32,,0,0,,,,,,1,1,,,,1
1700000007625021000,00fffe00000d,011b19000000,0,0,Delay_Req,1,2,0,44,24,0,0,,0,1,0,0,0,0,0,1,1,1,1,0,0,020000fffe00000d,1,61,1,-4,1700000007625021000,37,,,,,,,,32,,0,0,,,,,,1,1,,,,1
1700000007625022000,00fffe00000e,011b19000000,0,0,Delay_Req,1,2,0,44,24,0,0,,0,1,0,0,0,0,0,1,1,1,1,0,0,020000fffe00000e,1,61,1,-4,1700000007625022000,37,,,,,,,,32,,0,0,,,,,,1,1,,,,1
1700000007625050000,00fffe00000a,011b19000000,0,0,Follow_Up,8,2,0,44,24,0,0,,0,1,0,0,0,0,0,1,1,1,1,0,0,020000fffe00000a,1,122,2,-4,1700000007625050000,37,,,,,,,,32,,0,0,,,,,,1,1,,1,,
1700000007625050000,00fffe000001,011b19000000,0,0,Delay_Resp,9,2,0,54,24,0,0,,0,1,0,0,0,0,0,1,1,1,1,0,0,020000fffe000001,2,61,3,0,,37,,,,,,,,32,,0,0,020000fffe00000c,1,,,,1,1,,,,1
1700000007625051000,00fffe000001,011b19000000,0,0,Delay_Resp,9,2,0,54,24,0,0,,0,1,0,0,0,0,0,1,1,1,1,0,0,020000fffe000001,2,61,3,0,,37,,,,,,,,32,,0,0,020000fffe00000d,1,,,,1,1,,,,1
1700000007625052000,00fffe000001,011b19000000,0,0,Delay_Resp,9,2,0,54,24,0,0,,0,1,0,0,0,0,0,1,1,1,1,0,0,020000fffe000001,2,61,3,0,,37,,,,,,,,32,,0,0,020000fffe00000e,1,,,,1,1,,,,1
1700000007687500000,00fffe00000a,011b19000000,0,0,Sync,0,2,0,44,24,0,0,,0,1,0,0,0,0,0,1,1,1,1,0,0,020000fffe00000a,1,123,0,-4,1700000007687500000,37,,,,,,,,32,,0,0,,,,,,1,1,,1,,
1700000007687550000,00fffe00000a,011b19000000,0,0,Follow_Up,8,2,0,44,24,0,0,,0,1,0,0,0,0,0,1,1,1,1,0,0,020000fffe00000a,1,123,2,-4,1700000007687550000,37,,,,,,,,32,,0,0,,,,,,1,1,,1,,
1700000007750000000,00fffe00000a,011b19000000,0,0,Announce,11,2,0,64,24,0,0,,0,1,0,0,0,1,0,0,1,0,1,0,0,020000fffe00000a,1,62,5,-3,,0,128,6,33,20061,128,020000fffe00000a,0,32,,0,0,,,1,0,1,1,1,1,,1,
1700000007750000000,00fffe00000a,011b19000000,0,0,Sync,0,2,0,44,24,0,0,,0,1,0,0,0,0,0,1,1,1,1,0,0,020000fffe00000a,1,124,0,-4,1700000007750000000,37,,,,,,,,32,,0,0,,,,,,1,1,,1,,
1700000007750010000,00fffe000001,011b19000000,0,0,Announce,11,2,0,64,24,0,0,,0,1,0,0,0,0,0,1,1,1,1,0,0,020000fffe000001,2,62,5,-3,,37,128,6,33,20061,128,020000fffe00000a,1,32,,0,0,,,1,0,0,1,1,1,,1,
1700000007750020000,00fffe00000c,011b19000000,0,0,Delay_Req,1,2,0,44,24,0,0,,0,1,0,0,0,0,0,1,1,1,1,0,0,020000fffe00000c,1,62,1,-4,1700000007750020000,37,,,,,,,,32,,0,0,,,,,,1,1,,,,1
1700000007750021000,00fffe00000d,011b19000000,0,0,Delay_Req,1,2,0,44,24,0,0,,0,1,0,0,0,0,0,1,1,1,1,0,0,020000fffe00000d,1,62,1,-4,1700000007750021000,37,,,,,,,,32,,0,0,,,,,,1,1,,,,1
1700000007750022000,00fffe00000e,011b19000000,0,0,Delay_Req,1,2,0,44,24,0,0,,0,1,0,0,0,0,0,1,1,1,1,0,0,020000fffe00000e,1,62,1,-4,1700000007750022000,37,,,,,,,,32,,0,0,,,,,,1,1,,,,1
1700000007750050000,00fffe00000a,011b19000000,0,0,Follow_Up,8,2,0,44,24,0,0,,0,1,0,0,0,0,0,1,1,1,1,0,0,020000fffe00000a,1,124,2,-4,1700000007750050000,37,,,,,,,,32,,0,0,,,,,,1,1,,1,,
1700000007750050000,00fffe000001,011b19000000,0,0,Delay_Resp,9,2,0,54,24,0,0,,0,1,0,0,0,0,0,1,1,1,1,0,0,020000fffe000001,2,62,3,0,,37,,,,,,,,32,,0,0,020000fffe00000c,1,,,,1,1,,,,1
1700000007750051000,00fffe000001,011b19000000,0,0,Delay_Resp,9,2,0,54,24,0,0,,0,1,0,0,0,0,0,1,1,1,1,0,0,020000fffe000001,2,62,3,0,,37,,,,,,,,32,,0,0,020000fffe00000d,1,,,,1,1,,,,1
1700000007750052000,00fffe000001,011b19000000,0,0,Delay_Resp,9,2,0,54,24,0,0,,0,1,0,0,0,0,0,1,1,1,1,0,0,020000fffe000001,2,62,3,0,,37,,,,,,,,32,,0,0,020000fffe00000e,1,,,,1,1,,,,1
1700000007812500000,00fffe00000a,011b19000000,0,0,Sync,0,2,0,44,24,0,0,,0,1,0,0,0,0,0,1,1,1,1,0,0,020000fffe00000a,1,125,0,-4,1700000007812500000,37,,,,,,,,32,,0,0,,,,,,1,1,,1,,
1700000007812550000,00fffe00000a,011b19000000,0,0,Follow_Up,8,2,0,44,24,0,0,,0,1,0,0,0,0,0,1,1,1,1,0,0,020000fffe00000a,1,125,2,-4,1700000007812550000,37,,,,,,,,32,,0,0,,,,,,1,1,,1,,
1700000007875000000,00fffe00000a,011b19000000,0,0,Announce,11,2,0,64,24,0,0,,0,1,0,0,0,1,0,0,1,0,1,0,0,020000fffe00000a,1,63,5,-3,,0,128,6,33,20061,128,020000fffe00000a,0,32,,0,0,,,1,0,1,1,1,1,,1,
1700000007875000000,00fffe00000a,011b19000000,0,0,Sync,0,2,0,44,24,0,0,,0,1,0,0,0,0,0,1,1,1,1,0,0,020000fffe00000a,1,126,0,-4,1700000007875000000,37,,,,,,,,32,,0,0,,,,,,1,1,,1,,
1700000007875010000,00fffe000001,011b19000000,0,0,Announce,11,2,0,64,24,0,0,,0,1,0,0,0,0,0,1,1,1,1,0,0,020000fffe000001,2,63,5,-3,,37,128,6,33,20061,128,020000fffe00000a,1,32,,0,0,,,1,0,0,1,1,1,,1,
1700000007875020000,00fffe00000c,011b19000000,0,0,Delay_Req,1,2,0,44,24,0,0,,0,1,0,0,0,0,0,1,1,1,1,0,0,020000fffe00000c,1,63,1,-4,1700000007875020000,37,,,,,,,,32,,0,0,,,,,,1,1,,,,1
1700000007875021000,00fffe00000d,011b19000000,0,0,Delay_Req,1,2,0,44,24,0,0,,0,1,0,0,0,0,0,1,1,1,1,0,0,020000fffe00000d,1,63,1,-4,1700000007875021000,37,,,,,,,,32,,0,0,,,,,,1,1,,,,1
1700000007875022000,00fffe00000e,011b19000000,0,0,Delay_Req,1,2,0,44,24,0,0,,0,1,0,0,0,0,0,1,1,1,1,0,0,020000fffe00000e,1,63,1,-4,1700000007875022000,37,,,,,,,,32,,0,0,,,,,,1,1,,,,1
1700000007875050000,00fffe00000a,011b19000000,0,0,Follow_Up,8,2,0,44,24,0,0,,0,1,0,0,0,0,0,1,1,1,1,0,0,020000fffe00000a,1,126,2,-4,1700000007875050000,37,,,,,,,,32,,0,0,,,,,,1,1,,1,,
1700000007875050000,00fffe000001,011b19000000,0,0,Delay_Resp,9,2,0,54,24,0,0,,0,1,0,0,0,0,0,1,1,1,1,0,0,020000fffe000001,2,63,3,0,,37,,,,,,,,32,,0,0,020000fffe00000c,1,,,,1,1,,,,1
1700000007875051000,00fffe000001,011b19000000,0,0,Delay_Resp,9,2,0,54,24,0,0,,0,1,0,0,0,0,0,1,1,1,1,0,0,020000fffe000001,2,63,3,0,,37,,,,,,,,32,,0,0,020000fffe00000d,1,,,,1,1,,,,1
1700000007875052000,00fffe000001,011b19000000,0,0,Delay_Resp,9,2,0,54,24,0,0,,0,1,0,0,0,0,0,1,1,1,1,0,0,020000fffe000001,2,63,3,0,,37,,,,,,,,32,,0,0,020000fffe00000e,1,,,,1,1,,,,1
1700000007937500000,00fffe00000a,011b19000000,0,0,Sync,0,2,0,44,24,0,0,,0,1,0,0,0,0,0,1,1,1,1,0,0,020000fffe00000a,1,127,0,-4,1700000007937500000,37,,,,,,,,32,,0,0,,,,,,1,1,,1,,
1700000007937550000,00fffe00000a,011b19000000,0,0,Follow_Up,8,2,0,44,24,0,0,,0,1,0,0,0,0,0,1,1,1,1,0,0,020000fffe00000a,1,127,2,-4,1700000007937550000,37,,,,,,,,32,,0,0,,,,,,1,1,,1,,
1700000008000000000,00fffe00000a,011b19000000,0,0,Announce,11,2,0,64,24,0,0,,0,1,0,0,0,1,0,0,1,0,1,0,0,020000fffe00000a,1,64,5,-3,,0,128,6,33,20061,128,020000fffe00000a,0,32,,0,0,,,1,0,1,1,1,1,,1,
1700000008000000000,00fffe00000a,011b19000000,0,0,Sync,0,2,0,44,24,0,0,,0,1,0,0,0,0,0,1,1,1,1,0,0,020000fffe00000a,1,128,0,-4,1700000008000000000,37,,,,,,,,32,,0,0,,,,,,1,1,,1,,
1700000008000010000,00fffe000001,011b19000000,0,0,Announce,11,2,0,64,24,0,0,,0,1,0,0,0,0,0,1,1,1,1,0,0,020000fffe000001,2,64,5,-3,,37,128,6,33,20061,128,020000fffe00000a,1,32,,0,0,,,1,0,0,1,1,1,,1,
1700000008000020000,00fffe00000c,011b19000000,0,0,Delay_Req,1,2,0,44,24,0,0,,0,1,0,0,0,0,0,1,1,1,1,0,0,020000fffe00000c,1,64,1,-4,1700000008000020000,37,,,,,,,,32,,0,0,,,,,,1,1,,,,1
1700000008000021000,00fffe00000d,011b19000000,0,0,Delay_Req,1,2,0,44,24,0,0,,0,1,0,0,0,0,0,1,1,1,1,0,0,020000fffe00000d,1,64,1,-4,1700000008000021000,37,,,,,,,,32,,0,0,,,,,,1,1,,,,1
1700000008000022000,00fffe00000e,011b19000000,0,0,Delay_Req,1,2,0,44,24,0,0,,0,1,0,0,0,0,0,1,1,1,1,0,0,020000fffe00000e,1,64,1,-4,1700000008000022000,37,,,,,,,,32,,0,0,,,,,,1,1,,,,1
1700000008000050000,00fffe00000a,011b19000000,0,0,Follow_Up,8,2,0,44,24,0,0,,0,1,0,0,0,0,0,1,1,1,1,0,0,020000fffe00000a,1,128,2,-4,1700000008000050000,37,,,,,,,,32,,0,0,,,,,,1,1,,1,,
1700000008000050000,00fffe000001,011b19000000,0,0,Delay_Resp,9,2,0,54,24,0,0,,0,1,0,0,0,0,0,1,1,1,1,0,0,020000fffe000001,2,64,3,0,,37,,,,,,,,32,,0,0,020000fffe00000c,1,,,,1,1,,,,1
1700000008000051000,00fffe000001,011b19000000,0,0,Delay_Resp,9,2,0,54,24,0,0,,0,1,0,0,0,0,0,1,1,1,1,0,0,020000fffe000001,2,64,3,0,,37,,,,,,,,32,,0,0,020000fffe00000d,1,,,,1,1,,,,1
1700000008000052000,00fffe000001,011b19000000,0,0,Delay_Resp,9,2,0,54,24,0,0,,0,1,0,0,0,0,0,1,1,1,1,0,0,020000fffe000001,2,64,3,0,,37,,,,,,,,32,,0,0,020000fffe00000e,1,,,,1,1,,,,1
1700000008062500000,00fffe00000a,011b19000000,0,0,Sync,0,2,0,44,24,0,0,,0,1,0,0,0,0,0,1,1,1,1,0,0,020000fffe00000a,1,129,0,-4,1700000008062500000,37,,,,,,,,32,,0,0,,,,,,1,1,,1,,
1700000008062550000,00fffe00000a,011b19000000,0,0,Follow_Up,8,2,0,44,24,0,0,,0,1,0,0,0,0,0,1,1,1,1,0,0,020000fffe00000a,1,129,2,-4,1700000008062550000,37,,,,,,,,32,,0,0,,,,,,1,1,,1,,
1700000008125000000,00fffe00000a,011b19000000,0,0,Announce,11,2,0,64,24,0,0,,0,1,0,0,0,1,0,0,1,0,1,0,0,020000fffe00000a,1,65,5,-3,,0,128,6,33,20061,128,020000fffe00000a,0,32,,0,0,,,1,0,1,1,1,1,,1,
1700000008125000000,00fffe00000a,011b19000000,0,0,Sync,0,2,0,44,24,0,0,,0,1,0,0,0,0,0,1,1,1,1,0,0,020000fffe00000a,1,130,0,-4,1700000008125000000,37,,,,,,,,32,,0,0,,,,,,1,1,,1,,
1700000008125010000,00fffe000001,011b19000000,0,0,Announce,11,2,0,64,24,0,0,,0,1,0,0,0,0,0,1,1,1,1,0,0,020000fffe000001,2,65,5,-3,,37,128,6,33,20061,128,020000fffe00000a,1,32,,0,0,,,1,0,0,1,1,1,,1,
1700000008125020000,00fffe00000c,011b19000000,0,0,Delay_Req,1,2,0,44,24,0,0,,0,1,0,0,0,0,0,1,1,1,1,0,0,020000fffe00000c,1,65,1,-4,1700000008125020000,37,,,,,,,,32,,0,0,,,,,,1,1,,,,1
1700000008125021000,00fffe00000d,011b19000000,0,0,Delay_Req,1,2,0,44,24,0,0,,0,1,0,0,0,0,0,1,1,1,1,0,0,020000fffe00000d,1,65,1,-4,1700000008125021000,37,,,,,,,,32,,0,0,,,,,,1,1,,,,1
1700000008125022000,00fffe00000e,011b19000000,0,0,Delay_Req,1,2,0,44,24,0,0,,0,1,0,0,0,0,0,1,1,1,1,0,0,020000fffe00000e,1,65,1,-4,1700000008125022000,37,,,,,,,,32,,0,0,,,,,,1,1,,,,1
1700000008125050000,00fffe00000a,011b19000000,0,0,Follow_Up,8,2,0,44,24,0,0,,0,1,0,0,0,0,0,1,1,1,1,0,0,020000fffe00000a,1,130,2,-4,1700000008125050000,37,,,,,,,,32,,0,0,,,,,,1,1,,1,,
1700000008125050000,00fffe000001,011b19000000,0,0,Delay_Resp,9,2,0,54,24,0,0,,0,1,0,0,0,0,0,1,1,1,1,0,0,020000fffe000001,2,65,3,0,,37,,,,,,,,32,,0,0,020000fffe00000c,1,,,,1,1,,,,1
1700000008125051000,00fffe000001,011b19000000,0,0,Delay_Resp,9,2,0,54,24,0,0,,0,1,0,0,0,0,0,1,1,1,1,0,0,020000fffe000001,2,65,3,0,,37,,,,,,,,32,,0,0,020000fffe00000d,1,,,,1,1,,,,1
1700000008125052000,00fffe000001,011b19000000,0,0,Delay_Resp,9,2,0,54,24,0,0,,0,1,0,0,0,0,0,1,1,1,1,0,0,020000fffe000001,2,65,3,0,,37,,,,,,,,32,,0,0,020000fffe00000e,1,,,,1,1,,,,1
1700000008187500000,00fffe00000a,011b19000000,0,0,Sync,0,2,0,44,24,0,0,,0,1,0,0,0,0,0,1,1,1,1,0,0,020000fffe00000a,1,131,0,-4,1700000008187500000,37,,,,,,,,32,,0,0,,,,,,1,1,,1,,
1700000008187550000,00fffe00000a,011b19000000,0,0,Follow_Up,8,2,0,44,24,0,0,,0,1,0,0,0,0,0,1,1,1,1,0,0,020000fffe00000a,1,131,2,-4,1700000008187550000,37,,,,,,,,32,,0,0,,,,,,1,1,,1,,
1700000008250000000,00fffe00000a,011b19000000,0,0,Announce,11,2,0,64,24,0,0,,0,1,0,0,0,1,0,0,1,0,1,0,0,020000fffe00000a,1,66,5,-3,,0,128,6,33,20061,128,020000fffe00000a,0,32,,0,0,,,1,0,1,1,1,1,,1,
1700000008250000000,00fffe00000a,011b19000000,0,0,Sync,0,2,0,44,24,0,0,,0,1,0,0,0,0,0,1,1,1,1,0,0,020000fffe00000a,1,132,0,-4,1700000008250000000,37,,,,,,,,32,,0,0,,,,,,1,1,,1,,
1700000008250010000,00fffe000001,011b19000000,0,0,Announce,11,2,0,64,24,0,0,,0,1,0,0,0,0,0,1,1,1,1,0,0,020000fffe000001,2,66,5,-3,,37,128,6,33,20061,128,020000fffe00000a,1,32,,0,0,,,1,0,0,1,1,1,,1,
1700000008250020000,00fffe00000c,011b19000000,0,0,Delay_Req,1,2,0,44,24,0,0,,0,1,0,0,0,0,0,1,1,1,1,0,0,020000fffe00000c,1,66,1,-4,1700000008250020000,37,,,,,,,,32,,0,0,,,,,,1,1,,,,1
1700000008250021000,00fffe00000d,011b19000000,0,0,Delay_Req,1,2,0,44,24,0,0,,0,1,0,0,0,0,0,1,1,1,1,0,0,020000fffe00000d,1,66,1,-4,1700000008250021000,37,,,,,,,,32,,0,0,,,,,,1,1,,,,1
1700000008250022000,00fffe00000e,011b19000000,0,0,Delay_Req,1,2,0,44,24,0,0,,0,1,0,0,0,0,0,1,1,1,1,0,0,020000fffe00000e,1,66,1,-4,1700000008250022000,37,,,,,,,,32,,0,0,,,,,,1,1,,,,1
1700000008250050000,00fffe00000a,011b19000000,0,0,Follow_Up,8,2,0,44,24,0,0,,0,1,0,0,0,0,0,1,1,1,1,0,0,020000fffe00000a,1,132,2,-4,1700000008250050000,37,,,,,,,,32,,0,0,,,,,,1,1,,1,,
1700000008250050000,00fffe000001,011b19000000,0,0,Delay_Resp,9,2,0,54,24,0,0,,0,1,0,0,0,0,0,1,1,1,1,0,0,020000fffe000001,2,66,3,0,,37,,,,,,,,32,,0,0,020000fffe00000c,1,,,,1,1,,,,1
1700000008250051000,00fffe000001,011b19000000,0,0,Delay_Resp,9,2,0,54,24,0,0,,0,1,0,0,0,0,0,1,1,1,1,0,0,020000fffe000001,2,66,3,0,,37,,,,,,,,32,,0,0,020000fffe00000d,1,,,,1,1,,,,1
1700000008250052000,00fffe000001,011b19000000,0,0,Delay_Resp,9,2,0,54,24,0,0,,0,1,0,0,0,0,0,1,1,1,1,0,0,020000fffe000001,2,66,3,0,,37,,,,,,,,32,,0,0,020000fffe00000e,1,,,,1,1,,,,1
1700000008312500000,00fffe00000a,011b19000000,0,0,Sync,0,2,0,44,24,0,0,,0,1,0,0,0,0,0,1,1,1,1,0,0,020000fffe00000a,1,133,0,-4,1700000008312500000,37,,,,,,,,32,,0,0,,,,,,1,1,,1,,
1700000008312550000,00fffe00000a,011b19000000,0,0,Follow_Up,8,2,0,44,24,0,0,,0,1,0,0,0,0,0,1,1,1,1,0,0,020000fffe00000a,1,133,2,-4,1700000008312550000,37,,,,,,,,32,,0,0,,,,,,1,1,,1,,
1700000008375000000,00fffe00000a,011b19000000,0,0,Announce,11,2,0,64,24,0,0,,0,1,0,0,0,1,0,0,1,0,1,0,0,020000fffe00000a,1,67,5,-3,,0,128,6,33,20061,128,020000fffe00000a,0,32,,0,0,,,1,0,1,1,1,1,,1,
1700000008375000000,00fffe00000a,011b19000000,0,0,Sync,0,2,0,44,24,0,0,,0,1,0,0,0,0,0,1,1,1,1,0,0,020000fffe00000a,1,134,0,-4,1700000008375000000,37,,,,,,,,32,,0,0,,,,,,1,1,,1,,
1700000008375010000,00fffe000001,011b19000000,0,0,Announce,11,2,0,64,24,0,0,,0,1,0,0,0,0,0,1,1,1,1,0,0,020000fffe000001,2,67,5,-3,,37,128,6,33,20061,128,020000fffe00000a,1,32,,0,0,,,1,0,0,1,1,1,,1,
1700000008375020000,00fffe00000c,011b19000000,0,0,Delay_Req,1,2,0,44,24,0,0,,0,1,0,0,0,0,0,1,1,1,1,0,0,020000fffe00000c,1,67,1,-4,1700000008375020000,37,,,,,,,,32,,0,0,,,,,,1,1,,,,1
1700000008375021000,00fffe00000d,011b19000000,0,0,Delay_Req,1,2,0,44,24,0,0,,0,1,0,0,0,0,0,1,1,1,1,0,0,020000fffe00000d,1,67,1,-4,1700000008375021000,37,,,,,,,,32,,0,0,,,,,,1,1,,,,1
1700000008375022000,00fffe00000e,011b19000000,0,0,Delay_Req,1,2,0,44,24,0,0,,0,1,0,0,0,0,0,1,1,1,1,0,0,020000fffe00000e,1,67,1,-4,1700000008375022000,37,,,,,,,,32,,0,0,,,,,,1,1,,,,1
1700000008375050000,00fffe00000a,011b19000000,0,0,Follow_Up,8,2,0,44,24,0,0,,0,1,0,0,0,0,0,1,1,1,1,0,0,020000fffe00000a,1,134,2,-4,1700000008375050000,37,,,,,,,,32,,0,0,,,,,,1,1,,1,,
1700000008375050000,00fffe000001,011b19000000,0,0,Delay_Resp,9,2,0,54,24,0,0,,0,1,0,0,0,0,0,1,1,1,1,0,0,020000fffe000001,2,67,3,0,,37,,,,,,,,32,,0,0,020000fffe00000c,1,,,,1,1,,,,1
1700000008375051000,00fffe000001,011b19000000,0,0,Delay_Resp,9,2,0,54,24,0,0,,0,1,0,0,0,0,0,1,1,1,1,0,0,020000fffe000001,2,67,3,0,,37,,,,,,,,32,,0,0,020000fffe00000d,1,,,,1,1,,,,1
1700000008375052000,00fffe000001,011b19000000,0,0,Delay_Resp,9,2,0,54,24,0,0,,0,1,0,0,0,0,0,1,1,1,1,0,0,020000fffe000001,2,67,3,0,,37,,,,,,,,32,,0,0,020000fffe00000e,1,,,,1,1,,,,1
1700000008437500000,00fffe00000a,011b19000000,0,0,Sync,0,2,0,44,24,0,0,,0,1,0,0,0,0,0,1,1,1,1,0,0,020000fffe00000a,1,135,0,-4,1700000008437500000,37,,,,,,,,32,,0,0,,,,,,1,1,,1,,
1700000008437550000,00fffe00000a,011b19000000,0,0,Follow_Up,8,2,0,44,24,0,0,,0,1,0,0,0,0,0,1,1,1,1,0,0,020000fffe00000a,1,135,2,-4,1700000008437550000,37,,,,,,,,32,,0,0,,,,,,1,1,,1,,
1700000008500000000,00fffe00000a,011b19000000,0,0,Announce,11,2,0,64,24,0,0,,0,1,0,0,0,1,0,0,1,0,1,0,0,020000fffe00000a,1,68,5,-3,,0,128,6,33,20061,128,020000fffe00000a,0,32,,0,0,,,1,0,1,1,1,1,,1,
1700000008500000000,00fffe00000a,011b19000000,0,0,Sync,0,2,0,44,24,0,0,,0,1,0,0,0,0,0,1,1,1,1,0,0,020000fffe00000a,1,136,0,-4,1700000008500000000,37,,,,,,,,32,,0,0,,,,,,1,1,,1,,
1700000008500010000,00fffe000001,011b19000000,0,0,Announce,11,2,0,64,24,0,0,,0,1,0,0,0,0,0,1,1,1,1,0,0,020000fffe000001,2,68,5,-3,,37,128,6,33,20061,128,020000fffe00000a,1,32,,0,0,,,1,0,0,1,1,1,,1,
1700000008500020000,00fffe00000c,011b19000000,0,0,Delay_Req,1,2,0,44,24,0,0,,0,1,0,0,0,0,0,1,1,1,1,0,0,020000fffe00000c,1,68,1,-4,1700000008500020000,37,,,,,,,,32,,0,0,,,,,,1,1,,,,1
1700000008500021000,00fffe00000d,011b19000000,0,0,Delay_Req,1,2,0,44,24,0,0,,0,1,0,0,0,0,0,1,1,1,1,0,0,020000fffe00000d,1,68,1,-4,1700000008500021000,37,,,,,,,,32,,0,0,,,,,,1,1,,,,1
1700000008500022000,00fffe00000e,011b19000000,0,0,Delay_Req,1,2,0,44,24,0,0,,0,1,0,0,0,0,0,1,1,1,1,0,0,020000fffe00000e,1,68,1,-4,1700000008500022000,37,,,,,,,,32,,0,0,,,,,,1,1,,,,1
1700000008500050000,00fffe00000a,011b19000000,0,0,Follow_Up,8,2,0,44,24,0,0,,0,1,0,0,0,0,0,1,1,1,1,0,0,020000fffe00000a,1,136,2,-4,1700000008500050000,37,,,,,,,,32,,0,0,,,,,,1,1,,1,,
1700000008500050000,00fffe000001,011b19000000,0,0,Delay_Resp,9,2,0,54,24,0,0,,0,1,0,0,0,0,0,1,1,1,1,0,0,020000fffe000001,2,68,3,0,,37,,,,,,,,32,,0,0,020000fffe00000c,1,,,,1,1,,,,1
1700000008500051000,00fffe000001,011b19000000,0,0,Delay_Resp,9,2,0,54,24,0,0,,0,1,0,0,0,0,0,1,1,1,1,0,0,020000fffe000001,2,68,3,0,,37,,,,,,,,32,,0,0,020000fffe00000d,1,,,,1,1,,,,1
1700000008500052000,00fffe000001,011b19000000,0,0,Delay_Resp,9,2,0,54,24,0,0,,0,1,0,0,0,0,0,1,1,1,1,0,0,020000fffe000001,2,68,3,0,,37,,,,,,,,32,,0,0,020000fffe00000e,1,,,,1,1,,,,1
1700000008562500000,00fffe00000a,011b19000000,0,0,Sync,0,2,0,44,24,0,0,,0,1,0,0,0,0,0,1,1,1,1,0,0,020000fffe00000a,1,137,0,-4,1700000008562500000,37,,,,,,,,32,,0,0,,,,,,1,1,,1,,
1700000008562550000,00fffe00000a,011b19000000,0,0,Follow_Up,8,2,0,44,24,0,0,,0,1,0,0,0,0,0,1,1,1,1,0,0,020000fffe00000a,1,137,2,-4,1700000008562550000,37,,,,,,,,32,,0,0,,,,,,1,1,,1,,
1700000008625000000,00fffe00000a,011b19000000,0,0,Announce,11,2,0,64,24,0,0,,0,1,0,0,0,1,0,0,1,0,1,0,0,020000fffe00000a,1,69,5,-3,,0,128,6,33,20061,128,020000fffe00000a,0,32,,0,0,,,1,0,1,1,1,1,,1,
1700000008625000000,00fffe00000a,011b19000000,0,0,Sync,0,2,0,44,24,0,0,,0,1,0,0,0,0,0,1,1,1,1,0,0,020000fffe00000a,1,138,0,-4,1700000008625000000,37,,,,,,,,32,,0,0,,,,,,1,1,,1,,
1700000008625010000,00fffe000001,011b19000000,0,0,Announce,11,2,0,64,24,0,0,,0,1,0,0,0,0,0,1,1,1,1,0,0,020000fffe000001,2,69,5,-3,,37,128,6,33,20061,128,020000fffe00000a,1,32,,0,0,,,1,0,0,1,1,1,,1,
1700000008625020000,00fffe00000c,011b19000000,0,0,Delay_Req,1,2,0,44,24,0,0,,0,1,0,0,0,0,0,1,1,1,1,0,0,020000fffe00000c,1,69,1,-4,1700000008625020000,37,,,,,,,,32,,0,0,,,,,,1,1,,,,1
1700000008625021000,00fffe00000d,011b19000000,0,0,Delay_Req,1,2,0,44,24,0,0,,0,1,0,0,0,0,0,1,1,1,1,0,0,020000fffe00000d,1,69,1,-4,1700000008625021000,37,,,,,,,,32,,0,0,,,,,,1,1,,,,1
1700000008625022000,00fffe00000e,011b19000000,0,0,Delay_Req,1,2,0,44,24,0,0,,0,1,0,0,0,0,0,1,1,1,1,0,0,020000fffe00000e,1,69,1,-4,1700000008625022000,37,,,,,,,,32,,0,0,,,,,,1,1,,,,1
1700000008625050000,00fffe00000a,011b19000000,0,0,Follow_Up,8,2,0,44,24,0,0,,0,1,0,0,0,0,0,1,1,1,1,0,0,020000fffe00000a,1,138,2,-4,1700000008625050000,37,,,,,,,,32,,0,0,,,,,,1,1,,1,,
1700000008625050000,00fffe000001,011b19000000,0,0,Delay_Resp,9,2,0,54,24,0,0,,0,1,0,0,0,0,0,1,1,1,1,0,0,020000fffe000001,2,69,3,0,,37,,,,,,,,32,,0,0,020000fffe00000c,1,,,,1,1,,,,1
1700000008625051000,00fffe000001,011b19000000,0,0,Delay_Resp,9,2,0,54,24,0,0,,0,1,0,0,0,0,0,1,1,1,1,0,0,020000fffe000001,2,69,3,0,,37,,,,,,,,32,,0,0,020000fffe00000d,1,,,,1,1,,,,1
1700000008625052000,00fffe000001,011b19000000,0,0,Delay_Resp,9,2,0,54,24,0,0,,0,1,0,0,0,0,0,1,1,1,1,0,0,020000fffe000001,2,69,3,0,,37,,,,,,,,32,,0,0,020000fffe00000e,1,,,,1,1,,,,1
1700000008687500000,00fffe00000a,011b19000000,0,0,Sync,0,2,0,44,24,0,0,,0,1,0,0,0,0,0,1,1,1,1,0,0,020000fffe00000a,1,139,0,-4,1700000008687500000,37,,,,,,,,32,,0,0,,,,,,1,1,,1,,
1700000008687550000,00fffe00000a,011b19000000,0,0,Follow_Up,8,2,0,44,24,0,0,,0,1,0,0,0,0,0,1,1,1,1,0,0,020000fffe00000a,1,139,2,-4,1700000008687550000,37,,,,,,,,32,,0,0,,,,,,1,1,,1,,
1700000008750000000,00fffe00000a,011b19000000,0,0,Announce,11,2,0,64,24,0,0,,0,1,0,0,0,1,0,0,1,0,1,0,0,020000fffe00000a,1,70,5,-3,,0,128,6,33,20061,128,020000fffe00000a,0,32,,0,0,,,1,0,1,1,1,1,,1,
1700000008750000000,00fffe00000a,011b19000000,0,0,Sync,0,2,0,44,24,0,0,,0,1,0,0,0,0,0,1,1,1,1,0,0,020000fffe00000a,1,140,0,-4,1700000008750000000,37,,,,,,,,32,,0,0,,,,,,1,1,,1,,
1700000008750010000,00fffe000001,011b19000000,0,0,Announce,11,2,0,64,24,0,0,,0,1,0,0,0,0,0,1,1,1,1,0,0,020000fffe000001,2,70,5,-3,,37,128,6,33,20061,128,020000fffe00000a,1,32,,0,0,,,1,0,0,1,1,1,,1,
1700000008750020000,00fffe00000c,011b19000000,0,0,Delay_Req,1,2,0,44,24,0,0,,0,1,0,0,0,0,0,1,1,1,1,0,0,020000fffe00000c,1,70,1,-4,1700000008750020000,37,,,,,,,,32,,0,0,,,,,,1,1,,,,1
1700000008750021000,00fffe00000d,011b19000000,0,0,Delay_Req,1,2,0,44,24,0,0,,0,1,0,0,0,0,0,1,1,1,1,0,0,020000fffe00000d,1,70,1,-4,1700000008750021000,37,,,,,,,,32,,0,0,,,,,,1,1,,,,1
1700000008750022000,00fffe00000e,011b19000000,0,0,Delay_Req,1,2,0,44,24,0,0,,0,1,0,0,0,0,0,1,1,1,1,0,0,020000fffe00000e,1,70,1,-4,1700000008750022000,37,,,,,,,,32,,0,0,,,,,,1,1,,,,1
1700000008750050000,00fffe00000a,011b19000000,0,0,Follow_Up,8,2,0,44,24,0,0,,0,1,0,0,0,0,0,1,1,1,1,0,0,020000fffe00000a,1,140,2,-4,1700000008750050000,37,,,,,,,,32,,0,0,,,,,,1,1,,1,,
1700000008750050000,00fffe000001,011b19000000,0,0,Delay_Resp,9,2,0,54,24,0,0,,0,1,0,0,0,0,0,1,1,1,1,0,0,020000fffe000001,2,70,3,0,,37,,,,,,,,32,,0,0,020000fffe00000c,1,,,,1,1,,,,1
1700000008750051000,00fffe000001,011b19000000,0,0,Delay_Resp,9,2,0,54,24,0,0,,0,1,0,0,0,0,0,1,1,1,1,0,0,020000fffe000001,2,70,3,0,,37,,,,,,,,32,,0,0,020000fffe00000d,1,,,,1,1,,,,1
1700000008750052000,00fffe000001,011b19000000,0,0,Delay_Resp,9,2,0,54,24,0,0,,0,1,0,0,0,0,0,1,1,1,1,0,0,020000fffe000001,2,70,3,0,,37,,,,,,,,32,,0,0,020000fffe00000e,1,,,,1,1,,,,1
1700000008812500000,00fffe00000a,011b19000000,0,0,Sync,0,2,0,44,24,0,0,,0,1,0,0,0,0,0,1,1,1,1,0,0,020000fffe00000a,1,141,0,-4,1700000008812500000,37,,,,,,,,32,,0,0,,,,,,1,1,,1,,
1700000008812550000,00fffe00000a,011b19000000,0,0,Follow_Up,8,2,0,44,24,0,0,,0,1,0,0,0,0,0,1,1,1,1,0,0,020000fffe00000a,1,141,2,-4,1700000008812550000,37,,,,,,,,32,,0,0,,,,,,1,1,,1,,
1700000008875000000,00fffe00000a,011b19000000,0,0,Announce,11,2,0,64,24,0,0,,0,1,0,0,0,1,0,0,1,0,1,0,0,020000fffe00000a,1,71,5,-3,,0,128,6,33,20061,128,020000fffe00000a,0,32,,0,0,,,1,0,1,1,1,1,,1,
1700000008875000000,00fffe00000a,011b19000000,0,0,Sync,0,2,0,44,24,0,0,,0,1,0,0,0,0,0,1,1,1,1,0,0,020000fffe00000a,1,142,0,-4,1700000008875000000,37,,,,,,,,32,,0,0,,,,,,1,1,,1,,
1700000008875010000,00fffe000001,011b19000000,0,0,Announce,11,2,0,64,24,0,0,,0,1,0,0,0,0,0,1,1,1,1,0,0,020000fffe000001,2,71,5,-3,,37,128,6,33,20061,128,020000fffe00000a,1,32,,0,0,,,1,0,0,1,1,1,,1,
1700000008875020000,00fffe00000c,011b19000000,0,0,Delay_Req,1,2,0,44,24,0,0,,0,1,0,0,0,0,0,1,1,1,1,0,0,020000fffe00000c,1,71,1,-4,1700000008875020000,37,,,,,,,,32,,0,0,,,,,,1,1,,,,1
1700000008875021000,00fffe00000d,011b19000000,0,0,Delay_Req,1,2,0,44,24,0,0,,0,1,0,0,0,0,0,1,1,1,1,0,0,020000fffe00000d,1,71,1,-4,1700000008875021000,37,,,,,,,,32,,0,0,,,,,,1,1,,,,1
1700000008875022000,00fffe00000e,011b19000000,0,0,Delay_Req,1,2,0,44,24,0,0,,0,1,0,0,0,0,0,1,1,1,1,0,0,020000fffe00000e,1,71,1,-4,1700000008875022000,37,,,,,,,,32,,0,0,,,,,,1,1,,,,1
1700000008875050000,00fffe00000a,011b19000000,0,0,Follow_Up,8,2,0,44,24,0,0,,0,1,0,0,0,0,0,1,1,1,1,0,0,020000fffe00000a,1,142,2,-4,1700000008875050000,37,,,,,,,,32,,0,0,,,,,,1,1,,1,,
1700000008875050000,00fffe000001,011b19000000,0,0,Delay_Resp,9,2,0,54,24,0,0,,0,1,0,0,0,0,0,1,1,1,1,0,0,020000fffe000001,2,71,3,0,,37,,,,,,,,32,,0,0,020000fffe00000c,1,,,,1,1,,,,1
1700000008875051000,00fffe000001,011b19000000,0,0,Delay_Resp,9,2,0,54,24,0,0,,0,1,0,0,0,0,0,1,1,1,1,0,0,020000fffe000001,2,71,3,0,,37,,,,,,,,32,,0,0,020000fffe00000d,1,,,,1,1,,,,1
1700000008875052000,00fffe000001,011b19000000,0,0,Delay_Resp,9,2,0,54,24,0,0,,0,1,0,0,0,0,0,1,1,1,1,0,0,020000fffe000001,2,71,3,0,,37,,,,,,,,32,,0,0,020000fffe00000e,1,,,,1,1,,,,1
1700000008937500000,00fffe00000a,011b19000000,0,0,Sync,0,2,0,44,24,0,0,,0,1,0,0,0,0,0,1,1,1,1,0,0,020000fffe00000a,1,143,0,-4,1700000008937500000,37,,,,,,,,32,,0,0,,,,,,1,1,,1,,
1700000008937550000,00fffe00000a,011b19000000,0,0,Follow_Up,8,2,0,44,24,0,0,,0,1,0,0,0,0,0,1,1,1,1,0,0,020000fffe00000a,1,143,2,-4,1700000008937550000,37,,,,,,,,32,,0,0,,,,,,1,1,,1,,
1700000009000000000,00fffe00000a,011b19000000,0,0,Announce,11,2,0,64,24,0,0,,0,1,0,0,0,1,0,0,1,0,1,0,0,020000fffe00000a,1,72,5,-3,,0,128,6,33,20061,128,020000fffe00000a,0,32,,0,0,,,1,0,1,1,1,1,,1,
1700000009000000000,00fffe00000a,011b19000000,0,0,Sync,0,2,0,44,24,0,0,,0,1,0,0,0,0,0,1,1,1,1,0,0,020000fffe00000a,1,144,0,-4,1700000009000000000,37,,,,,,,,32,,0,0,,,,,,1,1,,1,,
1700000009000010000,00fffe000001,011b19000000,0,0,Announce,11,2,0,64,24,0,0,,0,1,0,0,0,0,0,1,1,1,1,0,0,020000fffe000001,2,72,5,-3,,37,128,6,33,20061,128,020000fffe00000a,1,32,,0,0,,,1,0,0,1,1,1,,1,
1700000009000020000,00fffe00000c,011b19000000,0,0,Delay_Req,1,2,0,44,24,0,0,,0,1,0,0,0,0,0,1,1,1,1,0,0,020000fffe00000c,1,72,1,-4,1700000009000020000,37,,,,,,,,32,,0,0,,,,,,1,1,,,,1
1700000009000021000,00fffe00000d,011b19000000,0,0,Delay_Req,1,2,0,44,24,0,0,,0,1,0,0,0,0,0,1,1,1,1,0,0,020000fffe00000d,1,72,1,-4,1700000009000021000,37,,,,,,,,32,,0,0,,,,,,1,1,,,,1
1700000009000022000,00fffe00000e,011b19000000,0,0,Delay_Req,1,2,0,44,24,0,0,,0,1,0,0,0,0,0,1,1,1,1,0,0,020000fffe00000e,1,72,1,-4,1700000009000022000,37,,,,,,,,32,,0,0,,,,,,1,1,,,,1
1700000009000050000,00fffe00000a,011b19000000,0,0,Follow_Up,8,2,0,44,24,0,0,,0,1,0,0,0,0,0,1,1,1,1,0,0,020000fffe00000a,1,144,2,-4,1700000009000050000,37,,,,,,,,32,,0,0,,,,,,1,1,,1,,
1700000009000050000,00fffe000001,011b19000000,0,0,Delay_Resp,9,2,0,54,24,0,0,,0,1,0,0,0,0,0,1,1,1,1,0,0,020000fffe000001,2,72,3,0,,37,,,,,,,,32,,0,0,020000fffe00000c,1,,,,1,1,,,,1
1700000009000051000,00fffe000001,011b19000000,0,0,Delay_Resp,9,2,0,54,24,0,0,,0,1,0,0,0,0,0,1,1,1,1,0,0,020000fffe000001,2,72,3,0,,37,,,,,,,,32,,0,0,020000fffe00000d,1,,,,1,1,,,,1
1700000009000052000,00fffe000001,011b19000000,0,0,Delay_Resp,9,2,0,54,24,0,0,,0,1,0,0,0,0,0,1,1,1,1,0,0,020000fffe000001,2,72,3,0,,37,,,,,,,,32,,0,0,020000fffe00000e,1,,,,1,1,,,,1
1700000009062500000,00fffe00000a,011b19000000,0,0,Sync,0,2,0,44,24,0,0,,0,1,0,0,0,0,0,1,1,1,1,0,0,020000fffe00000a,1,145,0,-4,1700000009062500000,37,,,,,,,,32,,0,0,,,,,,1,1,,1,,
1700000009062550000,00fffe00000a,011b19000000,0,0,Follow_Up,8,2,0,44,24,0,0,,0,1,0,0,0,0,0,1,1,1,1,0,0,020000fffe00000a,1,145,2,-4,1700000009062550000,37,,,,,,,,32,,0,0,,,,,,1,1,,1,,
1700000009125000000,00fffe00000a,011b19000000,0,0,Announce,11,2,0,64,24,0,0,,0,1,0,0,0,1,0,0,1,0,1,0,0,020000fffe00000a,1,73,5,-3,,0,128,6,33,20061,128,020000fffe00000a,0,32,,0,0,,,1,0,1,1,1,1,,1,
1700000009125000000,00fffe00000a,011b19000000,0,0,Sync,0,2,0,44,24,0,0,,0,1,0,0,0,0,0,1,1,1,1,0,0,020000fffe00000a,1,146,0,-4,1700000009125000000,37,,,,,,,,32,,0,0,,,,,,1,1,,1,,
1700000009125010000,00fffe000001,011b19000000,0,0,Announce,11,2,0,64,24,0,0,,0,1,0,0,0,0,0,1,1,1,1,0,0,020000fffe000001,2,73,5,-3,,37,128,6,33,20061,128,020000fffe00000a,1,32,,0,0,,,1,0,0,1,1,1,,1,
1700000009125020000,00fffe00000c,011b19000000,0,0,Delay_Req,1,2,0,44,24,0,0,,0,1,0,0,0,0,0,1,1,1,1,0,0,020000fffe00000c,1,73,1,-4,1700000009125020000,37,,,,,,,,32,,0,0,,,,,,1,1,,,,1
1700000009125021000,00fffe00000d,011b19000000,0,0,Delay_Req,1,2,0,44,24,0,0,,0,1,0,0,0,0,0,1,1,1,1,0,0,020000fffe00000d,1,73,1,-4,1700000009125021000,37,,,,,,,,32,,0,0,,,,,,1,1,,,,1
1700000009125022000,00fffe00000e,011b19000000,0,0,Delay_Req,1,2,0,44,24,0,0,,0,1,0,0,0,0,0,1,1,1,1,0,0,020000fffe00000e,1,73,1,-4,1700000009125022000,37,,,,,,,,32,,0,0,,,,,,1,1,,,,1
1700000009125050000,00fffe00000a,011b19000000,0,0,Follow_Up,8,2,0,44,24,0,0,,0,1,0,0,0,0,0,1,1,1,1,0,0,020000fffe00000a,1,146,2,-4,1700000009125050000,37,,,,,,,,32,,0,0,,,,,,1,1,,1,,
1700000009125050000,00fffe000001,011b19000000,0,0,Delay_Resp,9,2,0,54,24,0,0,,0,1,0,0,0,0,0,1,1,1,1,0,0,020000fffe000001,2,73,3,0,,37,,,,,,,,32,,0,0,020000fffe00000c,1,,,,1,1,,,,1
1700000009125051000,00fffe000001,011b19000000,0,0,Delay_Resp,9,2,0,54,24,0,0,,0,1,0,0,0,0,0,1,1,1,1,0,0,020000fffe000001,2,73,3,0,,37,,,,,,,,32,,0,0,020000fffe00000d,1,,,,1,1,,,,1
1700000009125052000,00fffe000001,011b19000000,0,0,Delay_Resp,9,2,0,54,24,0,0,,0,1,0,0,0,0,0,1,1,1,1,0,0,020000fffe000001,2,73,3,0,,37,,,,,,,,32,,0,0,020000fffe00000e,1,,,,1,1,,,,1
1700000009187500000,00fffe00000a,011b19000000,0,0,Sync,0,2,0,44,24,0,0,,0,1,0,0,0,0,0,1,1,1,1,0,0,020000fffe00000a,1,147,0,-4,1700000009187500000,37,,,,,,,,32,,0,0,,,,,,1,1,,1,,
1700000009187550000,00fffe00000a,011b19000000,0,0,Follow_Up,8,2,0,44,24,0,0,,0,1,0,0,0,0,0,1,1,1,1,0,0,020000fffe00000a,1,147,2,-4,1700000009187550000,37,,,,,,,,32,,0,0,,,,,,1,1,,1,,
1700000009250000000,00fffe00000a,011b19000000,0,0,Announce,11,2,0,64,24,0,0,,0,1,0,0,0,1,0,0,1,0,1,0,0,020000fffe00000a,1,74,5,-3,,0,128,6,33,20061,128,020000fffe00000a,0,32,,0,0,,,1,0,1,1,1,1,,1,
1700000009250000000,00fffe00000a,011b19000000,0,0,Sync,0,2,0,44,24,0,0,,0,1,0,0,0,0,0,1,1,1,1,0,0,020000fffe00000a,1,148,0,-4,1700000009250000000,37,,,,,,,,32,,0,0,,,,,,1,1,,1,,
1700000009250010000,00fffe000001,011b19000000,0,0,Announce,11,2,0,64,24,0,0,,0,1,0,0,0,0,0,1,1,1,1,0,0,020000fffe000001,2,74,5,-3,,37,128,6,33,20061,128,020000fffe00000a,1,32,,0,0,,,1,0,0,1,1,1,,1,
1700000009250020000,00fffe00000c,011b19000000,0,0,Delay_Req,1,2,0,44,24,0,0,,0,1,0,0,0,0,0,1,1,1,1,0,0,020000fffe00000c,1,74,1,-4,1700000009250020000,37,,,,,,,,32,,0,0,,,,,,1,1,,,,1
1700000009250021000,00fffe00000d,011b19000000,0,0,Delay_Req,1,2,0,44,24,0,0,,0,1,0,0,0,0,0,1,1,1,1,0,0,020000fffe00000d,1,74,1,-4,1700000009250021000,37,,,,,,,,32,,0,0,,,,,,1,1,,,,1
1700000009250022000,00fffe00000e,011b19000000,0,0,Delay_Req,1,2,0,44,24,0,0,,0,1,0,0,0,0,0,1,1,1,1,0,0,020000fffe00000e,1,74,1,-4,1700000009250022000,37,,,,,,,,32,,0,0,,,,,,1,1,,,,1
1700000009250050000,00fffe00000a,011b19000000,0,0,Follow_Up,8,2,0,44,24,0,0,,0,1,0,0,0,0,0,1,1,1,1,0,0,020000fffe00000a,1,148,2,-4,1700000009250050000,37,,,,,,,,32,,0,0,,,,,,1,1,,1,,
1700000009250050000,00fffe000001,011b19000000,0,0,Delay_Resp,9,2,0,54,24,0,0,,0,1,0,0,0,0,0,1,1,1,1,0,0,020000fffe000001,2,74,3,0,,37,,,,,,,,32,,0,0,020000fffe00000c,1,,,,1,1,,,,1
1700000009250051000,00fffe000001,011b19000000,0,0,Delay_Resp,9,2,0,54,24,0,0,,0,1,0,0,0,0,0,1,1,1,1,0,0,020000fffe000001,2,74,3,0,,37,,,,,,,,32,,0,0,020000fffe00000d,1,,,,1,1,,,,1
1700000009250052000,00fffe000001,011b19000000,0,0,Delay_Resp,9,2,0,54,24,0,0,,0,1,0,0,0,0,0,1,1,1,1,0,0,020000fffe000001,2,74,3,0,,37,,,,,,,,32,,0,0,020000fffe00000e,1,,,,1,1,,,,1
1700000009312500000,00fffe00000a,011b19000000,0,0,Sync,0,2,0,44,24,0,0,,0,1,0,0,0,0,0,1,1,1,1,0,0,020000fffe00000a,1,149,0,-4,1700000009312500000,37,,,,,,,,32,,0,0,,,,,,1,1,,1,,
1700000009312550000,00fffe00000a,011b19000000,0,0,Follow_Up,8,2,0,44,24,0,0,,0,1,0,0,0,0,0,1,1,1,1,0,0,020000fffe00000a,1,149,2,-4,1700000009312550000,37,,,,,,,,32,,0,0,,,,,,1,1,,1,,
1700000009375000000,00fffe00000a,011b19000000,0,0,Announce,11,2,0,64,24,0,0,,0,1,0,0,0,1,0,0,1,0,1,0,0,020000fffe00000a,1,75,5,-3,,0,128,6,33,20061,128,020000fffe00000a,0,32,,0,0,,,1,0,1,1,1,1,,1,
1700000009375000000,00fffe00000a,011b19000000,0,0,Sync,0,2,0,44,24,0,0,,0,1,0,0,0,0,0,1,1,1,1,0,0,020000fffe00000a,1,150,0,-4,1700000009375000000,37,,,,,,,,32,,0,0,,,,,,1,1,,1,,
1700000009375010000,00fffe000001,011b19000000,0,0,Announce,11,2,0,64,24,0,0,,0,1,0,0,0,0,0,1,1,1,1,0,0,020000fffe000001,2,75,5,-3,,37,128,6,33,20061,128,020000fffe00000a,1,32,,0,0,,,1,0,0,1,1,1,,1,
1700000009375020000,00fffe00000c,011b19000000,0,0,Delay_Req,1,2,0,44,24,0,0,,0,1,0,0,0,0,0,1,1,1,1,0,0,020000fffe00000c,1,75,1,-4,1700000009375020000,37,,,,,,,,32,,0,0,,,,,,1,1,,,,1
1700000009375021000,00fffe00000d,011b19000000,0,0,Delay_Req,1,2,0,44,24,0,0,,0,1,0,0,0,0,0,1,1,1,1,0,0,020000fffe00000d,1,75,1,-4,1700000009375021000,37,,,,,,,,32,,0,0,,,,,,1,1,,,,1
1700000009375022000,00fffe00000e,011b19000000,0,0,Delay_Req,1,2,0,44,24,0,0,,0,1,0,0,0,0,0,1,1,1,1,0,0,020000fffe00000e,1,75,1,-4,1700000009375022000,37,,,,,,,,32,,0,0,,,,,,1,1,,,,1
1700000009375050000,00fffe00000a,011b19000000,0,0,Follow_Up,8,2,0,44,24,0,0,,0,1,0,0,0,0,0,1,1,1,1,0,0,020000fffe00000a,1,150,2,-4,1700000009375050000,37,,,,,,,,32,,0,0,,,,,,1,1,,1,,
1700000009375050000,00fffe000001,011b19000000,0,0,Delay_Resp,9,2,0,54,24,0,0,,0,1,0,0,0,0,0,1,1,1,1,0,0,020000fffe000001,2,75,3,0,,37,,,,,,,,32,,0,0,020000fffe00000c,1,,,,1,1,,,,1
1700000009375051000,00fffe000001,011b19000000,0,0,Delay_Resp,9,2,0,54,24,0,0,,0,1,0,0,0,0,0,1,1,1,1,0,0,020000fffe000001,2,75,3,0,,37,,,,,,,,32,,0,0,020000fffe00000d,1,,,,1,1,,,,1
1700000009375052000,00fffe000001,011b19000000,0,0,Delay_Resp,9,2,0,54,24,0,0,,0,1,0,0,0,0,0,1,1,1,1,0,0,020000fffe000001,2,75,3,0,,37,,,,,,,,32,,0,0,020000fffe00000e,1,,,,1,1,,,,1
1700000009437500000,00fffe00000a,011b19000000,0,0,Sync,0,2,0,44,24,0,0,,0,1,0,0,0,0,0,1,1,1,1,0,0,020000fffe00000a,1,151,0,-4,1700000009437500000,37,,,,,,,,32,,0,0,,,,,,1,1,,1,,
1700000009437550000,00fffe00000a,011b19000000,0,0,Follow_Up,8,2,0,44,24,0,0,,0,1,0,0,0,0,0,1,1,1,1,0,0,020000fffe00000a,1,151,2,-4,1700000009437550000,37,,,,,,,,32,,0,0,,,,,,1,1,,1,,
1700000009500000000,00fffe00000a,011b19000000,0,0,Announce,11,2,0,64,24,0,0,,0,1,0,0,0,1,0,0,1,0,1,0,0,020000fffe00000a,1,76,5,-3,,0,128,6,33,20061,128,020000fffe00000a,0,32,,0,0,,,1,0,1,1,1,1,,1,
1700000009500000000,00fffe00000a,011b19000000,0,0,Sync,0,2,0,44,24,0,0,,0,1,0,0,0,0,0,1,1,1,1,0,0,020000fffe00000a,1,152,0,-4,1700000009500000000,37,,,,,,,,32,,0,0,,,,,,1,1,,1,,
1700000009500010000,00fffe000001,011b19000000,0,0,Announce,11,2,0,64,24,0,0,,0,1,0,0,0,0,0,1,1,1,1,0,0,020000fffe000001,2,76,5,-3,,37,128,6,33,20061,128,020000fffe00000a,1,32,,0,0,,,1,0,0,1,1,1,,1,
1700000009500020000,00fffe00000c,011b19000000,0,0,Delay_Req,1,2,0,44,24,0,0,,0,1,0,0,0,0,0,1,1,1,1,0,0,020000fffe00000c,1,76,1,-4,1700000009500020000,37,,,,,,,,32,,0,0,,,,,,1,1,,,,1
1700000009500021000,00fffe00000d,011b19000000,0,0,Delay_Req,1,2,0,44,24,0,0,,0,1,0,0,0,0,0,1,1,1,1,0,0,020000fffe00000d,1,76,1,-4,1700000009500021000,37,,,,,,,,32,,0,0,,,,,,1,1,,,,1
1700000009500022000,00fffe00000e,011b19000000,0,0,Delay_Req,1,2,0,44,24,0,0,,0,1,0,0,0,0,0,1,1,1,1,0,0,020000fffe00000e,1,76,1,-4,1700000009500022000,37,,,,,,,,32,,0,0,,,,,,1,1,,,,1
1700000009500050000,00fffe00000a,011b19000000,0,0,Follow_Up,8,2,0,44,24,0,0,,0,1,0,0,0,0,0,1,1,1,1,0,0,020000fffe00000a,1,152,2,-4,1700000009500050000,37,,,,,,,,32,,0,0,,,,,,1,1,,1,,
1700000009500050000,00fffe000001,011b19000000,0,0,Delay_Resp,9,2,0,54,24,0,0,,0,1,0,0,0,0,0,1,1,1,1,0,0,020000fffe000001,2,76,3,0,,37,,,,,,,,32,,0,0,020000fffe00000c,1,,,,1,1,,,,1
1700000009500051000,00fffe000001,011b19000000,0,0,Delay_Resp,9,2,0,54,24,0,0,,0,1,0,0,0,0,0,1,1,1,1,0,0,020000fffe000001,2,76,3,0,,37,,,,,,,,32,,0,0,020000fffe00000d,1,,,,1,1,,,,1
1700000009500052000,00fffe000001,011b19000000,0,0,Delay_Resp,9,2,0,54,24,0,0,,0,1,0,0,0,0,0,1,1,1,1,0,0,020000fffe000001,2,76,3,0,,37,,,,,,,,32,,0,0,020000fffe00000e,1,,,,1,1,,,,1
1700000009562500000,00fffe00000a,011b19000000,0,0,Sync,0,2,0,44,24,0,0,,0,1,0,0,0,0,0,1,1,1,1,0,0,020000fffe00000a,1,153,0,-4,1700000009562500000,37,,,,,,,,32,,0,0,,,,,,1,1,,1,,
1700000009562550000,00fffe00000a,011b19000000,0,0,Follow_Up,8,2,0,44,24,0,0,,0,1,0,0,0,0,0,1,1,1,1,0,0,020000fffe00000a,1,153,2,-4,1700000009562550000,37,,,,,,,,32,,0,0,,,,,,1,1,,1,,
1700000009625000000,00fffe00000a,011b19000000,0,0,Announce,11,2,0,64,24,0,0,,0,1,0,0,0,1,0,0,1,0,1,0,0,020000fffe00000a,1,77,5,-3,,0,128,6,33,20061,128,020000fffe00000a,0,32,,0,0,,,1,0,1,1,1,1,,1,
1700000009625000000,00fffe00000a,011b19000000,0,0,Sync,0,2,0,44,24,0,0,,0,1,0,0,0,0,0,1,1,1,1,0,0,020000fffe00000a,1,154,0,-4,1700000009625000000,37,,,,,,,,32,,0,0,,,,,,1,1,,1,,
1700000009625010000,00fffe000001,011b19000000,0,0,Announce,11,2,0,64,24,0,0,,0,1,0,0,0,0,0,1,1,1,1,0,0,020000fffe000001,2,77,5,-3,,37,128,6,33,20061,128,020000fffe00000a,1,32,,0,0,,,1,0,0,1,1,1,,1,
1700000009625020000,00fffe00000c,011b19000000,0,0,Delay_Req,1,2,0,44,24,0,0,,0,1,0,0,0,0,0,1,1,1,1,0,0,020000fffe00000c,1,77,1,-4,1700000009625020000,37,,,,,,,,32,,0,0,,,,,,1,1,,,,1
1700000009625021000,00fffe00000d,011b19000000,0,0,Delay_Req,1,2,0,44,24,0,0,,0,1,0,0,0,0,0,1,1,1,1,0,0,020000fffe00000d,1,77,1,-4,1700000009625021000,37,,,,,,,,32,,0,0,,,,,,1,1,,,,1
1700000009625022000,00fffe00000e,011b19000000,0,0,Delay_Req,1,2,0,44,24,0,0,,0,1,0,0,0,0,0,1,1,1,1,0,0,020000fffe00000e,1,77,1,-4,1700000009625022000,37,,,,,,,,32,,0,0,,,,,,1,1,,,,1
1700000009625050000,00fffe00000a,011b19000000,0,0,Follow_Up,8,2,0,44,24,0,0,,0,1,0,0,0,0,0,1,1,1,1,0,0,020000fffe00000a,1,154,2,-4,1700000009625050000,37,,,,,,,,32,,0,0,,,,,,1,1,,1,,
1700000009625050000,00fffe000001,011b19000000,0,0,Delay_Resp,9,2,0,54,24,0,0,,0,1,0,0,0,0,0,1,1,1,1,0,0,020000fffe000001,2,77,3,0,,37,,,,,,,,32,,0,0,020000fffe00000c,1,,,,1,1,,,,1
1700000009625051000,00fffe000001,011b19000000,0,0,Delay_Resp,9,2,0,54,24,0,0,,0,1,0,0,0,0,0,1,1,1,1,0,0,020000fffe000001,2,77,3,0,,37,,,,,,,,32,,0,0,020000fffe00000d,1,,,,1,1,,,,1
1700000009625052000,00fffe000001,011b19000000,0,0,Delay_Resp,9,2,0,54,24,0,0,,0,1,0,0,0,0,0,1,1,1,1,0,0,020000fffe000001,2,77,3,0,,37,,,,,,,,32,,0,0,020000fffe00000e,1,,,,1,1,,,,1
1700000009687500000,00fffe00000a,011b19000000,0,0,Sync,0,2,0,44,24,0,0,,0,1,0,0,0,0,0,1,1,1,1,0,0,020000fffe00000a,1,155,0,-4,1700000009687500000,37,,,,,,,,32,,0,0,,,,,,1,1,,1,,
1700000009687550000,00fffe00000a,011b19000000,0,0,Follow_Up,8,2,0,44,24,0,0,,0,1,0,0,0,0,0,1,1,1,1,0,0,020000fffe00000a,1,155,2,-4,1700000009687550000,37,,,,,,,,32,,0,0,,,,,,1,1,,1,,
1700000009750000000,00fffe00000a,011b19000000,0,0,Announce,11,2,0,64,24,0,0,,0,1,0,0,0,1,0,0,1,0,1,0,0,020000fffe00000a,1,78,5,-3,,0,128,6,33,20061,128,020000fffe00000a,0,32,,0,0,,,1,0,1,1,1,1,,1,
1700000009750000000,00fffe00000a,011b19000000,0,0,Sync,0,2,0,44,24,0,0,,0,1,0,0,0,0,0,1,1,1,1,0,0,020000fffe00000a,1,156,0,-4,1700000009750000000,37,,,,,,,,32,,0,0,,,,,,1,1,,1,,
1700000009750010000,00fffe000001,011b19000000,0,0,Announce,11,2,0,64,24,0,0,,0,1,0,0,0,0,0,1,1,1,1,0,0,020000fffe000001,2,78,5,-3,,37,128,6,33,20061,128,020000fffe00000a,1,32,,0,0,,,1,0,0,1,1,1,,1,
1700000009750020000,00fffe00000c,011b19000000,0,0,Delay_Req,1,2,0,44,24,0,0,,0,1,0,0,0,0,0,1,1,1,1,0,0,020000fffe00000c,1,78,1,-4,1700000009750020000,37,,,,,,,,32,,0,0,,,,,,1,1,,,,1
1700000009750021000,00fffe00000d,011b19000000,0,0,Delay_Req,1,2,0,44,24,0,0,,0,1,0,0,0,0,0,1,1,1,1,0,0,020000fffe00000d,1,78,1,-4,1700000009750021000,37,,,,,,,,32,,0,0,,,,,,1,1,,,,1
1700000009750022000,00fffe00000e,011b19000000,0,0,Delay_Req,1,2,0,44,24,0,0,,0,1,0,0,0,0,0,1,1,1,1,0,0,020000fffe00000e,1,78,1,-4,1700000009750022000,37,,,,,,,,32,,0,0,,,,,,1,1,,,,1
1700000009750050000,00fffe00000a,011b19000000,0,0,Follow_Up,8,2,0,44,24,0,0,,0,1,0,0,0,0,0,1,1,1,1,0,0,020000fffe00000a,1,156,2,-4,1700000009750050000,37,,,,,,,,32,,0,0,,,,,,1,1,,1,,
1700000009750050000,00fffe000001,011b19000000,0,0,Delay_Resp,9,2,0,54,24,0,0,,0,1,0,0,0,0,0,1,1,1,1,0,0,020000fffe000001,2,78,3,0,,37,,,,,,,,32,,0,0,020000fffe00000c,1,,,,1,1,,,,1
1700000009750051000,00fffe000001,011b19000000,0,0,Delay_Resp,9,2,0,54,24,0,0,,0,1,0,0,0,0,0,1,1,1,1,0,0,020000fffe000001,2,78,3,0,,37,,,,,,,,32,,0,0,020000fffe00000d,1,,,,1,1,,,,1
1700000009750052000,00fffe000001,011b19000000,0,0,Delay_Resp,9,2,0,54,24,0,0,,0,1,0,0,0,0,0,1,1,1,1,0,0,020000fffe000001,2,78,3,0,,37,,,,,,,,32,,0,0,020000fffe00000e,1,,,,1,1,,,,1
1700000009812500000,00fffe00000a,011b19000000,0,0,Sync,0,2,0,44,24,0,0,,0,1,0,0,0,0,0,1,1,1,1,0,0,020000fffe00000a,1,157,0,-4,1700000009812500000,37,,,,,,,,32,,0,0,,,,,,1,1,,1,,
1700000009812550000,00fffe00000a,011b19000000,0,0,Follow_Up,8,2,0,44,24,0,0,,0,1,0,0,0,0,0,1,1,1,1,0,0,020000fffe00000a,1,157,2,-4,1700000009812550000,37,,,,,,,,32,,0,0,,,,,,1,1,,1,,
1700000009875000000,00fffe00000a,011b19000000,0,0,Announce,11,2,0,64,24,0,0,,0,1,0,0,0,1,0,0,1,0,1,0,0,020000fffe00000a,1,79,5,-3,,0,128,6,33,20061,128,020000fffe00000a,0,32,,0,0,,,1,0,1,1,1,1,,1,
1700000009875000000,00fffe00000a,011b19000000,0,0,Sync,0,2,0,44,24,0,0,,0,1,0,0,0,0,0,1,1,1,1,0,0,020000fffe00000a,1,158,0,-4,1700000009875000000,37,,,,,,,,32,,0,0,,,,,,1,1,,1,,
1700000009875010000,00fffe000001,011b19000000,0,0,Announce,11,2,0,64,24,0,0,,0,1,0,0,0,0,0,1,1,1,1,0,0,020000fffe000001,2,79,5,-3,,37,128,6,33,20061,128,020000fffe00000a,1,32,,0,0,,,1,0,0,1,1,1,,1,
1700000009875020000,00fffe00000c,011b19000000,0,0,Delay_Req,1,2,0,44,24,0,0,,0,1,0,0,0,0,0,1,1,1,1,0,0,020000fffe00000c,1,79,1,-4,1700000009875020000,37,,,,,,,,32,,0,0,,,,,,1,1,,,,1
1700000009875021000,00fffe00000d,011b19000000,0,0,Delay_Req,1,2,0,44,24,0,0,,0,1,0,0,0,0,0,1,1,1,1,0,0,020000fffe00000d,1,79,1,-4,1700000009875021000,37,,,,,,,,32,,0,0,,,,,,1,1,,,,1
1700000009875022000,00fffe00000e,011b19000000,0,0,Delay_Req,1,2,0,44,24,0,0,,0,1,0,0,0,0,0,1,1,1,1,0,0,020000fffe00000e,1,79,1,-4,1700000009875022000,37,,,,,,,,32,,0,0,,,,,,1,1,,,,1
1700000009875050000,00fffe00000a,011b19000000,0,0,Follow_Up,8,2,0,44,24,0,0,,0,1,0,0,0,0,0,1,1,1,1,0,0,020000fffe00000a,1,158,2,-4,1700000009875050000,37,,,,,,,,32,,0,0,,,,,,1,1,,1,,
1700000009875050000,00fffe000001,011b19000000,0,0,Delay_Resp,9,2,0,54,24,0,0,,0,1,0,0,0,0,0,1,1,1,1,0,0,020000fffe000001,2,79,3,0,,37,,,,,,,,32,,0,0,020000fffe00000c,1,,,,1,1,,,,1
1700000009875051000,00fffe000001,011b19000000,0,0,Delay_Resp,9,2,0,54,24,0,0,,0,1,0,0,0,0,0,1,1,1,1,0,0,020000fffe000001,2,79,3,0,,37,,,,,,,,32,,0,0,020000fffe00000d,1,,,,1,1,,,,1
1700000009875052000,00fffe000001,011b19000000,0,0,Delay_Resp,9,2,0,54,24,0,0,,0,1,0,0,0,0,0,1,1,1,1,0,0,020000fffe000001,2,79,3,0,,37,,,,,,,,32,,0,0,020000fffe00000e,1,,,,1,1,,,,1
1700000009937500000,00fffe00000a,011b19000000,0,0,Sync,0,2,0,44,24,0,0,,0,1,0,0,0,0,0,1,1,1,1,0,0,020000fffe00000a,1,159,0,-4,1700000009937500000,37,,,,,,,,32,,0,0,,,,,,1,1,,1,,
1700000009937550000,00fffe00000a,011b19000000,0,0,Follow_Up,8,2,0,44,24,0,0,,0,1,0,0,0,0,0,1,1,1,1,0,0,020000fffe00000a,1,159,2,-4,1700000009937550000,37,,,,,,,,32,,0,0,,,,,,1,1,,1,,
1700000010000000000,00fffe00000a,011b19000000,0,0,Announce,11,2,0,64,24,0,0,,0,1,0,0,0,1,0,0,1,0,1,0,0,020000fffe00000a,1,80,5,-3,,0,128,6,33,20061,128,020000fffe00000a,0,32,,0,0,,,1,0,1,1,1,1,,1,
1700000010000000000,00fffe00000a,011b19000000,0,0,Sync,0,2,0,44,24,0,0,,0,1,0,0,0,0,0,1,1,1,1,0,0,020000fffe00000a,1,160,0,-4,1700000010000000000,37,,,,,,,,32,,0,0,,,,,,1,1,,1,,
1700000010000010000,00fffe000001,011b19000000,0,0,Announce,11,2,0,64,24,0,0,,0,1,0,0,0,0,0,1,1,1,1,0,0,020000fffe000001,2,80,5,-3,,37,128,6,33,20061,128,020000fffe00000a,1,32,,0,0,,,1,0,0,1,1,1,,1,
1700000010000020000,00fffe00000c,011b19000000,0,0,Delay_Req,1,2,0,44,24,0,0,,0,1,0,0,0,0,0,1,1,1,1,0,0,020000fffe00000c,1,80,1,-4,1700000010000020000,37,,,,,,,,32,,0,0,,,,,,1,1,,,,1
1700000010000021000,00fffe00000d,011b19000000,0,0,Delay_Req,1,2,0,44,24,0,0,,0,1,0,0,0,0,0,1,1,1,1,0,0,020000fffe00000d,1,80,1,-4,1700000010000021000,37,,,,,,,,32,,0,0,,,,,,1,1,,,,1
1700000010000022000,00fffe00000e,011b19000000,0,0,Delay_Req,1,2,0,44,24,0,0,,0,1,0,0,0,0,0,1,1,1,1,0,0,020000fffe00000e,1,80,1,-4,1700000010000022000,37,,,,,,,,32,,0,0,,,,,,1,1,,,,1
1700000010000050000,00fffe00000a,011b19000000,0,0,Follow_Up,8,2,0,44,24,0,0,,0,1,0,0,0,0,0,1,1,1,1,0,0,020000fffe00000a,1,160,2,-4,1700000010000050000,37,,,,,,,,32,,0,0,,,,,,1,1,,1,,
1700000010000050000,00fffe000001,011b19000000,0,0,Delay_Resp,9,2,0,54,24,0,0,,0,1,0,0,0,0,0,1,1,1,1,0,0,020000fffe000001,2,80,3,0,,37,,,,,,,,32,,0,0,020000fffe00000c,1,,,,1,1,,,,1
1700000010000051000,00fffe000001,011b19000000,0,0,Delay_Resp,9,2,0,54,24,0,0,,0,1,0,0,0,0,0,1,1,1,1,0,0,020000fffe000001,2,80,3,0,,37,,,,,,,,32,,0,0,020000fffe00000d,1,,,,1,1,,,,1
1700000010000052000,00fffe000001,011b19000000,0,0,Delay_Resp,9,2,0,54,24,0,0,,0,1,0,0,0,0,0,1,1,1,1,0,0,020000fffe000001,2,80,3,0,,37,,,,,,,,32,,0,0,020000fffe00000e,1,,,,1,1,,,,1
1700000010062500000,00fffe00000a,011b19000000,0,0,Sync,0,2,0,44,24,0,0,,0,1,0,0,0,0,0,1,1,1,1,0,0,020000fffe00000a,1,161,0,-4,1700000010062500000,37,,,,,,,,32,,0,0,,,,,,1,1,,1,,
1700000010062550000,00fffe00000a,011b19000000,0,0,Follow_Up,8,2,0,44,24,0,0,,0,1,0,0,0,0,0,1,1,1,1,0,0,020000fffe00000a,1,161,2,-4,1700000010062550000,37,,,,,,,,32,,0,0,,,,,,1,1,,1,,
1700000010125000000,00fffe00000a,011b19000000,0,0,Announce,11,2,0,64,24,0,0,,0,1,0,0,0,1,0,0,1,0,1,0,0,020000fffe00000a,1,81,5,-3,,0,128,6,33,20061,128,020000fffe00000a,0,32,,0,0,,,1,0,1,1,1,1,,1,
1700000010125000000,00fffe00000a,011b19000000,0,0,Sync,0,2,0,44,24,0,0,,0,1,0,0,0,0,0,1,1,1,1,0,0,020000fffe00000a,1,162,0,-4,1700000010125000000,37,,,,,,,,32,,0,0,,,,,,1,1,,1,,
1700000010125010000,00fffe000001,011b19000000,0,0,Announce,11,2,0,64,24,0,0,,0,1,0,0,0,0,0,1,1,1,1,0,0,020000fffe000001,2,81,5,-3,,37,128,6,33,20061,128,020000fffe00000a,1,32,,0,0,,,1,0,0,1,1,1,,1,
1700000010125020000,00fffe00000c,011b19000000,0,0,Delay_Req,1,2,0,44,24,0,0,,0,1,0,0,0,0,0,1,1,1,1,0,0,020000fffe00000c,1,81,1,-4,1700000010125020000,37,,,,,,,,32,,0,0,,,,,,1,1,,,,1
1700000010125021000,00fffe00000d,011b19000000,0,0,Delay_Req,1,2,0,44,24,0,0,,0,1,0,0,0,0,0,1,1,1,1,0,0,020000fffe00000d,1,81,1,-4,1700000010125021000,37,,,,,,,,32,,0,0,,,,,,1,1,,,,1
1700000010125022000,00fffe00000e,011b19000000,0,0,Delay_Req,1,2,0,44,24,0,0,,0,1,0,0,0,0,0,1,1,1,1,0,0,020000fffe00000e,1,81,1,-4,1700000010125022000,37,,,,,,,,32,,0,0,,,,,,1,1,,,,1
1700000010125050000,00fffe00000a,011b19000000,0,0,Follow_Up,8,2,0,44,24,0,0,,0,1,0,0,0,0,0,1,1,1,1,0,0,020000fffe00000a,1,162,2,-4,1700000010125050000,37,,,,,,,,32,,0,0,,,,,,1,1,,1,,
1700000010125050000,00fffe000001,011b19000000,0,0,Delay_Resp,9,2,0,54,24,0,0,,0,1,0,0,0,0,0,1,1,1,1,0,0,020000fffe000001,2,81,3,0,,37,,,,,,,,32,,0,0,020000fffe00000c,1,,,,1,1,,,,1
1700000010125051000,00fffe000001,011b19000000,0,0,Delay_Resp,9,2,0,54,24,0,0,,0,1,0,0,0,0,0,1,1,1,1,0,0,020000fffe000001,2,81,3,0,,37,,,,,,,,32,,0,0,020000fffe00000d,1,,,,1,1,,,,1
1700000010125052000,00fffe000001,011b19000000,0,0,Delay_Resp,9,2,0,54,24,0,0,,0,1,0,0,0,0,0,1,1,1,1,0,0,020000fffe000001,2,81,3,0,,37,,,,,,,,32,,0,0,020000fffe00000e,1,,,,1,1,,,,1
1700000010187500000,00fffe00000a,011b19000000,0,0,Sync,0,2,0,44,24,0,0,,0,1,0,0,0,0,0,1,1,1,1,0,0,020000fffe00000a,1,163,0,-4,1700000010187500000,37,,,,,,,,32,,0,0,,,,,,1,1,,1,,
1700000010187550000,00fffe00000a,011b19000000,0,0,Follow_Up,8,2,0,44,24,0,0,,0,1,0,0,0,0,0,1,1,1,1,0,0,020000fffe00000a,1,163,2,-4,1700000010187550000,37,,,,,,,,32,,0,0,,,,,,1,1,,1,,
1700000010250000000,00fffe00000a,011b19000000,0,0,Announce,11,2,0,64,24,0,0,,0,1,0,0,0,1,0,0,1,0,1,0,0,020000fffe00000a,1,82,5,-3,,0,128,6,33,20061,128,020000fffe00000a,0,32,,0,0,,,1,0,1,1,1,1,,1,
1700000010250000000,00fffe00000a,011b19000000,0,0,Sync,0,2,0,44,24,0,0,,0,1,0,0,0,0,0,1,1,1,1,0,0,020000fffe00000a,1,164,0,-4,1700000010250000000,37,,,,,,,,32,,0,0,,,,,,1,1,,1,,
1700000010250010000,00fffe000001,011b19000000,0,0,Announce,11,2,0,64,24,0,0,,0,1,0,0,0,0,0,1,1,1,1,0,0,020000fffe000001,2,82,5,-3,,37,128,6,33,20061,128,020000fffe00000a,1,32,,0,0,,,1,0,0,1,1,1,,1,
1700000010250020000,00fffe00000c,011b19000000,0,0,Delay_Req,1,2,0,44,24,0,0,,0,1,0,0,0,0,0,1,1,1,1,0,0,020000fffe00000c,1,82,1,-4,1700000010250020000,37,,,,,,,,32,,0,0,,,,,,1,1,,,,1
1700000010250021000,00fffe00000d,011b19000000,0,0,Delay_Req,1,2,0,44,24,0,0,,0,1,0,0,0,0,0,1,1,1,1,0,0,020000fffe00000d,1,82,1,-4,1700000010250021000,37,,,,,,,,32,,0,0,,,,,,1,1,,,,1
1700000010250022000,00fffe00000e,011b19000000,0,0,Delay_Req,1,2,0,44,24,0,0,,0,1,0,0,0,0,0,1,1,1,1,0,0,020000fffe00000e,1,82,1,-4,1700000010250022000,37,,,,,,,,32,,0,0,,,,,,1,1,,,,1
1700000010250050000,00fffe00000a,011b19000000,0,0,Follow_Up,8,2,0,44,24,0,0,,0,1,0,0,0,0,0,1,1,1,1,0,0,020000fffe00000a,1,164,2,-4,1700000010250050000,37,,,,,,,,32,,0,0,,,,,,1,1,,1,,
1700000010250050000,00fffe000001,011b19000000,0,0,Delay_Resp,9,2,0,54,24,0,0,,0,1,0,0,0,0,0,1,1,1,1,0,0,020000fffe000001,2,82,3,0,,37,,,,,,,,32,,0,0,020000fffe00000c,1,,,,1,1,,,,1
1700000010250051000,00fffe000001,011b19000000,0,0,Delay_Resp,9,2,0,54,24,0,0,,0,1,0,0,0,0,0,1,1,1,1,0,0,020000fffe000001,2,82,3,0,,37,,,,,,,,32,,0,0,020000fffe00000d,1,,,,1,1,,,,1
1700000010250052000,00fffe000001,011b19000000,0,0,Delay_Resp,9,2,0,54,24,0,0,,0,1,0,0,0,0,0,1,1,1,1,0,0,020000fffe000001,2,82,3,0,,37,,,,,,,,32,,0,0,020000fffe00000e,1,,,,1,1,,,,1
1700000010312500000,00fffe00000a,011b19000000,0,0,Sync,0,2,0,44,24,0,0,,0,1,0,0,0,0,0,1,1,1,1,0,0,020000fffe00000a,1,165,0,-4,1700000010312500000,37,,,,,,,,32,,0,0,,,,,,1,1,,1,,
1700000010312550000,00fffe00000a,011b19000000,0,0,Follow_Up,8,2,0,44,24,0,0,,0,1,0,0,0,0,0,1,1,1,1,0,0,020000fffe00000a,1,165,2,-4,1700000010312550000,37,,,,,,,,32,,0,0,,,,,,1,1,,1,,
1700000010375000000,00fffe00000a,011b19000000,0,0,Announce,11,2,0,64,24,0,0,,0,1,0,0,0,1,0,0,1,0,1,0,0,020000fffe00000a,1,83,5,-3,,0,128,6,33,20061,128,020000fffe00000a,0,32,,0,0,,,1,0,1,1,1,1,,1,
1700000010375000000,00fffe00000a,011b19000000,0,0,Sync,0,2,0,44,24,0,0,,0,1,0,0,0,0,0,1,1,1,1,0,0,020000fffe00000a,1,166,0,-4,1700000010375000000,37,,,,,,,,32,,0,0,,,,,,1,1,,1,,
1700000010375010000,00fffe000001,011b19000000,0,0,Announce,11,2,0,64,24,0,0,,0,1,0,0,0,0,0,1,1,1,1,0,0,020000fffe000001,2,83,5,-3,,37,128,6,33,20061,128,020000fffe00000a,1,32,,0,0,,,1,0,0,1,1,1,,1,
1700000010375020000,00fffe00000c,011b19000000,0,0,Delay_Req,1,2,0,44,24,0,0,,0,1,0,0,0,0,0,1,1,1,1,0,0,020000fffe00000c,1,83,1,-4,1700000010375020000,37,,,,,,,,32,,0,0,,,,,,1,1,,,,1
1700000010375021000,00fffe00000d,011b19000000,0,0,Delay_Req,1,2,0,44,24,0,0,,0,1,0,0,0,0,0,1,1,1,1,0,0,020000fffe00000d,1,83,1,-4,1700000010375021000,37,,,,,,,,32,,0,0,,,,,,1,1,,,,1
1700000010375022000,00fffe00000e,011b19000000,0,0,Delay_Req,1,2,0,44,24,0,0,,0,1,0,0,0,0,0,1,1,1,1,0,0,020000fffe00000e,1,83,1,-4,1700000010375022000,37,,,,,,,,32,,0,0,,,,,,1,1,,,,1
1700000010375050000,00fffe00000a,011b19000000,0,0,Follow_Up,8,2,0,44,24,0,0,,0,1,0,0,0,0,0,1,1,1,1,0,0,020000fffe00000a,1,166,2,-4,1700000010375050000,37,,,,,,,,32,,0,0,,,,,,1,1,,1,,
1700000010375050000,00fffe000001,011b19000000,0,0,Delay_Resp,9,2,0,54,24,0,0,,0,1,0,0,0,0,0,1,1,1,1,0,0,020000fffe000001,2,83,3,0,,37,,,,,,,,32,,0,0,020000fffe00000c,1,,,,1,1,,,,1
1700000010375051000,00fffe000001,011b19000000,0,0,Delay_Resp,9,2,0,54,24,0,0,,0,1,0,0,0,0,0,1,1,1,1,0,0,020000fffe000001,2,83,3,0,,37,,,,,,,,32,,0,0,020000fffe00000d,1,,,,1,1,,,,1
1700000010375052000,00fffe000001,011b19000000,0,0,Delay_Resp,9,2,0,54,24,0,0,,0,1,0,0,0,0,0,1,1,1,1,0,0,020000fffe000001,2,83,3,0,,37,,,,,,,,32,,0,0,020000fffe00000e,1,,,,1,1,,,,1
1700000010437500000,00fffe00000a,011b19000000,0,0,Sync,0,2,0,44,24,0,0,,0,1,0,0,0,0,0,1,1,1,1,0,0,020000fffe00000a,1,167,0,-4,1700000010437500000,37,,,,,,,,32,,0,0,,,,,,1,1,,1,,
1700000010437550000,00fffe00000a,011b19000000,0,0,Follow_Up,8,2,0,44,24,0,0,,0,1,0,0,0,0,0,1,1,1,1,0,0,020000fffe00000a,1,167,2,-4,1700000010437550000,37,,,,,,,,32,,0,0,,,,,,1,1,,1,,
1700000010500000000,00fffe00000a,011b19000000,0,0,Announce,11,2,0,64,24,0,0,,0,1,0,0,0,1,0,0,1,0,1,0,0,020000fffe00000a,1,84,5,-3,,0,128,6,33,20061,128,020000fffe00000a,0,32,,0,0,,,1,0,1,1,1,1,,1,
1700000010500000000,00fffe00000a,011b19000000,0,0,Sync,0,2,0,44,24,0,0,,0,1,0,0,0,0,0,1,1,1,1,0,0,020000fffe00000a,1,168,0,-4,1700000010500000000,37,,,,,,,,32,,0,0,,,,,,1,1,,1,,
1700000010500010000,00fffe000001,011b19000000,0,0,Announce,11,2,0,64,24,0,0,,0,1,0,0,0,0,0,1,1,1,1,0,0,020000fffe000001,2,84,5,-3,,37,128,6,33,20061,128,020000fffe00000a,1,32,,0,0,,,1,0,0,1,1,1,,1,
1700000010500020000,00fffe00000c,011b19000000,0,0,Delay_Req,1,2,0,44,24,0,0,,0,1,0,0,0,0,0,1,1,1,1,0,0,020000fffe00000c,1,84,1,-4,1700000010500020000,37,,,,,,,,32,,0,0,,,,,,1,1,,,,1
1700000010500021000,00fffe00000d,011b19000000,0,0,Delay_Req,1,2,0,44,24,0,0,,0,1,0,0,0,0,0,1,1,1,1,0,0,020000fffe00000d,1,84,1,-4,1700000010500021000,37,,,,,,,,32,,0,0,,,,,,1,1,,,,1
1700000010500022000,00fffe00000e,011b19000000,0,0,Delay_Req,1,2,0,44,24,0,0,,0,1,0,0,0,0,0,1,1,1,1,0,0,020000fffe00000e,1,84,1,-4,1700000010500022000,37,,,,,,,,32,,0,0,,,,,,1,1,,,,1
1700000010500050000,00fffe00000a,011b19000000,0,0,Follow_Up,8,2,0,44,24,0,0,,0,1,0,0,0,0,0,1,1,1,1,0,0,020000fffe00000a,1,168,2,-4,1700000010500050000,37,,,,,,,,32,,0,0,,,,,,1,1,,1,,
1700000010500050000,00fffe000001,011b19000000,0,0,Delay_Resp,9,2,0,54,24,0,0,,0,1,0,0,0,0,0,1,1,1,1,0,0,020000fffe000001,2,84,3,0,,37,,,,,,,,32,,0,0,020000fffe00000c,1,,,,1,1,,,,1
1700000010500051000,00fffe000001,011b19000000,0,0,Delay_Resp,9,2,0,54,24,0,0,,0,1,0,0,0,0,0,1,1,1,1,0,0,020000fffe000001,2,84,3,0,,37,,,,,,,,32,,0,0,020000fffe00000d,1,,,,1,1,,,,1
1700000010500052000,00fffe000001,011b19000000,0,0,Delay_Resp,9,2,0,54,24,0,0,,0,1,0,0,0,0,0,1,1,1,1,0,0,020000fffe000001,2,84,3,0,,37,,,,,,,,32,,0,0,020000fffe00000e,1,,,,1,1,,,,1
1700000010562500000,00fffe00000a,011b19000000,0,0,Sync,0,2,0,44,24,0,0,,0,1,0,0,0,0,0,1,1,1,1,0,0,020000fffe00000a,1,169,0,-4,1700000010562500000,37,,,,,,,,32,,0,0,,,,,,1,1,,1,,
1700000010562550000,00fffe00000a,011b19000000,0,0,Follow_Up,8,2,0,44,24,0,0,,0,1,0,0,0,0,0,1,1,1,1,0,0,020000fffe00000a,1,169,2,-4,1700000010562550000,37,,,,,,,,32,,0,0,,,,,,1,1,,1,,
1700000010625000000,00fffe00000a,011b19000000,0,0,Announce,11,2,0,64,24,0,0,,0,1,0,0,0,1,0,0,1,0,1,0,0,020000fffe00000a,1,85,5,-3,,0,128,6,33,20061,128,020000fffe00000a,0,32,,0,0,,,1,0,1,1,1,1,,1,
1700000010625000000,00fffe00000a,011b19000000,0,0,Sync,0,2,0,44,24,0,0,,0,1,0,0,0,0,0,1,1,1,1,0,0,020000fffe00000a,1,170,0,-4,1700000010625000000,37,,,,,,,,32,,0,0,,,,,,1,1,,1,,
1700000010625010000,00fffe000001,011b19000000,0,0,Announce,11,2,0,64,24,0,0,,0,1,0,0,0,0,0,1,1,1,1,0,0,020000fffe000001,2,85,5,-3,,37,128,6,33,20061,128,020000fffe00000a,1,32,,0,0,,,1,0,0,1,1,1,,1,
1700000010625020000,00fffe00000c,011b19000000,0,0,Delay_Req,1,2,0,44,24,0,0,,0,1,0,0,0,0,0,1,1,1,1,0,0,020000fffe00000c,1,85,1,-4,1700000010625020000,37,,,,,,,,32,,0,0,,,,,,1,1,,,,1
1700000010625021000,00fffe00000d,011b19000000,0,0,Delay_Req,1,2,0,44,24,0,0,,0,1,0,0,0,0,0,1,1,1,1,0,0,020000fffe00000d,1,85,1,-4,1700000010625021000,37,,,,,,,,32,,0,0,,,,,,1,1,,,,1
1700000010625022000,00fffe00000e,011b19000000,0,0,Delay_Req,1,2,0,44,24,0,0,,0,1,0,0,0,0,0,1,1,1,1,0,0,020000fffe00000e,1,85,1,-4,1700000010625022000,37,,,,,,,,32,,0,0,,,,,,1,1,,,,1
1700000010625050000,00fffe00000a,011b19000000,0,0,Follow_Up,8,2,0,44,24,0,0,,0,1,0,0,0,0,0,1,1,1,1,0,0,020000fffe00000a,1,170,2,-4,1700000010625050000,37,,,,,,,,32,,0,0,,,,,,1,1,,1,,
1700000010625050000,00fffe000001,011b19000000,0,0,Delay_Resp,9,2,0,54,24,0,0,,0,1,0,0,0,0,0,1,1,1,1,0,0,020000fffe000001,2,85,3,0,,37,,,,,,,,32,,0,0,020000fffe00000c,1,,,,1,1,,,,1
1700000010625051000,00fffe000001,011b19000000,0,0,Delay_Resp,9,2,0,54,24,0,0,,0,1,0,0,0,0,0,1,1,1,1,0,0,020000fffe000001,2,85,3,0,,37,,,,,,,,32,,0,0,020000fffe00000d,1,,,,1,1,,,,1
1700000010625052000,00fffe000001,011b19000000,0,0,Delay_Resp,9,2,0,54,24,0,0,,0,1,0,0,0,0,0,1,1,1,1,0,0,020000fffe000001,2,85,3,0,,37,,,,,,,,32,,0,0,020000fffe00000e,1,,,,1,1,,,,1
1700000010687500000,00fffe00000a,011b19000000,0,0,Sync,0,2,0,44,24,0,0,,0,1,0,0,0,0,0,1,1,1,1,0,0,020000fffe00000a,1,171,0,-4,1700000010687500000,37,,,,,,,,32,,0,0,,,,,,1,1,,1,,
1700000010687550000,00fffe00000a,011b19000000,0,0,Follow_Up,8,2,0,44,24,0,0,,0,1,0,0,0,0,0,1,1,1,1,0,0,020000fffe00000a,1,171,2,-4,1700000010687550000,37,,,,,,,,32,,0,0,,,,,,1,1,,1,,
1700000010750000000,00fffe00000a,011b19000000,0,0,Announce,11,2,0,64,24,0,0,,0,1,0,0,0,1,0,0,1,0,1,0,0,020000fffe00000a,1,86,5,-3,,0,128,6,33,20061,128,020000fffe00000a,0,32,,0,0,,,1,0,1,1,1,1,,1,
1700000010750000000,00fffe00000a,011b19000000,0,0,Sync,0,2,0,44,24,0,0,,0,1,0,0,0,0,0,1,1,1,1,0,0,020000fffe00000a,1,172,0,-4,1700000010750000000,37,,,,,,,,32,,0,0,,,,,,1,1,,1,,
1700000010750010000,00fffe000001,011b19000000,0,0,Announce,11,2,0,64,24,0,0,,0,1,0,0,0,0,0,1,1,1,1,0,0,020000fffe000001,2,86,5,-3,,37,128,6,33,20061,128,020000fffe00000a,1,32,,0,0,,,1,0,0,1,1,1,,1,
1700000010750020000,00fffe00000c,011b19000000,0,0,Delay_Req,1,2,0,44,24,0,0,,0,1,0,0,0,0,0,1,1,1,1,0,0,020000fffe00000c,1,86,1,-4,1700000010750020000,37,,,,,,,,32,,0,0,,,,,,1,1,,,,1
1700000010750021000,00fffe00000d,011b19000000,0,0,Delay_Req,1,2,0,44,24,0,0,,0,1,0,0,0,0,0,1,1,1,1,0,0,020000fffe00000d,1,86,1,-4,1700000010750021000,37,,,,,,,,32,,0,0,,,,,,1,1,,,,1
1700000010750022000,00fffe00000e,011b19000000,0,0,Delay_Req,1,2,0,44,24,0,0,,0,1,0,0,0,0,0,1,1,1,1,0,0,020000fffe00000e,1,86,1,-4,1700000010750022000,37,,,,,,,,32,,0,0,,,,,,1,1,,,,1
1700000010750050000,00fffe00000a,011b19000000,0,0,Follow_Up,8,2,0,44,24,0,0,,0,1,0,0,0,0,0,1,1,1,1,0,0,020000fffe00000a,1,172,2,-4,1700000010750050000,37,,,,,,,,32,,0,0,,,,,,1,1,,1,,
1700000010750050000,00fffe000001,011b19000000,0,0,Delay_Resp,9,2,0,54,24,0,0,,0,1,0,0,0,0,0,1,1,1,1,0,0,020000fffe000001,2,86,3,0,,37,,,,,,,,32,,0,0,020000fffe00000c,1,,,,1,1,,,,1
1700000010750051000,00fffe000001,011b19000000,0,0,Delay_Resp,9,2,0,54,24,0,0,,0,1,0,0,0,0,0,1,1,1,1,0,0,020000fffe000001,2,86,3,0,,37,,,,,,,,32,,0,0,020000fffe00000d,1,,,,1,1,,,,1
1700000010750052000,00fffe000001,011b19000000,0,0,Delay_Resp,9,2,0,54,24,0,0,,0,1,0,0,0,0,0,1,1,1,1,0,0,020000fffe000001,2,86,3,0,,37,,,,,,,,32,,0,0,020000fffe00000e,1,,,,1,1,,,,1
1700000010812500000,00fffe00000a,011b19000000,0,0,Sync,0,2,0,44,24,0,0,,0,1,0,0,0,0,0,1,1,1,1,0,0,020000fffe00000a,1,173,0,-4,1700000010812500000,37,,,,,,,,32,,0,0,,,,,,1,1,,1,,
1700000010812550000,00fffe00000a,011b19000000,0,0,Follow_Up,8,2,0,44,24,0,0,,0,1,0,0,0,0,0,1,1,1,1,0,0,020000fffe00000a,1,173,2,-4,1700000010812550000,37,,,,,,,,32,,0,0,,,,,,1,1,,1,,
1700000010875000000,00fffe00000a,011b19000000,0,0,Announce,11,2,0,64,24,0,0,,0,1,0,0,0,1,0,0,1,0,1,0,0,020000fffe00000a,1,87,5,-3,,0,128,6,33,20061,128,020000fffe00000a,0,32,,0,0,,,1,0,1,1,1,1,,1,
1700000010875000000,00fffe00000a,011b19000000,0,0,Sync,0,2,0,44,24,0,0,,0,1,0,0,0,0,0,1,1,1,1,0,0,020000fffe00000a,1,174,0,-4,1700000010875000000,37,,,,,,,,32,,0,0,,,,,,1,1,,1,,
1700000010875010000,00fffe000001,011b19000000,0,0,Announce,11,2,0,64,24,0,0,,0,1,0,0,0,0,0,1,1,1,1,0,0,020000fffe000001,2,87,5,-3,,37,128,6,33,20061,128,020000fffe00000a,1,32,,0,0,,,1,0,0,1,1,1,,1,
1700000010875020000,00fffe00000c,011b19000000,0,0,Delay_Req,1,2,0,44,24,0,0,,0,1,0,0,0,0,0,1,1,1,1,0,0,020000fffe00000c,1,87,1,-4,1700000010875020000,37,,,,,,,,32,,0,0,,,,,,1,1,,,,1
1700000010875021000,00fffe00000d,011b19000000,0,0,Delay_Req,1,2,0,44,24,0,0,,0,1,0,0,0,0,0,1,1,1,1,0,0,020000fffe00000d,1,87,1,-4,1700000010875021000,37,,,,,,,,32,,0,0,,,,,,1,1,,,,1
1700000010875022000,00fffe00000e,011b19000000,0,0,Delay_Req,1,2,0,44,24,0,0,,0,1,0,0,0,0,0,1,1,1,1,0,0,020000fffe00000e,1,87,1,-4,1700000010875022000,37,,,,,,,,32,,0,0,,,,,,1,1,,,,1
1700000010875050000,00fffe00000a,011b19000000,0,0,Follow_Up,8,2,0,44,24,0,0,,0,1,0,0,0,0,0,1,1,1,1,0,0,020000fffe00000a,1,174,2,-4,1700000010875050000,37,,,,,,,,32,,0,0,,,,,,1,1,,1,,
1700000010875050000,00fffe000001,011b19000000,0,0,Delay_Resp,9,2,0,54,24,0,0,,0,1,0,0,0,0,0,1,1,1,1,0,0,020000fffe000001,2,87,3,0,,37,,,,,,,,32,,0,0,020000fffe00000c,1,,,,1,1,,,,1
1700000010875051000,00fffe000001,011b19000000,0,0,Delay_Resp,9,2,0,54,24,0,0,,0,1,0,0,0,0,0,1,1,1,1,0,0,020000fffe000001,2,87,3,0,,37,,,,,,,,32,,0,0,020000fffe00000d,1,,,,1,1,,,,1
1700000010875052000,00fffe000001,011b19000000,0,0,Delay_Resp,9,2,0,54,24,0,0,,0,1,0,0,0,0,0,1,1,1,1,0,0,020000fffe000001,2,87,3,0,,37,,,,,,,,32,,0,0,020000fffe00000e,1,,,,1,1,,,,1
1700000010937500000,00fffe00000a,011b19000000,0,0,Sync,0,2,0,44,24,0,0,,0,1,0,0,0,0,0,1,1,1,1,0,0,020000fffe00000a,1,175,0,-4,1700000010937500000,37,,,,,,,,32,,0,0,,,,,,1,1,,1,,
1700000010937550000,00fffe00000a,011b19000000,0,0,Follow_Up,8,2,0,44,24,0,0,,0,1,0,0,0,0,0,1,1,1,1,0,0,020000fffe00000a,1,175,2,-4,1700000010937550000,37,,,,,,,,32,,0,0,,,,,,1,1,,1,,
1700000011000000000,00fffe00000a,011b19000000,0,0,Announce,11,2,0,64,24,0,0,,0,1,0,0,0,1,0,0,1,0,1,0,0,020000fffe00000a,1,88,5,-3,,0,128,6,33,20061,128,020000fffe00000a,0,32,,0,0,,,1,0,1,1,1,1,,1,
1700000011000000000,00fffe00000a,011b19000000,0,0,Sync,0,2,0,44,24,0,0,,0,1,0,0,0,0,0,1,1,1,1,0,0,020000fffe00000a,1,176,0,-4,1700000011000000000,37,,,,,,,,32,,0,0,,,,,,1,1,,1,,
1700000011000010000,00fffe000001,011b19000000,0,0,Announce,11,2,0,64,24,0,0,,0,1,0,0,0,0,0,1,1,1,1,0,0,020000fffe000001,2,88,5,-3,,37,128,6,33,20061,128,020000fffe00000a,1,32,,0,0,,,1,0,0,1,1,1,,1,
1700000011000020000,00fffe00000c,011b19000000,0,0,Delay_Req,1,2,0,44,24,0,0,,0,1,0,0,0,0,0,1,1,1,1,0,0,020000fffe00000c,1,88,1,-4,1700000011000020000,37,,,,,,,,32,,0,0,,,,,,1,1,,,,1
1700000011000021000,00fffe00000d,011b19000000,0,0,Delay_Req,1,2,0,44,24,0,0,,0,1,0,0,0,0,0,1,1,1,1,0,0,020000fffe00000d,1,88,1,-4,1700000011000021000,37,,,,,,,,32,,0,0,,,,,,1,1,,,,1
1700000011000022000,00fffe00000e,011b19000000,0,0,Delay_Req,1,2,0,44,24,0,0,,0,1,0,0,0,0,0,1,1,1,1,0,0,020000fffe00000e,1,88,1,-4,1700000011000022000,37,,,,,,,,32,,0,0,,,,,,1,1,,,,1
1700000011000050000,00fffe00000a,011b19000000,0,0,Follow_Up,8,2,0,44,24,0,0,,0,1,0,0,0,0,0,1,1,1,1,0,0,020000fffe00000a,1,176,2,-4,1700000011000050000,37,,,,,,,,32,,0,0,,,,,,1,1,,1,,
1700000011000050000,00fffe000001,011b19000000,0,0,Delay_Resp,9,2,0,54,24,0,0,,0,1,0,0,0,0,0,1,1,1,1,0,0,020000fffe000001,2,88,3,0,,37,,,,,,,,32,,0,0,020000fffe00000c,1,,,,1,1,,,,1
1700000011000051000,00fffe000001,011b19000000,0,0,Delay_Resp,9,2,0,54,24,0,0,,0,1,0,0,0,0,0,1,1,1,1,0,0,020000fffe000001,2,88,3,0,,37,,,,,,,,32,,0,0,020000fffe00000d,1,,,,1,1,,,,1
1700000011000052000,00fffe000001,011b19000000,0,0,Delay_Resp,9,2,0,54,24,0,0,,0,1,0,0,0,0,0,1,1,1,1,0,0,020000fffe000001,2,88,3,0,,37,,,,,,,,32,,0,0,020000fffe00000e,1,,,,1,1,,,,1
1700000011062500000,00fffe00000a,011b19000000,0,0,Sync,0,2,0,44,24,0,0,,0,1,0,0,0,0,0,1,1,1,1,0,0,020000fffe00000a,1,177,0,-4,1700000011062500000,37,,,,,,,,32,,0,0,,,,,,1,1,,1,,
1700000011062550000,00fffe00000a,011b19000000,0,0,Follow_Up,8,2,0,44,24,0,0,,0,1,0,0,0,0,0,1,1,1,1,0,0,020000fffe00000a,1,177,2,-4,1700000011062550000,37,,,,,,,,32,,0,0,,,,,,1,1,,1,,
1700000011125000000,00fffe00000a,011b19000000,0,0,Announce,11,2,0,64,24,0,0,,0,1,0,0,0,1,0,0,1,0,1,0,0,020000fffe00000a,1,89,5,-3,,0,128,6,33,20061,128,020000fffe00000a,0,32,,0,0,,,1,0,1,1,1,1,,1,
1700000011125000000,00fffe00000a,011b19000000,0,0,Sync,0,2,0,44,24,0,0,,0,1,0,0,0,0,0,1,1,1,1,0,0,020000fffe00000a,1,178,0,-4,1700000011125000000,37,,,,,,,,32,,0,0,,,,,,1,1,,1,,
1700000011125010000,00fffe000001,011b19000000,0,0,Announce,11,2,0,64,24,0,0,,0,1,0,0,0,0,0,1,1,1,1,0,0,020000fffe000001,2,89,5,-3,,37,128,6,33,20061,128,020000fffe00000a,1,32,,0,0,,,1,0,0,1,1,1,,1,
1700000011125020000,00fffe00000c,011b19000000,0,0,Delay_Req,1,2,0,44,24,0,0,,0,1,0,0,0,0,0,1,1,1,1,0,0,020000fffe00000c,1,89,1,-4,1700000011125020000,37,,,,,,,,32,,0,0,,,,,,1,1,,,,1
1700000011125021000,00fffe00000d,011b19000000,0,0,Delay_Req,1,2,0,44,24,0,0,,0,1,0,0,0,0,0,1,1,1,1,0,0,020000fffe00000d,1,89,1,-4,1700000011125021000,37,,,,,,,,32,,0,0,,,,,,1,1,,,,1
1700000011125022000,00fffe00000e,011b19000000,0,0,Delay_Req,1,2,0,44,24,0,0,,0,1,0,0,0,0,0,1,1,1,1,0,0,020000fffe00000e,1,89,1,-4,1700000011125022000,37,,,,,,,,32,,0,0,,,,,,1,1,,,,1
1700000011125050000,00fffe00000a,011b19000000,0,0,Follow_Up,8,2,0,44,24,0,0,,0,1,0,0,0,0,0,1,1,1,1,0,0,020000fffe00000a,1,178,2,-4,1700000011125050000,37,,,,,,,,32,,0,0,,,,,,1,1,,1,,
1700000011125050000,00fffe000001,011b19000000,0,0,Delay_Resp,9,2,0,54,24,0,0,,0,1,0,0,0,0,0,1,1,1,1,0,0,020000fffe000001,2,89,3,0,,37,,,,,,,,32,,0,0,020000fffe00000c,1,,,,1,1,,,,1
1700000011125051000,00fffe000001,011b19000000,0,0,Delay_Resp,9,2,0,54,24,0,0,,0,1,0,0,0,0,0,1,1,1,1,0,0,020000fffe000001,2,89,3,0,,37,,,,,,,,32,,0,0,020000fffe00000d,1,,,,1,1,,,,1
1700000011125052000,00fffe000001,011b19000000,0,0,Delay_Resp,9,2,0,54,24,0,0,,0,1,0,0,0,0,0,1,1,1,1,0,0,020000fffe000001,2,89,3,0,,37,,,,,,,,32,,0,0,020000fffe00000e,1,,,,1,1,,,,1
1700000011187500000,00fffe00000a,011b19000000,0,0,Sync,0,2,0,44,24,0,0,,0,1,0,0,0,0,0,1,1,1,1,0,0,020000fffe00000a,1,179,0,-4,1700000011187500000,37,,,,,,,,32,,0,0,,,,,,1,1,,1,,
1700000011187550000,00fffe00000a,011b19000000,0,0,Follow_Up,8,2,0,44,24,0,0,,0,1,0,0,0,0,0,1,1,1,1,0,0,020000fffe00000a,1,179,2,-4,1700000011187550000,37,,,,,,,,32,,0,0,,,,,,1,1,,1,,
1700000011250000000,00fffe00000a,011b19000000,0,0,Announce,11,2,0,64,24,0,0,,0,1,0,0,0,1,0,0,1,0,1,0,0,020000fffe00000a,1,90,5,-3,,0,128,6,33,20061,128,020000fffe00000a,0,32,,0,0,,,1,0,1,1,1,1,,1,
1700000011250000000,00fffe00000a,011b19000000,0,0,Sync,0,2,0,44,24,0,0,,0,1,0,0,0,0,0,1,1,1,1,0,0,020000fffe00000a,1,180,0,-4,1700000011250000000,37,,,,,,,,32,,0,0,,,,,,1,1,,1,,
1700000011250010000,00fffe000001,011b19000000,0,0,Announce,11,2,0,64,24,0,0,,0,1,0,0,0,0,0,1,1,1,1,0,0,020000fffe000001,2,90,5,-3,,37,128,6,33,20061,128,020000fffe00000a,1,32,,0,0,,,1,0,0,1,1,1,,1,
1700000011250020000,00fffe00000c,011b19000000,0,0,Delay_Req,1,2,0,44,24,0,0,,0,1,0,0,0,0,0,1,1,1,1,0,0,020000fffe00000c,1,90,1,-4,1700000011250020000,37,,,,,,,,32,,0,0,,,,,,1,1,,,,1
1700000011250021000,00fffe00000d,011b19000000,0,0,Delay_Req,1,2,0,44,24,0,0,,0,1,0,0,0,0,0,1,1,1,1,0,0,020000fffe00000d,1,90,1,-4,1700000011250021000,37,,,,,,,,32,,0,0,,,,,,1,1,,,,1
1700000011250022000,00fffe00000e,011b19000000,0,0,Delay_Req,1,2,0,44,24,0,0,,0,1,0,0,0,0,0,1,1,1,1,0,0,020000fffe00000e,1,90,1,-4,1700000011250022000,37,,,,,,,,32,,0,0,,,,,,1,1,,,,1
1700000011250050000,00fffe00000a,011b19000000,0,0,Follow_Up,8,2,0,44,24,0,0,,0,1,0,0,0,0,0,1,1,1,1,0,0,020000fffe00000a,1,180,2,-4,1700000011250050000,37,,,,,,,,32,,0,0,,,,,,1,1,,1,,
1700000011250050000,00fffe000001,011b19000000,0,0,Delay_Resp,9,2,0,54,24,0,0,,0,1,0,0,0,0,0,1,1,1,1,0,0,020000fffe000001,2,90,3,0,,37,,,,,,,,32,,0,0,020000fffe00000c,1,,,,1,1,,,,1
1700000011250051000,00fffe000001,011b19000000,0,0,Delay_Resp,9,2,0,54,24,0,0,,0,1,0,0,0,0,0,1,1,1,1,0,0,020000fffe000001,2,90,3,0,,37,,,,,,,,32,,0,0,020000fffe00000d,1,,,,1,1,,,,1
1700000011250052000,00fffe000001,011b19000000,0,0,Delay_Resp,9,2,0,54,24,0,0,,0,1,0,0,0,0,0,1,1,1,1,0,0,020000fffe000001,2,90,3,0,,37,,,,,,,,32,,0,0,020000fffe00000e,1,,,,1,1,,,,1
1700000011312500000,00fffe00000a,011b19000000,0,0,Sync,0,2,0,44,24,0,0,,0,1,0,0,0,0,0,1,1,1,1,0,0,020000fffe00000a,1,181,0,-4,1700000011312500000,37,,,,,,,,32,,0,0,,,,,,1,1,,1,,
1700000011312550000,00fffe00000a,011b19000000,0,0,Follow_Up,8,2,0,44,24,0,0,,0,1,0,0,0,0,0,1,1,1,1,0,0,020000fffe00000a,1,181,2,-4,1700000011312550000,37,,,,,,,,32,,0,0,,,,,,1,1,,1,,
1700000011375000000,00fffe00000a,011b19000000,0,0,Announce,11,2,0,64,24,0,0,,0,1,0,0,0,1,0,0,1,0,1,0,0,020000fffe00000a,1,91,5,-3,,0,128,6,33,20061,128,020000fffe00000a,0,32,,0,0,,,1,0,1,1,1,1,,1,
1700000011375000000,00fffe00000a,011b19000000,0,0,Sync,0,2,0,44,24,0,0,,0,1,0,0,0,0,0,1,1,1,1,0,0,020000fffe00000a,1,182,0,-4,1700000011375000000,37,,,,,,,,32,,0,0,,,,,,1,1,,1,,
1700000011375010000,00fffe000001,011b19000000,0,0,Announce,11,2,0,64,24,0,0,,0,1,0,0,0,0,0,1,1,1,1,0,0,020000fffe000001,2,91,5,-3,,37,128,6,33,20061,128,020000fffe00000a,1,32,,0,0,,,1,0,0,1,1,1,,1,
1700000011375020000,00fffe00000c,011b19000000,0,0,Delay_Req,1,2,0,44,24,0,0,,0,1,0,0,0,0,0,1,1,1,1,0,0,020000fffe00000c,1,91,1,-4,1700000011375020000,37,,,,,,,,32,,0,0,,,,,,1,1,,,,1
1700000011375021000,00fffe00000d,011b19000000,0,0,Delay_Req,1,2,0,44,24,0,0,,0,1,0,0,0,0,0,1,1,1,1,0,0,020000fffe00000d,1,91,1,-4,1700000011375021000,37,,,,,,,,32,,0,0,,,,,,1,1,,,,1
1700000011375022000,00fffe00000e,011b19000000,0,0,Delay_Req,1,2,0,44,24,0,0,,0,1,0,0,0,0,0,1,1,1,1,0,0,020000fffe00000e,1,91,1,-4,1700000011375022000,37,,,,,,,,32,,0,0,,,,,,1,1,,,,1
1700000011375050000,00fffe00000a,011b19000000,0,0,Follow_Up,8,2,0,44,24,0,0,,0,1,0,0,0,0,0,1,1,1,1,0,0,020000fffe00000a,1,182,2,-4,1700000011375050000,37,,,,,,,,32,,0,0,,,,,,1,1,,1,,
1700000011375050000,00fffe000001,011b19000000,0,0,Delay_Resp,9,2,0,54,24,0,0,,0,1,0,0,0,0,0,1,1,1,1,0,0,020000fffe000001,2,91,3,0,,37,,,,,,,,32,,0,0,020000fffe00000c,1,,,,1,1,,,,1
1700000011375051000,00fffe000001,011b19000000,0,0,Delay_Resp,9,2,0,54,24,0,0,,0,1,0,0,0,0,0,1,1,1,1,0,0,020000fffe000001,2,91,3,0,,37,,,,,,,,32,,0,0,020000fffe00000d,1,,,,1,1,,,,1
1700000011375052000,00fffe000001,011b19000000,0,0,Delay_Resp,9,2,0,54,24,0,0,,0,1,0,0,0,0,0,1,1,1,1,0,0,020000fffe000001,2,91,3,0,,37,,,,,,,,32,,0,0,020000fffe00000e,1,,,,1,1,,,,1
1700000011437500000,00fffe00000a,011b19000000,0,0,Sync,0,2,0,44,24,0,0,,0,1,0,0,0,0,0,1,1,1,1,0,0,020000fffe00000a,1,183,0,-4,1700000011437500000,37,,,,,,,,32,,0,0,,,,,,1,1,,1,,
1700000011437550000,00fffe00000a,011b19000000,0,0,Follow_Up,8,2,0,44,24,0,0,,0,1,0,0,0,0,0,1,1,1,1,0,0,020000fffe00000a,1,183,2,-4,1700000011437550000,37,,,,,,,,32,,0,0,,,,,,1,1,,1,,
1700000011500000000,00fffe00000a,011b19000000,0,0,Announce,11,2,0,64,24,0,0,,0,1,0,0,0,1,0,0,1,0,1,0,0,020000fffe00000a,1,92,5,-3,,0,128,6,33,20061,128,020000fffe00000a,0,32,,0,0,,,1,0,1,1,1,1,,1,
1700000011500000000,00fffe00000a,011b19000000,0,0,Sync,0,2,0,44,24,0,0,,0,1,0,0,0,0,0,1,1,1,1,0,0,020000fffe00000a,1,184,0,-4,1700000011500000000,37,,,,,,,,32,,0,0,,,,,,1,1,,1,,
1700000011500010000,00fffe000001,011b19000000,0,0,Announce,11,2,0,64,24,0,0,,0,1,0,0,0,0,0,1,1,1,1,0,0,020000fffe000001,2,92,5,-3,,37,128,6,33,20061,128,020000fffe00000a,1,32,,0,0,,,1,0,0,1,1,1,,1,
1700000011500020000,00fffe00000c,011b19000000,0,0,Delay_Req,1,2,0,44,24,0,0,,0,1,0,0,0,0,0,1,1,1,1,0,0,020000fffe00000c,1,92,1,-4,1700000011500020000,37,,,,,,,,32,,0,0,,,,,,1,1,,,,1
1700000011500021000,00fffe00000d,011b19000000,0,0,Delay_Req,1,2,0,44,24,0,0,,0,1,0,0,0,0,0,1,1,1,1,0,0,020000fffe00000d,1,92,1,-4,1700000011500021000,37,,,,,,,,32,,0,0,,,,,,1,1,,,,1
1700000011500022000,00fffe00000e,011b19000000,0,0,Delay_Req,1,2,0,44,24,0,0,,0,1,0,0,0,0,0,1,1,1,1,0,0,020000fffe00000e,1,92,1,-4,1700000011500022000,37,,,,,,,,32,,0,0,,,,,,1,1,,,,1
1700000011500050000,00fffe00000a,011b19000000,0,0,Follow_Up,8,2,0,44,24,0,0,,0,1,0,0,0,0,0,1,1,1,1,0,0,020000fffe00000a,1,184,2,-4,1700000011500050000,37,,,,,,,,32,,0,0,,,,,,1,1,,1,,
1700000011500050000,00fffe000001,011b19000000,0,0,Delay_Resp,9,2,0,54,24,0,0,,0,1,0,0,0,0,0,1,1,1,1,0,0,020000fffe000001,2,92,3,0,,37,,,,,,,,32,,0,0,020000fffe00000c,1,,,,1,1,,,,1
1700000011500051000,00fffe000001,011b19000000,0,0,Delay_Resp,9,2,0,54,24,0,0,,0,1,0,0,0,0,0,1,1,1,1,0,0,020000fffe000001,2,92,3,0,,37,,,,,,,,32,,0,0,020000fffe00000d,1,,,,1,1,,,,1
1700000011500052000,00fffe000001,011b19000000,0,0,Delay_Resp,9,2,0,54,24,0,0,,0,1,0,0,0,0,0,1,1,1,1,0,0,020000fffe000001,2,92,3,0,,37,,,,,,,,32,,0,0,020000fffe00000e,1,,,,1,1,,,,1
1700000011562500000,00fffe00000a,011b19000000,0,0,Sync,0,2,0,44,24,0,0,,0,1,0,0,0,0,0,1,1,1,1,0,0,020000fffe00000a,1,185,0,-4,1700000011562500000,37,,,,,,,,32,,0,0,,,,,,1,1,,1,,
1700000011562550000,00fffe00000a,011b19000000,0,0,Follow_Up,8,2,0,44,24,0,0,,0,1,0,0,0,0,0,1,1,1,1,0,0,020000fffe00000a,1,185,2,-4,1700000011562550000,37,,,,,,,,32,,0,0,,,,,,1,1,,1,,
1700000011625000000,00fffe00000a,011b19000000,0,0,Announce,11,2,0,64,24,0,0,,0,1,0,0,0,1,0,0,1,0,1,0,0,020000fffe00000a,1,93,5,-3,,0,128,6,33,20061,128,020000fffe00000a,0,32,,0,0,,,1,0,1,1,1,1,,1,
1700000011625000000,00fffe00000a,011b19000000,0,0,Sync,0,2,0,44,24,0,0,,0,1,0,0,0,0,0,1,1,1,1,0,0,020000fffe00000a,1,186,0,-4,1700000011625000000,37,,,,,,,,32,,0,0,,,,,,1,1,,1,,
1700000011625010000,00fffe000001,011b19000000,0,0,Announce,11,2,0,64,24,0,0,,0,1,0,0,0,0,0,1,1,1,1,0,0,020000fffe000001,2,93,5,-3,,37,128,6,33,20061,128,020000fffe00000a,1,32,,0,0,,,1,0,0,1,1,1,,1,
1700000011625020000,00fffe00000c,011b19000000,0,0,Delay_Req,1,2,0,44,24,0,0,,0,1,0,0,0,0,0,1,1,1,1,0,0,020000fffe00000c,1,93,1,-4,1700000011625020000,37,,,,,,,,32,,0,0,,,,,,1,1,,,,1
1700000011625021000,00fffe00000d,011b19000000,0,0,Delay_Req,1,2,0,44,24,0,0,,0,1,0,0,0,0,0,1,1,1,1,0,0,020000fffe00000d,1,93,1,-4,1700000011625021000,37,,,,,,,,32,,0,0,,,,,,1,1,,,,1
1700000011625022000,00fffe00000e,011b19000000,0,0,Delay_Req,1,2,0,44,24,0,0,,0,1,0,0,0,0,0,1,1,1,1,0,0,020000fffe00000e,1,93,1,-4,1700000011625022000,37,,,,,,,,32,,0,0,,,,,,1,1,,,,1
1700000011625050000,00fffe00000a,011b19000000,0,0,Follow_Up,8,2,0,44,24,0,0,,0,1,0,0,0,0,0,1,1,1,1,0,0,020000fffe00000a,1,186,2,-4,1700000011625050000,37,,,,,,,,32,,0,0,,,,,,1,1,,1,,
1700000011625050000,00fffe000001,011b19000000,0,0,Delay_Resp,9,2,0,54,24,0,0,,0,1,0,0,0,0,0,1,1,1,1,0,0,020000fffe000001,2,93,3,0,,37,,,,,,,,32,,0,0,020000fffe00000c,1,,,,1,1,,,,1
1700000011625051000,00fffe000001,011b19000000,0,0,Delay_Resp,9,2,0,54,24,0,0,,0,1,0,0,0,0,0,1,1,1,1,0,0,020000fffe000001,2,93,3,0,,37,,,,,,,,32,,0,0,020000fffe00000d,1,,,,1,1,,,,1
1700000011625052000,00fffe000001,011b19000000,0,0,Delay_Resp,9,2,0,54,24,0,0,,0,1,0,0,0,0,0,1,1,1,1,0,0,020000fffe000001,2,93,3,0,,37,,,,,,,,32,,0,0,020000fffe00000e,1,,,,1,1,,,,1
1700000011687500000,00fffe00000a,011b19000000,0,0,Sync,0,2,0,44,24,0,0,,0,1,0,0,0,0,0,1,1,1,1,0,0,020000fffe00000a,1,187,0,-4,1700000011687500000,37,,,,,,,,32,,0,0,,,,,,1,1,,1,,
1700000011687550000,00fffe00000a,011b19000000,0,0,Follow_Up,8,2,0,44,24,0,0,,0,1,0,0,0,0,0,1,1,1,1,0,0,020000fffe00000a,1,187,2,-4,1700000011687550000,37,,,,,,,,32,,0,0,,,,,,1,1,,1,,
1700000011750000000,00fffe00000a,011b19000000,0,0,Announce,11,2,0,64,24,0,0,,0,1,0,0,0,1,0,0,1,0,1,0,0,020000fffe00000a,1,94,5,-3,,0,128,6,33,20061,128,020000fffe00000a,0,32,,0,0,,,1,0,1,1,1,1,,1,
1700000011750000000,00fffe00000a,011b19000000,0,0,Sync,0,2,0,44,24,0,0,,0,1,0,0,0,0,0,1,1,1,1,0,0,020000fffe00000a,1,188,0,-4,1700000011750000000,37,,,,,,,,32,,0,0,,,,,,1,1,,1,,
1700000011750010000,00fffe000001,011b19000000,0,0,Announce,11,2,0,64,24,0,0,,0,1,0,0,0,0,0,1,1,1,1,0,0,020000fffe000001,2,94,5,-3,,37,128,6,33,20061,128,020000fffe00000a,1,32,,0,0,,,1,0,0,1,1,1,,1,
1700000011750020000,00fffe00000c,011b19000000,0,0,Delay_Req,1,2,0,44,24,0,0,,0,1,0,0,0,0,0,1,1,1,1,0,0,020000fffe00000c,1,94,1,-4,1700000011750020000,37,,,,,,,,32,,0,0,,,,,,1,1,,,,1
1700000011750021000,00fffe00000d,011b19000000,0,0,Delay_Req,1,2,0,44,24,0,0,,0,1,0,0,0,0,0,1,1,1,1,0,0,020000fffe00000d,1,94,1,-4,1700000011750021000,37,,,,,,,,32,,0,0,,,,,,1,1,,,,1
1700000011750022000,00fffe00000e,011b19000000,0,0,Delay_Req,1,2,0,44,24,0,0,,0,1,0,0,0,0,0,1,1,1,1,0,0,020000fffe00000e,1,94,1,-4,1700000011750022000,37,,,,,,,,32,,0,0,,,,,,1,1,,,,1
1700000011750050000,00fffe00000a,011b19000000,0,0,Follow_Up,8,2,0,44,24,0,0,,0,1,0,0,0,0,0,1,1,1,1,0,0,020000fffe00000a,1,188,2,-4,1700000011750050000,37,,,,,,,,32,,0,0,,,,,,1,1,,1,,
1700000011750050000,00fffe000001,011b19000000,0,0,Delay_Resp,9,2,0,54,24,0,0,,0,1,0,0,0,0,0,1,1,1,1,0,0,020000fffe000001,2,94,3,0,,37,,,,,,,,32,,0,0,020000fffe00000c,1,,,,1,1,,,,1
1700000011750051000,00fffe000001,011b19000000,0,0,Delay_Resp,9,2,0,54,24,0,0,,0,1,0,0,0,0,0,1,1,1,1,0,0,020000fffe000001,2,94,3,0,,37,,,,,,,,32,,0,0,020000fffe00000d,1,,,,1,1,,,,1
1700000011750052000,00fffe000001,011b19000000,0,0,Delay_Resp,9,2,0,54,24,0,0,,0,1,0,0,0,0,0,1,1,1,1,0,0,020000fffe000001,2,94,3,0,,37,,,,,,,,32,,0,0,020000fffe00000e,1,,,,1,1,,,,1
1700000011812500000,00fffe00000a,011b19000000,0,0,Sync,0,2,0,44,24,0,0,,0,1,0,0,0,0,0,1,1,1,1,0,0,020000fffe00000a,1,189,0,-4,1700000011812500000,37,,,,,,,,32,,0,0,,,,,,1,1,,1,,
1700000011812550000,00fffe00000a,011b19000000,0,0,Follow_Up,8,2,0,44,24,0,0,,0,1,0,0,0,0,0,1,1,1,1,0,0,020000fffe00000a,1,189,2,-4,1700000011812550000,37,,,,,,,,32,,0,0,,,,,,1,1,,1,,
1700000011875000000,00fffe00000a,011b19000000,0,0,Announce,11,2,0,64,24,0,0,,0,1,0,0,0,1,0,0,1,0,1,0,0,020000fffe00000a,1,95,5,-3,,0,128,6,33,20061,128,020000fffe00000a,0,32,,0,0,,,1,0,1,1,1,1,,1,
1700000011875000000,00fffe00000a,011b19000000,0,0,Sync,0,2,0,44,24,0,0,,0,1,0,0,0,0,0,1,1,1,1,0,0,020000fffe00000a,1,190,0,-4,1700000011875000000,37,,,,,,,,32,,0,0,,,,,,1,1,,1,,
1700000011875010000,00fffe000001,011b19000000,0,0,Announce,11,2,0,64,24,0,0,,0,1,0,0,0,0,0,1,1,1,1,0,0,020000fffe000001,2,95,5,-3,,37,128,6,33,20061,128,020000fffe00000a,1,32,,0,0,,,1,0,0,1,1,1,,1,
1700000011875020000,00fffe00000c,011b19000000,0,0,Delay_Req,1,2,0,44,24,0,0,,0,1,0,0,0,0,0,1,1,1,1,0,0,020000fffe00000c,1,95,1,-4,1700000011875020000,37,,,,,,,,32,,0,0,,,,,,1,1,,,,1
1700000011875021000,00fffe00000d,011b19000000,0,0,Delay_Req,1,2,0,44,24,0,0,,0,1,0,0,0,0,0,1,1,1,1,0,0,020000fffe00000d,1,95,1,-4,1700000011875021000,37,,,,,,,,32,,0,0,,,,,,1,1,,,,1
1700000011875022000,00fffe00000e,011b19000000,0,0,Delay_Req,1,2,0,44,24,0,0,,0,1,0,0,0,0,0,1,1,1,1,0,0,020000fffe00000e,1,95,1,-4,1700000011875022000,37,,,,,,,,32,,0,0,,,,,,1,1,,,,1
1700000011875050000,00fffe00000a,011b19000000,0,0,Follow_Up,8,2,0,44,24,0,0,,0,1,0,0,0,0,0,1,1,1,1,0,0,020000fffe00000a,1,190,2,-4,1700000011875050000,37,,,,,,,,32,,0,0,,,,,,1,1,,1,,
1700000011875050000,00fffe000001,011b19000000,0,0,Delay_Resp,9,2,0,54,24,0,0,,0,1,0,0,0,0,0,1,1,1,1,0,0,020000fffe000001,2,95,3,0,,37,,,,,,,,32,,0,0,020000fffe00000c,1,,,,1,1,,,,1
1700000011875051000,00fffe000001,011b19000000,0,0,Delay_Resp,9,2,0,54,24,0,0,,0,1,0,0,0,0,0,1,1,1,1,0,0,020000fffe000001,2,95,3,0,,37,,,,,,,,32,,0,0,020000fffe00000d,1,,,,1,1,,,,1
1700000011875052000,00fffe000001,011b19000000,0,0,Delay_Resp,9,2,0,54,24,0,0,,0,1,0,0,0,0,0,1,1,1,1,0,0,020000fffe000001,2,95,3,0,,37,,,,,,,,32,,0,0,020000fffe00000e,1,,,,1,1,,,,1
1700000011937500000,00fffe00000a,011b19000000,0,0,Sync,0,2,0,44,24,0,0,,0,1,0,0,0,0,0,1,1,1,1,0,0,020000fffe00000a,1,191,0,-4,1700000011937500000,37,,,,,,,,32,,0,0,,,,,,1,1,,1,,
1700000011937550000,00fffe00000a,011b19000000,0,0,Follow_Up,8,2,0,44,24,0,0,,0,1,0,0,0,0,0,1,1,1,1,0,0,020000fffe00000a,1,191,2,-4,1700000011937550000,37,,,,,,,,32,,0,0,,,,,,1,1,,1,,
1700000012000000000,00fffe00000a,011b19000000,0,0,Announce,11,2,0,64,24,0,0,,0,1,0,0,0,1,0,0,1,0,1,0,0,020000fffe00000a,1,96,5,-3,,0,128,6,33,20061,128,020000fffe00000a,0,32,,0,0,,,1,0,1,1,1,1,,1,
1700000012000000000,00fffe00000a,011b19000000,0,0,Sync,0,2,0,44,24,0,0,,0,1,0,0,0,0,0,1,1,1,1,0,0,020000fffe00000a,1,192,0,-4,1700000012000000000,37,,,,,,,,32,,0,0,,,,,,1,1,,1,,
1700000012000010000,00fffe000001,011b19000000,0,0,Announce,11,2,0,64,24,0,0,,0,1,0,0,0,0,0,1,1,1,1,0,0,020000fffe000001,2,96,5,-3,,37,128,6,33,20061,128,020000fffe00000a,1,32,,0,0,,,1,0,0,1,1,1,,1,
1700000012000020000,00fffe00000c,011b19000000,0,0,Delay_Req,1,2,0,44,24,0,0,,0,1,0,0,0,0,0,1,1,1,1,0,0,020000fffe00000c,1,96,1,-4,1700000012000020000,37,,,,,,,,32,,0,0,,,,,,1,1,,,,1
1700000012000021000,00fffe00000d,011b19000000,0,0,Delay_Req,1,2,0,44,24,0,0,,0,1,0,0,0,0,0,1,1,1,1,0,0,020000fffe00000d,1,96,1,-4,1700000012000021000,37,,,,,,,,32,,0,0,,,,,,1,1,,,,1
1700000012000022000,00fffe00000e,011b19000000,0,0,Delay_Req,1,2,0,44,24,0,0,,0,1,0,0,0,0,0,1,1,1,1,0,0,020000fffe00000e,1,96,1,-4,1700000012000022000,37,,,,,,,,32,,0,0,,,,,,1,1,,,,1
1700000012000050000,00fffe00000a,011b19000000,0,0,Follow_Up,8,2,0,44,24,0,0,,0,1,0,0,0,0,0,1,1,1,1,0,0,020000fffe00000a,1,192,2,-4,1700000012000050000,37,,,,,,,,32,,0,0,,,,,,1,1,,1,,
1700000012000050000,00fffe000001,011b19000000,0,0,Delay_Resp,9,2,0,54,24,0,0,,0,1,0,0,0,0,0,1,1,1,1,0,0,020000fffe000001,2,96,3,0,,37,,,,,,,,32,,0,0,020000fffe00000c,1,,,,1,1,,,,1
1700000012000051000,00fffe000001,011b19000000,0,0,Delay_Resp,9,2,0,54,24,0,0,,0,1,0,0,0,0,0,1,1,1,1,0,0,020000fffe000001,2,96,3,0,,37,,,,,,,,32,,0,0,020000fffe00000d,1,,,,1,1,,,,1
1700000012000052000,00fffe000001,011b19000000,0,0,Delay_Resp,9,2,0,54,24,0,0,,0,1,0,0,0,0,0,1,1,1,1,0,0,020000fffe000001,2,96,3,0,,37,,,,,,,,32,,0,0,020000fffe00000e,1,,,,1,1,,,,1
1700000012062500000,00fffe00000a,011b19000000,0,0,Sync,0,2,0,44,24,0,0,,0,1,0,0,0,0,0,1,1,1,1,0,0,020000fffe00000a,1,193,0,-4,1700000012062500000,37,,,,,,,,32,,0,0,,,,,,1,1,,1,,
1700000012062550000,00fffe00000a,011b19000000,0,0,Follow_Up,8,2,0,44,24,0,0,,0,1,0,0,0,0,0,1,1,1,1,0,0,020000fffe00000a,1,193,2,-4,1700000012062550000,37,,,,,,,,32,,0,0,,,,,,1,1,,1,,
1700000012125000000,00fffe00000a,011b19000000,0,0,Announce,11,2,0,64,24,0,0,,0,1,0,0,0,1,0,0,1,0,1,0,0,020000fffe00000a,1,97,5,-3,,0,128,6,33,20061,128,020000fffe00000a,0,32,,0,0,,,1,0,1,1,1,1,,1,
1700000012125000000,00fffe00000a,011b19000000,0,0,Sync,0,2,0,44,24,0,0,,0,1,0,0,0,0,0,1,1,1,1,0,0,020000fffe00000a,1,194,0,-4,1700000012125000000,37,,,,,,,,32,,0,0,,,,,,1,1,,1,,
1700000012125010000,00fffe000001,011b19000000,0,0,Announce,11,2,0,64,24,0,0,,0,1,0,0,0,0,0,1,1,1,1,0,0,020000fffe000001,2,97,5,-3,,37,128,6,33,20061,128,020000fffe00000a,1,32,,0,0,,,1,0,0,1,1,1,,1,
1700000012125020000,00fffe00000c,011b19000000,0,0,Delay_Req,1,2,0,44,24,0,0,,0,1,0,0,0,0,0,1,1,1,1,0,0,020000fffe00000c,1,97,1,-4,1700000012125020000,37,,,,,,,,32,,0,0,,,,,,1,1,,,,1
1700000012125021000,00fffe00000d,011b19000000,0,0,Delay_Req,1,2,0,44,24,0,0,,0,1,0,0,0,0,0,1,1,1,1,0,0,020000fffe00000d,1,97,1,-4,1700000012125021000,37,,,,,,,,32,,0,0,,,,,,1,1,,,,1
1700000012125022000,00fffe00000e,011b19000000,0,0,Delay_Req,1,2,0,44,24,0,0,,0,1,0,0,0,0,0,1,1,1,1,0,0,020000fffe00000e,1,97,1,-4,1700000012125022000,37,,,,,,,,32,,0,0,,,,,,1,1,,,,1
1700000012125050000,00fffe00000a,011b19000000,0,0,Follow_Up,8,2,0,44,24,0,0,,0,1,0,0,0,0,0,1,1,1,1,0,0,020000fffe00000a,1,194,2,-4,1700000012125050000,37,,,,,,,,32,,0,0,,,,,,1,1,,1,,
1700000012125050000,00fffe000001,011b19000000,0,0,Delay_Resp,9,2,0,54,24,0,0,,0,1,0,0,0,0,0,1,1,1,1,0,0,020000fffe000001,2,97,3,0,,37,,,,,,,,32,,0,0,020000fffe00000c,1,,,,1,1,,,,1
1700000012125051000,00fffe000001,011b19000000,0,0,Delay_Resp,9,2,0,54,24,0,0,,0,1,0,0,0,0,0,1,1,1,1,0,0,020000fffe000001,2,97,3,0,,37,,,,,,,,32,,0,0,020000fffe00000d,1,,,,1,1,,,,1
1700000012125052000,00fffe000001,011b19000000,0,0,Delay_Resp,9,2,0,54,24,0,0,,0,1,0,0,0,0,0,1,1,1,1,0,0,020000fffe000001,2,97,3,0,,37,,,,,,,,32,,0,0,020000fffe00000e,1,,,,1,1,,,,1
1700000012187500000,00fffe00000a,011b19000000,0,0,Sync,0,2,0,44,24,0,0,,0,1,0,0,0,0,0,1,1,1,1,0,0,020000fffe00000a,1,195,0,-4,1700000012187500000,37,,,,,,,,32,,0,0,,,,,,1,1,,1,,
1700000012187550000,00fffe00000a,011b19000000,0,0,Follow_Up,8,2,0,44,24,0,0,,0,1,0,0,0,0,0,1,1,1,1,0,0,020000fffe00000a,1,195,2,-4,1700000012187550000,37,,,,,,,,32,,0,0,,,,,,1,1,,1,,
1700000012250000000,00fffe00000a,011b19000000,0,0,Announce,11,2,0,64,24,0,0,,0,1,0,0,0,1,0,0,1,0,1,0,0,020000fffe00000a,1,98,5,-3,,0,128,6,33,20061,128,020000fffe00000a,0,32,,0,0,,,1,0,1,1,1,1,,1,
1700000012250000000,00fffe00000a,011b19000000,0,0,Sync,0,2,0,44,24,0,0,,0,1,0,0,0,0,0,1,1,1,1,0,0,020000fffe00000a,1,196,0,-4,1700000012250000000,37,,,,,,,,32,,0,0,,,,,,1,1,,1,,
1700000012250010000,00fffe000001,011b19000000,0,0,Announce,11,2,0,64,24,0,0,,0,1,0,0,0,0,0,1,1,1,1,0,0,020000fffe000001,2,98,5,-3,,37,128,6,33,20061,128,020000fffe00000a,1,32,,0,0,,,1,0,0,1,1,1,,1,
1700000012250020000,00fffe00000c,011b19000000,0,0,Delay_Req,1,2,0,44,24,0,0,,0,1,0,0,0,0,0,1,1,1,1,0,0,020000fffe00000c,1,98,1,-4,1700000012250020000,37,,,,,,,,32,,0,0,,,,,,1,1,,,,1
1700000012250021000,00fffe00000d,011b19000000,0,0,Delay_Req,1,2,0,44,24,0,0,,0,1,0,0,0,0,0,1,1,1,1,0,0,020000fffe00000d,1,98,1,-4,1700000012250021000,37,,,,,,,,32,,0,0,,,,,,1,1,,,,1
1700000012250022000,00fffe00000e,011b19000000,0,0,Delay_Req,1,2,0,44,24,0,0,,0,1,0,0,0,0,0,1,1,1,1,0,0,020000fffe00000e,1,98,1,-4,1700000012250022000,37,,,,,,,,32,,0,0,,,,,,1,1,,,,1
1700000012250050000,00fffe00000a,011b19000000,0,0,Follow_Up,8,2,0,44,24,0,0,,0,1,0,0,0,0,0,1,1,1,1,0,0,020000fffe00000a,1,196,2,-4,1700000012250050000,37,,,,,,,,32,,0,0,,,,,,1,1,,1,,
1700000012250050000,00fffe000001,011b19000000,0,0,Delay_Resp,9,2,0,54,24,0,0,,0,1,0,0,0,0,0,1,1,1,1,0,0,020000fffe000001,2,98,3,0,,37,,,,,,,,32,,0,0,020000fffe00000c,1,,,,1,1,,,,1
1700000012250051000,00fffe000001,011b19000000,0,0,Delay_Resp,9,2,0,54,24,0,0,,0,1,0,0,0,0,0,1,1,1,1,0,0,020000fffe000001,2,98,3,0,,37,,,,,,,,32,,0,0,020000fffe00000d,1,,,,1,1,,,,1
1700000012250052000,00fffe000001,011b19000000,0,0,Delay_Resp,9,2,0,54,24,0,0,,0,1,0,0,0,0,0,1,1,1,1,0,0,020000fffe000001,2,98,3,0,,37,,,,,,,,32,,0,0,020000fffe00000e,1,,,,1,1,,,,1
1700000012312500000,00fffe00000a,011b19000000,0,0,Sync,0,2,0,44,24,0,0,,0,1,0,0,0,0,0,1,1,1,1,0,0,020000fffe00000a,1,197,0,-4,1700000012312500000,37,,,,,,,,32,,0,0,,,,,,1,1,,1,,
1700000012312550000,00fffe00000a,011b19000000,0,0,Follow_Up,8,2,0,44,24,0,0,,0,1,0,0,0,0,0,1,1,1,1,0,0,020000fffe00000a,1,197,2,-4,1700000012312550000,37,,,,,,,,32,,0,0,,,,,,1,1,,1,,
1700000012375000000,00fffe00000a,011b19000000,0,0,Announce,11,2,0,64,24,0,0,,0,1,0,0,0,1,0,0,1,0,1,0,0,020000fffe00000a,1,99,5,-3,,0,128,6,33,20061,128,020000fffe00000a,0,32,,0,0,,,1,0,1,1,1,1,,1,
1700000012375000000,00fffe00000a,011b19000000,0,0,Sync,0,2,0,44,24,0,0,,0,1,0,0,0,0,0,1,1,1,1,0,0,020000fffe00000a,1,198,0,-4,1700000012375000000,37,,,,,,,,32,,0,0,,,,,,1,1,,1,,
1700000012375010000,00fffe000001,011b19000000,0,0,Announce,11,2,0,64,24,0,0,,0,1,0,0,0,0,0,1,1,1,1,0,0,020000fffe000001,2,99,5,-3,,37,128,6,33,20061,128,020000fffe00000a,1,32,,0,0,,,1,0,0,1,1,1,,1,
1700000012375020000,00fffe00000c,011b19000000,0,0,Delay_Req,1,2,0,44,24,0,0,,0,1,0,0,0,0,0,1,1,1,1,0,0,020000fffe00000c,1,99,1,-4,1700000012375020000,37,,,,,,,,32,,0,0,,,,,,1,1,,,,1
1700000012375021000,00fffe00000d,011b19000000,0,0,Delay_Req,1,2,0,44,24,0,0,,0,1,0,0,0,0,0,1,1,1,1,0,0,020000fffe00000d,1,99,1,-4,1700000012375021000,37,,,,,,,,32,,0,0,,,,,,1,1,,,,1
1700000012375022000,00fffe00000e,011b19000000,0,0,Delay_Req,1,2,0,44,24,0,0,,0,1,0,0,0,0,0,1,1,1,1,0,0,020000fffe00000e,1,99,1,-4,1700000012375022000,37,,,,,,,,32,,0,0,,,,,,1,1,,,,1
1700000012375050000,00fffe00000a,011b19000000,0,0,Follow_Up,8,2,0,44,24,0,0,,0,1,0,0,0,0,0,1,1,1,1,0,0,020000fffe00000a,1,198,2,-4,1700000012375050000,37,,,,,,,,32,,0,0,,,,,,1,1,,1,,
1700000012375050000,00fffe000001,011b19000000,0,0,Delay_Resp,9,2,0,54,24,0,0,,0,1,0,0,0,0,0,1,1,1,1,0,0,020000fffe000001,2,99,3,0,,37,,,,,,,,32,,0,0,020000fffe00000c,1,,,,1,1,,,,1
1700000012375051000,00fffe000001,011b19000000,0,0,Delay_Resp,9,2,0,54,24,0,0,,0,1,0,0,0,0,0,1,1,1,1,0,0,020000fffe000001,2,99,3,0,,37,,,,,,,,32,,0,0,020000fffe00000d,1,,,,1,1,,,,1
1700000012375052000,00fffe000001,011b19000000,0,0,Delay_Resp,9,2,0,54,24,0,0,,0,1,0,0,0,0,0,1,1,1,1,0,0,020000fffe000001,2,99,3,0,,37,,,,,,,,32,,0,0,020000fffe00000e,1,,,,1,1,,,,1
1700000012437500000,00fffe00000a,011b19000000,0,0,Sync,0,2,0,44,24,0,0,,0,1,0,0,0,0,0,1,1,1,1,0,0,020000fffe00000a,1,199,0,-4,1700000012437500000,37,,,,,,,,32,,0,0,,,,,,1,1,,1,,
1700000012437550000,00fffe00000a,011b19000000,0,0,Follow_Up,8,2,0,44,24,0,0,,0,1,0,0,0,0,0,1,1,1,1,0,0,020000fffe00000a,1,199,2,-4,1700000012437550000,37,,,,,,,,32,,0,0,,,,,,1,1,,1,,
1700000012500000000,00fffe00000a,011b19000000,0,0,Announce,11,2,0,64,24,0,0,,0,1,0,0,0,1,0,0,1,0,1,0,0,020000fffe00000a,1,100,5,-3,,0,128,6,33,20061,128,020000fffe00000a,0,32,,0,0,,,1,0,1,1,1,1,,1,
1700000012500000000,00fffe00000a,011b19000000,0,0,Sync,0,2,0,44,24,0,0,,0,1,0,0,0,0,0,1,1,1,1,0,0,020000fffe00000a,1,200,0,-4,1700000012500000000,37,,,,,,,,32,,0,0,,,,,,1,1,,1,,
1700000012500010000,00fffe000001,011b19000000,0,0,Announce,11,2,0,64,24,0,0,,0,1,0,0,0,0,0,1,1,1,1,0,0,020000fffe000001,2,100,5,-3,,37,128,6,33,20061,128,020000fffe00000a,1,32,,0,0,,,1,0,0,1,1,1,,1,
1700000012500020000,00fffe00000c,011b19000000,0,0,Delay_Req,1,2,0,44,24,0,0,,0,1,0,0,0,0,0,1,1,1,1,0,0,020000fffe00000c,1,100,1,-4,1700000012500020000,37,,,,,,,,32,,0,0,,,,,,1,1,,,,1
1700000012500021000,00fffe00000d,011b19000000,0,0,Delay_Req,1,2,0,44,24,0,0,,0,1,0,0,0,0,0,1,1,1,1,0,0,020000fffe00000d,1,100,1,-4,1700000012500021000,37,,,,,,,,32,,0,0,,,,,,1,1,,,,1
1700000012500022000,00fffe00000e,011b19000000,0,0,Delay_Req,1,2,0,44,24,0,0,,0,1,0,0,0,0,0,1,1,1,1,0,0,020000fffe00000e,1,100,1,-4,1700000012500022000,37,,,,,,,,32,,0,0,,,,,,1,1,,,,1
1700000012500050000,00fffe00000a,011b19000000,0,0,Follow_Up,8,2,0,44,24,0,0,,0,1,0,0,0,0,0,1,1,1,1,0,0,020000fffe00000a,1,200,2,-4,1700000012500050000,37,,,,,,,,32,,0,0,,,,,,1,1,,1,,
1700000012500050000,00fffe000001,011b19000000,0,0,Delay_Resp,9,2,0,54,24,0,0,,0,1,0,0,0,0,0,1,1,1,1,0,0,020000fffe000001,2,100,3,0,,37,,,,,,,,32,,0,0,020000fffe00000c,1,,,,1,1,,,,1
1700000012500051000,00fffe000001,011b19000000,0,0,Delay_Resp,9,2,0,54,24,0,0,,0,1,0,0,0,0,0,1,1,1,1,0,0,020000fffe000001,2,100,3,0,,37,,,,,,,,32,,0,0,020000fffe00000d,1,,,,1,1,,,,1
1700000012500052000,00fffe000001,011b19000000,0,0,Delay_Resp,9,2,0,54,24,0,0,,0,1,0,0,0,0,0,1,1,1,1,0,0,020000fffe000001,2,100,3,0,,37,,,,,,,,32,,0,0,020000fffe00000e,1,,,,1,1,,,,1
1700000012562500000,00fffe00000a,011b19000000,0,0,Sync,0,2,0,44,24,0,0,,0,1,0,0,0,0,0,1,1,1,1,0,0,020000fffe00000a,1,201,0,-4,1700000012562500000,37,,,,,,,,32,,0,0,,,,,,1,1,,1,,
1700000012562550000,00fffe00000a,011b19000000,0,0,Follow_Up,8,2,0,44,24,0,0,,0,1,0,0,0,0,0,1,1,1,1,0,0,020000fffe00000a,1,201,2,-4,1700000012562550000,37,,,,,,,,32,,0,0,,,,,,1,1,,1,,
1700000012625000000,00fffe00000a,011b19000000,0,0,Announce,11,2,0,64,24,0,0,,0,1,0,0,0,1,0,0,1,0,1,0,0,020000fffe00000a,1,101,5,-3,,0,128,6,33,20061,128,020000fffe00000a,0,32,,0,0,,,1,0,1,1,1,1,,1,
1700000012625000000,00fffe00000a,011b19000000,0,0,Sync,0,2,0,44,24,0,0,,0,1,0,0,0,0,0,1,1,1,1,0,0,020000fffe00000a,1,202,0,-4,1700000012625000000,37,,,,,,,,32,,0,0,,,,,,1,1,,1,,
1700000012625010000,00fffe000001,011b19000000,0,0,Announce,11,2,0,64,24,0,0,,0,1,0,0,0,0,0,1,1,1,1,0,0,020000fffe000001,2,101,5,-3,,37,128,6,33,20061,128,020000fffe00000a,1,32,,0,0,,,1,0,0,1,1,1,,1,
1700000012625020000,00fffe00000c,011b19000000,0,0,Delay_Req,1,2,0,44,24,0,0,,0,1,0,0,0,0,0,1,1,1,1,0,0,020000fffe00000c,1,101,1,-4,1700000012625020000,37,,,,,,,,32,,0,0,,,,,,1,1,,,,1
1700000012625021000,00fffe00000d,011b19000000,0,0,Delay_Req,1,2,0,44,24,0,0,,0,1,0,0,0,0,0,1,1,1,1,0,0,020000fffe00000d,1,101,1,-4,1700000012625021000,37,,,,,,,,32,,0,0,,,,,,1,1,,,,1
1700000012625022000,00fffe00000e,011b19000000,0,0,Delay_Req,1,2,0,44,24,0,0,,0,1,0,0,0,0,0,1,1,1,1,0,0,020000fffe00000e,1,101,1,-4,1700000012625022000,37,,,,,,,,32,,0,0,,,,,,1,1,,,,1
1700000012625050000,00fffe00000a,011b19000000,0,0,Follow_Up,8,2,0,44,24,0,0,,0,1,0,0,0,0,0,1,1,1,1,0,0,020000fffe00000a,1,202,2,-4,1700000012625050000,37,,,,,,,,32,,0,0,,,,,,1,1,,1,,
1700000012625050000,00fffe000001,011b19000000,0,0,Delay_Resp,9,2,0,54,24,0,0,,0,1,0,0,0,0,0,1,1,1,1,0,0,020000fffe000001,2,101,3,0,,37,,,,,,,,32,,0,0,020000fffe00000c,1,,,,1,1,,,,1
1700000012625051000,00fffe000001,011b19000000,0,0,Delay_Resp,9,2,0,54,24,0,0,,0,1,0,0,0,0,0,1,1,1,1,0,0,020000fffe000001,2,101,3,0,,37,,,,,,,,32,,0,0,020000fffe00000d,1,,,,1,1,,,,1
1700000012625052000,00fffe000001,011b19000000,0,0,Delay_Resp,9,2,0,54,24,0,0,,0,1,0,0,0,0,0,1,1,1,1,0,0,020000fffe000001,2,101,3,0,,37,,,,,,,,32,,0,0,020000fffe00000e,1,,,,1,1,,,,1
1700000012687500000,00fffe00000a,011b19000000,0,0,Sync,0,2,0,44,24,0,0,,0,1,0,0,0,0,0,1,1,1,1,0,0,020000fffe00000a,1,203,0,-4,1700000012687500000,37,,,,,,,,32,,0,0,,,,,,1,1,,1,,
1700000012687550000,00fffe00000a,011b19000000,0,0,Follow_Up,8,2,0,44,24,0,0,,0,1,0,0,0,0,0,1,1,1,1,0,0,020000fffe00000a,1,203,2,-4,1700000012687550000,37,,,,,,,,32,,0,0,,,,,,1,1,,1,,
1700000012750000000,00fffe00000a,011b19000000,0,0,Announce,11,2,0,64,24,0,0,,0,1,0,0,0,1,0,0,1,0,1,0,0,020000fffe00000a,1,102,5,-3,,0,128,6,33,20061,128,020000fffe00000a,0,32,,0,0,,,1,0,1,1,1,1,,1,
1700000012750000000,00fffe00000a,011b19000000,0,0,Sync,0,2,0,44,24,0,0,,0,1,0,0,0,0,0,1,1,1,1,0,0,020000fffe00000a,1,204,0,-4,1700000012750000000,37,,,,,,,,32,,0,0,,,,,,1,1,,1,,
1700000012750010000,00fffe000001,011b19000000,0,0,Announce,11,2,0,64,24,0,0,,0,1,0,0,0,0,0,1,1,1,1,0,0,020000fffe000001,2,102,5,-3,,37,128,6,33,20061,128,020000fffe00000a,1,32,,0,0,,,1,0,0,1,1,1,,1,
1700000012750020000,00fffe00000c,011b19000000,0,0,Delay_Req,1,2,0,44,24,0,0,,0,1,0,0,0,0,0,1,1,1,1,0,0,020000fffe00000c,1,102,1,-4,1700000012750020000,37,,,,,,,,32,,0,0,,,,,,1,1,,,,1
1700000012750021000,00fffe00000d,011b19000000,0,0,Delay_Req,1,2,0,44,24,0,0,,0,1,0,0,0,0,0,1,1,1,1,0,0,020000fffe00000d,1,102,1,-4,1700000012750021000,37,,,,,,,,32,,0,0,,,,,,1,1,,,,1
1700000012750022000,00fffe00000e,011b19000000,0,0,Delay_Req,1,2,0,44,24,0,0,,0,1,0,0,0,0,0,1,1,1,1,0,0,020000fffe00000e,1,102,1,-4,1700000012750022000,37,,,,,,,,32,,0,0,,,,,,1,1,,,,1
1700000012750050000,00fffe00000a,011b19000000,0,0,Follow_Up,8,2,0,44,24,0,0,,0,1,0,0,0,0,0,1,1,1,1,0,0,020000fffe00000a,1,204,2,-4,1700000012750050000,37,,,,,,,,32,,0,0,,,,,,1,1,,1,,
1700000012750050000,00fffe000001,011b19000000,0,0,Delay_Resp,9,2,0,54,24,0,0,,0,1,0,0,0,0,0,1,1,1,1,0,0,020000fffe000001,2,102,3,0,,37,,,,,,,,32,,0,0,020000fffe00000c,1,,,,1,1,,,,1
1700000012750051000,00fffe000001,011b19000000,0,0,Delay_Resp,9,2,0,54,24,0,0,,0,1,0,0,0,0,0,1,1,1,1,0,0,020000fffe000001,2,102,3,0,,37,,,,,,,,32,,0,0,020000fffe00000d,1,,,,1,1,,,,1
1700000012750052000,00fffe000001,011b19000000,0,0,Delay_Resp,9,2,0,54,24,0,0,,0,1,0,0,0,0,0,1,1,1,1,0,0,020000fffe000001,2,102,3,0,,37,,,,,,,,32,,0,0,020000fffe00000e,1,,,,1,1,,,,1
1700000012812500000,00fffe00000a,011b19000000,0,0,Sync,0,2,0,44,24,0,0,,0,1,0,0,0,0,0,1,1,1,1,0,0,020000fffe00000a,1,205,0,-4,1700000012812500000,37,,,,,,,,32,,0,0,,,,,,1,1,,1,,
1700000012812550000,00fffe00000a,011b19000000,0,0,Follow_Up,8,2,0,44,24,0,0,,0,1,0,0,0,0,0,1,1,1,1,0,0,020000fffe00000a,1,205,2,-4,1700000012812550000,37,,,,,,,,32,,0,0,,,,,,1,1,,1,,
1700000012875000000,00fffe00000a,011b19000000,0,0,Announce,11,2,0,64,24,0,0,,0,1,0,0,0,1,0,0,1,0,1,0,0,020000fffe00000a,1,103,5,-3,,0,128,6,33,20061,128,020000fffe00000a,0,32,,0,0,,,1,0,1,1,1,1,,1,
1700000012875000000,00fffe00000a,011b19000000,0,0,Sync,0,2,0,44,24,0,0,,0,1,0,0,0,0,0,1,1,1,1,0,0,020000fffe00000a,1,206,0,-4,1700000012875000000,37,,,,,,,,32,,0,0,,,,,,1,1,,1,,
1700000012875010000,00fffe000001,011b19000000,0,0,Announce,11,2,0,64,24,0,0,,0,1,0,0,0,0,0,1,1,1,1,0,0,020000fffe000001,2,103,5,-3,,37,128,6,33,20061,128,020000fffe00000a,1,32,,0,0,,,1,0,0,1,1,1,,1,
1700000012875020000,00fffe00000c,011b19000000,0,0,Delay_Req,1,2,0,44,24,0,0,,0,1,0,0,0,0,0,1,1,1,1,0,0,020000fffe00000c,1,103,1,-4,1700000012875020000,37,,,,,,,,32,,0,0,,,,,,1,1,,,,1
1700000012875021000,00fffe00000d,011b19000000,0,0,Delay_Req,1,2,0,44,24,0,0,,0,1,0,0,0,0,0,1,1,1,1,0,0,020000fffe00000d,1,103,1,-4,1700000012875021000,37,,,,,,,,32,,0,0,,,,,,1,1,,,,1
1700000012875022000,00fffe00000e,011b19000000,0,0,Delay_Req,1,2,0,44,24,0,0,,0,1,0,0,0,0,0,1,1,1,1,0,0,020000fffe00000e,1,103,1,-4,1700000012875022000,37,,,,,,,,32,,0,0,,,,,,1,1,,,,1
1700000012875050000,00fffe00000a,011b19000000,0,0,Follow_Up,8,2,0,44,24,0,0,,0,1,0,0,0,0,0,1,1,1,1,0,0,020000fffe00000a,1,206,2,-4,1700000012875050000,37,,,,,,,,32,,0,0,,,,,,1,1,,1,,
1700000012875050000,00fffe000001,011b19000000,0,0,Delay_Resp,9,2,0,54,24,0,0,,0,1,0,0,0,0,0,1,1,1,1,0,0,020000fffe000001,2,103,3,0,,37,,,,,,,,32,,0,0,020000fffe00000c,1,,,,1,1,,,,1
1700000012875051000,00fffe000001,011b19000000,0,0,Delay_Resp,9,2,0,54,24,0,0,,0,1,0,0,0,0,0,1,1,1,1,0,0,020000fffe000001,2,103,3,0,,37,,,,,,,,32,,0,0,020000fffe00000d,1,,,,1,1,,,,1
1700000012875052000,00fffe000001,011b19000000,0,0,Delay_Resp,9,2,0,54,24,0,0,,0,1,0,0,0,0,0,1,1,1,1,0,0,020000fffe000001,2,103,3,0,,37,,,,,,,,32,,0,0,020000fffe00000e,1,,,,1,1,,,,1
1700000012937500000,00fffe00000a,011b19000000,0,0,Sync,0,2,0,44,24,0,0,,0,1,0,0,0,0,0,1,1,1,1,0,0,020000fffe00000a,1,207,0,-4,1700000012937500000,37,,,,,,,,32,,0,0,,,,,,1,1,,1,,
1700000012937550000,00fffe00000a,011b19000000,0,0,Follow_Up,8,2,0,44,24,0,0,,0,1,0,0,0,0,0,1,1,1,1,0,0,020000fffe00000a,1,207,2,-4,1700000012937550000,37,,,,,,,,32,,0,0,,,,,,1,1,,1,,
1700000013000000000,00fffe00000a,011b19000000,0,0,Announce,11,2,0,64,24,0,0,,0,1,0,0,0,1,0,0,1,0,1,0,0,020000fffe00000a,1,104,5,-3,,0,128,6,33,20061,128,020000fffe00000a,0,32,,0,0,,,1,0,1,1,1,1,,1,
1700000013000000000,00fffe00000a,011b19000000,0,0,Sync,0,2,0,44,24,0,0,,0,1,0,0,0,0,0,1,1,1,1,0,0,020000fffe00000a,1,208,0,-4,1700000013000000000,37,,,,,,,,32,,0,0,,,,,,1,1,,1,,
1700000013000010000,00fffe000001,011b19000000,0,0,Announce,11,2,0,64,24,0,0,,0,1,0,0,0,0,0,1,1,1,1,0,0,020000fffe000001,2,104,5,-3,,37,128,6,33,20061,128,020000fffe00000a,1,32,,0,0,,,1,0,0,1,1,1,,1,
1700000013000020000,00fffe00000c,011b19000000,0,0,Delay_Req,1,2,0,44,24,0,0,,0,1,0,0,0,0,0,1,1,1,1,0,0,020000fffe00000c,1,104,1,-4,1700000013000020000,37,,,,,,,,32,,0,0,,,,,,1,1,,,,1
1700000013000021000,00fffe00000d,011b19000000,0,0,Delay_Req,1,2,0,44,24,0,0,,0,1,0,0,0,0,0,1,1,1,1,0,0,020000fffe00000d,1,104,1,-4,1700000013000021000,37,,,,,,,,32,,0,0,,,,,,1,1,,,,1
1700000013000022000,00fffe00000e,011b19000000,0,0,Delay_Req,1,2,0,44,24,0,0,,0,1,0,0,0,0,0,1,1,1,1,0,0,020000fffe00000e,1,104,1,-4,1700000013000022000,37,,,,,,,,32,,0,0,,,,,,1,1,,,,1
1700000013000050000,00fffe00000a,011b19000000,0,0,Follow_Up,8,2,0,44,24,0,0,,0,1,0,0,0,0,0,1,1,1,1,0,0,020000fffe00000a,1,208,2,-4,1700000013000050000,37,,,,,,,,32,,0,0,,,,,,1,1,,1,,
1700000013000050000,00fffe000001,011b19000000,0,0,Delay_Resp,9,2,0,54,24,0,0,,0,1,0,0,0,0,0,1,1,1,1,0,0,020000fffe000001,2,104,3,0,,37,,,,,,,,32,,0,0,020000fffe00000c,1,,,,1,1,,,,1
1700000013000051000,00fffe000001,011b19000000,0,0,Delay_Resp,9,2,0,54,24,0,0,,0,1,0,0,0,0,0,1,1,1,1,0,0,020000fffe000001,2,104,3,0,,37,,,,,,,,32,,0,0,020000fffe00000d,1,,,,1,1,,,,1
1700000013000052000,00fffe000001,011b19000000,0,0,Delay_Resp,9,2,0,54,24,0,0,,0,1,0,0,0,0,0,1,1,1,1,0,0,020000fffe000001,2,104,3,0,,37,,,,,,,,32,,0,0,020000fffe00000e,1,,,,1,1,,,,1
1700000013062500000,00fffe00000a,011b19000000,0,0,Sync,0,2,0,44,24,0,0,,0,1,0,0,0,0,0,1,1,1,1,0,0,020000fffe00000a,1,209,0,-4,1700000013062500000,37,,,,,,,,32,,0,0,,,,,,1,1,,1,,
1700000013062550000,00fffe00000a,011b19000000,0,0,Follow_Up,8,2,0,44,24,0,0,,0,1,0,0,0,0,0,1,1,1,1,0,0,020000fffe00000a,1,209,2,-4,1700000013062550000,37,,,,,,,,32,,0,0,,,,,,1,1,,1,,
1700000013125000000,00fffe00000a,011b19000000,0,0,Announce,11,2,0,64,24,0,0,,0,1,0,0,0,1,0,0,1,0,1,0,0,020000fffe00000a,1,105,5,-3,,0,128,6,33,20061,128,020000fffe00000a,0,32,,0,0,,,1,0,1,1,1,1,,1,
1700000013125000000,00fffe00000a,011b19000000,0,0,Sync,0,2,0,44,24,0,0,,0,1,0,0,0,0,0,1,1,1,1,0,0,020000fffe00000a,1,210,0,-4,1700000013125000000,37,,,,,,,,32,,0,0,,,,,,1,1,,1,,
1700000013125010000,00fffe000001,011b19000000,0,0,Announce,11,2,0,64,24,0,0,,0,1,0,0,0,0,0,1,1,1,1,0,0,020000fffe000001,2,105,5,-3,,37,128,6,33,20061,128,020000fffe00000a,1,32,,0,0,,,1,0,0,1,1,1,,1,
1700000013125020000,00fffe00000c,011b19000000,0,0,Delay_Req,1,2,0,44,24,0,0,,0,1,0,0,0,0,0,1,1,1,1,0,0,020000fffe00000c,1,105,1,-4,1700000013125020000,37,,,,,,,,32,,0,0,,,,,,1,1,,,,1
1700000013125021000,00fffe00000d,011b19000000,0,0,Delay_Req,1,2,0,44,24,0,0,,0,1,0,0,0,0,0,1,1,1,1,0,0,020000fffe00000d,1,105,1,-4,1700000013125021000,37,,,,,,,,32,,0,0,,,,,,1,1,,,,1
1700000013125022000,00fffe00000e,011b19000000,0,0,Delay_Req,1,2,0,44,24,0,0,,0,1,0,0,0,0,0,1,1,1,1,0,0,020000fffe00000e,1,105,1,-4,1700000013125022000,37,,,,,,,,32,,0,0,,,,,,1,1,,,,1
1700000013125050000,00fffe00000a,011b19000000,0,0,Follow_Up,8,2,0,44,24,0,0,,0,1,0,0,0,0,0,1,1,1,1,0,0,020000fffe00000a,1,210,2,-4,1700000013125050000,37,,,,,,,,32,,0,0,,,,,,1,1,,1,,
1700000013125050000,00fffe000001,011b19000000,0,0,Delay_Resp,9,2,0,54,24,0,0,,0,1,0,0,0,0,0,1,1,1,1,0,0,020000fffe000001,2,105,3,0,,37,,,,,,,,32,,0,0,020000fffe00000c,1,,,,1,1,,,,1
1700000013125051000,00fffe000001,011b19000000,0,0,Delay_Resp,9,2,0,54,24,0,0,,0,1,0,0,0,0,0,1,1,1,1,0,0,020000fffe000001,2,105,3,0,,37,,,,,,,,32,,0,0,020000fffe00000d,1,,,,1,1,,,,1
1700000013125052000,00fffe000001,011b19000000,0,0,Delay_Resp,9,2,0,54,24,0,0,,0,1,0,0,0,0,0,1,1,1,1,0,0,020000fffe000001,2,105,3,0,,37,,,,,,,,32,,0,0,020000fffe00000e,1,,,,1,1,,,,1
1700000013187500000,00fffe00000a,011b19000000,0,0,Sync,0,2,0,44,24,0,0,,0,1,0,0,0,0,0,1,1,1,1,0,0,020000fffe00000a,1,211,0,-4,1700000013187500000,37,,,,,,,,32,,0,0,,,,,,1,1,,1,,
1700000013187550000,00fffe00000a,011b19000000,0,0,Follow_Up,8,2,0,44,24,0,0,,0,1,0,0,0,0,0,1,1,1,1,0,0,020000fffe00000a,1,211,2,-4,1700000013187550000,37,,,,,,,,32,,0,0,,,,,,1,1,,1,,
1700000013250000000,00fffe00000a,011b19000000,0,0,Announce,11,2,0,64,24,0,0,,0,1,0,0,0,1,0,0,1,0,1,0,0,020000fffe00000a,1,106,5,-3,,0,128,6,33,20061,128,020000fffe00000a,0,32,,0,0,,,1,0,1,1,1,1,,1,
1700000013250000000,00fffe00000a,011b19000000,0,0,Sync,0,2,0,44,24,0,0,,0,1,0,0,0,0,0,1,1,1,1,0,0,020000fffe00000a,1,212,0,-4,1700000013250000000,37,,,,,,,,32,,0,0,,,,,,1,1,,1,,
1700000013250010000,00fffe000001,011b19000000,0,0,Announce,11,2,0,64,24,0,0,,0,1,0,0,0,0,0,1,1,1,1,0,0,020000fffe000001,2,106,5,-3,,37,128,6,33,20061,128,020000fffe00000a,1,32,,0,0,,,1,0,0,1,1,1,,1,
1700000013250020000,00fffe00000c,011b19000000,0,0,Delay_Req,1,2,0,44,24,0,0,,0,1,0,0,0,0,0,1,1,1,1,0,0,020000fffe00000c,1,106,1,-4,1700000013250020000,37,,,,,,,,32,,0,0,,,,,,1,1,,,,1
1700000013250021000,00fffe00000d,011b19000000,0,0,Delay_Req,1,2,0,44,24,0,0,,0,1,0,0,0,0,0,1,1,1,1,0,0,020000fffe00000d,1,106,1,-4,1700000013250021000,37,,,,,,,,32,,0,0,,,,,,1,1,,,,1
1700000013250022000,00fffe00000e,011b19000000,0,0,Delay_Req,1,2,0,44,24,0,0,,0,1,0,0,0,0,0,1,1,1,1,0,0,020000fffe00000e,1,106,1,-4,1700000013250022000,37,,,,,,,,32,,0,0,,,,,,1,1,,,,1
1700000013250050000,00fffe00000a,011b19000000,0,0,Follow_Up,8,2,0,44,24,0,0,,0,1,0,0,0,0,0,1,1,1,1,0,0,020000fffe00000a,1,212,2,-4,1700000013250050000,37,,,,,,,,32,,0,0,,,,,,1,1,,1,,
1700000013250050000,00fffe000001,011b19000000,0,0,Delay_Resp,9,2,0,54,24,0,0,,0,1,0,0,0,0,0,1,1,1,1,0,0,020000fffe000001,2,106,3,0,,37,,,,,,,,32,,0,0,020000fffe00000c,1,,,,1,1,,,,1
1700000013250051000,00fffe000001,011b19000000,0,0,Delay_Resp,9,2,0,54,24,0,0,,0,1,0,0,0,0,0,1,1,1,1,0,0,020000fffe000001,2,106,3,0,,37,,,,,,,,32,,0,0,020000fffe00000d,1,,,,1,1,,,,1
1700000013250052000,00fffe000001,011b19000000,0,0,Delay_Resp,9,2,0,54,24,0,0,,0,1,0,0,0,0,0,1,1,1,1,0,0,020000fffe000001,2,106,3,0,,37,,,,,,,,32,,0,0,020000fffe00000e,1,,,,1,1,,,,1
1700000013312500000,00fffe00000a,011b19000000,0,0,Sync,0,2,0,44,24,0,0,,0,1,0,0,0,0,0,1,1,1,1,0,0,020000fffe00000a,1,213,0,-4,1700000013312500000,37,,,,,,,,32,,0,0,,,,,,1,1,,1,,
1700000013312550000,00fffe00000a,011b19000000,0,0,Follow_Up,8,2,0,44,24,0,0,,0,1,0,0,0,0,0,1,1,1,1,0,0,020000fffe00000a,1,213,2,-4,1700000013312550000,37,,,,,,,,32,,0,0,,,,,,1,1,,1,,
1700000013375000000,00fffe00000a,011b19000000,0,0,Announce,11,2,0,64,24,0,0,,0,1,0,0,0,1,0,0,1,0,1,0,0,020000fffe00000a,1,107,5,-3,,0,128,6,33,20061,128,020000fffe00000a,0,32,,0,0,,,1,0,1,1,1,1,,1,
1700000013375000000,00fffe00000a,011b19000000,0,0,Sync,0,2,0,44,24,0,0,,0,1,0,0,0,0,0,1,1,1,1,0,0,020000fffe00000a,1,214,0,-4,1700000013375000000,37,,,,,,,,32,,0,0,,,,,,1,1,,1,,
1700000013375010000,00fffe000001,011b19000000,0,0,Announce,11,2,0,64,24,0,0,,0,1,0,0,0,0,0,1,1,1,1,0,0,020000fffe000001,2,107,5,-3,,37,128,6,33,20061,128,020000fffe00000a,1,32,,0,0,,,1,0,0,1,1,1,,1,
1700000013375020000,00fffe00000c,011b19000000,0,0,Delay_Req,1,2,0,44,24,0,0,,0,1,0,0,0,0,0,1,1,1,1,0,0,020000fffe00000c,1,107,1,-4,1700000013375020000,37,,,,,,,,32,,0,0,,,,,,1,1,,,,1
1700000013375021000,00fffe00000d,011b19000000,0,0,Delay_Req,1,2,0,44,24,0,0,,0,1,0,0,0,0,0,1,1,1,1,0,0,020000fffe00000d,1,107,1,-4,1700000013375021000,37,,,,,,,,32,,0,0,,,,,,1,1,,,,1
1700000013375022000,00fffe00000e,011b19000000,0,0,Delay_Req,1,2,0,44,24,0,0,,0,1,0,0,0,0,0,1,1,1,1,0,0,020000fffe00000e,1,107,1,-4,1700000013375022000,37,,,,,,,,32,,0,0,,,,,,1,1,,,,1
1700000013375050000,00fffe00000a,011b19000000,0,0,Follow_Up,8,2,0,44,24,0,0,,0,1,0,0,0,0,0,1,1,1,1,0,0,020000fffe00000a,1,214,2,-4,1700000013375050000,37,,,,,,,,32,,0,0,,,,,,1,1,,1,,
1700000013375050000,00fffe000001,011b19000000,0,0,Delay_Resp,9,2,0,54,24,0,0,,0,1,0,0,0,0,0,1,1,1,1,0,0,020000fffe000001,2,107,3,0,,37,,,,,,,,32,,0,0,020000fffe00000c,1,,,,1,1,,,,1
1700000013375051000,00fffe000001,011b19000000,0,0,Delay_Resp,9,2,0,54,24,0,0,,0,1,0,0,0,0,0,1,1,1,1,0,0,020000fffe000001,2,107,3,0,,37,,,,,,,,32,,0,0,020000fffe00000d,1,,,,1,1,,,,1
1700000013375052000,00fffe000001,011b19000000,0,0,Delay_Resp,9,2,0,54,24,0,0,,0,1,0,0,0,0,0,1,1,1,1,0,0,020000fffe000001,2,107,3,0,,37,,,,,,,,32,,0,0,020000fffe00000e,1,,,,1,1,,,,1
1700000013437500000,00fffe00000a,011b19000000,0,0,Sync,0,2,0,44,24,0,0,,0,1,0,0,0,0,0,1,1,1,1,0,0,020000fffe00000a,1,215,0,-4,1700000013437500000,37,,,,,,,,32,,0,0,,,,,,1,1,,1,,
1700000013437550000,00fffe00000a,011b19000000,0,0,Follow_Up,8,2,0,44,24,0,0,,0,1,0,0,0,0,0,1,1,1,1,0,0,020000fffe00000a,1,215,2,-4,1700000013437550000,37,,,,,,,,32,,0,0,,,,,,1,1,,1,,
1700000013500000000,00fffe00000a,011b19000000,0,0,Announce,11,2,0,64,24,0,0,,0,1,0,0,0,1,0,0,1,0,1,0,0,020000fffe00000a,1,108,5,-3,,0,128,6,33,20061,128,020000fffe00000a,0,32,,0,0,,,1,0,1,1,1,1,,1,
1700000013500000000,00fffe00000a,011b19000000,0,0,Sync,0,2,0,44,24,0,0,,0,1,0,0,0,0,0,1,1,1,1,0,0,020000fffe00000a,1,216,0,-4,1700000013500000000,37,,,,,,,,32,,0,0,,,,,,1,1,,1,,
1700000013500010000,00fffe000001,011b19000000,0,0,Announce,11,2,0,64,24,0,0,,0,1,0,0,0,0,0,1,1,1,1,0,0,020000fffe000001,2,108,5,-3,,37,128,6,33,20061,128,020000fffe00000a,1,32,,0,0,,,1,0,0,1,1,1,,1,
1700000013500020000,00fffe00000c,011b19000000,0,0,Delay_Req,1,2,0,44,24,0,0,,0,1,0,0,0,0,0,1,1,1,1,0,0,020000fffe00000c,1,108,1,-4,1700000013500020000,37,,,,,,,,32,,0,0,,,,,,1,1,,,,1
1700000013500021000,00fffe00000d,011b19000000,0,0,Delay_Req,1,2,0,44,24,0,0,,0,1,0,0,0,0,0,1,1,1,1,0,0,020000fffe00000d,1,108,1,-4,1700000013500021000,37,,,,,,,,32,,0,0,,,,,,1,1,,,,1
1700000013500022000,00fffe00000e,011b19000000,0,0,Delay_Req,1,2,0,44,24,0,0,,0,1,0,0,0,0,0,1,1,1,1,0,0,020000fffe00000e,1,108,1,-4,1700000013500022000,37,,,,,,,,32,,0,0,,,,,,1,1,,,,1
1700000013500050000,00fffe00000a,011b19000000,0,0,Follow_Up,8,2,0,44,24,0,0,,0,1,0,0,0,0,0,1,1,1,1,0,0,020000fffe00000a,1,216,2,-4,1700000013500050000,37,,,,,,,,32,,0,0,,,,,,1,1,,1,,
1700000013500050000,00fffe000001,011b19000000,0,0,Delay_Resp,9,2,0,54,24,0,0,,0,1,0,0,0,0,0,1,1,1,1,0,0,020000fffe000001,2,108,3,0,,37,,,,,,,,32,,0,0,020000fffe00000c,1,,,,1,1,,,,1
1700000013500051000,00fffe000001,011b19000000,0,0,Delay_Resp,9,2,0,54,24,0,0,,0,1,0,0,0,0,0,1,1,1,1,0,0,020000fffe000001,2,108,3,0,,37,,,,,,,,32,,0,0,020000fffe00000d,1,,,,1,1,,,,1
1700000013500052000,00fffe000001,011b19000000,0,0,Delay_Resp,9,2,0,54,24,0,0,,0,1,0,0,0,0,0,1,1,1,1,0,0,020000fffe000001,2,108,3,0,,37,,,,,,,,32,,0,0,020000fffe00000e,1,,,,1,1,,,,1
1700000013562500000,00fffe00000a,011b19000000,0,0,Sync,0,2,0,44,24,0,0,,0,1,0,0,0,0,0,1,1,1,1,0,0,020000fffe00000a,1,217,0,-4,1700000013562500000,37,,,,,,,,32,,0,0,,,,,,1,1,,1,,
1700000013562550000,00fffe00000a,011b19000000,0,0,Follow_Up,8,2,0,44,24,0,0,,0,1,0,0,0,0,0,1,1,1,1,0,0,020000fffe00000a,1,217,2,-4,1700000013562550000,37,,,,,,,,32,,0,0,,,,,,1,1,,1,,
1700000013625000000,00fffe00000a,011b19000000,0,0,Announce,11,2,0,64,24,0,0,,0,1,0,0,0,1,0,0,1,0,1,0,0,020000fffe00000a,1,109,5,-3,,0,128,6,33,20061,128,020000fffe00000a,0,32,,0,0,,,1,0,1,1,1,1,,1,
1700000013625000000,00fffe00000a,011b19000000,0,0,Sync,0,2,0,44,24,0,0,,0,1,0,0,0,0,0,1,1,1,1,0,0,020000fffe00000a,1,218,0,-4,1700000013625000000,37,,,,,,,,32,,0,0,,,,,,1,1,,1,,
1700000013625010000,00fffe000001,011b19000000,0,0,Announce,11,2,0,64,24,0,0,,0,1,0,0,0,0,0,1,1,1,1,0,0,020000fffe000001,2,109,5,-3,,37,128,6,33,20061,128,020000fffe00000a,1,32,,0,0,,,1,0,0,1,1,1,,1,
1700000013625020000,00fffe00000c,011b19000000,0,0,Delay_Req,1,2,0,44,24,0,0,,0,1,0,0,0,0,0,1,1,1,1,0,0,020000fffe00000c,1,109,1,-4,1700000013625020000,37,,,,,,,,32,,0,0,,,,,,1,1,,,,1
1700000013625021000,00fffe00000d,011b19000000,0,0,Delay_Req,1,2,0,44,24,0,0,,0,1,0,0,0,0,0,1,1,1,1,0,0,020000fffe00000d,1,109,1,-4,1700000013625021000,37,,,,,,,,32,,0,0,,,,,,1,1,,,,1
1700000013625022000,00fffe00000e,011b19000000,0,0,Delay_Req,1,2,0,44,24,0,0,,0,1,0,0,0,0,0,1,1,1,1,0,0,020000fffe00000e,1,109,1,-4,1700000013625022000,37,,,,,,,,32,,0,0,,,,,,1,1,,,,1
1700000013625050000,00fffe00000a,011b19000000,0,0,Follow_Up,8,2,0,44,24,0,0,,0,1,0,0,0,0,0,1,1,1,1,0,0,020000fffe00000a,1,218,2,-4,1700000013625050000,37,,,,,,,,32,,0,0,,,,,,1,1,,1,,
1700000013625050000,00fffe000001,011b19000000,0,0,Delay_Resp,9,2,0,54,24,0,0,,0,1,0,0,0,0,0,1,1,1,1,0,0,020000fffe000001,2,109,3,0,,37,,,,,,,,32,,0,0,020000fffe00000c,1,,,,1,1,,,,1
1700000013625051000,00fffe000001,011b19000000,0,0,Delay_Resp,9,2,0,54,24,0,0,,0,1,0,0,0,0,0,1,1,1,1,0,0,020000fffe000001,2,109,3,0,,37,,,,,,,,32,,0,0,020000fffe00000d,1,,,,1,1,,,,1
1700000013625052000,00fffe000001,011b19000000,0,0,Delay_Resp,9,2,0,54,24,0,0,,0,1,0,0,0,0,0,1,1,1,1,0,0,020000fffe000001,2,109,3,0,,37,,,,,,,,32,,0,0,020000fffe00000e,1,,,,1,1,,,,1
1700000013687500000,00fffe00000a,011b19000000,0,0,Sync,0,2,0,44,24,0,0,,0,1,0,0,0,0,0,1,1,1,1,0,0,020000fffe00000a,1,219,0,-4,1700000013687500000,37,,,,,,,,32,,0,0,,,,,,1,1,,1,,
1700000013687550000,00fffe00000a,011b19000000,0,0,Follow_Up,8,2,0,44,24,0,0,,0,1,0,0,0,0,0,1,1,1,1,0,0,020000fffe00000a,1,219,2,-4,1700000013687550000,37,,,,,,,,32,,0,0,,,,,,1,1,,1,,
1700000013750000000,00fffe00000a,011b19000000,0,0,Announce,11,2,0,64,24,0,0,,0,1,0,0,0,1,0,0,1,0,1,0,0,020000fffe00000a,1,110,5,-3,,0,128,6,33,20061,128,020000fffe00000a,0,32,,0,0,,,1,0,1,1,1,1,,1,
1700000013750000000,00fffe00000a,011b19000000,0,0,Sync,0,2,0,44,24,0,0,,0,1,0,0,0,0,0,1,1,1,1,0,0,020000fffe00000a,1,220,0,-4,1700000013750000000,37,,,,,,,,32,,0,0,,,,,,1,1,,1,,
1700000013750010000,00fffe000001,011b19000000,0,0,Announce,11,2,0,64,24,0,0,,0,1,0,0,0,0,0,1,1,1,1,0,0,020000fffe000001,2,110,5,-3,,37,128,6,33,20061,128,020000fffe00000a,1,32,,0,0,,,1,0,0,1,1,1,,1,
1700000013750020000,00fffe00000c,011b19000000,0,0,Delay_Req,1,2,0,44,24,0,0,,0,1,0,0,0,0,0,1,1,1,1,0,0,020000fffe00000c,1,110,1,-4,1700000013750020000,37,,,,,,,,32,,0,0,,,,,,1,1,,,,1
1700000013750021000,00fffe00000d,011b19000000,0,0,Delay_Req,1,2,0,44,24,0,0,,0,1,0,0,0,0,0,1,1,1,1,0,0,020000fffe00000d,1,110,1,-4,1700000013750021000,37,,,,,,,,32,,0,0,,,,,,1,1,,,,1
1700000013750022000,00fffe00000e,011b19000000,0,0,Delay_Req,1,2,0,44,24,0,0,,0,1,0,0,0,0,0,1,1,1,1,0,0,020000fffe00000e,1,110,1,-4,1700000013750022000,37,,,,,,,,32,,0,0,,,,,,1,1,,,,1
1700000013750050000,00fffe00000a,011b19000000,0,0,Follow_Up,8,2,0,44,24,0,0,,0,1,0,0,0,0,0,1,1,1,1,0,0,020000fffe00000a,1,220,2,-4,1700000013750050000,37,,,,,,,,32,,0,0,,,,,,1,1,,1,,
1700000013750050000,00fffe000001,011b19000000,0,0,Delay_Resp,9,2,0,54,24,0,0,,0,1,0,0,0,0,0,1,1,1,1,0,0,020000fffe000001,2,110,3,0,,37,,,,,,,,32,,0,0,020000fffe00000c,1,,,,1,1,,,,1
1700000013750051000,00fffe000001,011b19000000,0,0,Delay_Resp,9,2,0,54,24,0,0,,0,1,0,0,0,0,0,1,1,1,1,0,0,020000fffe000001,2,110,3,0,,37,,,,,,,,32,,0,0,020000fffe00000d,1,,,,1,1,,,,1
1700000013750052000,00fffe000001,011b19000000,0,0,Delay_Resp,9,2,0,54,24,0,0,,0,1,0,0,0,0,0,1,1,1,1,0,0,020000fffe000001,2,110,3,0,,37,,,,,,,,32,,0,0,020000fffe00000e,1,,,,1,1,,,,1
1700000013812500000,00fffe00000a,011b19000000,0,0,Sync,0,2,0,44,24,0,0,,0,1,0,0,0,0,0,1,1,1,1,0,0,020000fffe00000a,1,221,0,-4,1700000013812500000,37,,,,,,,,32,,0,0,,,,,,1,1,,1,,
1700000013812550000,00fffe00000a,011b19000000,0,0,Follow_Up,8,2,0,44,24,0,0,,0,1,0,0,0,0,0,1,1,1,1,0,0,020000fffe00000a,1,221,2,-4,1700000013812550000,37,,,,,,,,32,,0,0,,,,,,1,1,,1,,
1700000013875000000,00fffe00000a,011b19000000,0,0,Announce,11,2,0,64,24,0,0,,0,1,0,0,0,1,0,0,1,0,1,0,0,020000fffe00000a,1,111,5,-3,,0,128,6,33,20061,128,020000fffe00000a,0,32,,0,0,,,1,0,1,1,1,1,,1,
1700000013875000000,00fffe00000a,011b19000000,0,0,Sync,0,2,0,44,24,0,0,,0,1,0,0,0,0,0,1,1,1,1,0,0,020000fffe00000a,1,222,0,-4,1700000013875000000,37,,,,,,,,32,,0,0,,,,,,1,1,,1,,
1700000013875010000,00fffe000001,011b19000000,0,0,Announce,11,2,0,64,24,0,0,,0,1,0,0,0,0,0,1,1,1,1,0,0,020000fffe000001,2,111,5,-3,,37,128,6,33,20061,128,020000fffe00000a,1,32,,0,0,,,1,0,0,1,1,1,,1,
1700000013875020000,00fffe00000c,011b19000000,0,0,Delay_Req,1,2,0,44,24,0,0,,0,1,0,0,0,0,0,1,1,1,1,0,0,020000fffe00000c,1,111,1,-4,1700000013875020000,37,,,,,,,,32,,0,0,,,,,,1,1,,,,1
1700000013875021000,00fffe00000d,011b19000000,0,0,Delay_Req,1,2,0,44,24,0,0,,0,1,0,0,0,0,0,1,1,1,1,0,0,020000fffe00000d,1,111,1,-4,1700000013875021000,37,,,,,,,,32,,0,0,,,,,,1,1,,,,1
1700000013875022000,00fffe00000e,011b19000000,0,0,Delay_Req,1,2,0,44,24,0,0,,0,1,0,0,0,0,0,1,1,1,1,0,0,020000fffe00000e,1,111,1,-4,1700000013875022000,37,,,,,,,,32,,0,0,,,,,,1,1,,,,1
1700000013875050000,00fffe00000a,011b19000000,0,0,Follow_Up,8,2,0,44,24,0,0,,0,1,0,0,0,0,0,1,1,1,1,0,0,020000fffe00000a,1,222,2,-4,1700000013875050000,37,,,,,,,,32,,0,0,,,,,,1,1,,1,,
1700000013875050000,00fffe000001,011b19000000,0,0,Delay_Resp,9,2,0,54,24,0,0,,0,1,0,0,0,0,0,1,1,1,1,0,0,020000fffe000001,2,111,3,0,,37,,,,,,,,32,,0,0,020000fffe00000c,1,,,,1,1,,,,1
1700000013875051000,00fffe000001,011b19000000,0,0,Delay_Resp,9,2,0,54,24,0,0,,0,1,0,0,0,0,0,1,1,1,1,0,0,020000fffe000001,2,111,3,0,,37,,,,,,,,32,,0,0,020000fffe00000d,1,,,,1,1,,,,1
1700000013875052000,00fffe000001,011b19000000,0,0,Delay_Resp,9,2,0,54,24,0,0,,0,1,0,0,0,0,0,1,1,1,1,0,0,020000fffe000001,2,111,3,0,,37,,,,,,,,32,,0,0,020000fffe00000e,1,,,,1,1,,,,1
1700000013937500000,00fffe00000a,011b19000000,0,0,Sync,0,2,0,44,24,0,0,,0,1,0,0,0,0,0,1,1,1,1,0,0,020000fffe00000a,1,223,0,-4,1700000013937500000,37,,,,,,,,32,,0,0,,,,,,1,1,,1,,
1700000013937550000,00fffe00000a,011b19000000,0,0,Follow_Up,8,2,0,44,24,0,0,,0,1,0,0,0,0,0,1,1,1,1,0,0,020000fffe00000a,1,223,2,-4,1700000013937550000,37,,,,,,,,32,,0,0,,,,,,1,1,,1,,
1700000014000000000,00fffe00000a,011b19000000,0,0,Announce,11,2,0,64,24,0,0,,0,1,0,0,0,1,0,0,1,0,1,0,0,020000fffe00000a,1,112,5,-3,,0,128,6,33,20061,128,020000fffe00000a,0,32,,0,0,,,1,0,1,1,1,1,,1,
1700000014000000000,00fffe00000a,011b19000000,0,0,Sync,0,2,0,44,24,0,0,,0,1,0,0,0,0,0,1,1,1,1,0,0,020000fffe00000a,1,224,0,-4,1700000014000000000,37,,,,,,,,32,,0,0,,,,,,1,1,,1,,
1700000014000010000,00fffe000001,011b19000000,0,0,Announce,11,2,0,64,24,0,0,,0,1,0,0,0,0,0,1,1,1,1,0,0,020000fffe000001,2,112,5,-3,,37,128,6,33,20061,128,020000fffe00000a,1,32,,0,0,,,1,0,0,1,1,1,,1,
1700000014000020000,00fffe00000c,011b19000000,0,0,Delay_Req,1,2,0,44,24,0,0,,0,1,0,0,0,0,0,1,1,1,1,0,0,020000fffe00000c,1,112,1,-4,1700000014000020000,37,,,,,,,,32,,0,0,,,,,,1,1,,,,1
1700000014000021000,00fffe00000d,011b19000000,0,0,Delay_Req,1,2,0,44,24,0,0,,0,1,0,0,0,0,0,1,1,1,1,0,0,020000fffe00000d,1,112,1,-4,1700000014000021000,37,,,,,,,,32,,0,0,,,,,,1,1,,,,1
1700000014000022000,00fffe00000e,011b19000000,0,0,Delay_Req,1,2,0,44,24,0,0,,0,1,0,0,0,0,0,1,1,1,1,0,0,020000fffe00000e,1,112,1,-4,1700000014000022000,37,,,,,,,,32,,0,0,,,,,,1,1,,,,1
1700000014000050000,00fffe00000a,011b19000000,0,0,Follow_Up,8,2,0,44,24,0,0,,0,1,0,0,0,0,0,1,1,1,1,0,0,020000fffe00000a,1,224,2,-4,1700000014000050000,37,,,,,,,,32,,0,0,,,,,,1,1,,1,,
1700000014000050000,00fffe000001,011b19000000,0,0,Delay_Resp,9,2,0,54,24,0,0,,0,1,0,0,0,0,0,1,1,1,1,0,0,020000fffe000001,2,112,3,0,,37,,,,,,,,32,,0,0,020000fffe00000c,1,,,,1,1,,,,1
1700000014000051000,00fffe000001,011b19000000,0,0,Delay_Resp,9,2,0,54,24,0,0,,0,1,0,0,0,0,0,1,1,1,1,0,0,020000fffe000001,2,112,3,0,,37,,,,,,,,32,,0,0,020000fffe00000d,1,,,,1,1,,,,1
1700000014000052000,00fffe000001,011b19000000,0,0,Delay_Resp,9,2,0,54,24,0,0,,0,1,0,0,0,0,0,1,1,1,1,0,0,020000fffe000001,2,112,3,0,,37,,,,,,,,32,,0,0,020000fffe00000e,1,,,,1,1,,,,1
1700000014062500000,00fffe00000a,011b19000000,0,0,Sync,0,2,0,44,24,0,0,,0,1,0,0,0,0,0,1,1,1,1,0,0,020000fffe00000a,1,225,0,-4,1700000014062500000,37,,,,,,,,32,,0,0,,,,,,1,1,,1,,
1700000014062550000,00fffe00000a,011b19000000,0,0,Follow_Up,8,2,0,44,24,0,0,,0,1,0,0,0,0,0,1,1,1,1,0,0,020000fffe00000a,1,225,2,-4,1700000014062550000,37,,,,,,,,32,,0,0,,,,,,1,1,,1,,
1700000014125000000,00fffe00000a,011b19000000,0,0,Announce,11,2,0,64,24,0,0,,0,1,0,0,0,1,0,0,1,0,1,0,0,020000fffe00000a,1,113,5,-3,,0,128,6,33,20061,128,020000fffe00000a,0,32,,0,0,,,1,0,1,1,1,1,,1,
1700000014125000000,00fffe00000a,011b19000000,0,0,Sync,0,2,0,44,24,0,0,,0,1,0,0,0,0,0,1,1,1,1,0,0,020000fffe00000a,1,226,0,-4,1700000014125000000,37,,,,,,,,32,,0,0,,,,,,1,1,,1,,
1700000014125010000,00fffe000001,011b19000000,0,0,Announce,11,2,0,64,24,0,0,,0,1,0,0,0,0,0,1,1,1,1,0,0,020000fffe000001,2,113,5,-3,,37,128,6,33,20061,128,020000fffe00000a,1,32,,0,0,,,1,0,0,1,1,1,,1,
1700000014125020000,00fffe00000c,011b19000000,0,0,Delay_Req,1,2,0,44,24,0,0,,0,1,0,0,0,0,0,1,1,1,1,0,0,020000fffe00000c,1,113,1,-4,1700000014125020000,37,,,,,,,,32,,0,0,,,,,,1,1,,,,1
1700000014125021000,00fffe00000d,011b19000000,0,0,Delay_Req,1,2,0,44,24,0,0,,0,1,0,0,0,0,0,1,1,1,1,0,0,020000fffe00000d,1,113,1,-4,1700000014125021000,37,,,,,,,,32,,0,0,,,,,,1,1,,,,1
1700000014125022000,00fffe00000e,011b19000000,0,0,Delay_Req,1,2,0,44,24,0,0,,0,1,0,0,0,0,0,1,1,1,1,0,0,020000fffe00000e,1,113,1,-4,1700000014125022000,37,,,,,,,,32,,0,0,,,,,,1,1,,,,1
1700000014125050000,00fffe00000a,011b19000000,0,0,Follow_Up,8,2,0,44,24,0,0,,0,1,0,0,0,0,0,1,1,1,1,0,0,020000fffe00000a,1,226,2,-4,1700000014125050000,37,,,,,,,,32,,0,0,,,,,,1,1,,1,,
1700000014125050000,00fffe000001,011b19000000,0,0,Delay_Resp,9,2,0,54,24,0,0,,0,1,0,0,0,0,0,1,1,1,1,0,0,020000fffe000001,2,113,3,0,,37,,,,,,,,32,,0,0,020000fffe00000c,1,,,,1,1,,,,1
1700000014125051000,00fffe000001,011b19000000,0,0,Delay_Resp,9,2,0,54,24,0,0,,0,1,0,0,0,0,0,1,1,1,1,0,0,020000fffe000001,2,113,3,0,,37,,,,,,,,32,,0,0,020000fffe00000d,1,,,,1,1,,,,1
1700000014125052000,00fffe000001,011b19000000,0,0,Delay_Resp,9,2,0,54,24,0,0,,0,1,0,0,0,0,0,1,1,1,1,0,0,020000fffe000001,2,113,3,0,,37,,,,,,,,32,,0,0,020000fffe00000e,1,,,,1,1,,,,1
1700000014187500000,00fffe00000a,011b19000000,0,0,Sync,0,2,0,44,24,0,0,,0,1,0,0,0,0,0,1,1,1,1,0,0,020000fffe00000a,1,227,0,-4,1700000014187500000,37,,,,,,,,32,,0,0,,,,,,1,1,,1,,
1700000014187550000,00fffe00000a,011b19000000,0,0,Follow_Up,8,2,0,44,24,0,0,,0,1,0,0,0,0,0,1,1,1,1,0,0,020000fffe00000a,1,227,2,-4,1700000014187550000,37,,,,,,,,32,,0,0,,,,,,1,1,,1,,
1700000014250000000,00fffe00000a,011b19000000,0,0,Announce,11,2,0,64,24,0,0,,0,1,0,0,0,1,0,0,1,0,1,0,0,020000fffe00000a,1,114,5,-3,,0,128,6,33,20061,128,020000fffe00000a,0,32,,0,0,,,1,0,1,1,1,1,,1,
1700000014250000000,00fffe00000a,011b19000000,0,0,Sync,0,2,0,44,24,0,0,,0,1,0,0,0,0,0,1,1,1,1,0,0,020000fffe00000a,1,228,0,-4,1700000014250000000,37,,,,,,,,32,,0,0,,,,,,1,1,,1,,
1700000014250010000,00fffe000001,011b19000000,0,0,Announce,11,2,0,64,24,0,0,,0,1,0,0,0,0,0,1,1,1,1,0,0,020000fffe000001,2,114,5,-3,,37,128,6,33,20061,128,020000fffe00000a,1,32,,0,0,,,1,0,0,1,1,1,,1,
1700000014250020000,00fffe00000c,011b19000000,0,0,Delay_Req,1,2,0,44,24,0,0,,0,1,0,0,0,0,0,1,1,1,1,0,0,020000fffe00000c,1,114,1,-4,1700000014250020000,37,,,,,,,,32,,0,0,,,,,,1,1,,,,1
1700000014250021000,00fffe00000d,011b19000000,0,0,Delay_Req,1,2,0,44,24,0,0,,0,1,0,0,0,0,0,1,1,1,1,0,0,020000fffe00000d,1,114,1,-4,1700000014250021000,37,,,,,,,,32,,0,0,,,,,,1,1,,,,1
1700000014250022000,00fffe00000e,011b19000000,0,0,Delay_Req,1,2,0,44,24,0,0,,0,1,0,0,0,0,0,1,1,1,1,0,0,020000fffe00000e,1,114,1,-4,1700000014250022000,37,,,,,,,,32,,0,0,,,,,,1,1,,,,1
1700000014250050000,00fffe00000a,011b19000000,0,0,Follow_Up,8,2,0,44,24,0,0,,0,1,0,0,0,0,0,1,1,1,1,0,0,020000fffe00000a,1,228,2,-4,1700000014250050000,37,,,,,,,,32,,0,0,,,,,,1,1,,1,,
1700000014250050000,00fffe000001,011b19000000,0,0,Delay_Resp,9,2,0,54,24,0,0,,0,1,0,0,0,0,0,1,1,1,1,0,0,020000fffe000001,2,114,3,0,,37,,,,,,,,32,,0,0,020000fffe00000c,1,,,,1,1,,,,1
1700000014250051000,00fffe000001,011b19000000,0,0,Delay_Resp,9,2,0,54,24,0,0,,0,1,0,0,0,0,0,1,1,1,1,0,0,020000fffe000001,2,114,3,0,,37,,,,,,,,32,,0,0,020000fffe00000d,1,,,,1,1,,,,1
1700000014250052000,00fffe000001,011b19000000,0,0,Delay_Resp,9,2,0,54,24,0,0,,0,1,0,0,0,0,0,1,1,1,1,0,0,020000fffe000001,2,114,3,0,,37,,,,,,,,32,,0,0,020000fffe00000e,1,,,,1,1,,,,1
1700000014312500000,00fffe00000a,011b19000000,0,0,Sync,0,2,0,44,24,0,0,,0,1,0,0,0,0,0,1,1,1,1,0,0,020000fffe00000a,1,229,0,-4,1700000014312500000,37,,,,,,,,32,,0,0,,,,,,1,1,,1,,
1700000014312550000,00fffe00000a,011b19000000,0,0,Follow_Up,8,2,0,44,24,0,0,,0,1,0,0,0,0,0,1,1,1,1,0,0,020000fffe00000a,1,229,2,-4,1700000014312550000,37,,,,,,,,32,,0,0,,,,,,1,1,,1,,
1700000014375000000,00fffe00000a,011b19000000,0,0,Announce,11,2,0,64,24,0,0,,0,1,0,0,0,1,0,0,1,0,1,0,0,020000fffe00000a,1,115,5,-3,,0,128,6,33,20061,128,020000fffe00000a,0,32,,0,0,,,1,0,1,1,1,1,,1,
1700000014375000000,00fffe00000a,011b19000000,0,0,Sync,0,2,0,44,24,0,0,,0,1,0,0,0,0,0,1,1,1,1,0,0,020000fffe00000a,1,230,0,-4,1700000014375000000,37,,,,,,,,32,,0,0,,,,,,1,1,,1,,
1700000014375010000,00fffe000001,011b19000000,0,0,Announce,11,2,0,64,24,0,0,,0,1,0,0,0,0,0,1,1,1,1,0,0,020000fffe000001,2,115,5,-3,,37,128,6,33,20061,128,020000fffe00000a,1,32,,0,0,,,1,0,0,1,1,1,,1,
1700000014375020000,00fffe00000c,011b19000000,0,0,Delay_Req,1,2,0,44,24,0,0,,0,1,0,0,0,0,0,1,1,1,1,0,0,020000fffe00000c,1,115,1,-4,1700000014375020000,37,,,,,,,,32,,0,0,,,,,,1,1,,,,1
1700000014375021000,00fffe00000d,011b19000000,0,0,Delay_Req,1,2,0,44,24,0,0,,0,1,0,0,0,0,0,1,1,1,1,0,0,020000fffe00000d,1,115,1,-4,1700000014375021000,37,,,,,,,,32,,0,0,,,,,,1,1,,,,1
1700000014375022000,00fffe00000e,011b19000000,0,0,Delay_Req,1,2,0,44,24,0,0,,0,1,0,0,0,0,0,1,1,1,1,0,0,020000fffe00000e,1,115,1,-4,1700000014375022000,37,,,,,,,,32,,0,0,,,,,,1,1,,,,1
1700000014375050000,00fffe00000a,011b19000000,0,0,Follow_Up,8,2,0,44,24,0,0,,0,1,0,0,0,0,0,1,1,1,1,0,0,020000fffe00000a,1,230,2,-4,1700000014375050000,37,,,,,,,,32,,0,0,,,,,,1,1,,1,,
1700000014375050000,00fffe000001,011b19000000,0,0,Delay_Resp,9,2,0,54,24,0,0,,0,1,0,0,0,0,0,1,1,1,1,0,0,020000fffe000001,2,115,3,0,,37,,,,,,,,32,,0,0,020000fffe00000c,1,,,,1,1,,,,1
1700000014375051000,00fffe000001,011b19000000,0,0,Delay_Resp,9,2,0,54,24,0,0,,0,1,0,0,0,0,0,1,1,1,1,0,0,020000fffe000001,2,115,3,0,,37,,,,,,,,32,,0,0,020000fffe00000d,1,,,,1,1,,,,1
1700000014375052000,00fffe000001,011b19000000,0,0,Delay_Resp,9,2,0,54,24,0,0,,0,1,0,0,0,0,0,1,1,1,1,0,0,020000fffe000001,2,115,3,0,,37,,,,,,,,32,,0,0,020000fffe00000e,1,,,,1,1,,,,1
1700000014437500000,00fffe00000a,011b19000000,0,0,Sync,0,2,0,44,24,0,0,,0,1,0,0,0,0,0,1,1,1,1,0,0,020000fffe00000a,1,231,0,-4,1700000014437500000,37,,,,,,,,32,,0,0,,,,,,1,1,,1,,
1700000014437550000,00fffe00000a,011b19000000,0,0,Follow_Up,8,2,0,44,24,0,0,,0,1,0,0,0,0,0,1,1,1,1,0,0,020000fffe00000a,1,231,2,-4,1700000014437550000,37,,,,,,,,32,,0,0,,,,,,1,1,,1,,
1700000014500000000,00fffe00000a,011b19000000,0,0,Announce,11,2,0,64,24,0,0,,0,1,0,0,0,1,0,0,1,0,1,0,0,020000fffe00000a,1,116,5,-3,,0,128,6,33,20061,128,020000fffe00000a,0,32,,0,0,,,1,0,1,1,1,1,,1,
1700000014500000000,00fffe00000a,011b19000000,0,0,Sync,0,2,0,44,24,0,0,,0,1,0,0,0,0,0,1,1,1,1,0,0,020000fffe00000a,1,232,0,-4,1700000014500000000,37,,,,,,,,32,,0,0,,,,,,1,1,,1,,
1700000014500010000,00fffe000001,011b19000000,0,0,Announce,11,2,0,64,24,0,0,,0,1,0,0,0,0,0,1,1,1,1,0,0,020000fffe000001,2,116,5,-3,,37,128,6,33,20061,128,020000fffe00000a,1,32,,0,0,,,1,0,0,1,1,1,,1,
1700000014500020000,00fffe00000c,011b19000000,0,0,Delay_Req,1,2,0,44,24,0,0,,0,1,0,0,0,0,0,1,1,1,1,0,0,020000fffe00000c,1,116,1,-4,1700000014500020000,37,,,,,,,,32,,0,0,,,,,,1,1,,,,1
1700000014500021000,00fffe00000d,011b19000000,0,0,Delay_Req,1,2,0,44,24,0,0,,0,1,0,0,0,0,0,1,1,1,1,0,0,020000fffe00000d,1,116,1,-4,1700000014500021000,37,,,,,,,,32,,0,0,,,,,,1,1,,,,1
1700000014500022000,00fffe00000e,011b19000000,0,0,Delay_Req,1,2,0,44,24,0,0,,0,1,0,0,0,0,0,1,1,1,1,0,0,020000fffe00000e,1,116,1,-4,1700000014500022000,37,,,,,,,,32,,0,0,,,,,,1,1,,,,1
1700000014500050000,00fffe00000a,011b19000000,0,0,Follow_Up,8,2,0,44,24,0,0,,0,1,0,0,0,0,0,1,1,1,1,0,0,020000fffe00000a,1,232,2,-4,1700000014500050000,37,,,,,,,,32,,0,0,,,,,,1,1,,1,,
1700000014500050000,00fffe000001,011b19000000,0,0,Delay_Resp,9,2,0,54,24,0,0,,0,1,0,0,0,0,0,1,1,1,1,0,0,020000fffe000001,2,116,3,0,,37,,,,,,,,32,,0,0,020000fffe00000c,1,,,,1,1,,,,1
1700000014500051000,00fffe000001,011b19000000,0,0,Delay_Resp,9,2,0,54,24,0,0,,0,1,0,0,0,0,0,1,1,1,1,0,0,020000fffe000001,2,116,3,0,,37,,,,,,,,32,,0,0,020000fffe00000d,1,,,,1,1,,,,1
1700000014500052000,00fffe000001,011b19000000,0,0,Delay_Resp,9,2,0,54,24,0,0,,0,1,0,0,0,0,0,1,1,1,1,0,0,020000fffe000001,2,116,3,0,,37,,,,,,,,32,,0,0,020000fffe00000e,1,,,,1,1,,,,1
1700000014562500000,00fffe00000a,011b19000000,0,0,Sync,0,2,0,44,24,0,0,,0,1,0,0,0,0,0,1,1,1,1,0,0,020000fffe00000a,1,233,0,-4,1700000014562500000,37,,,,,,,,32,,0,0,,,,,,1,1,,1,,
1700000014562550000,00fffe00000a,011b19000000,0,0,Follow_Up,8,2,0,44,24,0,0,,0,1,0,0,0,0,0,1,1,1,1,0,0,020000fffe00000a,1,233,2,-4,1700000014562550000,37,,,,,,,,32,,0,0,,,,,,1,1,,1,,
1700000014625000000,00fffe00000a,011b19000000,0,0,Announce,11,2,0,64,24,0,0,,0,1,0,0,0,1,0,0,1,0,1,0,0,020000fffe00000a,1,117,5,-3,,0,128,6,33,20061,128,020000fffe00000a,0,32,,0,0,,,1,0,1,1,1,1,,1,
1700000014625000000,00fffe00000a,011b19000000,0,0,Sync,0,2,0,44,24,0,0,,0,1,0,0,0,0,0,1,1,1,1,0,0,020000fffe00000a,1,234,0,-4,1700000014625000000,37,,,,,,,,32,,0,0,,,,,,1,1,,1,,
1700000014625010000,00fffe000001,011b19000000,0,0,Announce,11,2,0,64,24,0,0,,0,1,0,0,0,0,0,1,1,1,1,0,0,020000fffe000001,2,117,5,-3,,37,128,6,33,20061,128,020000fffe00000a,1,32,,0,0,,,1,0,0,1,1,1,,1,
1700000014625020000,00fffe00000c,011b19000000,0,0,Delay_Req,1,2,0,44,24,0,0,,0,1,0,0,0,0,0,1,1,1,1,0,0,020000fffe00000c,1,117,1,-4,1700000014625020000,37,,,,,,,,32,,0,0,,,,,,1,1,,,,1
1700000014625021000,00fffe00000d,011b19000000,0,0,Delay_Req,1,2,0,44,24,0,0,,0,1,0,0,0,0,0,1,1,1,1,0,0,020000fffe00000d,1,117,1,-4,1700000014625021000,37,,,,,,,,32,,0,0,,,,,,1,1,,,,1
1700000014625022000,00fffe00000e,011b19000000,0,0,Delay_Req,1,2,0,44,24,0,0,,0,1,0,0,0,0,0,1,1,1,1,0,0,020000fffe00000e,1,117,1,-4,1700000014625022000,37,,,,,,,,32,,0,0,,,,,,1,1,,,,1
1700000014625050000,00fffe00000a,011b19000000,0,0,Follow_Up,8,2,0,44,24,0,0,,0,1,0,0,0,0,0,1,1,1,1,0,0,020000fffe00000a,1,234,2,-4,1700000014625050000,37,,,,,,,,32,,0,0,,,,,,1,1,,1,,
1700000014625050000,00fffe000001,011b19000000,0,0,Delay_Resp,9,2,0,54,24,0,0,,0,1,0,0,0,0,0,1,1,1,1,0,0,020000fffe000001,2,117,3,0,,37,,,,,,,,32,,0,0,020000fffe00000c,1,,,,1,1,,,,1
1700000014625051000,00fffe000001,011b19000000,0,0,Delay_Resp,9,2,0,54,24,0,0,,0,1,0,0,0,0,0,1,1,1,1,0,0,020000fffe000001,2,117,3,0,,37,,,,,,,,32,,0,0,020000fffe00000d,1,,,,1,1,,,,1
1700000014625052000,00fffe000001,011b19000000,0,0,Delay_Resp,9,2,0,54,24,0,0,,0,1,0,0,0,0,0,1,1,1,1,0,0,020000fffe000001,2,117,3,0,,37,,,,,,,,32,,0,0,020000fffe00000e,1,,,,1,1,,,,1
1700000014687500000,00fffe00000a,011b19000000,0,0,Sync,0,2,0,44,24,0,0,,0,1,0,0,0,0,0,1,1,1,1,0,0,020000fffe00000a,1,235,0,-4,1700000014687500000,37,,,,,,,,32,,0,0,,,,,,1,1,,1,,
1700000014687550000,00fffe00000a,011b19000000,0,0,Follow_Up,8,2,0,44,24,0,0,,0,1,0,0,0,0,0,1,1,1,1,0,0,020000fffe00000a,1,235,2,-4,1700000014687550000,37,,,,,,,,32,,0,0,,,,,,1,1,,1,,
1700000014750000000,00fffe00000a,011b19000000,0,0,Announce,11,2,0,64,24,0,0,,0,1,0,0,0,1,0,0,1,0,1,0,0,020000fffe00000a,1,118,5,-3,,0,128,6,33,20061,128,020000fffe00000a,0,32,,0,0,,,1,0,1,1,1,1,,1,
1700000014750000000,00fffe00000a,011b19000000,0,0,Sync,0,2,0,44,24,0,0,,0,1,0,0,0,0,0,1,1,1,1,0,0,020000fffe00000a,1,236,0,-4,1700000014750000000,37,,,,,,,,32,,0,0,,,,,,1,1,,1,,
1700000014750010000,00fffe000001,011b19000000,0,0,Announce,11,2,0,64,24,0,0,,0,1,0,0,0,0,0,1,1,1,1,0,0,020000fffe000001,2,118,5,-3,,37,128,6,33,20061,128,020000fffe00000a,1,32,,0,0,,,1,0,0,1,1,1,,1,
1700000014750020000,00fffe00000c,011b19000000,0,0,Delay_Req,1,2,0,44,24,0,0,,0,1,0,0,0,0,0,1,1,1,1,0,0,020000fffe00000c,1,118,1,-4,1700000014750020000,37,,,,,,,,32,,0,0,,,,,,1,1,,,,1
1700000014750021000,00fffe00000d,011b19000000,0,0,Delay_Req,1,2,0,44,24,0,0,,0,1,0,0,0,0,0,1,1,1,1,0,0,020000fffe00000d,1,118,1,-4,1700000014750021000,37,,,,,,,,32,,0,0,,,,,,1,1,,,,1
1700000014750022000,00fffe00000e,011b19000000,0,0,Delay_Req,1,2,0,44,24,0,0,,0,1,0,0,0,0,0,1,1,1,1,0,0,020000fffe00000e,1,118,1,-4,1700000014750022000,37,,,,,,,,32,,0,0,,,,,,1,1,,,,1
1700000014750050000,00fffe00000a,011b19000000,0,0,Follow_Up,8,2,0,44,24,0,0,,0,1,0,0,0,0,0,1,1,1,1,0,0,020000fffe00000a,1,236,2,-4,1700000014750050000,37,,,,,,,,32,,0,0,,,,,,1,1,,1,,
1700000014750050000,00fffe000001,011b19000000,0,0,Delay_Resp,9,2,0,54,24,0,0,,0,1,0,0,0,0,0,1,1,1,1,0,0,020000fffe000001,2,118,3,0,,37,,,,,,,,32,,0,0,020000fffe00000c,1,,,,1,1,,,,1
1700000014750051000,00fffe000001,011b19000000,0,0,Delay_Resp,9,2,0,54,24,0,0,,0,1,0,0,0,0,0,1,1,1,1,0,0,020000fffe000001,2,118,3,0,,37,,,,,,,,32,,0,0,020000fffe00000d,1,,,,1,1,,,,1
1700000014750052000,00fffe000001,011b19000000,0,0,Delay_Resp,9,2,0,54,24,0,0,,0,1,0,0,0,0,0,1,1,1,1,0,0,020000fffe000001,2,118,3,0,,37,,,,,,,,32,,0,0,020000fffe00000e,1,,,,1,1,,,,1
1700000014812500000,00fffe00000a,011b19000000,0,0,Sync,0,2,0,44,24,0,0,,0,1,0,0,0,0,0,1,1,1,1,0,0,020000fffe00000a,1,237,0,-4,1700000014812500000,37,,,,,,,,32,,0,0,,,,,,1,1,,1,,
1700000014812550000,00fffe00000a,011b19000000,0,0,Follow_Up,8,2,0,44,24,0,0,,0,1,0,0,0,0,0,1,1,1,1,0,0,020000fffe00000a,1,237,2,-4,1700000014812550000,37,,,,,,,,32,,0,0,,,,,,1,1,,1,,
1700000014875000000,00fffe00000a,011b19000000,0,0,Announce,11,2,0,64,24,0,0,,0,1,0,0,0,1,0,0,1,0,1,0,0,020000fffe00000a,1,119,5,-3,,0,128,6,33,20061,128,020000fffe00000a,0,32,,0,0,,,1,0,1,1,1,1,,1,
1700000014875000000,00fffe00000a,011b19000000,0,0,Sync,0,2,0,44,24,0,0,,0,1,0,0,0,0,0,1,1,1,1,0,0,020000fffe00000a,1,238,0,-4,1700000014875000000,37,,,,,,,,32,,0,0,,,,,,1,1,,1,,
1700000014875010000,00fffe000001,011b19000000,0,0,Announce,11,2,0,64,24,0,0,,0,1,0,0,0,0,0,1,1,1,1,0,0,020000fffe000001,2,119,5,-3,,37,128,6,33,20061,128,020000fffe00000a,1,32,,0,0,,,1,0,0,1,1,1,,1,
1700000014875020000,00fffe00000c,011b19000000,0,0,Delay_Req,1,2,0,44,24,0,0,,0,1,0,0,0,0,0,1,1,1,1,0,0,020000fffe00000c,1,119,1,-4,1700000014875020000,37,,,,,,,,32,,0,0,,,,,,1,1,,,,1
1700000014875021000,00fffe00000d,011b19000000,0,0,Delay_Req,1,2,0,44,24,0,0,,0,1,0,0,0,0,0,1,1,1,1,0,0,020000fffe00000d,1,119,1,-4,1700000014875021000,37,,,,,,,,32,,0,0,,,,,,1,1,,,,1
1700000014875022000,00fffe00000e,011b19000000,0,0,Delay_Req,1,2,0,44,24,0,0,,0,1,0,0,0,0,0,1,1,1,1,0,0,020000fffe00000e,1,119,1,-4,1700000014875022000,37,,,,,,,,32,,0,0,,,,,,1,1,,,,1
1700000014875050000,00fffe00000a,011b19000000,0,0,Follow_Up,8,2,0,44,24,0,0,,0,1,0,0,0,0,0,1,1,1,1,0,0,020000fffe00000a,1,238,2,-4,1700000014875050000,37,,,,,,,,32,,0,0,,,,,,1,1,,1,,
1700000014875050000,00fffe000001,011b19000000,0,0,Delay_Resp,9,2,0,54,24,0,0,,0,1,0,0,0,0,0,1,1,1,1,0,0,020000fffe000001,2,119,3,0,,37,,,,,,,,32,,0,0,020000fffe00000c,1,,,,1,1,,,,1
1700000014875051000,00fffe000001,011b19000000,0,0,Delay_Resp,9,2,0,54,24,0,0,,0,1,0,0,0,0,0,1,1,1,1,0,0,020000fffe000001,2,119,3,0,,37,,,,,,,,32,,0,0,020000fffe00000d,1,,,,1,1,,,,1
1700000014875052000,00fffe000001,011b19000000,0,0,Delay_Resp,9,2,0,54,24,0,0,,0,1,0,0,0,0,0,1,1,1,1,0,0,020000fffe000001,2,119,3,0,,37,,,,,,,,32,,0,0,020000fffe00000e,1,,,,1,1,,,,1
1700000014937500000,00fffe00000a,011b19000000,0,0,Sync,0,2,0,44,24,0,0,,0,1,0,0,0,0,0,1,1,1,1,0,0,020000fffe00000a,1,239,0,-4,1700000014937500000,37,,,,,,,,32,,0,0,,,,,,1,1,,1,,
1700000014937550000,00fffe00000a,011b19000000,0,0,Follow_Up,8,2,0,44,24,0,0,,0,1,0,0,0,0,0,1,1,1,1,0,0,020000fffe00000a,1,239,2,-4,1700000014937550000,37,,,,,,,,32,,0,0,,,,,,1,1,,1,,
1700000015000000000,00fffe00000a,011b19000000,0,0,Announce,11,2,0,64,24,0,0,,0,1,0,0,0,1,0,0,1,0,1,0,0,020000fffe00000a,1,120,5,-3,,0,128,6,33,20061,128,020000fffe00000a,0,32,,0,0,,,1,0,1,1,1,1,,1,
1700000015000000000,00fffe00000a,011b19000000,0,0,Sync,0,2,0,44,24,0,0,,0,1,0,0,0,0,0,1,1,1,1,0,0,020000fffe00000a,1,240,0,-4,1700000015000000000,37,,,,,,,,32,,0,0,,,,,,1,1,,1,,
1700000015000010000,00fffe000001,011b19000000,0,0,Announce,11,2,0,64,24,0,0,,0,1,0,0,0,0,0,1,1,1,1,0,0,020000fffe000001,2,120,5,-3,,37,128,6,33,20061,128,020000fffe00000a,1,32,,0,0,,,1,0,0,1,1,1,,1,
1700000015000020000,00fffe00000c,011b19000000,0,0,Delay_Req,1,2,0,44,24,0,0,,0,1,0,0,0,0,0,1,1,1,1,0,0,020000fffe00000c,1,120,1,-4,1700000015000020000,37,,,,,,,,32,,0,0,,,,,,1,1,,,,1
1700000015000021000,00fffe00000d,011b19000000,0,0,Delay_Req,1,2,0,44,24,0,0,,0,1,0,0,0,0,0,1,1,1,1,0,0,020000fffe00000d,1,120,1,-4,1700000015000021000,37,,,,,,,,32,,0,0,,,,,,1,1,,,,1
1700000015000022000,00fffe00000e,011b19000000,0,0,Delay_Req,1,2,0,44,24,0,0,,0,1,0,0,0,0,0,1,1,1,1,0,0,020000fffe00000e,1,120,1,-4,1700000015000022000,37,,,,,,,,32,,0,0,,,,,,1,1,,,,1
1700000015000050000,00fffe00000a,011b19000000,0,0,Follow_Up,8,2,0,44,24,0,0,,0,1,0,0,0,0,0,1,1,1,1,0,0,020000fffe00000a,1,240,2,-4,1700000015000050000,37,,,,,,,,32,,0,0,,,,,,1,1,,1,,
1700000015000050000,00fffe000001,011b19000000,0,0,Delay_Resp,9,2,0,54,24,0,0,,0,1,0,0,0,0,0,1,1,1,1,0,0,020000fffe000001,2,120,3,0,,37,,,,,,,,32,,0,0,020000fffe00000c,1,,,,1,1,,,,1
1700000015000051000,00fffe000001,011b19000000,0,0,Delay_Resp,9,2,0,54,24,0,0,,0,1,0,0,0,0,0,1,1,1,1,0,0,020000fffe000001,2,120,3,0,,37,,,,,,,,32,,0,0,020000fffe00000d,1,,,,1,1,,,,1
1700000015000052000,00fffe000001,011b19000000,0,0,Delay_Resp,9,2,0,54,24,0,0,,0,1,0,0,0,0,0,1,1,1,1,0,0,020000fffe000001,2,120,3,0,,37,,,,,,,,32,,0,0,020000fffe00000e,1,,,,1,1,,,,1
1700000015062500000,00fffe00000a,011b19000000,0,0,Sync,0,2,0,44,24,0,0,,0,1,0,0,0,0,0,1,1,1,1,0,0,020000fffe00000a,1,241,0,-4,1700000015062500000,37,,,,,,,,32,,0,0,,,,,,1,1,,1,,
1700000015062550000,00fffe00000a,011b19000000,0,0,Follow_Up,8,2,0,44,24,0,0,,0,1,0,0,0,0,0,1,1,1,1,0,0,020000fffe00000a,1,241,2,-4,1700000015062550000,37,,,,,,,,32,,0,0,,,,,,1,1,,1,,
1700000015125000000,00fffe00000a,011b19000000,0,0,Announce,11,2,0,64,24,0,0,,0,1,0,0,0,1,0,0,1,0,1,0,0,020000fffe00000a,1,121,5,-3,,0,128,6,33,20061,128,020000fffe00000a,0,32,,0,0,,,1,0,1,1,1,1,,1,
1700000015125000000,00fffe00000a,011b19000000,0,0,Sync,0,2,0,44,24,0,0,,0,1,0,0,0,0,0,1,1,1,1,0,0,020000fffe00000a,1,242,0,-4,1700000015125000000,37,,,,,,,,32,,0,0,,,,,,1,1,,1,,
1700000015125010000,00fffe000001,011b19000000,0,0,Announce,11,2,0,64,24,0,0,,0,1,0,0,0,0,0,1,1,1,1,0,0,020000fffe000001,2,121,5,-3,,37,128,6,33,20061,128,020000fffe00000a,1,32,,0,0,,,1,0,0,1,1,1,,1,
1700000015125020000,00fffe00000c,011b19000000,0,0,Delay_Req,1,2,0,44,24,0,0,,0,1,0,0,0,0,0,1,1,1,1,0,0,020000fffe00000c,1,121,1,-4,1700000015125020000,37,,,,,,,,32,,0,0,,,,,,1,1,,,,1
1700000015125021000,00fffe00000d,011b19000000,0,0,Delay_Req,1,2,0,44,24,0,0,,0,1,0,0,0,0,0,1,1,1,1,0,0,020000fffe00000d,1,121,1,-4,1700000015125021000,37,,,,,,,,32,,0,0,,,,,,1,1,,,,1
1700000015125022000,00fffe00000e,011b19000000,0,0,Delay_Req,1,2,0,44,24,0,0,,0,1,0,0,0,0,0,1,1,1,1,0,0,020000fffe00000e,1,121,1,-4,1700000015125022000,37,,,,,,,,32,,0,0,,,,,,1,1,,,,1
1700000015125050000,00fffe00000a,011b19000000,0,0,Follow_Up,8,2,0,44,24,0,0,,0,1,0,0,0,0,0,1,1,1,1,0,0,020000fffe00000a,1,242,2,-4,1700000015125050000,37,,,,,,,,32,,0,0,,,,,,1,1,,1,,
1700000015125050000,00fffe000001,011b19000000,0,0,Delay_Resp,9,2,0,54,24,0,0,,0,1,0,0,0,0,0,1,1,1,1,0,0,020000fffe000001,2,121,3,0,,37,,,,,,,,32,,0,0,020000fffe00000c,1,,,,1,1,,,,1
1700000015125051000,00fffe000001,011b19000000,0,0,Delay_Resp,9,2,0,54,24,0,0,,0,1,0,0,0,0,0,1,1,1,1,0,0,020000fffe000001,2,121,3,0,,37,,,,,,,,32,,0,0,020000fffe00000d,1,,,,1,1,,,,1
1700000015125052000,00fffe000001,011b19000000,0,0,Delay_Resp,9,2,0,54,24,0,0,,0,1,0,0,0,0,0,1,1,1,1,0,0,020000fffe000001,2,121,3,0,,37,,,,,,,,32,,0,0,020000fffe00000e,1,,,,1,1,,,,1
1700000015187500000,00fffe00000a,011b19000000,0,0,Sync,0,2,0,44,24,0,0,,0,1,0,0,0,0,0,1,1,1,1,0,0,020000fffe00000a,1,243,0,-4,1700000015187500000,37,,,,,,,,32,,0,0,,,,,,1,1,,1,,
1700000015187550000,00fffe00000a,011b19000000,0,0,Follow_Up,8,2,0,44,24,0,0,,0,1,0,0,0,0,0,1,1,1,1,0,0,020000fffe00000a,1,243,2,-4,1700000015187550000,37,,,,,,,,32,,0,0,,,,,,1,1,,1,,
1700000015250000000,00fffe00000a,011b19000000,0,0,Announce,11,2,0,64,24,0,0,,0,1,0,0,0,1,0,0,1,0,1,0,0,020000fffe00000a,1,122,5,-3,,0,128,6,33,20061,128,020000fffe00000a,0,32,,0,0,,,1,0,1,1,1,1,,1,
1700000015250000000,00fffe00000a,011b19000000,0,0,Sync,0,2,0,44,24,0,0,,0,1,0,0,0,0,0,1,1,1,1,0,0,020000fffe00000a,1,244,0,-4,1700000015250000000,37,,,,,,,,32,,0,0,,,,,,1,1,,1,,
1700000015250010000,00fffe000001,011b19000000,0,0,Announce,11,2,0,64,24,0,0,,0,1,0,0,0,0,0,1,1,1,1,0,0,020000fffe000001,2,122,5,-3,,37,128,6,33,20061,128,020000fffe00000a,1,32,,0,0,,,1,0,0,1,1,1,,1,
1700000015250020000,00fffe00000c,011b19000000,0,0,Delay_Req,1,2,0,44,24,0,0,,0,1,0,0,0,0,0,1,1,1,1,0,0,020000fffe00000c,1,122,1,-4,1700000015250020000,37,,,,,,,,32,,0,0,,,,,,1,1,,,,1
1700000015250021000,00fffe00000d,011b19000000,0,0,Delay_Req,1,2,0,44,24,0,0,,0,1,0,0,0,0,0,1,1,1,1,0,0,020000fffe00000d,1,122,1,-4,1700000015250021000,37,,,,,,,,32,,0,0,,,,,,1,1,,,,1
1700000015250022000,00fffe00000e,011b19000000,0,0,Delay_Req,1,2,0,44,24,0,0,,0,1,0,0,0,0,0,1,1,1,1,0,0,020000fffe00000e,1,122,1,-4,1700000015250022000,37,,,,,,,,32,,0,0,,,,,,1,1,,,,1
1700000015250050000,00fffe00000a,011b19000000,0,0,Follow_Up,8,2,0,44,24,0,0,,0,1,0,0,0,0,0,1,1,1,1,0,0,020000fffe00000a,1,244,2,-4,1700000015250050000,37,,,,,,,,32,,0,0,,,,,,1,1,,1,,
1700000015250050000,00fffe000001,011b19000000,0,0,Delay_Resp,9,2,0,54,24,0,0,,0,1,0,0,0,0,0,1,1,1,1,0,0,020000fffe000001,2,122,3,0,,37,,,,,,,,32,,0,0,020000fffe00000c,1,,,,1,1,,,,1
1700000015250051000,00fffe000001,011b19000000,0,0,Delay_Resp,9,2,0,54,24,0,0,,0,1,0,0,0,0,0,1,1,1,1,0,0,020000fffe000001,2,122,3,0,,37,,,,,,,,32,,0,0,020000fffe00000d,1,,,,1,1,,,,1
1700000015250052000,00fffe000001,011b19000000,0,0,Delay_Resp,9,2,0,54,24,0,0,,0,1,0,0,0,0,0,1,1,1,1,0,0,020000fffe000001,2,122,3,0,,37,,,,,,,,32,,0,0,020000fffe00000e,1,,,,1,1,,,,1
1700000015312500000,00fffe00000a,011b19000000,0,0,Sync,0,2,0,44,24,0,0,,0,1,0,0,0,0,0,1,1,1,1,0,0,020000fffe00000a,1,245,0,-4,1700000015312500000,37,,,,,,,,32,,0,0,,,,,,1,1,,1,,
1700000015312550000,00fffe00000a,011b19000000,0,0,Follow_Up,8,2,0,44,24,0,0,,0,1,0,0,0,0,0,1,1,1,1,0,0,020000fffe00000a,1,245,2,-4,1700000015312550000,37,,,,,,,,32,,0,0,,,,,,1,1,,1,,
1700000015375000000,00fffe00000a,011b19000000,0,0,Announce,11,2,0,64,24,0,0,,0,1,0,0,0,1,0,0,1,0,1,0,0,020000fffe00000a,1,123,5,-3,,0,128,6,33,20061,128,020000fffe00000a,0,32,,0,0,,,1,0,1,1,1,1,,1,
1700000015375000000,00fffe00000a,011b19000000,0,0,Sync,0,2,0,44,24,0,0,,0,1,0,0,0,0,0,1,1,1,1,0,0,020000fffe00000a,1,246,0,-4,1700000015375000000,37,,,,,,,,32,,0,0,,,,,,1,1,,1,,
1700000015375010000,00fffe000001,011b19000000,0,0,Announce,11,2,0,64,24,0,0,,0,1,0,0,0,0,0,1,1,1,1,0,0,020000fffe000001,2,123,5,-3,,37,128,6,33,20061,128,020000fffe00000a,1,32,,0,0,,,1,0,0,1,1,1,,1,
1700000015375020000,00fffe00000c,011b19000000,0,0,Delay_Req,1,2,0,44,24,0,0,,0,1,0,0,0,0,0,1,1,1,1,0,0,020000fffe00000c,1,123,1,-4,1700000015375020000,37,,,,,,,,32,,0,0,,,,,,1,1,,,,1
1700000015375021000,00fffe00000d,011b19000000,0,0,Delay_Req,1,2,0,44,24,0,0,,0,1,0,0,0,0,0,1,1,1,1,0,0,020000fffe00000d,1,123,1,-4,1700000015375021000,37,,,,,,,,32,,0,0,,,,,,1,1,,,,1
1700000015375022000,00fffe00000e,011b19000000,0,0,Delay_Req,1,2,0,44,24,0,0,,0,1,0,0,0,0,0,1,1,1,1,0,0,020000fffe00000e,1,123,1,-4,1700000015375022000,37,,,,,,,,32,,0,0,,,,,,1,1,,,,1
1700000015375050000,00fffe00000a,011b19000000,0,0,Follow_Up,8,2,0,44,24,0,0,,0,1,0,0,0,0,0,1,1,1,1,0,0,020000fffe00000a,1,246,2,-4,1700000015375050000,37,,,,,,,,32,,0,0,,,,,,1,1,,1,,
1700000015375050000,00fffe000001,011b19000000,0,0,Delay_Resp,9,2,0,54,24,0,0,,0,1,0,0,0,0,0,1,1,1,1,0,0,020000fffe000001,2,123,3,0,,37,,,,,,,,32,,0,0,020000fffe00000c,1,,,,1,1,,,,1
1700000015375051000,00fffe000001,011b19000000,0,0,Delay_Resp,9,2,0,54,24,0,0,,0,1,0,0,0,0,0,1,1,1,1,0,0,020000fffe000001,2,123,3,0,,37,,,,,,,,32,,0,0,020000fffe00000d,1,,,,1,1,,,,1
1700000015375052000,00fffe000001,011b19000000,0,0,Delay_Resp,9,2,0,54,24,0,0,,0,1,0,0,0,0,0,1,1,1,1,0,0,020000fffe000001,2,123,3,0,,37,,,,,,,,32,,0,0,020000fffe00000e,1,,,,1,1,,,,1
1700000015437500000,00fffe00000a,011b19000000,0,0,Sync,0,2,0,44,24,0,0,,0,1,0,0,0,0,0,1,1,1,1,0,0,020000fffe00000a,1,247,0,-4,1700000015437500000,37,,,,,,,,32,,0,0,,,,,,1,1,,1,,
1700000015437550000,00fffe00000a,011b19000000,0,0,Follow_Up,8,2,0,44,24,0,0,,0,1,0,0,0,0,0,1,1,1,1,0,0,020000fffe00000a,1,247,2,-4,1700000015437550000,37,,,,,,,,32,,0,0,,,,,,1,1,,1,,
1700000015500000000,00fffe00000a,011b19000000,0,0,Announce,11,2,0,64,24,0,0,,0,1,0,0,0,1,0,0,1,0,1,0,0,020000fffe00000a,1,124,5,-3,,0,128,6,33,20061,128,020000fffe00000a,0,32,,0,0,,,1,0,1,1,1,1,,1,
1700000015500000000,00fffe00000a,011b19000000,0,0,Sync,0,2,0,44,24,0,0,,0,1,0,0,0,0,0,1,1,1,1,0,0,020000fffe00000a,1,248,0,-4,1700000015500000000,37,,,,,,,,32,,0,0,,,,,,1,1,,1,,
1700000015500010000,00fffe000001,011b19000000,0,0,Announce,11,2,0,64,24,0,0,,0,1,0,0,0,0,0,1,1,1,1,0,0,020000fffe000001,2,124,5,-3,,37,128,6,33,20061,128,020000fffe00000a,1,32,,0,0,,,1,0,0,1,1,1,,1,
1700000015500020000,00fffe00000c,011b19000000,0,0,Delay_Req,1,2,0,44,24,0,0,,0,1,0,0,0,0,0,1,1,1,1,0,0,020000fffe00000c,1,124,1,-4,1700000015500020000,37,,,,,,,,32,,0,0,,,,,,1,1,,,,1
1700000015500021000,00fffe00000d,011b19000000,0,0,Delay_Req,1,2,0,44,24,0,0,,0,1,0,0,0,0,0,1,1,1,1,0,0,020000fffe00000d,1,124,1,-4,1700000015500021000,37,,,,,,,,32,,0,0,,,,,,1,1,,,,1
1700000015500022000,00fffe00000e,011b19000000,0,0,Delay_Req,1,2,0,44,24,0,0,,0,1,0,0,0,0,0,1,1,1,1,0,0,020000fffe00000e,1,124,1,-4,1700000015500022000,37,,,,,,,,32,,0,0,,,,,,1,1,,,,1
1700000015500050000,00fffe00000a,011b19000000,0,0,Follow_Up,8,2,0,44,24,0,0,,0,1,0,0,0,0,0,1,1,1,1,0,0,020000fffe00000a,1,248,2,-4,1700000015500050000,37,,,,,,,,32,,0,0,,,,,,1,1,,1,,
1700000015500050000,00fffe000001,011b19000000,0,0,Delay_Resp,9,2,0,54,24,0,0,,0,1,0,0,0,0,0,1,1,1,1,0,0,020000fffe000001,2,124,3,0,,37,,,,,,,,32,,0,0,020000fffe00000c,1,,,,1,1,,,,1
1700000015500051000,00fffe000001,011b19000000,0,0,Delay_Resp,9,2,0,54,24,0,0,,0,1,0,0,0,0,0,1,1,1,1,0,0,020000fffe000001,2,124,3,0,,37,,,,,,,,32,,0,0,020000fffe00000d,1,,,,1,1,,,,1
1700000015500052000,00fffe000001,011b19000000,0,0,Delay_Resp,9,2,0,54,24,0,0,,0,1,0,0,0,0,0,1,1,1,1,0,0,020000fffe000001,2,124,3,0,,37,,,,,,,,32,,0,0,020000fffe00000e,1,,,,1,1,,,,1
1700000015562500000,00fffe00000a,011b19000000,0,0,Sync,0,2,0,44,24,0,0,,0,1,0,0,0,0,0,1,1,1,1,0,0,020000fffe00000a,1,249,0,-4,1700000015562500000,37,,,,,,,,32,,0,0,,,,,,1,1,,1,,
1700000015562550000,00fffe00000a,011b19000000,0,0,Follow_Up,8,2,0,44,24,0,0,,0,1,0,0,0,0,0,1,1,1,1,0,0,020000fffe00000a,1,249,2,-4,1700000015562550000,37,,,,,,,,32,,0,0,,,,,,1,1,,1,,
1700000015625000000,00fffe00000a,011b19000000,0,0,Announce,11,2,0,64,24,0,0,,0,1,0,0,0,1,0,0,1,0,1,0,0,020000fffe00000a,1,125,5,-3,,0,128,6,33,20061,128,020000fffe00000a,0,32,,0,0,,,1,0,1,1,1,1,,1,
1700000015625000000,00fffe00000a,011b19000000,0,0,Sync,0,2,0,44,24,0,0,,0,1,0,0,0,0,0,1,1,1,1,0,0,020000fffe00000a,1,250,0,-4,1700000015625000000,37,,,,,,,,32,,0,0,,,,,,1,1,,1,,
1700000015625010000,00fffe000001,011b19000000,0,0,Announce,11,2,0,64,24,0,0,,0,1,0,0,0,0,0,1,1,1,1,0,0,020000fffe000001,2,125,5,-3,,37,128,6,33,20061,128,020000fffe00000a,1,32,,0,0,,,1,0,0,1,1,1,,1,
1700000015625020000,00fffe00000c,011b19000000,0,0,Delay_Req,1,2,0,44,24,0,0,,0,1,0,0,0,0,0,1,1,1,1,0,0,020000fffe00000c,1,125,1,-4,1700000015625020000,37,,,,,,,,32,,0,0,,,,,,1,1,,,,1
1700000015625021000,00fffe00000d,011b19000000,0,0,Delay_Req,1,2,0,44,24,0,0,,0,1,0,0,0,0,0,1,1,1,1,0,0,020000fffe00000d,1,125,1,-4,1700000015625021000,37,,,,,,,,32,,0,0,,,,,,1,1,,,,1
1700000015625022000,00fffe00000e,011b19000000,0,0,Delay_Req,1,2,0,44,24,0,0,,0,1,0,0,0,0,0,1,1,1,1,0,0,020000fffe00000e,1,125,1,-4,1700000015625022000,37,,,,,,,,32,,0,0,,,,,,1,1,,,,1
1700000015625050000,00fffe00000a,011b19000000,0,0,Follow_Up,8,2,0,44,24,0,0,,0,1,0,0,0,0,0,1,1,1,1,0,0,020000fffe00000a,1,250,2,-4,1700000015625050000,37,,,,,,,,32,,0,0,,,,,,1,1,,1,,
1700000015625050000,00fffe000001,011b19000000,0,0,Delay_Resp,9,2,0,54,24,0,0,,0,1,0,0,0,0,0,1,1,1,1,0,0,020000fffe000001,2,125,3,0,,37,,,,,,,,32,,0,0,020000fffe00000c,1,,,,1,1,,,,1
1700000015625051000,00fffe000001,011b19000000,0,0,Delay_Resp,9,2,0,54,24,0,0,,0,1,0,0,0,0,0,1,1,1,1,0,0,020000fffe000001,2,125,3,0,,37,,,,,,,,32,,0,0,020000fffe00000d,1,,,,1,1,,,,1
1700000015625052000,00fffe000001,011b19000000,0,0,Delay_Resp,9,2,0,54,24,0,0,,0,1,0,0,0,0,0,1,1,1,1,0,0,020000fffe000001,2,125,3,0,,37,,,,,,,,32,,0,0,020000fffe00000e,1,,,,1,1,,,,1
1700000015687500000,00fffe00000a,011b19000000,0,0,Sync,0,2,0,44,24,0,0,,0,1,0,0,0,0,0,1,1,1,1,0,0,020000fffe00000a,1,251,0,-4,1700000015687500000,37,,,,,,,,32,,0,0,,,,,,1,1,,1,,
1700000015687550000,00fffe00000a,011b19000000,0,0,Follow_Up,8,2,0,44,24,0,0,,0,1,0,0,0,0,0,1,1,1,1,0,0,020000fffe00000a,1,251,2,-4,1700000015687550000,37,,,,,,,,32,,0,0,,,,,,1,1,,1,,
1700000015750000000,00fffe00000a,011b19000000,0,0,Announce,11,2,0,64,24,0,0,,0,1,0,0,0,1,0,0,1,0,1,0,0,020000fffe00000a,1,126,5,-3,,0,128,6,33,20061,128,020000fffe00000a,0,32,,0,0,,,1,0,1,1,1,1,,1,
1700000015750000000,00fffe00000a,011b19000000,0,0,Sync,0,2,0,44,24,0,0,,0,1,0,0,0,0,0,1,1,1,1,0,0,020000fffe00000a,1,252,0,-4,1700000015750000000,37,,,,,,,,32,,0,0,,,,,,1,1,,1,,
1700000015750010000,00fffe000001,011b19000000,0,0,Announce,11,2,0,64,24,0,0,,0,1,0,0,0,0,0,1,1,1,1,0,0,020000fffe000001,2,126,5,-3,,37,128,6,33,20061,128,020000fffe00000a,1,32,,0,0,,,1,0,0,1,1,1,,1,
1700000015750020000,00fffe00000c,011b19000000,0,0,Delay_Req,1,2,0,44,24,0,0,,0,1,0,0,0,0,0,1,1,1,1,0,0,020000fffe00000c,1,126,1,-4,1700000015750020000,37,,,,,,,,32,,0,0,,,,,,1,1,,,,1
1700000015750021000,00fffe00000d,011b19000000,0,0,Delay_Req,1,2,0,44,24,0,0,,0,1,0,0,0,0,0,1,1,1,1,0,0,020000fffe00000d,1,126,1,-4,1700000015750021000,37,,,,,,,,32,,0,0,,,,,,1,1,,,,1
1700000015750022000,00fffe00000e,011b19000000,0,0,Delay_Req,1,2,0,44,24,0,0,,0,1,0,0,0,0,0,1,1,1,1,0,0,020000fffe00000e,1,126,1,-4,1700000015750022000,37,,,,,,,,32,,0,0,,,,,,1,1,,,,1
1700000015750050000,00fffe00000a,011b19000000,0,0,Follow_Up,8,2,0,44,24,0,0,,0,1,0,0,0,0,0,1,1,1,1,0,0,020000fffe00000a,1,252,2,-4,1700000015750050000,37,,,,,,,,32,,0,0,,,,,,1,1,,1,,
1700000015750050000,00fffe000001,011b19000000,0,0,Delay_Resp,9,2,0,54,24,0,0,,0,1,0,0,0,0,0,1,1,1,1,0,0,020000fffe000001,2,126,3,0,,37,,,,,,,,32,,0,0,020000fffe00000c,1,,,,1,1,,,,1
1700000015750051000,00fffe000001,011b19000000,0,0,Delay_Resp,9,2,0,54,24,0,0,,0,1,0,0,0,0,0,1,1,1,1,0,0,020000fffe000001,2,126,3,0,,37,,,,,,,,32,,0,0,020000fffe00000d,1,,,,1,1,,,,1
1700000015750052000,00fffe000001,011b19000000,0,0,Delay_Resp,9,2,0,54,24,0,0,,0,1,0,0,0,0,0,1,1,1,1,0,0,020000fffe000001,2,126,3,0,,37,,,,,,,,32,,0,0,020000fffe00000e,1,,,,1,1,,,,1
1700000015812500000,00fffe00000a,011b19000000,0,0,Sync,0,2,0,44,24,0,0,,0,1,0,0,0,0,0,1,1,1,1,0,0,020000fffe00000a,1,253,0,-4,1700000015812500000,37,,,,,,,,32,,0,0,,,,,,1,1,,1,,
1700000015812550000,00fffe00000a,011b19000000,0,0,Follow_Up,8,2,0,44,24,0,0,,0,1,0,0,0,0,0,1,1,1,1,0,0,020000fffe00000a,1,253,2,-4,1700000015812550000,37,,,,,,,,32,,0,0,,,,,,1,1,,1,,
1700000015875000000,00fffe00000a,011b19000000,0,0,Announce,11,2,0,64,24,0,0,,0,1,0,0,0,1,0,0,1,0,1,0,0,020000fffe00000a,1,127,5,-3,,0,128,6,33,20061,128,020000fffe00000a,0,32,,0,0,,,1,0,1,1,1,1,,1,
1700000015875000000,00fffe00000a,011b19000000,0,0,Sync,0,2,0,44,24,0,0,,0,1,0,0,0,0,0,1,1,1,1,0,0,020000fffe00000a,1,254,0,-4,1700000015875000000,37,,,,,,,,32,,0,0,,,,,,1,1,,1,,
1700000015875010000,00fffe000001,011b19000000,0,0,Announce,11,2,0,64,24,0,0,,0,1,0,0,0,0,0,1,1,1,1,0,0,020000fffe000001,2,127,5,-3,,37,128,6,33,20061,128,020000fffe00000a,1,32,,0,0,,,1,0,0,1,1,1,,1,
1700000015875020000,00fffe00000c,011b19000000,0,0,Delay_Req,1,2,0,44,24,0,0,,0,1,0,0,0,0,0,1,1,1,1,0,0,020000fffe00000c,1,127,1,-4,1700000015875020000,37,,,,,,,,32,,0,0,,,,,,1,1,,,,1
1700000015875021000,00fffe00000d,011b19000000,0,0,Delay_Req,1,2,0,44,24,0,0,,0,1,0,0,0,0,0,1,1,1,1,0,0,020000fffe00000d,1,127,1,-4,1700000015875021000,37,,,,,,,,32,,0,0,,,,,,1,1,,,,1
1700000015875022000,00fffe00000e,011b19000000,0,0,Delay_Req,1,2,0,44,24,0,0,,0,1,0,0,0,0,0,1,1,1,1,0,0,020000fffe00000e,1,127,1,-4,1700000015875022000,37,,,,,,,,32,,0,0,,,,,,1,1,,,,1
1700000015875050000,00fffe00000a,011b19000000,0,0,Follow_Up,8,2,0,44,24,0,0,,0,1,0,0,0,0,0,1,1,1,1,0,0,020000fffe00000a,1,254,2,-4,1700000015875050000,37,,,,,,,,32,,0,0,,,,,,1,1,,1,,
1700000015875050000,00fffe000001,011b19000000,0,0,Delay_Resp,9,2,0,54,24,0,0,,0,1,0,0,0,0,0,1,1,1,1,0,0,020000fffe000001,2,127,3,0,,37,,,,,,,,32,,0,0,020000fffe00000c,1,,,,1,1,,,,1
1700000015875051000,00fffe000001,011b19000000,0,0,Delay_Resp,9,2,0,54,24,0,0,,0,1,0,0,0,0,0,1,1,1,1,0,0,020000fffe000001,2,127,3,0,,37,,,,,,,,32,,0,0,020000fffe00000d,1,,,,1,1,,,,1
1700000015875052000,00fffe000001,011b19000000,0,0,Delay_Resp,9,2,0,54,24,0,0,,0,1,0,0,0,0,0,1,1,1,1,0,0,020000fffe000001,2,127,3,0,,37,,,,,,,,32,,0,0,020000fffe00000e,1,,,,1,1,,,,1
1700000015937500000,00fffe00000a,011b19000000,0,0,Sync,0,2,0,44,24,0,0,,0,1,0,0,0,0,0,1,1,1,1,0,0,020000fffe00000a,1,255,0,-4,1700000015937500000,37,,,,,,,,32,,0,0,,,,,,1,1,,1,,
1700000015937550000,00fffe00000a,011b19000000,0,0,Follow_Up,8,2,0,44,24,0,0,,0,1,0,0,0,0,0,1,1,1,1,0,0,020000fffe00000a,1,255,2,-4,1700000015937550000,37,,,,,,,,32,,0,0,,,,,,1,1,,1,,
1700000016000000000,00fffe00000a,011b19000000,0,0,Announce,11,2,0,64,24,0,0,,0,1,0,0,0,1,0,0,1,0,1,0,0,020000fffe00000a,1,128,5,-3,,0,128,6,33,20061,128,020000fffe00000a,0,32,,0,0,,,1,0,1,1,1,1,,1,
1700000016000000000,00fffe00000a,011b19000000,0,0,Sync,0,2,0,44,24,0,0,,0,1,0,0,0,0,0,1,1,1,1,0,0,020000fffe00000a,1,256,0,-4,1700000016000000000,37,,,,,,,,32,,0,0,,,,,,1,1,,1,,
1700000016000010000,00fffe000001,011b19000000,0,0,Announce,11,2,0,64,24,0,0,,0,1,0,0,0,0,0,1,1,1,1,0,0,020000fffe000001,2,128,5,-3,,37,128,6,33,20061,128,020000fffe00000a,1,32,,0,0,,,1,0,0,1,1,1,,1,
1700000016000020000,00fffe00000c,011b19000000,0,0,Delay_Req,1,2,0,44,24,0,0,,0,1,0,0,0,0,0,1,1,1,1,0,0,020000fffe00000c,1,128,1,-4,1700000016000020000,37,,,,,,,,32,,0,0,,,,,,1,1,,,,1
1700000016000021000,00fffe00000d,011b19000000,0,0,Delay_Req,1,2,0,44,24,0,0,,0,1,0,0,0,0,0,1,1,1,1,0,0,020000fffe00000d,1,128,1,-4,1700000016000021000,37,,,,,,,,32,,0,0,,,,,,1,1,,,,1
1700000016000022000,00fffe00000e,011b19000000,0,0,Delay_Req,1,2,0,44,24,0,0,,0,1,0,0,0,0,0,1,1,1,1,0,0,020000fffe00000e,1,128,1,-4,1700000016000022000,37,,,,,,,,32,,0,0,,,,,,1,1,,,,1
1700000016000050000,00fffe00000a,011b19000000,0,0,Follow_Up,8,2,0,44,24,0,0,,0,1,0,0,0,0,0,1,1,1,1,0,0,020000fffe00000a,1,256,2,-4,1700000016000050000,37,,,,,,,,32,,0,0,,,,,,1,1,,1,,
1700000016000050000,00fffe000001,011b19000000,0,0,Delay_Resp,9,2,0,54,24,0,0,,0,1,0,0,0,0,0,1,1,1,1,0,0,020000fffe000001,2,128,3,0,,37,,,,,,,,32,,0,0,020000fffe00000c,1,,,,1,1,,,,1
1700000016000051000,00fffe000001,011b19000000,0,0,Delay_Resp,9,2,0,54,24,0,0,,0,1,0,0,0,0,0,1,1,1,1,0,0,020000fffe000001,2,128,3,0,,37,,,,,,,,32,,0,0,020000fffe00000d,1,,,,1,1,,,,1
1700000016000052000,00fffe000001,011b19000000,0,0,Delay_Resp,9,2,0,54,24,0,0,,0,1,0,0,0,0,0,1,1,1,1,0,0,020000fffe000001,2,128,3,0,,37,,,,,,,,32,,0,0,020000fffe00000e,1,,,,1,1,,,,1
1700000016062500000,00fffe00000a,011b19000000,0,0,Sync,0,2,0,44,24,0,0,,0,1,0,0,0,0,0,1,1,1,1,0,0,020000fffe00000a,1,257,0,-4,1700000016062500000,37,,,,,,,,32,,0,0,,,,,,1,1,,1,,
1700000016062550000,00fffe00000a,011b19000000,0,0,Follow_Up,8,2,0,44,24,0,0,,0,1,0,0,0,0,0,1,1,1,1,0,0,020000fffe00000a,1,257,2,-4,1700000016062550000,37,,,,,,,,32,,0,0,,,,,,1,1,,1,,
1700000016125000000,00fffe00000a,011b19000000,0,0,Announce,11,2,0,64,24,0,0,,0,1,0,0,0,1,0,0,1,0,1,0,0,020000fffe00000a,1,129,5,-3,,0,128,6,33,20061,128,020000fffe00000a,0,32,,0,0,,,1,0,1,1,1,1,,1,
1700000016125000000,00fffe00000a,011b19000000,0,0,Sync,0,2,0,44,24,0,0,,0,1,0,0,0,0,0,1,1,1,1,0,0,020000fffe00000a,1,258,0,-4,1700000016125000000,37,,,,,,,,32,,0,0,,,,,,1,1,,1,,
1700000016125010000,00fffe000001,011b19000000,0,0,Announce,11,2,0,64,24,0,0,,0,1,0,0,0,0,0,1,1,1,1,0,0,020000fffe000001,2,129,5,-3,,37,128,6,33,20061,128,020000fffe00000a,1,32,,0,0,,,1,0,0,1,1,1,,1,
1700000016125020000,00fffe00000c,011b19000000,0,0,Delay_Req,1,2,0,44,24,0,0,,0,1,0,0,0,0,0,1,1,1,1,0,0,020000fffe00000c,1,129,1,-4,1700000016125020000,37,,,,,,,,32,,0,0,,,,,,1,1,,,,1
1700000016125021000,00fffe00000d,011b19000000,0,0,Delay_Req,1,2,0,44,24,0,0,,0,1,0,0,0,0,0,1,1,1,1,0,0,020000fffe00000d,1,129,1,-4,1700000016125021000,37,,,,,,,,32,,0,0,,,,,,1,1,,,,1
1700000016125022000,00fffe00000e,011b19000000,0,0,Delay_Req,1,2,0,44,24,0,0,,0,1,0,0,0,0,0,1,1,1,1,0,0,020000fffe00000e,1,129,1,-4,1700000016125022000,37,,,,,,,,32,,0,0,,,,,,1,1,,,,1
1700000016125050000,00fffe00000a,011b19000000,0,0,Follow_Up,8,2,0,44,24,0,0,,0,1,0,0,0,0,0,1,1,1,1,0,0,020000fffe00000a,1,258,2,-4,1700000016125050000,37,,,,,,,,32,,0,0,,,,,,1,1,,1,,
1700000016125050000,00fffe000001,011b19000000,0,0,Delay_Resp,9,2,0,54,24,0,0,,0,1,0,0,0,0,0,1,1,1,1,0,0,020000fffe000001,2,129,3,0,,37,,,,,,,,32,,0,0,020000fffe00000c,1,,,,1,1,,,,1
1700000016125051000,00fffe000001,011b19000000,0,0,Delay_Resp,9,2,0,54,24,0,0,,0,1,0,0,0,0,0,1,1,1,1,0,0,020000fffe000001,2,129,3,0,,37,,,,,,,,32,,0,0,020000fffe00000d,1,,,,1,1,,,,1
1700000016125052000,00fffe000001,011b19000000,0,0,Delay_Resp,9,2,0,54,24,0,0,,0,1,0,0,0,0,0,1,1,1,1,0,0,020000fffe000001,2,129,3,0,,37,,,,,,,,32,,0,0,020000fffe00000e,1,,,,1,1,,,,1
1700000016187500000,00fffe00000a,011b19000000,0,0,Sync,0,2,0,44,24,0,0,,0,1,0,0,0,0,0,1,1,1,1,0,0,020000fffe00000a,1,259,0,-4,1700000016187500000,37,,,,,,,,32,,0,0,,,,,,1,1,,1,,
1700000016187550000,00fffe00000a,011b19000000,0,0,Follow_Up,8,2,0,44,24,0,0,,0,1,0,0,0,0,0,1,1,1,1,0,0,020000fffe00000a,1,259,2,-4,1700000016187550000,37,,,,,,,,32,,0,0,,,,,,1,1,,1,,
1700000016250000000,00fffe00000a,011b19000000,0,0,Announce,11,2,0,64,24,0,0,,0,1,0,0,0,1,0,0,1,0,1,0,0,020000fffe00000a,1,130,5,-3,,0,128,6,33,20061,128,020000fffe00000a,0,32,,0,0,,,1,0,1,1,1,1,,1,
1700000016250000000,00fffe00000a,011b19000000,0,0,Sync,0,2,0,44,24,0,0,,0,1,0,0,0,0,0,1,1,1,1,0,0,020000fffe00000a,1,260,0,-4,1700000016250000000,37,,,,,,,,32,,0,0,,,,,,1,1,,1,,
1700000016250010000,00fffe000001,011b19000000,0,0,Announce,11,2,0,64,24,0,0,,0,1,0,0,0,0,0,1,1,1,1,0,0,020000fffe000001,2,130,5,-3,,37,128,6,33,20061,128,020000fffe00000a,1,32,,0,0,,,1,0,0,1,1,1,,1,
1700000016250020000,00fffe00000c,011b19000000,0,0,Delay_Req,1,2,0,44,24,0,0,,0,1,0,0,0,0,0,1,1,1,1,0,0,020000fffe00000c,1,130,1,-4,1700000016250020000,37,,,,,,,,32,,0,0,,,,,,1,1,,,,1
1700000016250021000,00fffe00000d,011b19000000,0,0,Delay_Req,1,2,0,44,24,0,0,,0,1,0,0,0,0,0,1,1,1,1,0,0,020000fffe00000d,1,130,1,-4,1700000016250021000,37,,,,,,,,32,,0,0,,,,,,1,1,,,,1
1700000016250022000,00fffe00000e,011b19000000,0,0,Delay_Req,1,2,0,44,24,0,0,,0,1,0,0,0,0,0,1,1,1,1,0,0,020000fffe00000e,1,130,1,-4,1700000016250022000,37,,,,,,,,32,,0,0,,,,,,1,1,,,,1
1700000016250050000,00fffe00000a,011b19000000,0,0,Follow_Up,8,2,0,44,24,0,0,,0,1,0,0,0,0,0,1,1,1,1,0,0,020000fffe00000a,1,260,2,-4,1700000016250050000,37,,,,,,,,32,,0,0,,,,,,1,1,,1,,
1700000016250050000,00fffe000001,011b19000000,0,0,Delay_Resp,9,2,0,54,24,0,0,,0,1,0,0,0,0,0,1,1,1,1,0,0,020000fffe000001,2,130,3,0,,37,,,,,,,,32,,0,0,020000fffe00000c,1,,,,1,1,,,,1
1700000016250051000,00fffe000001,011b19000000,0,0,Delay_Resp,9,2,0,54,24,0,0,,0,1,0,0,0,0,0,1,1,1,1,0,0,020000fffe000001,2,130,3,0,,37,,,,,,,,32,,0,0,020000fffe00000d,1,,,,1,1,,,,1
1700000016250052000,00fffe000001,011b19000000,0,0,Delay_Resp,9,2,0,54,24,0,0,,0,1,0,0,0,0,0,1,1,1,1,0,0,020000fffe000001,2,130,3,0,,37,,,,,,,,32,,0,0,020000fffe00000e,1,,,,1,1,,,,1
1700000016312500000,00fffe00000a,011b19000000,0,0,Sync,0,2,0,44,24,0,0,,0,1,0,0,0,0,0,1,1,1,1,0,0,020000fffe00000a,1,261,0,-4,1700000016312500000,37,,,,,,,,32,,0,0,,,,,,1,1,,1,,
1700000016312550000,00fffe00000a,011b19000000,0,0,Follow_Up,8,2,0,44,24,0,0,,0,1,0,0,0,0,0,1,1,1,1,0,0,020000fffe00000a,1,261,2,-4,1700000016312550000,37,,,,,,,,32,,0,0,,,,,,1,1,,1,,
1700000016375000000,00fffe00000a,011b19000000,0,0,Announce,11,2,0,64,24,0,0,,0,1,0,0,0,1,0,0,1,0,1,0,0,020000fffe00000a,1,131,5,-3,,0,128,6,33,20061,128,020000fffe00000a,0,32,,0,0,,,1,0,1,1,1,1,,1,
1700000016375000000,00fffe00000a,011b19000000,0,0,Sync,0,2,0,44,24,0,0,,0,1,0,0,0,0,0,1,1,1,1,0,0,020000fffe00000a,1,262,0,-4,1700000016375000000,37,,,,,,,,32,,0,0,,,,,,1,1,,1,,
1700000016375010000,00fffe000001,011b19000000,0,0,Announce,11,2,0,64,24,0,0,,0,1,0,0,0,0,0,1,1,1,1,0,0,020000fffe000001,2,131,5,-3,,37,128,6,33,20061,128,020000fffe00000a,1,32,,0,0,,,1,0,0,1,1,1,,1,
1700000016375020000,00fffe00000c,011b19000000,0,0,Delay_Req,1,2,0,44,24,0,0,,0,1,0,0,0,0,0,1,1,1,1,0,0,020000fffe00000c,1,131,1,-4,1700000016375020000,37,,,,,,,,32,,0,0,,,,,,1,1,,,,1
1700000016375021000,00fffe00000d,011b19000000,0,0,Delay_Req,1,2,0,44,24,0,0,,0,1,0,0,0,0,0,1,1,1,1,0,0,020000fffe00000d,1,131,1,-4,1700000016375021000,37,,,,,,,,32,,0,0,,,,,,1,1,,,,1
1700000016375022000,00fffe00000e,011b19000000,0,0,Delay_Req,1,2,0,44,24,0,0,,0,1,0,0,0,0,0,1,1,1,1,0,0,020000fffe00000e,1,131,1,-4,1700000016375022000,37,,,,,,,,32,,0,0,,,,,,1,1,,,,1
1700000016375050000,00fffe00000a,011b19000000,0,0,Follow_Up,8,2,0,44,24,0,0,,0,1,0,0,0,0,0,1,1,1,1,0,0,020000fffe00000a,1,262,2,-4,1700000016375050000,37,,,,,,,,32,,0,0,,,,,,1,1,,1,,
1700000016375050000,00fffe000001,011b19000000,0,0,Delay_Resp,9,2,0,54,24,0,0,,0,1,0,0,0,0,0,1,1,1,1,0,0,020000fffe000001,2,131,3,0,,37,,,,,,,,32,,0,0,020000fffe00000c,1,,,,1,1,,,,1
1700000016375051000,00fffe000001,011b19000000,0,0,Delay_Resp,9,2,0,54,24,0,0,,0,1,0,0,0,0,0,1,1,1,1,0,0,020000fffe000001,2,131,3,0,,37,,,,,,,,32,,0,0,020000fffe00000d,1,,,,1,1,,,,1
1700000016375052000,00fffe000001,011b19000000,0,0,Delay_Resp,9,2,0,54,24,0,0,,0,1,0,0,0,0,0,1,1,1,1,0,0,020000fffe000001,2,131,3,0,,37,,,,,,,,32,,0,0,020000fffe00000e,1,,,,1,1,,,,1
1700000016437500000,00fffe00000a,011b19000000,0,0,Sync,0,2,0,44,24,0,0,,0,1,0,0,0,0,0,1,1,1,1,0,0,020000fffe00000a,1,263,0,-4,1700000016437500000,37,,,,,,,,32,,0,0,,,,,,1,1,,1,,
1700000016437550000,00fffe00000a,011b19000000,0,0,Follow_Up,8,2,0,44,24,0,0,,0,1,0,0,0,0,0,1,1,1,1,0,0,020000fffe00000a,1,263,2,-4,1700000016437550000,37,,,,,,,,32,,0,0,,,,,,1,1,,1,,
1700000016500000000,00fffe00000a,011b19000000,0,0,Announce,11,2,0,64,24,0,0,,0,1,0,0,0,1,0,0,1,0,1,0,0,020000fffe00000a,1,132,5,-3,,0,128,6,33,20061,128,020000fffe00000a,0,32,,0,0,,,1,0,1,1,1,1,,1,
1700000016500000000,00fffe00000a,011b19000000,0,0,Sync,0,2,0,44,24,0,0,,0,1,0,0,0,0,0,1,1,1,1,0,0,020000fffe00000a,1,264,0,-4,1700000016500000000,37,,,,,,,,32,,0,0,,,,,,1,1,,1,,
1700000016500010000,00fffe000001,011b19000000,0,0,Announce,11,2,0,64,24,0,0,,0,1,0,0,0,0,0,1,1,1,1,0,0,020000fffe000001,2,132,5,-3,,37,128,6,33,20061,128,020000fffe00000a,1,32,,0,0,,,1,0,0,1,1,1,,1,
1700000016500020000,00fffe00000c,011b19000000,0,0,Delay_Req,1,2,0,44,24,0,0,,0,1,0,0,0,0,0,1,1,1,1,0,0,020000fffe00000c,1,132,1,-4,1700000016500020000,37,,,,,,,,32,,0,0,,,,,,1,1,,,,1
1700000016500021000,00fffe00000d,011b19000000,0,0,Delay_Req,1,2,0,44,24,0,0,,0,1,0,0,0,0,0,1,1,1,1,0,0,020000fffe00000d,1,132,1,-4,1700000016500021000,37,,,,,,,,32,,0,0,,,,,,1,1,,,,1
1700000016500022000,00fffe00000e,011b19000000,0,0,Delay_Req,1,2,0,44,24,0,0,,0,1,0,0,0,0,0,1,1,1,1,0,0,020000fffe00000e,1,132,1,-4,1700000016500022000,37,,,,,,,,32,,0,0,,,,,,1,1,,,,1
1700000016500050000,00fffe00000a,011b19000000,0,0,Follow_Up,8,2,0,44,24,0,0,,0,1,0,0,0,0,0,1,1,1,1,0,0,020000fffe00000a,1,264,2,-4,1700000016500050000,37,,,,,,,,32,,0,0,,,,,,1,1,,1,,
1700000016500050000,00fffe000001,011b19000000,0,0,Delay_Resp,9,2,0,54,24,0,0,,0,1,0,0,0,0,0,1,1,1,1,0,0,020000fffe000001,2,132,3,0,,37,,,,,,,,32,,0,0,020000fffe00000c,1,,,,1,1,,,,1
1700000016500051000,00fffe000001,011b19000000,0,0,Delay_Resp,9,2,0,54,24,0,0,,0,1,0,0,0,0,0,1,1,1,1,0,0,020000fffe000001,2,132,3,0,,37,,,,,,,,32,,0,0,020000fffe00000d,1,,,,1,1,,,,1
1700000016500052000,00fffe000001,011b19000000,0,0,Delay_Resp,9,2,0,54,24,0,0,,0,1,0,0,0,0,0,1,1,1,1,0,0,020000fffe000001,2,132,3,0,,37,,,,,,,,32,,0,0,020000fffe00000e,1,,,,1,1,,,,1
1700000016562500000,00fffe00000a,011b19000000,0,0,Sync,0,2,0,44,24,0,0,,0,1,0,0,0,0,0,1,1,1,1,0,0,020000fffe00000a,1,265,0,-4,1700000016562500000,37,,,,,,,,32,,0,0,,,,,,1,1,,1,,
1700000016562550000,00fffe00000a,011b19000000,0,0,Follow_Up,8,2,0,44,24,0,0,,0,1,0,0,0,0,0,1,1,1,1,0,0,020000fffe00000a,1,265,2,-4,1700000016562550000,37,,,,,,,,32,,0,0,,,,,,1,1,,1,,
1700000016625000000,00fffe00000a,011b19000000,0,0,Announce,11,2,0,64,24,0,0,,0,1,0,0,0,1,0,0,1,0,1,0,0,020000fffe00000a,1,133,5,-3,,0,128,6,33,20061,128,020000fffe00000a,0,32,,0,0,,,1,0,1,1,1,1,,1,
1700000016625000000,00fffe00000a,011b19000000,0,0,Sync,0,2,0,44,24,0,0,,0,1,0,0,0,0,0,1,1,1,1,0,0,020000fffe00000a,1,266,0,-4,1700000016625000000,37,,,,,,,,32,,0,0,,,,,,1,1,,1,,
1700000016625010000,00fffe000001,011b19000000,0,0,Announce,11,2,0,64,24,0,0,,0,1,0,0,0,0,0,1,1,1,1,0,0,020000fffe000001,2,133,5,-3,,37,128,6,33,20061,128,020000fffe00000a,1,32,,0,0,,,1,0,0,1,1,1,,1,
1700000016625020000,00fffe00000c,011b19000000,0,0,Delay_Req,1,2,0,44,24,0,0,,0,1,0,0,0,0,0,1,1,1,1,0,0,020000fffe00000c,1,133,1,-4,1700000016625020000,37,,,,,,,,32,,0,0,,,,,,1,1,,,,1
1700000016625021000,00fffe00000d,011b19000000,0,0,Delay_Req,1,2,0,44,24,0,0,,0,1,0,0,0,0,0,1,1,1,1,0,0,020000fffe00000d,1,133,1,-4,1700000016625021000,37,,,,,,,,32,,0,0,,,,,,1,1,,,,1
1700000016625022000,00fffe00000e,011b19000000,0,0,Delay_Req,1,2,0,44,24,0,0,,0,1,0,0,0,0,0,1,1,1,1,0,0,020000fffe00000e,1,133,1,-4,1700000016625022000,37,,,,,,,,32,,0,0,,,,,,1,1,,,,1
1700000016625050000,00fffe00000a,011b19000000,0,0,Follow_Up,8,2,0,44,24,0,0,,0,1,0,0,0,0,0,1,1,1,1,0,0,020000fffe00000a,1,266,2,-4,1700000016625050000,37,,,,,,,,32,,0,0,,,,,,1,1,,1,,
1700000016625050000,00fffe000001,011b19000000,0,0,Delay_Resp,9,2,0,54,24,0,0,,0,1,0,0,0,0,0,1,1,1,1,0,0,020000fffe000001,2,133,3,0,,37,,,,,,,,32,,0,0,020000fffe00000c,1,,,,1,1,,,,1
1700000016625051000,00fffe000001,011b19000000,0,0,Delay_Resp,9,2,0,54,24,0,0,,0,1,0,0,0,0,0,1,1,1,1,0,0,020000fffe000001,2,133,3,0,,37,,,,,,,,32,,0,0,020000fffe00000d,1,,,,1,1,,,,1
1700000016625052000,00fffe000001,011b19000000,0,0,Delay_Resp,9,2,0,54,24,0,0,,0,1,0,0,0,0,0,1,1,1,1,0,0,020000fffe000001,2,133,3,0,,37,,,,,,,,32,,0,0,020000fffe00000e,1,,,,1,1,,,,1
1700000016687500000,00fffe00000a,011b19000000,0,0,Sync,0,2,0,44,24,0,0,,0,1,0,0,0,0,0,1,1,1,1,0,0,020000fffe00000a,1,267,0,-4,1700000016687500000,37,,,,,,,,32,,0,0,,,,,,1,1,,1,,
1700000016687550000,00fffe00000a,011b19000000,0,0,Follow_Up,8,2,0,44,24,0,0,,0,1,0,0,0,0,0,1,1,1,1,0,0,020000fffe00000a,1,267,2,-4,1700000016687550000,37,,,,,,,,32,,0,0,,,,,,1,1,,1,,
1700000016750000000,00fffe00000a,011b19000000,0,0,Announce,11,2,0,64,24,0,0,,0,1,0,0,0,1,0,0,1,0,1,0,0,020000fffe00000a,1,134,5,-3,,0,128,6,33,20061,128,020000fffe00000a,0,32,,0,0,,,1,0,1,1,1,1,,1,
1700000016750000000,00fffe00000a,011b19000000,0,0,Sync,0,2,0,44,24,0,0,,0,1,0,0,0,0,0,1,1,1,1,0,0,020000fffe00000a,1,268,0,-4,1700000016750000000,37,,,,,,,,32,,0,0,,,,,,1,1,,1,,
1700000016750010000,00fffe000001,011b19000000,0,0,Announce,11,2,0,64,24,0,0,,0,1,0,0,0,0,0,1,1,1,1,0,0,020000fffe000001,2,134,5,-3,,37,128,6,33,20061,128,020000fffe00000a,1,32,,0,0,,,1,0,0,1,1,1,,1,
1700000016750020000,00fffe00000c,011b19000000,0,0,Delay_Req,1,2,0,44,24,0,0,,0,1,0,0,0,0,0,1,1,1,1,0,0,020000fffe00000c,1,134,1,-4,1700000016750020000,37,,,,,,,,32,,0,0,,,,,,1,1,,,,1
1700000016750021000,00fffe00000d,011b19000000,0,0,Delay_Req,1,2,0,44,24,0,0,,0,1,0,0,0,0,0,1,1,1,1,0,0,020000fffe00000d,1,134,1,-4,1700000016750021000,37,,,,,,,,32,,0,0,,,,,,1,1,,,,1
1700000016750022000,00fffe00000e,011b19000000,0,0,Delay_Req,1,2,0,44,24,0,0,,0,1,0,0,0,0,0,1,1,1,1,0,0,020000fffe00000e,1,134,1,-4,1700000016750022000,37,,,,,,,,32,,0,0,,,,,,1,1,,,,1
1700000016750050000,00fffe00000a,011b19000000,0,0,Follow_Up,8,2,0,44,24,0,0,,0,1,0,0,0,0,0,1,1,1,1,0,0,020000fffe00000a,1,268,2,-4,1700000016750050000,37,,,,,,,,32,,0,0,,,,,,1,1,,1,,
1700000016750050000,00fffe000001,011b19000000,0,0,Delay_Resp,9,2,0,54,24,0,0,,0,1,0,0,0,0,0,1,1,1,1,0,0,020000fffe000001,2,134,3,0,,37,,,,,,,,32,,0,0,020000fffe00000c,1,,,,1,1,,,,1
1700000016750051000,00fffe000001,011b19000000,0,0,Delay_Resp,9,2,0,54,24,0,0,,0,1,0,0,0,0,0,1,1,1,1,0,0,020000fffe000001,2,134,3,0,,37,,,,,,,,32,,0,0,020000fffe00000d,1,,,,1,1,,,,1
1700000016750052000,00fffe000001,011b19000000,0,0,Delay_Resp,9,2,0,54,24,0,0,,0,1,0,0,0,0,0,1,1,1,1,0,0,020000fffe000001,2,134,3,0,,37,,,,,,,,32,,0,0,020000fffe00000e,1,,,,1,1,,,,1
1700000016812500000,00fffe00000a,011b19000000,0,0,Sync,0,2,0,44,24,0,0,,0,1,0,0,0,0,0,1,1,1,1,0,0,020000fffe00000a,1,269,0,-4,1700000016812500000,37,,,,,,,,32,,0,0,,,,,,1,1,,1,,
1700000016812550000,00fffe00000a,011b19000000,0,0,Follow_Up,8,2,0,44,24,0,0,,0,1,0,0,0,0,0,1,1,1,1,0,0,020000fffe00000a,1,269,2,-4,1700000016812550000,37,,,,,,,,32,,0,0,,,,,,1,1,,1,,
1700000016875000000,00fffe00000a,011b19000000,0,0,Announce,11,2,0,64,24,0,0,,0,1,0,0,0,1,0,0,1,0,1,0,0,020000fffe00000a,1,135,5,-3,,0,128,6,33,20061,128,020000fffe00000a,0,32,,0,0,,,1,0,1,1,1,1,,1,
1700000016875000000,00fffe00000a,011b19000000,0,0,Sync,0,2,0,44,24,0,0,,0,1,0,0,0,0,0,1,1,1,1,0,0,020000fffe00000a,1,270,0,-4,1700000016875000000,37,,,,,,,,32,,0,0,,,,,,1,1,,1,,
1700000016875010000,00fffe000001,011b19000000,0,0,Announce,11,2,0,64,24,0,0,,0,1,0,0,0,0,0,1,1,1,1,0,0,020000fffe000001,2,135,5,-3,,37,128,6,33,20061,128,020000fffe00000a,1,32,,0,0,,,1,0,0,1,1,1,,1,
1700000016875020000,00fffe00000c,011b19000000,0,0,Delay_Req,1,2,0,44,24,0,0,,0,1,0,0,0,0,0,1,1,1,1,0,0,020000fffe00000c,1,135,1,-4,1700000016875020000,37,,,,,,,,32,,0,0,,,,,,1,1,,,,1
1700000016875021000,00fffe00000d,011b19000000,0,0,Delay_Req,1,2,0,44,24,0,0,,0,1,0,0,0,0,0,1,1,1,1,0,0,020000fffe00000d,1,135,1,-4,1700000016875021000,37,,,,,,,,32,,0,0,,,,,,1,1,,,,1
1700000016875022000,00fffe00000e,011b19000000,0,0,Delay_Req,1,2,0,44,24,0,0,,0,1,0,0,0,0,0,1,1,1,1,0,0,020000fffe00000e,1,135,1,-4,1700000016875022000,37,,,,,,,,32,,0,0,,,,,,1,1,,,,1
1700000016875050000,00fffe00000a,011b19000000,0,0,Follow_Up,8,2,0,44,24,0,0,,0,1,0,0,0,0,0,1,1,1,1,0,0,020000fffe00000a,1,270,2,-4,1700000016875050000,37,,,,,,,,32,,0,0,,,,,,1,1,,1,,
1700000016875050000,00fffe000001,011b19000000,0,0,Delay_Resp,9,2,0,54,24,0,0,,0,1,0,0,0,0,0,1,1,1,1,0,0,020000fffe000001,2,135,3,0,,37,,,,,,,,32,,0,0,020000fffe00000c,1,,,,1,1,,,,1
1700000016875051000,00fffe000001,011b19000000,0,0,Delay_Resp,9,2,0,54,24,0,0,,0,1,0,0,0,0,0,1,1,1,1,0,0,020000fffe000001,2,135,3,0,,37,,,,,,,,32,,0,0,020000fffe00000d,1,,,,1,1,,,,1
1700000016875052000,00fffe000001,011b19000000,0,0,Delay_Resp,9,2,0,54,24,0,0,,0,1,0,0,0,0,0,1,1,1,1,0,0,020000fffe000001,2,135,3,0,,37,,,,,,,,32,,0,0,020000fffe00000e,1,,,,1,1,,,,1
1700000016937500000,00fffe00000a,011b19000000,0,0,Sync,0,2,0,44,24,0,0,,0,1,0,0,0,0,0,1,1,1,1,0,0,020000fffe00000a,1,271,0,-4,1700000016937500000,37,,,,,,,,32,,0,0,,,,,,1,1,,1,,
1700000016937550000,00fffe00000a,011b19000000,0,0,Follow_Up,8,2,0,44,24,0,0,,0,1,0,0,0,0,0,1,1,1,1,0,0,020000fffe00000a,1,271,2,-4,1700000016937550000,37,,,,,,,,32,,0,0,,,,,,1,1,,1,,
1700000017000000000,00fffe00000a,011b19000000,0,0,Announce,11,2,0,64,24,0,0,,0,1,0,0,0,1,0,0,1,0,1,0,0,020000fffe00000a,1,136,5,-3,,0,128,6,33,20061,128,020000fffe00000a,0,32,,0,0,,,1,0,1,1,1,1,,1,
1700000017000000000,00fffe00000a,011b19000000,0,0,Sync,0,2,0,44,24,0,0,,0,1,0,0,0,0,0,1,1,1,1,0,0,020000fffe00000a,1,272,0,-4,1700000017000000000,37,,,,,,,,32,,0,0,,,,,,1,1,,1,,
1700000017000010000,00fffe000001,011b19000000,0,0,Announce,11,2,0,64,24,0,0,,0,1,0,0,0,0,0,1,1,1,1,0,0,020000fffe000001,2,136,5,-3,,37,128,6,33,20061,128,020000fffe00000a,1,32,,0,0,,,1,0,0,1,1,1,,1,
1700000017000020000,00fffe00000c,011b19000000,0,0,Delay_Req,1,2,0,44,24,0,0,,0,1,0,0,0,0,0,1,1,1,1,0,0,020000fffe00000c,1,136,1,-4,1700000017000020000,37,,,,,,,,32,,0,0,,,,,,1,1,,,,1
1700000017000021000,00fffe00000d,011b19000000,0,0,Delay_Req,1,2,0,44,24,0,0,,0,1,0,0,0,0,0,1,1,1,1,0,0,020000fffe00000d,1,136,1,-4,1700000017000021000,37,,,,,,,,32,,0,0,,,,,,1,1,,,,1
1700000017000022000,00fffe00000e,011b19000000,0,0,Delay_Req,1,2,0,44,24,0,0,,0,1,0,0,0,0,0,1,1,1,1,0,0,020000fffe00000e,1,136,1,-4,1700000017000022000,37,,,,,,,,32,,0,0,,,,,,1,1,,,,1
1700000017000050000,00fffe00000a,011b19000000,0,0,Follow_Up,8,2,0,44,24,0,0,,0,1,0,0,0,0,0,1,1,1,1,0,0,020000fffe00000a,1,272,2,-4,1700000017000050000,37,,,,,,,,32,,0,0,,,,,,1,1,,1,,
1700000017000050000,00fffe000001,011b19000000,0,0,Delay_Resp,9,2,0,54,24,0,0,,0,1,0,0,0,0,0,1,1,1,1,0,0,020000fffe000001,2,136,3,0,,37,,,,,,,,32,,0,0,020000fffe00000c,1,,,,1,1,,,,1
1700000017000051000,00fffe000001,011b19000000,0,0,Delay_Resp,9,2,0,54,24,0,0,,0,1,0,0,0,0,0,1,1,1,1,0,0,020000fffe000001,2,136,3,0,,37,,,,,,,,32,,0,0,020000fffe00000d,1,,,,1,1,,,,1
1700000017000052000,00fffe000001,011b19000000,0,0,Delay_Resp,9,2,0,54,24,0,0,,0,1,0,0,0,0,0,1,1,1,1,0,0,020000fffe000001,2,136,3,0,,37,,,,,,,,32,,0,0,020000fffe00000e,1,,,,1,1,,,,1
1700000017062500000,00fffe00000a,011b19000000,0,0,Sync,0,2,0,44,24,0,0,,0,1,0,0,0,0,0,1,1,1,1,0,0,020000fffe00000a,1,273,0,-4,1700000017062500000,37,,,,,,,,32,,0,0,,,,,,1,1,,1,,
1700000017062550000,00fffe00000a,011b19000000,0,0,Follow_Up,8,2,0,44,24,0,0,,0,1,0,0,0,0,0,1,1,1,1,0,0,020000fffe00000a,1,273,2,-4,1700000017062550000,37,,,,,,,,32,,0,0,,,,,,1,1,,1,,
1700000017125000000,00fffe00000a,011b19000000,0,0,Announce,11,2,0,64,24,0,0,,0,1,0,0,0,1,0,0,1,0,1,0,0,020000fffe00000a,1,137,5,-3,,0,128,6,33,20061,128,020000fffe00000a,0,32,,0,0,,,1,0,1,1,1,1,,1,
1700000017125000000,00fffe00000a,011b19000000,0,0,Sync,0,2,0,44,24,0,0,,0,1,0,0,0,0,0,1,1,1,1,0,0,020000fffe00000a,1,274,0,-4,1700000017125000000,37,,,,,,,,32,,0,0,,,,,,1,1,,1,,
1700000017125010000,00fffe000001,011b19000000,0,0,Announce,11,2,0,64,24,0,0,,0,1,0,0,0,0,0,1,1,1,1,0,0,020000fffe000001,2,137,5,-3,,37,128,6,33,20061,128,020000fffe00000a,1,32,,0,0,,,1,0,0,1,1,1,,1,
1700000017125020000,00fffe00000c,011b19000000,0,0,Delay_Req,1,2,0,44,24,0,0,,0,1,0,0,0,0,0,1,1,1,1,0,0,020000fffe00000c,1,137,1,-4,1700000017125020000,37,,,,,,,,32,,0,0,,,,,,1,1,,,,1
1700000017125021000,00fffe00000d,011b19000000,0,0,Delay_Req,1,2,0,44,24,0,0,,0,1,0,0,0,0,0,1,1,1,1,0,0,020000fffe00000d,1,137,1,-4,1700000017125021000,37,,,,,,,,32,,0,0,,,,,,1,1,,,,1
1700000017125022000,00fffe00000e,011b19000000,0,0,Delay_Req,1,2,0,44,24,0,0,,0,1,0,0,0,0,0,1,1,1,1,0,0,020000fffe00000e,1,137,1,-4,1700000017125022000,37,,,,,,,,32,,0,0,,,,,,1,1,,,,1
1700000017125050000,00fffe00000a,011b19000000,0,0,Follow_Up,8,2,0,44,24,0,0,,0,1,0,0,0,0,0,1,1,1,1,0,0,020000fffe00000a,1,274,2,-4,1700000017125050000,37,,,,,,,,32,,0,0,,,,,,1,1,,1,,
1700000017125050000,00fffe000001,011b19000000,0,0,Delay_Resp,9,2,0,54,24,0,0,,0,1,0,0,0,0,0,1,1,1,1,0,0,020000fffe000001,2,137,3,0,,37,,,,,,,,32,,0,0,020000fffe00000c,1,,,,1,1,,,,1
1700000017125051000,00fffe000001,011b19000000,0,0,Delay_Resp,9,2,0,54,24,0,0,,0,1,0,0,0,0,0,1,1,1,1,0,0,020000fffe000001,2,137,3,0,,37,,,,,,,,32,,0,0,020000fffe00000d,1,,,,1,1,,,,1
1700000017125052000,00fffe000001,011b19000000,0,0,Delay_Resp,9,2,0,54,24,0,0,,0,1,0,0,0,0,0,1,1,1,1,0,0,020000fffe000001,2,137,3,0,,37,,,,,,,,32,,0,0,020000fffe00000e,1,,,,1,1,,,,1
1700000017187500000,00fffe00000a,011b19000000,0,0,Sync,0,2,0,44,24,0,0,,0,1,0,0,0,0,0,1,1,1,1,0,0,020000fffe00000a,1,275,0,-4,1700000017187500000,37,,,,,,,,32,,0,0,,,,,,1,1,,1,,
1700000017187550000,00fffe00000a,011b19000000,0,0,Follow_Up,8,2,0,44,24,0,0,,0,1,0,0,0,0,0,1,1,1,1,0,0,020000fffe00000a,1,275,2,-4,1700000017187550000,37,,,,,,,,32,,0,0,,,,,,1,1,,1,,
1700000017250000000,00fffe00000a,011b19000000,0,0,Announce,11,2,0,64,24,0,0,,0,1,0,0,0,1,0,0,1,0,1,0,0,020000fffe00000a,1,138,5,-3,,0,128,6,33,20061,128,020000fffe00000a,0,32,,0,0,,,1,0,1,1,1,1,,1,
1700000017250000000,00fffe00000a,011b19000000,0,0,Sync,0,2,0,44,24,0,0,,0,1,0,0,0,0,0,1,1,1,1,0,0,020000fffe00000a,1,276,0,-4,1700000017250000000,37,,,,,,,,32,,0,0,,,,,,1,1,,1,,
1700000017250010000,00fffe000001,011b19000000,0,0,Announce,11,2,0,64,24,0,0,,0,1,0,0,0,0,0,1,1,1,1,0,0,020000fffe000001,2,138,5,-3,,37,128,6,33,20061,128,020000fffe00000a,1,32,,0,0,,,1,0,0,1,1,1,,1,
1700000017250020000,00fffe00000c,011b19000000,0,0,Delay_Req,1,2,0,44,24,0,0,,0,1,0,0,0,0,0,1,1,1,1,0,0,020000fffe00000c,1,138,1,-4,1700000017250020000,37,,,,,,,,32,,0,0,,,,,,1,1,,,,1
1700000017250021000,00fffe00000d,011b19000000,0,0,Delay_Req,1,2,0,44,24,0,0,,0,1,0,0,0,0,0,1,1,1,1,0,0,020000fffe00000d,1,138,1,-4,1700000017250021000,37,,,,,,,,32,,0,0,,,,,,1,1,,,,1
1700000017250022000,00fffe00000e,011b19000000,0,0,Delay_Req,1,2,0,44,24,0,0,,0,1,0,0,0,0,0,1,1,1,1,0,0,020000fffe00000e,1,138,1,-4,1700000017250022000,37,,,,,,,,32,,0,0,,,,,,1,1,,,,1
1700000017250050000,00fffe00000a,011b19000000,0,0,Follow_Up,8,2,0,44,24,0,0,,0,1,0,0,0,0,0,1,1,1,1,0,0,020000fffe00000a,1,276,2,-4,1700000017250050000,37,,,,,,,,32,,0,0,,,,,,1,1,,1,,
1700000017250050000,00fffe000001,011b19000000,0,0,Delay_Resp,9,2,0,54,24,0,0,,0,1,0,0,0,0,0,1,1,1,1,0,0,020000fffe000001,2,138,3,0,,37,,,,,,,,32,,0,0,020000fffe00000c,1,,,,1,1,,,,1
1700000017250051000,00fffe000001,011b19000000,0,0,Delay_Resp,9,2,0,54,24,0,0,,0,1,0,0,0,0,0,1,1,1,1,0,0,020000fffe000001,2,138,3,0,,37,,,,,,,,32,,0,0,020000fffe00000d,1,,,,1,1,,,,1
1700000017250052000,00fffe000001,011b19000000,0,0,Delay_Resp,9,2,0,54,24,0,0,,0,1,0,0,0,0,0,1,1,1,1,0,0,020000fffe000001,2,138,3,0,,37,,,,,,,,32,,0,0,020000fffe00000e,1,,,,1,1,,,,1
1700000017312500000,00fffe00000a,011b19000000,0,0,Sync,0,2,0,44,24,0,0,,0,1,0,0,0,0,0,1,1,1,1,0,0,020000fffe00000a,1,277,0,-4,1700000017312500000,37,,,,,,,,32,,0,0,,,,,,1,1,,1,,
1700000017312550000,00fffe00000a,011b19000000,0,0,Follow_Up,8,2,0,44,24,0,0,,0,1,0,0,0,0,0,1,1,1,1,0,0,020000fffe00000a,1,277,2,-4,1700000017312550000,37,,,,,,,,32,,0,0,,,,,,1,1,,1,,
1700000017375000000,00fffe00000a,011b19000000,0,0,Announce,11,2,0,64,24,0,0,,0,1,0,0,0,1,0,0,1,0,1,0,0,020000fffe00000a,1,139,5,-3,,0,128,6,33,20061,128,020000fffe00000a,0,32,,0,0,,,1,0,1,1,1,1,,1,
1700000017375000000,00fffe00000a,011b19000000,0,0,Sync,0,2,0,44,24,0,0,,0,1,0,0,0,0,0,1,1,1,1,0,0,020000fffe00000a,1,278,0,-4,1700000017375000000,37,,,,,,,,32,,0,0,,,,,,1,1,,1,,
1700000017375010000,00fffe000001,011b19000000,0,0,Announce,11,2,0,64,24,0,0,,0,1,0,0,0,0,0,1,1,1,1,0,0,020000fffe000001,2,139,5,-3,,37,128,6,33,20061,128,020000fffe00000a,1,32,,0,0,,,1,0,0,1,1,1,,1,
1700000017375020000,00fffe00000c,011b19000000,0,0,Delay_Req,1,2,0,44,24,0,0,,0,1,0,0,0,0,0,1,1,1,1,0,0,020000fffe00000c,1,139,1,-4,1700000017375020000,37,,,,,,,,32,,0,0,,,,,,1,1,,,,1
1700000017375021000,00fffe00000d,011b19000000,0,0,Delay_Req,1,2,0,44,24,0,0,,0,1,0,0,0,0,0,1,1,1,1,0,0,020000fffe00000d,1,139,1,-4,1700000017375021000,37,,,,,,,,32,,0,0,,,,,,1,1,,,,1
1700000017375022000,00fffe00000e,011b19000000,0,0,Delay_Req,1,2,0,44,24,0,0,,0,1,0,0,0,0,0,1,1,1,1,0,0,020000fffe00000e,1,139,1,-4,1700000017375022000,37,,,,,,,,32,,0,0,,,,,,1,1,,,,1
1700000017375050000,00fffe00000a,011b19000000,0,0,Follow_Up,8,2,0,44,24,0,0,,0,1,0,0,0,0,0,1,1,1,1,0,0,020000fffe00000a,1,278,2,-4,1700000017375050000,37,,,,,,,,32,,0,0,,,,,,1,1,,1,,
1700000017375050000,00fffe000001,011b19000000,0,0,Delay_Resp,9,2,0,54,24,0,0,,0,1,0,0,0,0,0,1,1,1,1,0,0,020000fffe000001,2,139,3,0,,37,,,,,,,,32,,0,0,020000fffe00000c,1,,,,1,1,,,,1
1700000017375051000,00fffe000001,011b19000000,0,0,Delay_Resp,9,2,0,54,24,0,0,,0,1,0,0,0,0,0,1,1,1,1,0,0,020000fffe000001,2,139,3,0,,37,,,,,,,,32,,0,0,020000fffe00000d,1,,,,1,1,,,,1
1700000017375052000,00fffe000001,011b19000000,0,0,Delay_Resp,9,2,0,54,24,0,0,,0,1,0,0,0,0,0,1,1,1,1,0,0,020000fffe000001,2,139,3,0,,37,,,,,,,,32,,0,0,020000fffe00000e,1,,,,1,1,,,,1
1700000017437500000,00fffe00000a,011b19000000,0,0,Sync,0,2,0,44,24,0,0,,0,1,0,0,0,0,0,1,1,1,1,0,0,020000fffe00000a,1,279,0,-4,1700000017437500000,37,,,,,,,,32,,0,0,,,,,,1,1,,1,,
1700000017437550000,00fffe00000a,011b19000000,0,0,Follow_Up,8,2,0,44,24,0,0,,0,1,0,0,0,0,0,1,1,1,1,0,0,020000fffe00000a,1,279,2,-4,1700000017437550000,37,,,,,,,,32,,0,0,,,,,,1,1,,1,,
1700000017500000000,00fffe00000a,011b19000000,0,0,Announce,11,2,0,64,24,0,0,,0,1,0,0,0,1,0,0,1,0,1,0,0,020000fffe00000a,1,140,5,-3,,0,128,6,33,20061,128,020000fffe00000a,0,32,,0,0,,,1,0,1,1,1,1,,1,
1700000017500000000,00fffe00000a,011b19000000,0,0,Sync,0,2,0,44,24,0,0,,0,1,0,0,0,0,0,1,1,1,1,0,0,020000fffe00000a,1,280,0,-4,1700000017500000000,37,,,,,,,,32,,0,0,,,,,,1,1,,1,,
1700000017500010000,00fffe000001,011b19000000,0,0,Announce,11,2,0,64,24,0,0,,0,1,0,0,0,0,0,1,1,1,1,0,0,020000fffe000001,2,140,5,-3,,37,128,6,33,20061,128,020000fffe00000a,1,32,,0,0,,,1,0,0,1,1,1,,1,
1700000017500020000,00fffe00000c,011b19000000,0,0,Delay_Req,1,2,0,44,24,0,0,,0,1,0,0,0,0,0,1,1,1,1,0,0,020000fffe00000c,1,140,1,-4,1700000017500020000,37,,,,,,,,32,,0,0,,,,,,1,1,,,,1
1700000017500021000,00fffe00000d,011b19000000,0,0,Delay_Req,1,2,0,44,24,0,0,,0,1,0,0,0,0,0,1,1,1,1,0,0,020000fffe00000d,1,140,1,-4,1700000017500021000,37,,,,,,,,32,,0,0,,,,,,1,1,,,,1
1700000017500022000,00fffe00000e,011b19000000,0,0,Delay_Req,1,2,0,44,24,0,0,,0,1,0,0,0,0,0,1,1,1,1,0,0,020000fffe00000e,1,140,1,-4,1700000017500022000,37,,,,,,,,32,,0,0,,,,,,1,1,,,,1
1700000017500050000,00fffe00000a,011b19000000,0,0,Follow_Up,8,2,0,44,24,0,0,,0,1,0,0,0,0,0,1,1,1,1,0,0,020000fffe00000a,1,280,2,-4,1700000017500050000,37,,,,,,,,32,,0,0,,,,,,1,1,,1,,
1700000017500050000,00fffe000001,011b19000000,0,0,Delay_Resp,9,2,0,54,24,0,0,,0,1,0,0,0,0,0,1,1,1,1,0,0,020000fffe000001,2,140,3,0,,37,,,,,,,,32,,0,0,020000fffe00000c,1,,,,1,1,,,,1
1700000017500051000,00fffe000001,011b19000000,0,0,Delay_Resp,9,2,0,54,24,0,0,,0,1,0,0,0,0,0,1,1,1,1,0,0,020000fffe000001,2,140,3,0,,37,,,,,,,,32,,0,0,020000fffe00000d,1,,,,1,1,,,,1
1700000017500052000,00fffe000001,011b19000000,0,0,Delay_Resp,9,2,0,54,24,0,0,,0,1,0,0,0,0,0,1,1,1,1,0,0,020000fffe000001,2,140,3,0,,37,,,,,,,,32,,0,0,020000fffe00000e,1,,,,1,1,,,,1
1700000017562500000,00fffe00000a,011b19000000,0,0,Sync,0,2,0,44,24,0,0,,0,1,0,0,0,0,0,1,1,1,1,0,0,020000fffe00000a,1,281,0,-4,1700000017562500000,37,,,,,,,,32,,0,0,,,,,,1,1,,1,,
1700000017562550000,00fffe00000a,011b19000000,0,0,Follow_Up,8,2,0,44,24,0,0,,0,1,0,0,0,0,0,1,1,1,1,0,0,020000fffe00000a,1,281,2,-4,1700000017562550000,37,,,,,,,,32,,0,0,,,,,,1,1,,1,,
1700000017625000000,00fffe00000a,011b19000000,0,0,Announce,11,2,0,64,24,0,0,,0,1,0,0,0,1,0,0,1,0,1,0,0,020000fffe00000a,1,141,5,-3,,0,128,6,33,20061,128,020000fffe00000a,0,32,,0,0,,,1,0,1,1,1,1,,1,
1700000017625000000,00fffe00000a,011b19000000,0,0,Sync,0,2,0,44,24,0,0,,0,1,0,0,0,0,0,1,1,1,1,0,0,020000fffe00000a,1,282,0,-4,1700000017625000000,37,,,,,,,,32,,0,0,,,,,,1,1,,1,,
1700000017625010000,00fffe000001,011b19000000,0,0,Announce,11,2,0,64,24,0,0,,0,1,0,0,0,0,0,1,1,1,1,0,0,020000fffe000001,2,141,5,-3,,37,128,6,33,20061,128,020000fffe00000a,1,32,,0,0,,,1,0,0,1,1,1,,1,
1700000017625020000,00fffe00000c,011b19000000,0,0,Delay_Req,1,2,0,44,24,0,0,,0,1,0,0,0,0,0,1,1,1,1,0,0,020000fffe00000c,1,141,1,-4,1700000017625020000,37,,,,,,,,32,,0,0,,,,,,1,1,,,,1
1700000017625021000,00fffe00000d,011b19000000,0,0,Delay_Req,1,2,0,44,24,0,0,,0,1,0,0,0,0,0,1,1,1,1,0,0,020000fffe00000d,1,141,1,-4,1700000017625021000,37,,,,,,,,32,,0,0,,,,,,1,1,,,,1
1700000017625022000,00fffe00000e,011b19000000,0,0,Delay_Req,1,2,0,44,24,0,0,,0,1,0,0,0,0,0,1,1,1,1,0,0,020000fffe00000e,1,141,1,-4,1700000017625022000,37,,,,,,,,32,,0,0,,,,,,1,1,,,,1
1700000017625050000,00fffe00000a,011b19000000,0,0,Follow_Up,8,2,0,44,24,0,0,,0,1,0,0,0,0,0,1,1,1,1,0,0,020000fffe00000a,1,282,2,-4,1700000017625050000,37,,,,,,,,32,,0,0,,,,,,1,1,,1,,
1700000017625050000,00fffe000001,011b19000000,0,0,Delay_Resp,9,2,0,54,24,0,0,,0,1,0,0,0,0,0,1,1,1,1,0,0,020000fffe000001,2,141,3,0,,37,,,,,,,,32,,0,0,020000fffe00000c,1,,,,1,1,,,,1
1700000017625051000,00fffe000001,011b19000000,0,0,Delay_Resp,9,2,0,54,24,0,0,,0,1,0,0,0,0,0,1,1,1,1,0,0,020000fffe000001,2,141,3,0,,37,,,,,,,,32,,0,0,020000fffe00000d,1,,,,1,1,,,,1
1700000017625052000,00fffe000001,011b19000000,0,0,Delay_Resp,9,2,0,54,24,0,0,,0,1,0,0,0,0,0,1,1,1,1,0,0,020000fffe000001,2,141,3,0,,37,,,,,,,,32,,0,0,020000fffe00000e,1,,,,1,1,,,,1
1700000017687500000,00fffe00000a,011b19000000,0,0,Sync,0,2,0,44,24,0,0,,0,1,0,0,0,0,0,1,1,1,1,0,0,020000fffe00000a,1,283,0,-4,1700000017687500000,37,,,,,,,,32,,0,0,,,,,,1,1,,1,,
1700000017687550000,00fffe00000a,011b19000000,0,0,Follow_Up,8,2,0,44,24,0,0,,0,1,0,0,0,0,0,1,1,1,1,0,0,020000fffe00000a,1,283,2,-4,1700000017687550000,37,,,,,,,,32,,0,0,,,,,,1,1,,1,,
1700000017750000000,00fffe00000a,011b19000000,0,0,Announce,11,2,0,64,24,0,0,,0,1,0,0,0,1,0,0,1,0,1,0,0,020000fffe00000a,1,142,5,-3,,0,128,6,33,20061,128,020000fffe00000a,0,32,,0,0,,,1,0,1,1,1,1,,1,
1700000017750000000,00fffe00000a,011b19000000,0,0,Sync,0,2,0,44,24,0,0,,0,1,0,0,0,0,0,1,1,1,1,0,0,020000fffe00000a,1,284,0,-4,1700000017750000000,37,,,,,,,,32,,0,0,,,,,,1,1,,1,,
1700000017750010000,00fffe000001,011b19000000,0,0,Announce,11,2,0,64,24,0,0,,0,1,0,0,0,0,0,1,1,1,1,0,0,020000fffe000001,2,142,5,-3,,37,128,6,33,20061,128,020000fffe00000a,1,32,,0,0,,,1,0,0,1,1,1,,1,
1700000017750020000,00fffe00000c,011b19000000,0,0,Delay_Req,1,2,0,44,24,0,0,,0,1,0,0,0,0,0,1,1,1,1,0,0,020000fffe00000c,1,142,1,-4,1700000017750020000,37,,,,,,,,32,,0,0,,,,,,1,1,,,,1
1700000017750021000,00fffe00000d,011b19000000,0,0,Delay_Req,1,2,0,44,24,0,0,,0,1,0,0,0,0,0,1,1,1,1,0,0,020000fffe00000d,1,142,1,-4,1700000017750021000,37,,,,,,,,32,,0,0,,,,,,1,1,,,,1
1700000017750022000,00fffe00000e,011b19000000,0,0,Delay_Req,1,2,0,44,24,0,0,,0,1,0,0,0,0,0,1,1,1,1,0,0,020000fffe00000e,1,142,1,-4,1700000017750022000,37,,,,,,,,32,,0,0,,,,,,1,1,,,,1
1700000017750050000,00fffe00000a,011b19000000,0,0,Follow_Up,8,2,0,44,24,0,0,,0,1,0,0,0,0,0,1,1,1,1,0,0,020000fffe00000a,1,284,2,-4,1700000017750050000,37,,,,,,,,32,,0,0,,,,,,1,1,,1,,
1700000017750050000,00fffe000001,011b19000000,0,0,Delay_Resp,9,2,0,54,24,0,0,,0,1,0,0,0,0,0,1,1,1,1,0,0,020000fffe000001,2,142,3,0,,37,,,,,,,,32,,0,0,020000fffe00000c,1,,,,1,1,,,,1
1700000017750051000,00fffe000001,011b19000000,0,0,Delay_Resp,9,2,0,54,24,0,0,,0,1,0,0,0,0,0,1,1,1,1,0,0,020000fffe000001,2,142,3,0,,37,,,,,,,,32,,0,0,020000fffe00000d,1,,,,1,1,,,,1
1700000017750052000,00fffe000001,011b19000000,0,0,Delay_Resp,9,2,0,54,24,0,0,,0,1,0,0,0,0,0,1,1,1,1,0,0,020000fffe000001,2,142,3,0,,37,,,,,,,,32,,0,0,020000fffe00000e,1,,,,1,1,,,,1
1700000017812500000,00fffe00000a,011b19000000,0,0,Sync,0,2,0,44,24,0,0,,0,1,0,0,0,0,0,1,1,1,1,0,0,020000fffe00000a,1,285,0,-4,1700000017812500000,37,,,,,,,,32,,0,0,,,,,,1,1,,1,,
1700000017812550000,00fffe00000a,011b19000000,0,0,Follow_Up,8,2,0,44,24,0,0,,0,1,0,0,0,0,0,1,1,1,1,0,0,020000fffe00000a,1,285,2,-4,1700000017812550000,37,,,,,,,,32,,0,0,,,,,,1,1,,1,,
1700000017875000000,00fffe00000a,011b19000000,0,0,Announce,11,2,0,64,24,0,0,,0,1,0,0,0,1,0,0,1,0,1,0,0,020000fffe00000a,1,143,5,-3,,0,128,6,33,20061,128,020000fffe00000a,0,32,,0,0,,,1,0,1,1,1,1,,1,
1700000017875000000,00fffe00000a,011b19000000,0,0,Sync,0,2,0,44,24,0,0,,0,1,0,0,0,0,0,1,1,1,1,0,0,020000fffe00000a,1,286,0,-4,1700000017875000000,37,,,,,,,,32,,0,0,,,,,,1,1,,1,,
1700000017875010000,00fffe000001,011b19000000,0,0,Announce,11,2,0,64,24,0,0,,0,1,0,0,0,0,0,1,1,1,1,0,0,020000fffe000001,2,143,5,-3,,37,128,6,33,20061,128,020000fffe00000a,1,32,,0,0,,,1,0,0,1,1,1,,1,
1700000017875020000,00fffe00000c,011b19000000,0,0,Delay_Req,1,2,0,44,24,0,0,,0,1,0,0,0,0,0,1,1,1,1,0,0,020000fffe00000c,1,143,1,-4,1700000017875020000,37,,,,,,,,32,,0,0,,,,,,1,1,,,,1
1700000017875021000,00fffe00000d,011b19000000,0,0,Delay_Req,1,2,0,44,24,0,0,,0,1,0,0,0,0,0,1,1,1,1,0,0,020000fffe00000d,1,143,1,-4,1700000017875021000,37,,,,,,,,32,,0,0,,,,,,1,1,,,,1
1700000017875022000,00fffe00000e,011b19000000,0,0,Delay_Req,1,2,0,44,24,0,0,,0,1,0,0,0,0,0,1,1,1,1,0,0,020000fffe00000e,1,143,1,-4,1700000017875022000,37,,,,,,,,32,,0,0,,,,,,1,1,,,,1
1700000017875050000,00fffe00000a,011b19000000,0,0,Follow_Up,8,2,0,44,24,0,0,,0,1,0,0,0,0,0,1,1,1,1,0,0,020000fffe00000a,1,286,2,-4,1700000017875050000,37,,,,,,,,32,,0,0,,,,,,1,1,,1,,
1700000017875050000,00fffe000001,011b19000000,0,0,Delay_Resp,9,2,0,54,24,0,0,,0,1,0,0,0,0,0,1,1,1,1,0,0,020000fffe000001,2,143,3,0,,37,,,,,,,,32,,0,0,020000fffe00000c,1,,,,1,1,,,,1
1700000017875051000,00fffe000001,011b19000000,0,0,Delay_Resp,9,2,0,54,24,0,0,,0,1,0,0,0,0,0,1,1,1,1,0,0,020000fffe000001,2,143,3,0,,37,,,,,,,,32,,0,0,020000fffe00000d,1,,,,1,1,,,,1
1700000017875052000,00fffe000001,011b19000000,0,0,Delay_Resp,9,2,0,54,24,0,0,,0,1,0,0,0,0,0,1,1,1,1,0,0,020000fffe000001,2,143,3,0,,37,,,,,,,,32,,0,0,020000fffe00000e,1,,,,1,1,,,,1
1700000017937500000,00fffe00000a,011b19000000,0,0,Sync,0,2,0,44,24,0,0,,0,1,0,0,0,0,0,1,1,1,1,0,0,020000fffe00000a,1,287,0,-4,1700000017937500000,37,,,,,,,,32,,0,0,,,,,,1,1,,1,,
1700000017937550000,00fffe00000a,011b19000000,0,0,Follow_Up,8,2,0,44,24,0,0,,0,1,0,0,0,0,0,1,1,1,1,0,0,020000fffe00000a,1,287,2,-4,1700000017937550000,37,,,,,,,,32,,0,0,,,,,,1,1,,1,,
1700000018000000000,00fffe00000a,011b19000000,0,0,Announce,11,2,0,64,24,0,0,,0,1,0,0,0,1,0,0,1,0,1,0,0,020000fffe00000a,1,144,5,-3,,0,128,6,33,20061,128,020000fffe00000a,0,32,,0,0,,,1,0,1,1,1,1,,1,
1700000018000000000,00fffe00000a,011b19000000,0,0,Sync,0,2,0,44,24,0,0,,0,1,0,0,0,0,0,1,1,1,1,0,0,020000fffe00000a,1,288,0,-4,1700000018000000000,37,,,,,,,,32,,0,0,,,,,,1,1,,1,,
1700000018000010000,00fffe000001,011b19000000,0,0,Announce,11,2,0,64,24,0,0,,0,1,0,0,0,0,0,1,1,1,1,0,0,020000fffe000001,2,144,5,-3,,37,128,6,33,20061,128,020000fffe00000a,1,32,,0,0,,,1,0,0,1,1,1,,1,
1700000018000020000,00fffe00000c,011b19000000,0,0,Delay_Req,1,2,0,44,24,0,0,,0,1,0,0,0,0,0,1,1,1,1,0,0,020000fffe00000c,1,144,1,-4,1700000018000020000,37,,,,,,,,32,,0,0,,,,,,1,1,,,,1
1700000018000021000,00fffe00000d,011b19000000,0,0,Delay_Req,1,2,0,44,24,0,0,,0,1,0,0,0,0,0,1,1,1,1,0,0,020000fffe00000d,1,144,1,-4,1700000018000021000,37,,,,,,,,32,,0,0,,,,,,1,1,,,,1
1700000018000022000,00fffe00000e,011b19000000,0,0,Delay_Req,1,2,0,44,24,0,0,,0,1,0,0,0,0,0,1,1,1,1,0,0,020000fffe00000e,1,144,1,-4,1700000018000022000,37,,,,,,,,32,,0,0,,,,,,1,1,,,,1
1700000018000050000,00fffe00000a,011b19000000,0,0,Follow_Up,8,2,0,44,24,0,0,,0,1,0,0,0,0,0,1,1,1,1,0,0,020000fffe00000a,1,288,2,-4,1700000018000050000,37,,,,,,,,32,,0,0,,,,,,1,1,,1,,
1700000018000050000,00fffe000001,011b19000000,0,0,Delay_Resp,9,2,0,54,24,0,0,,0,1,0,0,0,0,0,1,1,1,1,0,0,020000fffe000001,2,144,3,0,,37,,,,,,,,32,,0,0,020000fffe00000c,1,,,,1,1,,,,1
1700000018000051000,00fffe000001,011b19000000,0,0,Delay_Resp,9,2,0,54,24,0,0,,0,1,0,0,0,0,0,1,1,1,1,0,0,020000fffe000001,2,144,3,0,,37,,,,,,,,32,,0,0,020000fffe00000d,1,,,,1,1,,,,1
1700000018000052000,00fffe000001,011b19000000,0,0,Delay_Resp,9,2,0,54,24,0,0,,0,1,0,0,0,0,0,1,1,1,1,0,0,020000fffe000001,2,144,3,0,,37,,,,,,,,32,,0,0,020000fffe00000e,1,,,,1,1,,,,1
1700000018062500000,00fffe00000a,011b19000000,0,0,Sync,0,2,0,44,24,0,0,,0,1,0,0,0,0,0,1,1,1,1,0,0,020000fffe00000a,1,289,0,-4,1700000018062500000,37,,,,,,,,32,,0,0,,,,,,1,1,,1,,
1700000018062550000,00fffe00000a,011b19000000,0,0,Follow_Up,8,2,0,44,24,0,0,,0,1,0,0,0,0,0,1,1,1,1,0,0,020000fffe00000a,1,289,2,-4,1700000018062550000,37,,,,,,,,32,,0,0,,,,,,1,1,,1,,
1700000018125000000,00fffe00000a,011b19000000,0,0,Announce,11,2,0,64,24,0,0,,0,1,0,0,0,1,0,0,1,0,1,0,0,020000fffe00000a,1,145,5,-3,,0,128,6,33,20061,128,020000fffe00000a,0,32,,0,0,,,1,0,1,1,1,1,,1,
1700000018125000000,00fffe00000a,011b19000000,0,0,Sync,0,2,0,44,24,0,0,,0,1,0,0,0,0,0,1,1,1,1,0,0,020000fffe00000a,1,290,0,-4,1700000018125000000,37,,,,,,,,32,,0,0,,,,,,1,1,,1,,
1700000018125010000,00fffe000001,011b19000000,0,0,Announce,11,2,0,64,24,0,0,,0,1,0,0,0,0,0,1,1,1,1,0,0,020000fffe000001,2,145,5,-3,,37,128,6,33,20061,128,020000fffe00000a,1,32,,0,0,,,1,0,0,1,1,1,,1,
1700000018125020000,00fffe00000c,011b19000000,0,0,Delay_Req,1,2,0,44,24,0,0,,0,1,0,0,0,0,0,1,1,1,1,0,0,020000fffe00000c,1,145,1,-4,1700000018125020000,37,,,,,,,,32,,0,0,,,,,,1,1,,,,1
1700000018125021000,00fffe00000d,011b19000000,0,0,Delay_Req,1,2,0,44,24,0,0,,0,1,0,0,0,0,0,1,1,1,1,0,0,020000fffe00000d,1,145,1,-4,1700000018125021000,37,,,,,,,,32,,0,0,,,,,,1,1,,,,1
1700000018125022000,00fffe00000e,011b19000000,0,0,Delay_Req,1,2,0,44,24,0,0,,0,1,0,0,0,0,0,1,1,1,1,0,0,020000fffe00000e,1,145,1,-4,1700000018125022000,37,,,,,,,,32,,0,0,,,,,,1,1,,,,1
1700000018125050000,00fffe00000a,011b19000000,0,0,Follow_Up,8,2,0,44,24,0,0,,0,1,0,0,0,0,0,1,1,1,1,0,0,020000fffe00000a,1,290,2,-4,1700000018125050000,37,,,,,,,,32,,0,0,,,,,,1,1,,1,,
1700000018125050000,00fffe000001,011b19000000,0,0,Delay_Resp,9,2,0,54,24,0,0,,0,1,0,0,0,0,0,1,1,1,1,0,0,020000fffe000001,2,145,3,0,,37,,,,,,,,32,,0,0,020000fffe00000c,1,,,,1,1,,,,1
1700000018125051000,00fffe000001,011b19000000,0,0,Delay_Resp,9,2,0,54,24,0,0,,0,1,0,0,0,0,0,1,1,1,1,0,0,020000fffe000001,2,145,3,0,,37,,,,,,,,32,,0,0,020000fffe00000d,1,,,,1,1,,,,1
1700000018125052000,00fffe000001,011b19000000,0,0,Delay_Resp,9,2,0,54,24,0,0,,0,1,0,0,0,0,0,1,1,1,1,0,0,020000fffe000001,2,145,3,0,,37,,,,,,,,32,,0,0,020000fffe00000e,1,,,,1,1,,,,1
1700000018187500000,00fffe00000a,011b19000000,0,0,Sync,0,2,0,44,24,0,0,,0,1,0,0,0,0,0,1,1,1,1,0,0,020000fffe00000a,1,291,0,-4,1700000018187500000,37,,,,,,,,32,,0,0,,,,,,1,1,,1,,
1700000018187550000,00fffe00000a,011b19000000,0,0,Follow_Up,8,2,0,44,24,0,0,,0,1,0,0,0,0,0,1,1,1,1,0,0,020000fffe00000a,1,291,2,-4,1700000018187550000,37,,,,,,,,32,,0,0,,,,,,1,1,,1,,
1700000018250000000,00fffe00000a,011b19000000,0,0,Announce,11,2,0,64,24,0,0,,0,1,0,0,0,1,0,0,1,0,1,0,0,020000fffe00000a,1,146,5,-3,,0,128,6,33,20061,128,020000fffe00000a,0,32,,0,0,,,1,0,1,1,1,1,,1,
1700000018250000000,00fffe00000a,011b19000000,0,0,Sync,0,2,0,44,24,0,0,,0,1,0,0,0,0,0,1,1,1,1,0,0,020000fffe00000a,1,292,0,-4,1700000018250000000,37,,,,,,,,32,,0,0,,,,,,1,1,,1,,
1700000018250010000,00fffe000001,011b19000000,0,0,Announce,11,2,0,64,24,0,0,,0,1,0,0,0,0,0,1,1,1,1,0,0,020000fffe000001,2,146,5,-3,,37,128,6,33,20061,128,020000fffe00000a,1,32,,0,0,,,1,0,0,1,1,1,,1,
1700000018250020000,00fffe00000c,011b19000000,0,0,Delay_Req,1,2,0,44,24,0,0,,0,1,0,0,0,0,0,1,1,1,1,0,0,020000fffe00000c,1,146,1,-4,1700000018250020000,37,,,,,,,,32,,0,0,,,,,,1,1,,,,1
1700000018250021000,00fffe00000d,011b19000000,0,0,Delay_Req,1,2,0,44,24,0,0,,0,1,0,0,0,0,0,1,1,1,1,0,0,020000fffe00000d,1,146,1,-4,1700000018250021000,37,,,,,,,,32,,0,0,,,,,,1,1,,,,1
1700000018250022000,00fffe00000e,011b19000000,0,0,Delay_Req,1,2,0,44,24,0,0,,0,1,0,0,0,0,0,1,1,1,1,0,0,020000fffe00000e,1,146,1,-4,1700000018250022000,37,,,,,,,,32,,0,0,,,,,,1,1,,,,1
1700000018250050000,00fffe00000a,011b19000000,0,0,Follow_Up,8,2,0,44,24,0,0,,0,1,0,0,0,0,0,1,1,1,1,0,0,020000fffe00000a,1,292,2,-4,1700000018250050000,37,,,,,,,,32,,0,0,,,,,,1,1,,1,,
1700000018250050000,00fffe000001,011b19000000,0,0,Delay_Resp,9,2,0,54,24,0,0,,0,1,0,0,0,0,0,1,1,1,1,0,0,020000fffe000001,2,146,3,0,,37,,,,,,,,32,,0,0,020000fffe00000c,1,,,,1,1,,,,1
1700000018250051000,00fffe000001,011b19000000,0,0,Delay_Resp,9,2,0,54,24,0,0,,0,1,0,0,0,0,0,1,1,1,1,0,0,020000fffe000001,2,146,3,0,,37,,,,,,,,32,,0,0,020000fffe00000d,1,,,,1,1,,,,1
1700000018250052000,00fffe000001,011b19000000,0,0,Delay_Resp,9,2,0,54,24,0,0,,0,1,0,0,0,0,0,1,1,1,1,0,0,020000fffe000001,2,146,3,0,,37,,,,,,,,32,,0,0,020000fffe00000e,1,,,,1,1,,,,1
1700000018312500000,00fffe00000a,011b19000000,0,0,Sync,0,2,0,44,24,0,0,,0,1,0,0,0,0,0,1,1,1,1,0,0,020000fffe00000a,1,293,0,-4,1700000018312500000,37,,,,,,,,32,,0,0,,,,,,1,1,,1,,
1700000018312550000,00fffe00000a,011b19000000,0,0,Follow_Up,8,2,0,44,24,0,0,,0,1,0,0,0,0,0,1,1,1,1,0,0,020000fffe00000a,1,293,2,-4,1700000018312550000,37,,,,,,,,32,,0,0,,,,,,1,1,,1,,
1700000018375000000,00fffe00000a,011b19000000,0,0,Announce,11,2,0,64,24,0,0,,0,1,0,0,0,1,0,0,1,0,1,0,0,020000fffe00000a,1,147,5,-3,,0,128,6,33,20061,128,020000fffe00000a,0,32,,0,0,,,1,0,1,1,1,1,,1,
1700000018375000000,00fffe00000a,011b19000000,0,0,Sync,0,2,0,44,24,0,0,,0,1,0,0,0,0,0,1,1,1,1,0,0,020000fffe00000a,1,294,0,-4,1700000018375000000,37,,,,,,,,32,,0,0,,,,,,1,1,,1,,
1700000018375010000,00fffe000001,011b19000000,0,0,Announce,11,2,0,64,24,0,0,,0,1,0,0,0,0,0,1,1,1,1,0,0,020000fffe000001,2,147,5,-3,,37,128,6,33,20061,128,020000fffe00000a,1,32,,0,0,,,1,0,0,1,1,1,,1,
1700000018375020000,00fffe00000c,011b19000000,0,0,Delay_Req,1,2,0,44,24,0,0,,0,1,0,0,0,0,0,1,1,1,1,0,0,020000fffe00000c,1,147,1,-4,1700000018375020000,37,,,,,,,,32,,0,0,,,,,,1,1,,,,1
1700000018375021000,00fffe00000d,011b19000000,0,0,Delay_Req,1,2,0,44,24,0,0,,0,1,0,0,0,0,0,1,1,1,1,0,0,020000fffe00000d,1,147,1,-4,1700000018375021000,37,,,,,,,,32,,0,0,,,,,,1,1,,,,1
1700000018375022000,00fffe00000e,011b19000000,0,0,Delay_Req,1,2,0,44,24,0,0,,0,1,0,0,0,0,0,1,1,1,1,0,0,020000fffe00000e,1,147,1,-4,1700000018375022000,37,,,,,,,,32,,0,0,,,,,,1,1,,,,1
1700000018375050000,00fffe00000a,011b19000000,0,0,Follow_Up,8,2,0,44,24,0,0,,0,1,0,0,0,0,0,1,1,1,1,0,0,020000fffe00000a,1,294,2,-4,1700000018375050000,37,,,,,,,,32,,0,0,,,,,,1,1,,1,,
1700000018375050000,00fffe000001,011b19000000,0,0,Delay_Resp,9,2,0,54,24,0,0,,0,1,0,0,0,0,0,1,1,1,1,0,0,020000fffe000001,2,147,3,0,,37,,,,,,,,32,,0,0,020000fffe00000c,1,,,,1,1,,,,1
1700000018375051000,00fffe000001,011b19000000,0,0,Delay_Resp,9,2,0,54,24,0,0,,0,1,0,0,0,0,0,1,1,1,1,0,0,020000fffe000001,2,147,3,0,,37,,,,,,,,32,,0,0,020000fffe00000d,1,,,,1,1,,,,1
1700000018375052000,00fffe000001,011b19000000,0,0,Delay_Resp,9,2,0,54,24,0,0,,0,1,0,0,0,0,0,1,1,1,1,0,0,020000fffe000001,2,147,3,0,,37,,,,,,,,32,,0,0,020000fffe00000e,1,,,,1,1,,,,1
1700000018437500000,00fffe00000a,011b19000000,0,0,Sync,0,2,0,44,24,0,0,,0,1,0,0,0,0,0,1,1,1,1,0,0,020000fffe00000a,1,295,0,-4,1700000018437500000,37,,,,,,,,32,,0,0,,,,,,1,1,,1,,
1700000018437550000,00fffe00000a,011b19000000,0,0,Follow_Up,8,2,0,44,24,0,0,,0,1,0,0,0,0,0,1,1,1,1,0,0,020000fffe00000a,1,295,2,-4,1700000018437550000,37,,,,,,,,32,,0,0,,,,,,1,1,,1,,
1700000018500000000,00fffe00000a,011b19000000,0,0,Announce,11,2,0,64,24,0,0,,0,1,0,0,0,1,0,0,1,0,1,0,0,020000fffe00000a,1,148,5,-3,,0,128,6,33,20061,128,020000fffe00000a,0,32,,0,0,,,1,0,1,1,1,1,,1,
1700000018500000000,00fffe00000a,011b19000000,0,0,Sync,0,2,0,44,24,0,0,,0,1,0,0,0,0,0,1,1,1,1,0,0,020000fffe00000a,1,296,0,-4,1700000018500000000,37,,,,,,,,32,,0,0,,,,,,1,1,,1,,
1700000018500010000,00fffe000001,011b19000000,0,0,Announce,11,2,0,64,24,0,0,,0,1,0,0,0,0,0,1,1,1,1,0,0,020000fffe000001,2,148,5,-3,,37,128,6,33,20061,128,020000fffe00000a,1,32,,0,0,,,1,0,0,1,1,1,,1,
1700000018500020000,00fffe00000c,011b19000000,0,0,Delay_Req,1,2,0,44,24,0,0,,0,1,0,0,0,0,0,1,1,1,1,0,0,020000fffe00000c,1,148,1,-4,1700000018500020000,37,,,,,,,,32,,0,0,,,,,,1,1,,,,1
1700000018500021000,00fffe00000d,011b19000000,0,0,Delay_Req,1,2,0,44,24,0,0,,0,1,0,0,0,0,0,1,1,1,1,0,0,020000fffe00000d,1,148,1,-4,1700000018500021000,37,,,,,,,,32,,0,0,,,,,,1,1,,,,1
1700000018500022000,00fffe00000e,011b19000000,0,0,Delay_Req,1,2,0,44,24,0,0,,0,1,0,0,0,0,0,1,1,1,1,0,0,020000fffe00000e,1,148,1,-4,1700000018500022000,37,,,,,,,,32,,0,0,,,,,,1,1,,,,1
1700000018500050000,00fffe00000a,011b19000000,0,0,Follow_Up,8,2,0,44,24,0,0,,0,1,0,0,0,0,0,1,1,1,1,0,0,020000fffe00000a,1,296,2,-4,1700000018500050000,37,,,,,,,,32,,0,0,,,,,,1,1,,1,,
1700000018500050000,00fffe000001,011b19000000,0,0,Delay_Resp,9,2,0,54,24,0,0,,0,1,0,0,0,0,0,1,1,1,1,0,0,020000fffe000001,2,148,3,0,,37,,,,,,,,32,,0,0,020000fffe00000c,1,,,,1,1,,,,1
1700000018500051000,00fffe000001,011b19000000,0,0,Delay_Resp,9,2,0,54,24,0,0,,0,1,0,0,0,0,0,1,1,1,1,0,0,020000fffe000001,2,148,3,0,,37,,,,,,,,32,,0,0,020000fffe00000d,1,,,,1,1,,,,1
1700000018500052000,00fffe000001,011b19000000,0,0,Delay_Resp,9,2,0,54,24,0,0,,0,1,0,0,0,0,0,1,1,1,1,0,0,020000fffe000001,2,148,3,0,,37,,,,,,,,32,,0,0,020000fffe00000e,1,,,,1,1,,,,1
1700000018562500000,00fffe00000a,011b19000000,0,0,Sync,0,2,0,44,24,0,0,,0,1,0,0,0,0,0,1,1,1,1,0,0,020000fffe00000a,1,297,0,-4,1700000018562500000,37,,,,,,,,32,,0,0,,,,,,1,1,,1,,
1700000018562550000,00fffe00000a,011b19000000,0,0,Follow_Up,8,2,0,44,24,0,0,,0,1,0,0,0,0,0,1,1,1,1,0,0,020000fffe00000a,1,297,2,-4,1700000018562550000,37,,,,,,,,32,,0,0,,,,,,1,1,,1,,
1700000018625000000,00fffe00000a,011b19000000,0,0,Announce,11,2,0,64,24,0,0,,0,1,0,0,0,1,0,0,1,0,1,0,0,020000fffe00000a,1,149,5,-3,,0,128,6,33,20061,128,020000fffe00000a,0,32,,0,0,,,1,0,1,1,1,1,,1,
1700000018625000000,00fffe00000a,011b19000000,0,0,Sync,0,2,0,44,24,0,0,,0,1,0,0,0,0,0,1,1,1,1,0,0,020000fffe00000a,1,298,0,-4,1700000018625000000,37,,,,,,,,32,,0,0,,,,,,1,1,,1,,
1700000018625010000,00fffe000001,011b19000000,0,0,Announce,11,2,0,64,24,0,0,,0,1,0,0,0,0,0,1,1,1,1,0,0,020000fffe000001,2,149,5,-3,,37,128,6,33,20061,128,020000fffe00000a,1,32,,0,0,,,1,0,0,1,1,1,,1,
1700000018625020000,00fffe00000c,011b19000000,0,0,Delay_Req,1,2,0,44,24,0,0,,0,1,0,0,0,0,0,1,1,1,1,0,0,020000fffe00000c,1,149,1,-4,1700000018625020000,37,,,,,,,,32,,0,0,,,,,,1,1,,,,1
1700000018625021000,00fffe00000d,011b19000000,0,0,Delay_Req,1,2,0,44,24,0,0,,0,1,0,0,0,0,0,1,1,1,1,0,0,020000fffe00000d,1,149,1,-4,1700000018625021000,37,,,,,,,,32,,0,0,,,,,,1,1,,,,1
1700000018625022000,00fffe00000e,011b19000000,0,0,Delay_Req,1,2,0,44,24,0,0,,0,1,0,0,0,0,0,1,1,1,1,0,0,020000fffe00000e,1,149,1,-4,1700000018625022000,37,,,,,,,,32,,0,0,,,,,,1,1,,,,1
1700000018625050000,00fffe00000a,011b19000000,0,0,Follow_Up,8,2,0,44,24,0,0,,0,1,0,0,0,0,0,1,1,1,1,0,0,020000fffe00000a,1,298,2,-4,1700000018625050000,37,,,,,,,,32,,0,0,,,,,,1,1,,1,,
1700000018625050000,00fffe000001,011b19000000,0,0,Delay_Resp,9,2,0,54,24,0,0,,0,1,0,0,0,0,0,1,1,1,1,0,0,020000fffe000001,2,149,3,0,,37,,,,,,,,32,,0,0,020000fffe00000c,1,,,,1,1,,,,1
1700000018625051000,00fffe000001,011b19000000,0,0,Delay_Resp,9,2,0,54,24,0,0,,0,1,0,0,0,0,0,1,1,1,1,0,0,020000fffe000001,2,149,3,0,,37,,,,,,,,32,,0,0,020000fffe00000d,1,,,,1,1,,,,1
1700000018625052000,00fffe000001,011b19000000,0,0,Delay_Resp,9,2,0,54,24,0,0,,0,1,0,0,0,0,0,1,1,1,1,0,0,020000fffe000001,2,149,3,0,,37,,,,,,,,32,,0,0,020000fffe00000e,1,,,,1,1,,,,1
1700000018687500000,00fffe00000a,011b19000000,0,0,Sync,0,2,0,44,24,0,0,,0,1,0,0,0,0,0,1,1,1,1,0,0,020000fffe00000a,1,299,0,-4,1700000018687500000,37,,,,,,,,32,,0,0,,,,,,1,1,,1,,
1700000018687550000,00fffe00000a,011b19000000,0,0,Follow_Up,8,2,0,44,24,0,0,,0,1,0,0,0,0,0,1,1,1,1,0,0,020000fffe00000a,1,299,2,-4,1700000018687550000,37,,,,,,,,32,,0,0,,,,,,1,1,,1,,
1700000018750000000,00fffe00000a,011b19000000,0,0,Announce,11,2,0,64,24,0,0,,0,1,0,0,0,1,0,0,1,0,1,0,0,020000fffe00000a,1,150,5,-3,,0,128,6,33,20061,128,020000fffe00000a,0,32,,0,0,,,1,0,1,1,1,1,,1,
1700000018750000000,00fffe00000a,011b19000000,0,0,Sync,0,2,0,44,24,0,0,,0,1,0,0,0,0,0,1,1,1,1,0,0,020000fffe00000a,1,300,0,-4,1700000018750000000,37,,,,,,,,32,,0,0,,,,,,1,1,,1,,
1700000018750010000,00fffe000001,011b19000000,0,0,Announce,11,2,0,64,24,0,0,,0,1,0,0,0,0,0,1,1,1,1,0,0,020000fffe000001,2,150,5,-3,,37,128,6,33,20061,128,020000fffe00000a,1,32,,0,0,,,1,0,0,1,1,1,,1,
1700000018750020000,00fffe00000c,011b19000000,0,0,Delay_Req,1,2,0,44,24,0,0,,0,1,0,0,0,0,0,1,1,1,1,0,0,020000fffe00000c,1,150,1,-4,1700000018750020000,37,,,,,,,,32,,0,0,,,,,,1,1,,,,1
1700000018750021000,00fffe00000d,011b19000000,0,0,Delay_Req,1,2,0,44,24,0,0,,0,1,0,0,0,0,0,1,1,1,1,0,0,020000fffe00000d,1,150,1,-4,1700000018750021000,37,,,,,,,,32,,0,0,,,,,,1,1,,,,1
1700000018750022000,00fffe00000e,011b19000000,0,0,Delay_Req,1,2,0,44,24,0,0,,0,1,0,0,0,0,0,1,1,1,1,0,0,020000fffe00000e,1,150,1,-4,1700000018750022000,37,,,,,,,,32,,0,0,,,,,,1,1,,,,1
1700000018750050000,00fffe00000a,011b19000000,0,0,Follow_Up,8,2,0,44,24,0,0,,0,1,0,0,0,0,0,1,1,1,1,0,0,020000fffe00000a,1,300,2,-4,1700000018750050000,37,,,,,,,,32,,0,0,,,,,,1,1,,1,,
1700000018750050000,00fffe000001,011b19000000,0,0,Delay_Resp,9,2,0,54,24,0,0,,0,1,0,0,0,0,0,1,1,1,1,0,0,020000fffe000001,2,150,3,0,,37,,,,,,,,32,,0,0,020000fffe00000c,1,,,,1,1,,,,1
1700000018750051000,00fffe000001,011b19000000,0,0,Delay_Resp,9,2,0,54,24,0,0,,0,1,0,0,0,0,0,1,1,1,1,0,0,020000fffe000001,2,150,3,0,,37,,,,,,,,32,,0,0,020000fffe00000d,1,,,,1,1,,,,1
1700000018750052000,00fffe000001,011b19000000,0,0,Delay_Resp,9,2,0,54,24,0,0,,0,1,0,0,0,0,0,1,1,1,1,0,0,020000fffe000001,2,150,3,0,,37,,,,,,,,32,,0,0,020000fffe00000e,1,,,,1,1,,,,1
1700000018812500000,00fffe00000a,011b19000000,0,0,Sync,0,2,0,44,24,0,0,,0,1,0,0,0,0,0,1,1,1,1,0,0,020000fffe00000a,1,301,0,-4,1700000018812500000,37,,,,,,,,32,,0,0,,,,,,1,1,,1,,
1700000018812550000,00fffe00000a,011b19000000,0,0,Follow_Up,8,2,0,44,24,0,0,,0,1,0,0,0,0,0,1,1,1,1,0,0,020000fffe00000a,1,301,2,-4,1700000018812550000,37,,,,,,,,32,,0,0,,,,,,1,1,,1,,
1700000018875000000,00fffe00000a,011b19000000,0,0,Announce,11,2,0,64,24,0,0,,0,1,0,0,0,1,0,0,1,0,1,0,0,020000fffe00000a,1,151,5,-3,,0,128,6,33,20061,128,020000fffe00000a,0,32,,0,0,,,1,0,1,1,1,1,,1,
1700000018875000000,00fffe00000a,011b19000000,0,0,Sync,0,2,0,44,24,0,0,,0,1,0,0,0,0,0,1,1,1,1,0,0,020000fffe00000a,1,302,0,-4,1700000018875000000,37,,,,,,,,32,,0,0,,,,,,1,1,,1,,
1700000018875010000,00fffe000001,011b19000000,0,0,Announce,11,2,0,64,24,0,0,,0,1,0,0,0,0,0,1,1,1,1,0,0,020000fffe000001,2,151,5,-3,,37,128,6,33,20061,128,020000fffe00000a,1,32,,0,0,,,1,0,0,1,1,1,,1,
1700000018875020000,00fffe00000c,011b19000000,0,0,Delay_Req,1,2,0,44,24,0,0,,0,1,0,0,0,0,0,1,1,1,1,0,0,020000fffe00000c,1,151,1,-4,1700000018875020000,37,,,,,,,,32,,0,0,,,,,,1,1,,,,1
1700000018875021000,00fffe00000d,011b19000000,0,0,Delay_Req,1,2,0,44,24,0,0,,0,1,0,0,0,0,0,1,1,1,1,0,0,020000fffe00000d,1,151,1,-4,1700000018875021000,37,,,,,,,,32,,0,0,,,,,,1,1,,,,1
1700000018875022000,00fffe00000e,011b19000000,0,0,Delay_Req,1,2,0,44,24,0,0,,0,1,0,0,0,0,0,1,1,1,1,0,0,020000fffe00000e,1,151,1,-4,1700000018875022000,37,,,,,,,,32,,0,0,,,,,,1,1,,,,1
1700000018875050000,00fffe00000a,011b19000000,0,0,Follow_Up,8,2,0,44,24,0,0,,0,1,0,0,0,0,0,1,1,1,1,0,0,020000fffe00000a,1,302,2,-4,1700000018875050000,37,,,,,,,,32,,0,0,,,,,,1,1,,1,,
1700000018875050000,00fffe000001,011b19000000,0,0,Delay_Resp,9,2,0,54,24,0,0,,0,1,0,0,0,0,0,1,1,1,1,0,0,020000fffe000001,2,151,3,0,,37,,,,,,,,32,,0,0,020000fffe00000c,1,,,,1,1,,,,1
1700000018875051000,00fffe000001,011b19000000,0,0,Delay_Resp,9,2,0,54,24,0,0,,0,1,0,0,0,0,0,1,1,1,1,0,0,020000fffe000001,2,151,3,0,,37,,,,,,,,32,,0,0,020000fffe00000d,1,,,,1,1,,,,1
1700000018875052000,00fffe000001,011b19000000,0,0,Delay_Resp,9,2,0,54,24,0,0,,0,1,0,0,0,0,0,1,1,1,1,0,0,020000fffe000001,2,151,3,0,,37,,,,,,,,32,,0,0,020000fffe00000e,1,,,,1,1,,,,1
1700000018937500000,00fffe00000a,011b19000000,0,0,Sync,0,2,0,44,24,0,0,,0,1,0,0,0,0,0,1,1,1,1,0,0,020000fffe00000a,1,303,0,-4,1700000018937500000,37,,,,,,,,32,,0,0,,,,,,1,1,,1,,
1700000018937550000,00fffe00000a,011b19000000,0,0,Follow_Up,8,2,0,44,24,0,0,,0,1,0,0,0,0,0,1,1,1,1,0,0,020000fffe00000a,1,303,2,-4,1700000018937550000,37,,,,,,,,32,,0,0,,,,,,1,1,,1,,
1700000019000000000,00fffe00000a,011b19000000,0,0,Announce,11,2,0,64,24,0,0,,0,1,0,0,0,1,0,0,1,0,1,0,0,020000fffe00000a,1,152,5,-3,,0,128,6,33,20061,128,020000fffe00000a,0,32,,0,0,,,1,0,1,1,1,1,,1,
1700000019000000000,00fffe00000a,011b19000000,0,0,Sync,0,2,0,44,24,0,0,,0,1,0,0,0,0,0,1,1,1,1,0,0,020000fffe00000a,1,304,0,-4,1700000019000000000,37,,,,,,,,32,,0,0,,,,,,1,1,,1,,
1700000019000010000,00fffe000001,011b19000000,0,0,Announce,11,2,0,64,24,0,0,,0,1,0,0,0,0,0,1,1,1,1,0,0,020000fffe000001,2,152,5,-3,,37,128,6,33,20061,128,020000fffe00000a,1,32,,0,0,,,1,0,0,1,1,1,,1,
1700000019000020000,00fffe00000c,011b19000000,0,0,Delay_Req,1,2,0,44,24,0,0,,0,1,0,0,0,0,0,1,1,1,1,0,0,020000fffe00000c,1,152,1,-4,1700000019000020000,37,,,,,,,,32,,0,0,,,,,,1,1,,,,1
1700000019000021000,00fffe00000d,011b19000000,0,0,Delay_Req,1,2,0,44,24,0,0,,0,1,0,0,0,0,0,1,1,1,1,0,0,020000fffe00000d,1,152,1,-4,1700000019000021000,37,,,,,,,,32,,0,0,,,,,,1,1,,,,1
1700000019000022000,00fffe00000e,011b19000000,0,0,Delay_Req,1,2,0,44,24,0,0,,0,1,0,0,0,0,0,1,1,1,1,0,0,020000fffe00000e,1,152,1,-4,1700000019000022000,37,,,,,,,,32,,0,0,,,,,,1,1,,,,1
1700000019000050000,00fffe00000a,011b19000000,0,0,Follow_Up,8,2,0,44,24,0,0,,0,1,0,0,0,0,0,1,1,1,1,0,0,020000fffe00000a,1,304,2,-4,1700000019000050000,37,,,,,,,,32,,0,0,,,,,,1,1,,1,,
1700000019000050000,00fffe000001,011b19000000,0,0,Delay_Resp,9,2,0,54,24,0,0,,0,1,0,0,0,0,0,1,1,1,1,0,0,020000fffe000001,2,152,3,0,,37,,,,,,,,32,,0,0,020000fffe00000c,1,,,,1,1,,,,1
1700000019000051000,00fffe000001,011b19000000,0,0,Delay_Resp,9,2,0,54,24,0,0,,0,1,0,0,0,0,0,1,1,1,1,0,0,020000fffe000001,2,152,3,0,,37,,,,,,,,32,,0,0,020000fffe00000d,1,,,,1,1,,,,1
1700000019000052000,00fffe000001,011b19000000,0,0,Delay_Resp,9,2,0,54,24,0,0,,0,1,0,0,0,0,0,1,1,1,1,0,0,020000fffe000001,2,152,3,0,,37,,,,,,,,32,,0,0,020000fffe00000e,1,,,,1,1,,,,1
1700000019062500000,00fffe00000a,011b19000000,0,0,Sync,0,2,0,44,24,0,0,,0,1,0,0,0,0,0,1,1,1,1,0,0,020000fffe00000a,1,305,0,-4,1700000019062500000,37,,,,,,,,32,,0,0,,,,,,1,1,,1,,
1700000019062550000,00fffe00000a,011b19000000,0,0,Follow_Up,8,2,0,44,24,0,0,,0,1,0,0,0,0,0,1,1,1,1,0,0,020000fffe00000a,1,305,2,-4,1700000019062550000,37,,,,,,,,32,,0,0,,,,,,1,1,,1,,
1700000019125000000,00fffe00000a,011b19000000,0,0,Announce,11,2,0,64,24,0,0,,0,1,0,0,0,1,0,0,1,0,1,0,0,020000fffe00000a,1,153,5,-3,,0,128,6,33,20061,128,020000fffe00000a,0,32,,0,0,,,1,0,1,1,1,1,,1,
1700000019125000000,00fffe00000a,011b19000000,0,0,Sync,0,2,0,44,24,0,0,,0,1,0,0,0,0,0,1,1,1,1,0,0,020000fffe00000a,1,306,0,-4,1700000019125000000,37,,,,,,,,32,,0,0,,,,,,1,1,,1,,
1700000019125010000,00fffe000001,011b19000000,0,0,Announce,11,2,0,64,24,0,0,,0,1,0,0,0,0,0,1,1,1,1,0,0,020000fffe000001,2,153,5,-3,,37,128,6,33,20061,128,020000fffe00000a,1,32,,0,0,,,1,0,0,1,1,1,,1,
1700000019125020000,00fffe00000c,011b19000000,0,0,Delay_Req,1,2,0,44,24,0,0,,0,1,0,0,0,0,0,1,1,1,1,0,0,020000fffe00000c,1,153,1,-4,1700000019125020000,37,,,,,,,,32,,0,0,,,,,,1,1,,,,1
1700000019125021000,00fffe00000d,011b19000000,0,0,Delay_Req,1,2,0,44,24,0,0,,0,1,0,0,0,0,0,1,1,1,1,0,0,020000fffe00000d,1,153,1,-4,1700000019125021000,37,,,,,,,,32,,0,0,,,,,,1,1,,,,1
1700000019125022000,00fffe00000e,011b19000000,0,0,Delay_Req,1,2,0,44,24,0,0,,0,1,0,0,0,0,0,1,1,1,1,0,0,020000fffe00000e,1,153,1,-4,1700000019125022000,37,,,,,,,,32,,0,0,,,,,,1,1,,,,1
1700000019125050000,00fffe00000a,011b19000000,0,0,Follow_Up,8,2,0,44,24,0,0,,0,1,0,0,0,0,0,1,1,1,1,0,0,020000fffe00000a,1,306,2,-4,1700000019125050000,37,,,,,,,,32,,0,0,,,,,,1,1,,1,,
1700000019125050000,00fffe000001,011b19000000,0,0,Delay_Resp,9,2,0,54,24,0,0,,0,1,0,0,0,0,0,1,1,1,1,0,0,020000fffe000001,2,153,3,0,,37,,,,,,,,32,,0,0,020000fffe00000c,1,,,,1,1,,,,1
1700000019125051000,00fffe000001,011b19000000,0,0,Delay_Resp,9,2,0,54,24,0,0,,0,1,0,0,0,0,0,1,1,1,1,0,0,020000fffe000001,2,153,3,0,,37,,,,,,,,32,,0,0,020000fffe00000d,1,,,,1,1,,,,1
1700000019125052000,00fffe000001,011b19000000,0,0,Delay_Resp,9,2,0,54,24,0,0,,0,1,0,0,0,0,0,1,1,1,1,0,0,020000fffe000001,2,153,3,0,,37,,,,,,,,32,,0,0,020000fffe00000e,1,,,,1,1,,,,1
1700000019187500000,00fffe00000a,011b19000000,0,0,Sync,0,2,0,44,24,0,0,,0,1,0,0,0,0,0,1,1,1,1,0,0,020000fffe00000a,1,307,0,-4,1700000019187500000,37,,,,,,,,32,,0,0,,,,,,1,1,,1,,
1700000019187550000,00fffe00000a,011b19000000,0,0,Follow_Up,8,2,0,44,24,0,0,,0,1,0,0,0,0,0,1,1,1,1,0,0,020000fffe00000a,1,307,2,-4,1700000019187550000,37,,,,,,,,32,,0,0,,,,,,1,1,,1,,
1700000019250000000,00fffe00000a,011b19000000,0,0,Announce,11,2,0,64,24,0,0,,0,1,0,0,0,1,0,0,1,0,1,0,0,020000fffe00000a,1,154,5,-3,,0,128,6,33,20061,128,020000fffe00000a,0,32,,0,0,,,1,0,1,1,1,1,,1,
1700000019250000000,00fffe00000a,011b19000000,0,0,Sync,0,2,0,44,24,0,0,,0,1,0,0,0,0,0,1,1,1,1,0,0,020000fffe00000a,1,308,0,-4,1700000019250000000,37,,,,,,,,32,,0,0,,,,,,1,1,,1,,
1700000019250010000,00fffe000001,011b19000000,0,0,Announce,11,2,0,64,24,0,0,,0,1,0,0,0,0,0,1,1,1,1,0,0,020000fffe000001,2,154,5,-3,,37,128,6,33,20061,128,020000fffe00000a,1,32,,0,0,,,1,0,0,1,1,1,,1,
1700000019250020000,00fffe00000c,011b19000000,0,0,Delay_Req,1,2,0,44,24,0,0,,0,1,0,0,0,0,0,1,1,1,1,0,0,020000fffe00000c,1,154,1,-4,1700000019250020000,37,,,,,,,,32,,0,0,,,,,,1,1,,,,1
1700000019250021000,00fffe00000d,011b19000000,0,0,Delay_Req,1,2,0,44,24,0,0,,0,1,0,0,0,0,0,1,1,1,1,0,0,020000fffe00000d,1,154,1,-4,1700000019250021000,37,,,,,,,,32,,0,0,,,,,,1,1,,,,1
1700000019250022000,00fffe00000e,011b19000000,0,0,Delay_Req,1,2,0,44,24,0,0,,0,1,0,0,0,0,0,1,1,1,1,0,0,020000fffe00000e,1,154,1,-4,1700000019250022000,37,,,,,,,,32,,0,0,,,,,,1,1,,,,1
1700000019250050000,00fffe00000a,011b19000000,0,0,Follow_Up,8,2,0,44,24,0,0,,0,1,0,0,0,0,0,1,1,1,1,0,0,020000fffe00000a,1,308,2,-4,1700000019250050000,37,,,,,,,,32,,0,0,,,,,,1,1,,1,,
1700000019250050000,00fffe000001,011b19000000,0,0,Delay_Resp,9,2,0,54,24,0,0,,0,1,0,0,0,0,0,1,1,1,1,0,0,020000fffe000001,2,154,3,0,,37,,,,,,,,32,,0,0,020000fffe00000c,1,,,,1,1,,,,1
1700000019250051000,00fffe000001,011b19000000,0,0,Delay_Resp,9,2,0,54,24,0,0,,0,1,0,0,0,0,0,1,1,1,1,0,0,020000fffe000001,2,154,3,0,,37,,,,,,,,32,,0,0,020000fffe00000d,1,,,,1,1,,,,1
1700000019250052000,00fffe000001,011b19000000,0,0,Delay_Resp,9,2,0,54,24,0,0,,0,1,0,0,0,0,0,1,1,1,1,0,0,020000fffe000001,2,154,3,0,,37,,,,,,,,32,,0,0,020000fffe00000e,1,,,,1,1,,,,1
1700000019312500000,00fffe00000a,011b19000000,0,0,Sync,0,2,0,44,24,0,0,,0,1,0,0,0,0,0,1,1,1,1,0,0,020000fffe00000a,1,309,0,-4,1700000019312500000,37,,,,,,,,32,,0,0,,,,,,1,1,,1,,
1700000019312550000,00fffe00000a,011b19000000,0,0,Follow_Up,8,2,0,44,24,0,0,,0,1,0,0,0,0,0,1,1,1,1,0,0,020000fffe00000a,1,309,2,-4,1700000019312550000,37,,,,,,,,32,,0,0,,,,,,1,1,,1,,
1700000019375000000,00fffe00000a,011b19000000,0,0,Announce,11,2,0,64,24,0,0,,0,1,0,0,0,1,0,0,1,0,1,0,0,020000fffe00000a,1,155,5,-3,,0,128,6,33,20061,128,020000fffe00000a,0,32,,0,0,,,1,0,1,1,1,1,,1,
1700000019375000000,00fffe00000a,011b19000000,0,0,Sync,0,2,0,44,24,0,0,,0,1,0,0,0,0,0,1,1,1,1,0,0,020000fffe00000a,1,310,0,-4,1700000019375000000,37,,,,,,,,32,,0,0,,,,,,1,1,,1,,
1700000019375010000,00fffe000001,011b19000000,0,0,Announce,11,2,0,64,24,0,0,,0,1,0,0,0,0,0,1,1,1,1,0,0,020000fffe000001,2,155,5,-3,,37,128,6,33,20061,128,020000fffe00000a,1,32,,0,0,,,1,0,0,1,1,1,,1,
1700000019375020000,00fffe00000c,011b19000000,0,0,Delay_Req,1,2,0,44,24,0,0,,0,1,0,0,0,0,0,1,1,1,1,0,0,020000fffe00000c,1,155,1,-4,1700000019375020000,37,,,,,,,,32,,0,0,,,,,,1,1,,,,1
1700000019375021000,00fffe00000d,011b19000000,0,0,Delay_Req,1,2,0,44,24,0,0,,0,1,0,0,0,0,0,1,1,1,1,0,0,020000fffe00000d,1,155,1,-4,1700000019375021000,37,,,,,,,,32,,0,0,,,,,,1,1,,,,1
1700000019375022000,00fffe00000e,011b19000000,0,0,Delay_Req,1,2,0,44,24,0,0,,0,1,0,0,0,0,0,1,1,1,1,0,0,020000fffe00000e,1,155,1,-4,1700000019375022000,37,,,,,,,,32,,0,0,,,,,,1,1,,,,1
1700000019375050000,00fffe00000a,011b19000000,0,0,Follow_Up,8,2,0,44,24,0,0,,0,1,0,0,0,0,0,1,1,1,1,0,0,020000fffe00000a,1,310,2,-4,1700000019375050000,37,,,,,,,,32,,0,0,,,,,,1,1,,1,,
1700000019375050000,00fffe000001,011b19000000,0,0,Delay_Resp,9,2,0,54,24,0,0,,0,1,0,0,0,0,0,1,1,1,1,0,0,020000fffe000001,2,155,3,0,,37,,,,,,,,32,,0,0,020000fffe00000c,1,,,,1,1,,,,1
1700000019375051000,00fffe000001,011b19000000,0,0,Delay_Resp,9,2,0,54,24,0,0,,0,1,0,0,0,0,0,1,1,1,1,0,0,020000fffe000001,2,155,3,0,,37,,,,,,,,32,,0,0,020000fffe00000d,1,,,,1,1,,,,1
1700000019375052000,00fffe000001,011b19000000,0,0,Delay_Resp,9,2,0,54,24,0,0,,0,1,0,0,0,0,0,1,1,1,1,0,0,020000fffe000001,2,155,3,0,,37,,,,,,,,32,,0,0,020000fffe00000e,1,,,,1,1,,,,1
1700000019437500000,00fffe00000a,011b19000000,0,0,Sync,0,2,0,44,24,0,0,,0,1,0,0,0,0,0,1,1,1,1,0,0,020000fffe00000a,1,311,0,-4,1700000019437500000,37,,,,,,,,32,,0,0,,,,,,1,1,,1,,
1700000019437550000,00fffe00000a,011b19000000,0,0,Follow_Up,8,2,0,44,24,0,0,,0,1,0,0,0,0,0,1,1,1,1,0,0,020000fffe00000a,1,311,2,-4,1700000019437550000,37,,,,,,,,32,,0,0,,,,,,1,1,,1,,
1700000019500000000,00fffe00000a,011b19000000,0,0,Announce,11,2,0,64,24,0,0,,0,1,0,0,0,1,0,0,1,0,1,0,0,020000fffe00000a,1,156,5,-3,,0,128,6,33,20061,128,020000fffe00000a,0,32,,0,0,,,1,0,1,1,1,1,,1,
1700000019500000000,00fffe00000a,011b19000000,0,0,Sync,0,2,0,44,24,0,0,,0,1,0,0,0,0,0,1,1,1,1,0,0,020000fffe00000a,1,312,0,-4,1700000019500000000,37,,,,,,,,32,,0,0,,,,,,1,1,,1,,
1700000019500010000,00fffe000001,011b19000000,0,0,Announce,11,2,0,64,24,0,0,,0,1,0,0,0,0,0,1,1,1,1,0,0,020000fffe000001,2,156,5,-3,,37,128,6,33,20061,128,020000fffe00000a,1,32,,0,0,,,1,0,0,1,1,1,,1,
1700000019500020000,00fffe00000c,011b19000000,0,0,Delay_Req,1,2,0,44,24,0,0,,0,1,0,0,0,0,0,1,1,1,1,0,0,020000fffe00000c,1,156,1,-4,1700000019500020000,37,,,,,,,,32,,0,0,,,,,,1,1,,,,1
1700000019500021000,00fffe00000d,011b19000000,0,0,Delay_Req,1,2,0,44,24,0,0,,0,1,0,0,0,0,0,1,1,1,1,0,0,020000fffe00000d,1,156,1,-4,1700000019500021000,37,,,,,,,,32,,0,0,,,,,,1,1,,,,1
1700000019500022000,00fffe00000e,011b19000000,0,0,Delay_Req,1,2,0,44,24,0,0,,0,1,0,0,0,0,0,1,1,1,1,0,0,020000fffe00000e,1,156,1,-4,1700000019500022000,37,,,,,,,,32,,0,0,,,,,,1,1,,,,1
1700000019500050000,00fffe00000a,011b19000000,0,0,Follow_Up,8,2,0,44,24,0,0,,0,1,0,0,0,0,0,1,1,1,1,0,0,020000fffe00000a,1,312,2,-4,1700000019500050000,37,,,,,,,,32,,0,0,,,,,,1,1,,1,,
1700000019500050000,00fffe000001,011b19000000,0,0,Delay_Resp,9,2,0,54,24,0,0,,0,1,0,0,0,0,0,1,1,1,1,0,0,020000fffe000001,2,156,3,0,,37,,,,,,,,32,,0,0,020000fffe00000c,1,,,,1,1,,,,1
1700000019500051000,00fffe000001,011b19000000,0,0,Delay_Resp,9,2,0,54,24,0,0,,0,1,0,0,0,0,0,1,1,1,1,0,0,020000fffe000001,2,156,3,0,,37,,,,,,,,32,,0,0,020000fffe00000d,1,,,,1,1,,,,1
1700000019500052000,00fffe000001,011b19000000,0,0,Delay_Resp,9,2,0,54,24,0,0,,0,1,0,0,0,0,0,1,1,1,1,0,0,020000fffe000001,2,156,3,0,,37,,,,,,,,32,,0,0,020000fffe00000e,1,,,,1,1,,,,1
1700000019562500000,00fffe00000a,011b19000000,0,0,Sync,0,2,0,44,24,0,0,,0,1,0,0,0,0,0,1,1,1,1,0,0,020000fffe00000a,1,313,0,-4,1700000019562500000,37,,,,,,,,32,,0,0,,,,,,1,1,,1,,
1700000019562550000,00fffe00000a,011b19000000,0,0,Follow_Up,8,2,0,44,24,0,0,,0,1,0,0,0,0,0,1,1,1,1,0,0,020000fffe00000a,1,313,2,-4,1700000019562550000,37,,,,,,,,32,,0,0,,,,,,1,1,,1,,
1700000019625000000,00fffe00000a,011b19000000,0,0,Announce,11,2,0,64,24,0,0,,0,1,0,0,0,1,0,0,1,0,1,0,0,020000fffe00000a,1,157,5,-3,,0,128,6,33,20061,128,020000fffe00000a,0,32,,0,0,,,1,0,1,1,1,1,,1,
1700000019625000000,00fffe00000a,011b19000000,0,0,Sync,0,2,0,44,24,0,0,,0,1,0,0,0,0,0,1,1,1,1,0,0,020000fffe00000a,1,314,0,-4,1700000019625000000,37,,,,,,,,32,,0,0,,,,,,1,1,,1,,
1700000019625010000,00fffe000001,011b19000000,0,0,Announce,11,2,0,64,24,0,0,,0,1,0,0,0,0,0,1,1,1,1,0,0,020000fffe000001,2,157,5,-3,,37,128,6,33,20061,128,020000fffe00000a,1,32,,0,0,,,1,0,0,1,1,1,,1,
1700000019625020000,00fffe00000c,011b19000000,0,0,Delay_Req,1,2,0,44,24,0,0,,0,1,0,0,0,0,0,1,1,1,1,0,0,020000fffe00000c,1,157,1,-4,1700000019625020000,37,,,,,,,,32,,0,0,,,,,,1,1,,,,1
1700000019625021000,00fffe00000d,011b19000000,0,0,Delay_Req,1,2,0,44,24,0,0,,0,1,0,0,0,0,0,1,1,1,1,0,0,020000fffe00000d,1,157,1,-4,1700000019625021000,37,,,,,,,,32,,0,0,,,,,,1,1,,,,1
1700000019625022000,00fffe00000e,011b19000000,0,0,Delay_Req,1,2,0,44,24,0,0,,0,1,0,0,0,0,0,1,1,1,1,0,0,020000fffe00000e,1,157,1,-4,1700000019625022000,37,,,,,,,,32,,0,0,,,,,,1,1,,,,1
1700000019625050000,00fffe00000a,011b19000000,0,0,Follow_Up,8,2,0,44,24,0,0,,0,1,0,0,0,0,0,1,1,1,1,0,0,020000fffe00000a,1,314,2,-4,1700000019625050000,37,,,,,,,,32,,0,0,,,,,,1,1,,1,,
1700000019625050000,00fffe000001,011b19000000,0,0,Delay_Resp,9,2,0,54,24,0,0,,0,1,0,0,0,0,0,1,1,1,1,0,0,020000fffe000001,2,157,3,0,,37,,,,,,,,32,,0,0,020000fffe00000c,1,,,,1,1,,,,1
1700000019625051000,00fffe000001,011b19000000,0,0,Delay_Resp,9,2,0,54,24,0,0,,0,1,0,0,0,0,0,1,1,1,1,0,0,020000fffe000001,2,157,3,0,,37,,,,,,,,32,,0,0,020000fffe00000d,1,,,,1,1,,,,1
1700000019625052000,00fffe000001,011b19000000,0,0,Delay_Resp,9,2,0,54,24,0,0,,0,1,0,0,0,0,0,1,1,1,1,0,0,020000fffe000001,2,157,3,0,,37,,,,,,,,32,,0,0,020000fffe00000e,1,,,,1,1,,,,1
1700000019687500000,00fffe00000a,011b19000000,0,0,Sync,0,2,0,44,24,0,0,,0,1,0,0,0,0,0,1,1,1,1,0,0,020000fffe00000a,1,315,0,-4,1700000019687500000,37,,,,,,,,32,,0,0,,,,,,1,1,,1,,
1700000019687550000,00fffe00000a,011b19000000,0,0,Follow_Up,8,2,0,44,24,0,0,,0,1,0,0,0,0,0,1,1,1,1,0,0,020000fffe00000a,1,315,2,-4,1700000019687550000,37,,,,,,,,32,,0,0,,,,,,1,1,,1,,
1700000019750000000,00fffe00000a,011b19000000,0,0,Announce,11,2,0,64,24,0,0,,0,1,0,0,0,1,0,0,1,0,1,0,0,020000fffe00000a,1,158,5,-3,,0,128,6,33,20061,128,020000fffe00000a,0,32,,0,0,,,1,0,1,1,1,1,,1,
1700000019750000000,00fffe00000a,011b19000000,0,0,Sync,0,2,0,44,24,0,0,,0,1,0,0,0,0,0,1,1,1,1,0,0,020000fffe00000a,1,316,0,-4,1700000019750000000,37,,,,,,,,32,,0,0,,,,,,1,1,,1,,
1700000019750010000,00fffe000001,011b19000000,0,0,Announce,11,2,0,64,24,0,0,,0,1,0,0,0,0,0,1,1,1,1,0,0,020000fffe000001,2,158,5,-3,,37,128,6,33,20061,128,020000fffe00000a,1,32,,0,0,,,1,0,0,1,1,1,,1,
1700000019750020000,00fffe00000c,011b19000000,0,0,Delay_Req,1,2,0,44,24,0,0,,0,1,0,0,0,0,0,1,1,1,1,0,0,020000fffe00000c,1,158,1,-4,1700000019750020000,37,,,,,,,,32,,0,0,,,,,,1,1,,,,1
1700000019750021000,00fffe00000d,011b19000000,0,0,Delay_Req,1,2,0,44,24,0,0,,0,1,0,0,0,0,0,1,1,1,1,0,0,020000fffe00000d,1,158,1,-4,1700000019750021000,37,,,,,,,,32,,0,0,,,,,,1,1,,,,1
1700000019750022000,00fffe00000e,011b19000000,0,0,Delay_Req,1,2,0,44,24,0,0,,0,1,0,0,0,0,0,1,1,1,1,0,0,020000fffe00000e,1,158,1,-4,1700000019750022000,37,,,,,,,,32,,0,0,,,,,,1,1,,,,1
1700000019750050000,00fffe00000a,011b19000000,0,0,Follow_Up,8,2,0,44,24,0,0,,0,1,0,0,0,0,0,1,1,1,1,0,0,020000fffe00000a,1,316,2,-4,1700000019750050000,37,,,,,,,,32,,0,0,,,,,,1,1,,1,,
1700000019750050000,00fffe000001,011b19000000,0,0,Delay_Resp,9,2,0,54,24,0,0,,0,1,0,0,0,0,0,1,1,1,1,0,0,020000fffe000001,2,158,3,0,,37,,,,,,,,32,,0,0,020000fffe00000c,1,,,,1,1,,,,1
1700000019750051000,00fffe000001,011b19000000,0,0,Delay_Resp,9,2,0,54,24,0,0,,0,1,0,0,0,0,0,1,1,1,1,0,0,020000fffe000001,2,158,3,0,,37,,,,,,,,32,,0,0,020000fffe00000d,1,,,,1,1,,,,1
1700000019750052000,00fffe000001,011b19000000,0,0,Delay_Resp,9,2,0,54,24,0,0,,0,1,0,0,0,0,0,1,1,1,1,0,0,020000fffe000001,2,158,3,0,,37,,,,,,,,32,,0,0,020000fffe00000e,1,,,,1,1,,,,1
1700000019812500000,00fffe00000a,011b19000000,0,0,Sync,0,2,0,44,24,0,0,,0,1,0,0,0,0,0,1,1,1,1,0,0,020000fffe00000a,1,317,0,-4,1700000019812500000,37,,,,,,,,32,,0,0,,,,,,1,1,,1,,
1700000019812550000,00fffe00000a,011b19000000,0,0,Follow_Up,8,2,0,44,24,0,0,,0,1,0,0,0,0,0,1,1,1,1,0,0,020000fffe00000a,1,317,2,-4,1700000019812550000,37,,,,,,,,32,,0,0,,,,,,1,1,,1,,
1700000019875000000,00fffe00000a,011b19000000,0,0,Announce,11,2,0,64,24,0,0,,0,1,0,0,0,1,0,0,1,0,1,0,0,020000fffe00000a,1,159,5,-3,,0,128,6,33,20061,128,020000fffe00000a,0,32,,0,0,,,1,0,1,1,1,1,,1,
1700000019875000000,00fffe00000a,011b19000000,0,0,Sync,0,2,0,44,24,0,0,,0,1,0,0,0,0,0,1,1,1,1,0,0,020000fffe00000a,1,318,0,-4,1700000019875000000,37,,,,,,,,32,,0,0,,,,,,1,1,,1,,
1700000019875010000,00fffe000001,011b19000000,0,0,Announce,11,2,0,64,24,0,0,,0,1,0,0,0,0,0,1,1,1,1,0,0,020000fffe000001,2,159,5,-3,,37,128,6,33,20061,128,020000fffe00000a,1,32,,0,0,,,1,0,0,1,1,1,,1,
1700000019875020000,00fffe00000c,011b19000000,0,0,Delay_Req,1,2,0,44,24,0,0,,0,1,0,0,0,0,0,1,1,1,1,0,0,020000fffe00000c,1,159,1,-4,1700000019875020000,37,,,,,,,,32,,0,0,,,,,,1,1,,,,1
1700000019875021000,00fffe00000d,011b19000000,0,0,Delay_Req,1,2,0,44,24,0,0,,0,1,0,0,0,0,0,1,1,1,1,0,0,020000fffe00000d,1,159,1,-4,1700000019875021000,37,,,,,,,,32,,0,0,,,,,,1,1,,,,1
1700000019875022000,00fffe00000e,011b19000000,0,0,Delay_Req,1,2,0,44,24,0,0,,0,1,0,0,0,0,0,1,1,1,1,0,0,020000fffe00000e,1,159,1,-4,1700000019875022000,37,,,,,,,,32,,0,0,,,,,,1,1,,,,1
1700000019875050000,00fffe00000a,011b19000000,0,0,Follow_Up,8,2,0,44,24,0,0,,0,1,0,0,0,0,0,1,1,1,1,0,0,020000fffe00000a,1,318,2,-4,1700000019875050000,37,,,,,,,,32,,0,0,,,,,,1,1,,1,,
1700000019875050000,00fffe000001,011b19000000,0,0,Delay_Resp,9,2,0,54,24,0,0,,0,1,0,0,0,0,0,1,1,1,1,0,0,020000fffe000001,2,159,3,0,,37,,,,,,,,32,,0,0,020000fffe00000c,1,,,,1,1,,,,1
1700000019875051000,00fffe000001,011b19000000,0,0,Delay_Resp,9,2,0,54,24,0,0,,0,1,0,0,0,0,0,1,1,1,1,0,0,020000fffe000001,2,159,3,0,,37,,,,,,,,32,,0,0,020000fffe00000d,1,,,,1,1,,,,1
1700000019875052000,00fffe000001,011b19000000,0,0,Delay_Resp,9,2,0,54,24,0,0,,0,1,0,0,0,0,0,1,1,1,1,0,0,020000fffe000001,2,159,3,0,,37,,,,,,,,32,,0,0,020000fffe00000e,1,,,,1,1,,,,1
1700000019937500000,00fffe00000a,011b19000000,0,0,Sync,0,2,0,44,24,0,0,,0,1,0,0,0,0,0,1,1,1,1,0,0,020000fffe00000a,1,319,0,-4,1700000019937500000,37,,,,,,,,32,,0,0,,,,,,1,1,,1,,
1700000019937550000,00fffe00000a,011b19000000,0,0,Follow_Up,8,2,0,44,24,0,0,,0,1,0,0,0,0,0,1,1,1,1,0,0,020000fffe00000a,1,319,2,-4,1700000019937550000,37,,,,,,,,32,,0,0,,,,,,1,1,,1,,
1700000020000000000,00fffe00000a,011b19000000,0,0,Announce,11,2,0,64,24,0,0,,0,1,0,0,0,1,0,0,1,0,1,0,0,020000fffe00000a,1,160,5,-3,,0,128,6,33,20061,128,020000fffe00000a,0,32,,0,0,,,1,0,1,1,1,1,,1,
1700000020000000000,00fffe00000a,011b19000000,0,0,Sync,0,2,0,44,24,0,0,,0,1,0,0,0,0,0,1,1,1,1,0,0,020000fffe00000a,1,320,0,-4,1700000020000000000,37,,,,,,,,32,,0,0,,,,,,1,1,,1,,
1700000020000010000,00fffe000001,011b19000000,0,0,Announce,11,2,0,64,24,0,0,,0,1,0,0,0,0,0,1,1,1,1,0,0,020000fffe000001,2,160,5,-3,,37,128,6,33,20061,128,020000fffe00000a,1,32,,0,0,,,1,0,0,1,1,1,,1,
1700000020000020000,00fffe00000c,011b19000000,0,0,Delay_Req,1,2,0,44,24,0,0,,0,1,0,0,0,0,0,1,1,1,1,0,0,020000fffe00000c,1,160,1,-4,1700000020000020000,37,,,,,,,,32,,0,0,,,,,,1,1,,,,1
1700000020000021000,00fffe00000d,011b19000000,0,0,Delay_Req,1,2,0,44,24,0,0,,0,1,0,0,0,0,0,1,1,1,1,0,0,020000fffe00000d,1,160,1,-4,1700000020000021000,37,,,,,,,,32,,0,0,,,,,,1,1,,,,1
1700000020000022000,00fffe00000e,011b19000000,0,0,Delay_Req,1,2,0,44,24,0,0,,0,1,0,0,0,0,0,1,1,1,1,0,0,020000fffe00000e,1,160,1,-4,1700000020000022000,37,,,,,,,,32,,0,0,,,,,,1,1,,,,1
1700000020000050000,00fffe00000a,011b19000000,0,0,Follow_Up,8,2,0,44,24,0,0,,0,1,0,0,0,0,0,1,1,1,1,0,0,020000fffe00000a,1,320,2,-4,1700000020000050000,37,,,,,,,,32,,0,0,,,,,,1,1,,1,,
1700000020000050000,00fffe000001,011b19000000,0,0,Delay_Resp,9,2,0,54,24,0,0,,0,1,0,0,0,0,0,1,1,1,1,0,0,020000fffe000001,2,160,3,0,,37,,,,,,,,32,,0,0,020000fffe00000c,1,,,,1,1,,,,1
1700000020000051000,00fffe000001,011b19000000,0,0,Delay_Resp,9,2,0,54,24,0,0,,0,1,0,0,0,0,0,1,1,1,1,0,0,020000fffe000001,2,160,3,0,,37,,,,,,,,32,,0,0,020000fffe00000d,1,,,,1,1,,,,1
1700000020000052000,00fffe000001,011b19000000,0,0,Delay_Resp,9,2,0,54,24,0,0,,0,1,0,0,0,0,0,1,1,1,1,0,0,020000fffe000001,2,160,3,0,,37,,,,,,,,32,,0,0,020000fffe00000e,1,,,,1,1,,,,1
1700000020062500000,00fffe00000a,011b19000000,0,0,Sync,0,2,0,44,24,0,0,,0,1,0,0,0,0,0,1,1,1,1,0,0,020000fffe00000a,1,321,0,-4,1700000020062500000,37,,,,,,,,32,,0,0,,,,,,1,1,,1,,
1700000020062550000,00fffe00000a,011b19000000,0,0,Follow_Up,8,2,0,44,24,0,0,,0,1,0,0,0,0,0,1,1,1,1,0,0,020000fffe00000a,1,321,2,-4,1700000020062550000,37,,,,,,,,32,,0,0,,,,,,1,1,,1,,
1700000020125000000,00fffe00000a,011b19000000,0,0,Announce,11,2,0,64,24,0,0,,0,1,0,0,0,1,0,0,1,0,1,0,0,020000fffe00000a,1,161,5,-3,,0,128,6,33,20061,128,020000fffe00000a,0,32,,0,0,,,1,0,1,1,1,1,,1,
1700000020125000000,00fffe00000a,011b19000000,0,0,Sync,0,2,0,44,24,0,0,,0,1,0,0,0,0,0,1,1,1,1,0,0,020000fffe00000a,1,322,0,-4,1700000020125000000,37,,,,,,,,32,,0,0,,,,,,1,1,,1,,
1700000020125010000,00fffe000001,011b19000000,0,0,Announce,11,2,0,64,24,0,0,,0,1,0,0,0,0,0,1,1,1,1,0,0,020000fffe000001,2,161,5,-3,,37,128,6,33,20061,128,020000fffe00000a,1,32,,0,0,,,1,0,0,1,1,1,,1,
1700000020125020000,00fffe00000c,011b19000000,0,0,Delay_Req,1,2,0,44,24,0,0,,0,1,0,0,0,0,0,1,1,1,1,0,0,020000fffe00000c,1,161,1,-4,1700000020125020000,37,,,,,,,,32,,0,0,,,,,,1,1,,,,1
1700000020125021000,00fffe00000d,011b19000000,0,0,Delay_Req,1,2,0,44,24,0,0,,0,1,0,0,0,0,0,1,1,1,1,0,0,020000fffe00000d,1,161,1,-4,1700000020125021000,37,,,,,,,,32,,0,0,,,,,,1,1,,,,1
1700000020125022000,00fffe00000e,011b19000000,0,0,Delay_Req,1,2,0,44,24,0,0,,0,1,0,0,0,0,0,1,1,1,1,0,0,020000fffe00000e,1,161,1,-4,1700000020125022000,37,,,,,,,,32,,0,0,,,,,,1,1,,,,1
1700000020125050000,00fffe00000a,011b19000000,0,0,Follow_Up,8,2,0,44,24,0,0,,0,1,0,0,0,0,0,1,1,1,1,0,0,020000fffe00000a,1,322,2,-4,1700000020125050000,37,,,,,,,,32,,0,0,,,,,,1,1,,1,,
1700000020125050000,00fffe000001,011b19000000,0,0,Delay_Resp,9,2,0,54,24,0,0,,0,1,0,0,0,0,0,1,1,1,1,0,0,020000fffe000001,2,161,3,0,,37,,,,,,,,32,,0,0,020000fffe00000c,1,,,,1,1,,,,1
1700000020125051000,00fffe000001,011b19000000,0,0,Delay_Resp,9,2,0,54,24,0,0,,0,1,0,0,0,0,0,1,1,1,1,0,0,020000fffe000001,2,161,3,0,,37,,,,,,,,32,,0,0,020000fffe00000d,1,,,,1,1,,,,1
1700000020125052000,00fffe000001,011b19000000,0,0,Delay_Resp,9,2,0,54,24,0,0,,0,1,0,0,0,0,0,1,1,1,1,0,0,020000fffe000001,2,161,3,0,,37,,,,,,,,32,,0,0,020000fffe00000e,1,,,,1,1,,,,1
1700000020187500000,00fffe00000a,011b19000000,0,0,Sync,0,2,0,44,24,0,0,,0,1,0,0,0,0,0,1,1,1,1,0,0,020000fffe00000a,1,323,0,-4,1700000020187500000,37,,,,,,,,32,,0,0,,,,,,1,1,,1,,
1700000020187550000,00fffe00000a,011b19000000,0,0,Follow_Up,8,2,0,44,24,0,0,,0,1,0,0,0,0,0,1,1,1,1,0,0,020000fffe00000a,1,323,2,-4,1700000020187550000,37,,,,,,,,32,,0,0,,,,,,1,1,,1,,
1700000020250000000,00fffe00000a,011b19000000,0,0,Announce,11,2,0,64,24,0,0,,0,1,0,0,0,1,0,0,1,0,1,0,0,020000fffe00000a,1,162,5,-3,,0,128,6,33,20061,128,020000fffe00000a,0,32,,0,0,,,1,0,1,1,1,1,,1,
1700000020250000000,00fffe00000a,011b19000000,0,0,Sync,0,2,0,44,24,0,0,,0,1,0,0,0,0,0,1,1,1,1,0,0,020000fffe00000a,1,324,0,-4,1700000020250000000,37,,,,,,,,32,,0,0,,,,,,1,1,,1,,
1700000020250010000,00fffe000001,011b19000000,0,0,Announce,11,2,0,64,24,0,0,,0,1,0,0,0,0,0,1,1,1,1,0,0,020000fffe000001,2,162,5,-3,,37,128,6,33,20061,128,020000fffe00000a,1,32,,0,0,,,1,0,0,1,1,1,,1,
1700000020250020000,00fffe00000c,011b19000000,0,0,Delay_Req,1,2,0,44,24,0,0,,0,1,0,0,0,0,0,1,1,1,1,0,0,020000fffe00000c,1,162,1,-4,1700000020250020000,37,,,,,,,,32,,0,0,,,,,,1,1,,,,1
1700000020250021000,00fffe00000d,011b19000000,0,0,Delay_Req,1,2,0,44,24,0,0,,0,1,0,0,0,0,0,1,1,1,1,0,0,020000fffe00000d,1,162,1,-4,1700000020250021000,37,,,,,,,,32,,0,0,,,,,,1,1,,,,1
1700000020250022000,00fffe00000e,011b19000000,0,0,Delay_Req,1,2,0,44,24,0,0,,0,1,0,0,0,0,0,1,1,1,1,0,0,020000fffe00000e,1,162,1,-4,1700000020250022000,37,,,,,,,,32,,0,0,,,,,,1,1,,,,1
1700000020250050000,00fffe00000a,011b19000000,0,0,Follow_Up,8,2,0,44,24,0,0,,0,1,0,0,0,0,0,1,1,1,1,0,0,020000fffe00000a,1,324,2,-4,1700000020250050000,37,,,,,,,,32,,0,0,,,,,,1,1,,1,,
1700000020250050000,00fffe000001,011b19000000,0,0,Delay_Resp,9,2,0,54,24,0,0,,0,1,0,0,0,0,0,1,1,1,1,0,0,020000fffe000001,2,162,3,0,,37,,,,,,,,32,,0,0,020000fffe00000c,1,,,,1,1,,,,1
1700000020250051000,00fffe000001,011b19000000,0,0,Delay_Resp,9,2,0,54,24,0,0,,0,1,0,0,0,0,0,1,1,1,1,0,0,020000fffe000001,2,162,3,0,,37,,,,,,,,32,,0,0,020000fffe00000d,1,,,,1,1,,,,1
1700000020250052000,00fffe000001,011b19000000,0,0,Delay_Resp,9,2,0,54,24,0,0,,0,1,0,0,0,0,0,1,1,1,1,0,0,020000fffe000001,2,162,3,0,,37,,,,,,,,32,,0,0,020000fffe00000e,1,,,,1,1,,,,1
1700000020312500000,00fffe00000a,011b19000000,0,0,Sync,0,2,0,44,24,0,0,,0,1,0,0,0,0,0,1,1,1,1,0,0,020000fffe00000a,1,325,0,-4,1700000020312500000,37,,,,,,,,32,,0,0,,,,,,1,1,,1,,
1700000020312550000,00fffe00000a,011b19000000,0,0,Follow_Up,8,2,0,44,24,0,0,,0,1,0,0,0,0,0,1,1,1,1,0,0,020000fffe00000a,1,325,2,-4,1700000020312550000,37,,,,,,,,32,,0,0,,,,,,1,1,,1,,
1700000020375000000,00fffe00000a,011b19000000,0,0,Announce,11,2,0,64,24,0,0,,0,1,0,0,0,1,0,0,1,0,1,0,0,020000fffe00000a,1,163,5,-3,,0,128,6,33,20061,128,020000fffe00000a,0,32,,0,0,,,1,0,1,1,1,1,,1,
1700000020375000000,00fffe00000a,011b19000000,0,0,Sync,0,2,0,44,24,0,0,,0,1,0,0,0,0,0,1,1,1,1,0,0,020000fffe00000a,1,326,0,-4,1700000020375000000,37,,,,,,,,32,,0,0,,,,,,1,1,,1,,
1700000020375010000,00fffe000001,011b19000000,0,0,Announce,11,2,0,64,24,0,0,,0,1,0,0,0,0,0,1,1,1,1,0,0,020000fffe000001,2,163,5,-3,,37,128,6,33,20061,128,020000fffe00000a,1,32,,0,0,,,1,0,0,1,1,1,,1,
1700000020375020000,00fffe00000c,011b19000000,0,0,Delay_Req,1,2,0,44,24,0,0,,0,1,0,0,0,0,0,1,1,1,1,0,0,020000fffe00000c,1,163,1,-4,1700000020375020000,37,,,,,,,,32,,0,0,,,,,,1,1,,,,1
1700000020375021000,00fffe00000d,011b19000000,0,0,Delay_Req,1,2,0,44,24,0,0,,0,1,0,0,0,0,0,1,1,1,1,0,0,020000fffe00000d,1,163,1,-4,1700000020375021000,37,,,,,,,,32,,0,0,,,,,,1,1,,,,1
1700000020375022000,00fffe00000e,011b19000000,0,0,Delay_Req,1,2,0,44,24,0,0,,0,1,0,0,0,0,0,1,1,1,1,0,0,020000fffe00000e,1,163,1,-4,1700000020375022000,37,,,,,,,,32,,0,0,,,,,,1,1,,,,1
1700000020375050000,00fffe00000a,011b19000000,0,0,Follow_Up,8,2,0,44,24,0,0,,0,1,0,0,0,0,0,1,1,1,1,0,0,020000fffe00000a,1,326,2,-4,1700000020375050000,37,,,,,,,,32,,0,0,,,,,,1,1,,1,,
1700000020375050000,00fffe000001,011b19000000,0,0,Delay_Resp,9,2,0,54,24,0,0,,0,1,0,0,0,0,0,1,1,1,1,0,0,020000fffe000001,2,163,3,0,,37,,,,,,,,32,,0,0,020000fffe00000c,1,,,,1,1,,,,1
1700000020375051000,00fffe000001,011b19000000,0,0,Delay_Resp,9,2,0,54,24,0,0,,0,1,0,0,0,0,0,1,1,1,1,0,0,020000fffe000001,2,163,3,0,,37,,,,,,,,32,,0,0,020000fffe00000d,1,,,,1,1,,,,1
1700000020375052000,00fffe000001,011b19000000,0,0,Delay_Resp,9,2,0,54,24,0,0,,0,1,0,0,0,0,0,1,1,1,1,0,0,020000fffe000001,2,163,3,0,,37,,,,,,,,32,,0,0,020000fffe00000e,1,,,,1,1,,,,1
1700000020437500000,00fffe00000a,011b19000000,0,0,Sync,0,2,0,44,24,0,0,,0,1,0,0,0,0,0,1,1,1,1,0,0,020000fffe00000a,1,327,0,-4,1700000020437500000,37,,,,,,,,32,,0,0,,,,,,1,1,,1,,
1700000020437550000,00fffe00000a,011b19000000,0,0,Follow_Up,8,2,0,44,24,0,0,,0,1,0,0,0,0,0,1,1,1,1,0,0,020000fffe00000a,1,327,2,-4,1700000020437550000,37,,,,,,,,32,,0,0,,,,,,1,1,,1,,
1700000020500000000,00fffe00000a,011b19000000,0,0,Announce,11,2,0,64,24,0,0,,0,1,0,0,0,1,0,0,1,0,1,0,0,020000fffe00000a,1,164,5,-3,,0,128,6,33,20061,128,020000fffe00000a,0,32,,0,0,,,1,0,1,1,1,1,,1,
1700000020500000000,00fffe00000a,011b19000000,0,0,Sync,0,2,0,44,24,0,0,,0,1,0,0,0,0,0,1,1,1,1,0,0,020000fffe00000a,1,328,0,-4,1700000020500000000,37,,,,,,,,32,,0,0,,,,,,1,1,,1,,
1700000020500010000,00fffe000001,011b19000000,0,0,Announce,11,2,0,64,24,0,0,,0,1,0,0,0,0,0,1,1,1,1,0,0,020000fffe000001,2,164,5,-3,,37,128,6,33,20061,128,020000fffe00000a,1,32,,0,0,,,1,0,0,1,1,1,,1,
1700000020500020000,00fffe00000c,011b19000000,0,0,Delay_Req,1,2,0,44,24,0,0,,0,1,0,0,0,0,0,1,1,1,1,0,0,020000fffe00000c,1,164,1,-4,1700000020500020000,37,,,,,,,,32,,0,0,,,,,,1,1,,,,1
1700000020500021000,00fffe00000d,011b19000000,0,0,Delay_Req,1,2,0,44,24,0,0,,0,1,0,0,0,0,0,1,1,1,1,0,0,020000fffe00000d,1,164,1,-4,1700000020500021000,37,,,,,,,,32,,0,0,,,,,,1,1,,,,1
1700000020500022000,00fffe00000e,011b19000000,0,0,Delay_Req,1,2,0,44,24,0,0,,0,1,0,0,0,0,0,1,1,1,1,0,0,020000fffe00000e,1,164,1,-4,1700000020500022000,37,,,,,,,,32,,0,0,,,,,,1,1,,,,1
1700000020500050000,00fffe00000a,011b19000000,0,0,Follow_Up,8,2,0,44,24,0,0,,0,1,0,0,0,0,0,1,1,1,1,0,0,020000fffe00000a,1,328,2,-4,1700000020500050000,37,,,,,,,,32,,0,0,,,,,,1,1,,1,,
1700000020500050000,00fffe000001,011b19000000,0,0,Delay_Resp,9,2,0,54,24,0,0,,0,1,0,0,0,0,0,1,1,1,1,0,0,020000fffe000001,2,164,3,0,,37,,,,,,,,32,,0,0,020000fffe00000c,1,,,,1,1,,,,1
1700000020500051000,00fffe000001,011b19000000,0,0,Delay_Resp,9,2,0,54,24,0,0,,0,1,0,0,0,0,0,1,1,1,1,0,0,020000fffe000001,2,164,3,0,,37,,,,,,,,32,,0,0,020000fffe00000d,1,,,,1,1,,,,1
1700000020500052000,00fffe000001,011b19000000,0,0,Delay_Resp,9,2,0,54,24,0,0,,0,1,0,0,0,0,0,1,1,1,1,0,0,020000fffe000001,2,164,3,0,,37,,,,,,,,32,,0,0,020000fffe00000e,1,,,,1,1,,,,1
1700000020562500000,00fffe00000a,011b19000000,0,0,Sync,0,2,0,44,24,0,0,,0,1,0,0,0,0,0,1,1,1,1,0,0,020000fffe00000a,1,329,0,-4,1700000020562500000,37,,,,,,,,32,,0,0,,,,,,1,1,,1,,
1700000020562550000,00fffe00000a,011b19000000,0,0,Follow_Up,8,2,0,44,24,0,0,,0,1,0,0,0,0,0,1,1,1,1,0,0,020000fffe00000a,1,329,2,-4,1700000020562550000,37,,,,,,,,32,,0,0,,,,,,1,1,,1,,
1700000020625000000,00fffe00000a,011b19000000,0,0,Announce,11,2,0,64,24,0,0,,0,1,0,0,0,1,0,0,1,0,1,0,0,020000fffe00000a,1,165,5,-3,,0,128,6,33,20061,128,020000fffe00000a,0,32,,0,0,,,1,0,1,1,1,1,,1,
1700000020625000000,00fffe00000a,011b19000000,0,0,Sync,0,2,0,44,24,0,0,,0,1,0,0,0,0,0,1,1,1,1,0,0,020000fffe00000a,1,330,0,-4,1700000020625000000,37,,,,,,,,32,,0,0,,,,,,1,1,,1,,
1700000020625010000,00fffe000001,011b19000000,0,0,Announce,11,2,0,64,24,0,0,,0,1,0,0,0,0,0,1,1,1,1,0,0,020000fffe000001,2,165,5,-3,,37,128,6,33,20061,128,020000fffe00000a,1,32,,0,0,,,1,0,0,1,1,1,,1,
1700000020625020000,00fffe00000c,011b19000000,0,0,Delay_Req,1,2,0,44,24,0,0,,0,1,0,0,0,0,0,1,1,1,1,0,0,020000fffe00000c,1,165,1,-4,1700000020625020000,37,,,,,,,,32,,0,0,,,,,,1,1,,,,1
1700000020625021000,00fffe00000d,011b19000000,0,0,Delay_Req,1,2,0,44,24,0,0,,0,1,0,0,0,0,0,1,1,1,1,0,0,020000fffe00000d,1,165,1,-4,1700000020625021000,37,,,,,,,,32,,0,0,,,,,,1,1,,,,1
1700000020625022000,00fffe00000e,011b19000000,0,0,Delay_Req,1,2,0,44,24,0,0,,0,1,0,0,0,0,0,1,1,1,1,0,0,020000fffe00000e,1,165,1,-4,1700000020625022000,37,,,,,,,,32,,0,0,,,,,,1,1,,,,1
1700000020625050000,00fffe00000a,011b19000000,0,0,Follow_Up,8,2,0,44,24,0,0,,0,1,0,0,0,0,0,1,1,1,1,0,0,020000fffe00000a,1,330,2,-4,1700000020625050000,37,,,,,,,,32,,0,0,,,,,,1,1,,1,,
1700000020625050000,00fffe000001,011b19000000,0,0,Delay_Resp,9,2,0,54,24,0,0,,0,1,0,0,0,0,0,1,1,1,1,0,0,020000fffe000001,2,165,3,0,,37,,,,,,,,32,,0,0,020000fffe00000c,1,,,,1,1,,,,1
1700000020625051000,00fffe000001,011b19000000,0,0,Delay_Resp,9,2,0,54,24,0,0,,0,1,0,0,0,0,0,1,1,1,1,0,0,020000fffe000001,2,165,3,0,,37,,,,,,,,32,,0,0,020000fffe00000d,1,,,,1,1,,,,1
1700000020625052000,00fffe000001,011b19000000,0,0,Delay_Resp,9,2,0,54,24,0,0,,0,1,0,0,0,0,0,1,1,1,1,0,0,020000fffe000001,2,165,3,0,,37,,,,,,,,32,,0,0,020000fffe00000e,1,,,,1,1,,,,1
1700000020687500000,00fffe00000a,011b19000000,0,0,Sync,0,2,0,44,24,0,0,,0,1,0,0,0,0,0,1,1,1,1,0,0,020000fffe00000a,1,331,0,-4,1700000020687500000,37,,,,,,,,32,,0,0,,,,,,1,1,,1,,
1700000020687550000,00fffe00000a,011b19000000,0,0,Follow_Up,8,2,0,44,24,0,0,,0,1,0,0,0,0,0,1,1,1,1,0,0,020000fffe00000a,1,331,2,-4,1700000020687550000,37,,,,,,,,32,,0,0,,,,,,1,1,,1,,
1700000020750000000,00fffe00000a,011b19000000,0,0,Announce,11,2,0,64,24,0,0,,0,1,0,0,0,1,0,0,1,0,1,0,0,020000fffe00000a,1,166,5,-3,,0,128,6,33,20061,128,020000fffe00000a,0,32,,0,0,,,1,0,1,1,1,1,,1,
1700000020750000000,00fffe00000a,011b19000000,0,0,Sync,0,2,0,44,24,0,0,,0,1,0,0,0,0,0,1,1,1,1,0,0,020000fffe00000a,1,332,0,-4,1700000020750000000,37,,,,,,,,32,,0,0,,,,,,1,1,,1,,
1700000020750010000,00fffe000001,011b19000000,0,0,Announce,11,2,0,64,24,0,0,,0,1,0,0,0,0,0,1,1,1,1,0,0,020000fffe000001,2,166,5,-3,,37,128,6,33,20061,128,020000fffe00000a,1,32,,0,0,,,1,0,0,1,1,1,,1,
1700000020750020000,00fffe00000c,011b19000000,0,0,Delay_Req,1,2,0,44,24,0,0,,0,1,0,0,0,0,0,1,1,1,1,0,0,020000fffe00000c,1,166,1,-4,1700000020750020000,37,,,,,,,,32,,0,0,,,,,,1,1,,,,1
1700000020750021000,00fffe00000d,011b19000000,0,0,Delay_Req,1,2,0,44,24,0,0,,0,1,0,0,0,0,0,1,1,1,1,0,0,020000fffe00000d,1,166,1,-4,1700000020750021000,37,,,,,,,,32,,0,0,,,,,,1,1,,,,1
1700000020750022000,00fffe00000e,011b19000000,0,0,Delay_Req,1,2,0,44,24,0,0,,0,1,0,0,0,0,0,1,1,1,1,0,0,020000fffe00000e,1,166,1,-4,1700000020750022000,37,,,,,,,,32,,0,0,,,,,,1,1,,,,1
1700000020750050000,00fffe00000a,011b19000000,0,0,Follow_Up,8,2,0,44,24,0,0,,0,1,0,0,0,0,0,1,1,1,1,0,0,020000fffe00000a,1,332,2,-4,1700000020750050000,37,,,,,,,,32,,0,0,,,,,,1,1,,1,,
1700000020750050000,00fffe000001,011b19000000,0,0,Delay_Resp,9,2,0,54,24,0,0,,0,1,0,0,0,0,0,1,1,1,1,0,0,020000fffe000001,2,166,3,0,,37,,,,,,,,32,,0,0,020000fffe00000c,1,,,,1,1,,,,1
1700000020750051000,00fffe000001,011b19000000,0,0,Delay_Resp,9,2,0,54,24,0,0,,0,1,0,0,0,0,0,1,1,1,1,0,0,020000fffe000001,2,166,3,0,,37,,,,,,,,32,,0,0,020000fffe00000d,1,,,,1,1,,,,1
1700000020750052000,00fffe000001,011b19000000,0,0,Delay_Resp,9,2,0,54,24,0,0,,0,1,0,0,0,0,0,1,1,1,1,0,0,020000fffe000001,2,166,3,0,,37,,,,,,,,32,,0,0,020000fffe00000e,1,,,,1,1,,,,1
1700000020812500000,00fffe00000a,011b19000000,0,0,Sync,0,2,0,44,24,0,0,,0,1,0,0,0,0,0,1,1,1,1,0,0,020000fffe00000a,1,333,0,-4,1700000020812500000,37,,,,,,,,32,,0,0,,,,,,1,1,,1,,
1700000020812550000,00fffe00000a,011b19000000,0,0,Follow_Up,8,2,0,44,24,0,0,,0,1,0,0,0,0,0,1,1,1,1,0,0,020000fffe00000a,1,333,2,-4,1700000020812550000,37,,,,,,,,32,,0,0,,,,,,1,1,,1,,
1700000020875000000,00fffe00000a,011b19000000,0,0,Announce,11,2,0,64,24,0,0,,0,1,0,0,0,1,0,0,1,0,1,0,0,020000fffe00000a,1,167,5,-3,,0,128,6,33,20061,128,020000fffe00000a,0,32,,0,0,,,1,0,1,1,1,1,,1,
1700000020875000000,00fffe00000a,011b19000000,0,0,Sync,0,2,0,44,24,0,0,,0,1,0,0,0,0,0,1,1,1,1,0,0,020000fffe00000a,1,334,0,-4,1700000020875000000,37,,,,,,,,32,,0,0,,,,,,1,1,,1,,
1700000020875010000,00fffe000001,011b19000000,0,0,Announce,11,2,0,64,24,0,0,,0,1,0,0,0,0,0,1,1,1,1,0,0,020000fffe000001,2,167,5,-3,,37,128,6,33,20061,128,020000fffe00000a,1,32,,0,0,,,1,0,0,1,1,1,,1,
1700000020875020000,00fffe00000c,011b19000000,0,0,Delay_Req,1,2,0,44,24,0,0,,0,1,0,0,0,0,0,1,1,1,1,0,0,020000fffe00000c,1,167,1,-4,1700000020875020000,37,,,,,,,,32,,0,0,,,,,,1,1,,,,1
1700000020875021000,00fffe00000d,011b19000000,0,0,Delay_Req,1,2,0,44,24,0,0,,0,1,0,0,0,0,0,1,1,1,1,0,0,020000fffe00000d,1,167,1,-4,1700000020875021000,37,,,,,,,,32,,0,0,,,,,,1,1,,,,1
1700000020875022000,00fffe00000e,011b19000000,0,0,Delay_Req,1,2,0,44,24,0,0,,0,1,0,0,0,0,0,1,1,1,1,0,0,020000fffe00000e,1,167,1,-4,1700000020875022000,37,,,,,,,,32,,0,0,,,,,,1,1,,,,1
1700000020875050000,00fffe00000a,011b19000000,0,0,Follow_Up,8,2,0,44,24,0,0,,0,1,0,0,0,0,0,1,1,1,1,0,0,020000fffe00000a,1,334,2,-4,1700000020875050000,37,,,,,,,,32,,0,0,,,,,,1,1,,1,,
1700000020875050000,00fffe000001,011b19000000,0,0,Delay_Resp,9,2,0,54,24,0,0,,0,1,0,0,0,0,0,1,1,1,1,0,0,020000fffe000001,2,167,3,0,,37,,,,,,,,32,,0,0,020000fffe00000c,1,,,,1,1,,,,1
1700000020875051000,00fffe000001,011b19000000,0,0,Delay_Resp,9,2,0,54,24,0,0,,0,1,0,0,0,0,0,1,1,1,1,0,0,020000fffe000001,2,167,3,0,,37,,,,,,,,32,,0,0,020000fffe00000d,1,,,,1,1,,,,1
1700000020875052000,00fffe000001,011b19000000,0,0,Delay_Resp,9,2,0,54,24,0,0,,0,1,0,0,0,0,0,1,1,1,1,0,0,020000fffe000001,2,167,3,0,,37,,,,,,,,32,,0,0,020000fffe00000e,1,,,,1,1,,,,1
1700000020937500000,00fffe00000a,011b19000000,0,0,Sync,0,2,0,44,24,0,0,,0,1,0,0,0,0,0,1,1,1,1,0,0,020000fffe00000a,1,335,0,-4,1700000020937500000,37,,,,,,,,32,,0,0,,,,,,1,1,,1,,
1700000020937550000,00fffe00000a,011b19000000,0,0,Follow_Up,8,2,0,44,24,0,0,,0,1,0,0,0,0,0,1,1,1,1,0,0,020000fffe00000a,1,335,2,-4,1700000020937550000,37,,,,,,,,32,,0,0,,,,,,1,1,,1,,
1700000021000000000,00fffe00000a,011b19000000,0,0,Announce,11,2,0,64,24,0,0,,0,1,0,0,0,1,0,0,1,0,1,0,0,020000fffe00000a,1,168,5,-3,,0,128,6,33,20061,128,020000fffe00000a,0,32,,0,0,,,1,0,1,1,1,1,,1,
1700000021000000000,00fffe00000a,011b19000000,0,0,Sync,0,2,0,44,24,0,0,,0,1,0,0,0,0,0,1,1,1,1,0,0,020000fffe00000a,1,336,0,-4,1700000021000000000,37,,,,,,,,32,,0,0,,,,,,1,1,,1,,
1700000021000010000,00fffe000001,011b19000000,0,0,Announce,11,2,0,64,24,0,0,,0,1,0,0,0,0,0,1,1,1,1,0,0,020000fffe000001,2,168,5,-3,,37,128,6,33,20061,128,020000fffe00000a,1,32,,0,0,,,1,0,0,1,1,1,,1,
1700000021000020000,00fffe00000c,011b19000000,0,0,Delay_Req,1,2,0,44,24,0,0,,0,1,0,0,0,0,0,1,1,1,1,0,0,020000fffe00000c,1,168,1,-4,1700000021000020000,37,,,,,,,,32,,0,0,,,,,,1,1,,,,1
1700000021000021000,00fffe00000d,011b19000000,0,0,Delay_Req,1,2,0,44,24,0,0,,0,1,0,0,0,0,0,1,1,1,1,0,0,020000fffe00000d,1,168,1,-4,1700000021000021000,37,,,,,,,,32,,0,0,,,,,,1,1,,,,1
1700000021000022000,00fffe00000e,011b19000000,0,0,Delay_Req,1,2,0,44,24,0,0,,0,1,0,0,0,0,0,1,1,1,1,0,0,020000fffe00000e,1,168,1,-4,1700000021000022000,37,,,,,,,,32,,0,0,,,,,,1,1,,,,1
1700000021000050000,00fffe00000a,011b19000000,0,0,Follow_Up,8,2,0,44,24,0,0,,0,1,0,0,0,0,0,1,1,1,1,0,0,020000fffe00000a,1,336,2,-4,1700000021000050000,37,,,,,,,,32,,0,0,,,,,,1,1,,1,,
1700000021000050000,00fffe000001,011b19000000,0,0,Delay_Resp,9,2,0,54,24,0,0,,0,1,0,0,0,0,0,1,1,1,1,0,0,020000fffe000001,2,168,3,0,,37,,,,,,,,32,,0,0,020000fffe00000c,1,,,,1,1,,,,1
1700000021000051000,00fffe000001,011b19000000,0,0,Delay_Resp,9,2,0,54,24,0,0,,0,1,0,0,0,0,0,1,1,1,1,0,0,020000fffe000001,2,168,3,0,,37,,,,,,,,32,,0,0,020000fffe00000d,1,,,,1,1,,,,1
1700000021000052000,00fffe000001,011b19000000,0,0,Delay_Resp,9,2,0,54,24,0,0,,0,1,0,0,0,0,0,1,1,1,1,0,0,020000fffe000001,2,168,3,0,,37,,,,,,,,32,,0,0,020000fffe00000e,1,,,,1,1,,,,1
1700000021062500000,00fffe00000a,011b19000000,0,0,Sync,0,2,0,44,24,0,0,,0,1,0,0,0,0,0,1,1,1,1,0,0,020000fffe00000a,1,337,0,-4,1700000021062500000,37,,,,,,,,32,,0,0,,,,,,1,1,,1,,
1700000021062550000,00fffe00000a,011b19000000,0,0,Follow_Up,8,2,0,44,24,0,0,,0,1,0,0,0,0,0,1,1,1,1,0,0,020000fffe00000a,1,337,2,-4,1700000021062550000,37,,,,,,,,32,,0,0,,,,,,1,1,,1,,
1700000021125000000,00fffe00000a,011b19000000,0,0,Announce,11,2,0,64,24,0,0,,0,1,0,0,0,1,0,0,1,0,1,0,0,020000fffe00000a,1,169,5,-3,,0,128,6,33,20061,128,020000fffe00000a,0,32,,0,0,,,1,0,1,1,1,1,,1,
1700000021125000000,00fffe00000a,011b19000000,0,0,Sync,0,2,0,44,24,0,0,,0,1,0,0,0,0,0,1,1,1,1,0,0,020000fffe00000a,1,338,0,-4,1700000021125000000,37,,,,,,,,32,,0,0,,,,,,1,1,,1,,
1700000021125010000,00fffe000001,011b19000000,0,0,Announce,11,2,0,64,24,0,0,,0,1,0,0,0,0,0,1,1,1,1,0,0,020000fffe000001,2,169,5,-3,,37,128,6,33,20061,128,020000fffe00000a,1,32,,0,0,,,1,0,0,1,1,1,,1,
1700000021125020000,00fffe00000c,011b19000000,0,0,Delay_Req,1,2,0,44,24,0,0,,0,1,0,0,0,0,0,1,1,1,1,0,0,020000fffe00000c,1,169,1,-4,1700000021125020000,37,,,,,,,,32,,0,0,,,,,,1,1,,,,1
1700000021125021000,00fffe00000d,011b19000000,0,0,Delay_Req,1,2,0,44,24,0,0,,0,1,0,0,0,0,0,1,1,1,1,0,0,020000fffe00000d,1,169,1,-4,1700000021125021000,37,,,,,,,,32,,0,0,,,,,,1,1,,,,1
1700000021125022000,00fffe00000e,011b19000000,0,0,Delay_Req,1,2,0,44,24,0,0,,0,1,0,0,0,0,0,1,1,1,1,0,0,020000fffe00000e,1,169,1,-4,1700000021125022000,37,,,,,,,,32,,0,0,,,,,,1,1,,,,1
1700000021125050000,00fffe00000a,011b19000000,0,0,Follow_Up,8,2,0,44,24,0,0,,0,1,0,0,0,0,0,1,1,1,1,0,0,020000fffe00000a,1,338,2,-4,1700000021125050000,37,,,,,,,,32,,0,0,,,,,,1,1,,1,,
1700000021125050000,00fffe000001,011b19000000,0,0,Delay_Resp,9,2,0,54,24,0,0,,0,1,0,0,0,0,0,1,1,1,1,0,0,020000fffe000001,2,169,3,0,,37,,,,,,,,32,,0,0,020000fffe00000c,1,,,,1,1,,,,1
1700000021125051000,00fffe000001,011b19000000,0,0,Delay_Resp,9,2,0,54,24,0,0,,0,1,0,0,0,0,0,1,1,1,1,0,0,020000fffe000001,2,169,3,0,,37,,,,,,,,32,,0,0,020000fffe00000d,1,,,,1,1,,,,1
1700000021125052000,00fffe000001,011b19000000,0,0,Delay_Resp,9,2,0,54,24,0,0,,0,1,0,0,0,0,0,1,1,1,1,0,0,020000fffe000001,2,169,3,0,,37,,,,,,,,32,,0,0,020000fffe00000e,1,,,,1,1,,,,1
1700000021187500000,00fffe00000a,011b19000000,0,0,Sync,0,2,0,44,24,0,0,,0,1,0,0,0,0,0,1,1,1,1,0,0,020000fffe00000a,1,339,0,-4,1700000021187500000,37,,,,,,,,32,,0,0,,,,,,1,1,,1,,
1700000021187550000,00fffe00000a,011b19000000,0,0,Follow_Up,8,2,0,44,24,0,0,,0,1,0,0,0,0,0,1,1,1,1,0,0,020000fffe00000a,1,339,2,-4,1700000021187550000,37,,,,,,,,32,,0,0,,,,,,1,1,,1,,
1700000021250000000,00fffe00000a,011b19000000,0,0,Announce,11,2,0,64,24,0,0,,0,1,0,0,0,1,0,0,1,0,1,0,0,020000fffe00000a,1,170,5,-3,,0,128,6,33,20061,128,020000fffe00000a,0,32,,0,0,,,1,0,1,1,1,1,,1,
1700000021250000000,00fffe00000a,011b19000000,0,0,Sync,0,2,0,44,24,0,0,,0,1,0,0,0,0,0,1,1,1,1,0,0,020000fffe00000a,1,340,0,-4,1700000021250000000,37,,,,,,,,32,,0,0,,,,,,1,1,,1,,
1700000021250010000,00fffe000001,011b19000000,0,0,Announce,11,2,0,64,24,0,0,,0,1,0,0,0,0,0,1,1,1,1,0,0,020000fffe000001,2,170,5,-3,,37,128,6,33,20061,128,020000fffe00000a,1,32,,0,0,,,1,0,0,1,1,1,,1,
1700000021250020000,00fffe00000c,011b19000000,0,0,Delay_Req,1,2,0,44,24,0,0,,0,1,0,0,0,0,0,1,1,1,1,0,0,020000fffe00000c,1,170,1,-4,1700000021250020000,37,,,,,,,,32,,0,0,,,,,,1,1,,,,1
1700000021250021000,00fffe00000d,011b19000000,0,0,Delay_Req,1,2,0,44,24,0,0,,0,1,0,0,0,0,0,1,1,1,1,0,0,020000fffe00000d,1,170,1,-4,1700000021250021000,37,,,,,,,,32,,0,0,,,,,,1,1,,,,1
1700000021250022000,00fffe00000e,011b19000000,0,0,Delay_Req,1,2,0,44,24,0,0,,0,1,0,0,0,0,0,1,1,1,1,0,0,020000fffe00000e,1,170,1,-4,1700000021250022000,37,,,,,,,,32,,0,0,,,,,,1,1,,,,1
1700000021250050000,00fffe00000a,011b19000000,0,0,Follow_Up,8,2,0,44,24,0,0,,0,1,0,0,0,0,0,1,1,1,1,0,0,020000fffe00000a,1,340,2,-4,1700000021250050000,37,,,,,,,,32,,0,0,,,,,,1,1,,1,,
1700000021250050000,00fffe000001,011b19000000,0,0,Delay_Resp,9,2,0,54,24,0,0,,0,1,0,0,0,0,0,1,1,1,1,0,0,020000fffe000001,2,170,3,0,,37,,,,,,,,32,,0,0,020000fffe00000c,1,,,,1,1,,,,1
1700000021250051000,00fffe000001,011b19000000,0,0,Delay_Resp,9,2,0,54,24,0,0,,0,1,0,0,0,0,0,1,1,1,1,0,0,020000fffe000001,2,170,3,0,,37,,,,,,,,32,,0,0,020000fffe00000d,1,,,,1,1,,,,1
1700000021250052000,00fffe000001,011b19000000,0,0,Delay_Resp,9,2,0,54,24,0,0,,0,1,0,0,0,0,0,1,1,1,1,0,0,020000fffe000001,2,170,3,0,,37,,,,,,,,32,,0,0,020000fffe00000e,1,,,,1,1,,,,1
1700000021312500000,00fffe00000a,011b19000000,0,0,Sync,0,2,0,44,24,0,0,,0,1,0,0,0,0,0,1,1,1,1,0,0,020000fffe00000a,1,341,0,-4,1700000021312500000,37,,,,,,,,32,,0,0,,,,,,1,1,,1,,
1700000021312550000,00fffe00000a,011b19000000,0,0,Follow_Up,8,2,0,44,24,0,0,,0,1,0,0,0,0,0,1,1,1,1,0,0,020000fffe00000a,1,341,2,-4,1700000021312550000,37,,,,,,,,32,,0,0,,,,,,1,1,,1,,
1700000021375000000,00fffe00000a,011b19000000,0,0,Announce,11,2,0,64,24,0,0,,0,1,0,0,0,1,0,0,1,0,1,0,0,020000fffe00000a,1,171,5,-3,,0,128,6,33,20061,128,020000fffe00000a,0,32,,0,0,,,1,0,1,1,1,1,,1,
1700000021375000000,00fffe00000a,011b19000000,0,0,Sync,0,2,0,44,24,0,0,,0,1,0,0,0,0,0,1,1,1,1,0,0,020000fffe00000a,1,342,0,-4,1700000021375000000,37,,,,,,,,32,,0,0,,,,,,1,1,,1,,
1700000021375010000,00fffe000001,011b19000000,0,0,Announce,11,2,0,64,24,0,0,,0,1,0,0,0,0,0,1,1,1,1,0,0,020000fffe000001,2,171,5,-3,,37,128,6,33,20061,128,020000fffe00000a,1,32,,0,0,,,1,0,0,1,1,1,,1,
1700000021375020000,00fffe00000c,011b19000000,0,0,Delay_Req,1,2,0,44,24,0,0,,0,1,0,0,0,0,0,1,1,1,1,0,0,020000fffe00000c,1,171,1,-4,1700000021375020000,37,,,,,,,,32,,0,0,,,,,,1,1,,,,1
1700000021375021000,00fffe00000d,011b19000000,0,0,Delay_Req,1,2,0,44,24,0,0,,0,1,0,0,0,0,0,1,1,1,1,0,0,020000fffe00000d,1,171,1,-4,1700000021375021000,37,,,,,,,,32,,0,0,,,,,,1,1,,,,1
1700000021375022000,00fffe00000e,011b19000000,0,0,Delay_Req,1,2,0,44,24,0,0,,0,1,0,0,0,0,0,1,1,1,1,0,0,020000fffe00000e,1,171,1,-4,1700000021375022000,37,,,,,,,,32,,0,0,,,,,,1,1,,,,1
1700000021375050000,00fffe00000a,011b19000000,0,0,Follow_Up,8,2,0,44,24,0,0,,0,1,0,0,0,0,0,1,1,1,1,0,0,020000fffe00000a,1,342,2,-4,1700000021375050000,37,,,,,,,,32,,0,0,,,,,,1,1,,1,,
1700000021375050000,00fffe000001,011b19000000,0,0,Delay_Resp,9,2,0,54,24,0,0,,0,1,0,0,0,0,0,1,1,1,1,0,0,020000fffe000001,2,171,3,0,,37,,,,,,,,32,,0,0,020000fffe00000c,1,,,,1,1,,,,1
1700000021375051000,00fffe000001,011b19000000,0,0,Delay_Resp,9,2,0,54,24,0,0,,0,1,0,0,0,0,0,1,1,1,1,0,0,020000fffe000001,2,171,3,0,,37,,,,,,,,32,,0,0,020000fffe00000d,1,,,,1,1,,,,1
1700000021375052000,00fffe000001,011b19000000,0,0,Delay_Resp,9,2,0,54,24,0,0,,0,1,0,0,0,0,0,1,1,1,1,0,0,020000fffe000001,2,171,3,0,,37,,,,,,,,32,,0,0,020000fffe00000e,1,,,,1,1,,,,1
1700000021437500000,00fffe00000a,011b19000000,0,0,Sync,0,2,0,44,24,0,0,,0,1,0,0,0,0,0,1,1,1,1,0,0,020000fffe00000a,1,343,0,-4,1700000021437500000,37,,,,,,,,32,,0,0,,,,,,1,1,,1,,
1700000021437550000,00fffe00000a,011b19000000,0,0,Follow_Up,8,2,0,44,24,0,0,,0,1,0,0,0,0,0,1,1,1,1,0,0,020000fffe00000a,1,343,2,-4,1700000021437550000,37,,,,,,,,32,,0,0,,,,,,1,1,,1,,
1700000021500000000,00fffe00000a,011b19000000,0,0,Announce,11,2,0,64,24,0,0,,0,1,0,0,0,1,0,0,1,0,1,0,0,020000fffe00000a,1,172,5,-3,,0,128,6,33,20061,128,020000fffe00000a,0,32,,0,0,,,1,0,1,1,1,1,,1,
1700000021500000000,00fffe00000a,011b19000000,0,0,Sync,0,2,0,44,24,0,0,,0,1,0,0,0,0,0,1,1,1,1,0,0,020000fffe00000a,1,344,0,-4,1700000021500000000,37,,,,,,,,32,,0,0,,,,,,1,1,,1,,
1700000021500010000,00fffe000001,011b19000000,0,0,Announce,11,2,0,64,24,0,0,,0,1,0,0,0,0,0,1,1,1,1,0,0,020000fffe000001,2,172,5,-3,,37,128,6,33,20061,128,020000fffe00000a,1,32,,0,0,,,1,0,0,1,1,1,,1,
1700000021500020000,00fffe00000c,011b19000000,0,0,Delay_Req,1,2,0,44,24,0,0,,0,1,0,0,0,0,0,1,1,1,1,0,0,020000fffe00000c,1,172,1,-4,1700000021500020000,37,,,,,,,,32,,0,0,,,,,,1,1,,,,1
1700000021500021000,00fffe00000d,011b19000000,0,0,Delay_Req,1,2,0,44,24,0,0,,0,1,0,0,0,0,0,1,1,1,1,0,0,020000fffe00000d,1,172,1,-4,1700000021500021000,37,,,,,,,,32,,0,0,,,,,,1,1,,,,1
1700000021500022000,00fffe00000e,011b19000000,0,0,Delay_Req,1,2,0,44,24,0,0,,0,1,0,0,0,0,0,1,1,1,1,0,0,020000fffe00000e,1,172,1,-4,1700000021500022000,37,,,,,,,,32,,0,0,,,,,,1,1,,,,1
1700000021500050000,00fffe00000a,011b19000000,0,0,Follow_Up,8,2,0,44,24,0,0,,0,1,0,0,0,0,0,1,1,1,1,0,0,020000fffe00000a,1,344,2,-4,1700000021500050000,37,,,,,,,,32,,0,0,,,,,,1,1,,1,,
1700000021500050000,00fffe000001,011b19000000,0,0,Delay_Resp,9,2,0,54,24,0,0,,0,1,0,0,0,0,0,1,1,1,1,0,0,020000fffe000001,2,172,3,0,,37,,,,,,,,32,,0,0,020000fffe00000c,1,,,,1,1,,,,1
1700000021500051000,00fffe000001,011b19000000,0,0,Delay_Resp,9,2,0,54,24,0,0,,0,1,0,0,0,0,0,1,1,1,1,0,0,020000fffe000001,2,172,3,0,,37,,,,,,,,32,,0,0,020000fffe00000d,1,,,,1,1,,,,1
1700000021500052000,00fffe000001,011b19000000,0,0,Delay_Resp,9,2,0,54,24,0,0,,0,1,0,0,0,0,0,1,1,1,1,0,0,020000fffe000001,2,172,3,0,,37,,,,,,,,32,,0,0,020000fffe00000e,1,,,,1,1,,,,1
1700000021562500000,00fffe00000a,011b19000000,0,0,Sync,0,2,0,44,24,0,0,,0,1,0,0,0,0,0,1,1,1,1,0,0,020000fffe00000a,1,345,0,-4,1700000021562500000,37,,,,,,,,32,,0,0,,,,,,1,1,,1,,
1700000021562550000,00fffe00000a,011b19000000,0,0,Follow_Up,8,2,0,44,24,0,0,,0,1,0,0,0,0,0,1,1,1,1,0,0,020000fffe00000a,1,345,2,-4,1700000021562550000,37,,,,,,,,32,,0,0,,,,,,1,1,,1,,
1700000021625000000,00fffe00000a,011b19000000,0,0,Announce,11,2,0,64,24,0,0,,0,1,0,0,0,1,0,0,1,0,1,0,0,020000fffe00000a,1,173,5,-3,,0,128,6,33,20061,128,020000fffe00000a,0,32,,0,0,,,1,0,1,1,1,1,,1,
1700000021625000000,00fffe00000a,011b19000000,0,0,Sync,0,2,0,44,24,0,0,,0,1,0,0,0,0,0,1,1,1,1,0,0,020000fffe00000a,1,346,0,-4,1700000021625000000,37,,,,,,,,32,,0,0,,,,,,1,1,,1,,
1700000021625010000,00fffe000001,011b19000000,0,0,Announce,11,2,0,64,24,0,0,,0,1,0,0,0,0,0,1,1,1,1,0,0,020000fffe000001,2,173,5,-3,,37,128,6,33,20061,128,020000fffe00000a,1,32,,0,0,,,1,0,0,1,1,1,,1,
1700000021625020000,00fffe00000c,011b19000000,0,0,Delay_Req,1,2,0,44,24,0,0,,0,1,0,0,0,0,0,1,1,1,1,0,0,020000fffe00000c,1,173,1,-4,1700000021625020000,37,,,,,,,,32,,0,0,,,,,,1,1,,,,1
1700000021625021000,00fffe00000d,011b19000000,0,0,Delay_Req,1,2,0,44,24,0,0,,0,1,0,0,0,0,0,1,1,1,1,0,0,020000fffe00000d,1,173,1,-4,1700000021625021000,37,,,,,,,,32,,0,0,,,,,,1,1,,,,1
1700000021625022000,00fffe00000e,011b19000000,0,0,Delay_Req,1,2,0,44,24,0,0,,0,1,0,0,0,0,0,1,1,1,1,0,0,020000fffe00000e,1,173,1,-4,1700000021625022000,37,,,,,,,,32,,0,0,,,,,,1,1,,,,1
1700000021625050000,00fffe00000a,011b19000000,0,0,Follow_Up,8,2,0,44,24,0,0,,0,1,0,0,0,0,0,1,1,1,1,0,0,020000fffe00000a,1,346,2,-4,1700000021625050000,37,,,,,,,,32,,0,0,,,,,,1,1,,1,,
1700000021625050000,00fffe000001,011b19000000,0,0,Delay_Resp,9,2,0,54,24,0,0,,0,1,0,0,0,0,0,1,1,1,1,0,0,020000fffe000001,2,173,3,0,,37,,,,,,,,32,,0,0,020000fffe00000c,1,,,,1,1,,,,1
1700000021625051000,00fffe000001,011b19000000,0,0,Delay_Resp,9,2,0,54,24,0,0,,0,1,0,0,0,0,0,1,1,1,1,0,0,020000fffe000001,2,173,3,0,,37,,,,,,,,32,,0,0,020000fffe00000d,1,,,,1,1,,,,1
1700000021625052000,00fffe000001,011b19000000,0,0,Delay_Resp,9,2,0,54,24,0,0,,0,1,0,0,0,0,0,1,1,1,1,0,0,020000fffe000001,2,173,3,0,,37,,,,,,,,32,,0,0,020000fffe00000e,1,,,,1,1,,,,1
1700000021687500000,00fffe00000a,011b19000000,0,0,Sync,0,2,0,44,24,0,0,,0,1,0,0,0,0,0,1,1,1,1,0,0,020000fffe00000a,1,347,0,-4,1700000021687500000,37,,,,,,,,32,,0,0,,,,,,1,1,,1,,
1700000021687550000,00fffe00000a,011b19000000,0,0,Follow_Up,8,2,0,44,24,0,0,,0,1,0,0,0,0,0,1,1,1,1,0,0,020000fffe00000a,1,347,2,-4,1700000021687550000,37,,,,,,,,32,,0,0,,,,,,1,1,,1,,
1700000021750000000,00fffe00000a,011b19000000,0,0,Announce,11,2,0,64,24,0,0,,0,1,0,0,0,1,0,0,1,0,1,0,0,020000fffe00000a,1,174,5,-3,,0,128,6,33,20061,128,020000fffe00000a,0,32,,0,0,,,1,0,1,1,1,1,,1,
1700000021750000000,00fffe00000a,011b19000000,0,0,Sync,0,2,0,44,24,0,0,,0,1,0,0,0,0,0,1,1,1,1,0,0,020000fffe00000a,1,348,0,-4,1700000021750000000,37,,,,,,,,32,,0,0,,,,,,1,1,,1,,
1700000021750010000,00fffe000001,011b19000000,0,0,Announce,11,2,0,64,24,0,0,,0,1,0,0,0,0,0,1,1,1,1,0,0,020000fffe000001,2,174,5,-3,,37,128,6,33,20061,128,020000fffe00000a,1,32,,0,0,,,1,0,0,1,1,1,,1,
1700000021750020000,00fffe00000c,011b19000000,0,0,Delay_Req,1,2,0,44,24,0,0,,0,1,0,0,0,0,0,1,1,1,1,0,0,020000fffe00000c,1,174,1,-4,1700000021750020000,37,,,,,,,,32,,0,0,,,,,,1,1,,,,1
1700000021750021000,00fffe00000d,011b19000000,0,0,Delay_Req,1,2,0,44,24,0,0,,0,1,0,0,0,0,0,1,1,1,1,0,0,020000fffe00000d,1,174,1,-4,1700000021750021000,37,,,,,,,,32,,0,0,,,,,,1,1,,,,1
1700000021750022000,00fffe00000e,011b19000000,0,0,Delay_Req,1,2,0,44,24,0,0,,0,1,0,0,0,0,0,1,1,1,1,0,0,020000fffe00000e,1,174,1,-4,1700000021750022000,37,,,,,,,,32,,0,0,,,,,,1,1,,,,1
1700000021750050000,00fffe00000a,011b19000000,0,0,Follow_Up,8,2,0,44,24,0,0,,0,1,0,0,0,0,0,1,1,1,1,0,0,020000fffe00000a,1,348,2,-4,1700000021750050000,37,,,,,,,,32,,0,0,,,,,,1,1,,1,,
1700000021750050000,00fffe000001,011b19000000,0,0,Delay_Resp,9,2,0,54,24,0,0,,0,1,0,0,0,0,0,1,1,1,1,0,0,020000fffe000001,2,174,3,0,,37,,,,,,,,32,,0,0,020000fffe00000c,1,,,,1,1,,,,1
1700000021750051000,00fffe000001,011b19000000,0,0,Delay_Resp,9,2,0,54,24,0,0,,0,1,0,0,0,0,0,1,1,1,1,0,0,020000fffe000001,2,174,3,0,,37,,,,,,,,32,,0,0,020000fffe00000d,1,,,,1,1,,,,1
1700000021750052000,00fffe000001,011b19000000,0,0,Delay_Resp,9,2,0,54,24,0,0,,0,1,0,0,0,0,0,1,1,1,1,0,0,020000fffe000001,2,174,3,0,,37,,,,,,,,32,,0,0,020000fffe00000e,1,,,,1,1,,,,1
1700000021812500000,00fffe00000a,011b19000000,0,0,Sync,0,2,0,44,24,0,0,,0,1,0,0,0,0,0,1,1,1,1,0,0,020000fffe00000a,1,349,0,-4,1700000021812500000,37,,,,,,,,32,,0,0,,,,,,1,1,,1,,
1700000021812550000,00fffe00000a,011b19000000,0,0,Follow_Up,8,2,0,44,24,0,0,,0,1,0,0,0,0,0,1,1,1,1,0,0,020000fffe00000a,1,349,2,-4,1700000021812550000,37,,,,,,,,32,,0,0,,,,,,1,1,,1,,
1700000021875000000,00fffe00000a,011b19000000,0,0,Announce,11,2,0,64,24,0,0,,0,1,0,0,0,1,0,0,1,0,1,0,0,020000fffe00000a,1,175,5,-3,,0,128,6,33,20061,128,020000fffe00000a,0,32,,0,0,,,1,0,1,1,1,1,,1,
1700000021875000000,00fffe00000a,011b19000000,0,0,Sync,0,2,0,44,24,0,0,,0,1,0,0,0,0,0,1,1,1,1,0,0,020000fffe00000a,1,350,0,-4,1700000021875000000,37,,,,,,,,32,,0,0,,,,,,1,1,,1,,
1700000021875010000,00fffe000001,011b19000000,0,0,Announce,11,2,0,64,24,0,0,,0,1,0,0,0,0,0,1,1,1,1,0,0,020000fffe000001,2,175,5,-3,,37,128,6,33,20061,128,020000fffe00000a,1,32,,0,0,,,1,0,0,1,1,1,,1,
1700000021875020000,00fffe00000c,011b19000000,0,0,Delay_Req,1,2,0,44,24,0,0,,0,1,0,0,0,0,0,1,1,1,1,0,0,020000fffe00000c,1,175,1,-4,1700000021875020000,37,,,,,,,,32,,0,0,,,,,,1,1,,,,1
1700000021875021000,00fffe00000d,011b19000000,0,0,Delay_Req,1,2,0,44,24,0,0,,0,1,0,0,0,0,0,1,1,1,1,0,0,020000fffe00000d,1,175,1,-4,1700000021875021000,37,,,,,,,,32,,0,0,,,,,,1,1,,,,1
1700000021875022000,00fffe00000e,011b19000000,0,0,Delay_Req,1,2,0,44,24,0,0,,0,1,0,0,0,0,0,1,1,1,1,0,0,020000fffe00000e,1,175,1,-4,1700000021875022000,37,,,,,,,,32,,0,0,,,,,,1,1,,,,1
1700000021875050000,00fffe00000a,011b19000000,0,0,Follow_Up,8,2,0,44,24,0,0,,0,1,0,0,0,0,0,1,1,1,1,0,0,020000fffe00000a,1,350,2,-4,1700000021875050000,37,,,,,,,,32,,0,0,,,,,,1,1,,1,,
1700000021875050000,00fffe000001,011b19000000,0,0,Delay_Resp,9,2,0,54,24,0,0,,0,1,0,0,0,0,0,1,1,1,1,0,0,020000fffe000001,2,175,3,0,,37,,,,,,,,32,,0,0,020000fffe00000c,1,,,,1,1,,,,1
1700000021875051000,00fffe000001,011b19000000,0,0,Delay_Resp,9,2,0,54,24,0,0,,0,1,0,0,0,0,0,1,1,1,1,0,0,020000fffe000001,2,175,3,0,,37,,,,,,,,32,,0,0,020000fffe00000d,1,,,,1,1,,,,1
1700000021875052000,00fffe000001,011b19000000,0,0,Delay_Resp,9,2,0,54,24,0,0,,0,1,0,0,0,0,0,1,1,1,1,0,0,020000fffe000001,2,175,3,0,,37,,,,,,,,32,,0,0,020000fffe00000e,1,,,,1,1,,,,1
1700000021937500000,00fffe00000a,011b19000000,0,0,Sync,0,2,0,44,24,0,0,,0,1,0,0,0,0,0,1,1,1,1,0,0,020000fffe00000a,1,351,0,-4,1700000021937500000,37,,,,,,,,32,,0,0,,,,,,1,1,,1,,
1700000021937550000,00fffe00000a,011b19000000,0,0,Follow_Up,8,2,0,44,24,0,0,,0,1,0,0,0,0,0,1,1,1,1,0,0,020000fffe00000a,1,351,2,-4,1700000021937550000,37,,,,,,,,32,,0,0,,,,,,1,1,,1,,
1700000022000000000,00fffe00000a,011b19000000,0,0,Announce,11,2,0,64,24,0,0,,0,1,0,0,0,1,0,0,1,0,1,0,0,020000fffe00000a,1,176,5,-3,,0,128,6,33,20061,128,020000fffe00000a,0,32,,0,0,,,1,0,1,1,1,1,,1,
1700000022000000000,00fffe00000a,011b19000000,0,0,Sync,0,2,0,44,24,0,0,,0,1,0,0,0,0,0,1,1,1,1,0,0,020000fffe00000a,1,352,0,-4,1700000022000000000,37,,,,,,,,32,,0,0,,,,,,1,1,,1,,
1700000022000010000,00fffe000001,011b19000000,0,0,Announce,11,2,0,64,24,0,0,,0,1,0,0,0,0,0,1,1,1,1,0,0,020000fffe000001,2,176,5,-3,,37,128,6,33,20061,128,020000fffe00000a,1,32,,0,0,,,1,0,0,1,1,1,,1,
1700000022000020000,00fffe00000c,011b19000000,0,0,Delay_Req,1,2,0,44,24,0,0,,0,1,0,0,0,0,0,1,1,1,1,0,0,020000fffe00000c,1,176,1,-4,1700000022000020000,37,,,,,,,,32,,0,0,,,,,,1,1,,,,1
1700000022000021000,00fffe00000d,011b19000000,0,0,Delay_Req,1,2,0,44,24,0,0,,0,1,0,0,0,0,0,1,1,1,1,0,0,020000fffe00000d,1,176,1,-4,1700000022000021000,37,,,,,,,,32,,0,0,,,,,,1,1,,,,1
1700000022000022000,00fffe00000e,011b19000000,0,0,Delay_Req,1,2,0,44,24,0,0,,0,1,0,0,0,0,0,1,1,1,1,0,0,020000fffe00000e,1,176,1,-4,1700000022000022000,37,,,,,,,,32,,0,0,,,,,,1,1,,,,1
1700000022000050000,00fffe00000a,011b19000000,0,0,Follow_Up,8,2,0,44,24,0,0,,0,1,0,0,0,0,0,1,1,1,1,0,0,020000fffe00000a,1,352,2,-4,1700000022000050000,37,,,,,,,,32,,0,0,,,,,,1,1,,1,,
1700000022000050000,00fffe000001,011b19000000,0,0,Delay_Resp,9,2,0,54,24,0,0,,0,1,0,0,0,0,0,1,1,1,1,0,0,020000fffe000001,2,176,3,0,,37,,,,,,,,32,,0,0,020000fffe00000c,1,,,,1,1,,,,1
1700000022000051000,00fffe000001,011b19000000,0,0,Delay_Resp,9,2,0,54,24,0,0,,0,1,0,0,0,0,0,1,1,1,1,0,0,020000fffe000001,2,176,3,0,,37,,,,,,,,32,,0,0,020000fffe00000d,1,,,,1,1,,,,1
1700000022000052000,00fffe000001,011b19000000,0,0,Delay_Resp,9,2,0,54,24,0,0,,0,1,0,0,0,0,0,1,1,1,1,0,0,020000fffe000001,2,176,3,0,,37,,,,,,,,32,,0,0,020000fffe00000e,1,,,,1,1,,,,1
1700000022062500000,00fffe00000a,011b19000000,0,0,Sync,0,2,0,44,24,0,0,,0,1,0,0,0,0,0,1,1,1,1,0,0,020000fffe00000a,1,353,0,-4,1700000022062500000,37,,,,,,,,32,,0,0,,,,,,1,1,,1,,
1700000022062550000,00fffe00000a,011b19000000,0,0,Follow_Up,8,2,0,44,24,0,0,,0,1,0,0,0,0,0,1,1,1,1,0,0,020000fffe00000a,1,353,2,-4,1700000022062550000,37,,,,,,,,32,,0,0,,,,,,1,1,,1,,
1700000022125000000,00fffe00000a,011b19000000,0,0,Announce,11,2,0,64,24,0,0,,0,1,0,0,0,1,0,0,1,0,1,0,0,020000fffe00000a,1,177,5,-3,,0,128,6,33,20061,128,020000fffe00000a,0,32,,0,0,,,1,0,1,1,1,1,,1,
1700000022125000000,00fffe00000a,011b19000000,0,0,Sync,0,2,0,44,24,0,0,,0,1,0,0,0,0,0,1,1,1,1,0,0,020000fffe00000a,1,354,0,-4,1700000022125000000,37,,,,,,,,32,,0,0,,,,,,1,1,,1,,
1700000022125010000,00fffe000001,011b19000000,0,0,Announce,11,2,0,64,24,0,0,,0,1,0,0,0,0,0,1,1,1,1,0,0,020000fffe000001,2,177,5,-3,,37,128,6,33,20061,128,020000fffe00000a,1,32,,0,0,,,1,0,0,1,1,1,,1,
1700000022125020000,00fffe00000c,011b19000000,0,0,Delay_Req,1,2,0,44,24,0,0,,0,1,0,0,0,0,0,1,1,1,1,0,0,020000fffe00000c,1,177,1,-4,1700000022125020000,37,,,,,,,,32,,0,0,,,,,,1,1,,,,1
1700000022125021000,00fffe00000d,011b19000000,0,0,Delay_Req,1,2,0,44,24,0,0,,0,1,0,0,0,0,0,1,1,1,1,0,0,020000fffe00000d,1,177,1,-4,1700000022125021000,37,,,,,,,,32,,0,0,,,,,,1,1,,,,1
1700000022125022000,00fffe00000e,011b19000000,0,0,Delay_Req,1,2,0,44,24,0,0,,0,1,0,0,0,0,0,1,1,1,1,0,0,020000fffe00000e,1,177,1,-4,1700000022125022000,37,,,,,,,,32,,0,0,,,,,,1,1,,,,1
1700000022125050000,00fffe00000a,011b19000000,0,0,Follow_Up,8,2,0,44,24,0,0,,0,1,0,0,0,0,0,1,1,1,1,0,0,020000fffe00000a,1,354,2,-4,1700000022125050000,37,,,,,,,,32,,0,0,,,,,,1,1,,1,,
1700000022125050000,00fffe000001,011b19000000,0,0,Delay_Resp,9,2,0,54,24,0,0,,0,1,0,0,0,0,0,1,1,1,1,0,0,020000fffe000001,2,177,3,0,,37,,,,,,,,32,,0,0,020000fffe00000c,1,,,,1,1,,,,1
1700000022125051000,00fffe000001,011b19000000,0,0,Delay_Resp,9,2,0,54,24,0,0,,0,1,0,0,0,0,0,1,1,1,1,0,0,020000fffe000001,2,177,3,0,,37,,,,,,,,32,,0,0,020000fffe00000d,1,,,,1,1,,,,1
1700000022125052000,00fffe000001,011b19000000,0,0,Delay_Resp,9,2,0,54,24,0,0,,0,1,0,0,0,0,0,1,1,1,1,0,0,020000fffe000001,2,177,3,0,,37,,,,,,,,32,,0,0,020000fffe00000e,1,,,,1,1,,,,1
1700000022187500000,00fffe00000a,011b19000000,0,0,Sync,0,2,0,44,24,0,0,,0,1,0,0,0,0,0,1,1,1,1,0,0,020000fffe00000a,1,355,0,-4,1700000022187500000,37,,,,,,,,32,,0,0,,,,,,1,1,,1,,
1700000022187550000,00fffe00000a,011b19000000,0,0,Follow_Up,8,2,0,44,24,0,0,,0,1,0,0,0,0,0,1,1,1,1,0,0,020000fffe00000a,1,355,2,-4,1700000022187550000,37,,,,,,,,32,,0,0,,,,,,1,1,,1,,
1700000022250000000,00fffe00000a,011b19000000,0,0,Announce,11,2,0,64,24,0,0,,0,1,0,0,0,1,0,0,1,0,1,0,0,020000fffe00000a,1,178,5,-3,,0,128,6,33,20061,128,020000fffe00000a,0,32,,0,0,,,1,0,1,1,1,1,,1,
1700000022250000000,00fffe00000a,011b19000000,0,0,Sync,0,2,0,44,24,0,0,,0,1,0,0,0,0,0,1,1,1,1,0,0,020000fffe00000a,1,356,0,-4,1700000022250000000,37,,,,,,,,32,,0,0,,,,,,1,1,,1,,
1700000022250010000,00fffe000001,011b19000000,0,0,Announce,11,2,0,64,24,0,0,,0,1,0,0,0,0,0,1,1,1,1,0,0,020000fffe000001,2,178,5,-3,,37,128,6,33,20061,128,020000fffe00000a,1,32,,0,0,,,1,0,0,1,1,1,,1,
1700000022250020000,00fffe00000c,011b19000000,0,0,Delay_Req,1,2,0,44,24,0,0,,0,1,0,0,0,0,0,1,1,1,1,0,0,020000fffe00000c,1,178,1,-4,1700000022250020000,37,,,,,,,,32,,0,0,,,,,,1,1,,,,1
1700000022250021000,00fffe00000d,011b19000000,0,0,Delay_Req,1,2,0,44,24,0,0,,0,1,0,0,0,0,0,1,1,1,1,0,0,020000fffe00000d,1,178,1,-4,1700000022250021000,37,,,,,,,,32,,0,0,,,,,,1,1,,,,1
1700000022250022000,00fffe00000e,011b19000000,0,0,Delay_Req,1,2,0,44,24,0,0,,0,1,0,0,0,0,0,1,1,1,1,0,0,020000fffe00000e,1,178,1,-4,1700000022250022000,37,,,,,,,,32,,0,0,,,,,,1,1,,,,1
1700000022250050000,00fffe00000a,011b19000000,0,0,Follow_Up,8,2,0,44,24,0,0,,0,1,0,0,0,0,0,1,1,1,1,0,0,020000fffe00000a,1,356,2,-4,1700000022250050000,37,,,,,,,,32,,0,0,,,,,,1,1,,1,,
1700000022250050000,00fffe000001,011b19000000,0,0,Delay_Resp,9,2,0,54,24,0,0,,0,1,0,0,0,0,0,1,1,1,1,0,0,020000fffe000001,2,178,3,0,,37,,,,,,,,32,,0,0,020000fffe00000c,1,,,,1,1,,,,1
1700000022250051000,00fffe000001,011b19000000,0,0,Delay_Resp,9,2,0,54,24,0,0,,0,1,0,0,0,0,0,1,1,1,1,0,0,020000fffe000001,2,178,3,0,,37,,,,,,,,32,,0,0,020000fffe00000d,1,,,,1,1,,,,1
1700000022250052000,00fffe000001,011b19000000,0,0,Delay_Resp,9,2,0,54,24,0,0,,0,1,0,0,0,0,0,1,1,1,1,0,0,020000fffe000001,2,178,3,0,,37,,,,,,,,32,,0,0,020000fffe00000e,1,,,,1,1,,,,1
1700000022312500000,00fffe00000a,011b19000000,0,0,Sync,0,2,0,44,24,0,0,,0,1,0,0,0,0,0,1,1,1,1,0,0,020000fffe00000a,1,357,0,-4,1700000022312500000,37,,,,,,,,32,,0,0,,,,,,1,1,,1,,
1700000022312550000,00fffe00000a,011b19000000,0,0,Follow_Up,8,2,0,44,24,0,0,,0,1,0,0,0,0,0,1,1,1,1,0,0,020000fffe00000a,1,357,2,-4,1700000022312550000,37,,,,,,,,32,,0,0,,,,,,1,1,,1,,
1700000022375000000,00fffe00000a,011b19000000,0,0,Announce,11,2,0,64,24,0,0,,0,1,0,0,0,1,0,0,1,0,1,0,0,020000fffe00000a,1,179,5,-3,,0,128,6,33,20061,128,020000fffe00000a,0,32,,0,0,,,1,0,1,1,1,1,,1,
1700000022375000000,00fffe00000a,011b19000000,0,0,Sync,0,2,0,44,24,0,0,,0,1,0,0,0,0,0,1,1,1,1,0,0,020000fffe00000a,1,358,0,-4,1700000022375000000,37,,,,,,,,32,,0,0,,,,,,1,1,,1,,
1700000022375010000,00fffe000001,011b19000000,0,0,Announce,11,2,0,64,24,0,0,,0,1,0,0,0,0,0,1,1,1,1,0,0,020000fffe000001,2,179,5,-3,,37,128,6,33,20061,128,020000fffe00000a,1,32,,0,0,,,1,0,0,1,1,1,,1,
1700000022375020000,00fffe00000c,011b19000000,0,0,Delay_Req,1,2,0,44,24,0,0,,0,1,0,0,0,0,0,1,1,1,1,0,0,020000fffe00000c,1,179,1,-4,1700000022375020000,37,,,,,,,,32,,0,0,,,,,,1,1,,,,1
1700000022375021000,00fffe00000d,011b19000000,0,0,Delay_Req,1,2,0,44,24,0,0,,0,1,0,0,0,0,0,1,1,1,1,0,0,020000fffe00000d,1,179,1,-4,1700000022375021000,37,,,,,,,,32,,0,0,,,,,,1,1,,,,1
1700000022375022000,00fffe00000e,011b19000000,0,0,Delay_Req,1,2,0,44,24,0,0,,0,1,0,0,0,0,0,1,1,1,1,0,0,020000fffe00000e,1,179,1,-4,1700000022375022000,37,,,,,,,,32,,0,0,,,,,,1,1,,,,1
1700000022375050000,00fffe00000a,011b19000000,0,0,Follow_Up,8,2,0,44,24,0,0,,0,1,0,0,0,0,0,1,1,1,1,0,0,020000fffe00000a,1,358,2,-4,1700000022375050000,37,,,,,,,,32,,0,0,,,,,,1,1,,1,,
1700000022375050000,00fffe000001,011b19000000,0,0,Delay_Resp,9,2,0,54,24,0,0,,0,1,0,0,0,0,0,1,1,1,1,0,0,020000fffe000001,2,179,3,0,,37,,,,,,,,32,,0,0,020000fffe00000c,1,,,,1,1,,,,1
1700000022375051000,00fffe000001,011b19000000,0,0,Delay_Resp,9,2,0,54,24,0,0,,0,1,0,0,0,0,0,1,1,1,1,0,0,020000fffe000001,2,179,3,0,,37,,,,,,,,32,,0,0,020000fffe00000d,1,,,,1,1,,,,1
1700000022375052000,00fffe000001,011b19000000,0,0,Delay_Resp,9,2,0,54,24,0,0,,0,1,0,0,0,0,0,1,1,1,1,0,0,020000fffe000001,2,179,3,0,,37,,,,,,,,32,,0,0,020000fffe00000e,1,,,,1,1,,,,1
1700000022437500000,00fffe00000a,011b19000000,0,0,Sync,0,2,0,44,24,0,0,,0,1,0,0,0,0,0,1,1,1,1,0,0,020000fffe00000a,1,359,0,-4,1700000022437500000,37,,,,,,,,32,,0,0,,,,,,1,1,,1,,
1700000022437550000,00fffe00000a,011b19000000,0,0,Follow_Up,8,2,0,44,24,0,0,,0,1,0,0,0,0,0,1,1,1,1,0,0,020000fffe00000a,1,359,2,-4,1700000022437550000,37,,,,,,,,32,,0,0,,,,,,1,1,,1,,
1700000022500000000,00fffe00000a,011b19000000,0,0,Announce,11,2,0,64,24,0,0,,0,1,0,0,0,1,0,0,1,0,1,0,0,020000fffe00000a,1,180,5,-3,,0,128,6,33,20061,128,020000fffe00000a,0,32,,0,0,,,1,0,1,1,1,1,,1,
1700000022500000000,00fffe00000a,011b19000000,0,0,Sync,0,2,0,44,24,0,0,,0,1,0,0,0,0,0,1,1,1,1,0,0,020000fffe00000a,1,360,0,-4,1700000022500000000,37,,,,,,,,32,,0,0,,,,,,1,1,,1,,
1700000022500010000,00fffe000001,011b19000000,0,0,Announce,11,2,0,64,24,0,0,,0,1,0,0,0,0,0,1,1,1,1,0,0,020000fffe000001,2,180,5,-3,,37,128,6,33,20061,128,020000fffe00000a,1,32,,0,0,,,1,0,0,1,1,1,,1,
1700000022500020000,00fffe00000c,011b19000000,0,0,Delay_Req,1,2,0,44,24,0,0,,0,1,0,0,0,0,0,1,1,1,1,0,0,020000fffe00000c,1,180,1,-4,1700000022500020000,37,,,,,,,,32,,0,0,,,,,,1,1,,,,1
1700000022500021000,00fffe00000d,011b19000000,0,0,Delay_Req,1,2,0,44,24,0,0,,0,1,0,0,0,0,0,1,1,1,1,0,0,020000fffe00000d,1,180,1,-4,1700000022500021000,37,,,,,,,,32,,0,0,,,,,,1,1,,,,1
1700000022500022000,00fffe00000e,011b19000000,0,0,Delay_Req,1,2,0,44,24,0,0,,0,1,0,0,0,0,0,1,1,1,1,0,0,020000fffe00000e,1,180,1,-4,1700000022500022000,37,,,,,,,,32,,0,0,,,,,,1,1,,,,1
1700000022500050000,00fffe00000a,011b19000000,0,0,Follow_Up,8,2,0,44,24,0,0,,0,1,0,0,0,0,0,1,1,1,1,0,0,020000fffe00000a,1,360,2,-4,1700000022500050000,37,,,,,,,,32,,0,0,,,,,,1,1,,1,,
1700000022500050000,00fffe000001,011b19000000,0,0,Delay_Resp,9,2,0,54,24,0,0,,0,1,0,0,0,0,0,1,1,1,1,0,0,020000fffe000001,2,180,3,0,,37,,,,,,,,32,,0,0,020000fffe00000c,1,,,,1,1,,,,1
1700000022500051000,00fffe000001,011b19000000,0,0,Delay_Resp,9,2,0,54,24,0,0,,0,1,0,0,0,0,0,1,1,1,1,0,0,020000fffe000001,2,180,3,0,,37,,,,,,,,32,,0,0,020000fffe00000d,1,,,,1,1,,,,1
1700000022500052000,00fffe000001,011b19000000,0,0,Delay_Resp,9,2,0,54,24,0,0,,0,1,0,0,0,0,0,1,1,1,1,0,0,020000fffe000001,2,180,3,0,,37,,,,,,,,32,,0,0,020000fffe00000e,1,,,,1,1,,,,1
1700000022562500000,00fffe00000a,011b19000000,0,0,Sync,0,2,0,44,24,0,0,,0,1,0,0,0,0,0,1,1,1,1,0,0,020000fffe00000a,1,361,0,-4,1700000022562500000,37,,,,,,,,32,,0,0,,,,,,1,1,,1,,
1700000022562550000,00fffe00000a,011b19000000,0,0,Follow_Up,8,2,0,44,24,0,0,,0,1,0,0,0,0,0,1,1,1,1,0,0,020000fffe00000a,1,361,2,-4,1700000022562550000,37,,,,,,,,32,,0,0,,,,,,1,1,,1,,
1700000022625000000,00fffe00000a,011b19000000,0,0,Announce,11,2,0,64,24,0,0,,0,1,0,0,0,1,0,0,1,0,1,0,0,020000fffe00000a,1,181,5,-3,,0,128,6,33,20061,128,020000fffe00000a,0,32,,0,0,,,1,0,1,1,1,1,,1,
1700000022625000000,00fffe00000a,011b19000000,0,0,Sync,0,2,0,44,24,0,0,,0,1,0,0,0,0,0,1,1,1,1,0,0,020000fffe00000a,1,362,0,-4,1700000022625000000,37,,,,,,,,32,,0,0,,,,,,1,1,,1,,
1700000022625010000,00fffe000001,011b19000000,0,0,Announce,11,2,0,64,24,0,0,,0,1,0,0,0,0,0,1,1,1,1,0,0,020000fffe000001,2,181,5,-3,,37,128,6,33,20061,128,020000fffe00000a,1,32,,0,0,,,1,0,0,1,1,1,,1,
1700000022625020000,00fffe00000c,011b19000000,0,0,Delay_Req,1,2,0,44,24,0,0,,0,1,0,0,0,0,0,1,1,1,1,0,0,020000fffe00000c,1,181,1,-4,1700000022625020000,37,,,,,,,,32,,0,0,,,,,,1,1,,,,1
1700000022625021000,00fffe00000d,011b19000000,0,0,Delay_Req,1,2,0,44,24,0,0,,0,1,0,0,0,0,0,1,1,1,1,0,0,020000fffe00000d,1,181,1,-4,1700000022625021000,37,,,,,,,,32,,0,0,,,,,,1,1,,,,1
1700000022625022000,00fffe00000e,011b19000000,0,0,Delay_Req,1,2,0,44,24,0,0,,0,1,0,0,0,0,0,1,1,1,1,0,0,020000fffe00000e,1,181,1,-4,1700000022625022000,37,,,,,,,,32,,0,0,,,,,,1,1,,,,1
1700000022625050000,00fffe00000a,011b19000000,0,0,Follow_Up,8,2,0,44,24,0,0,,0,1,0,0,0,0,0,1,1,1,1,0,0,020000fffe00000a,1,362,2,-4,1700000022625050000,37,,,,,,,,32,,0,0,,,,,,1,1,,1,,
1700000022625050000,00fffe000001,011b19000000,0,0,Delay_Resp,9,2,0,54,24,0,0,,0,1,0,0,0,0,0,1,1,1,1,0,0,020000fffe000001,2,181,3,0,,37,,,,,,,,32,,0,0,020000fffe00000c,1,,,,1,1,,,,1
1700000022625051000,00fffe000001,011b19000000,0,0,Delay_Resp,9,2,0,54,24,0,0,,0,1,0,0,0,0,0,1,1,1,1,0,0,020000fffe000001,2,181,3,0,,37,,,,,,,,32,,0,0,020000fffe00000d,1,,,,1,1,,,,1
1700000022625052000,00fffe000001,011b19000000,0,0,Delay_Resp,9,2,0,54,24,0,0,,0,1,0,0,0,0,0,1,1,1,1,0,0,020000fffe000001,2,181,3,0,,37,,,,,,,,32,,0,0,020000fffe00000e,1,,,,1,1,,,,1
1700000022687500000,00fffe00000a,011b19000000,0,0,Sync,0,2,0,44,24,0,0,,0,1,0,0,0,0,0,1,1,1,1,0,0,020000fffe00000a,1,363,0,-4,1700000022687500000,37,,,,,,,,32,,0,0,,,,,,1,1,,1,,
1700000022687550000,00fffe00000a,011b19000000,0,0,Follow_Up,8,2,0,44,24,0,0,,0,1,0,0,0,0,0,1,1,1,1,0,0,020000fffe00000a,1,363,2,-4,1700000022687550000,37,,,,,,,,32,,0,0,,,,,,1,1,,1,,
1700000022750000000,00fffe00000a,011b19000000,0,0,Announce,11,2,0,64,24,0,0,,0,1,0,0,0,1,0,0,1,0,1,0,0,020000fffe00000a,1,182,5,-3,,0,128,6,33,20061,128,020000fffe00000a,0,32,,0,0,,,1,0,1,1,1,1,,1,
1700000022750000000,00fffe00000a,011b19000000,0,0,Sync,0,2,0,44,24,0,0,,0,1,0,0,0,0,0,1,1,1,1,0,0,020000fffe00000a,1,364,0,-4,1700000022750000000,37,,,,,,,,32,,0,0,,,,,,1,1,,1,,
1700000022750010000,00fffe000001,011b19000000,0,0,Announce,11,2,0,64,24,0,0,,0,1,0,0,0,0,0,1,1,1,1,0,0,020000fffe000001,2,182,5,-3,,37,128,6,33,20061,128,020000fffe00000a,1,32,,0,0,,,1,0,0,1,1,1,,1,
1700000022750020000,00fffe00000c,011b19000000,0,0,Delay_Req,1,2,0,44,24,0,0,,0,1,0,0,0,0,0,1,1,1,1,0,0,020000fffe00000c,1,182,1,-4,1700000022750020000,37,,,,,,,,32,,0,0,,,,,,1,1,,,,1
1700000022750021000,00fffe00000d,011b19000000,0,0,Delay_Req,1,2,0,44,24,0,0,,0,1,0,0,0,0,0,1,1,1,1,0,0,020000fffe00000d,1,182,1,-4,1700000022750021000,37,,,,,,,,32,,0,0,,,,,,1,1,,,,1
1700000022750022000,00fffe00000e,011b19000000,0,0,Delay_Req,1,2,0,44,24,0,0,,0,1,0,0,0,0,0,1,1,1,1,0,0,020000fffe00000e,1,182,1,-4,1700000022750022000,37,,,,,,,,32,,0,0,,,,,,1,1,,,,1
1700000022750050000,00fffe00000a,011b19000000,0,0,Follow_Up,8,2,0,44,24,0,0,,0,1,0,0,0,0,0,1,1,1,1,0,0,020000fffe00000a,1,364,2,-4,1700000022750050000,37,,,,,,,,32,,0,0,,,,,,1,1,,1,,
1700000022750050000,00fffe000001,011b19000000,0,0,Delay_Resp,9,2,0,54,24,0,0,,0,1,0,0,0,0,0,1,1,1,1,0,0,020000fffe000001,2,182,3,0,,37,,,,,,,,32,,0,0,020000fffe00000c,1,,,,1,1,,,,1
1700000022750051000,00fffe000001,011b19000000,0,0,Delay_Resp,9,2,0,54,24,0,0,,0,1,0,0,0,0,0,1,1,1,1,0,0,020000fffe000001,2,182,3,0,,37,,,,,,,,32,,0,0,020000fffe00000d,1,,,,1,1,,,,1
1700000022750052000,00fffe000001,011b19000000,0,0,Delay_Resp,9,2,0,54,24,0,0,,0,1,0,0,0,0,0,1,1,1,1,0,0,020000fffe000001,2,182,3,0,,37,,,,,,,,32,,0,0,020000fffe00000e,1,,,,1,1,,,,1
1700000022812500000,00fffe00000a,011b19000000,0,0,Sync,0,2,0,44,24,0,0,,0,1,0,0,0,0,0,1,1,1,1,0,0,020000fffe00000a,1,365,0,-4,1700000022812500000,37,,,,,,,,32,,0,0,,,,,,1,1,,1,,
1700000022812550000,00fffe00000a,011b19000000,0,0,Follow_Up,8,2,0,44,24,0,0,,0,1,0,0,0,0,0,1,1,1,1,0,0,020000fffe00000a,1,365,2,-4,1700000022812550000,37,,,,,,,,32,,0,0,,,,,,1,1,,1,,
1700000022875000000,00fffe00000a,011b19000000,0,0,Announce,11,2,0,64,24,0,0,,0,1,0,0,0,1,0,0,1,0,1,0,0,020000fffe00000a,1,183,5,-3,,0,128,6,33,20061,128,020000fffe00000a,0,32,,0,0,,,1,0,1,1,1,1,,1,
1700000022875000000,00fffe00000a,011b19000000,0,0,Sync,0,2,0,44,24,0,0,,0,1,0,0,0,0,0,1,1,1,1,0,0,020000fffe00000a,1,366,0,-4,1700000022875000000,37,,,,,,,,32,,0,0,,,,,,1,1,,1,,
1700000022875010000,00fffe000001,011b19000000,0,0,Announce,11,2,0,64,24,0,0,,0,1,0,0,0,0,0,1,1,1,1,0,0,020000fffe000001,2,183,5,-3,,37,128,6,33,20061,128,020000fffe00000a,1,32,,0,0,,,1,0,0,1,1,1,,1,
1700000022875020000,00fffe00000c,011b19000000,0,0,Delay_Req,1,2,0,44,24,0,0,,0,1,0,0,0,0,0,1,1,1,1,0,0,020000fffe00000c,1,183,1,-4,1700000022875020000,37,,,,,,,,32,,0,0,,,,,,1,1,,,,1
1700000022875021000,00fffe00000d,011b19000000,0,0,Delay_Req,1,2,0,44,24,0,0,,0,1,0,0,0,0,0,1,1,1,1,0,0,020000fffe00000d,1,183,1,-4,1700000022875021000,37,,,,,,,,32,,0,0,,,,,,1,1,,,,1
1700000022875022000,00fffe00000e,011b19000000,0,0,Delay_Req,1,2,0,44,24,0,0,,0,1,0,0,0,0,0,1,1,1,1,0,0,020000fffe00000e,1,183,1,-4,1700000022875022000,37,,,,,,,,32,,0,0,,,,,,1,1,,,,1
1700000022875050000,00fffe00000a,011b19000000,0,0,Follow_Up,8,2,0,44,24,0,0,,0,1,0,0,0,0,0,1,1,1,1,0,0,020000fffe00000a,1,366,2,-4,1700000022875050000,37,,,,,,,,32,,0,0,,,,,,1,1,,1,,
1700000022875050000,00fffe000001,011b19000000,0,0,Delay_Resp,9,2,0,54,24,0,0,,0,1,0,0,0,0,0,1,1,1,1,0,0,020000fffe000001,2,183,3,0,,37,,,,,,,,32,,0,0,020000fffe00000c,1,,,,1,1,,,,1
1700000022875051000,00fffe000001,011b19000000,0,0,Delay_Resp,9,2,0,54,24,0,0,,0,1,0,0,0,0,0,1,1,1,1,0,0,020000fffe000001,2,183,3,0,,37,,,,,,,,32,,0,0,020000fffe00000d,1,,,,1,1,,,,1
1700000022875052000,00fffe000001,011b19000000,0,0,Delay_Resp,9,2,0,54,24,0,0,,0,1,0,0,0,0,0,1,1,1,1,0,0,020000fffe000001,2,183,3,0,,37,,,,,,,,32,,0,0,020000fffe00000e,1,,,,1,1,,,,1
1700000022937500000,00fffe00000a,011b19000000,0,0,Sync,0,2,0,44,24,0,0,,0,1,0,0,0,0,0,1,1,1,1,0,0,020000fffe00000a,1,367,0,-4,1700000022937500000,37,,,,,,,,32,,0,0,,,,,,1,1,,1,,
1700000022937550000,00fffe00000a,011b19000000,0,0,Follow_Up,8,2,0,44,24,0,0,,0,1,0,0,0,0,0,1,1,1,1,0,0,020000fffe00000a,1,367,2,-4,1700000022937550000,37,,,,,,,,32,,0,0,,,,,,1,1,,1,,
1700000023000000000,00fffe00000a,011b19000000,0,0,Announce,11,2,0,64,24,0,0,,0,1,0,0,0,1,0,0,1,0,1,0,0,020000fffe00000a,1,184,5,-3,,0,128,6,33,20061,128,020000fffe00000a,0,32,,0,0,,,1,0,1,1,1,1,,1,
1700000023000000000,00fffe00000a,011b19000000,0,0,Sync,0,2,0,44,24,0,0,,0,1,0,0,0,0,0,1,1,1,1,0,0,020000fffe00000a,1,368,0,-4,1700000023000000000,37,,,,,,,,32,,0,0,,,,,,1,1,,1,,
1700000023000010000,00fffe000001,011b19000000,0,0,Announce,11,2,0,64,24,0,0,,0,1,0,0,0,0,0,1,1,1,1,0,0,020000fffe000001,2,184,5,-3,,37,128,6,33,20061,128,020000fffe00000a,1,32,,0,0,,,1,0,0,1,1,1,,1,
1700000023000020000,00fffe00000c,011b19000000,0,0,Delay_Req,1,2,0,44,24,0,0,,0,1,0,0,0,0,0,1,1,1,1,0,0,020000fffe00000c,1,184,1,-4,1700000023000020000,37,,,,,,,,32,,0,0,,,,,,1,1,,,,1
1700000023000021000,00fffe00000d,011b19000000,0,0,Delay_Req,1,2,0,44,24,0,0,,0,1,0,0,0,0,0,1,1,1,1,0,0,020000fffe00000d,1,184,1,-4,1700000023000021000,37,,,,,,,,32,,0,0,,,,,,1,1,,,,1
1700000023000022000,00fffe00000e,011b19000000,0,0,Delay_Req,1,2,0,44,24,0,0,,0,1,0,0,0,0,0,1,1,1,1,0,0,020000fffe00000e,1,184,1,-4,1700000023000022000,37,,,,,,,,32,,0,0,,,,,,1,1,,,,1
1700000023000050000,00fffe00000a,011b19000000,0,0,Follow_Up,8,2,0,44,24,0,0,,0,1,0,0,0,0,0,1,1,1,1,0,0,020000fffe00000a,1,368,2,-4,1700000023000050000,37,,,,,,,,32,,0,0,,,,,,1,1,,1,,
1700000023000050000,00fffe000001,011b19000000,0,0,Delay_Resp,9,2,0,54,24,0,0,,0,1,0,0,0,0,0,1,1,1,1,0,0,020000fffe000001,2,184,3,0,,37,,,,,,,,32,,0,0,020000fffe00000c,1,,,,1,1,,,,1
1700000023000051000,00fffe000001,011b19000000,0,0,Delay_Resp,9,2,0,54,24,0,0,,0,1,0,0,0,0,0,1,1,1,1,0,0,020000fffe000001,2,184,3,0,,37,,,,,,,,32,,0,0,020000fffe00000d,1,,,,1,1,,,,1
1700000023000052000,00fffe000001,011b19000000,0,0,Delay_Resp,9,2,0,54,24,0,0,,0,1,0,0,0,0,0,1,1,1,1,0,0,020000fffe000001,2,184,3,0,,37,,,,,,,,32,,0,0,020000fffe00000e,1,,,,1,1,,,,1
1700000023062500000,00fffe00000a,011b19000000,0,0,Sync,0,2,0,44,24,0,0,,0,1,0,0,0,0,0,1,1,1,1,0,0,020000fffe00000a,1,369,0,-4,1700000023062500000,37,,,,,,,,32,,0,0,,,,,,1,1,,1,,
1700000023062550000,00fffe00000a,011b19000000,0,0,Follow_Up,8,2,0,44,24,0,0,,0,1,0,0,0,0,0,1,1,1,1,0,0,020000fffe00000a,1,369,2,-4,1700000023062550000,37,,,,,,,,32,,0,0,,,,,,1,1,,1,,
1700000023125000000,00fffe00000a,011b19000000,0,0,Announce,11,2,0,64,24,0,0,,0,1,0,0,0,1,0,0,1,0,1,0,0,020000fffe00000a,1,185,5,-3,,0,128,6,33,20061,128,020000fffe00000a,0,32,,0,0,,,1,0,1,1,1,1,,1,
1700000023125000000,00fffe00000a,011b19000000,0,0,Sync,0,2,0,44,24,0,0,,0,1,0,0,0,0,0,1,1,1,1,0,0,020000fffe00000a,1,370,0,-4,1700000023125000000,37,,,,,,,,32,,0,0,,,,,,1,1,,1,,
1700000023125010000,00fffe000001,011b19000000,0,0,Announce,11,2,0,64,24,0,0,,0,1,0,0,0,0,0,1,1,1,1,0,0,020000fffe000001,2,185,5,-3,,37,128,6,33,20061,128,020000fffe00000a,1,32,,0,0,,,1,0,0,1,1,1,,1,
1700000023125020000,00fffe00000c,011b19000000,0,0,Delay_Req,1,2,0,44,24,0,0,,0,1,0,0,0,0,0,1,1,1,1,0,0,020000fffe00000c,1,185,1,-4,1700000023125020000,37,,,,,,,,32,,0,0,,,,,,1,1,,,,1
1700000023125021000,00fffe00000d,011b19000000,0,0,Delay_Req,1,2,0,44,24,0,0,,0,1,0,0,0,0,0,1,1,1,1,0,0,020000fffe00000d,1,185,1,-4,1700000023125021000,37,,,,,,,,32,,0,0,,,,,,1,1,,,,1
1700000023125022000,00fffe00000e,011b19000000,0,0,Delay_Req,1,2,0,44,24,0,0,,0,1,0,0,0,0,0,1,1,1,1,0,0,020000fffe00000e,1,185,1,-4,1700000023125022000,37,,,,,,,,32,,0,0,,,,,,1,1,,,,1
1700000023125050000,00fffe00000a,011b19000000,0,0,Follow_Up,8,2,0,44,24,0,0,,0,1,0,0,0,0,0,1,1,1,1,0,0,020000fffe00000a,1,370,2,-4,1700000023125050000,37,,,,,,,,32,,0,0,,,,,,1,1,,1,,
1700000023125050000,00fffe000001,011b19000000,0,0,Delay_Resp,9,2,0,54,24,0,0,,0,1,0,0,0,0,0,1,1,1,1,0,0,020000fffe000001,2,185,3,0,,37,,,,,,,,32,,0,0,020000fffe00000c,1,,,,1,1,,,,1
1700000023125051000,00fffe000001,011b19000000,0,0,Delay_Resp,9,2,0,54,24,0,0,,0,1,0,0,0,0,0,1,1,1,1,0,0,020000fffe000001,2,185,3,0,,37,,,,,,,,32,,0,0,020000fffe00000d,1,,,,1,1,,,,1
1700000023125052000,00fffe000001,011b19000000,0,0,Delay_Resp,9,2,0,54,24,0,0,,0,1,0,0,0,0,0,1,1,1,1,0,0,020000fffe000001,2,185,3,0,,37,,,,,,,,32,,0,0,020000fffe00000e,1,,,,1,1,,,,1
1700000023187500000,00fffe00000a,011b19000000,0,0,Sync,0,2,0,44,24,0,0,,0,1,0,0,0,0,0,1,1,1,1,0,0,020000fffe00000a,1,371,0,-4,1700000023187500000,37,,,,,,,,32,,0,0,,,,,,1,1,,1,,
1700000023187550000,00fffe00000a,011b19000000,0,0,Follow_Up,8,2,0,44,24,0,0,,0,1,0,0,0,0,0,1,1,1,1,0,0,020000fffe00000a,1,371,2,-4,1700000023187550000,37,,,,,,,,32,,0,0,,,,,,1,1,,1,,
1700000023250000000,00fffe00000a,011b19000000,0,0,Announce,11,2,0,64,24,0,0,,0,1,0,0,0,1,0,0,1,0,1,0,0,020000fffe00000a,1,186,5,-3,,0,128,6,33,20061,128,020000fffe00000a,0,32,,0,0,,,1,0,1,1,1,1,,1,
1700000023250000000,00fffe00000a,011b19000000,0,0,Sync,0,2,0,44,24,0,0,,0,1,0,0,0,0,0,1,1,1,1,0,0,020000fffe00000a,1,372,0,-4,1700000023250000000,37,,,,,,,,32,,0,0,,,,,,1,1,,1,,
1700000023250010000,00fffe000001,011b19000000,0,0,Announce,11,2,0,64,24,0,0,,0,1,0,0,0,0,0,1,1,1,1,0,0,020000fffe000001,2,186,5,-3,,37,128,6,33,20061,128,020000fffe00000a,1,32,,0,0,,,1,0,0,1,1,1,,1,
1700000023250020000,00fffe00000c,011b19000000,0,0,Delay_Req,1,2,0,44,24,0,0,,0,1,0,0,0,0,0,1,1,1,1,0,0,020000fffe00000c,1,186,1,-4,1700000023250020000,37,,,,,,,,32,,0,0,,,,,,1,1,,,,1
1700000023250021000,00fffe00000d,011b19000000,0,0,Delay_Req,1,2,0,44,24,0,0,,0,1,0,0,0,0,0,1,1,1,1,0,0,020000fffe00000d,1,186,1,-4,1700000023250021000,37,,,,,,,,32,,0,0,,,,,,1,1,,,,1
1700000023250022000,00fffe00000e,011b19000000,0,0,Delay_Req,1,2,0,44,24,0,0,,0,1,0,0,0,0,0,1,1,1,1,0,0,020000fffe00000e,1,186,1,-4,1700000023250022000,37,,,,,,,,32,,0,0,,,,,,1,1,,,,1
1700000023250050000,00fffe00000a,011b19000000,0,0,Follow_Up,8,2,0,44,24,0,0,,0,1,0,0,0,0,0,1,1,1,1,0,0,020000fffe00000a,1,372,2,-4,1700000023250050000,37,,,,,,,,32,,0,0,,,,,,1,1,,1,,
1700000023250050000,00fffe000001,011b19000000,0,0,Delay_Resp,9,2,0,54,24,0,0,,0,1,0,0,0,0,0,1,1,1,1,0,0,020000fffe000001,2,186,3,0,,37,,,,,,,,32,,0,0,020000fffe00000c,1,,,,1,1,,,,1
1700000023250051000,00fffe000001,011b19000000,0,0,Delay_Resp,9,2,0,54,24,0,0,,0,1,0,0,0,0,0,1,1,1,1,0,0,020000fffe000001,2,186,3,0,,37,,,,,,,,32,,0,0,020000fffe00000d,1,,,,1,1,,,,1
1700000023250052000,00fffe000001,011b19000000,0,0,Delay_Resp,9,2,0,54,24,0,0,,0,1,0,0,0,0,0,1,1,1,1,0,0,020000fffe000001,2,186,3,0,,37,,,,,,,,32,,0,0,020000fffe00000e,1,,,,1,1,,,,1
1700000023312500000,00fffe00000a,011b19000000,0,0,Sync,0,2,0,44,24,0,0,,0,1,0,0,0,0,0,1,1,1,1,0,0,020000fffe00000a,1,373,0,-4,1700000023312500000,37,,,,,,,,32,,0,0,,,,,,1,1,,1,,
1700000023312550000,00fffe00000a,011b19000000,0,0,Follow_Up,8,2,0,44,24,0,0,,0,1,0,0,0,0,0,1,1,1,1,0,0,020000fffe00000a,1,373,2,-4,1700000023312550000,37,,,,,,,,32,,0,0,,,,,,1,1,,1,,
1700000023375000000,00fffe00000a,011b19000000,0,0,Announce,11,2,0,64,24,0,0,,0,1,0,0,0,1,0,0,1,0,1,0,0,020000fffe00000a,1,187,5,-3,,0,128,6,33,20061,128,020000fffe00000a,0,32,,0,0,,,1,0,1,1,1,1,,1,
1700000023375000000,00fffe00000a,011b19000000,0,0,Sync,0,2,0,44,24,0,0,,0,1,0,0,0,0,0,1,1,1,1,0,0,020000fffe00000a,1,374,0,-4,1700000023375000000,37,,,,,,,,32,,0,0,,,,,,1,1,,1,,
1700000023375010000,00fffe000001,011b19000000,0,0,Announce,11,2,0,64,24,0,0,,0,1,0,0,0,0,0,1,1,1,1,0,0,020000fffe000001,2,187,5,-3,,37,128,6,33,20061,128,020000fffe00000a,1,32,,0,0,,,1,0,0,1,1,1,,1,
1700000023375020000,00fffe00000c,011b19000000,0,0,Delay_Req,1,2,0,44,24,0,0,,0,1,0,0,0,0,0,1,1,1,1,0,0,020000fffe00000c,1,187,1,-4,1700000023375020000,37,,,,,,,,32,,0,0,,,,,,1,1,,,,1
1700000023375021000,00fffe00000d,011b19000000,0,0,Delay_Req,1,2,0,44,24,0,0,,0,1,0,0,0,0,0,1,1,1,1,0,0,020000fffe00000d,1,187,1,-4,1700000023375021000,37,,,,,,,,32,,0,0,,,,,,1,1,,,,1
1700000023375022000,00fffe00000e,011b19000000,0,0,Delay_Req,1,2,0,44,24,0,0,,0,1,0,0,0,0,0,1,1,1,1,0,0,020000fffe00000e,1,187,1,-4,1700000023375022000,37,,,,,,,,32,,0,0,,,,,,1,1,,,,1
1700000023375050000,00fffe00000a,011b19000000,0,0,Follow_Up,8,2,0,44,24,0,0,,0,1,0,0,0,0,0,1,1,1,1,0,0,020000fffe00000a,1,374,2,-4,1700000023375050000,37,,,,,,,,32,,0,0,,,,,,1,1,,1,,
1700000023375050000,00fffe000001,011b19000000,0,0,Delay_Resp,9,2,0,54,24,0,0,,0,1,0,0,0,0,0,1,1,1,1,0,0,020000fffe000001,2,187,3,0,,37,,,,,,,,32,,0,0,020000fffe00000c,1,,,,1,1,,,,1
1700000023375051000,00fffe000001,011b19000000,0,0,Delay_Resp,9,2,0,54,24,0,0,,0,1,0,0,0,0,0,1,1,1,1,0,0,020000fffe000001,2,187,3,0,,37,,,,,,,,32,,0,0,020000fffe00000d,1,,,,1,1,,,,1
1700000023375052000,00fffe000001,011b19000000,0,0,Delay_Resp,9,2,0,54,24,0,0,,0,1,0,0,0,0,0,1,1,1,1,0,0,020000fffe000001,2,187,3,0,,37,,,,,,,,32,,0,0,020000fffe00000e,1,,,,1,1,,,,1
1700000023437500000,00fffe00000a,011b19000000,0,0,Sync,0,2,0,44,24,0,0,,0,1,0,0,0,0,0,1,1,1,1,0,0,020000fffe00000a,1,375,0,-4,1700000023437500000,37,,,,,,,,32,,0,0,,,,,,1,1,,1,,
1700000023437550000,00fffe00000a,011b19000000,0,0,Follow_Up,8,2,0,44,24,0,0,,0,1,0,0,0,0,0,1,1,1,1,0,0,020000fffe00000a,1,375,2,-4,1700000023437550000,37,,,,,,,,32,,0,0,,,,,,1,1,,1,,
1700000023500000000,00fffe00000a,011b19000000,0,0,Announce,11,2,0,64,24,0,0,,0,1,0,0,0,1,0,0,1,0,1,0,0,020000fffe00000a,1,188,5,-3,,0,128,6,33,20061,128,020000fffe00000a,0,32,,0,0,,,1,0,1,1,1,1,,1,
1700000023500000000,00fffe00000a,011b19000000,0,0,Sync,0,2,0,44,24,0,0,,0,1,0,0,0,0,0,1,1,1,1,0,0,020000fffe00000a,1,376,0,-4,1700000023500000000,37,,,,,,,,32,,0,0,,,,,,1,1,,1,,
1700000023500010000,00fffe000001,011b19000000,0,0,Announce,11,2,0,64,24,0,0,,0,1,0,0,0,0,0,1,1,1,1,0,0,020000fffe000001,2,188,5,-3,,37,128,6,33,20061,128,020000fffe00000a,1,32,,0,0,,,1,0,0,1,1,1,,1,
1700000023500020000,00fffe00000c,011b19000000,0,0,Delay_Req,1,2,0,44,24,0,0,,0,1,0,0,0,0,0,1,1,1,1,0,0,020000fffe00000c,1,188,1,-4,1700000023500020000,37,,,,,,,,32,,0,0,,,,,,1,1,,,,1
1700000023500021000,00fffe00000d,011b19000000,0,0,Delay_Req,1,2,0,44,24,0,0,,0,1,0,0,0,0,0,1,1,1,1,0,0,020000fffe00000d,1,188,1,-4,1700000023500021000,37,,,,,,,,32,,0,0,,,,,,1,1,,,,1
1700000023500022000,00fffe00000e,011b19000000,0,0,Delay_Req,1,2,0,44,24,0,0,,0,1,0,0,0,0,0,1,1,1,1,0,0,020000fffe00000e,1,188,1,-4,1700000023500022000,37,,,,,,,,32,,0,0,,,,,,1,1,,,,1
1700000023500050000,00fffe00000a,011b19000000,0,0,Follow_Up,8,2,0,44,24,0,0,,0,1,0,0,0,0,0,1,1,1,1,0,0,020000fffe00000a,1,376,2,-4,1700000023500050000,37,,,,,,,,32,,0,0,,,,,,1,1,,1,,
1700000023500050000,00fffe000001,011b19000000,0,0,Delay_Resp,9,2,0,54,24,0,0,,0,1,0,0,0,0,0,1,1,1,1,0,0,020000fffe000001,2,188,3,0,,37,,,,,,,,32,,0,0,020000fffe00000c,1,,,,1,1,,,,1
1700000023500051000,00fffe000001,011b19000000,0,0,Delay_Resp,9,2,0,54,24,0,0,,0,1,0,0,0,0,0,1,1,1,1,0,0,020000fffe000001,2,188,3,0,,37,,,,,,,,32,,0,0,020000fffe00000d,1,,,,1,1,,,,1
1700000023500052000,00fffe000001,011b19000000,0,0,Delay_Resp,9,2,0,54,24,0,0,,0,1,0,0,0,0,0,1,1,1,1,0,0,020000fffe000001,2,188,3,0,,37,,,,,,,,32,,0,0,020000fffe00000e,1,,,,1,1,,,,1
1700000023562500000,00fffe00000a,011b19000000,0,0,Sync,0,2,0,44,24,0,0,,0,1,0,0,0,0,0,1,1,1,1,0,0,020000fffe00000a,1,377,0,-4,1700000023562500000,37,,,,,,,,32,,0,0,,,,,,1,1,,1,,
1700000023562550000,00fffe00000a,011b19000000,0,0,Follow_Up,8,2,0,44,24,0,0,,0,1,0,0,0,0,0,1,1,1,1,0,0,020000fffe00000a,1,377,2,-4,1700000023562550000,37,,,,,,,,32,,0,0,,,,,,1,1,,1,,
1700000023625000000,00fffe00000a,011b19000000,0,0,Announce,11,2,0,64,24,0,0,,0,1,0,0,0,1,0,0,1,0,1,0,0,020000fffe00000a,1,189,5,-3,,0,128,6,33,20061,128,020000fffe00000a,0,32,,0,0,,,1,0,1,1,1,1,,1,
1700000023625000000,00fffe00000a,011b19000000,0,0,Sync,0,2,0,44,24,0,0,,0,1,0,0,0,0,0,1,1,1,1,0,0,020000fffe00000a,1,378,0,-4,1700000023625000000,37,,,,,,,,32,,0,0,,,,,,1,1,,1,,
1700000023625010000,00fffe000001,011b19000000,0,0,Announce,11,2,0,64,24,0,0,,0,1,0,0,0,0,0,1,1,1,1,0,0,020000fffe000001,2,189,5,-3,,37,128,6,33,20061,128,020000fffe00000a,1,32,,0,0,,,1,0,0,1,1,1,,1,
1700000023625020000,00fffe00000c,011b19000000,0,0,Delay_Req,1,2,0,44,24,0,0,,0,1,0,0,0,0,0,1,1,1,1,0,0,020000fffe00000c,1,189,1,-4,1700000023625020000,37,,,,,,,,32,,0,0,,,,,,1,1,,,,1
1700000023625021000,00fffe00000d,011b19000000,0,0,Delay_Req,1,2,0,44,24,0,0,,0,1,0,0,0,0,0,1,1,1,1,0,0,020000fffe00000d,1,189,1,-4,1700000023625021000,37,,,,,,,,32,,0,0,,,,,,1,1,,,,1
1700000023625022000,00fffe00000e,011b19000000,0,0,Delay_Req,1,2,0,44,24,0,0,,0,1,0,0,0,0,0,1,1,1,1,0,0,020000fffe00000e,1,189,1,-4,1700000023625022000,37,,,,,,,,32,,0,0,,,,,,1,1,,,,1
1700000023625050000,00fffe00000a,011b19000000,0,0,Follow_Up,8,2,0,44,24,0,0,,0,1,0,0,0,0,0,1,1,1,1,0,0,020000fffe00000a,1,378,2,-4,1700000023625050000,37,,,,,,,,32,,0,0,,,,,,1,1,,1,,
1700000023625050000,00fffe000001,011b19000000,0,0,Delay_Resp,9,2,0,54,24,0,0,,0,1,0,0,0,0,0,1,1,1,1,0,0,020000fffe000001,2,189,3,0,,37,,,,,,,,32,,0,0,020000fffe00000c,1,,,,1,1,,,,1
1700000023625051000,00fffe000001,011b19000000,0,0,Delay_Resp,9,2,0,54,24,0,0,,0,1,0,0,0,0,0,1,1,1,1,0,0,020000fffe000001,2,189,3,0,,37,,,,,,,,32,,0,0,020000fffe00000d,1,,,,1,1,,,,1
1700000023625052000,00fffe000001,011b19000000,0,0,Delay_Resp,9,2,0,54,24,0,0,,0,1,0,0,0,0,0,1,1,1,1,0,0,020000fffe000001,2,189,3,0,,37,,,,,,,,32,,0,0,020000fffe00000e,1,,,,1,1,,,,1
1700000023687500000,00fffe00000a,011b19000000,0,0,Sync,0,2,0,44,24,0,0,,0,1,0,0,0,0,0,1,1,1,1,0,0,020000fffe00000a,1,379,0,-4,1700000023687500000,37,,,,,,,,32,,0,0,,,,,,1,1,,1,,
1700000023687550000,00fffe00000a,011b19000000,0,0,Follow_Up,8,2,0,44,24,0,0,,0,1,0,0,0,0,0,1,1,1,1,0,0,020000fffe00000a,1,379,2,-4,1700000023687550000,37,,,,,,,,32,,0,0,,,,,,1,1,,1,,
1700000023750000000,00fffe00000a,011b19000000,0,0,Announce,11,2,0,64,24,0,0,,0,1,0,0,0,1,0,0,1,0,1,0,0,020000fffe00000a,1,190,5,-3,,0,128,6,33,20061,128,020000fffe00000a,0,32,,0,0,,,1,0,1,1,1,1,,1,
1700000023750000000,00fffe00000a,011b19000000,0,0,Sync,0,2,0,44,24,0,0,,0,1,0,0,0,0,0,1,1,1,1,0,0,020000fffe00000a,1,380,0,-4,1700000023750000000,37,,,,,,,,32,,0,0,,,,,,1,1,,1,,
1700000023750010000,00fffe000001,011b19000000,0,0,Announce,11,2,0,64,24,0,0,,0,1,0,0,0,0,0,1,1,1,1,0,0,020000fffe000001,2,190,5,-3,,37,128,6,33,20061,128,020000fffe00000a,1,32,,0,0,,,1,0,0,1,1,1,,1,
1700000023750020000,00fffe00000c,011b19000000,0,0,Delay_Req,1,2,0,44,24,0,0,,0,1,0,0,0,0,0,1,1,1,1,0,0,020000fffe00000c,1,190,1,-4,1700000023750020000,37,,,,,,,,32,,0,0,,,,,,1,1,,,,1
1700000023750021000,00fffe00000d,011b19000000,0,0,Delay_Req,1,2,0,44,24,0,0,,0,1,0,0,0,0,0,1,1,1,1,0,0,020000fffe00000d,1,190,1,-4,1700000023750021000,37,,,,,,,,32,,0,0,,,,,,1,1,,,,1
1700000023750022000,00fffe00000e,011b19000000,0,0,Delay_Req,1,2,0,44,24,0,0,,0,1,0,0,0,0,0,1,1,1,1,0,0,020000fffe00000e,1,190,1,-4,1700000023750022000,37,,,,,,,,32,,0,0,,,,,,1,1,,,,1
1700000023750050000,00fffe00000a,011b19000000,0,0,Follow_Up,8,2,0,44,24,0,0,,0,1,0,0,0,0,0,1,1,1,1,0,0,020000fffe00000a,1,380,2,-4,1700000023750050000,37,,,,,,,,32,,0,0,,,,,,1,1,,1,,
1700000023750050000,00fffe000001,011b19000000,0,0,Delay_Resp,9,2,0,54,24,0,0,,0,1,0,0,0,0,0,1,1,1,1,0,0,020000fffe000001,2,190,3,0,,37,,,,,,,,32,,0,0,020000fffe00000c,1,,,,1,1,,,,1
1700000023750051000,00fffe000001,011b19000000,0,0,Delay_Resp,9,2,0,54,24,0,0,,0,1,0,0,0,0,0,1,1,1,1,0,0,020000fffe000001,2,190,3,0,,37,,,,,,,,32,,0,0,020000fffe00000d,1,,,,1,1,,,,1
1700000023750052000,00fffe000001,011b19000000,0,0,Delay_Resp,9,2,0,54,24,0,0,,0,1,0,0,0,0,0,1,1,1,1,0,0,020000fffe000001,2,190,3,0,,37,,,,,,,,32,,0,0,020000fffe00000e,1,,,,1,1,,,,1
1700000023812500000,00fffe00000a,011b19000000,0,0,Sync,0,2,0,44,24,0,0,,0,1,0,0,0,0,0,1,1,1,1,0,0,020000fffe00000a,1,381,0,-4,1700000023812500000,37,,,,,,,,32,,0,0,,,,,,1,1,,1,,
1700000023812550000,00fffe00000a,011b19000000,0,0,Follow_Up,8,2,0,44,24,0,0,,0,1,0,0,0,0,0,1,1,1,1,0,0,020000fffe00000a,1,381,2,-4,1700000023812550000,37,,,,,,,,32,,0,0,,,,,,1,1,,1,,
1700000023875000000,00fffe00000a,011b19000000,0,0,Announce,11,2,0,64,24,0,0,,0,1,0,0,0,1,0,0,1,0,1,0,0,020000fffe00000a,1,191,5,-3,,0,128,6,33,20061,128,020000fffe00000a,0,32,,0,0,,,1,0,1,1,1,1,,1,
1700000023875000000,00fffe00000a,011b19000000,0,0,Sync,0,2,0,44,24,0,0,,0,1,0,0,0,0,0,1,1,1,1,0,0,020000fffe00000a,1,382,0,-4,1700000023875000000,37,,,,,,,,32,,0,0,,,,,,1,1,,1,,
1700000023875010000,00fffe000001,011b19000000,0,0,Announce,11,2,0,64,24,0,0,,0,1,0,0,0,0,0,1,1,1,1,0,0,020000fffe000001,2,191,5,-3,,37,128,6,33,20061,128,020000fffe00000a,1,32,,0,0,,,1,0,0,1,1,1,,1,
1700000023875020000,00fffe00000c,011b19000000,0,0,Delay_Req,1,2,0,44,24,0,0,,0,1,0,0,0,0,0,1,1,1,1,0,0,020000fffe00000c,1,191,1,-4,1700000023875020000,37,,,,,,,,32,,0,0,,,,,,1,1,,,,1
1700000023875021000,00fffe00000d,011b19000000,0,0,Delay_Req,1,2,0,44,24,0,0,,0,1,0,0,0,0,0,1,1,1,1,0,0,020000fffe00000d,1,191,1,-4,1700000023875021000,37,,,,,,,,32,,0,0,,,,,,1,1,,,,1
1700000023875022000,00fffe00000e,011b19000000,0,0,Delay_Req,1,2,0,44,24,0,0,,0,1,0,0,0,0,0,1,1,1,1,0,0,020000fffe00000e,1,191,1,-4,1700000023875022000,37,,,,,,,,32,,0,0,,,,,,1,1,,,,1
1700000023875050000,00fffe00000a,011b19000000,0,0,Follow_Up,8,2,0,44,24,0,0,,0,1,0,0,0,0,0,1,1,1,1,0,0,020000fffe00000a,1,382,2,-4,1700000023875050000,37,,,,,,,,32,,0,0,,,,,,1,1,,1,,
1700000023875050000,00fffe000001,011b19000000,0,0,Delay_Resp,9,2,0,54,24,0,0,,0,1,0,0,0,0,0,1,1,1,1,0,0,020000fffe000001,2,191,3,0,,37,,,,,,,,32,,0,0,020000fffe00000c,1,,,,1,1,,,,1
1700000023875051000,00fffe000001,011b19000000,0,0,Delay_Resp,9,2,0,54,24,0,0,,0,1,0,0,0,0,0,1,1,1,1,0,0,020000fffe000001,2,191,3,0,,37,,,,,,,,32,,0,0,020000fffe00000d,1,,,,1,1,,,,1
1700000023875052000,00fffe000001,011b19000000,0,0,Delay_Resp,9,2,0,54,24,0,0,,0,1,0,0,0,0,0,1,1,1,1,0,0,020000fffe000001,2,191,3,0,,37,,,,,,,,32,,0,0,020000fffe00000e,1,,,,1,1,,,,1
1700000023937500000,00fffe00000a,011b19000000,0,0,Sync,0,2,0,44,24,0,0,,0,1,0,0,0,0,0,1,1,1,1,0,0,020000fffe00000a,1,383,0,-4,1700000023937500000,37,,,,,,,,32,,0,0,,,,,,1,1,,1,,
1700000023937550000,00fffe00000a,011b19000000,0,0,Follow_Up,8,2,0,44,24,0,0,,0,1,0,0,0,0,0,1,1,1,1,0,0,020000fffe00000a,1,383,2,-4,1700000023937550000,37,,,,,,,,32,,0,0,,,,,,1,1,,1,,
1700000024000000000,00fffe00000a,011b19000000,0,0,Announce,11,2,0,64,24,0,0,,0,1,0,0,0,1,0,0,1,0,1,0,0,020000fffe00000a,1,192,5,-3,,0,128,6,33,20061,128,020000fffe00000a,0,32,,0,0,,,1,0,1,1,1,1,,1,
1700000024000000000,00fffe00000a,011b19000000,0,0,Sync,0,2,0,44,24,0,0,,0,1,0,0,0,0,0,1,1,1,1,0,0,020000fffe00000a,1,384,0,-4,1700000024000000000,37,,,,,,,,32,,0,0,,,,,,1,1,,1,,
1700000024000010000,00fffe000001,011b19000000,0,0,Announce,11,2,0,64,24,0,0,,0,1,0,0,0,0,0,1,1,1,1,0,0,020000fffe000001,2,192,5,-3,,37,128,6,33,20061,128,020000fffe00000a,1,32,,0,0,,,1,0,0,1,1,1,,1,
1700000024000020000,00fffe00000c,011b19000000,0,0,Delay_Req,1,2,0,44,24,0,0,,0,1,0,0,0,0,0,1,1,1,1,0,0,020000fffe00000c,1,192,1,-4,1700000024000020000,37,,,,,,,,32,,0,0,,,,,,1,1,,,,1
1700000024000021000,00fffe00000d,011b19000000,0,0,Delay_Req,1,2,0,44,24,0,0,,0,1,0,0,0,0,0,1,1,1,1,0,0,020000fffe00000d,1,192,1,-4,1700000024000021000,37,,,,,,,,32,,0,0,,,,,,1,1,,,,1
1700000024000022000,00fffe00000e,011b19000000,0,0,Delay_Req,1,2,0,44,24,0,0,,0,1,0,0,0,0,0,1,1,1,1,0,0,020000fffe00000e,1,192,1,-4,1700000024000022000,37,,,,,,,,32,,0,0,,,,,,1,1,,,,1
1700000024000050000,00fffe00000a,011b19000000,0,0,Follow_Up,8,2,0,44,24,0,0,,0,1,0,0,0,0,0,1,1,1,1,0,0,020000fffe00000a,1,384,2,-4,1700000024000050000,37,,,,,,,,32,,0,0,,,,,,1,1,,1,,
1700000024000050000,00fffe000001,011b19000000,0,0,Delay_Resp,9,2,0,54,24,0,0,,0,1,0,0,0,0,0,1,1,1,1,0,0,020000fffe000001,2,192,3,0,,37,,,,,,,,32,,0,0,020000fffe00000c,1,,,,1,1,,,,1
1700000024000051000,00fffe000001,011b19000000,0,0,Delay_Resp,9,2,0,54,24,0,0,,0,1,0,0,0,0,0,1,1,1,1,0,0,020000fffe000001,2,192,3,0,,37,,,,,,,,32,,0,0,020000fffe00000d,1,,,,1,1,,,,1
1700000024000052000,00fffe000001,011b19000000,0,0,Delay_Resp,9,2,0,54,24,0,0,,0,1,0,0,0,0,0,1,1,1,1,0,0,020000fffe000001,2,192,3,0,,37,,,,,,,,32,,0,0,020000fffe00000e,1,,,,1,1,,,,1
1700000024062500000,00fffe00000a,011b19000000,0,0,Sync,0,2,0,44,24,0,0,,0,1,0,0,0,0,0,1,1,1,1,0,0,020000fffe00000a,1,385,0,-4,1700000024062500000,37,,,,,,,,32,,0,0,,,,,,1,1,,1,,
1700000024062550000,00fffe00000a,011b19000000,0,0,Follow_Up,8,2,0,44,24,0,0,,0,1,0,0,0,0,0,1,1,1,1,0,0,020000fffe00000a,1,385,2,-4,1700000024062550000,37,,,,,,,,32,,0,0,,,,,,1,1,,1,,
1700000024125000000,00fffe00000a,011b19000000,0,0,Announce,11,2,0,64,24,0,0,,0,1,0,0,0,1,0,0,1,0,1,0,0,020000fffe00000a,1,193,5,-3,,0,128,6,33,20061,128,020000fffe00000a,0,32,,0,0,,,1,0,1,1,1,1,,1,
1700000024125000000,00fffe00000a,011b19000000,0,0,Sync,0,2,0,44,24,0,0,,0,1,0,0,0,0,0,1,1,1,1,0,0,020000fffe00000a,1,386,0,-4,1700000024125000000,37,,,,,,,,32,,0,0,,,,,,1,1,,1,,
1700000024125010000,00fffe000001,011b19000000,0,0,Announce,11,2,0,64,24,0,0,,0,1,0,0,0,0,0,1,1,1,1,0,0,020000fffe000001,2,193,5,-3,,37,128,6,33,20061,128,020000fffe00000a,1,32,,0,0,,,1,0,0,1,1,1,,1,
1700000024125020000,00fffe00000c,011b19000000,0,0,Delay_Req,1,2,0,44,24,0,0,,0,1,0,0,0,0,0,1,1,1,1,0,0,020000fffe00000c,1,193,1,-4,1700000024125020000,37,,,,,,,,32,,0,0,,,,,,1,1,,,,1
1700000024125021000,00fffe00000d,011b19000000,0,0,Delay_Req,1,2,0,44,24,0,0,,0,1,0,0,0,0,0,1,1,1,1,0,0,020000fffe00000d,1,193,1,-4,1700000024125021000,37,,,,,,,,32,,0,0,,,,,,1,1,,,,1
1700000024125022000,00fffe00000e,011b19000000,0,0,Delay_Req,1,2,0,44,24,0,0,,0,1,0,0,0,0,0,1,1,1,1,0,0,020000fffe00000e,1,193,1,-4,1700000024125022000,37,,,,,,,,32,,0,0,,,,,,1,1,,,,1
1700000024125050000,00fffe00000a,011b19000000,0,0,Follow_Up,8,2,0,44,24,0,0,,0,1,0,0,0,0,0,1,1,1,1,0,0,020000fffe00000a,1,386,2,-4,1700000024125050000,37,,,,,,,,32,,0,0,,,,,,1,1,,1,,
1700000024125050000,00fffe000001,011b19000000,0,0,Delay_Resp,9,2,0,54,24,0,0,,0,1,0,0,0,0,0,1,1,1,1,0,0,020000fffe000001,2,193,3,0,,37,,,,,,,,32,,0,0,020000fffe00000c,1,,,,1,1,,,,1
1700000024125051000,00fffe000001,011b19000000,0,0,Delay_Resp,9,2,0,54,24,0,0,,0,1,0,0,0,0,0,1,1,1,1,0,0,020000fffe000001,2,193,3,0,,37,,,,,,,,32,,0,0,020000fffe00000d,1,,,,1,1,,,,1
1700000024125052000,00fffe000001,011b19000000,0,0,Delay_Resp,9,2,0,54,24,0,0,,0,1,0,0,0,0,0,1,1,1,1,0,0,020000fffe000001,2,193,3,0,,37,,,,,,,,32,,0,0,020000fffe00000e,1,,,,1,1,,,,1
1700000024187500000,00fffe00000a,011b19000000,0,0,Sync,0,2,0,44,24,0,0,,0,1,0,0,0,0,0,1,1,1,1,0,0,020000fffe00000a,1,387,0,-4,1700000024187500000,37,,,,,,,,32,,0,0,,,,,,1,1,,1,,
1700000024187550000,00fffe00000a,011b19000000,0,0,Follow_Up,8,2,0,44,24,0,0,,0,1,0,0,0,0,0,1,1,1,1,0,0,020000fffe00000a,1,387,2,-4,1700000024187550000,37,,,,,,,,32,,0,0,,,,,,1,1,,1,,
1700000024250000000,00fffe00000a,011b19000000,0,0,Announce,11,2,0,64,24,0,0,,0,1,0,0,0,1,0,0,1,0,1,0,0,020000fffe00000a,1,194,5,-3,,0,128,6,33,20061,128,020000fffe00000a,0,32,,0,0,,,1,0,1,1,1,1,,1,
1700000024250000000,00fffe00000a,011b19000000,0,0,Sync,0,2,0,44,24,0,0,,0,1,0,0,0,0,0,1,1,1,1,0,0,020000fffe00000a,1,388,0,-4,1700000024250000000,37,,,,,,,,32,,0,0,,,,,,1,1,,1,,
1700000024250010000,00fffe000001,011b19000000,0,0,Announce,11,2,0,64,24,0,0,,0,1,0,0,0,0,0,1,1,1,1,0,0,020000fffe000001,2,194,5,-3,,37,128,6,33,20061,128,020000fffe00000a,1,32,,0,0,,,1,0,0,1,1,1,,1,
1700000024250020000,00fffe00000c,011b19000000,0,0,Delay_Req,1,2,0,44,24,0,0,,0,1,0,0,0,0,0,1,1,1,1,0,0,020000fffe00000c,1,194,1,-4,1700000024250020000,37,,,,,,,,32,,0,0,,,,,,1,1,,,,1
1700000024250021000,00fffe00000d,011b19000000,0,0,Delay_Req,1,2,0,44,24,0,0,,0,1,0,0,0,0,0,1,1,1,1,0,0,020000fffe00000d,1,194,1,-4,1700000024250021000,37,,,,,,,,32,,0,0,,,,,,1,1,,,,1
1700000024250022000,00fffe00000e,011b19000000,0,0,Delay_Req,1,2,0,44,24,0,0,,0,1,0,0,0,0,0,1,1,1,1,0,0,020000fffe00000e,1,194,1,-4,1700000024250022000,37,,,,,,,,32,,0,0,,,,,,1,1,,,,1
1700000024250050000,00fffe00000a,011b19000000,0,0,Follow_Up,8,2,0,44,24,0,0,,0,1,0,0,0,0,0,1,1,1,1,0,0,020000fffe00000a,1,388,2,-4,1700000024250050000,37,,,,,,,,32,,0,0,,,,,,1,1,,1,,
1700000024250050000,00fffe000001,011b19000000,0,0,Delay_Resp,9,2,0,54,24,0,0,,0,1,0,0,0,0,0,1,1,1,1,0,0,020000fffe000001,2,194,3,0,,37,,,,,,,,32,,0,0,020000fffe00000c,1,,,,1,1,,,,1
1700000024250051000,00fffe000001,011b19000000,0,0,Delay_Resp,9,2,0,54,24,0,0,,0,1,0,0,0,0,0,1,1,1,1,0,0,020000fffe000001,2,194,3,0,,37,,,,,,,,32,,0,0,020000fffe00000d,1,,,,1,1,,,,1
1700000024250052000,00fffe000001,011b19000000,0,0,Delay_Resp,9,2,0,54,24,0,0,,0,1,0,0,0,0,0,1,1,1,1,0,0,020000fffe000001,2,194,3,0,,37,,,,,,,,32,,0,0,020000fffe00000e,1,,,,1,1,,,,1
1700000024312500000,00fffe00000a,011b19000000,0,0,Sync,0,2,0,44,24,0,0,,0,1,0,0,0,0,0,1,1,1,1,0,0,020000fffe00000a,1,389,0,-4,1700000024312500000,37,,,,,,,,32,,0,0,,,,,,1,1,,1,,
1700000024312550000,00fffe00000a,011b19000000,0,0,Follow_Up,8,2,0,44,24,0,0,,0,1,0,0,0,0,0,1,1,1,1,0,0,020000fffe00000a,1,389,2,-4,1700000024312550000,37,,,,,,,,32,,0,0,,,,,,1,1,,1,,
1700000024375000000,00fffe00000a,011b19000000,0,0,Announce,11,2,0,64,24,0,0,,0,1,0,0,0,1,0,0,1,0,1,0,0,020000fffe00000a,1,195,5,-3,,0,128,6,33,20061,128,020000fffe00000a,0,32,,0,0,,,1,0,1,1,1,1,,1,
1700000024375000000,00fffe00000a,011b19000000,0,0,Sync,0,2,0,44,24,0,0,,0,1,0,0,0,0,0,1,1,1,1,0,0,020000fffe00000a,1,390,0,-4,1700000024375000000,37,,,,,,,,32,,0,0,,,,,,1,1,,1,,
1700000024375010000,00fffe000001,011b19000000,0,0,Announce,11,2,0,64,24,0,0,,0,1,0,0,0,0,0,1,1,1,1,0,0,020000fffe000001,2,195,5,-3,,37,128,6,33,20061,128,020000fffe00000a,1,32,,0,0,,,1,0,0,1,1,1,,1,
1700000024375020000,00fffe00000c,011b19000000,0,0,Delay_Req,1,2,0,44,24,0,0,,0,1,0,0,0,0,0,1,1,1,1,0,0,020000fffe00000c,1,195,1,-4,1700000024375020000,37,,,,,,,,32,,0,0,,,,,,1,1,,,,1
1700000024375021000,00fffe00000d,011b19000000,0,0,Delay_Req,1,2,0,44,24,0,0,,0,1,0,0,0,0,0,1,1,1,1,0,0,020000fffe00000d,1,195,1,-4,1700000024375021000,37,,,,,,,,32,,0,0,,,,,,1,1,,,,1
1700000024375022000,00fffe00000e,011b19000000,0,0,Delay_Req,1,2,0,44,24,0,0,,0,1,0,0,0,0,0,1,1,1,1,0,0,020000fffe00000e,1,195,1,-4,1700000024375022000,37,,,,,,,,32,,0,0,,,,,,1,1,,,,1
1700000024375050000,00fffe00000a,011b19000000,0,0,Follow_Up,8,2,0,44,24,0,0,,0,1,0,0,0,0,0,1,1,1,1,0,0,020000fffe00000a,1,390,2,-4,1700000024375050000,37,,,,,,,,32,,0,0,,,,,,1,1,,1,,
1700000024375050000,00fffe000001,011b19000000,0,0,Delay_Resp,9,2,0,54,24,0,0,,0,1,0,0,0,0,0,1,1,1,1,0,0,020000fffe000001,2,195,3,0,,37,,,,,,,,32,,0,0,020000fffe00000c,1,,,,1,1,,,,1
1700000024375051000,00fffe000001,011b19000000,0,0,Delay_Resp,9,2,0,54,24,0,0,,0,1,0,0,0,0,0,1,1,1,1,0,0,020000fffe000001,2,195,3,0,,37,,,,,,,,32,,0,0,020000fffe00000d,1,,,,1,1,,,,1
1700000024375052000,00fffe000001,011b19000000,0,0,Delay_Resp,9,2,0,54,24,0,0,,0,1,0,0,0,0,0,1,1,1,1,0,0,020000fffe000001,2,195,3,0,,37,,,,,,,,32,,0,0,020000fffe00000e,1,,,,1,1,,,,1
1700000024437500000,00fffe00000a,011b19000000,0,0,Sync,0,2,0,44,24,0,0,,0,1,0,0,0,0,0,1,1,1,1,0,0,020000fffe00000a,1,391,0,-4,1700000024437500000,37,,,,,,,,32,,0,0,,,,,,1,1,,1,,
1700000024437550000,00fffe00000a,011b19000000,0,0,Follow_Up,8,2,0,44,24,0,0,,0,1,0,0,0,0,0,1,1,1,1,0,0,020000fffe00000a,1,391,2,-4,1700000024437550000,37,,,,,,,,32,,0,0,,,,,,1,1,,1,,
1700000024500000000,00fffe00000a,011b19000000,0,0,Announce,11,2,0,64,24,0,0,,0,1,0,0,0,1,0,0,1,0,1,0,0,020000fffe00000a,1,196,5,-3,,0,128,6,33,20061,128,020000fffe00000a,0,32,,0,0,,,1,0,1,1,1,1,,1,
1700000024500000000,00fffe00000a,011b19000000,0,0,Sync,0,2,0,44,24,0,0,,0,1,0,0,0,0,0,1,1,1,1,0,0,020000fffe00000a,1,392,0,-4,1700000024500000000,37,,,,,,,,32,,0,0,,,,,,1,1,,1,,
1700000024500010000,00fffe000001,011b19000000,0,0,Announce,11,2,0,64,24,0,0,,0,1,0,0,0,0,0,1,1,1,1,0,0,020000fffe000001,2,196,5,-3,,37,128,6,33,20061,128,020000fffe00000a,1,32,,0,0,,,1,0,0,1,1,1,,1,
1700000024500020000,00fffe00000c,011b19000000,0,0,Delay_Req,1,2,0,44,24,0,0,,0,1,0,0,0,0,0,1,1,1,1,0,0,020000fffe00000c,1,196,1,-4,1700000024500020000,37,,,,,,,,32,,0,0,,,,,,1,1,,,,1
1700000024500021000,00fffe00000d,011b19000000,0,0,Delay_Req,1,2,0,44,24,0,0,,0,1,0,0,0,0,0,1,1,1,1,0,0,020000fffe00000d,1,196,1,-4,1700000024500021000,37,,,,,,,,32,,0,0,,,,,,1,1,,,,1
1700000024500022000,00fffe00000e,011b19000000,0,0,Delay_Req,1,2,0,44,24,0,0,,0,1,0,0,0,0,0,1,1,1,1,0,0,020000fffe00000e,1,196,1,-4,1700000024500022000,37,,,,,,,,32,,0,0,,,,,,1,1,,,,1
1700000024500050000,00fffe00000a,011b19000000,0,0,Follow_Up,8,2,0,44,24,0,0,,0,1,0,0,0,0,0,1,1,1,1,0,0,020000fffe00000a,1,392,2,-4,1700000024500050000,37,,,,,,,,32,,0,0,,,,,,1,1,,1,,
1700000024500050000,00fffe000001,011b19000000,0,0,Delay_Resp,9,2,0,54,24,0,0,,0,1,0,0,0,0,0,1,1,1,1,0,0,020000fffe000001,2,196,3,0,,37,,,,,,,,32,,0,0,020000fffe00000c,1,,,,1,1,,,,1
1700000024500051000,00fffe000001,011b19000000,0,0,Delay_Resp,9,2,0,54,24,0,0,,0,1,0,0,0,0,0,1,1,1,1,0,0,020000fffe000001,2,196,3,0,,37,,,,,,,,32,,0,0,020000fffe00000d,1,,,,1,1,,,,1
1700000024500052000,00fffe000001,011b19000000,0,0,Delay_Resp,9,2,0,54,24,0,0,,0,1,0,0,0,0,0,1,1,1,1,0,0,020000fffe000001,2,196,3,0,,37,,,,,,,,32,,0,0,020000fffe00000e,1,,,,1,1,,,,1
1700000024562500000,00fffe00000a,011b19000000,0,0,Sync,0,2,0,44,24,0,0,,0,1,0,0,0,0,0,1,1,1,1,0,0,020000fffe00000a,1,393,0,-4,1700000024562500000,37,,,,,,,,32,,0,0,,,,,,1,1,,1,,
1700000024562550000,00fffe00000a,011b19000000,0,0,Follow_Up,8,2,0,44,24,0,0,,0,1,0,0,0,0,0,1,1,1,1,0,0,020000fffe00000a,1,393,2,-4,1700000024562550000,37,,,,,,,,32,,0,0,,,,,,1,1,,1,,
1700000024625000000,00fffe00000a,011b19000000,0,0,Announce,11,2,0,64,24,0,0,,0,1,0,0,0,1,0,0,1,0,1,0,0,020000fffe00000a,1,197,5,-3,,0,128,6,33,20061,128,020000fffe00000a,0,32,,0,0,,,1,0,1,1,1,1,,1,
1700000024625000000,00fffe00000a,011b19000000,0,0,Sync,0,2,0,44,24,0,0,,0,1,0,0,0,0,0,1,1,1,1,0,0,020000fffe00000a,1,394,0,-4,1700000024625000000,37,,,,,,,,32,,0,0,,,,,,1,1,,1,,
1700000024625010000,00fffe000001,011b19000000,0,0,Announce,11,2,0,64,24,0,0,,0,1,0,0,0,0,0,1,1,1,1,0,0,020000fffe000001,2,197,5,-3,,37,128,6,33,20061,128,020000fffe00000a,1,32,,0,0,,,1,0,0,1,1,1,,1,
1700000024625020000,00fffe00000c,011b19000000,0,0,Delay_Req,1,2,0,44,24,0,0,,0,1,0,0,0,0,0,1,1,1,1,0,0,020000fffe00000c,1,197,1,-4,1700000024625020000,37,,,,,,,,32,,0,0,,,,,,1,1,,,,1
1700000024625021000,00fffe00000d,011b19000000,0,0,Delay_Req,1,2,0,44,24,0,0,,0,1,0,0,0,0,0,1,1,1,1,0,0,020000fffe00000d,1,197,1,-4,1700000024625021000,37,,,,,,,,32,,0,0,,,,,,1,1,,,,1
1700000024625022000,00fffe00000e,011b19000000,0,0,Delay_Req,1,2,0,44,24,0,0,,0,1,0,0,0,0,0,1,1,1,1,0,0,020000fffe00000e,1,197,1,-4,1700000024625022000,37,,,,,,,,32,,0,0,,,,,,1,1,,,,1
1700000024625050000,00fffe00000a,011b19000000,0,0,Follow_Up,8,2,0,44,24,0,0,,0,1,0,0,0,0,0,1,1,1,1,0,0,020000fffe00000a,1,394,2,-4,1700000024625050000,37,,,,,,,,32,,0,0,,,,,,1,1,,1,,
1700000024625050000,00fffe000001,011b19000000,0,0,Delay_Resp,9,2,0,54,24,0,0,,0,1,0,0,0,0,0,1,1,1,1,0,0,020000fffe000001,2,197,3,0,,37,,,,,,,,32,,0,0,020000fffe00000c,1,,,,1,1,,,,1
1700000024625051000,00fffe000001,011b19000000,0,0,Delay_Resp,9,2,0,54,24,0,0,,0,1,0,0,0,0,0,1,1,1,1,0,0,020000fffe000001,2,197,3,0,,37,,,,,,,,32,,0,0,020000fffe00000d,1,,,,1,1,,,,1
1700000024625052000,00fffe000001,011b19000000,0,0,Delay_Resp,9,2,0,54,24,0,0,,0,1,0,0,0,0,0,1,1,1,1,0,0,020000fffe000001,2,197,3,0,,37,,,,,,,,32,,0,0,020000fffe00000e,1,,,,1,1,,,,1
1700000024687500000,00fffe00000a,011b19000000,0,0,Sync,0,2,0,44,24,0,0,,0,1,0,0,0,0,0,1,1,1,1,0,0,020000fffe00000a,1,395,0,-4,1700000024687500000,37,,,,,,,,32,,0,0,,,,,,1,1,,1,,
1700000024687550000,00fffe00000a,011b19000000,0,0,Follow_Up,8,2,0,44,24,0,0,,0,1,0,0,0,0,0,1,1,1,1,0,0,020000fffe00000a,1,395,2,-4,1700000024687550000,37,,,,,,,,32,,0,0,,,,,,1,1,,1,,
1700000024750000000,00fffe00000a,011b19000000,0,0,Announce,11,2,0,64,24,0,0,,0,1,0,0,0,1,0,0,1,0,1,0,0,020000fffe00000a,1,198,5,-3,,0,128,6,33,20061,128,020000fffe00000a,0,32,,0,0,,,1,0,1,1,1,1,,1,
1700000024750000000,00fffe00000a,011b19000000,0,0,Sync,0,2,0,44,24,0,0,,0,1,0,0,0,0,0,1,1,1,1,0,0,020000fffe00000a,1,396,0,-4,1700000024750000000,37,,,,,,,,32,,0,0,,,,,,1,1,,1,,
1700000024750010000,00fffe000001,011b19000000,0,0,Announce,11,2,0,64,24,0,0,,0,1,0,0,0,0,0,1,1,1,1,0,0,020000fffe000001,2,198,5,-3,,37,128,6,33,20061,128,020000fffe00000a,1,32,,0,0,,,1,0,0,1,1,1,,1,
1700000024750020000,00fffe00000c,011b19000000,0,0,Delay_Req,1,2,0,44,24,0,0,,0,1,0,0,0,0,0,1,1,1,1,0,0,020000fffe00000c,1,198,1,-4,1700000024750020000,37,,,,,,,,32,,0,0,,,,,,1,1,,,,1
1700000024750021000,00fffe00000d,011b19000000,0,0,Delay_Req,1,2,0,44,24,0,0,,0,1,0,0,0,0,0,1,1,1,1,0,0,020000fffe00000d,1,198,1,-4,1700000024750021000,37,,,,,,,,32,,0,0,,,,,,1,1,,,,1
1700000024750022000,00fffe00000e,011b19000000,0,0,Delay_Req,1,2,0,44,24,0,0,,0,1,0,0,0,0,0,1,1,1,1,0,0,020000fffe00000e,1,198,1,-4,1700000024750022000,37,,,,,,,,32,,0,0,,,,,,1,1,,,,1
1700000024750050000,00fffe00000a,011b19000000,0,0,Follow_Up,8,2,0,44,24,0,0,,0,1,0,0,0,0,0,1,1,1,1,0,0,020000fffe00000a,1,396,2,-4,1700000024750050000,37,,,,,,,,32,,0,0,,,,,,1,1,,1,,
1700000024750050000,00fffe000001,011b19000000,0,0,Delay_Resp,9,2,0,54,24,0,0,,0,1,0,0,0,0,0,1,1,1,1,0,0,020000fffe000001,2,198,3,0,,37,,,,,,,,32,,0,0,020000fffe00000c,1,,,,1,1,,,,1
1700000024750051000,00fffe000001,011b19000000,0,0,Delay_Resp,9,2,0,54,24,0,0,,0,1,0,0,0,0,0,1,1,1,1,0,0,020000fffe000001,2,198,3,0,,37,,,,,,,,32,,0,0,020000fffe00000d,1,,,,1,1,,,,1
1700000024750052000,00fffe000001,011b19000000,0,0,Delay_Resp,9,2,0,54,24,0,0,,0,1,0,0,0,0,0,1,1,1,1,0,0,020000fffe000001,2,198,3,0,,37,,,,,,,,32,,0,0,020000fffe00000e,1,,,,1,1,,,,1
1700000024812500000,00fffe00000a,011b19000000,0,0,Sync,0,2,0,44,24,0,0,,0,1,0,0,0,0,0,1,1,1,1,0,0,020000fffe00000a,1,397,0,-4,1700000024812500000,37,,,,,,,,32,,0,0,,,,,,1,1,,1,,
1700000024812550000,00fffe00000a,011b19000000,0,0,Follow_Up,8,2,0,44,24,0,0,,0,1,0,0,0,0,0,1,1,1,1,0,0,020000fffe00000a,1,397,2,-4,1700000024812550000,37,,,,,,,,32,,0,0,,,,,,1,1,,1,,
1700000024875000000,00fffe00000a,011b19000000,0,0,Announce,11,2,0,64,24,0,0,,0,1,0,0,0,1,0,0,1,0,1,0,0,020000fffe00000a,1,199,5,-3,,0,128,6,33,20061,128,020000fffe00000a,0,32,,0,0,,,1,0,1,1,1,1,,1,
1700000024875000000,00fffe00000a,011b19000000,0,0,Sync,0,2,0,44,24,0,0,,0,1,0,0,0,0,0,1,1,1,1,0,0,020000fffe00000a,1,398,0,-4,1700000024875000000,37,,,,,,,,32,,0,0,,,,,,1,1,,1,,
1700000024875010000,00fffe000001,011b19000000,0,0,Announce,11,2,0,64,24,0,0,,0,1,0,0,0,0,0,1,1,1,1,0,0,020000fffe000001,2,199,5,-3,,37,128,6,33,20061,128,020000fffe00000a,1,32,,0,0,,,1,0,0,1,1,1,,1,
1700000024875020000,00fffe00000c,011b19000000,0,0,Delay_Req,1,2,0,44,24,0,0,,0,1,0,0,0,0,0,1,1,1,1,0,0,020000fffe00000c,1,199,1,-4,1700000024875020000,37,,,,,,,,32,,0,0,,,,,,1,1,,,,1
1700000024875021000,00fffe00000d,011b19000000,0,0,Delay_Req,1,2,0,44,24,0,0,,0,1,0,0,0,0,0,1,1,1,1,0,0,020000fffe00000d,1,199,1,-4,1700000024875021000,37,,,,,,,,32,,0,0,,,,,,1,1,,,,1
1700000024875022000,00fffe00000e,011b19000000,0,0,Delay_Req,1,2,0,44,24,0,0,,0,1,0,0,0,0,0,1,1,1,1,0,0,020000fffe00000e,1,199,1,-4,1700000024875022000,37,,,,,,,,32,,0,0,,,,,,1,1,,,,1
1700000024875050000,00fffe00000a,011b19000000,0,0,Follow_Up,8,2,0,44,24,0,0,,0,1,0,0,0,0,0,1,1,1,1,0,0,020000fffe00000a,1,398,2,-4,1700000024875050000,37,,,,,,,,32,,0,0,,,,,,1,1,,1,,
1700000024875050000,00fffe000001,011b19000000,0,0,Delay_Resp,9,2,0,54,24,0,0,,0,1,0,0,0,0,0,1,1,1,1,0,0,020000fffe000001,2,199,3,0,,37,,,,,,,,32,,0,0,020000fffe00000c,1,,,,1,1,,,,1
1700000024875051000,00fffe000001,011b19000000,0,0,Delay_Resp,9,2,0,54,24,0,0,,0,1,0,0,0,0,0,1,1,1,1,0,0,020000fffe000001,2,199,3,0,,37,,,,,,,,32,,0,0,020000fffe00000d,1,,,,1,1,,,,1
1700000024875052000,00fffe000001,011b19000000,0,0,Delay_Resp,9,2,0,54,24,0,0,,0,1,0,0,0,0,0,1,1,1,1,0,0,020000fffe000001,2,199,3,0,,37,,,,,,,,32,,0,0,020000fffe00000e,1,,,,1,1,,,,1
1700000024937500000,00fffe00000a,011b19000000,0,0,Sync,0,2,0,44,24,0,0,,0,1,0,0,0,0,0,1,1,1,1,0,0,020000fffe00000a,1,399,0,-4,1700000024937500000,37,,,,,,,,32,,0,0,,,,,,1,1,,1,,
1700000024937550000,00fffe00000a,011b19000000,0,0,Follow_Up,8,2,0,44,24,0,0,,0,1,0,0,0,0,0,1,1,1,1,0,0,020000fffe00000a,1,399,2,-4,1700000024937550000,37,,,,,,,,32,,0,0,,,,,,1,1,,1,,
1700000025000000000,00fffe00000a,011b19000000,0,0,Announce,11,2,0,64,24,0,0,,0,1,0,0,0,1,0,0,1,0,1,0,0,020000fffe00000a,1,200,5,-3,,0,128,6,33,20061,128,020000fffe00000a,0,32,,0,0,,,1,0,1,1,1,1,,1,
1700000025000000000,00fffe00000a,011b19000000,0,0,Sync,0,2,0,44,24,0,0,,0,1,0,0,0,0,0,1,1,1,1,0,0,020000fffe00000a,1,400,0,-4,1700000025000000000,37,,,,,,,,32,,0,0,,,,,,1,1,,1,,
1700000025000010000,00fffe000001,011b19000000,0,0,Announce,11,2,0,64,24,0,0,,0,1,0,0,0,0,0,1,1,1,1,0,0,020000fffe000001,2,200,5,-3,,37,128,6,33,20061,128,020000fffe00000a,1,32,,0,0,,,1,0,0,1,1,1,,1,
1700000025000020000,00fffe00000c,011b19000000,0,0,Delay_Req,1,2,0,44,24,0,0,,0,1,0,0,0,0,0,1,1,1,1,0,0,020000fffe00000c,1,200,1,-4,1700000025000020000,37,,,,,,,,32,,0,0,,,,,,1,1,,,,1
1700000025000021000,00fffe00000d,011b19000000,0,0,Delay_Req,1,2,0,44,24,0,0,,0,1,0,0,0,0,0,1,1,1,1,0,0,020000fffe00000d,1,200,1,-4,1700000025000021000,37,,,,,,,,32,,0,0,,,,,,1,1,,,,1
1700000025000022000,00fffe00000e,011b19000000,0,0,Delay_Req,1,2,0,44,24,0,0,,0,1,0,0,0,0,0,1,1,1,1,0,0,020000fffe00000e,1,200,1,-4,1700000025000022000,37,,,,,,,,32,,0,0,,,,,,1,1,,,,1
1700000025000050000,00fffe00000a,011b19000000,0,0,Follow_Up,8,2,0,44,24,0,0,,0,1,0,0,0,0,0,1,1,1,1,0,0,020000fffe00000a,1,400,2,-4,1700000025000050000,37,,,,,,,,32,,0,0,,,,,,1,1,,1,,
1700000025000050000,00fffe000001,011b19000000,0,0,Delay_Resp,9,2,0,54,24,0,0,,0,1,0,0,0,0,0,1,1,1,1,0,0,020000fffe000001,2,200,3,0,,37,,,,,,,,32,,0,0,020000fffe00000c,1,,,,1,1,,,,1
1700000025000051000,00fffe000001,011b19000000,0,0,Delay_Resp,9,2,0,54,24,0,0,,0,1,0,0,0,0,0,1,1,1,1,0,0,020000fffe000001,2,200,3,0,,37,,,,,,,,32,,0,0,020000fffe00000d,1,,,,1,1,,,,1
1700000025000052000,00fffe000001,011b19000000,0,0,Delay_Resp,9,2,0,54,24,0,0,,0,1,0,0,0,0,0,1,1,1,1,0,0,020000fffe000001,2,200,3,0,,37,,,,,,,,32,,0,0,020000fffe00000e,1,,,,1,1,,,,1
1700000025062500000,00fffe00000a,011b19000000,0,0,Sync,0,2,0,44,24,0,0,,0,1,0,0,0,0,0,1,1,1,1,0,0,020000fffe00000a,1,401,0,-4,1700000025062500000,37,,,,,,,,32,,0,0,,,,,,1,1,,1,,
1700000025062550000,00fffe00000a,011b19000000,0,0,Follow_Up,8,2,0,44,24,0,0,,0,1,0,0,0,0,0,1,1,1,1,0,0,020000fffe00000a,1,401,2,-4,1700000025062550000,37,,,,,,,,32,,0,0,,,,,,1,1,,1,,
1700000025125000000,00fffe00000a,011b19000000,0,0,Announce,11,2,0,64,24,0,0,,0,1,0,0,0,1,0,0,1,0,1,0,0,020000fffe00000a,1,201,5,-3,,0,128,6,33,20061,128,020000fffe00000a,0,32,,0,0,,,1,0,1,1,1,1,,1,
1700000025125000000,00fffe00000a,011b19000000,0,0,Sync,0,2,0,44,24,0,0,,0,1,0,0,0,0,0,1,1,1,1,0,0,020000fffe00000a,1,402,0,-4,1700000025125000000,37,,,,,,,,32,,0,0,,,,,,1,1,,1,,
1700000025125010000,00fffe000001,011b19000000,0,0,Announce,11,2,0,64,24,0,0,,0,1,0,0,0,0,0,1,1,1,1,0,0,020000fffe000001,2,201,5,-3,,37,128,6,33,20061,128,020000fffe00000a,1,32,,0,0,,,1,0,0,1,1,1,,1,
1700000025125020000,00fffe00000c,011b19000000,0,0,Delay_Req,1,2,0,44,24,0,0,,0,1,0,0,0,0,0,1,1,1,1,0,0,020000fffe00000c,1,201,1,-4,1700000025125020000,37,,,,,,,,32,,0,0,,,,,,1,1,,,,1
1700000025125021000,00fffe00000d,011b19000000,0,0,Delay_Req,1,2,0,44,24,0,0,,0,1,0,0,0,0,0,1,1,1,1,0,0,020000fffe00000d,1,201,1,-4,1700000025125021000,37,,,,,,,,32,,0,0,,,,,,1,1,,,,1
1700000025125022000,00fffe00000e,011b19000000,0,0,Delay_Req,1,2,0,44,24,0,0,,0,1,0,0,0,0,0,1,1,1,1,0,0,020000fffe00000e,1,201,1,-4,1700000025125022000,37,,,,,,,,32,,0,0,,,,,,1,1,,,,1
1700000025125050000,00fffe00000a,011b19000000,0,0,Follow_Up,8,2,0,44,24,0,0,,0,1,0,0,0,0,0,1,1,1,1,0,0,020000fffe00000a,1,402,2,-4,1700000025125050000,37,,,,,,,,32,,0,0,,,,,,1,1,,1,,
1700000025125050000,00fffe000001,011b19000000,0,0,Delay_Resp,9,2,0,54,24,0,0,,0,1,0,0,0,0,0,1,1,1,1,0,0,020000fffe000001,2,201,3,0,,37,,,,,,,,32,,0,0,020000fffe00000c,1,,,,1,1,,,,1
1700000025125051000,00fffe000001,011b19000000,0,0,Delay_Resp,9,2,0,54,24,0,0,,0,1,0,0,0,0,0,1,1,1,1,0,0,020000fffe000001,2,201,3,0,,37,,,,,,,,32,,0,0,020000fffe00000d,1,,,,1,1,,,,1
1700000025125052000,00fffe000001,011b19000000,0,0,Delay_Resp,9,2,0,54,24,0,0,,0,1,0,0,0,0,0,1,1,1,1,0,0,020000fffe000001,2,201,3,0,,37,,,,,,,,32,,0,0,020000fffe00000e,1,,,,1,1,,,,1
1700000025187500000,00fffe00000a,011b19000000,0,0,Sync,0,2,0,44,24,0,0,,0,1,0,0,0,0,0,1,1,1,1,0,0,020000fffe00000a,1,403,0,-4,1700000025187500000,37,,,,,,,,32,,0,0,,,,,,1,1,,1,,
1700000025187550000,00fffe00000a,011b19000000,0,0,Follow_Up,8,2,0,44,24,0,0,,0,1,0,0,0,0,0,1,1,1,1,0,0,020000fffe00000a,1,403,2,-4,1700000025187550000,37,,,,,,,,32,,0,0,,,,,,1,1,,1,,
1700000025250000000,00fffe00000a,011b19000000,0,0,Announce,11,2,0,64,24,0,0,,0,1,0,0,0,1,0,0,1,0,1,0,0,020000fffe00000a,1,202,5,-3,,0,128,6,33,20061,128,020000fffe00000a,0,32,,0,0,,,1,0,1,1,1,1,,1,
1700000025250000000,00fffe00000a,011b19000000,0,0,Sync,0,2,0,44,24,0,0,,0,1,0,0,0,0,0,1,1,1,1,0,0,020000fffe00000a,1,404,0,-4,1700000025250000000,37,,,,,,,,32,,0,0,,,,,,1,1,,1,,
1700000025250010000,00fffe000001,011b19000000,0,0,Announce,11,2,0,64,24,0,0,,0,1,0,0,0,0,0,1,1,1,1,0,0,020000fffe000001,2,202,5,-3,,37,128,6,33,20061,128,020000fffe00000a,1,32,,0,0,,,1,0,0,1,1,1,,1,
1700000025250020000,00fffe00000c,011b19000000,0,0,Delay_Req,1,2,0,44,24,0,0,,0,1,0,0,0,0,0,1,1,1,1,0,0,020000fffe00000c,1,202,1,-4,1700000025250020000,37,,,,,,,,32,,0,0,,,,,,1,1,,,,1
1700000025250021000,00fffe00000d,011b19000000,0,0,Delay_Req,1,2,0,44,24,0,0,,0,1,0,0,0,0,0,1,1,1,1,0,0,020000fffe00000d,1,202,1,-4,1700000025250021000,37,,,,,,,,32,,0,0,,,,,,1,1,,,,1
1700000025250022000,00fffe00000e,011b19000000,0,0,Delay_Req,1,2,0,44,24,0,0,,0,1,0,0,0,0,0,1,1,1,1,0,0,020000fffe00000e,1,202,1,-4,1700000025250022000,37,,,,,,,,32,,0,0,,,,,,1,1,,,,1
1700000025250050000,00fffe00000a,011b19000000,0,0,Follow_Up,8,2,0,44,24,0,0,,0,1,0,0,0,0,0,1,1,1,1,0,0,020000fffe00000a,1,404,2,-4,1700000025250050000,37,,,,,,,,32,,0,0,,,,,,1,1,,1,,
1700000025250050000,00fffe000001,011b19000000,0,0,Delay_Resp,9,2,0,54,24,0,0,,0,1,0,0,0,0,0,1,1,1,1,0,0,020000fffe000001,2,202,3,0,,37,,,,,,,,32,,0,0,020000fffe00000c,1,,,,1,1,,,,1
1700000025250051000,00fffe000001,011b19000000,0,0,Delay_Resp,9,2,0,54,24,0,0,,0,1,0,0,0,0,0,1,1,1,1,0,0,020000fffe000001,2,202,3,0,,37,,,,,,,,32,,0,0,020000fffe00000d,1,,,,1,1,,,,1
1700000025250052000,00fffe000001,011b19000000,0,0,Delay_Resp,9,2,0,54,24,0,0,,0,1,0,0,0,0,0,1,1,1,1,0,0,020000fffe000001,2,202,3,0,,37,,,,,,,,32,,0,0,020000fffe00000e,1,,,,1,1,,,,1
1700000025312500000,00fffe00000a,011b19000000,0,0,Sync,0,2,0,44,24,0,0,,0,1,0,0,0,0,0,1,1,1,1,0,0,020000fffe00000a,1,405,0,-4,1700000025312500000,37,,,,,,,,32,,0,0,,,,,,1,1,,1,,
1700000025312550000,00fffe00000a,011b19000000,0,0,Follow_Up,8,2,0,44,24,0,0,,0,1,0,0,0,0,0,1,1,1,1,0,0,020000fffe00000a,1,405,2,-4,1700000025312550000,37,,,,,,,,32,,0,0,,,,,,1,1,,1,,
1700000025375000000,00fffe00000a,011b19000000,0,0,Announce,11,2,0,64,24,0,0,,0,1,0,0,0,1,0,0,1,0,1,0,0,020000fffe00000a,1,203,5,-3,,0,128,6,33,20061,128,020000fffe00000a,0,32,,0,0,,,1,0,1,1,1,1,,1,
1700000025375000000,00fffe00000a,011b19000000,0,0,Sync,0,2,0,44,24,0,0,,0,1,0,0,0,0,0,1,1,1,1,0,0,020000fffe00000a,1,406,0,-4,1700000025375000000,37,,,,,,,,32,,0,0,,,,,,1,1,,1,,
1700000025375010000,00fffe000001,011b19000000,0,0,Announce,11,2,0,64,24,0,0,,0,1,0,0,0,0,0,1,1,1,1,0,0,020000fffe000001,2,203,5,-3,,37,128,6,33,20061,128,020000fffe00000a,1,32,,0,0,,,1,0,0,1,1,1,,1,
1700000025375020000,00fffe00000c,011b19000000,0,0,Delay_Req,1,2,0,44,24,0,0,,0,1,0,0,0,0,0,1,1,1,1,0,0,020000fffe00000c,1,203,1,-4,1700000025375020000,37,,,,,,,,32,,0,0,,,,,,1,1,,,,1
1700000025375021000,00fffe00000d,011b19000000,0,0,Delay_Req,1,2,0,44,24,0,0,,0,1,0,0,0,0,0,1,1,1,1,0,0,020000fffe00000d,1,203,1,-4,1700000025375021000,37,,,,,,,,32,,0,0,,,,,,1,1,,,,1
1700000025375022000,00fffe00000e,011b19000000,0,0,Delay_Req,1,2,0,44,24,0,0,,0,1,0,0,0,0,0,1,1,1,1,0,0,020000fffe00000e,1,203,1,-4,1700000025375022000,37,,,,,,,,32,,0,0,,,,,,1,1,,,,1
1700000025375050000,00fffe00000a,011b19000000,0,0,Follow_Up,8,2,0,44,24,0,0,,0,1,0,0,0,0,0,1,1,1,1,0,0,020000fffe00000a,1,406,2,-4,1700000025375050000,37,,,,,,,,32,,0,0,,,,,,1,1,,1,,
1700000025375050000,00fffe000001,011b19000000,0,0,Delay_Resp,9,2,0,54,24,0,0,,0,1,0,0,0,0,0,1,1,1,1,0,0,020000fffe000001,2,203,3,0,,37,,,,,,,,32,,0,0,020000fffe00000c,1,,,,1,1,,,,1
1700000025375051000,00fffe000001,011b19000000,0,0,Delay_Resp,9,2,0,54,24,0,0,,0,1,0,0,0,0,0,1,1,1,1,0,0,020000fffe000001,2,203,3,0,,37,,,,,,,,32,,0,0,020000fffe00000d,1,,,,1,1,,,,1
1700000025375052000,00fffe000001,011b19000000,0,0,Delay_Resp,9,2,0,54,24,0,0,,0,1,0,0,0,0,0,1,1,1,1,0,0,020000fffe000001,2,203,3,0,,37,,,,,,,,32,,0,0,020000fffe00000e,1,,,,1,1,,,,1
1700000025437500000,00fffe00000a,011b19000000,0,0,Sync,0,2,0,44,24,0,0,,0,1,0,0,0,0,0,1,1,1,1,0,0,020000fffe00000a,1,407,0,-4,1700000025437500000,37,,,,,,,,32,,0,0,,,,,,1,1,,1,,
1700000025437550000,00fffe00000a,011b19000000,0,0,Follow_Up,8,2,0,44,24,0,0,,0,1,0,0,0,0,0,1,1,1,1,0,0,020000fffe00000a,1,407,2,-4,1700000025437550000,37,,,,,,,,32,,0,0,,,,,,1,1,,1,,
1700000025500000000,00fffe00000a,011b19000000,0,0,Announce,11,2,0,64,24,0,0,,0,1,0,0,0,1,0,0,1,0,1,0,0,020000fffe00000a,1,204,5,-3,,0,128,6,33,20061,128,020000fffe00000a,0,32,,0,0,,,1,0,1,1,1,1,,1,
1700000025500000000,00fffe00000a,011b19000000,0,0,Sync,0,2,0,44,24,0,0,,0,1,0,0,0,0,0,1,1,1,1,0,0,020000fffe00000a,1,408,0,-4,1700000025500000000,37,,,,,,,,32,,0,0,,,,,,1,1,,1,,
1700000025500010000,00fffe000001,011b19000000,0,0,Announce,11,2,0,64,24,0,0,,0,1,0,0,0,0,0,1,1,1,1,0,0,020000fffe000001,2,204,5,-3,,37,128,6,33,20061,128,020000fffe00000a,1,32,,0,0,,,1,0,0,1,1,1,,1,
1700000025500020000,00fffe00000c,011b19000000,0,0,Delay_Req,1,2,0,44,24,0,0,,0,1,0,0,0,0,0,1,1,1,1,0,0,020000fffe00000c,1,204,1,-4,1700000025500020000,37,,,,,,,,32,,0,0,,,,,,1,1,,,,1
1700000025500021000,00fffe00000d,011b19000000,0,0,Delay_Req,1,2,0,44,24,0,0,,0,1,0,0,0,0,0,1,1,1,1,0,0,020000fffe00000d,1,204,1,-4,1700000025500021000,37,,,,,,,,32,,0,0,,,,,,1,1,,,,1
1700000025500022000,00fffe00000e,011b19000000,0,0,Delay_Req,1,2,0,44,24,0,0,,0,1,0,0,0,0,0,1,1,1,1,0,0,020000fffe00000e,1,204,1,-4,1700000025500022000,37,,,,,,,,32,,0,0,,,,,,1,1,,,,1
1700000025500050000,00fffe00000a,011b19000000,0,0,Follow_Up,8,2,0,44,24,0,0,,0,1,0,0,0,0,0,1,1,1,1,0,0,020000fffe00000a,1,408,2,-4,1700000025500050000,37,,,,,,,,32,,0,0,,,,,,1,1,,1,,
1700000025500050000,00fffe000001,011b19000000,0,0,Delay_Resp,9,2,0,54,24,0,0,,0,1,0,0,0,0,0,1,1,1,1,0,0,020000fffe000001,2,204,3,0,,37,,,,,,,,32,,0,0,020000fffe00000c,1,,,,1,1,,,,1
1700000025500051000,00fffe000001,011b19000000,0,0,Delay_Resp,9,2,0,54,24,0,0,,0,1,0,0,0,0,0,1,1,1,1,0,0,020000fffe000001,2,204,3,0,,37,,,,,,,,32,,0,0,020000fffe00000d,1,,,,1,1,,,,1
1700000025500052000,00fffe000001,011b19000000,0,0,Delay_Resp,9,2,0,54,24,0,0,,0,1,0,0,0,0,0,1,1,1,1,0,0,020000fffe000001,2,204,3,0,,37,,,,,,,,32,,0,0,020000fffe00000e,1,,,,1,1,,,,1
1700000025562500000,00fffe00000a,011b19000000,0,0,Sync,0,2,0,44,24,0,0,,0,1,0,0,0,0,0,1,1,1,1,0,0,020000fffe00000a,1,409,0,-4,1700000025562500000,37,,,,,,,,32,,0,0,,,,,,1,1,,1,,
1700000025562550000,00fffe00000a,011b19000000,0,0,Follow_Up,8,2,0,44,24,0,0,,0,1,0,0,0,0,0,1,1,1,1,0,0,020000fffe00000a,1,409,2,-4,1700000025562550000,37,,,,,,,,32,,0,0,,,,,,1,1,,1,,
1700000025625000000,00fffe00000a,011b19000000,0,0,Announce,11,2,0,64,24,0,0,,0,1,0,0,0,1,0,0,1,0,1,0,0,020000fffe00000a,1,205,5,-3,,0,128,6,33,20061,128,020000fffe00000a,0,32,,0,0,,,1,0,1,1,1,1,,1,
1700000025625000000,00fffe00000a,011b19000000,0,0,Sync,0,2,0,44,24,0,0,,0,1,0,0,0,0,0,1,1,1,1,0,0,020000fffe00000a,1,410,0,-4,1700000025625000000,37,,,,,,,,32,,0,0,,,,,,1,1,,1,,
1700000025625010000,00fffe000001,011b19000000,0,0,Announce,11,2,0,64,24,0,0,,0,1,0,0,0,0,0,1,1,1,1,0,0,020000fffe000001,2,205,5,-3,,37,128,6,33,20061,128,020000fffe00000a,1,32,,0,0,,,1,0,0,1,1,1,,1,
1700000025625020000,00fffe00000c,011b19000000,0,0,Delay_Req,1,2,0,44,24,0,0,,0,1,0,0,0,0,0,1,1,1,1,0,0,020000fffe00000c,1,205,1,-4,1700000025625020000,37,,,,,,,,32,,0,0,,,,,,1,1,,,,1
1700000025625021000,00fffe00000d,011b19000000,0,0,Delay_Req,1,2,0,44,24,0,0,,0,1,0,0,0,0,0,1,1,1,1,0,0,020000fffe00000d,1,205,1,-4,1700000025625021000,37,,,,,,,,32,,0,0,,,,,,1,1,,,,1
1700000025625022000,00fffe00000e,011b19000000,0,0,Delay_Req,1,2,0,44,24,0,0,,0,1,0,0,0,0,0,1,1,1,1,0,0,020000fffe00000e,1,205,1,-4,1700000025625022000,37,,,,,,,,32,,0,0,,,,,,1,1,,,,1
1700000025625050000,00fffe00000a,011b19000000,0,0,Follow_Up,8,2,0,44,24,0,0,,0,1,0,0,0,0,0,1,1,1,1,0,0,020000fffe00000a,1,410,2,-4,1700000025625050000,37,,,,,,,,32,,0,0,,,,,,1,1,,1,,
1700000025625050000,00fffe000001,011b19000000,0,0,Delay_Resp,9,2,0,54,24,0,0,,0,1,0,0,0,0,0,1,1,1,1,0,0,020000fffe000001,2,205,3,0,,37,,,,,,,,32,,0,0,020000fffe00000c,1,,,,1,1,,,,1
1700000025625051000,00fffe000001,011b19000000,0,0,Delay_Resp,9,2,0,54,24,0,0,,0,1,0,0,0,0,0,1,1,1,1,0,0,020000fffe000001,2,205,3,0,,37,,,,,,,,32,,0,0,020000fffe00000d,1,,,,1,1,,,,1
1700000025625052000,00fffe000001,011b19000000,0,0,Delay_Resp,9,2,0,54,24,0,0,,0,1,0,0,0,0,0,1,1,1,1,0,0,020000fffe000001,2,205,3,0,,37,,,,,,,,32,,0,0,020000fffe00000e,1,,,,1,1,,,,1
1700000025687500000,00fffe00000a,011b19000000,0,0,Sync,0,2,0,44,24,0,0,,0,1,0,0,0,0,0,1,1,1,1,0,0,020000fffe00000a,1,411,0,-4,1700000025687500000,37,,,,,,,,32,,0,0,,,,,,1,1,,1,,
1700000025687550000,00fffe00000a,011b19000000,0,0,Follow_Up,8,2,0,44,24,0,0,,0,1,0,0,0,0,0,1,1,1,1,0,0,020000fffe00000a,1,411,2,-4,1700000025687550000,37,,,,,,,,32,,0,0,,,,,,1,1,,1,,
1700000025750000000,00fffe00000a,011b19000000,0,0,Announce,11,2,0,64,24,0,0,,0,1,0,0,0,1,0,0,1,0,1,0,0,020000fffe00000a,1,206,5,-3,,0,128,6,33,20061,128,020000fffe00000a,0,32,,0,0,,,1,0,1,1,1,1,,1,
1700000025750000000,00fffe00000a,011b19000000,0,0,Sync,0,2,0,44,24,0,0,,0,1,0,0,0,0,0,1,1,1,1,0,0,020000fffe00000a,1,412,0,-4,1700000025750000000,37,,,,,,,,32,,0,0,,,,,,1,1,,1,,
1700000025750010000,00fffe000001,011b19000000,0,0,Announce,11,2,0,64,24,0,0,,0,1,0,0,0,0,0,1,1,1,1,0,0,020000fffe000001,2,206,5,-3,,37,128,6,33,20061,128,020000fffe00000a,1,32,,0,0,,,1,0,0,1,1,1,,1,
1700000025750020000,00fffe00000c,011b19000000,0,0,Delay_Req,1,2,0,44,24,0,0,,0,1,0,0,0,0,0,1,1,1,1,0,0,020000fffe00000c,1,206,1,-4,1700000025750020000,37,,,,,,,,32,,0,0,,,,,,1,1,,,,1
1700000025750021000,00fffe00000d,011b19000000,0,0,Delay_Req,1,2,0,44,24,0,0,,0,1,0,0,0,0,0,1,1,1,1,0,0,020000fffe00000d,1,206,1,-4,1700000025750021000,37,,,,,,,,32,,0,0,,,,,,1,1,,,,1
1700000025750022000,00fffe00000e,011b19000000,0,0,Delay_Req,1,2,0,44,24,0,0,,0,1,0,0,0,0,0,1,1,1,1,0,0,020000fffe00000e,1,206,1,-4,1700000025750022000,37,,,,,,,,32,,0,0,,,,,,1,1,,,,1
1700000025750050000,00fffe00000a,011b19000000,0,0,Follow_Up,8,2,0,44,24,0,0,,0,1,0,0,0,0,0,1,1,1,1,0,0,020000fffe00000a,1,412,2,-4,1700000025750050000,37,,,,,,,,32,,0,0,,,,,,1,1,,1,,
1700000025750050000,00fffe000001,011b19000000,0,0,Delay_Resp,9,2,0,54,24,0,0,,0,1,0,0,0,0,0,1,1,1,1,0,0,020000fffe000001,2,206,3,0,,37,,,,,,,,32,,0,0,020000fffe00000c,1,,,,1,1,,,,1
1700000025750051000,00fffe000001,011b19000000,0,0,Delay_Resp,9,2,0,54,24,0,0,,0,1,0,0,0,0,0,1,1,1,1,0,0,020000fffe000001,2,206,3,0,,37,,,,,,,,32,,0,0,020000fffe00000d,1,,,,1,1,,,,1
1700000025750052000,00fffe000001,011b19000000,0,0,Delay_Resp,9,2,0,54,24,0,0,,0,1,0,0,0,0,0,1,1,1,1,0,0,020000fffe000001,2,206,3,0,,37,,,,,,,,32,,0,0,020000fffe00000e,1,,,,1,1,,,,1
1700000025812500000,00fffe00000a,011b19000000,0,0,Sync,0,2,0,44,24,0,0,,0,1,0,0,0,0,0,1,1,1,1,0,0,020000fffe00000a,1,413,0,-4,1700000025812500000,37,,,,,,,,32,,0,0,,,,,,1,1,,1,,
1700000025812550000,00fffe00000a,011b19000000,0,0,Follow_Up,8,2,0,44,24,0,0,,0,1,0,0,0,0,0,1,1,1,1,0,0,020000fffe00000a,1,413,2,-4,1700000025812550000,37,,,,,,,,32,,0,0,,,,,,1,1,,1,,
1700000025875000000,00fffe00000a,011b19000000,0,0,Announce,11,2,0,64,24,0,0,,0,1,0,0,0,1,0,0,1,0,1,0,0,020000fffe00000a,1,207,5,-3,,0,128,6,33,20061,128,020000fffe00000a,0,32,,0,0,,,1,0,1,1,1,1,,1,
1700000025875000000,00fffe00000a,011b19000000,0,0,Sync,0,2,0,44,24,0,0,,0,1,0,0,0,0,0,1,1,1,1,0,0,020000fffe00000a,1,414,0,-4,1700000025875000000,37,,,,,,,,32,,0,0,,,,,,1,1,,1,,
1700000025875010000,00fffe000001,011b19000000,0,0,Announce,11,2,0,64,24,0,0,,0,1,0,0,0,0,0,1,1,1,1,0,0,020000fffe000001,2,207,5,-3,,37,128,6,33,20061,128,020000fffe00000a,1,32,,0,0,,,1,0,0,1,1,1,,1,
1700000025875020000,00fffe00000c,011b19000000,0,0,Delay_Req,1,2,0,44,24,0,0,,0,1,0,0,0,0,0,1,1,1,1,0,0,020000fffe00000c,1,207,1,-4,1700000025875020000,37,,,,,,,,32,,0,0,,,,,,1,1,,,,1
1700000025875021000,00fffe00000d,011b19000000,0,0,Delay_Req,1,2,0,44,24,0,0,,0,1,0,0,0,0,0,1,1,1,1,0,0,020000fffe00000d,1,207,1,-4,1700000025875021000,37,,,,,,,,32,,0,0,,,,,,1,1,,,,1
1700000025875022000,00fffe00000e,011b19000000,0,0,Delay_Req,1,2,0,44,24,0,0,,0,1,0,0,0,0,0,1,1,1,1,0,0,020000fffe00000e,1,207,1,-4,1700000025875022000,37,,,,,,,,32,,0,0,,,,,,1,1,,,,1
1700000025875050000,00fffe00000a,011b19000000,0,0,Follow_Up,8,2,0,44,24,0,0,,0,1,0,0,0,0,0,1,1,1,1,0,0,020000fffe00000a,1,414,2,-4,1700000025875050000,37,,,,,,,,32,,0,0,,,,,,1,1,,1,,
1700000025875050000,00fffe000001,011b19000000,0,0,Delay_Resp,9,2,0,54,24,0,0,,0,1,0,0,0,0,0,1,1,1,1,0,0,020000fffe000001,2,207,3,0,,37,,,,,,,,32,,0,0,020000fffe00000c,1,,,,1,1,,,,1
1700000025875051000,00fffe000001,011b19000000,0,0,Delay_Resp,9,2,0,54,24,0,0,,0,1,0,0,0,0,0,1,1,1,1,0,0,020000fffe000001,2,207,3,0,,37,,,,,,,,32,,0,0,020000fffe00000d,1,,,,1,1,,,,1
1700000025875052000,00fffe000001,011b19000000,0,0,Delay_Resp,9,2,0,54,24,0,0,,0,1,0,0,0,0,0,1,1,1,1,0,0,020000fffe000001,2,207,3,0,,37,,,,,,,,32,,0,0,020000fffe00000e,1,,,,1,1,,,,1
1700000025937500000,00fffe00000a,011b19000000,0,0,Sync,0,2,0,44,24,0,0,,0,1,0,0,0,0,0,1,1,1,1,0,0,020000fffe00000a,1,415,0,-4,1700000025937500000,37,,,,,,,,32,,0,0,,,,,,1,1,,1,,
1700000025937550000,00fffe00000a,011b19000000,0,0,Follow_Up,8,2,0,44,24,0,0,,0,1,0,0,0,0,0,1,1,1,1,0,0,020000fffe00000a,1,415,2,-4,1700000025937550000,37,,,,,,,,32,,0,0,,,,,,1,1,,1,,
1700000026000000000,00fffe00000a,011b19000000,0,0,Announce,11,2,0,64,24,0,0,,0,1,0,0,0,1,0,0,1,0,1,0,0,020000fffe00000a,1,208,5,-3,,0,128,6,33,20061,128,020000fffe00000a,0,32,,0,0,,,1,0,1,1,1,1,,1,
1700000026000000000,00fffe00000a,011b19000000,0,0,Sync,0,2,0,44,24,0,0,,0,1,0,0,0,0,0,1,1,1,1,0,0,020000fffe00000a,1,416,0,-4,1700000026000000000,37,,,,,,,,32,,0,0,,,,,,1,1,,1,,
1700000026000010000,00fffe000001,011b19000000,0,0,Announce,11,2,0,64,24,0,0,,0,1,0,0,0,0,0,1,1,1,1,0,0,020000fffe000001,2,208,5,-3,,37,128,6,33,20061,128,020000fffe00000a,1,32,,0,0,,,1,0,0,1,1,1,,1,
1700000026000020000,00fffe00000c,011b19000000,0,0,Delay_Req,1,2,0,44,24,0,0,,0,1,0,0,0,0,0,1,1,1,1,0,0,020000fffe00000c,1,208,1,-4,1700000026000020000,37,,,,,,,,32,,0,0,,,,,,1,1,,,,1
1700000026000021000,00fffe00000d,011b19000000,0,0,Delay_Req,1,2,0,44,24,0,0,,0,1,0,0,0,0,0,1,1,1,1,0,0,020000fffe00000d,1,208,1,-4,1700000026000021000,37,,,,,,,,32,,0,0,,,,,,1,1,,,,1
1700000026000022000,00fffe00000e,011b19000000,0,0,Delay_Req,1,2,0,44,24,0,0,,0,1,0,0,0,0,0,1,1,1,1,0,0,020000fffe00000e,1,208,1,-4,1700000026000022000,37,,,,,,,,32,,0,0,,,,,,1,1,,,,1
1700000026000050000,00fffe00000a,011b19000000,0,0,Follow_Up,8,2,0,44,24,0,0,,0,1,0,0,0,0,0,1,1,1,1,0,0,020000fffe00000a,1,416,2,-4,1700000026000050000,37,,,,,,,,32,,0,0,,,,,,1,1,,1,,
1700000026000050000,00fffe000001,011b19000000,0,0,Delay_Resp,9,2,0,54,24,0,0,,0,1,0,0,0,0,0,1,1,1,1,0,0,020000fffe000001,2,208,3,0,,37,,,,,,,,32,,0,0,020000fffe00000c,1,,,,1,1,,,,1
1700000026000051000,00fffe000001,011b19000000,0,0,Delay_Resp,9,2,0,54,24,0,0,,0,1,0,0,0,0,0,1,1,1,1,0,0,020000fffe000001,2,208,3,0,,37,,,,,,,,32,,0,0,020000fffe00000d,1,,,,1,1,,,,1
1700000026000052000,00fffe000001,011b19000000,0,0,Delay_Resp,9,2,0,54,24,0,0,,0,1,0,0,0,0,0,1,1,1,1,0,0,020000fffe000001,2,208,3,0,,37,,,,,,,,32,,0,0,020000fffe00000e,1,,,,1,1,,,,1
1700000026062500000,00fffe00000a,011b19000000,0,0,Sync,0,2,0,44,24,0,0,,0,1,0,0,0,0,0,1,1,1,1,0,0,020000fffe00000a,1,417,0,-4,1700000026062500000,37,,,,,,,,32,,0,0,,,,,,1,1,,1,,
1700000026062550000,00fffe00000a,011b19000000,0,0,Follow_Up,8,2,0,44,24,0,0,,0,1,0,0,0,0,0,1,1,1,1,0,0,020000fffe00000a,1,417,2,-4,1700000026062550000,37,,,,,,,,32,,0,0,,,,,,1,1,,1,,
1700000026125000000,00fffe00000a,011b19000000,0,0,Announce,11,2,0,64,24,0,0,,0,1,0,0,0,1,0,0,1,0,1,0,0,020000fffe00000a,1,209,5,-3,,0,128,6,33,20061,128,020000fffe00000a,0,32,,0,0,,,1,0,1,1,1,1,,1,
1700000026125000000,00fffe00000a,011b19000000,0,0,Sync,0,2,0,44,24,0,0,,0,1,0,0,0,0,0,1,1,1,1,0,0,020000fffe00000a,1,418,0,-4,1700000026125000000,37,,,,,,,,32,,0,0,,,,,,1,1,,1,,
1700000026125010000,00fffe000001,011b19000000,0,0,Announce,11,2,0,64,24,0,0,,0,1,0,0,0,0,0,1,1,1,1,0,0,020000fffe000001,2,209,5,-3,,37,128,6,33,20061,128,020000fffe00000a,1,32,,0,0,,,1,0,0,1,1,1,,1,
1700000026125020000,00fffe00000c,011b19000000,0,0,Delay_Req,1,2,0,44,24,0,0,,0,1,0,0,0,0,0,1,1,1,1,0,0,020000fffe00000c,1,209,1,-4,1700000026125020000,37,,,,,,,,32,,0,0,,,,,,1,1,,,,1
1700000026125021000,00fffe00000d,011b19000000,0,0,Delay_Req,1,2,0,44,24,0,0,,0,1,0,0,0,0,0,1,1,1,1,0,0,020000fffe00000d,1,209,1,-4,1700000026125021000,37,,,,,,,,32,,0,0,,,,,,1,1,,,,1
1700000026125022000,00fffe00000e,011b19000000,0,0,Delay_Req,1,2,0,44,24,0,0,,0,1,0,0,0,0,0,1,1,1,1,0,0,020000fffe00000e,1,209,1,-4,1700000026125022000,37,,,,,,,,32,,0,0,,,,,,1,1,,,,1
1700000026125050000,00fffe00000a,011b19000000,0,0,Follow_Up,8,2,0,44,24,0,0,,0,1,0,0,0,0,0,1,1,1,1,0,0,020000fffe00000a,1,418,2,-4,1700000026125050000,37,,,,,,,,32,,0,0,,,,,,1,1,,1,,
1700000026125050000,00fffe000001,011b19000000,0,0,Delay_Resp,9,2,0,54,24,0,0,,0,1,0,0,0,0,0,1,1,1,1,0,0,020000fffe000001,2,209,3,0,,37,,,,,,,,32,,0,0,020000fffe00000c,1,,,,1,1,,,,1
1700000026125051000,00fffe000001,011b19000000,0,0,Delay_Resp,9,2,0,54,24,0,0,,0,1,0,0,0,0,0,1,1,1,1,0,0,020000fffe000001,2,209,3,0,,37,,,,,,,,32,,0,0,020000fffe00000d,1,,,,1,1,,,,1
1700000026125052000,00fffe000001,011b19000000,0,0,Delay_Resp,9,2,0,54,24,0,0,,0,1,0,0,0,0,0,1,1,1,1,0,0,020000fffe000001,2,209,3,0,,37,,,,,,,,32,,0,0,020000fffe00000e,1,,,,1,1,,,,1
1700000026187500000,00fffe00000a,011b19000000,0,0,Sync,0,2,0,44,24,0,0,,0,1,0,0,0,0,0,1,1,1,1,0,0,020000fffe00000a,1,419,0,-4,1700000026187500000,37,,,,,,,,32,,0,0,,,,,,1,1,,1,,
1700000026187550000,00fffe00000a,011b19000000,0,0,Follow_Up,8,2,0,44,24,0,0,,0,1,0,0,0,0,0,1,1,1,1,0,0,020000fffe00000a,1,419,2,-4,1700000026187550000,37,,,,,,,,32,,0,0,,,,,,1,1,,1,,
1700000026250000000,00fffe00000a,011b19000000,0,0,Announce,11,2,0,64,24,0,0,,0,1,0,0,0,1,0,0,1,0,1,0,0,020000fffe00000a,1,210,5,-3,,0,128,6,33,20061,128,020000fffe00000a,0,32,,0,0,,,1,0,1,1,1,1,,1,
1700000026250000000,00fffe00000a,011b19000000,0,0,Sync,0,2,0,44,24,0,0,,0,1,0,0,0,0,0,1,1,1,1,0,0,020000fffe00000a,1,420,0,-4,1700000026250000000,37,,,,,,,,32,,0,0,,,,,,1,1,,1,,
1700000026250010000,00fffe000001,011b19000000,0,0,Announce,11,2,0,64,24,0,0,,0,1,0,0,0,0,0,1,1,1,1,0,0,020000fffe000001,2,210,5,-3,,37,128,6,33,20061,128,020000fffe00000a,1,32,,0,0,,,1,0,0,1,1,1,,1,
1700000026250020000,00fffe00000c,011b19000000,0,0,Delay_Req,1,2,0,44,24,0,0,,0,1,0,0,0,0,0,1,1,1,1,0,0,020000fffe00000c,1,210,1,-4,1700000026250020000,37,,,,,,,,32,,0,0,,,,,,1,1,,,,1
1700000026250021000,00fffe00000d,011b19000000,0,0,Delay_Req,1,2,0,44,24,0,0,,0,1,0,0,0,0,0,1,1,1,1,0,0,020000fffe00000d,1,210,1,-4,1700000026250021000,37,,,,,,,,32,,0,0,,,,,,1,1,,,,1
1700000026250022000,00fffe00000e,011b19000000,0,0,Delay_Req,1,2,0,44,24,0,0,,0,1,0,0,0,0,0,1,1,1,1,0,0,020000fffe00000e,1,210,1,-4,1700000026250022000,37,,,,,,,,32,,0,0,,,,,,1,1,,,,1
1700000026250050000,00fffe00000a,011b19000000,0,0,Follow_Up,8,2,0,44,24,0,0,,0,1,0,0,0,0,0,1,1,1,1,0,0,020000fffe00000a,1,420,2,-4,1700000026250050000,37,,,,,,,,32,,0,0,,,,,,1,1,,1,,
1700000026250050000,00fffe000001,011b19000000,0,0,Delay_Resp,9,2,0,54,24,0,0,,0,1,0,0,0,0,0,1,1,1,1,0,0,020000fffe000001,2,210,3,0,,37,,,,,,,,32,,0,0,020000fffe00000c,1,,,,1,1,,,,1
1700000026250051000,00fffe000001,011b19000000,0,0,Delay_Resp,9,2,0,54,24,0,0,,0,1,0,0,0,0,0,1,1,1,1,0,0,020000fffe000001,2,210,3,0,,37,,,,,,,,32,,0,0,020000fffe00000d,1,,,,1,1,,,,1
1700000026250052000,00fffe000001,011b19000000,0,0,Delay_Resp,9,2,0,54,24,0,0,,0,1,0,0,0,0,0,1,1,1,1,0,0,020000fffe000001,2,210,3,0,,37,,,,,,,,32,,0,0,020000fffe00000e,1,,,,1,1,,,,1
1700000026312500000,00fffe00000a,011b19000000,0,0,Sync,0,2,0,44,24,0,0,,0,1,0,0,0,0,0,1,1,1,1,0,0,020000fffe00000a,1,421,0,-4,1700000026312500000,37,,,,,,,,32,,0,0,,,,,,1,1,,1,,
1700000026312550000,00fffe00000a,011b19000000,0,0,Follow_Up,8,2,0,44,24,0,0,,0,1,0,0,0,0,0,1,1,1,1,0,0,020000fffe00000a,1,421,2,-4,1700000026312550000,37,,,,,,,,32,,0,0,,,,,,1,1,,1,,
1700000026375000000,00fffe00000a,011b19000000,0,0,Announce,11,2,0,64,24,0,0,,0,1,0,0,0,1,0,0,1,0,1,0,0,020000fffe00000a,1,211,5,-3,,0,128,6,33,20061,128,020000fffe00000a,0,32,,0,0,,,1,0,1,1,1,1,,1,
1700000026375000000,00fffe00000a,011b19000000,0,0,Sync,0,2,0,44,24,0,0,,0,1,0,0,0,0,0,1,1,1,1,0,0,020000fffe00000a,1,422,0,-4,1700000026375000000,37,,,,,,,,32,,0,0,,,,,,1,1,,1,,
1700000026375010000,00fffe000001,011b19000000,0,0,Announce,11,2,0,64,24,0,0,,0,1,0,0,0,0,0,1,1,1,1,0,0,020000fffe000001,2,211,5,-3,,37,128,6,33,20061,128,020000fffe00000a,1,32,,0,0,,,1,0,0,1,1,1,,1,
1700000026375020000,00fffe00000c,011b19000000,0,0,Delay_Req,1,2,0,44,24,0,0,,0,1,0,0,0,0,0,1,1,1,1,0,0,020000fffe00000c,1,211,1,-4,1700000026375020000,37,,,,,,,,32,,0,0,,,,,,1,1,,,,1
1700000026375021000,00fffe00000d,011b19000000,0,0,Delay_Req,1,2,0,44,24,0,0,,0,1,0,0,0,0,0,1,1,1,1,0,0,020000fffe00000d,1,211,1,-4,1700000026375021000,37,,,,,,,,32,,0,0,,,,,,1,1,,,,1
1700000026375022000,00fffe00000e,011b19000000,0,0,Delay_Req,1,2,0,44,24,0,0,,0,1,0,0,0,0,0,1,1,1,1,0,0,020000fffe00000e,1,211,1,-4,1700000026375022000,37,,,,,,,,32,,0,0,,,,,,1,1,,,,1
1700000026375050000,00fffe00000a,011b19000000,0,0,Follow_Up,8,2,0,44,24,0,0,,0,1,0,0,0,0,0,1,1,1,1,0,0,020000fffe00000a,1,422,2,-4,1700000026375050000,37,,,,,,,,32,,0,0,,,,,,1,1,,1,,
1700000026375050000,00fffe000001,011b19000000,0,0,Delay_Resp,9,2,0,54,24,0,0,,0,1,0,0,0,0,0,1,1,1,1,0,0,020000fffe000001,2,211,3,0,,37,,,,,,,,32,,0,0,020000fffe00000c,1,,,,1,1,,,,1
1700000026375051000,00fffe000001,011b19000000,0,0,Delay_Resp,9,2,0,54,24,0,0,,0,1,0,0,0,0,0,1,1,1,1,0,0,020000fffe000001,2,211,3,0,,37,,,,,,,,32,,0,0,020000fffe00000d,1,,,,1,1,,,,1
1700000026375052000,00fffe000001,011b19000000,0,0,Delay_Resp,9,2,0,54,24,0,0,,0,1,0,0,0,0,0,1,1,1,1,0,0,020000fffe000001,2,211,3,0,,37,,,,,,,,32,,0,0,020000fffe00000e,1,,,,1,1,,,,1
1700000026437500000,00fffe00000a,011b19000000,0,0,Sync,0,2,0,44,24,0,0,,0,1,0,0,0,0,0,1,1,1,1,0,0,020000fffe00000a,1,423,0,-4,1700000026437500000,37,,,,,,,,32,,0,0,,,,,,1,1,,1,,
1700000026437550000,00fffe00000a,011b19000000,0,0,Follow_Up,8,2,0,44,24,0,0,,0,1,0,0,0,0,0,1,1,1,1,0,0,020000fffe00000a,1,423,2,-4,1700000026437550000,37,,,,,,,,32,,0,0,,,,,,1,1,,1,,
1700000026500000000,00fffe00000a,011b19000000,0,0,Announce,11,2,0,64,24,0,0,,0,1,0,0,0,1,0,0,1,0,1,0,0,020000fffe00000a,1,212,5,-3,,0,128,6,33,20061,128,020000fffe00000a,0,32,,0,0,,,1,0,1,1,1,1,,1,
1700000026500000000,00fffe00000a,011b19000000,0,0,Sync,0,2,0,44,24,0,0,,0,1,0,0,0,0,0,1,1,1,1,0,0,020000fffe00000a,1,424,0,-4,1700000026500000000,37,,,,,,,,32,,0,0,,,,,,1,1,,1,,
1700000026500010000,00fffe000001,011b19000000,0,0,Announce,11,2,0,64,24,0,0,,0,1,0,0,0,0,0,1,1,1,1,0,0,020000fffe000001,2,212,5,-3,,37,128,6,33,20061,128,020000fffe00000a,1,32,,0,0,,,1,0,0,1,1,1,,1,
1700000026500020000,00fffe00000c,011b19000000,0,0,Delay_Req,1,2,0,44,24,0,0,,0,1,0,0,0,0,0,1,1,1,1,0,0,020000fffe00000c,1,212,1,-4,1700000026500020000,37,,,,,,,,32,,0,0,,,,,,1,1,,,,1
1700000026500021000,00fffe00000d,011b19000000,0,0,Delay_Req,1,2,0,44,24,0,0,,0,1,0,0,0,0,0,1,1,1,1,0,0,020000fffe00000d,1,212,1,-4,1700000026500021000,37,,,,,,,,32,,0,0,,,,,,1,1,,,,1
1700000026500022000,00fffe00000e,011b19000000,0,0,Delay_Req,1,2,0,44,24,0,0,,0,1,0,0,0,0,0,1,1,1,1,0,0,020000fffe00000e,1,212,1,-4,1700000026500022000,37,,,,,,,,32,,0,0,,,,,,1,1,,,,1
1700000026500050000,00fffe00000a,011b19000000,0,0,Follow_Up,8,2,0,44,24,0,0,,0,1,0,0,0,0,0,1,1,1,1,0,0,020000fffe00000a,1,424,2,-4,1700000026500050000,37,,,,,,,,32,,0,0,,,,,,1,1,,1,,
1700000026500050000,00fffe000001,011b19000000,0,0,Delay_Resp,9,2,0,54,24,0,0,,0,1,0,0,0,0,0,1,1,1,1,0,0,020000fffe000001,2,212,3,0,,37,,,,,,,,32,,0,0,020000fffe00000c,1,,,,1,1,,,,1
1700000026500051000,00fffe000001,011b19000000,0,0,Delay_Resp,9,2,0,54,24,0,0,,0,1,0,0,0,0,0,1,1,1,1,0,0,020000fffe000001,2,212,3,0,,37,,,,,,,,32,,0,0,020000fffe00000d,1,,,,1,1,,,,1
1700000026500052000,00fffe000001,011b19000000,0,0,Delay_Resp,9,2,0,54,24,0,0,,0,1,0,0,0,0,0,1,1,1,1,0,0,020000fffe000001,2,212,3,0,,37,,,,,,,,32,,0,0,020000fffe00000e,1,,,,1,1,,,,1
1700000026562500000,00fffe00000a,011b19000000,0,0,Sync,0,2,0,44,24,0,0,,0,1,0,0,0,0,0,1,1,1,1,0,0,020000fffe00000a,1,425,0,-4,1700000026562500000,37,,,,,,,,32,,0,0,,,,,,1,1,,1,,
1700000026562550000,00fffe00000a,011b19000000,0,0,Follow_Up,8,2,0,44,24,0,0,,0,1,0,0,0,0,0,1,1,1,1,0,0,020000fffe00000a,1,425,2,-4,1700000026562550000,37,,,,,,,,32,,0,0,,,,,,1,1,,1,,
1700000026625000000,00fffe00000a,011b19000000,0,0,Announce,11,2,0,64,24,0,0,,0,1,0,0,0,1,0,0,1,0,1,0,0,020000fffe00000a,1,213,5,-3,,0,128,6,33,20061,128,020000fffe00000a,0,32,,0,0,,,1,0,1,1,1,1,,1,
1700000026625000000,00fffe00000a,011b19000000,0,0,Sync,0,2,0,44,24,0,0,,0,1,0,0,0,0,0,1,1,1,1,0,0,020000fffe00000a,1,426,0,-4,1700000026625000000,37,,,,,,,,32,,0,0,,,,,,1,1,,1,,
1700000026625010000,00fffe000001,011b19000000,0,0,Announce,11,2,0,64,24,0,0,,0,1,0,0,0,0,0,1,1,1,1,0,0,020000fffe000001,2,213,5,-3,,37,128,6,33,20061,128,020000fffe00000a,1,32,,0,0,,,1,0,0,1,1,1,,1,
1700000026625020000,00fffe00000c,011b19000000,0,0,Delay_Req,1,2,0,44,24,0,0,,0,1,0,0,0,0,0,1,1,1,1,0,0,020000fffe00000c,1,213,1,-4,1700000026625020000,37,,,,,,,,32,,0,0,,,,,,1,1,,,,1
1700000026625021000,00fffe00000d,011b19000000,0,0,Delay_Req,1,2,0,44,24,0,0,,0,1,0,0,0,0,0,1,1,1,1,0,0,020000fffe00000d,1,213,1,-4,1700000026625021000,37,,,,,,,,32,,0,0,,,,,,1,1,,,,1
1700000026625022000,00fffe00000e,011b19000000,0,0,Delay_Req,1,2,0,44,24,0,0,,0,1,0,0,0,0,0,1,1,1,1,0,0,020000fffe00000e,1,213,1,-4,1700000026625022000,37,,,,,,,,32,,0,0,,,,,,1,1,,,,1
1700000026625050000,00fffe00000a,011b19000000,0,0,Follow_Up,8,2,0,44,24,0,0,,0,1,0,0,0,0,0,1,1,1,1,0,0,020000fffe00000a,1,426,2,-4,1700000026625050000,37,,,,,,,,32,,0,0,,,,,,1,1,,1,,
1700000026625050000,00fffe000001,011b19000000,0,0,Delay_Resp,9,2,0,54,24,0,0,,0,1,0,0,0,0,0,1,1,1,1,0,0,020000fffe000001,2,213,3,0,,37,,,,,,,,32,,0,0,020000fffe00000c,1,,,,1,1,,,,1
1700000026625051000,00fffe000001,011b19000000,0,0,Delay_Resp,9,2,0,54,24,0,0,,0,1,0,0,0,0,0,1,1,1,1,0,0,020000fffe000001,2,213,3,0,,37,,,,,,,,32,,0,0,020000fffe00000d,1,,,,1,1,,,,1
1700000026625052000,00fffe000001,011b19000000,0,0,Delay_Resp,9,2,0,54,24,0,0,,0,1,0,0,0,0,0,1,1,1,1,0,0,020000fffe000001,2,213,3,0,,37,,,,,,,,32,,0,0,020000fffe00000e,1,,,,1,1,,,,1
1700000026687500000,00fffe00000a,011b19000000,0,0,Sync,0,2,0,44,24,0,0,,0,1,0,0,0,0,0,1,1,1,1,0,0,020000fffe00000a,1,427,0,-4,1700000026687500000,37,,,,,,,,32,,0,0,,,,,,1,1,,1,,
1700000026687550000,00fffe00000a,011b19000000,0,0,Follow_Up,8,2,0,44,24,0,0,,0,1,0,0,0,0,0,1,1,1,1,0,0,020000fffe00000a,1,427,2,-4,1700000026687550000,37,,,,,,,,32,,0,0,,,,,,1,1,,1,,
1700000026750000000,00fffe00000a,011b19000000,0,0,Announce,11,2,0,64,24,0,0,,0,1,0,0,0,1,0,0,1,0,1,0,0,020000fffe00000a,1,214,5,-3,,0,128,6,33,20061,128,020000fffe00000a,0,32,,0,0,,,1,0,1,1,1,1,,1,
1700000026750000000,00fffe00000a,011b19000000,0,0,Sync,0,2,0,44,24,0,0,,0,1,0,0,0,0,0,1,1,1,1,0,0,020000fffe00000a,1,428,0,-4,1700000026750000000,37,,,,,,,,32,,0,0,,,,,,1,1,,1,,
1700000026750010000,00fffe000001,011b19000000,0,0,Announce,11,2,0,64,24,0,0,,0,1,0,0,0,0,0,1,1,1,1,0,0,020000fffe000001,2,214,5,-3,,37,128,6,33,20061,128,020000fffe00000a,1,32,,0,0,,,1,0,0,1,1,1,,1,
1700000026750020000,00fffe00000c,011b19000000,0,0,Delay_Req,1,2,0,44,24,0,0,,0,1,0,0,0,0,0,1,1,1,1,0,0,020000fffe00000c,1,214,1,-4,1700000026750020000,37,,,,,,,,32,,0,0,,,,,,1,1,,,,1
1700000026750021000,00fffe00000d,011b19000000,0,0,Delay_Req,1,2,0,44,24,0,0,,0,1,0,0,0,0,0,1,1,1,1,0,0,020000fffe00000d,1,214,1,-4,1700000026750021000,37,,,,,,,,32,,0,0,,,,,,1,1,,,,1
1700000026750022000,00fffe00000e,011b19000000,0,0,Delay_Req,1,2,0,44,24,0,0,,0,1,0,0,0,0,0,1,1,1,1,0,0,020000fffe00000e,1,214,1,-4,1700000026750022000,37,,,,,,,,32,,0,0,,,,,,1,1,,,,1
1700000026750050000,00fffe00000a,011b19000000,0,0,Follow_Up,8,2,0,44,24,0,0,,0,1,0,0,0,0,0,1,1,1,1,0,0,020000fffe00000a,1,428,2,-4,1700000026750050000,37,,,,,,,,32,,0,0,,,,,,1,1,,1,,
1700000026750050000,00fffe000001,011b19000000,0,0,Delay_Resp,9,2,0,54,24,0,0,,0,1,0,0,0,0,0,1,1,1,1,0,0,020000fffe000001,2,214,3,0,,37,,,,,,,,32,,0,0,020000fffe00000c,1,,,,1,1,,,,1
1700000026750051000,00fffe000001,011b19000000,0,0,Delay_Resp,9,2,0,54,24,0,0,,0,1,0,0,0,0,0,1,1,1,1,0,0,020000fffe000001,2,214,3,0,,37,,,,,,,,32,,0,0,020000fffe00000d,1,,,,1,1,,,,1
1700000026750052000,00fffe000001,011b19000000,0,0,Delay_Resp,9,2,0,54,24,0,0,,0,1,0,0,0,0,0,1,1,1,1,0,0,020000fffe000001,2,214,3,0,,37,,,,,,,,32,,0,0,020000fffe00000e,1,,,,1,1,,,,1
1700000026812500000,00fffe00000a,011b19000000,0,0,Sync,0,2,0,44,24,0,0,,0,1,0,0,0,0,0,1,1,1,1,0,0,020000fffe00000a,1,429,0,-4,1700000026812500000,37,,,,,,,,32,,0,0,,,,,,1,1,,1,,
1700000026812550000,00fffe00000a,011b19000000,0,0,Follow_Up,8,2,0,44,24,0,0,,0,1,0,0,0,0,0,1,1,1,1,0,0,020000fffe00000a,1,429,2,-4,1700000026812550000,37,,,,,,,,32,,0,0,,,,,,1,1,,1,,
1700000026875000000,00fffe00000a,011b19000000,0,0,Announce,11,2,0,64,24,0,0,,0,1,0,0,0,1,0,0,1,0,1,0,0,020000fffe00000a,1,215,5,-3,,0,128,6,33,20061,128,020000fffe00000a,0,32,,0,0,,,1,0,1,1,1,1,,1,
1700000026875000000,00fffe00000a,011b19000000,0,0,Sync,0,2,0,44,24,0,0,,0,1,0,0,0,0,0,1,1,1,1,0,0,020000fffe00000a,1,430,0,-4,1700000026875000000,37,,,,,,,,32,,0,0,,,,,,1,1,,1,,
1700000026875010000,00fffe000001,011b19000000,0,0,Announce,11,2,0,64,24,0,0,,0,1,0,0,0,0,0,1,1,1,1,0,0,020000fffe000001,2,215,5,-3,,37,128,6,33,20061,128,020000fffe00000a,1,32,,0,0,,,1,0,0,1,1,1,,1,
1700000026875020000,00fffe00000c,011b19000000,0,0,Delay_Req,1,2,0,44,24,0,0,,0,1,0,0,0,0,0,1,1,1,1,0,0,020000fffe00000c,1,215,1,-4,1700000026875020000,37,,,,,,,,32,,0,0,,,,,,1,1,,,,1
1700000026875021000,00fffe00000d,011b19000000,0,0,Delay_Req,1,2,0,44,24,0,0,,0,1,0,0,0,0,0,1,1,1,1,0,0,020000fffe00000d,1,215,1,-4,1700000026875021000,37,,,,,,,,32,,0,0,,,,,,1,1,,,,1
1700000026875022000,00fffe00000e,011b19000000,0,0,Delay_Req,1,2,0,44,24,0,0,,0,1,0,0,0,0,0,1,1,1,1,0,0,020000fffe00000e,1,215,1,-4,1700000026875022000,37,,,,,,,,32,,0,0,,,,,,1,1,,,,1
1700000026875050000,00fffe00000a,011b19000000,0,0,Follow_Up,8,2,0,44,24,0,0,,0,1,0,0,0,0,0,1,1,1,1,0,0,020000fffe00000a,1,430,2,-4,1700000026875050000,37,,,,,,,,32,,0,0,,,,,,1,1,,1,,
1700000026875050000,00fffe000001,011b19000000,0,0,Delay_Resp,9,2,0,54,24,0,0,,0,1,0,0,0,0,0,1,1,1,1,0,0,020000fffe000001,2,215,3,0,,37,,,,,,,,32,,0,0,020000fffe00000c,1,,,,1,1,,,,1
1700000026875051000,00fffe000001,011b19000000,0,0,Delay_Resp,9,2,0,54,24,0,0,,0,1,0,0,0,0,0,1,1,1,1,0,0,020000fffe000001,2,215,3,0,,37,,,,,,,,32,,0,0,020000fffe00000d,1,,,,1,1,,,,1
1700000026875052000,00fffe000001,011b19000000,0,0,Delay_Resp,9,2,0,54,24,0,0,,0,1,0,0,0,0,0,1,1,1,1,0,0,020000fffe000001,2,215,3,0,,37,,,,,,,,32,,0,0,020000fffe00000e,1,,,,1,1,,,,1
1700000026937500000,00fffe00000a,011b19000000,0,0,Sync,0,2,0,44,24,0,0,,0,1,0,0,0,0,0,1,1,1,1,0,0,020000fffe00000a,1,431,0,-4,1700000026937500000,37,,,,,,,,32,,0,0,,,,,,1,1,,1,,
1700000026937550000,00fffe00000a,011b19000000,0,0,Follow_Up,8,2,0,44,24,0,0,,0,1,0,0,0,0,0,1,1,1,1,0,0,020000fffe00000a,1,431,2,-4,1700000026937550000,37,,,,,,,,32,,0,0,,,,,,1,1,,1,,
1700000027000000000,00fffe00000a,011b19000000,0,0,Announce,11,2,0,64,24,0,0,,0,1,0,0,0,1,0,0,1,0,1,0,0,020000fffe00000a,1,216,5,-3,,0,128,6,33,20061,128,020000fffe00000a,0,32,,0,0,,,1,0,1,1,1,1,,1,
1700000027000000000,00fffe00000a,011b19000000,0,0,Sync,0,2,0,44,24,0,0,,0,1,0,0,0,0,0,1,1,1,1,0,0,020000fffe00000a,1,432,0,-4,1700000027000000000,37,,,,,,,,32,,0,0,,,,,,1,1,,1,,
1700000027000010000,00fffe000001,011b19000000,0,0,Announce,11,2,0,64,24,0,0,,0,1,0,0,0,0,0,1,1,1,1,0,0,020000fffe000001,2,216,5,-3,,37,128,6,33,20061,128,020000fffe00000a,1,32,,0,0,,,1,0,0,1,1,1,,1,
1700000027000020000,00fffe00000c,011b19000000,0,0,Delay_Req,1,2,0,44,24,0,0,,0,1,0,0,0,0,0,1,1,1,1,0,0,020000fffe00000c,1,216,1,-4,1700000027000020000,37,,,,,,,,32,,0,0,,,,,,1,1,,,,1
1700000027000021000,00fffe00000d,011b19000000,0,0,Delay_Req,1,2,0,44,24,0,0,,0,1,0,0,0,0,0,1,1,1,1,0,0,020000fffe00000d,1,216,1,-4,1700000027000021000,37,,,,,,,,32,,0,0,,,,,,1,1,,,,1
1700000027000022000,00fffe00000e,011b19000000,0,0,Delay_Req,1,2,0,44,24,0,0,,0,1,0,0,0,0,0,1,1,1,1,0,0,020000fffe00000e,1,216,1,-4,1700000027000022000,37,,,,,,,,32,,0,0,,,,,,1,1,,,,1
1700000027000050000,00fffe00000a,011b19000000,0,0,Follow_Up,8,2,0,44,24,0,0,,0,1,0,0,0,0,0,1,1,1,1,0,0,020000fffe00000a,1,432,2,-4,1700000027000050000,37,,,,,,,,32,,0,0,,,,,,1,1,,1,,
1700000027000050000,00fffe000001,011b19000000,0,0,Delay_Resp,9,2,0,54,24,0,0,,0,1,0,0,0,0,0,1,1,1,1,0,0,020000fffe000001,2,216,3,0,,37,,,,,,,,32,,0,0,020000fffe00000c,1,,,,1,1,,,,1
1700000027000051000,00fffe000001,011b19000000,0,0,Delay_Resp,9,2,0,54,24,0,0,,0,1,0,0,0,0,0,1,1,1,1,0,0,020000fffe000001,2,216,3,0,,37,,,,,,,,32,,0,0,020000fffe00000d,1,,,,1,1,,,,1
1700000027000052000,00fffe000001,011b19000000,0,0,Delay_Resp,9,2,0,54,24,0,0,,0,1,0,0,0,0,0,1,1,1,1,0,0,020000fffe000001,2,216,3,0,,37,,,,,,,,32,,0,0,020000fffe00000e,1,,,,1,1,,,,1
1700000027062500000,00fffe00000a,011b19000000,0,0,Sync,0,2,0,44,24,0,0,,0,1,0,0,0,0,0,1,1,1,1,0,0,020000fffe00000a,1,433,0,-4,1700000027062500000,37,,,,,,,,32,,0,0,,,,,,1,1,,1,,
1700000027062550000,00fffe00000a,011b19000000,0,0,Follow_Up,8,2,0,44,24,0,0,,0,1,0,0,0,0,0,1,1,1,1,0,0,020000fffe00000a,1,433,2,-4,1700000027062550000,37,,,,,,,,32,,0,0,,,,,,1,1,,1,,
1700000027125000000,00fffe00000a,011b19000000,0,0,Announce,11,2,0,64,24,0,0,,0,1,0,0,0,1,0,0,1,0,1,0,0,020000fffe00000a,1,217,5,-3,,0,128,6,33,20061,128,020000fffe00000a,0,32,,0,0,,,1,0,1,1,1,1,,1,
1700000027125000000,00fffe00000a,011b19000000,0,0,Sync,0,2,0,44,24,0,0,,0,1,0,0,0,0,0,1,1,1,1,0,0,020000fffe00000a,1,434,0,-4,1700000027125000000,37,,,,,,,,32,,0,0,,,,,,1,1,,1,,
1700000027125010000,00fffe000001,011b19000000,0,0,Announce,11,2,0,64,24,0,0,,0,1,0,0,0,0,0,1,1,1,1,0,0,020000fffe000001,2,217,5,-3,,37,128,6,33,20061,128,020000fffe00000a,1,32,,0,0,,,1,0,0,1,1,1,,1,
1700000027125020000,00fffe00000c,011b19000000,0,0,Delay_Req,1,2,0,44,24,0,0,,0,1,0,0,0,0,0,1,1,1,1,0,0,020000fffe00000c,1,217,1,-4,1700000027125020000,37,,,,,,,,32,,0,0,,,,,,1,1,,,,1
1700000027125021000,00fffe00000d,011b19000000,0,0,Delay_Req,1,2,0,44,24,0,0,,0,1,0,0,0,0,0,1,1,1,1,0,0,020000fffe00000d,1,217,1,-4,1700000027125021000,37,,,,,,,,32,,0,0,,,,,,1,1,,,,1
1700000027125022000,00fffe00000e,011b19000000,0,0,Delay_Req,1,2,0,44,24,0,0,,0,1,0,0,0,0,0,1,1,1,1,0,0,020000fffe00000e,1,217,1,-4,1700000027125022000,37,,,,,,,,32,,0,0,,,,,,1,1,,,,1
1700000027125050000,00fffe00000a,011b19000000,0,0,Follow_Up,8,2,0,44,24,0,0,,0,1,0,0,0,0,0,1,1,1,1,0,0,020000fffe00000a,1,434,2,-4,1700000027125050000,37,,,,,,,,32,,0,0,,,,,,1,1,,1,,
1700000027125050000,00fffe000001,011b19000000,0,0,Delay_Resp,9,2,0,54,24,0,0,,0,1,0,0,0,0,0,1,1,1,1,0,0,020000fffe000001,2,217,3,0,,37,,,,,,,,32,,0,0,020000fffe00000c,1,,,,1,1,,,,1
1700000027125051000,00fffe000001,011b19000000,0,0,Delay_Resp,9,2,0,54,24,0,0,,0,1,0,0,0,0,0,1,1,1,1,0,0,020000fffe000001,2,217,3,0,,37,,,,,,,,32,,0,0,020000fffe00000d,1,,,,1,1,,,,1
1700000027125052000,00fffe000001,011b19000000,0,0,Delay_Resp,9,2,0,54,24,0,0,,0,1,0,0,0,0,0,1,1,1,1,0,0,020000fffe000001,2,217,3,0,,37,,,,,,,,32,,0,0,020000fffe00000e,1,,,,1,1,,,,1
1700000027187500000,00fffe00000a,011b19000000,0,0,Sync,0,2,0,44,24,0,0,,0,1,0,0,0,0,0,1,1,1,1,0,0,020000fffe00000a,1,435,0,-4,1700000027187500000,37,,,,,,,,32,,0,0,,,,,,1,1,,1,,
1700000027187550000,00fffe00000a,011b19000000,0,0,Follow_Up,8,2,0,44,24,0,0,,0,1,0,0,0,0,0,1,1,1,1,0,0,020000fffe00000a,1,435,2,-4,1700000027187550000,37,,,,,,,,32,,0,0,,,,,,1,1,,1,,
1700000027250000000,00fffe00000a,011b19000000,0,0,Announce,11,2,0,64,24,0,0,,0,1,0,0,0,1,0,0,1,0,1,0,0,020000fffe00000a,1,218,5,-3,,0,128,6,33,20061,128,020000fffe00000a,0,32,,0,0,,,1,0,1,1,1,1,,1,
1700000027250000000,00fffe00000a,011b19000000,0,0,Sync,0,2,0,44,24,0,0,,0,1,0,0,0,0,0,1,1,1,1,0,0,020000fffe00000a,1,436,0,-4,1700000027250000000,37,,,,,,,,32,,0,0,,,,,,1,1,,1,,
1700000027250010000,00fffe000001,011b19000000,0,0,Announce,11,2,0,64,24,0,0,,0,1,0,0,0,0,0,1,1,1,1,0,0,020000fffe000001,2,218,5,-3,,37,128,6,33,20061,128,020000fffe00000a,1,32,,0,0,,,1,0,0,1,1,1,,1,
1700000027250020000,00fffe00000c,011b19000000,0,0,Delay_Req,1,2,0,44,24,0,0,,0,1,0,0,0,0,0,1,1,1,1,0,0,020000fffe00000c,1,218,1,-4,1700000027250020000,37,,,,,,,,32,,0,0,,,,,,1,1,,,,1
1700000027250021000,00fffe00000d,011b19000000,0,0,Delay_Req,1,2,0,44,24,0,0,,0,1,0,0,0,0,0,1,1,1,1,0,0,020000fffe00000d,1,218,1,-4,1700000027250021000,37,,,,,,,,32,,0,0,,,,,,1,1,,,,1
1700000027250022000,00fffe00000e,011b19000000,0,0,Delay_Req,1,2,0,44,24,0,0,,0,1,0,0,0,0,0,1,1,1,1,0,0,020000fffe00000e,1,218,1,-4,1700000027250022000,37,,,,,,,,32,,0,0,,,,,,1,1,,,,1
1700000027250050000,00fffe00000a,011b19000000,0,0,Follow_Up,8,2,0,44,24,0,0,,0,1,0,0,0,0,0,1,1,1,1,0,0,020000fffe00000a,1,436,2,-4,1700000027250050000,37,,,,,,,,32,,0,0,,,,,,1,1,,1,,
1700000027250050000,00fffe000001,011b19000000,0,0,Delay_Resp,9,2,0,54,24,0,0,,0,1,0,0,0,0,0,1,1,1,1,0,0,020000fffe000001,2,218,3,0,,37,,,,,,,,32,,0,0,020000fffe00000c,1,,,,1,1,,,,1
1700000027250051000,00fffe000001,011b19000000,0,0,Delay_Resp,9,2,0,54,24,0,0,,0,1,0,0,0,0,0,1,1,1,1,0,0,020000fffe000001,2,218,3,0,,37,,,,,,,,32,,0,0,020000fffe00000d,1,,,,1,1,,,,1
1700000027250052000,00fffe000001,011b19000000,0,0,Delay_Resp,9,2,0,54,24,0,0,,0,1,0,0,0,0,0,1,1,1,1,0,0,020000fffe000001,2,218,3,0,,37,,,,,,,,32,,0,0,020000fffe00000e,1,,,,1,1,,,,1
1700000027312500000,00fffe00000a,011b19000000,0,0,Sync,0,2,0,44,24,0,0,,0,1,0,0,0,0,0,1,1,1,1,0,0,020000fffe00000a,1,437,0,-4,1700000027312500000,37,,,,,,,,32,,0,0,,,,,,1,1,,1,,
1700000027312550000,00fffe00000a,011b19000000,0,0,Follow_Up,8,2,0,44,24,0,0,,0,1,0,0,0,0,0,1,1,1,1,0,0,020000fffe00000a,1,437,2,-4,1700000027312550000,37,,,,,,,,32,,0,0,,,,,,1,1,,1,,
1700000027375000000,00fffe00000a,011b19000000,0,0,Announce,11,2,0,64,24,0,0,,0,1,0,0,0,1,0,0,1,0,1,0,0,020000fffe00000a,1,219,5,-3,,0,128,6,33,20061,128,020000fffe00000a,0,32,,0,0,,,1,0,1,1,1,1,,1,
1700000027375000000,00fffe00000a,011b19000000,0,0,Sync,0,2,0,44,24,0,0,,0,1,0,0,0,0,0,1,1,1,1,0,0,020000fffe00000a,1,438,0,-4,1700000027375000000,37,,,,,,,,32,,0,0,,,,,,1,1,,1,,
1700000027375010000,00fffe000001,011b19000000,0,0,Announce,11,2,0,64,24,0,0,,0,1,0,0,0,0,0,1,1,1,1,0,0,020000fffe000001,2,219,5,-3,,37,128,6,33,20061,128,020000fffe00000a,1,32,,0,0,,,1,0,0,1,1,1,,1,
1700000027375020000,00fffe00000c,011b19000000,0,0,Delay_Req,1,2,0,44,24,0,0,,0,1,0,0,0,0,0,1,1,1,1,0,0,020000fffe00000c,1,219,1,-4,1700000027375020000,37,,,,,,,,32,,0,0,,,,,,1,1,,,,1
1700000027375021000,00fffe00000d,011b19000000,0,0,Delay_Req,1,2,0,44,24,0,0,,0,1,0,0,0,0,0,1,1,1,1,0,0,020000fffe00000d,1,219,1,-4,1700000027375021000,37,,,,,,,,32,,0,0,,,,,,1,1,,,,1
1700000027375022000,00fffe00000e,011b19000000,0,0,Delay_Req,1,2,0,44,24,0,0,,0,1,0,0,0,0,0,1,1,1,1,0,0,020000fffe00000e,1,219,1,-4,1700000027375022000,37,,,,,,,,32,,0,0,,,,,,1,1,,,,1
1700000027375050000,00fffe00000a,011b19000000,0,0,Follow_Up,8,2,0,44,24,0,0,,0,1,0,0,0,0,0,1,1,1,1,0,0,020000fffe00000a,1,438,2,-4,1700000027375050000,37,,,,,,,,32,,0,0,,,,,,1,1,,1,,
1700000027375050000,00fffe000001,011b19000000,0,0,Delay_Resp,9,2,0,54,24,0,0,,0,1,0,0,0,0,0,1,1,1,1,0,0,020000fffe000001,2,219,3,0,,37,,,,,,,,32,,0,0,020000fffe00000c,1,,,,1,1,,,,1
1700000027375051000,00fffe000001,011b19000000,0,0,Delay_Resp,9,2,0,54,24,0,0,,0,1,0,0,0,0,0,1,1,1,1,0,0,020000fffe000001,2,219,3,0,,37,,,,,,,,32,,0,0,020000fffe00000d,1,,,,1,1,,,,1
1700000027375052000,00fffe000001,011b19000000,0,0,Delay_Resp,9,2,0,54,24,0,0,,0,1,0,0,0,0,0,1,1,1,1,0,0,020000fffe000001,2,219,3,0,,37,,,,,,,,32,,0,0,020000fffe00000e,1,,,,1,1,,,,1
1700000027437500000,00fffe00000a,011b19000000,0,0,Sync,0,2,0,44,24,0,0,,0,1,0,0,0,0,0,1,1,1,1,0,0,020000fffe00000a,1,439,0,-4,1700000027437500000,37,,,,,,,,32,,0,0,,,,,,1,1,,1,,
1700000027437550000,00fffe00000a,011b19000000,0,0,Follow_Up,8,2,0,44,24,0,0,,0,1,0,0,0,0,0,1,1,1,1,0,0,020000fffe00000a,1,439,2,-4,1700000027437550000,37,,,,,,,,32,,0,0,,,,,,1,1,,1,,
1700000027500000000,00fffe00000a,011b19000000,0,0,Announce,11,2,0,64,24,0,0,,0,1,0,0,0,1,0,0,1,0,1,0,0,020000fffe00000a,1,220,5,-3,,0,128,6,33,20061,128,020000fffe00000a,0,32,,0,0,,,1,0,1,1,1,1,,1,
1700000027500000000,00fffe00000a,011b19000000,0,0,Sync,0,2,0,44,24,0,0,,0,1,0,0,0,0,0,1,1,1,1,0,0,020000fffe00000a,1,440,0,-4,1700000027500000000,37,,,,,,,,32,,0,0,,,,,,1,1,,1,,
1700000027500010000,00fffe000001,011b19000000,0,0,Announce,11,2,0,64,24,0,0,,0,1,0,0,0,0,0,1,1,1,1,0,0,020000fffe000001,2,220,5,-3,,37,128,6,33,20061,128,020000fffe00000a,1,32,,0,0,,,1,0,0,1,1,1,,1,
1700000027500020000,00fffe00000c,011b19000000,0,0,Delay_Req,1,2,0,44,24,0,0,,0,1,0,0,0,0,0,1,1,1,1,0,0,020000fffe00000c,1,220,1,-4,1700000027500020000,37,,,,,,,,32,,0,0,,,,,,1,1,,,,1
1700000027500021000,00fffe00000d,011b19000000,0,0,Delay_Req,1,2,0,44,24,0,0,,0,1,0,0,0,0,0,1,1,1,1,0,0,020000fffe00000d,1,220,1,-4,1700000027500021000,37,,,,,,,,32,,0,0,,,,,,1,1,,,,1
1700000027500022000,00fffe00000e,011b19000000,0,0,Delay_Req,1,2,0,44,24,0,0,,0,1,0,0,0,0,0,1,1,1,1,0,0,020000fffe00000e,1,220,1,-4,1700000027500022000,37,,,,,,,,32,,0,0,,,,,,1,1,,,,1
1700000027500050000,00fffe00000a,011b19000000,0,0,Follow_Up,8,2,0,44,24,0,0,,0,1,0,0,0,0,0,1,1,1,1,0,0,020000fffe00000a,1,440,2,-4,1700000027500050000,37,,,,,,,,32,,0,0,,,,,,1,1,,1,,
1700000027500050000,00fffe000001,011b19000000,0,0,Delay_Resp,9,2,0,54,24,0,0,,0,1,0,0,0,0,0,1,1,1,1,0,0,020000fffe000001,2,220,3,0,,37,,,,,,,,32,,0,0,020000fffe00000c,1,,,,1,1,,,,1
1700000027500051000,00fffe000001,011b19000000,0,0,Delay_Resp,9,2,0,54,24,0,0,,0,1,0,0,0,0,0,1,1,1,1,0,0,020000fffe000001,2,220,3,0,,37,,,,,,,,32,,0,0,020000fffe00000d,1,,,,1,1,,,,1
1700000027500052000,00fffe000001,011b19000000,0,0,Delay_Resp,9,2,0,54,24,0,0,,0,1,0,0,0,0,0,1,1,1,1,0,0,020000fffe000001,2,220,3,0,,37,,,,,,,,32,,0,0,020000fffe00000e,1,,,,1,1,,,,1
1700000027562500000,00fffe00000a,011b19000000,0,0,Sync,0,2,0,44,24,0,0,,0,1,0,0,0,0,0,1,1,1,1,0,0,020000fffe00000a,1,441,0,-4,1700000027562500000,37,,,,,,,,32,,0,0,,,,,,1,1,,1,,
1700000027562550000,00fffe00000a,011b19000000,0,0,Follow_Up,8,2,0,44,24,0,0,,0,1,0,0,0,0,0,1,1,1,1,0,0,020000fffe00000a,1,441,2,-4,1700000027562550000,37,,,,,,,,32,,0,0,,,,,,1,1,,1,,
1700000027625000000,00fffe00000a,011b19000000,0,0,Announce,11,2,0,64,24,0,0,,0,1,0,0,0,1,0,0,1,0,1,0,0,020000fffe00000a,1,221,5,-3,,0,128,6,33,20061,128,020000fffe00000a,0,32,,0,0,,,1,0,1,1,1,1,,1,
1700000027625000000,00fffe00000a,011b19000000,0,0,Sync,0,2,0,44,24,0,0,,0,1,0,0,0,0,0,1,1,1,1,0,0,020000fffe00000a,1,442,0,-4,1700000027625000000,37,,,,,,,,32,,0,0,,,,,,1,1,,1,,
1700000027625010000,00fffe000001,011b19000000,0,0,Announce,11,2,0,64,24,0,0,,0,1,0,0,0,0,0,1,1,1,1,0,0,020000fffe000001,2,221,5,-3,,37,128,6,33,20061,128,020000fffe00000a,1,32,,0,0,,,1,0,0,1,1,1,,1,
1700000027625020000,00fffe00000c,011b19000000,0,0,Delay_Req,1,2,0,44,24,0,0,,0,1,0,0,0,0,0,1,1,1,1,0,0,020000fffe00000c,1,221,1,-4,1700000027625020000,37,,,,,,,,32,,0,0,,,,,,1,1,,,,1
1700000027625021000,00fffe00000d,011b19000000,0,0,Delay_Req,1,2,0,44,24,0,0,,0,1,0,0,0,0,0,1,1,1,1,0,0,020000fffe00000d,1,221,1,-4,1700000027625021000,37,,,,,,,,32,,0,0,,,,,,1,1,,,,1
1700000027625022000,00fffe00000e,011b19000000,0,0,Delay_Req,1,2,0,44,24,0,0,,0,1,0,0,0,0,0,1,1,1,1,0,0,020000fffe00000e,1,221,1,-4,1700000027625022000,37,,,,,,,,32,,0,0,,,,,,1,1,,,,1
1700000027625050000,00fffe00000a,011b19000000,0,0,Follow_Up,8,2,0,44,24,0,0,,0,1,0,0,0,0,0,1,1,1,1,0,0,020000fffe00000a,1,442,2,-4,1700000027625050000,37,,,,,,,,32,,0,0,,,,,,1,1,,1,,
1700000027625050000,00fffe000001,011b19000000,0,0,Delay_Resp,9,2,0,54,24,0,0,,0,1,0,0,0,0,0,1,1,1,1,0,0,020000fffe000001,2,221,3,0,,37,,,,,,,,32,,0,0,020000fffe00000c,1,,,,1,1,,,,1
1700000027625051000,00fffe000001,011b19000000,0,0,Delay_Resp,9,2,0,54,24,0,0,,0,1,0,0,0,0,0,1,1,1,1,0,0,020000fffe000001,2,221,3,0,,37,,,,,,,,32,,0,0,020000fffe00000d,1,,,,1,1,,,,1
1700000027625052000,00fffe000001,011b19000000,0,0,Delay_Resp,9,2,0,54,24,0,0,,0,1,0,0,0,0,0,1,1,1,1,0,0,020000fffe000001,2,221,3,0,,37,,,,,,,,32,,0,0,020000fffe00000e,1,,,,1,1,,,,1
1700000027687500000,00fffe00000a,011b19000000,0,0,Sync,0,2,0,44,24,0,0,,0,1,0,0,0,0,0,1,1,1,1,0,0,020000fffe00000a,1,443,0,-4,1700000027687500000,37,,,,,,,,32,,0,0,,,,,,1,1,,1,,
1700000027687550000,00fffe00000a,011b19000000,0,0,Follow_Up,8,2,0,44,24,0,0,,0,1,0,0,0,0,0,1,1,1,1,0,0,020000fffe00000a,1,443,2,-4,1700000027687550000,37,,,,,,,,32,,0,0,,,,,,1,1,,1,,
1700000027750000000,00fffe00000a,011b19000000,0,0,Announce,11,2,0,64,24,0,0,,0,1,0,0,0,1,0,0,1,0,1,0,0,020000fffe00000a,1,222,5,-3,,0,128,6,33,20061,128,020000fffe00000a,0,32,,0,0,,,1,0,1,1,1,1,,1,
1700000027750000000,00fffe00000a,011b19000000,0,0,Sync,0,2,0,44,24,0,0,,0,1,0,0,0,0,0,1,1,1,1,0,0,020000fffe00000a,1,444,0,-4,1700000027750000000,37,,,,,,,,32,,0,0,,,,,,1,1,,1,,
1700000027750010000,00fffe000001,011b19000000,0,0,Announce,11,2,0,64,24,0,0,,0,1,0,0,0,0,0,1,1,1,1,0,0,020000fffe000001,2,222,5,-3,,37,128,6,33,20061,128,020000fffe00000a,1,32,,0,0,,,1,0,0,1,1,1,,1,
1700000027750020000,00fffe00000c,011b19000000,0,0,Delay_Req,1,2,0,44,24,0,0,,0,1,0,0,0,0,0,1,1,1,1,0,0,020000fffe00000c,1,222,1,-4,1700000027750020000,37,,,,,,,,32,,0,0,,,,,,1,1,,,,1
1700000027750021000,00fffe00000d,011b19000000,0,0,Delay_Req,1,2,0,44,24,0,0,,0,1,0,0,0,0,0,1,1,1,1,0,0,020000fffe00000d,1,222,1,-4,1700000027750021000,37,,,,,,,,32,,0,0,,,,,,1,1,,,,1
1700000027750022000,00fffe00000e,011b19000000,0,0,Delay_Req,1,2,0,44,24,0,0,,0,1,0,0,0,0,0,1,1,1,1,0,0,020000fffe00000e,1,222,1,-4,1700000027750022000,37,,,,,,,,32,,0,0,,,,,,1,1,,,,1
1700000027750050000,00fffe00000a,011b19000000,0,0,Follow_Up,8,2,0,44,24,0,0,,0,1,0,0,0,0,0,1,1,1,1,0,0,020000fffe00000a,1,444,2,-4,1700000027750050000,37,,,,,,,,32,,0,0,,,,,,1,1,,1,,
1700000027750050000,00fffe000001,011b19000000,0,0,Delay_Resp,9,2,0,54,24,0,0,,0,1,0,0,0,0,0,1,1,1,1,0,0,020000fffe000001,2,222,3,0,,37,,,,,,,,32,,0,0,020000fffe00000c,1,,,,1,1,,,,1
1700000027750051000,00fffe000001,011b19000000,0,0,Delay_Resp,9,2,0,54,24,0,0,,0,1,0,0,0,0,0,1,1,1,1,0,0,020000fffe000001,2,222,3,0,,37,,,,,,,,32,,0,0,020000fffe00000d,1,,,,1,1,,,,1
1700000027750052000,00fffe000001,011b19000000,0,0,Delay_Resp,9,2,0,54,24,0,0,,0,1,0,0,0,0,0,1,1,1,1,0,0,020000fffe000001,2,222,3,0,,37,,,,,,,,32,,0,0,020000fffe00000e,1,,,,1,1,,,,1
1700000027812500000,00fffe00000a,011b19000000,0,0,Sync,0,2,0,44,24,0,0,,0,1,0,0,0,0,0,1,1,1,1,0,0,020000fffe00000a,1,445,0,-4,1700000027812500000,37,,,,,,,,32,,0,0,,,,,,1,1,,1,,
1700000027812550000,00fffe00000a,011b19000000,0,0,Follow_Up,8,2,0,44,24,0,0,,0,1,0,0,0,0,0,1,1,1,1,0,0,020000fffe00000a,1,445,2,-4,1700000027812550000,37,,,,,,,,32,,0,0,,,,,,1,1,,1,,
1700000027875000000,00fffe00000a,011b19000000,0,0,Announce,11,2,0,64,24,0,0,,0,1,0,0,0,1,0,0,1,0,1,0,0,020000fffe00000a,1,223,5,-3,,0,128,6,33,20061,128,020000fffe00000a,0,32,,0,0,,,1,0,1,1,1,1,,1,
1700000027875000000,00fffe00000a,011b19000000,0,0,Sync,0,2,0,44,24,0,0,,0,1,0,0,0,0,0,1,1,1,1,0,0,020000fffe00000a,1,446,0,-4,1700000027875000000,37,,,,,,,,32,,0,0,,,,,,1,1,,1,,
1700000027875010000,00fffe000001,011b19000000,0,0,Announce,11,2,0,64,24,0,0,,0,1,0,0,0,0,0,1,1,1,1,0,0,020000fffe000001,2,223,5,-3,,37,128,6,33,20061,128,020000fffe00000a,1,32,,0,0,,,1,0,0,1,1,1,,1,
1700000027875020000,00fffe00000c,011b19000000,0,0,Delay_Req,1,2,0,44,24,0,0,,0,1,0,0,0,0,0,1,1,1,1,0,0,020000fffe00000c,1,223,1,-4,1700000027875020000,37,,,,,,,,32,,0,0,,,,,,1,1,,,,1
1700000027875021000,00fffe00000d,011b19000000,0,0,Delay_Req,1,2,0,44,24,0,0,,0,1,0,0,0,0,0,1,1,1,1,0,0,020000fffe00000d,1,223,1,-4,1700000027875021000,37,,,,,,,,32,,0,0,,,,,,1,1,,,,1
1700000027875022000,00fffe00000e,011b19000000,0,0,Delay_Req,1,2,0,44,24,0,0,,0,1,0,0,0,0,0,1,1,1,1,0,0,020000fffe00000e,1,223,1,-4,1700000027875022000,37,,,,,,,,32,,0,0,,,,,,1,1,,,,1
1700000027875050000,00fffe00000a,011b19000000,0,0,Follow_Up,8,2,0,44,24,0,0,,0,1,0,0,0,0,0,1,1,1,1,0,0,020000fffe00000a,1,446,2,-4,1700000027875050000,37,,,,,,,,32,,0,0,,,,,,1,1,,1,,
1700000027875050000,00fffe000001,011b19000000,0,0,Delay_Resp,9,2,0,54,24,0,0,,0,1,0,0,0,0,0,1,1,1,1,0,0,020000fffe000001,2,223,3,0,,37,,,,,,,,32,,0,0,020000fffe00000c,1,,,,1,1,,,,1
1700000027875051000,00fffe000001,011b19000000,0,0,Delay_Resp,9,2,0,54,24,0,0,,0,1,0,0,0,0,0,1,1,1,1,0,0,020000fffe000001,2,223,3,0,,37,,,,,,,,32,,0,0,020000fffe00000d,1,,,,1,1,,,,1
1700000027875052000,00fffe000001,011b19000000,0,0,Delay_Resp,9,2,0,54,24,0,0,,0,1,0,0,0,0,0,1,1,1,1,0,0,020000fffe000001,2,223,3,0,,37,,,,,,,,32,,0,0,020000fffe00000e,1,,,,1,1,,,,1
1700000027937500000,00fffe00000a,011b19000000,0,0,Sync,0,2,0,44,24,0,0,,0,1,0,0,0,0,0,1,1,1,1,0,0,020000fffe00000a,1,447,0,-4,1700000027937500000,37,,,,,,,,32,,0,0,,,,,,1,1,,1,,
1700000027937550000,00fffe00000a,011b19000000,0,0,Follow_Up,8,2,0,44,24,0,0,,0,1,0,0,0,0,0,1,1,1,1,0,0,020000fffe00000a,1,447,2,-4,1700000027937550000,37,,,,,,,,32,,0,0,,,,,,1,1,,1,,
1700000028000000000,00fffe00000a,011b19000000,0,0,Announce,11,2,0,64,24,0,0,,0,1,0,0,0,1,0,0,1,0,1,0,0,020000fffe00000a,1,224,5,-3,,0,128,6,33,20061,128,020000fffe00000a,0,32,,0,0,,,1,0,1,1,1,1,,1,
1700000028000000000,00fffe00000a,011b19000000,0,0,Sync,0,2,0,44,24,0,0,,0,1,0,0,0,0,0,1,1,1,1,0,0,020000fffe00000a,1,448,0,-4,1700000028000000000,37,,,,,,,,32,,0,0,,,,,,1,1,,1,,
1700000028000010000,00fffe000001,011b19000000,0,0,Announce,11,2,0,64,24,0,0,,0,1,0,0,0,0,0,1,1,1,1,0,0,020000fffe000001,2,224,5,-3,,37,128,6,33,20061,128,020000fffe00000a,1,32,,0,0,,,1,0,0,1,1,1,,1,
1700000028000020000,00fffe00000c,011b19000000,0,0,Delay_Req,1,2,0,44,24,0,0,,0,1,0,0,0,0,0,1,1,1,1,0,0,020000fffe00000c,1,224,1,-4,1700000028000020000,37,,,,,,,,32,,0,0,,,,,,1,1,,,,1
1700000028000021000,00fffe00000d,011b19000000,0,0,Delay_Req,1,2,0,44,24,0,0,,0,1,0,0,0,0,0,1,1,1,1,0,0,020000fffe00000d,1,224,1,-4,1700000028000021000,37,,,,,,,,32,,0,0,,,,,,1,1,,,,1
1700000028000022000,00fffe00000e,011b19000000,0,0,Delay_Req,1,2,0,44,24,0,0,,0,1,0,0,0,0,0,1,1,1,1,0,0,020000fffe00000e,1,224,1,-4,1700000028000022000,37,,,,,,,,32,,0,0,,,,,,1,1,,,,1
1700000028000050000,00fffe00000a,011b19000000,0,0,Follow_Up,8,2,0,44,24,0,0,,0,1,0,0,0,0,0,1,1,1,1,0,0,020000fffe00000a,1,448,2,-4,1700000028000050000,37,,,,,,,,32,,0,0,,,,,,1,1,,1,,
1700000028000050000,00fffe000001,011b19000000,0,0,Delay_Resp,9,2,0,54,24,0,0,,0,1,0,0,0,0,0,1,1,1,1,0,0,020000fffe000001,2,224,3,0,,37,,,,,,,,32,,0,0,020000fffe00000c,1,,,,1,1,,,,1
1700000028000051000,00fffe000001,011b19000000,0,0,Delay_Resp,9,2,0,54,24,0,0,,0,1,0,0,0,0,0,1,1,1,1,0,0,020000fffe000001,2,224,3,0,,37,,,,,,,,32,,0,0,020000fffe00000d,1,,,,1,1,,,,1
1700000028000052000,00fffe000001,011b19000000,0,0,Delay_Resp,9,2,0,54,24,0,0,,0,1,0,0,0,0,0,1,1,1,1,0,0,020000fffe000001,2,224,3,0,,37,,,,,,,,32,,0,0,020000fffe00000e,1,,,,1,1,,,,1
1700000028062500000,00fffe00000a,011b19000000,0,0,Sync,0,2,0,44,24,0,0,,0,1,0,0,0,0,0,1,1,1,1,0,0,020000fffe00000a,1,449,0,-4,1700000028062500000,37,,,,,,,,32,,0,0,,,,,,1,1,,1,,
1700000028062550000,00fffe00000a,011b19000000,0,0,Follow_Up,8,2,0,44,24,0,0,,0,1,0,0,0,0,0,1,1,1,1,0,0,020000fffe00000a,1,449,2,-4,1700000028062550000,37,,,,,,,,32,,0,0,,,,,,1,1,,1,,
1700000028125000000,00fffe00000a,011b19000000,0,0,Announce,11,2,0,64,24,0,0,,0,1,0,0,0,1,0,0,1,0,1,0,0,020000fffe00000a,1,225,5,-3,,0,128,6,33,20061,128,020000fffe00000a,0,32,,0,0,,,1,0,1,1,1,1,,1,
1700000028125000000,00fffe00000a,011b19000000,0,0,Sync,0,2,0,44,24,0,0,,0,1,0,0,0,0,0,1,1,1,1,0,0,020000fffe00000a,1,450,0,-4,1700000028125000000,37,,,,,,,,32,,0,0,,,,,,1,1,,1,,
1700000028125010000,00fffe000001,011b19000000,0,0,Announce,11,2,0,64,24,0,0,,0,1,0,0,0,0,0,1,1,1,1,0,0,020000fffe000001,2,225,5,-3,,37,128,6,33,20061,128,020000fffe00000a,1,32,,0,0,,,1,0,0,1,1,1,,1,
1700000028125020000,00fffe00000c,011b19000000,0,0,Delay_Req,1,2,0,44,24,0,0,,0,1,0,0,0,0,0,1,1,1,1,0,0,020000fffe00000c,1,225,1,-4,1700000028125020000,37,,,,,,,,32,,0,0,,,,,,1,1,,,,1
1700000028125021000,00fffe00000d,011b19000000,0,0,Delay_Req,1,2,0,44,24,0,0,,0,1,0,0,0,0,0,1,1,1,1,0,0,020000fffe00000d,1,225,1,-4,1700000028125021000,37,,,,,,,,32,,0,0,,,,,,1,1,,,,1
1700000028125022000,00fffe00000e,011b19000000,0,0,Delay_Req,1,2,0,44,24,0,0,,0,1,0,0,0,0,0,1,1,1,1,0,0,020000fffe00000e,1,225,1,-4,1700000028125022000,37,,,,,,,,32,,0,0,,,,,,1,1,,,,1
1700000028125050000,00fffe00000a,011b19000000,0,0,Follow_Up,8,2,0,44,24,0,0,,0,1,0,0,0,0,0,1,1,1,1,0,0,020000fffe00000a,1,450,2,-4,1700000028125050000,37,,,,,,,,32,,0,0,,,,,,1,1,,1,,
1700000028125050000,00fffe000001,011b19000000,0,0,Delay_Resp,9,2,0,54,24,0,0,,0,1,0,0,0,0,0,1,1,1,1,0,0,020000fffe000001,2,225,3,0,,37,,,,,,,,32,,0,0,020000fffe00000c,1,,,,1,1,,,,1
1700000028125051000,00fffe000001,011b19000000,0,0,Delay_Resp,9,2,0,54,24,0,0,,0,1,0,0,0,0,0,1,1,1,1,0,0,020000fffe000001,2,225,3,0,,37,,,,,,,,32,,0,0,020000fffe00000d,1,,,,1,1,,,,1
1700000028125052000,00fffe000001,011b19000000,0,0,Delay_Resp,9,2,0,54,24,0,0,,0,1,0,0,0,0,0,1,1,1,1,0,0,020000fffe000001,2,225,3,0,,37,,,,,,,,32,,0,0,020000fffe00000e,1,,,,1,1,,,,1
1700000028187500000,00fffe00000a,011b19000000,0,0,Sync,0,2,0,44,24,0,0,,0,1,0,0,0,0,0,1,1,1,1,0,0,020000fffe00000a,1,451,0,-4,1700000028187500000,37,,,,,,,,32,,0,0,,,,,,1,1,,1,,
1700000028187550000,00fffe00000a,011b19000000,0,0,Follow_Up,8,2,0,44,24,0,0,,0,1,0,0,0,0,0,1,1,1,1,0,0,020000fffe00000a,1,451,2,-4,1700000028187550000,37,,,,,,,,32,,0,0,,,,,,1,1,,1,,
1700000028250000000,00fffe00000a,011b19000000,0,0,Announce,11,2,0,64,24,0,0,,0,1,0,0,0,1,0,0,1,0,1,0,0,020000fffe00000a,1,226,5,-3,,0,128,6,33,20061,128,020000fffe00000a,0,32,,0,0,,,1,0,1,1,1,1,,1,
1700000028250000000,00fffe00000a,011b19000000,0,0,Sync,0,2,0,44,24,0,0,,0,1,0,0,0,0,0,1,1,1,1,0,0,020000fffe00000a,1,452,0,-4,1700000028250000000,37,,,,,,,,32,,0,0,,,,,,1,1,,1,,
1700000028250010000,00fffe000001,011b19000000,0,0,Announce,11,2,0,64,24,0,0,,0,1,0,0,0,0,0,1,1,1,1,0,0,020000fffe000001,2,226,5,-3,,37,128,6,33,20061,128,020000fffe00000a,1,32,,0,0,,,1,0,0,1,1,1,,1,
1700000028250020000,00fffe00000c,011b19000000,0,0,Delay_Req,1,2,0,44,24,0,0,,0,1,0,0,0,0,0,1,1,1,1,0,0,020000fffe00000c,1,226,1,-4,1700000028250020000,37,,,,,,,,32,,0,0,,,,,,1,1,,,,1
1700000028250021000,00fffe00000d,011b19000000,0,0,Delay_Req,1,2,0,44,24,0,0,,0,1,0,0,0,0,0,1,1,1,1,0,0,020000fffe00000d,1,226,1,-4,1700000028250021000,37,,,,,,,,32,,0,0,,,,,,1,1,,,,1
1700000028250022000,00fffe00000e,011b19000000,0,0,Delay_Req,1,2,0,44,24,0,0,,0,1,0,0,0,0,0,1,1,1,1,0,0,020000fffe00000e,1,226,1,-4,1700000028250022000,37,,,,,,,,32,,0,0,,,,,,1,1,,,,1
1700000028250050000,00fffe00000a,011b19000000,0,0,Follow_Up,8,2,0,44,24,0,0,,0,1,0,0,0,0,0,1,1,1,1,0,0,020000fffe00000a,1,452,2,-4,1700000028250050000,37,,,,,,,,32,,0,0,,,,,,1,1,,1,,
1700000028250050000,00fffe000001,011b19000000,0,0,Delay_Resp,9,2,0,54,24,0,0,,0,1,0,0,0,0,0,1,1,1,1,0,0,020000fffe000001,2,226,3,0,,37,,,,,,,,32,,0,0,020000fffe00000c,1,,,,1,1,,,,1
1700000028250051000,00fffe000001,011b19000000,0,0,Delay_Resp,9,2,0,54,24,0,0,,0,1,0,0,0,0,0,1,1,1,1,0,0,020000fffe000001,2,226,3,0,,37,,,,,,,,32,,0,0,020000fffe00000d,1,,,,1,1,,,,1
1700000028250052000,00fffe000001,011b19000000,0,0,Delay_Resp,9,2,0,54,24,0,0,,0,1,0,0,0,0,0,1,1,1,1,0,0,020000fffe000001,2,226,3,0,,37,,,,,,,,32,,0,0,020000fffe00000e,1,,,,1,1,,,,1
1700000028312500000,00fffe00000a,011b19000000,0,0,Sync,0,2,0,44,24,0,0,,0,1,0,0,0,0,0,1,1,1,1,0,0,020000fffe00000a,1,453,0,-4,1700000028312500000,37,,,,,,,,32,,0,0,,,,,,1,1,,1,,
1700000028312550000,00fffe00000a,011b19000000,0,0,Follow_Up,8,2,0,44,24,0,0,,0,1,0,0,0,0,0,1,1,1,1,0,0,020000fffe00000a,1,453,2,-4,1700000028312550000,37,,,,,,,,32,,0,0,,,,,,1,1,,1,,
1700000028375000000,00fffe00000a,011b19000000,0,0,Announce,11,2,0,64,24,0,0,,0,1,0,0,0,1,0,0,1,0,1,0,0,020000fffe00000a,1,227,5,-3,,0,128,6,33,20061,128,020000fffe00000a,0,32,,0,0,,,1,0,1,1,1,1,,1,
1700000028375000000,00fffe00000a,011b19000000,0,0,Sync,0,2,0,44,24,0,0,,0,1,0,0,0,0,0,1,1,1,1,0,0,020000fffe00000a,1,454,0,-4,1700000028375000000,37,,,,,,,,32,,0,0,,,,,,1,1,,1,,
1700000028375010000,00fffe000001,011b19000000,0,0,Announce,11,2,0,64,24,0,0,,0,1,0,0,0,0,0,1,1,1,1,0,0,020000fffe000001,2,227,5,-3,,37,128,6,33,20061,128,020000fffe00000a,1,32,,0,0,,,1,0,0,1,1,1,,1,
1700000028375020000,00fffe00000c,011b19000000,0,0,Delay_Req,1,2,0,44,24,0,0,,0,1,0,0,0,0,0,1,1,1,1,0,0,020000fffe00000c,1,227,1,-4,1700000028375020000,37,,,,,,,,32,,0,0,,,,,,1,1,,,,1
1700000028375021000,00fffe00000d,011b19000000,0,0,Delay_Req,1,2,0,44,24,0,0,,0,1,0,0,0,0,0,1,1,1,1,0,0,020000fffe00000d,1,227,1,-4,1700000028375021000,37,,,,,,,,32,,0,0,,,,,,1,1,,,,1
1700000028375022000,00fffe00000e,011b19000000,0,0,Delay_Req,1,2,0,44,24,0,0,,0,1,0,0,0,0,0,1,1,1,1,0,0,020000fffe00000e,1,227,1,-4,1700000028375022000,37,,,,,,,,32,,0,0,,,,,,1,1,,,,1
1700000028375050000,00fffe00000a,011b19000000,0,0,Follow_Up,8,2,0,44,24,0,0,,0,1,0,0,0,0,0,1,1,1,1,0,0,020000fffe00000a,1,454,2,-4,1700000028375050000,37,,,,,,,,32,,0,0,,,,,,1,1,,1,,
1700000028375050000,00fffe000001,011b19000000,0,0,Delay_Resp,9,2,0,54,24,0,0,,0,1,0,0,0,0,0,1,1,1,1,0,0,020000fffe000001,2,227,3,0,,37,,,,,,,,32,,0,0,020000fffe00000c,1,,,,1,1,,,,1
1700000028375051000,00fffe000001,011b19000000,0,0,Delay_Resp,9,2,0,54,24,0,0,,0,1,0,0,0,0,0,1,1,1,1,0,0,020000fffe000001,2,227,3,0,,37,,,,,,,,32,,0,0,020000fffe00000d,1,,,,1,1,,,,1
1700000028375052000,00fffe000001,011b19000000,0,0,Delay_Resp,9,2,0,54,24,0,0,,0,1,0,0,0,0,0,1,1,1,1,0,0,020000fffe000001,2,227,3,0,,37,,,,,,,,32,,0,0,020000fffe00000e,1,,,,1,1,,,,1
1700000028437500000,00fffe00000a,011b19000000,0,0,Sync,0,2,0,44,24,0,0,,0,1,0,0,0,0,0,1,1,1,1,0,0,020000fffe00000a,1,455,0,-4,1700000028437500000,37,,,,,,,,32,,0,0,,,,,,1,1,,1,,
1700000028437550000,00fffe00000a,011b19000000,0,0,Follow_Up,8,2,0,44,24,0,0,,0,1,0,0,0,0,0,1,1,1,1,0,0,020000fffe00000a,1,455,2,-4,1700000028437550000,37,,,,,,,,32,,0,0,,,,,,1,1,,1,,
1700000028500000000,00fffe00000a,011b19000000,0,0,Announce,11,2,0,64,24,0,0,,0,1,0,0,0,1,0,0,1,0,1,0,0,020000fffe00000a,1,228,5,-3,,0,128,6,33,20061,128,020000fffe00000a,0,32,,0,0,,,1,0,1,1,1,1,,1,
1700000028500000000,00fffe00000a,011b19000000,0,0,Sync,0,2,0,44,24,0,0,,0,1,0,0,0,0,0,1,1,1,1,0,0,020000fffe00000a,1,456,0,-4,1700000028500000000,37,,,,,,,,32,,0,0,,,,,,1,1,,1,,
1700000028500010000,00fffe000001,011b19000000,0,0,Announce,11,2,0,64,24,0,0,,0,1,0,0,0,0,0,1,1,1,1,0,0,020000fffe000001,2,228,5,-3,,37,128,6,33,20061,128,020000fffe00000a,1,32,,0,0,,,1,0,0,1,1,1,,1,
1700000028500020000,00fffe00000c,011b19000000,0,0,Delay_Req,1,2,0,44,24,0,0,,0,1,0,0,0,0,0,1,1,1,1,0,0,020000fffe00000c,1,228,1,-4,1700000028500020000,37,,,,,,,,32,,0,0,,,,,,1,1,,,,1
1700000028500021000,00fffe00000d,011b19000000,0,0,Delay_Req,1,2,0,44,24,0,0,,0,1,0,0,0,0,0,1,1,1,1,0,0,020000fffe00000d,1,228,1,-4,1700000028500021000,37,,,,,,,,32,,0,0,,,,,,1,1,,,,1
1700000028500022000,00fffe00000e,011b19000000,0,0,Delay_Req,1,2,0,44,24,0,0,,0,1,0,0,0,0,0,1,1,1,1,0,0,020000fffe00000e,1,228,1,-4,1700000028500022000,37,,,,,,,,32,,0,0,,,,,,1,1,,,,1
1700000028500050000,00fffe00000a,011b19000000,0,0,Follow_Up,8,2,0,44,24,0,0,,0,1,0,0,0,0,0,1,1,1,1,0,0,020000fffe00000a,1,456,2,-4,1700000028500050000,37,,,,,,,,32,,0,0,,,,,,1,1,,1,,
1700000028500050000,00fffe000001,011b19000000,0,0,Delay_Resp,9,2,0,54,24,0,0,,0,1,0,0,0,0,0,1,1,1,1,0,0,020000fffe000001,2,228,3,0,,37,,,,,,,,32,,0,0,020000fffe00000c,1,,,,1,1,,,,1
1700000028500051000,00fffe000001,011b19000000,0,0,Delay_Resp,9,2,0,54,24,0,0,,0,1,0,0,0,0,0,1,1,1,1,0,0,020000fffe000001,2,228,3,0,,37,,,,,,,,32,,0,0,020000fffe00000d,1,,,,1,1,,,,1
1700000028500052000,00fffe000001,011b19000000,0,0,Delay_Resp,9,2,0,54,24,0,0,,0,1,0,0,0,0,0,1,1,1,1,0,0,020000fffe000001,2,228,3,0,,37,,,,,,,,32,,0,0,020000fffe00000e,1,,,,1,1,,,,1
1700000028562500000,00fffe00000a,011b19000000,0,0,Sync,0,2,0,44,24,0,0,,0,1,0,0,0,0,0,1,1,1,1,0,0,020000fffe00000a,1,457,0,-4,1700000028562500000,37,,,,,,,,32,,0,0,,,,,,1,1,,1,,
1700000028562550000,00fffe00000a,011b19000000,0,0,Follow_Up,8,2,0,44,24,0,0,,0,1,0,0,0,0,0,1,1,1,1,0,0,020000fffe00000a,1,457,2,-4,1700000028562550000,37,,,,,,,,32,,0,0,,,,,,1,1,,1,,
1700000028625000000,00fffe00000a,011b19000000,0,0,Announce,11,2,0,64,24,0,0,,0,1,0,0,0,1,0,0,1,0,1,0,0,020000fffe00000a,1,229,5,-3,,0,128,6,33,20061,128,020000fffe00000a,0,32,,0,0,,,1,0,1,1,1,1,,1,
1700000028625000000,00fffe00000a,011b19000000,0,0,Sync,0,2,0,44,24,0,0,,0,1,0,0,0,0,0,1,1,1,1,0,0,020000fffe00000a,1,458,0,-4,1700000028625000000,37,,,,,,,,32,,0,0,,,,,,1,1,,1,,
1700000028625010000,00fffe000001,011b19000000,0,0,Announce,11,2,0,64,24,0,0,,0,1,0,0,0,0,0,1,1,1,1,0,0,020000fffe000001,2,229,5,-3,,37,128,6,33,20061,128,020000fffe00000a,1,32,,0,0,,,1,0,0,1,1,1,,1,
1700000028625020000,00fffe00000c,011b19000000,0,0,Delay_Req,1,2,0,44,24,0,0,,0,1,0,0,0,0,0,1,1,1,1,0,0,020000fffe00000c,1,229,1,-4,1700000028625020000,37,,,,,,,,32,,0,0,,,,,,1,1,,,,1
1700000028625021000,00fffe00000d,011b19000000,0,0,Delay_Req,1,2,0,44,24,0,0,,0,1,0,0,0,0,0,1,1,1,1,0,0,020000fffe00000d,1,229,1,-4,1700000028625021000,37,,,,,,,,32,,0,0,,,,,,1,1,,,,1
1700000028625022000,00fffe00000e,011b19000000,0,0,Delay_Req,1,2,0,44,24,0,0,,0,1,0,0,0,0,0,1,1,1,1,0,0,020000fffe00000e,1,229,1,-4,1700000028625022000,37,,,,,,,,32,,0,0,,,,,,1,1,,,,1
1700000028625050000,00fffe00000a,011b19000000,0,0,Follow_Up,8,2,0,44,24,0,0,,0,1,0,0,0,0,0,1,1,1,1,0,0,020000fffe00000a,1,458,2,-4,1700000028625050000,37,,,,,,,,32,,0,0,,,,,,1,1,,1,,
1700000028625050000,00fffe000001,011b19000000,0,0,Delay_Resp,9,2,0,54,24,0,0,,0,1,0,0,0,0,0,1,1,1,1,0,0,020000fffe000001,2,229,3,0,,37,,,,,,,,32,,0,0,020000fffe00000c,1,,,,1,1,,,,1
1700000028625051000,00fffe000001,011b19000000,0,0,Delay_Resp,9,2,0,54,24,0,0,,0,1,0,0,0,0,0,1,1,1,1,0,0,020000fffe000001,2,229,3,0,,37,,,,,,,,32,,0,0,020000fffe00000d,1,,,,1,1,,,,1
1700000028625052000,00fffe000001,011b19000000,0,0,Delay_Resp,9,2,0,54,24,0,0,,0,1,0,0,0,0,0,1,1,1,1,0,0,020000fffe000001,2,229,3,0,,37,,,,,,,,32,,0,0,020000fffe00000e,1,,,,1,1,,,,1
1700000028687500000,00fffe00000a,011b19000000,0,0,Sync,0,2,0,44,24,0,0,,0,1,0,0,0,0,0,1,1,1,1,0,0,020000fffe00000a,1,459,0,-4,1700000028687500000,37,,,,,,,,32,,0,0,,,,,,1,1,,1,,
1700000028687550000,00fffe00000a,011b19000000,0,0,Follow_Up,8,2,0,44,24,0,0,,0,1,0,0,0,0,0,1,1,1,1,0,0,020000fffe00000a,1,459,2,-4,1700000028687550000,37,,,,,,,,32,,0,0,,,,,,1,1,,1,,
1700000028750000000,00fffe00000a,011b19000000,0,0,Announce,11,2,0,64,24,0,0,,0,1,0,0,0,1,0,0,1,0,1,0,0,020000fffe00000a,1,230,5,-3,,0,128,6,33,20061,128,020000fffe00000a,0,32,,0,0,,,1,0,1,1,1,1,,1,
1700000028750000000,00fffe00000a,011b19000000,0,0,Sync,0,2,0,44,24,0,0,,0,1,0,0,0,0,0,1,1,1,1,0,0,020000fffe00000a,1,460,0,-4,1700000028750000000,37,,,,,,,,32,,0,0,,,,,,1,1,,1,,
1700000028750010000,00fffe000001,011b19000000,0,0,Announce,11,2,0,64,24,0,0,,0,1,0,0,0,0,0,1,1,1,1,0,0,020000fffe000001,2,230,5,-3,,37,128,6,33,20061,128,020000fffe00000a,1,32,,0,0,,,1,0,0,1,1,1,,1,
1700000028750020000,00fffe00000c,011b19000000,0,0,Delay_Req,1,2,0,44,24,0,0,,0,1,0,0,0,0,0,1,1,1,1,0,0,020000fffe00000c,1,230,1,-4,1700000028750020000,37,,,,,,,,32,,0,0,,,,,,1,1,,,,1
1700000028750021000,00fffe00000d,011b19000000,0,0,Delay_Req,1,2,0,44,24,0,0,,0,1,0,0,0,0,0,1,1,1,1,0,0,020000fffe00000d,1,230,1,-4,1700000028750021000,37,,,,,,,,32,,0,0,,,,,,1,1,,,,1
1700000028750022000,00fffe00000e,011b19000000,0,0,Delay_Req,1,2,0,44,24,0,0,,0,1,0,0,0,0,0,1,1,1,1,0,0,020000fffe00000e,1,230,1,-4,1700000028750022000,37,,,,,,,,32,,0,0,,,,,,1,1,,,,1
1700000028750050000,00fffe00000a,011b19000000,0,0,Follow_Up,8,2,0,44,24,0,0,,0,1,0,0,0,0,0,1,1,1,1,0,0,020000fffe00000a,1,460,2,-4,1700000028750050000,37,,,,,,,,32,,0,0,,,,,,1,1,,1,,
1700000028750050000,00fffe000001,011b19000000,0,0,Delay_Resp,9,2,0,54,24,0,0,,0,1,0,0,0,0,0,1,1,1,1,0,0,020000fffe000001,2,230,3,0,,37,,,,,,,,32,,0,0,020000fffe00000c,1,,,,1,1,,,,1
1700000028750051000,00fffe000001,011b19000000,0,0,Delay_Resp,9,2,0,54,24,0,0,,0,1,0,0,0,0,0,1,1,1,1,0,0,020000fffe000001,2,230,3,0,,37,,,,,,,,32,,0,0,020000fffe00000d,1,,,,1,1,,,,1
1700000028750052000,00fffe000001,011b19000000,0,0,Delay_Resp,9,2,0,54,24,0,0,,0,1,0,0,0,0,0,1,1,1,1,0,0,020000fffe000001,2,230,3,0,,37,,,,,,,,32,,0,0,020000fffe00000e,1,,,,1,1,,,,1
1700000028812500000,00fffe00000a,011b19000000,0,0,Sync,0,2,0,44,24,0,0,,0,1,0,0,0,0,0,1,1,1,1,0,0,020000fffe00000a,1,461,0,-4,1700000028812500000,37,,,,,,,,32,,0,0,,,,,,1,1,,1,,
1700000028812550000,00fffe00000a,011b19000000,0,0,Follow_Up,8,2,0,44,24,0,0,,0,1,0,0,0,0,0,1,1,1,1,0,0,020000fffe00000a,1,461,2,-4,1700000028812550000,37,,,,,,,,32,,0,0,,,,,,1,1,,1,,
1700000028875000000,00fffe00000a,011b19000000,0,0,Announce,11,2,0,64,24,0,0,,0,1,0,0,0,1,0,0,1,0,1,0,0,020000fffe00000a,1,231,5,-3,,0,128,6,33,20061,128,020000fffe00000a,0,32,,0,0,,,1,0,1,1,1,1,,1,
1700000028875000000,00fffe00000a,011b19000000,0,0,Sync,0,2,0,44,24,0,0,,0,1,0,0,0,0,0,1,1,1,1,0,0,020000fffe00000a,1,462,0,-4,1700000028875000000,37,,,,,,,,32,,0,0,,,,,,1,1,,1,,
1700000028875010000,00fffe000001,011b19000000,0,0,Announce,11,2,0,64,24,0,0,,0,1,0,0,0,0,0,1,1,1,1,0,0,020000fffe000001,2,231,5,-3,,37,128,6,33,20061,128,020000fffe00000a,1,32,,0,0,,,1,0,0,1,1,1,,1,
1700000028875020000,00fffe00000c,011b19000000,0,0,Delay_Req,1,2,0,44,24,0,0,,0,1,0,0,0,0,0,1,1,1,1,0,0,020000fffe00000c,1,231,1,-4,1700000028875020000,37,,,,,,,,32,,0,0,,,,,,1,1,,,,1
1700000028875021000,00fffe00000d,011b19000000,0,0,Delay_Req,1,2,0,44,24,0,0,,0,1,0,0,0,0,0,1,1,1,1,0,0,020000fffe00000d,1,231,1,-4,1700000028875021000,37,,,,,,,,32,,0,0,,,,,,1,1,,,,1
1700000028875022000,00fffe00000e,011b19000000,0,0,Delay_Req,1,2,0,44,24,0,0,,0,1,0,0,0,0,0,1,1,1,1,0,0,020000fffe00000e,1,231,1,-4,1700000028875022000,37,,,,,,,,32,,0,0,,,,,,1,1,,,,1
1700000028875050000,00fffe00000a,011b19000000,0,0,Follow_Up,8,2,0,44,24,0,0,,0,1,0,0,0,0,0,1,1,1,1,0,0,020000fffe00000a,1,462,2,-4,1700000028875050000,37,,,,,,,,32,,0,0,,,,,,1,1,,1,,
1700000028875050000,00fffe000001,011b19000000,0,0,Delay_Resp,9,2,0,54,24,0,0,,0,1,0,0,0,0,0,1,1,1,1,0,0,020000fffe000001,2,231,3,0,,37,,,,,,,,32,,0,0,020000fffe00000c,1,,,,1,1,,,,1
1700000028875051000,00fffe000001,011b19000000,0,0,Delay_Resp,9,2,0,54,24,0,0,,0,1,0,0,0,0,0,1,1,1,1,0,0,020000fffe000001,2,231,3,0,,37,,,,,,,,32,,0,0,020000fffe00000d,1,,,,1,1,,,,1
1700000028875052000,00fffe000001,011b19000000,0,0,Delay_Resp,9,2,0,54,24,0,0,,0,1,0,0,0,0,0,1,1,1,1,0,0,020000fffe000001,2,231,3,0,,37,,,,,,,,32,,0,0,020000fffe00000e,1,,,,1,1,,,,1
1700000028937500000,00fffe00000a,011b19000000,0,0,Sync,0,2,0,44,24,0,0,,0,1,0,0,0,0,0,1,1,1,1,0,0,020000fffe00000a,1,463,0,-4,1700000028937500000,37,,,,,,,,32,,0,0,,,,,,1,1,,1,,
1700000028937550000,00fffe00000a,011b19000000,0,0,Follow_Up,8,2,0,44,24,0,0,,0,1,0,0,0,0,0,1,1,1,1,0,0,020000fffe00000a,1,463,2,-4,1700000028937550000,37,,,,,,,,32,,0,0,,,,,,1,1,,1,,
1700000029000000000,00fffe00000a,011b19000000,0,0,Announce,11,2,0,64,24,0,0,,0,1,0,0,0,1,0,0,1,0,1,0,0,020000fffe00000a,1,232,5,-3,,0,128,6,33,20061,128,020000fffe00000a,0,32,,0,0,,,1,0,1,1,1,1,,1,
1700000029000000000,00fffe00000a,011b19000000,0,0,Sync,0,2,0,44,24,0,0,,0,1,0,0,0,0,0,1,1,1,1,0,0,020000fffe00000a,1,464,0,-4,1700000029000000000,37,,,,,,,,32,,0,0,,,,,,1,1,,1,,
1700000029000010000,00fffe000001,011b19000000,0,0,Announce,11,2,0,64,24,0,0,,0,1,0,0,0,0,0,1,1,1,1,0,0,020000fffe000001,2,232,5,-3,,37,128,6,33,20061,128,020000fffe00000a,1,32,,0,0,,,1,0,0,1,1,1,,1,
1700000029000020000,00fffe00000c,011b19000000,0,0,Delay_Req,1,2,0,44,24,0,0,,0,1,0,0,0,0,0,1,1,1,1,0,0,020000fffe00000c,1,232,1,-4,1700000029000020000,37,,,,,,,,32,,0,0,,,,,,1,1,,,,1
1700000029000021000,00fffe00000d,011b19000000,0,0,Delay_Req,1,2,0,44,24,0,0,,0,1,0,0,0,0,0,1,1,1,1,0,0,020000fffe00000d,1,232,1,-4,1700000029000021000,37,,,,,,,,32,,0,0,,,,,,1,1,,,,1
1700000029000022000,00fffe00000e,011b19000000,0,0,Delay_Req,1,2,0,44,24,0,0,,0,1,0,0,0,0,0,1,1,1,1,0,0,020000fffe00000e,1,232,1,-4,1700000029000022000,37,,,,,,,,32,,0,0,,,,,,1,1,,,,1
1700000029000050000,00fffe00000a,011b19000000,0,0,Follow_Up,8,2,0,44,24,0,0,,0,1,0,0,0,0,0,1,1,1,1,0,0,020000fffe00000a,1,464,2,-4,1700000029000050000,37,,,,,,,,32,,0,0,,,,,,1,1,,1,,
1700000029000050000,00fffe000001,011b19000000,0,0,Delay_Resp,9,2,0,54,24,0,0,,0,1,0,0,0,0,0,1,1,1,1,0,0,020000fffe000001,2,232,3,0,,37,,,,,,,,32,,0,0,020000fffe00000c,1,,,,1,1,,,,1
1700000029000051000,00fffe000001,011b19000000,0,0,Delay_Resp,9,2,0,54,24,0,0,,0,1,0,0,0,0,0,1,1,1,1,0,0,020000fffe000001,2,232,3,0,,37,,,,,,,,32,,0,0,020000fffe00000d,1,,,,1,1,,,,1
1700000029000052000,00fffe000001,011b19000000,0,0,Delay_Resp,9,2,0,54,24,0,0,,0,1,0,0,0,0,0,1,1,1,1,0,0,020000fffe000001,2,232,3,0,,37,,,,,,,,32,,0,0,020000fffe00000e,1,,,,1,1,,,,1
1700000029062500000,00fffe00000a,011b19000000,0,0,Sync,0,2,0,44,24,0,0,,0,1,0,0,0,0,0,1,1,1,1,0,0,020000fffe00000a,1,465,0,-4,1700000029062500000,37,,,,,,,,32,,0,0,,,,,,1,1,,1,,
1700000029062550000,00fffe00000a,011b19000000,0,0,Follow_Up,8,2,0,44,24,0,0,,0,1,0,0,0,0,0,1,1,1,1,0,0,020000fffe00000a,1,465,2,-4,1700000029062550000,37,,,,,,,,32,,0,0,,,,,,1,1,,1,,
1700000029125000000,00fffe00000a,011b19000000,0,0,Announce,11,2,0,64,24,0,0,,0,1,0,0,0,1,0,0,1,0,1,0,0,020000fffe00000a,1,233,5,-3,,0,128,6,33,20061,128,020000fffe00000a,0,32,,0,0,,,1,0,1,1,1,1,,1,
1700000029125000000,00fffe00000a,011b19000000,0,0,Sync,0,2,0,44,24,0,0,,0,1,0,0,0,0,0,1,1,1,1,0,0,020000fffe00000a,1,466,0,-4,1700000029125000000,37,,,,,,,,32,,0,0,,,,,,1,1,,1,,
1700000029125010000,00fffe000001,011b19000000,0,0,Announce,11,2,0,64,24,0,0,,0,1,0,0,0,0,0,1,1,1,1,0,0,020000fffe000001,2,233,5,-3,,37,128,6,33,20061,128,020000fffe00000a,1,32,,0,0,,,1,0,0,1,1,1,,1,
1700000029125020000,00fffe00000c,011b19000000,0,0,Delay_Req,1,2,0,44,24,0,0,,0,1,0,0,0,0,0,1,1,1,1,0,0,020000fffe00000c,1,233,1,-4,1700000029125020000,37,,,,,,,,32,,0,0,,,,,,1,1,,,,1
1700000029125021000,00fffe00000d,011b19000000,0,0,Delay_Req,1,2,0,44,24,0,0,,0,1,0,0,0,0,0,1,1,1,1,0,0,020000fffe00000d,1,233,1,-4,1700000029125021000,37,,,,,,,,32,,0,0,,,,,,1,1,,,,1
1700000029125022000,00fffe00000e,011b19000000,0,0,Delay_Req,1,2,0,44,24,0,0,,0,1,0,0,0,0,0,1,1,1,1,0,0,020000fffe00000e,1,233,1,-4,1700000029125022000,37,,,,,,,,32,,0,0,,,,,,1,1,,,,1
1700000029125050000,00fffe00000a,011b19000000,0,0,Follow_Up,8,2,0,44,24,0,0,,0,1,0,0,0,0,0,1,1,1,1,0,0,020000fffe00000a,1,466,2,-4,1700000029125050000,37,,,,,,,,32,,0,0,,,,,,1,1,,1,,
1700000029125050000,00fffe000001,011b19000000,0,0,Delay_Resp,9,2,0,54,24,0,0,,0,1,0,0,0,0,0,1,1,1,1,0,0,020000fffe000001,2,233,3,0,,37,,,,,,,,32,,0,0,020000fffe00000c,1,,,,1,1,,,,1
1700000029125051000,00fffe000001,011b19000000,0,0,Delay_Resp,9,2,0,54,24,0,0,,0,1,0,0,0,0,0,1,1,1,1,0,0,020000fffe000001,2,233,3,0,,37,,,,,,,,32,,0,0,020000fffe00000d,1,,,,1,1,,,,1
1700000029125052000,00fffe000001,011b19000000,0,0,Delay_Resp,9,2,0,54,24,0,0,,0,1,0,0,0,0,0,1,1,1,1,0,0,020000fffe000001,2,233,3,0,,37,,,,,,,,32,,0,0,020000fffe00000e,1,,,,1,1,,,,1
1700000029187500000,00fffe00000a,011b19000000,0,0,Sync,0,2,0,44,24,0,0,,0,1,0,0,0,0,0,1,1,1,1,0,0,020000fffe00000a,1,467,0,-4,1700000029187500000,37,,,,,,,,32,,0,0,,,,,,1,1,,1,,
1700000029187550000,00fffe00000a,011b19000000,0,0,Follow_Up,8,2,0,44,24,0,0,,0,1,0,0,0,0,0,1,1,1,1,0,0,020000fffe00000a,1,467,2,-4,1700000029187550000,37,,,,,,,,32,,0,0,,,,,,1,1,,1,,
1700000029250000000,00fffe00000a,011b19000000,0,0,Announce,11,2,0,64,24,0,0,,0,1,0,0,0,1,0,0,1,0,1,0,0,020000fffe00000a,1,234,5,-3,,0,128,6,33,20061,128,020000fffe00000a,0,32,,0,0,,,1,0,1,1,1,1,,1,
1700000029250000000,00fffe00000a,011b19000000,0,0,Sync,0,2,0,44,24,0,0,,0,1,0,0,0,0,0,1,1,1,1,0,0,020000fffe00000a,1,468,0,-4,1700000029250000000,37,,,,,,,,32,,0,0,,,,,,1,1,,1,,
1700000029250010000,00fffe000001,011b19000000,0,0,Announce,11,2,0,64,24,0,0,,0,1,0,0,0,0,0,1,1,1,1,0,0,020000fffe000001,2,234,5,-3,,37,128,6,33,20061,128,020000fffe00000a,1,32,,0,0,,,1,0,0,1,1,1,,1,
1700000029250020000,00fffe00000c,011b19000000,0,0,Delay_Req,1,2,0,44,24,0,0,,0,1,0,0,0,0,0,1,1,1,1,0,0,020000fffe00000c,1,234,1,-4,1700000029250020000,37,,,,,,,,32,,0,0,,,,,,1,1,,,,1
1700000029250021000,00fffe00000d,011b19000000,0,0,Delay_Req,1,2,0,44,24,0,0,,0,1,0,0,0,0,0,1,1,1,1,0,0,020000fffe00000d,1,234,1,-4,1700000029250021000,37,,,,,,,,32,,0,0,,,,,,1,1,,,,1
1700000029250022000,00fffe00000e,011b19000000,0,0,Delay_Req,1,2,0,44,24,0,0,,0,1,0,0,0,0,0,1,1,1,1,0,0,020000fffe00000e,1,234,1,-4,1700000029250022000,37,,,,,,,,32,,0,0,,,,,,1,1,,,,1
1700000029250050000,00fffe00000a,011b19000000,0,0,Follow_Up,8,2,0,44,24,0,0,,0,1,0,0,0,0,0,1,1,1,1,0,0,020000fffe00000a,1,468,2,-4,1700000029250050000,37,,,,,,,,32,,0,0,,,,,,1,1,,1,,
1700000029250050000,00fffe000001,011b19000000,0,0,Delay_Resp,9,2,0,54,24,0,0,,0,1,0,0,0,0,0,1,1,1,1,0,0,020000fffe000001,2,234,3,0,,37,,,,,,,,32,,0,0,020000fffe00000c,1,,,,1,1,,,,1
1700000029250051000,00fffe000001,011b19000000,0,0,Delay_Resp,9,2,0,54,24,0,0,,0,1,0,0,0,0,0,1,1,1,1,0,0,020000fffe000001,2,234,3,0,,37,,,,,,,,32,,0,0,020000fffe00000d,1,,,,1,1,,,,1
1700000029250052000,00fffe000001,011b19000000,0,0,Delay_Resp,9,2,0,54,24,0,0,,0,1,0,0,0,0,0,1,1,1,1,0,0,020000fffe000001,2,234,3,0,,37,,,,,,,,32,,0,0,020000fffe00000e,1,,,,1,1,,,,1
1700000029312500000,00fffe00000a,011b19000000,0,0,Sync,0,2,0,44,24,0,0,,0,1,0,0,0,0,0,1,1,1,1,0,0,020000fffe00000a,1,469,0,-4,1700000029312500000,37,,,,,,,,32,,0,0,,,,,,1,1,,1,,
1700000029312550000,00fffe00000a,011b19000000,0,0,Follow_Up,8,2,0,44,24,0,0,,0,1,0,0,0,0,0,1,1,1,1,0,0,020000fffe00000a,1,469,2,-4,1700000029312550000,37,,,,,,,,32,,0,0,,,,,,1,1,,1,,
1700000029375000000,00fffe00000a,011b19000000,0,0,Announce,11,2,0,64,24,0,0,,0,1,0,0,0,1,0,0,1,0,1,0,0,020000fffe00000a,1,235,5,-3,,0,128,6,33,20061,128,020000fffe00000a,0,32,,0,0,,,1,0,1,1,1,1,,1,
1700000029375000000,00fffe00000a,011b19000000,0,0,Sync,0,2,0,44,24,0,0,,0,1,0,0,0,0,0,1,1,1,1,0,0,020000fffe00000a,1,470,0,-4,1700000029375000000,37,,,,,,,,32,,0,0,,,,,,1,1,,1,,
1700000029375010000,00fffe000001,011b19000000,0,0,Announce,11,2,0,64,24,0,0,,0,1,0,0,0,0,0,1,1,1,1,0,0,020000fffe000001,2,235,5,-3,,37,128,6,33,20061,128,020000fffe00000a,1,32,,0,0,,,1,0,0,1,1,1,,1,
1700000029375020000,00fffe00000c,011b19000000,0,0,Delay_Req,1,2,0,44,24,0,0,,0,1,0,0,0,0,0,1,1,1,1,0,0,020000fffe00000c,1,235,1,-4,1700000029375020000,37,,,,,,,,32,,0,0,,,,,,1,1,,,,1
1700000029375021000,00fffe00000d,011b19000000,0,0,Delay_Req,1,2,0,44,24,0,0,,0,1,0,0,0,0,0,1,1,1,1,0,0,020000fffe00000d,1,235,1,-4,1700000029375021000,37,,,,,,,,32,,0,0,,,,,,1,1,,,,1
1700000029375022000,00fffe00000e,011b19000000,0,0,Delay_Req,1,2,0,44,24,0,0,,0,1,0,0,0,0,0,1,1,1,1,0,0,020000fffe00000e,1,235,1,-4,1700000029375022000,37,,,,,,,,32,,0,0,,,,,,1,1,,,,1
1700000029375050000,00fffe00000a,011b19000000,0,0,Follow_Up,8,2,0,44,24,0,0,,0,1,0,0,0,0,0,1,1,1,1,0,0,020000fffe00000a,1,470,2,-4,1700000029375050000,37,,,,,,,,32,,0,0,,,,,,1,1,,1,,
1700000029375050000,00fffe000001,011b19000000,0,0,Delay_Resp,9,2,0,54,24,0,0,,0,1,0,0,0,0,0,1,1,1,1,0,0,020000fffe000001,2,235,3,0,,37,,,,,,,,32,,0,0,020000fffe00000c,1,,,,1,1,,,,1
1700000029375051000,00fffe000001,011b19000000,0,0,Delay_Resp,9,2,0,54,24,0,0,,0,1,0,0,0,0,0,1,1,1,1,0,0,020000fffe000001,2,235,3,0,,37,,,,,,,,32,,0,0,020000fffe00000d,1,,,,1,1,,,,1
1700000029375052000,00fffe000001,011b19000000,0,0,Delay_Resp,9,2,0,54,24,0,0,,0,1,0,0,0,0,0,1,1,1,1,0,0,020000fffe000001,2,235,3,0,,37,,,,,,,,32,,0,0,020000fffe00000e,1,,,,1,1,,,,1
1700000029437500000,00fffe00000a,011b19000000,0,0,Sync,0,2,0,44,24,0,0,,0,1,0,0,0,0,0,1,1,1,1,0,0,020000fffe00000a,1,471,0,-4,1700000029437500000,37,,,,,,,,32,,0,0,,,,,,1,1,,1,,
1700000029437550000,00fffe00000a,011b19000000,0,0,Follow_Up,8,2,0,44,24,0,0,,0,1,0,0,0,0,0,1,1,1,1,0,0,020000fffe00000a,1,471,2,-4,1700000029437550000,37,,,,,,,,32,,0,0,,,,,,1,1,,1,,
1700000029500000000,00fffe00000a,011b19000000,0,0,Announce,11,2,0,64,24,0,0,,0,1,0,0,0,1,0,0,1,0,1,0,0,020000fffe00000a,1,236,5,-3,,0,128,6,33,20061,128,020000fffe00000a,0,32,,0,0,,,1,0,1,1,1,1,,1,
1700000029500000000,00fffe00000a,011b19000000,0,0,Sync,0,2,0,44,24,0,0,,0,1,0,0,0,0,0,1,1,1,1,0,0,020000fffe00000a,1,472,0,-4,1700000029500000000,37,,,,,,,,32,,0,0,,,,,,1,1,,1,,
1700000029500010000,00fffe000001,011b19000000,0,0,Announce,11,2,0,64,24,0,0,,0,1,0,0,0,0,0,1,1,1,1,0,0,020000fffe000001,2,236,5,-3,,37,128,6,33,20061,128,020000fffe00000a,1,32,,0,0,,,1,0,0,1,1,1,,1,
1700000029500020000,00fffe00000c,011b19000000,0,0,Delay_Req,1,2,0,44,24,0,0,,0,1,0,0,0,0,0,1,1,1,1,0,0,020000fffe00000c,1,236,1,-4,1700000029500020000,37,,,,,,,,32,,0,0,,,,,,1,1,,,,1
1700000029500021000,00fffe00000d,011b19000000,0,0,Delay_Req,1,2,0,44,24,0,0,,0,1,0,0,0,0,0,1,1,1,1,0,0,020000fffe00000d,1,236,1,-4,1700000029500021000,37,,,,,,,,32,,0,0,,,,,,1,1,,,,1
1700000029500022000,00fffe00000e,011b19000000,0,0,Delay_Req,1,2,0,44,24,0,0,,0,1,0,0,0,0,0,1,1,1,1,0,0,020000fffe00000e,1,236,1,-4,1700000029500022000,37,,,,,,,,32,,0,0,,,,,,1,1,,,,1
1700000029500050000,00fffe00000a,011b19000000,0,0,Follow_Up,8,2,0,44,24,0,0,,0,1,0,0,0,0,0,1,1,1,1,0,0,020000fffe00000a,1,472,2,-4,1700000029500050000,37,,,,,,,,32,,0,0,,,,,,1,1,,1,,
1700000029500050000,00fffe000001,011b19000000,0,0,Delay_Resp,9,2,0,54,24,0,0,,0,1,0,0,0,0,0,1,1,1,1,0,0,020000fffe000001,2,236,3,0,,37,,,,,,,,32,,0,0,020000fffe00000c,1,,,,1,1,,,,1
1700000029500051000,00fffe000001,011b19000000,0,0,Delay_Resp,9,2,0,54,24,0,0,,0,1,0,0,0,0,0,1,1,1,1,0,0,020000fffe000001,2,236,3,0,,37,,,,,,,,32,,0,0,020000fffe00000d,1,,,,1,1,,,,1
1700000029500052000,00fffe000001,011b19000000,0,0,Delay_Resp,9,2,0,54,24,0,0,,0,1,0,0,0,0,0,1,1,1,1,0,0,020000fffe000001,2,236,3,0,,37,,,,,,,,32,,0,0,020000fffe00000e,1,,,,1,1,,,,1
1700000029562500000,00fffe00000a,011b19000000,0,0,Sync,0,2,0,44,24,0,0,,0,1,0,0,0,0,0,1,1,1,1,0,0,020000fffe00000a,1,473,0,-4,1700000029562500000,37,,,,,,,,32,,0,0,,,,,,1,1,,1,,
1700000029562550000,00fffe00000a,011b19000000,0,0,Follow_Up,8,2,0,44,24,0,0,,0,1,0,0,0,0,0,1,1,1,1,0,0,020000fffe00000a,1,473,2,-4,1700000029562550000,37,,,,,,,,32,,0,0,,,,,,1,1,,1,,
1700000029625000000,00fffe00000a,011b19000000,0,0,Announce,11,2,0,64,24,0,0,,0,1,0,0,0,1,0,0,1,0,1,0,0,020000fffe00000a,1,237,5,-3,,0,128,6,33,20061,128,020000fffe00000a,0,32,,0,0,,,1,0,1,1,1,1,,1,
1700000029625000000,00fffe00000a,011b19000000,0,0,Sync,0,2,0,44,24,0,0,,0,1,0,0,0,0,0,1,1,1,1,0,0,020000fffe00000a,1,474,0,-4,1700000029625000000,37,,,,,,,,32,,0,0,,,,,,1,1,,1,,
1700000029625010000,00fffe000001,011b19000000,0,0,Announce,11,2,0,64,24,0,0,,0,1,0,0,0,0,0,1,1,1,1,0,0,020000fffe000001,2,237,5,-3,,37,128,6,33,20061,128,020000fffe00000a,1,32,,0,0,,,1,0,0,1,1,1,,1,
1700000029625020000,00fffe00000c,011b19000000,0,0,Delay_Req,1,2,0,44,24,0,0,,0,1,0,0,0,0,0,1,1,1,1,0,0,020000fffe00000c,1,237,1,-4,1700000029625020000,37,,,,,,,,32,,0,0,,,,,,1,1,,,,1
1700000029625021000,00fffe00000d,011b19000000,0,0,Delay_Req,1,2,0,44,24,0,0,,0,1,0,0,0,0,0,1,1,1,1,0,0,020000fffe00000d,1,237,1,-4,1700000029625021000,37,,,,,,,,32,,0,0,,,,,,1,1,,,,1
1700000029625022000,00fffe00000e,011b19000000,0,0,Delay_Req,1,2,0,44,24,0,0,,0,1,0,0,0,0,0,1,1,1,1,0,0,020000fffe00000e,1,237,1,-4,1700000029625022000,37,,,,,,,,32,,0,0,,,,,,1,1,,,,1
1700000029625050000,00fffe00000a,011b19000000,0,0,Follow_Up,8,2,0,44,24,0,0,,0,1,0,0,0,0,0,1,1,1,1,0,0,020000fffe00000a,1,474,2,-4,1700000029625050000,37,,,,,,,,32,,0,0,,,,,,1,1,,1,,
1700000029625050000,00fffe000001,011b19000000,0,0,Delay_Resp,9,2,0,54,24,0,0,,0,1,0,0,0,0,0,1,1,1,1,0,0,020000fffe000001,2,237,3,0,,37,,,,,,,,32,,0,0,020000fffe00000c,1,,,,1,1,,,,1
1700000029625051000,00fffe000001,011b19000000,0,0,Delay_Resp,9,2,0,54,24,0,0,,0,1,0,0,0,0,0,1,1,1,1,0,0,020000fffe000001,2,237,3,0,,37,,,,,,,,32,,0,0,020000fffe00000d,1,,,,1,1,,,,1
1700000029625052000,00fffe000001,011b19000000,0,0,Delay_Resp,9,2,0,54,24,0,0,,0,1,0,0,0,0,0,1,1,1,1,0,0,020000fffe000001,2,237,3,0,,37,,,,,,,,32,,0,0,020000fffe00000e,1,,,,1,1,,,,1
1700000029687500000,00fffe00000a,011b19000000,0,0,Sync,0,2,0,44,24,0,0,,0,1,0,0,0,0,0,1,1,1,1,0,0,020000fffe00000a,1,475,0,-4,1700000029687500000,37,,,,,,,,32,,0,0,,,,,,1,1,,1,,
1700000029687550000,00fffe00000a,011b19000000,0,0,Follow_Up,8,2,0,44,24,0,0,,0,1,0,0,0,0,0,1,1,1,1,0,0,020000fffe00000a,1,475,2,-4,1700000029687550000,37,,,,,,,,32,,0,0,,,,,,1,1,,1,,
1700000029750000000,00fffe00000a,011b19000000,0,0,Announce,11,2,0,64,24,0,0,,0,1,0,0,0,1,0,0,1,0,1,0,0,020000fffe00000a,1,238,5,-3,,0,128,6,33,20061,128,020000fffe00000a,0,32,,0,0,,,1,0,1,1,1,1,,1,
1700000029750000000,00fffe00000a,011b19000000,0,0,Sync,0,2,0,44,24,0,0,,0,1,0,0,0,0,0,1,1,1,1,0,0,020000fffe00000a,1,476,0,-4,1700000029750000000,37,,,,,,,,32,,0,0,,,,,,1,1,,1,,
1700000029750010000,00fffe000001,011b19000000,0,0,Announce,11,2,0,64,24,0,0,,0,1,0,0,0,0,0,1,1,1,1,0,0,020000fffe000001,2,238,5,-3,,37,128,6,33,20061,128,020000fffe00000a,1,32,,0,0,,,1,0,0,1,1,1,,1,
1700000029750020000,00fffe00000c,011b19000000,0,0,Delay_Req,1,2,0,44,24,0,0,,0,1,0,0,0,0,0,1,1,1,1,0,0,020000fffe00000c,1,238,1,-4,1700000029750020000,37,,,,,,,,32,,0,0,,,,,,1,1,,,,1
1700000029750021000,00fffe00000d,011b19000000,0,0,Delay_Req,1,2,0,44,24,0,0,,0,1,0,0,0,0,0,1,1,1,1,0,0,020000fffe00000d,1,238,1,-4,1700000029750021000,37,,,,,,,,32,,0,0,,,,,,1,1,,,,1
1700000029750022000,00fffe00000e,011b19000000,0,0,Delay_Req,1,2,0,44,24,0,0,,0,1,0,0,0,0,0,1,1,1,1,0,0,020000fffe00000e,1,238,1,-4,1700000029750022000,37,,,,,,,,32,,0,0,,,,,,1,1,,,,1
1700000029750050000,00fffe00000a,011b19000000,0,0,Follow_Up,8,2,0,44,24,0,0,,0,1,0,0,0,0,0,1,1,1,1,0,0,020000fffe00000a,1,476,2,-4,1700000029750050000,37,,,,,,,,32,,0,0,,,,,,1,1,,1,,
1700000029750050000,00fffe000001,011b19000000,0,0,Delay_Resp,9,2,0,54,24,0,0,,0,1,0,0,0,0,0,1,1,1,1,0,0,020000fffe000001,2,238,3,0,,37,,,,,,,,32,,0,0,020000fffe00000c,1,,,,1,1,,,,1
1700000029750051000,00fffe000001,011b19000000,0,0,Delay_Resp,9,2,0,54,24,0,0,,0,1,0,0,0,0,0,1,1,1,1,0,0,020000fffe000001,2,238,3,0,,37,,,,,,,,32,,0,0,020000fffe00000d,1,,,,1,1,,,,1
1700000029750052000,00fffe000001,011b19000000,0,0,Delay_Resp,9,2,0,54,24,0,0,,0,1,0,0,0,0,0,1,1,1,1,0,0,020000fffe000001,2,238,3,0,,37,,,,,,,,32,,0,0,020000fffe00000e,1,,,,1,1,,,,1
1700000029812500000,00fffe00000a,011b19000000,0,0,Sync,0,2,0,44,24,0,0,,0,1,0,0,0,0,0,1,1,1,1,0,0,020000fffe00000a,1,477,0,-4,1700000029812500000,37,,,,,,,,32,,0,0,,,,,,1,1,,1,,
1700000029812550000,00fffe00000a,011b19000000,0,0,Follow_Up,8,2,0,44,24,0,0,,0,1,0,0,0,0,0,1,1,1,1,0,0,020000fffe00000a,1,477,2,-4,1700000029812550000,37,,,,,,,,32,,0,0,,,,,,1,1,,1,,
1700000029875000000,00fffe00000a,011b19000000,0,0,Announce,11,2,0,64,24,0,0,,0,1,0,0,0,1,0,0,1,0,1,0,0,020000fffe00000a,1,239,5,-3,,0,128,6,33,20061,128,020000fffe00000a,0,32,,0,0,,,1,0,1,1,1,1,,1,
1700000029875000000,00fffe00000a,011b19000000,0,0,Sync,0,2,0,44,24,0,0,,0,1,0,0,0,0,0,1,1,1,1,0,0,020000fffe00000a,1,478,0,-4,1700000029875000000,37,,,,,,,,32,,0,0,,,,,,1,1,,1,,
1700000029875010000,00fffe000001,011b19000000,0,0,Announce,11,2,0,64,24,0,0,,0,1,0,0,0,0,0,1,1,1,1,0,0,020000fffe000001,2,239,5,-3,,37,128,6,33,20061,128,020000fffe00000a,1,32,,0,0,,,1,0,0,1,1,1,,1,
1700000029875020000,00fffe00000c,011b19000000,0,0,Delay_Req,1,2,0,44,24,0,0,,0,1,0,0,0,0,0,1,1,1,1,0,0,020000fffe00000c,1,239,1,-4,1700000029875020000,37,,,,,,,,32,,0,0,,,,,,1,1,,,,1
1700000029875021000,00fffe00000d,011b19000000,0,0,Delay_Req,1,2,0,44,24,0,0,,0,1,0,0,0,0,0,1,1,1,1,0,0,020000fffe00000d,1,239,1,-4,1700000029875021000,37,,,,,,,,32,,0,0,,,,,,1,1,,,,1
1700000029875022000,00fffe00000e,011b19000000,0,0,Delay_Req,1,2,0,44,24,0,0,,0,1,0,0,0,0,0,1,1,1,1,0,0,020000fffe00000e,1,239,1,-4,1700000029875022000,37,,,,,,,,32,,0,0,,,,,,1,1,,,,1
1700000029875050000,00fffe00000a,011b19000000,0,0,Follow_Up,8,2,0,44,24,0,0,,0,1,0,0,0,0,0,1,1,1,1,0,0,020000fffe00000a,1,478,2,-4,1700000029875050000,37,,,,,,,,32,,0,0,,,,,,1,1,,1,,
1700000029875050000,00fffe000001,011b19000000,0,0,Delay_Resp,9,2,0,54,24,0,0,,0,1,0,0,0,0,0,1,1,1,1,0,0,020000fffe000001,2,239,3,0,,37,,,,,,,,32,,0,0,020000fffe00000c,1,,,,1,1,,,,1
1700000029875051000,00fffe000001,011b19000000,0,0,Delay_Resp,9,2,0,54,24,0,0,,0,1,0,0,0,0,0,1,1,1,1,0,0,020000fffe000001,2,239,3,0,,37,,,,,,,,32,,0,0,020000fffe00000d,1,,,,1,1,,,,1
1700000029875052000,00fffe000001,011b19000000,0,0,Delay_Resp,9,2,0,54,24,0,0,,0,1,0,0,0,0,0,1,1,1,1,0,0,020000fffe000001,2,239,3,0,,37,,,,,,,,32,,0,0,020000fffe00000e,1,,,,1,1,,,,1
1700000029937500000,00fffe00000a,011b19000000,0,0,Sync,0,2,0,44,24,0,0,,0,1,0,0,0,0,0,1,1,1,1,0,0,020000fffe00000a,1,479,0,-4,1700000029937500000,37,,,,,,,,32,,0,0,,,,,,1,1,,1,,
1700000029937550000,00fffe00000a,011b19000000,0,0,Follow_Up,8,2,0,44,24,0,0,,0,1,0,0,0,0,0,1,1,1,1,0,0,020000fffe00000a,1,479,2,-4,1700000029937550000,37,,,,,,,,32,,0,0,,,,,,1,1,,1,,
