window_start_s,window_end_s,pred_label,h1_probability,anomaly_by_budget,offset_mean,offset_std,offset_abs_max,path_delay_mean,pdv_std,seq_regressions,msg_irregularity,synce_ql_max,gnss_loss_rate,holdover_rate,overlaps_label1
0.072926,0.472926,H1,0.82488619196602,1,-10479.42857142857,1006.3982252344756,12198.0,12100.42857142857,826.2387854683686,0,0.0,1,0.0,0.0,False
0.272926,0.672926,H1,0.82488619196602,1,-10761.0,510.4922461050053,11508.0,12308.666666666666,694.46230199262,0,0.0,1,0.0,0.0,False
0.472926,0.872926,H1,0.82488619196602,1,-10909.0,877.1140176738712,12220.0,12414.666666666666,959.63424745519,0,0.0,1,0.0,0.0,False
0.672926,1.072926,H1,0.82488619196602,1,-11725.333333333334,1045.9621832976989,12730.0,13016.333333333334,940.9361768413886,0,0.0,1,0.0,0.0,False
0.872926,1.272926,H1,0.82488619196602,1,-11432.57142857143,1010.0414216602148,12730.0,12826.714285714286,1018.5594469341372,0,0.0,1,0.0,0.0,False
1.072926,1.472926,H1,0.82488619196602,1,-10201.714285714286,889.1841709094457,11786.0,11843.857142857143,986.0981447200924,0,0.0,1,0.0,0.0,False
1.272926,1.672926,H1,0.82488619196602,1,-10285.333333333334,959.2070799479236,11920.0,11917.666666666666,800.0613865336974,0,0.0,1,0.0,0.0,False
1.472926,1.872926,H1,0.82488619196602,1,-10942.0,508.08398255931405,11920.0,12447.0,430.0232551851121,0,0.0,1,0.0,0.0,False
1.672926,2.072926,H1,0.82488619196602,1,-10621.714285714286,750.0441347558374,11514.0,12189.0,824.5144025424904,0,0.0,1,0.0,0.0,False
1.872926,2.272926,H1,0.82488619196602,1,-10222.285714285714,828.8873289426208,11514.0,11886.714285714286,879.0816172551434,0,0.0,1,0.0,0.0,False
2.072926,2.472926,H1,0.82488619196602,1,-9773.333333333334,384.3985200572737,10520.0,11612.333333333334,349.97269734779155,0,0.0,1,0.0,0.0,False
2.272926,2.672926,H1,0.82488619196602,1,-9839.333333333334,380.0292386412159,10596.0,11560.333333333334,422.8043939643432,0,0.0,1,0.0,0.0,False
2.472926,2.872926,H1,0.82488619196602,1,-10443.666666666666,832.179000509439,11682.0,11790.0,873.1817298439846,0,0.0,1,0.0,0.0,False
2.672926,3.072926,H1,0.82488619196602,1,-5218.0,13001.167691147337,23816.0,12284.333333333334,821.1176664901457,0,0.0,1,0.0,0.0,False
2.872926,3.272926,H1,0.82488619196602,1,-8288.857142857143,14119.785625938128,26220.0,14771.57142857143,5297.617115462462,0,0.0,1,0.0,0.0,False
3.072926,3.472926,H1,0.82488619196602,1,-13246.0,5368.273146127027,26220.0,14815.0,5309.940435501271,0,0.0,1,0.0,0.0,False
3.272926,3.672926,H1,0.82488619196602,1,-10554.666666666666,1430.6397947150156,12342.0,12115.0,1304.6552545915465,0,0.0,1,0.0,0.0,False
3.472926,3.872926,H1,0.82488619196602,1,-10800.333333333334,1943.3855053031093,13164.0,12449.333333333334,1732.8382946932918,0,0.0,1,0.0,0.0,False
3.672926,4.072926,H1,0.82488619196602,1,-11001.0,1518.3226490659574,13164.0,12420.666666666666,1474.1815431697082,0,0.0,1,0.0,0.0,False
3.872926,4.272926,H1,0.82488619196602,1,-11046.57142857143,770.3651930170812,12232.0,12392.714285714286,787.7413850978747,0,0.0,1,0.0,0.0,False
4.072926,4.472926,H1,0.82488619196602,1,-11706.57142857143,451.93262998019554,12334.0,13128.714285714286,252.65318650882125,0,0.0,1,0.0,0.0,False
4.272926,4.672926,H1,0.82488619196602,1,-11095.0,873.8937769164702,12334.0,12540.666666666666,839.9257242293643,0,0.0,1,0.0,0.0,False
4.472926,4.872926,H1,0.82488619196602,1,-10090.666666666666,261.4693523574459,10524.0,11771.0,753.341887857034,0,0.0,1,0.0,0.0,False
4.672926,5.072926,H1,0.82488619196602,1,-10119.666666666666,465.77164171106665,10974.0,11578.666666666666,793.6375467148436,0,0.0,1,0.0,0.0,False
4.872926,5.272926,H1,0.9628556879689668,1,4790.285714285715,36198.8318742639,58972.0,16318.142857142857,12240.832364655264,0,0.0,1,0.0,0.0,False
5.072926,5.472926,H1,0.9628556879689668,1,4920.857142857143,36142.75354925865,58972.0,16457.285714285714,12181.782249552412,0,0.0,1,0.0,0.0,False
5.272926,5.672926,H1,0.82488619196602,1,-10617.333333333334,877.5318924245557,12460.0,12360.333333333334,716.6697674351525,0,0.0,1,0.0,0.0,False
5.472926,5.872926,H1,0.82488619196602,1,-10902.0,1034.7598755266847,12460.0,12647.666666666666,911.2962684488996,0,0.0,1,0.0,0.0,False
5.672926,6.072926,H1,0.82488619196602,1,-11240.0,1040.401845442423,12400.0,12748.333333333334,926.7755331734264,0,0.0,1,0.0,0.0,False
5.872926,6.272926,H1,0.82488619196602,1,-11001.42857142857,872.2415879531898,12400.0,12291.57142857143,843.7106574349929,0,0.0,1,0.0,0.0,False
6.072926,6.472926,H1,0.82488619196602,1,-10304.285714285714,493.972154879117,11060.0,11933.857142857143,570.8948936466649,0,0.0,1,0.0,0.0,False
6.272926,6.672926,H1,0.9628556879689668,1,1520.6666666666667,23713.38560579001,43102.0,17579.0,7089.512818240757,0,0.0,1,0.0,0.0,False
6.472926,6.872926,H1,0.82488619196602,1,-1153.3333333333333,32447.50214662996,44326.0,25672.33333333333,11447.320948103485,0,0.0,1,0.0,0.0,False
6.672926,7.072926,H1,0.82488619196602,1,-6764.666666666667,25204.10158860833,44326.0,19832.33333333333,13262.95013269002,0,0.0,1,0.0,0.0,False
6.872926,7.272926,H1,0.82488619196602,1,-4984.857142857143,12428.092778960454,25444.0,11431.0,390.3712518689284,0,0.0,1,0.0,0.0,False
7.072926,7.472926,H1,0.82488619196602,1,-10520.0,431.2215207987653,11370.0,12078.142857142857,562.0461161992794,0,0.0,1,0.0,0.0,False
7.272926,7.672926,H1,0.82488619196602,1,-11100.0,942.8382682093468,13078.0,12658.333333333334,724.9134814276497,0,0.0,1,0.0,0.0,False
7.472926,7.872926,H1,0.82488619196602,1,-11262.666666666666,933.3285714164238,13078.0,12689.666666666666,790.1912567361286,0,0.0,1,0.0,0.0,False
7.672926,8.072926,H1,0.82488619196602,1,-10838.0,1097.3932749930627,12478.0,12339.666666666666,881.1671552864165,0,0.0,1,0.0,0.0,False
7.872926,8.272926,H1,0.82488619196602,1,-10313.714285714286,965.728402263688,12478.0,11972.42857142857,689.2337064021291,0,0.0,1,0.0,0.0,False
8.072926,8.472926,H1,0.82488619196602,1,-7826.571428571428,13705.239319921651,26690.0,14659.57142857143,5802.751338980571,0,0.0,1,0.0,0.0,False
8.272926,8.672926,H1,0.9628556879689668,1,6832.333333333333,37410.83330474684,58970.0,23900.666666666668,12820.450455771394,0,0.0,1,0.0,0.0,False
8.472926,8.872926,H1,0.82488619196602,1,-1358.0,44504.00597699043,58970.0,37675.0,13100.991056659288,0,0.0,1,0.0,0.0,False
8.672926,9.072926,H1,0.9628556879689668,1,7624.333333333333,43147.20634319472,60514.0,28886.666666666668,16964.859265224954,0,0.0,1,0.0,0.0,False
8.872926,9.272926,H1,0.9628556879689668,1,24212.85714285714,41196.70227935578,60514.0,17224.714285714286,12545.993301383807,0,0.0,1,0.0,0.0,False
9.072926,9.472926,H1,0.9628556879689668,1,8798.857142857143,44774.23505106662,59558.0,22656.42857142857,15798.6763899217,0,0.0,1,0.0,0.0,False
9.272926,9.672926,H1,0.9628556879689668,1,11884.666666666666,47048.97395504202,58492.0,24564.33333333333,16014.979099441733,0,0.0,1,0.0,0.0,False
9.472926,9.872926,H1,0.9628556879689668,1,6882.666666666667,51263.63629535289,59686.0,29747.666666666668,17193.934382669824,0,0.0,1,0.0,0.0,False
9.672926,10.072926,H1,0.9628556879689668,1,12711.666666666666,47141.8348450244,59686.0,24003.33333333333,16178.64932214333,0,0.0,1,0.0,0.0,False
9.872926,10.272926,H1,0.9628556879689668,1,18926.571428571428,46559.65078065263,59208.0,22339.571428571428,15479.81866687022,0,0.0,1,0.0,0.0,False
10.072926,10.472926,H1,0.82488619196602,1,-5265.428571428572,46657.28069614842,59208.0,36589.28571428572,15645.426293916293,0,0.0,1,0.0,0.0,False
10.272926,10.672926,H1,0.82488619196602,1,-4598.333333333333,41079.50996813645,56026.0,40766.66666666666,11908.25407951234,0,0.0,1,0.0,0.0,False
10.472926,10.872926,H1,0.9628556879689668,1,641.3333333333334,46944.22981463099,58276.0,35435.0,15698.28453472969,0,0.0,1,0.0,0.0,False
10.672926,11.072926,H1,0.9628556879689668,1,815.6666666666666,47225.152555485605,58276.0,35304.0,16109.75591580042,0,0.0,1,0.0,0.0,False
10.872926,11.272926,H1,0.9628556879689668,1,3056.5714285714284,42626.65911260277,59012.0,35529.57142857143,15046.199965032867,0,0.0,1,0.0,0.0,False
11.072926,11.472926,H1,0.82488619196602,1,-11306.57142857143,38665.24661337969,59012.0,40197.28571428572,11999.499676644686,0,0.0,1,0.0,0.0,False
11.272926,11.672926,H1,0.82488619196602,1,-9758.666666666666,27568.738205115995,44026.0,28816.33333333333,17093.35035100557,0,0.0,1,0.0,0.0,False
11.472926,11.872926,H1,0.82488619196602,1,-7176.666666666667,18211.65603550527,27902.0,20288.33333333333,8574.901178568894,0,0.0,1,0.0,0.0,False
11.672926,12.072926,H1,0.9628556879689668,1,1954.0,32778.37215807602,59428.0,22821.0,8233.927212049748,0,0.0,1,0.0,0.0,False
11.872926,12.272926,H1,0.9628556879689668,1,2460.8571428571427,37951.81337067373,59428.0,33780.142857142855,15592.036167118607,0,0.0,1,0.0,0.0,False
12.072926,12.472926,H1,0.82488619196602,1,-12514.57142857143,32698.36067038549,45174.0,38764.142857142855,12823.95521145119,0,0.0,1,0.0,0.0,False
12.272926,12.672926,H1,0.82488619196602,1,-13503.666666666666,27463.70959203355,43670.0,26631.33333333333,11803.332999152775,0,0.0,1,0.0,0.0,False
12.472926,12.872926,H1,0.82488619196602,1,-11526.0,17633.117289161703,29592.0,18900.33333333333,8518.20307080992,0,0.0,1,0.0,0.0,False
12.672926,13.072926,H1,0.82488619196602,1,-10668.333333333334,1064.1794439326898,11754.0,12362.0,944.0365459027528,0,0.0,1,0.0,0.0,False
12.872926,13.272926,H1,0.82488619196602,1,-11023.42857142857,1178.587393831259,12244.0,12529.57142857143,965.7143702451356,0,0.0,1,0.0,0.0,False
13.072926,13.472926,H1,0.82488619196602,1,-10814.285714285714,1113.768084898636,12244.0,12371.285714285714,910.1493934334884,0,0.0,1,0.0,0.0,False
13.272926,13.672926,H1,0.82488619196602,1,-10447.666666666666,986.9052076511144,12152.0,12019.333333333334,843.8154748258387,0,0.0,1,0.0,0.0,False
13.472926,13.872926,H1,0.82488619196602,1,-11683.333333333334,551.7628314975758,12152.0,13011.666666666666,612.9651068553758,0,0.0,1,0.0,0.0,False
13.672926,14.072926,H1,0.82488619196602,1,-11273.0,998.923921027022,12138.0,12910.0,934.8374190200134,0,0.0,1,0.0,0.0,False
13.872926,14.272926,H1,0.82488619196602,1,-10445.142857142857,1053.2137794892938,12188.0,11951.285714285714,1322.3245456700986,0,0.0,1,0.0,0.0,False
14.072926,14.472926,H1,0.82488619196602,1,-10183.42857142857,1039.6332948473237,12188.0,11566.142857142857,1060.9482858773663,0,0.0,1,0.0,0.0,False
14.272926,14.672926,H1,0.82488619196602,1,-10513.0,834.2363773735435,11314.0,12058.666666666666,670.9032882779918,0,0.0,1,0.0,0.0,False
14.472926,14.872926,H1,0.82488619196602,1,-11091.333333333334,442.1080813054152,11908.0,12593.666666666666,452.9881038418362,0,0.0,1,0.0,0.0,False
14.672926,15.072926,H1,0.82488619196602,1,-11017.0,1089.7704651286283,12656.0,12566.666666666666,936.9784178707404,0,0.0,1,0.0,0.0,False
14.872926,15.272926,H1,0.82488619196602,1,-10636.285714285714,1023.1572584457408,12656.0,12201.285714285714,951.4466750744384,0,0.0,1,0.0,0.0,False
15.072926,15.472926,H1,0.82488619196602,1,-5637.714285714285,28593.554387130607,57960.0,17182.14285714286,12170.538800475411,0,0.0,1,0.0,0.0,False
15.272926,15.672926,H1,0.9628556879689668,1,6964.333333333333,38653.9383145136,59540.0,17876.0,13021.003839950285,0,0.0,1,0.0,0.0,False
15.472926,15.872926,H1,0.9628556879689668,1,1588.6666666666667,25919.682036801478,59540.0,11662.333333333334,363.8400136812271,0,0.0,1,0.0,0.0,False
15.672926,16.072926,H1,0.82488619196602,1,-10232.333333333334,388.6222101504522,10744.0,11902.0,369.2582655360157,0,0.0,1,0.0,0.0,False
15.872926,16.272926,H1,0.82488619196602,1,-10651.142857142857,602.3210886873803,11606.0,12263.0,575.7390281815439,0,0.0,1,0.0,0.0,False
16.072926,16.472926,H1,0.82488619196602,1,-11101.142857142857,619.6034281403431,11826.0,12561.0,532.6172573782629,0,0.0,1,0.0,0.0,False
16.272926,16.672926,H1,0.82488619196602,1,-10972.333333333334,558.4053684874059,11826.0,12417.333333333334,398.74204972917295,0,0.0,1,0.0,0.0,False
16.472926,16.872926,H1,0.82488619196602,1,-10542.0,227.02129121883405,10756.0,12067.0,153.7877324973181,0,0.0,1,0.0,0.0,False
16.672926,17.072926,H1,0.82488619196602,1,-10343.0,306.9131256018007,10716.0,11720.0,405.5165430246548,0,0.0,1,0.0,0.0,False
16.872926,17.272926,H1,0.82488619196602,1,-10063.42857142857,416.83393649299353,10860.0,11395.285714285714,307.6090813659043,0,0.0,1,0.0,0.0,False
17.072926,17.472926,H1,0.82488619196602,1,-10048.0,794.7319404320284,11502.0,11575.285714285714,784.9691011727267,0,0.0,1,0.0,0.0,False
17.272926,17.672926,H1,0.82488619196602,1,-9994.0,1077.887440010938,11502.0,11724.333333333334,1069.3697001297332,0,0.0,1,0.0,0.0,False
17.472926,17.872926,H1,0.82488619196602,1,-10305.666666666666,1457.7427375531283,12920.0,11872.0,1231.6101926610818,0,0.0,1,0.0,0.0,False
17.672926,18.072926,H1,0.82488619196602,1,-10405.666666666666,1218.6513948714876,12920.0,11778.666666666666,1002.4379725892712,0,0.0,1,0.0,0.0,False
17.872926,18.272926,H1,0.82488619196602,1,-5885.142857142857,11942.49712376019,23308.0,12329.57142857143,772.9052533216765,0,0.0,1,0.0,0.0,False
18.072926,18.472926,H1,0.82488619196602,1,-6264.571428571428,12105.669118901546,23308.0,12886.714285714286,488.13982607027503,0,0.0,1,0.0,0.0,False
18.272926,18.672926,H1,0.82488619196602,1,-10914.0,935.9529902724817,11928.0,12564.333333333334,711.7833627976672,0,0.0,1,0.0,0.0,False
18.472926,18.872926,H1,0.82488619196602,1,-10766.333333333334,1055.3169613385776,12580.0,12308.0,999.0313642056824,0,0.0,1,0.0,0.0,False
18.672926,19.072926,H1,0.82488619196602,1,-10676.666666666666,1205.6061638123049,12580.0,12325.666666666666,1079.5978675208446,0,0.0,1,0.0,0.0,False
18.872926,19.272926,H1,0.82488619196602,1,-10743.714285714286,1015.9029360673212,12128.0,12337.285714285714,867.6295645173058,0,0.0,1,0.0,0.0,False
19.072926,19.472926,H1,0.82488619196602,1,-11078.57142857143,853.6615015236856,12128.0,12548.142857142857,740.3758560104898,0,0.0,1,0.0,0.0,False
19.272926,19.672926,H1,0.82488619196602,1,-11261.0,642.34232825392,12098.0,12620.666666666666,657.4226612732144,0,0.0,1,0.0,0.0,False
19.472926,19.872926,H1,0.82488619196602,1,-10724.666666666666,1265.0921793380203,12478.0,12088.333333333334,1111.194952392343,0,0.0,1,0.0,0.0,False
19.672926,20.072926,H1,0.82488619196602,1,-10295.0,1248.4671935350698,12478.0,11910.0,1236.58818259489,0,0.0,1,0.0,0.0,False
19.872926,20.272926,H1,0.82488619196602,1,-553.7142857142857,30238.63778920834,58398.0,21943.285714285717,15426.458585488632,0,0.0,1,0.0,0.0,False
20.072926,20.472926,H1,0.82488619196602,1,-3316.285714285714,36455.451317676896,58398.0,29701.285714285717,15449.814624077771,0,0.0,1,0.0,0.0,False
20.272926,20.672926,H1,0.82488619196602,1,-16767.333333333332,21216.497846932445,44114.0,24235.0,12673.73267826018,0,0.0,1,0.0,0.0,False
20.472926,20.872926,H1,0.82488619196602,1,-13614.333333333334,7167.635911202211,29410.0,15360.666666666666,6890.715436166423,0,0.0,1,0.0,0.0,False
20.672926,21.072926,H1,0.82488619196602,1,-10348.0,948.388809156526,11334.0,12133.666666666666,785.0797553256753,0,0.0,1,0.0,0.0,False
20.872926,21.272926,H1,0.82488619196602,1,-9790.285714285714,765.3999354745791,11116.0,11322.714285714286,864.1821425545683,0,0.0,1,0.0,0.0,False
21.072926,21.472926,H1,0.82488619196602,1,-10193.42857142857,1368.3711753283126,12470.0,11792.714285714286,1372.1351156173373,0,0.0,1,0.0,0.0,False
21.272926,21.672926,H1,0.82488619196602,1,-11470.0,1104.69784707554,12470.0,12952.333333333334,1017.2162449002122,0,0.0,1,0.0,0.0,False
21.472926,21.872926,H1,0.82488619196602,1,-10831.666666666666,1063.8291947279674,11986.0,12299.333333333334,819.3163138997186,0,0.0,1,0.0,0.0,False
21.672926,22.072926,H1,0.82488619196602,1,-10402.666666666666,1045.9653701512088,12328.0,12036.333333333334,834.1204282889186,0,0.0,1,0.0,0.0,False
21.872926,22.272926,H1,0.9628556879689668,1,4284.857142857143,25591.98956944241,59848.0,12043.57142857143,755.3767001858565,0,0.0,1,0.0,0.0,False
22.072926,22.472926,H1,0.9628556879689668,1,2137.428571428572,33109.809262328214,59848.0,19256.14285714286,12577.406176253076,0,0.0,1,0.0,0.0,False
22.272926,22.672926,H1,0.9628556879689668,1,1155.6666666666667,42007.16091996168,57870.0,29344.666666666668,14108.915404413228,0,0.0,1,0.0,0.0,False
22.472926,22.872926,H1,0.82488619196602,1,-2218.6666666666665,44535.885136470446,57870.0,38581.0,13592.754050105765,0,0.0,1,0.0,0.0,False
22.672926,23.072926,H1,0.82488619196602,1,-5286.666666666667,41144.03484778268,57042.0,41569.0,12605.146567969769,0,0.0,1,0.0,0.0,False
22.872926,23.272926,H1,0.9628556879689668,1,9091.142857142857,46876.11592707062,57428.0,31945.285714285717,16128.78911152606,0,0.0,1,0.0,0.0,False
23.072926,23.472926,H1,0.9628556879689668,1,4943.142857142857,47349.82878058822,59618.0,26503.571428571428,16412.97656348383,0,0.0,1,0.0,0.0,False
23.272926,23.672926,H1,0.9628556879689668,1,18614.33333333333,41567.526915717375,59618.0,17823.333333333332,12431.513311830631,0,0.0,1,0.0,0.0,False
23.472926,23.872926,H1,0.9628556879689668,1,12181.666666666666,47541.634937763294,58850.0,24156.0,16066.88108086528,0,0.0,1,0.0,0.0,False
23.672926,24.072926,H1,0.9628556879689668,1,378.6666666666667,47566.45892035923,58850.0,36021.666666666664,16314.991211221117,0,0.0,1,0.0,0.0,False
23.872926,24.272926,H1,0.9628556879689668,1,3789.142857142857,44775.54472645777,59262.0,37406.71428571428,15771.089877315624,0,0.0,1,0.0,0.0,False
24.072926,24.472926,H1,0.82488619196602,1,-5697.428571428572,47111.40574928188,59262.0,36759.0,15988.207761615166,0,0.0,1,0.0,0.0,False
24.272926,24.672926,H1,0.9628556879689668,1,954.0,47876.14689313807,60284.0,34978.333333333336,16932.156100810735,0,0.0,1,0.0,0.0,False
24.472926,24.872926,H1,0.9628556879689668,1,982.6666666666666,46908.18121488925,60284.0,35215.666666666664,16153.479157410296,0,0.0,1,0.0,0.0,False
24.672926,25.072926,H1,0.9628556879689668,1,5978.0,50760.77352969844,57378.0,30352.33333333333,16361.984136677584,0,0.0,1,0.0,0.0,False
24.872926,25.272926,H1,0.9628556879689668,1,19038.0,46199.82889269489,60136.0,22215.571428571428,15461.375792204106,0,0.0,1,0.0,0.0,False
25.072926,25.472926,H1,0.9628556879689668,1,9628.857142857143,44104.16209523143,60136.0,21863.571428571428,15221.31737171958,0,0.0,1,0.0,0.0,False
25.272926,25.672926,H1,0.9628556879689668,1,6531.0,43042.45141330436,57774.0,29874.666666666668,16594.312616743795,0,0.0,1,0.0,0.0,False
25.472926,25.872926,H1,0.9628556879689668,1,6938.0,43571.24545691421,59552.0,29369.0,17206.050951143126,0,0.0,1,0.0,0.0,False
25.672926,26.072926,H1,0.9628556879689668,1,7212.0,43071.73470695912,59552.0,29137.0,16629.113987221328,0,0.0,1,0.0,0.0,False
25.872926,26.272926,H1,0.9628556879689668,1,4292.285714285715,43902.24974942884,57546.0,36920.142857142855,14848.071538356868,0,0.0,1,0.0,0.0,False
26.072926,26.472926,H1,0.82488619196602,1,-820.0,43305.35044475286,57546.0,32147.85714285714,16385.9984082977,0,0.0,1,0.0,0.0,False
26.272926,26.672926,H1,0.9628556879689668,1,12032.666666666666,46806.96087359467,57952.0,24153.666666666668,15490.003988235623,0,0.0,1,0.0,0.0,False
26.472926,26.872926,H1,0.9628556879689668,1,353.0,47317.81817666575,57952.0,35889.333333333336,16234.649464100612,0,0.0,1,0.0,0.0,False
26.672926,27.072926,H1,0.82488619196602,1,-4520.333333333333,42197.13621272841,59980.0,40970.66666666666,13193.052738299635,0,0.0,1,0.0,0.0,False
26.872926,27.272926,H1,0.9628556879689668,1,14190.0,44194.06197992797,59980.0,26937.285714285717,16958.46605019187,0,0.0,1,0.0,0.0,False
27.072926,27.472926,H1,0.9628556879689668,1,4320.857142857143,48203.60683430996,59378.0,26912.714285714286,16854.627526623794,0,0.0,1,0.0,0.0,False
27.272926,27.672926,H1,0.9628556879689668,1,7340.666666666667,51329.42282507719,59808.0,29097.0,16861.986201710246,0,0.0,1,0.0,0.0,False
27.472926,27.872926,H1,0.9628556879689668,1,13128.666666666666,46905.58414043637,59808.0,23211.666666666668,15879.36559046222,0,0.0,1,0.0,0.0,False
27.672926,28.072926,H1,0.9628556879689668,1,7508.0,43034.27576556467,59146.0,28677.0,16781.038823624716,0,0.0,1,0.0,0.0,False
27.872926,28.272926,H1,0.9628556879689668,1,19423.14285714286,38650.824080767656,59340.0,21706.42857142857,15064.629518531554,0,0.0,1,0.0,0.0,False
28.072926,28.472926,H1,0.9628556879689668,1,19476.571428571428,34429.62932814511,59846.0,11796.42857142857,549.4763369772708,0,0.0,1,0.0,0.0,False
28.272926,28.672926,H1,0.9628556879689668,1,23600.666666666668,34308.627771386535,59846.0,12491.0,1102.88591129515,0,0.0,1,0.0,0.0,False
28.472926,28.872926,H1,0.9628556879689668,1,11374.333333333334,46989.544545095945,57142.0,24712.666666666668,15822.919849242604,0,0.0,1,0.0,0.0,False
28.672926,29.072926,H1,0.9628556879689668,1,12463.333333333334,47587.40862408412,60808.0,23999.0,16344.51459460737,0,0.0,1,0.0,0.0,False
28.872926,29.272926,H1,0.9628556879689668,1,19077.714285714286,39149.653418331945,60808.0,22293.571428571428,15741.977247902165,0,0.0,1,0.0,0.0,False
29.072926,29.472926,H1,0.9628556879689668,1,4271.142857142857,40580.26377238984,58734.0,27047.571428571428,17107.76895245585,0,0.0,1,0.0,0.0,False
29.272926,29.672926,H1,0.9628556879689668,1,6607.333333333333,43506.888139184986,58734.0,29673.666666666668,17920.351435046006,0,0.0,1,0.0,0.0,False
29.472926,29.872926,H1,0.9628556879689668,1,330.3333333333333,48040.26905859523,59166.0,36037.333333333336,16811.484821064703,0,0.0,1,0.0,0.0,False
29.672926,30.072926,H1,0.9628556879689668,1,665.3333333333334,47759.27831206089,59242.0,35689.666666666664,16521.989777936018,0,0.0,1,0.0,0.0,False
29.872926,30.272926,H1,0.82488619196602,1,-598.0,43942.02535159252,59242.0,31861.285714285717,17132.61032329271,0,0.0,1,0.0,0.0,False
30.072926,30.472926,H1,0.82488619196602,1,-5514.571428571428,42331.24485651279,59090.0,26972.714285714286,16571.224368199968,0,0.0,1,0.0,0.0,False
30.272926,30.672926,H1,0.9628556879689668,1,7200.666666666667,43012.51175594789,60116.0,29214.33333333333,16920.20774760825,0,0.0,1,0.0,0.0,False
30.472926,30.872926,H1,0.9628556879689668,1,1608.6666666666667,48032.84853329253,60116.0,34674.333333333336,16764.823755576897,0,0.0,1,0.0,0.0,False
30.672926,31.072926,H1,0.9628556879689668,1,6921.333333333333,51012.19503434667,59454.0,29595.666666666668,16771.766818741016,0,0.0,1,0.0,0.0,False
30.872926,31.272926,H1,0.9628556879689668,1,14027.142857142857,50599.25896529252,59760.0,27316.714285714286,16833.71855799532,0,0.0,1,0.0,0.0,False
31.072926,31.472926,H1,0.9628556879689668,1,4352.0,48703.47377461166,60086.0,26857.571428571428,17349.224065458067,0,0.0,1,0.0,0.0,False
31.272926,31.672926,H1,0.9628556879689668,1,7052.333333333333,43193.57730676582,60086.0,29224.0,16660.425594803994,0,0.0,1,0.0,0.0,False
31.472926,31.872926,H1,0.9628556879689668,1,12156.0,37885.87120990269,58548.0,23954.33333333333,15574.541562719874,0,0.0,1,0.0,0.0,False
31.672926,32.072926,H1,0.9628556879689668,1,12178.666666666666,38732.11831140777,60052.0,24021.666666666668,16683.304415559356,0,0.0,1,0.0,0.0,False
31.872926,32.272926,H1,0.9628556879689668,1,9353.714285714286,48829.96882393986,60184.0,31803.85714285714,17667.998992759854,0,0.0,1,0.0,0.0,False
32.072926,32.472926,H1,0.82488619196602,1,-28.285714285714285,51461.78293983739,60184.0,31296.714285714286,17185.234706525465,0,0.0,1,0.0,0.0,False
32.272926,32.672926,H1,0.9628556879689668,1,7219.666666666667,51918.33350454239,59678.0,29080.0,17479.077349791663,0,0.0,1,0.0,0.0,False
32.472926,32.872926,H1,0.9628556879689668,1,12593.666666666666,47931.01187354824,59414.0,23788.666666666668,17001.685815105382,0,0.0,1,0.0,0.0,False
32.672926,33.072926,H1,0.9628556879689668,1,12578.0,47620.83061014371,59404.0,23655.0,16702.733229424855,0,0.0,1,0.0,0.0,False
32.872926,33.272926,H1,0.9628556879689668,1,9719.142857142857,48042.85709188224,59404.0,31322.42857142857,16688.058886154347,0,0.0,1,0.0,0.0,False
33.072926,33.472926,H1,0.82488619196602,1,-10022.57142857143,41432.542720003294,58692.0,41361.857142857145,11899.06944054956,0,0.0,1,0.0,0.0,False
33.272926,33.672926,H1,0.82488619196602,1,-4728.666666666667,42162.67162102305,59650.0,40951.0,13498.428352960207,0,0.0,1,0.0,0.0,False
33.472926,33.872926,H1,0.9628556879689668,1,13094.0,37965.04337764764,59650.0,23039.666666666668,16843.038865425155,0,0.0,1,0.0,0.0,False
33.672926,34.072926,H1,0.9628556879689668,1,13117.333333333334,37390.91773263781,58932.0,23199.0,15984.861796921068,0,0.0,1,0.0,0.0,False
33.872926,34.272926,H1,0.9628556879689668,1,9350.0,47872.3609731425,59870.0,31916.714285714286,16582.37337583225,0,0.0,1,0.0,0.0,False
34.072926,34.472926,H1,0.9628556879689668,1,4518.571428571428,48315.12646560863,59870.0,26844.714285714286,17170.23079730302,0,0.0,1,0.0,0.0,False
34.272926,34.672926,H1,0.9628556879689668,1,12744.0,47421.88269846176,59826.0,23589.666666666668,16372.468218187372,0,0.0,1,0.0,0.0,False
34.472926,34.872926,H1,0.9628556879689668,1,17645.333333333332,42038.70333659475,59826.0,18545.0,12738.120374163003,0,0.0,1,0.0,0.0,False
34.672926,35.072926,H1,0.9628556879689668,1,18120.33333333333,41118.58372101625,58376.0,18291.33333333333,11982.956864740114,0,0.0,1,0.0,0.0,False
34.872926,35.272926,H1,0.9628556879689668,1,25168.85714285714,40489.591718749405,60434.0,16264.714285714286,11796.107659663308,0,0.0,1,0.0,0.0,False
35.072926,35.472926,H1,0.9628556879689668,1,4563.428571428572,41545.17531162276,60434.0,26787.85714285714,18297.57810225613,0,0.0,1,0.0,0.0,False
35.272926,35.672926,H1,0.82488619196602,1,-5251.0,42566.425717146296,60068.0,41568.66666666666,13866.09733206219,0,0.0,1,0.0,0.0,False
35.472926,35.872926,H1,0.9628556879689668,1,7126.0,43743.245040425005,60068.0,29349.0,17685.36366603752,0,0.0,1,0.0,0.0,False
35.672926,36.072926,H1,0.9628556879689668,1,13640.666666666666,48023.877028920615,61510.0,23230.33333333333,16262.925963334175,0,0.0,1,0.0,0.0,False
35.872926,36.272926,H1,0.9628556879689668,1,20045.42857142857,47359.86524732623,61510.0,21523.0,16005.702555205577,0,0.0,1,0.0,0.0,False
36.072926,36.472926,H1,0.9628556879689668,1,9437.142857142857,44755.65182323288,59468.0,21846.14285714286,16044.934398019044,0,0.0,1,0.0,0.0,False
36.272926,36.672926,H1,0.9628556879689668,1,6465.333333333333,43557.41941646936,58882.0,29615.0,17829.252517515513,0,0.0,1,0.0,0.0,False
36.472926,36.872926,H1,0.82488619196602,1,-5794.666666666667,42517.202772002245,58882.0,41810.333333333336,13599.824933513748,0,0.0,1,0.0,0.0,False
36.672926,37.072926,H1,0.9628556879689668,1,5934.0,44240.249185555,59246.0,30417.666666666668,17727.231130539127,0,0.0,1,0.0,0.0,False
36.872926,37.272926,H1,0.9628556879689668,1,19435.14285714286,38994.55662902039,59442.0,21900.714285714286,15314.096379426615,0,0.0,1,0.0,0.0,False
37.072926,37.472926,H1,0.82488619196602,1,-76.0,44648.32682195381,60116.0,31450.714285714286,17384.150266544406,0,0.0,1,0.0,0.0,False
37.272926,37.672926,H1,0.9628556879689668,1,12705.0,47532.3378869586,60116.0,23536.666666666668,16540.94368193329,0,0.0,1,0.0,0.0,False
37.472926,37.872926,H1,0.9628556879689668,1,12410.333333333334,46566.89701804157,58808.0,23965.33333333333,16246.16703171004,0,0.0,1,0.0,0.0,False
37.672926,38.072926,H1,0.9628556879689668,1,1281.3333333333333,46537.36747556264,58708.0,35237.0,15906.580022116634,0,0.0,1,0.0,0.0,False
37.872926,38.272926,H1,0.9628556879689668,1,5058.571428571428,44217.33804372974,58708.0,36095.0,15222.014246290984,0,0.0,1,0.0,0.0,False
38.072926,38.472926,H1,0.82488619196602,1,-5555.714285714285,46568.4058002366,58618.0,36824.71428571428,15119.178678697046,0,0.0,1,0.0,0.0,False
38.272926,38.672926,H1,0.9628556879689668,1,12263.666666666666,47390.48334024693,59840.0,24012.666666666668,16741.977239528456,0,0.0,1,0.0,0.0,False
38.472926,38.872926,H1,0.9628556879689668,1,13024.0,46831.25076271186,59840.0,23028.33333333333,15816.232069898597,0,0.0,1,0.0,0.0,False
38.672926,39.072926,H1,0.9628556879689668,1,1441.3333333333333,46919.167407598165,57942.0,34593.0,15547.958151045645,0,0.0,1,0.0,0.0,False
38.872926,39.272926,H1,0.9628556879689668,1,4876.857142857143,44142.321576039125,58018.0,36143.57142857143,14726.7604706257,0,0.0,1,0.0,0.0,False
39.072926,39.472926,H1,0.9628556879689668,1,401.1428571428572,43829.58988572697,59858.0,30954.714285714286,16770.843523502208,0,0.0,1,0.0,0.0,False
39.272926,39.672926,H1,0.9628556879689668,1,13276.666666666666,47728.16296020156,59858.0,22970.33333333333,16760.443338076973,0,0.0,1,0.0,0.0,False
39.472926,39.872926,H1,0.9628556879689668,1,18478.666666666668,42155.58387160063,59556.0,17440.333333333332,13298.179808613742,0,0.0,1,0.0,0.0,False
39.672926,40.072926,H1,0.9628556879689668,1,24760.33333333333,34602.176972297886,60314.0,11419.333333333334,491.43113002287066,0,0.0,1,0.0,0.0,False
39.872926,40.272926,H1,0.9628556879689668,1,19789.14285714286,46817.44559892352,60314.0,21476.42857142857,15729.572211575993,0,0.0,1,0.0,0.0,False
40.072926,40.472926,H1,0.9628556879689668,1,4124.857142857143,47990.95412211577,59618.0,27069.285714285717,16800.269672276827,0,0.0,1,0.0,0.0,False
40.272926,40.672926,H1,0.9628556879689668,1,18026.33333333333,41853.314698148126,59412.0,18008.666666666668,12849.936934562062,0,0.0,1,0.0,0.0,False
40.472926,40.872926,H1,0.9628556879689668,1,18133.0,42409.13858670872,59412.0,18124.0,13680.517278231844,0,0.0,1,0.0,0.0,False
40.672926,41.072926,H1,0.9628556879689668,1,753.3333333333334,38443.69267151924,58270.0,35727.666666666664,16559.636858605594,0,0.0,1,0.0,0.0,False
40.872926,41.272926,H1,0.82488619196602,1,-1226.0,40749.84082002215,59434.0,42529.28571428572,12637.736842085133,0,0.0,1,0.0,0.0,False
41.072926,41.472926,H1,0.82488619196602,1,-6277.428571428572,47050.4416340504,59434.0,37545.857142857145,15858.597807125425,0,0.0,1,0.0,0.0,False
41.272926,41.672926,H1,0.82488619196602,1,-4875.666666666667,41792.17123523921,57540.0,41139.333333333336,12465.72348036362,0,0.0,1,0.0,0.0,False
41.472926,41.872926,H1,0.9628556879689668,1,653.3333333333334,38651.99525107196,58220.0,35669.666666666664,16184.974829211884,0,0.0,1,0.0,0.0,False
41.672926,42.072926,H1,0.9628556879689668,1,12426.333333333334,48184.5382588878,61044.0,23974.0,16619.040596055278,0,0.0,1,0.0,0.0,False
41.872926,42.272926,H1,0.9628556879689668,1,3878.857142857143,45299.39865708901,61044.0,37390.71428571428,16295.774927563154,0,0.0,1,0.0,0.0,False
42.072926,42.472926,H1,0.82488619196602,1,-10700.0,40499.41012621577,57424.0,42175.28571428572,11865.00980331045,0,0.0,1,0.0,0.0,False
42.272926,42.672926,H1,0.9628556879689668,1,1383.0,46441.08192466378,57424.0,35103.333333333336,15298.180999350509,0,0.0,1,0.0,0.0,False
42.472926,42.872926,H1,0.9628556879689668,1,6005.333333333333,43340.95472978057,57130.0,30329.0,16625.03906762327,0,0.0,1,0.0,0.0,False
42.672926,43.072926,H1,0.9628556879689668,1,5526.333333333333,43552.63560974876,57590.0,30890.666666666668,17260.944331705094,0,0.0,1,0.0,0.0,False
42.872926,43.272926,H1,0.9628556879689668,1,14229.142857142857,44103.6779529734,59350.0,27189.0,17476.995066985302,0,0.0,1,0.0,0.0,False
43.072926,43.472926,H1,0.9628556879689668,1,9300.285714285714,43992.118819216725,59350.0,22385.85714285714,15238.67331522542,0,0.0,1,0.0,0.0,False
43.272926,43.672926,H1,0.9628556879689668,1,17733.666666666668,41146.42240287186,59312.0,18798.666666666668,12760.71541446203,0,0.0,1,0.0,0.0,False
43.472926,43.872926,H1,0.9628556879689668,1,12507.0,46931.73237444647,59312.0,23579.33333333333,15725.618352088912,0,0.0,1,0.0,0.0,False
43.672926,44.072926,H1,0.9628556879689668,1,6680.0,52087.210266372815,60522.0,29227.666666666668,17413.80608087222,0,0.0,1,0.0,0.0,False
43.872926,44.272926,H1,0.9628556879689668,1,14387.714285714286,51855.72606958736,60700.0,26720.714285714286,17582.91942047562,0,0.0,1,0.0,0.0,False
44.072926,44.472926,H1,0.82488619196602,1,-5516.571428571428,46972.2875468904,60700.0,37059.857142857145,15910.3077408378,0,0.0,1,0.0,0.0,False
44.272926,44.672926,H1,0.9628556879689668,1,5851.666666666667,43406.847576800086,58778.0,30516.0,17088.545315503015,0,0.0,1,0.0,0.0,False
44.472926,44.872926,H1,0.9628556879689668,1,23018.666666666668,34459.81614705582,58778.0,13206.333333333334,733.1654353251764,0,0.0,1,0.0,0.0,False
44.672926,45.072926,H1,0.9628556879689668,1,12153.666666666666,37481.74240732265,57208.0,24180.666666666668,15584.349688781442,0,0.0,1,0.0,0.0,False
44.872926,45.272926,H1,0.9628556879689668,1,4426.571428571428,43837.9240347153,57208.0,36820.142857142855,14729.088919826752,0,0.0,1,0.0,0.0,False
45.072926,45.472926,H1,0.82488619196602,1,-5768.571428571428,46558.52664230303,58328.0,36957.0,15309.16218664963,0,0.0,1,0.0,0.0,False
45.272926,45.672926,H1,0.82488619196602,1,-5250.666666666667,42132.37084343687,58328.0,41336.333333333336,13024.017796193137,0,0.0,1,0.0,0.0,False
45.472926,45.872926,H1,0.82488619196602,1,-4506.666666666667,41476.54123584667,58470.0,40777.66666666666,12773.929370227295,0,0.0,1,0.0,0.0,False
45.672926,46.072926,H1,0.82488619196602,1,-2029.0,54489.54995532018,85142.0,31018.0,19210.21196308533,0,0.0,1,0.0,0.0,False
45.872926,46.272926,H1,0.9628556879689668,1,6418.285714285715,48245.03762405973,85142.0,28558.14285714286,18873.83343171607,0,0.0,1,0.0,0.0,False
46.072926,46.472926,H1,0.82488619196602,1,-5433.714285714285,38367.92731180669,57514.0,36888.42857142857,15252.818969967886,0,0.0,1,0.0,0.0,False
46.272926,46.672926,H1,0.9628556879689668,1,991.3333333333334,47048.54651196877,59590.0,35387.0,16251.953482581715,0,0.0,1,0.0,0.0,False
46.472926,46.872926,H1,0.9628556879689668,1,802.0,47718.78616785357,59590.0,35418.333333333336,16260.080387938498,0,0.0,1,0.0,0.0,False
46.672926,47.072926,H1,0.9628556879689668,1,6639.666666666667,44101.35360608435,59874.0,29571.33333333333,17399.151796056678,0,0.0,1,0.0,0.0,False
46.872926,47.272926,H1,0.9628556879689668,1,14308.285714285714,44113.23382165585,59874.0,27216.714285714286,17127.12159716517,0,0.0,1,0.0,0.0,False
47.072926,47.472926,H1,0.82488619196602,1,-10121.142857142857,36660.57111015114,58286.0,31809.0,17115.483816875123,0,0.0,1,0.0,0.0,False
47.272926,47.672926,H1,0.9628556879689668,1,1367.0,42801.69742350568,59632.0,23266.666666666668,16090.588197935947,0,0.0,1,0.0,0.0,False
47.472926,47.872926,H1,0.9628556879689668,1,12812.666666666666,47791.26255801252,60088.0,23491.666666666668,16779.795853611835,0,0.0,1,0.0,0.0,False
47.672926,48.072926,H1,0.9628556879689668,1,12633.666666666666,47887.65362688893,60088.0,23626.666666666668,16870.744121769563,0,0.0,1,0.0,0.0,False
47.872926,48.272926,H1,0.9628556879689668,1,19188.85714285714,46298.21415694615,59426.0,21968.714285714286,15168.808350543237,0,0.0,1,0.0,0.0,False
48.072926,48.472926,H1,0.9628556879689668,1,4578.285714285715,47379.35301287226,59112.0,26823.85714285714,16309.565531820112,0,0.0,1,0.0,0.0,False
48.272926,48.672926,H1,0.9628556879689668,1,7016.666666666667,51716.19736815752,60002.0,29407.666666666668,17090.20341859303,0,0.0,1,0.0,0.0,False
48.472926,48.872926,H1,0.9628556879689668,1,12393.0,47901.63609940688,60002.0,24067.33333333333,16529.563269756673,0,0.0,1,0.0,0.0,False
48.672926,49.072926,H1,0.9628556879689668,1,6478.333333333333,43079.76925683588,57976.0,29810.0,16932.885115459012,0,0.0,1,0.0,0.0,False
48.872926,49.272926,H1,0.9628556879689668,1,9259.42857142857,48090.45937711596,59238.0,31997.571428571428,16956.148879280532,0,0.0,1,0.0,0.0,False
49.072926,49.472926,H1,0.9628556879689668,1,4499.142857142857,48103.67901412404,59238.0,26987.571428571428,16967.286295837,0,0.0,1,0.0,0.0,False
49.272926,49.672926,H1,0.9628556879689668,1,7389.0,43053.00925990346,59162.0,28744.0,16848.410755914043,0,0.0,1,0.0,0.0,False
49.472926,49.872926,H1,0.9628556879689668,1,1691.6666666666667,47155.30139749813,59162.0,34406.666666666664,16016.411475594512,0,0.0,1,0.0,0.0,False
49.672926,50.072926,H1,0.9628556879689668,1,1719.3333333333333,47008.60763259805,58416.0,34735.0,15975.558623514024,0,0.0,1,0.0,0.0,False
49.872926,50.272926,H1,0.9628556879689668,1,5325.428571428572,44698.278122339805,59742.0,35997.857142857145,15678.569171493493,0,0.0,1,0.0,0.0,False
50.072926,50.472926,H1,0.82488619196602,1,-4716.857142857143,47439.430144218255,60140.0,36088.71428571428,16085.818827368994,0,0.0,1,0.0,0.0,False
50.272926,50.672926,H1,0.9628556879689668,1,1292.0,47206.11183593356,60140.0,35193.0,16352.043542016392,0,0.0,1,0.0,0.0,False
50.472926,50.872926,H1,0.82488619196602,1,-4305.333333333333,41376.00777691772,56908.0,40697.0,12314.726468744648,0,0.0,1,0.0,0.0,False
50.672926,51.072926,H1,0.9628556879689668,1,680.3333333333334,58405.51534934199,82860.0,45586.66666666666,18669.67178489101,0,0.0,1,0.0,0.0,False
50.872926,51.272926,H1,0.9628556879689668,1,18504.285714285717,56908.6076183667,82860.0,31099.571428571428,24304.36406936677,0,0.0,1,0.0,0.0,False
51.072926,51.472926,H1,0.82488619196602,1,-370.8571428571428,44546.93273208308,59992.0,31390.14285714286,17364.617090332787,0,0.0,1,0.0,0.0,False
51.272926,51.672926,H1,0.9628556879689668,1,6863.666666666667,43470.45920187895,59966.0,29213.33333333333,16691.749635340475,0,0.0,1,0.0,0.0,False
51.472926,51.872926,H1,0.9628556879689668,1,18384.33333333333,41977.96370187048,59966.0,17901.333333333332,13283.32666248264,0,0.0,1,0.0,0.0,False
51.672926,52.072926,H1,0.9628556879689668,1,18286.666666666668,41801.22216182468,58956.0,17812.333333333332,13285.443044508862,0,0.0,1,0.0,0.0,False
51.872926,52.272926,H1,0.9628556879689668,1,23422.85714285714,41090.94707189536,58350.0,17409.0,11448.752745542695,0,0.0,1,0.0,0.0,False
52.072926,52.472926,H1,0.9628556879689668,1,8285.42857142857,44494.66036297307,58058.0,22798.42857142857,15108.64020407947,0,0.0,1,0.0,0.0,False
52.272926,52.672926,H1,0.9628556879689668,1,5911.0,43234.582866805446,57256.0,30402.666666666668,16792.501319206607,0,0.0,1,0.0,0.0,False
52.472926,52.872926,H1,0.82488619196602,1,-4797.0,41373.95553968704,56760.0,41000.0,12128.854507605682,0,0.0,1,0.0,0.0,False
52.672926,53.072926,H1,0.82488619196602,1,-4180.333333333333,41804.42634325806,58922.0,40322.66666666666,12665.224536326055,0,0.0,1,0.0,0.0,False
52.872926,53.272926,H1,0.8879744604399316,1,95.42857142857144,39971.70515987221,58922.0,41151.857142857145,11901.85593484804,0,0.0,1,0.0,0.0,False
53.072926,53.472926,H1,0.82488619196602,1,-5472.857142857143,38506.99741764409,57322.0,36933.857142857145,14789.690380498856,0,0.0,1,0.0,0.0,False
53.272926,53.672926,H1,0.9628556879689668,1,11551.333333333334,47106.88438953365,58080.0,24607.666666666668,15951.636265773976,0,0.0,1,0.0,0.0,False
53.472926,53.872926,H1,0.9628556879689668,1,21392.666666666668,61004.15471825578,118706.0,24665.0,16334.414630874697,0,0.0,1,0.0,0.0,False
53.672926,54.072926,H1,0.9628556879689668,1,22674.666666666668,60741.96362391398,118706.0,23854.33333333333,16420.48243979316,0,0.0,1,0.0,0.0,False
53.872926,54.272926,H1,0.9628556879689668,1,19647.714285714286,46390.52295370647,59888.0,21636.714285714286,15372.17480397883,0,0.0,1,0.0,0.0,False
54.072926,54.472926,H1,0.9628556879689668,1,8973.714285714286,44474.07339021655,58814.0,22165.571428571428,15188.317304119382,0,0.0,1,0.0,0.0,False
54.272926,54.672926,H1,0.9628556879689668,1,12504.666666666666,47325.461880706695,59424.0,23560.33333333333,16003.37167252229,0,0.0,1,0.0,0.0,False
54.472926,54.872926,H1,0.9628556879689668,1,10886.333333333334,61454.457081827866,94744.0,31216.0,20649.063538088118,0,0.0,1,0.0,0.0,False
54.672926,55.072926,H1,0.82488619196602,1,-3389.0,54079.09922511654,94744.0,46976.0,17295.716377184264,0,0.0,1,0.0,0.0,False
54.872926,55.272926,H1,0.82488619196602,1,-2352.285714285714,40018.35570875761,59338.0,44640.142857142855,14731.27812734883,0,0.0,1,0.0,0.0,False
55.072926,55.472926,H1,0.82488619196602,1,-5150.857142857143,47164.3659781667,59438.0,36282.142857142855,15855.99174200242,0,0.0,1,0.0,0.0,False
55.272926,55.672926,H1,0.82488619196602,1,-4916.666666666667,42052.78991405393,59438.0,40973.66666666666,13245.354338618334,0,0.0,1,0.0,0.0,False
55.472926,55.872926,H1,0.82488619196602,1,-1427.0,57299.25159197108,100908.0,44894.66666666666,16046.295415314888,0,0.0,1,0.0,0.0,False
55.672926,56.072926,H1,0.9628556879689668,1,15837.666666666666,60422.384300485486,100908.0,28023.33333333333,21721.38888796529,0,0.0,1,0.0,0.0,False
55.872926,56.272926,H1,0.9628556879689668,1,18737.714285714286,46946.5394243108,59144.0,22435.285714285717,15494.110011911767,0,0.0,1,0.0,0.0,False
56.072926,56.472926,H1,0.82488619196602,1,-537.7142857142857,51577.30565641743,59680.0,31554.714285714286,17348.83167506665,0,0.0,1,0.0,0.0,False
56.272926,56.672926,H1,0.9628556879689668,1,1699.0,47148.74383268339,59680.0,34461.333333333336,15919.652023695606,0,0.0,1,0.0,0.0,False
56.472926,56.872926,H1,0.82488619196602,1,-4362.666666666667,36317.4247190274,57712.0,28939.666666666668,16411.171384828758,0,0.0,1,0.0,0.0,False
56.672926,57.072926,H1,0.82488619196602,1,-4879.333333333333,46079.92590657623,84392.0,33943.666666666664,21800.65496467684,0,0.0,1,0.0,0.0,False
56.872926,57.272926,H1,0.9628556879689668,1,4715.714285714285,51481.603354192135,84392.0,40197.857142857145,18559.776102625587,0,0.0,1,0.0,0.0,False
57.072926,57.472926,H1,0.82488619196602,1,-4607.714285714285,46370.15127894941,59250.0,35822.42857142857,15056.53330292338,0,0.0,1,0.0,0.0,False
57.272926,57.672926,H1,0.9628556879689668,1,1665.3333333333333,47116.89648334472,58418.0,34663.666666666664,15736.915524403828,0,0.0,1,0.0,0.0,False
57.472926,57.872926,H1,0.9628556879689668,1,12633.666666666666,38224.48453398539,58418.0,23502.666666666668,16261.80881356342,0,0.0,1,0.0,0.0,False
57.672926,58.072926,H1,0.9628556879689668,1,23862.33333333333,34330.10407628979,58880.0,12420.666666666666,656.7256318703843,0,0.0,1,0.0,0.0,False
57.872926,58.272926,H1,0.9628556879689668,1,19339.714285714286,46986.70382661244,59930.0,21989.285714285717,15463.501892375809,0,0.0,1,0.0,0.0,False
58.072926,58.472926,H1,0.82488619196602,1,-72.85714285714286,51778.87971924066,59946.0,31335.571428571428,17545.453451430843,0,0.0,1,0.0,0.0,False
58.272926,58.672926,H1,0.9628556879689668,1,1096.6666666666667,47693.75045945631,59946.0,35148.333333333336,16130.510744824196,0,0.0,1,0.0,0.0,False
58.472926,58.872926,H1,0.82488619196602,1,-5926.333333333333,41917.48316898597,56740.0,41604.66666666666,12468.75863463917,0,0.0,1,0.0,0.0,False
58.672926,59.072926,H1,0.82488619196602,1,-6151.333333333333,42150.80683556234,58482.0,41805.0,13318.68852402518,0,0.0,1,0.0,0.0,False
58.872926,59.272926,H1,0.9628556879689668,1,4367.428571428572,45365.2725798589,60688.0,36684.42857142857,16151.277692555495,0,0.0,1,0.0,0.0,False
59.072926,59.472926,H1,0.8879744604399316,1,96.85714285714286,44380.56170193874,60688.0,31161.285714285717,17272.51271086343,0,0.0,1,0.0,0.0,False
59.272926,59.672926,H1,0.9628556879689668,1,1543.6666666666667,37995.32540399616,57998.0,34712.0,16299.173547555512,0,0.0,1,0.0,0.0,False
59.472926,59.872926,H1,0.9628556879689668,1,2507.6666666666665,40878.03909870868,67766.0,35248.666666666664,15826.64396586409,0,0.0,1,0.0,0.0,False
59.672926,60.072926,H1,0.9628556879689668,1,13934.333333333334,49336.79605077286,67766.0,23782.666666666668,16311.136785099385,0,0.0,1,0.0,0.0,False
59.872926,60.272926,H1,0.9628556879689668,1,14931.714285714286,51001.74144285744,60128.0,26060.14285714286,16993.272411907783,0,0.0,1,0.0,0.0,False
60.072926,60.472926,H1,0.9628556879689668,1,9970.0,47728.20232465138,60128.0,30949.285714285717,17083.426903742416,0,0.0,1,0.0,0.0,False
60.272926,60.672926,H1,0.9628556879689668,1,24504.0,39556.31904007247,59470.0,23307.666666666668,16397.091801766423,0,0.0,1,0.0,0.0,False
60.472926,60.872926,H1,0.9628556879689668,1,13744.333333333334,52920.29128688625,74880.0,25497.33333333333,18908.196262173948,0,0.0,1,0.0,0.0,False
60.672926,61.072926,H1,0.9628556879689668,1,13426.0,52684.26469702948,74880.0,25585.666666666668,18858.93141782488,0,0.0,1,0.0,0.0,False
60.872926,61.272926,H1,0.9628556879689668,1,28741.42857142857,34493.59390154784,59632.0,12420.142857142857,936.7547977034376,0,0.0,1,0.0,0.0,False
61.072926,61.472926,H1,0.9628556879689668,1,14371.142857142857,40322.057315102975,60534.0,16999.0,11653.075179662112,0,0.0,1,0.0,0.0,False
61.272926,61.672926,H1,0.9628556879689668,1,7508.666666666667,43371.368292406405,60534.0,28869.666666666668,16986.334455150183,0,0.0,1,0.0,0.0,False
61.472926,61.872926,H1,0.9628556879689668,1,7376.0,46330.20768354055,67612.0,30379.0,17571.231601683474,0,0.0,1,0.0,0.0,False
61.672926,62.072926,H1,0.9628556879689668,1,19900.0,46274.79019941636,67612.0,19227.666666666668,14449.126509546826,0,0.0,1,0.0,0.0,False
61.872926,62.272926,H1,0.9628556879689668,1,24820.85714285714,42884.72098021649,66092.0,17647.571428571428,12476.078445880144,0,0.0,1,0.0,0.0,False
62.072926,62.472926,H1,0.82488619196602,1,-803.1428571428571,44367.74685488989,59294.0,32032.14285714286,17099.2988613867,0,0.0,1,0.0,0.0,False
62.272926,62.672926,H1,0.82488619196602,1,-3997.0,42369.93419474081,60716.0,40029.333333333336,13270.38725466928,0,0.0,1,0.0,0.0,False
62.472926,62.872926,H1,0.9628556879689668,1,6843.333333333333,43733.25105175186,60716.0,29405.666666666668,16658.15154478098,0,0.0,1,0.0,0.0,False
62.672926,63.072926,H1,0.9628556879689668,1,11811.333333333334,47419.74061037824,58784.0,24579.0,15785.160921996752,0,0.0,1,0.0,0.0,False
62.872926,63.272926,H1,0.9628556879689668,1,4058.571428571429,44718.82868021715,58784.0,37081.28571428572,15344.174936756814,0,0.0,1,0.0,0.0,False
63.072926,63.472926,H1,0.82488619196602,1,-15707.142857142857,34510.44947932881,46878.0,46917.28571428572,830.7005157930116,0,0.0,1,0.0,0.0,False
63.272926,63.672926,H1,0.82488619196602,1,-4697.0,42122.67286153622,59482.0,41018.0,13280.26479404684,0,0.0,1,0.0,0.0,False
63.472926,63.872926,H1,0.82488619196602,1,-5234.666666666667,41891.84009114689,59482.0,41450.333333333336,13474.879525332395,0,0.0,1,0.0,0.0,False
63.672926,64.072926,H1,0.82488619196602,1,-9.0,47522.29508697296,58110.0,35908.666666666664,16581.88772593626,0,0.0,1,0.0,0.0,False
63.872926,64.272926,H1,0.9628556879689668,1,18600.285714285717,46666.74001199289,59118.0,22320.714285714286,15305.790330219905,0,0.0,1,0.0,0.0,False
64.072926,64.472926,H1,0.9628556879689668,1,8625.42857142857,40968.29142801311,59118.0,32745.285714285717,17350.68233910854,0,0.0,1,0.0,0.0,False
64.272926,64.672926,H1,0.9628556879689668,1,17655.333333333332,37633.7255958299,59034.0,30505.0,17827.278012454208,0,0.0,1,0.0,0.0,False
64.472926,64.872926,H1,0.9628556879689668,1,6988.0,38152.64256465949,59034.0,18404.33333333333,12155.795910684838,0,0.0,1,0.0,0.0,False
64.672926,65.072926,H1,0.9628556879689668,1,1040.0,42080.343011909965,57364.0,24311.666666666668,15291.669961852507,0,0.0,1,0.0,0.0,False
64.872926,65.272926,H1,0.9628556879689668,1,9220.0,48102.60812649797,60116.0,31974.14285714286,16904.61028771713,0,0.0,1,0.0,0.0,False
65.072926,65.472926,H1,0.82488619196602,1,-88.28571428571429,40166.85609417042,60116.0,41289.857142857145,12689.715199197131,0,0.0,1,0.0,0.0,False
65.272926,65.672926,H1,0.9628556879689668,1,12718.0,42987.6027865399,60034.0,35004.333333333336,16273.976431373156,0,0.0,1,0.0,0.0,False
65.472926,65.872926,H1,0.9628556879689668,1,12614.666666666666,46816.8311709463,60034.0,23363.666666666668,16053.750908190344,0,0.0,1,0.0,0.0,False
65.672926,66.072926,H1,0.9628556879689668,1,2234.333333333333,36700.65102813421,56132.0,33840.666666666664,15410.249291371709,0,0.0,1,0.0,0.0,False
65.872926,66.272926,H1,0.9628556879689668,1,381.1428571428572,39868.37308454113,58404.0,40683.28571428572,11462.480929590438,0,0.0,1,0.0,0.0,False
66.072926,66.472926,H1,0.82488619196602,1,-482.57142857142856,40015.07329872133,58404.0,41441.857142857145,11775.903573806632,0,0.0,1,0.0,0.0,False
66.272926,66.672926,H1,0.9628556879689668,1,1305.0,37881.25639855855,58854.0,34615.333333333336,16432.473151929655,0,0.0,1,0.0,0.0,False
66.472926,66.872926,H1,0.9628556879689668,1,1588.0,42734.96420184921,58854.0,22693.0,16209.08214551336,0,0.0,1,0.0,0.0,False
66.672926,67.072926,H1,0.9628556879689668,1,12091.333333333334,46450.67377576156,58296.0,23614.33333333333,15998.893697864098,0,0.0,1,0.0,0.0,False
66.872926,67.272926,H1,0.9628556879689668,1,13640.57142857143,50725.99907868363,59576.0,27263.285714285717,16832.668829343947,0,0.0,1,0.0,0.0,False
67.072926,67.472926,H1,0.9628556879689668,1,4380.571428571428,44907.87650562981,59576.0,36642.71428571428,15717.788882248637,0,0.0,1,0.0,0.0,False
67.272926,67.672926,H1,0.9628556879689668,1,11988.0,43019.20414574558,57356.0,35677.666666666664,15622.09186447904,0,0.0,1,0.0,0.0,False
67.472926,67.872926,H1,0.9628556879689668,1,5594.0,51341.450907948965,57356.0,30313.666666666668,16899.746375480183,0,0.0,1,0.0,0.0,False
67.672926,68.072926,H1,0.82488619196602,1,-5273.0,41480.88669495868,56160.0,41203.333333333336,12602.554630796973,0,0.0,1,0.0,0.0,False
67.872926,68.272926,H1,0.9628556879689668,1,4217.714285714285,44637.02923331156,58350.0,36860.42857142857,15613.856985357068,0,0.0,1,0.0,0.0,False
68.072926,68.472926,H1,0.9628556879689668,1,4384.571428571428,44898.63552128806,58350.0,36524.42857142857,15406.019963054729,0,0.0,1,0.0,0.0,False
68.272926,68.672926,H1,0.9628556879689668,1,7181.333333333333,38203.27301277849,57180.0,40412.333333333336,12178.216764188242,0,0.0,1,0.0,0.0,False
68.472926,68.872926,H1,0.9628556879689668,1,592.6666666666666,46775.32284822368,57180.0,35318.333333333336,15735.03189983703,0,0.0,1,0.0,0.0,False
68.672926,69.072926,H1,0.9628556879689668,1,13105.333333333334,48343.94762072658,63736.0,23465.0,16672.656057149383,0,0.0,1,0.0,0.0,False
68.872926,69.272926,H1,0.9628556879689668,1,15347.714285714286,44571.615662611,63736.0,26218.42857142857,16810.13346473016,0,0.0,1,0.0,0.0,False
69.072926,69.472926,H1,0.82488619196602,1,-15.142857142857142,40021.4913816085,57332.0,40998.42857142857,11480.688068692236,0,0.0,1,0.0,0.0,False
69.272926,69.672926,H1,0.9628556879689668,1,7601.333333333333,38763.15093258316,59640.0,40094.333333333336,12868.698492422956,0,0.0,1,0.0,0.0,False
69.472926,69.872926,H1,0.9628556879689668,1,6911.0,43153.4849847997,59640.0,28927.33333333333,17239.326917126305,0,0.0,1,0.0,0.0,False
69.672926,70.072926,H1,0.9628556879689668,1,12422.666666666666,46673.44107972137,58386.0,23517.0,15890.298172155237,0,0.0,1,0.0,0.0,False
69.872926,70.272926,H1,0.9628556879689668,1,24288.0,41003.987652770695,59904.0,16926.14285714286,11666.812558077125,0,0.0,1,0.0,0.0,False
70.072926,70.472926,H1,0.9628556879689668,1,13735.714285714286,36239.480640059184,59904.0,27397.85714285714,17900.95128700125,0,0.0,1,0.0,0.0,False
70.272926,70.672926,H1,0.9628556879689668,1,6266.333333333333,38262.74160619208,57298.0,41579.333333333336,12361.553970094355,0,0.0,1,0.0,0.0,False
70.472926,70.872926,H1,0.9628556879689668,1,1072.3333333333333,46786.628280833495,57456.0,34794.666666666664,15663.339763778207,0,0.0,1,0.0,0.0,False
70.672926,71.072926,H1,0.9628556879689668,1,11930.666666666666,46996.16867599126,58220.0,23981.0,15647.681574810584,0,0.0,1,0.0,0.0,False
70.872926,71.272926,H1,0.9628556879689668,1,23438.571428571428,42191.344971813975,59840.0,17664.714285714286,12517.325932074946,0,0.0,1,0.0,0.0,False
71.072926,71.472926,H1,0.9628556879689668,1,14473.142857142857,44802.93263178386,59840.0,26526.14285714286,17458.46924584636,0,0.0,1,0.0,0.0,False
71.272926,71.672926,H1,0.9628556879689668,1,13261.333333333334,42386.67156338443,59468.0,34451.666666666664,15771.473263106682,0,0.0,1,0.0,0.0,False
71.472926,71.872926,H1,0.9628556879689668,1,1625.0,46875.451084051805,59126.0,34302.0,15679.524727065762,0,0.0,1,0.0,0.0,False
71.672926,72.072926,H1,0.9628556879689668,1,7072.0,51852.79332880728,59682.0,28972.33333333333,17379.492269786122,0,0.0,1,0.0,0.0,False
71.872926,72.272926,H1,0.9628556879689668,1,19124.85714285714,47429.716963790815,60264.0,22183.571428571428,15940.798535806907,0,0.0,1,0.0,0.0,False
72.072926,72.472926,H1,0.9628556879689668,1,4566.285714285715,48515.02414043446,60264.0,26659.85714285714,16899.45422135259,0,0.0,1,0.0,0.0,False
72.272926,72.672926,H1,0.9628556879689668,1,1116.0,47290.07601319048,58422.0,34983.0,15866.52845878182,0,0.0,1,0.0,0.0,False
72.472926,72.872926,H1,0.9628556879689668,1,6436.333333333333,43752.83183850948,58832.0,29896.666666666668,16873.208997961498,0,0.0,1,0.0,0.0,False
72.672926,73.072926,H1,0.9628556879689668,1,17594.0,42176.393002089055,58832.0,18869.0,12740.033176304263,0,0.0,1,0.0,0.0,False
72.872926,73.272926,H1,0.9628556879689668,1,19073.14285714286,47283.65205688679,60124.0,22324.42857142857,15487.740173229578,0,0.0,1,0.0,0.0,False
73.072926,73.472926,H1,0.9628556879689668,1,4600.857142857143,48817.86529958232,60124.0,26697.85714285714,17263.14389036921,0,0.0,1,0.0,0.0,False
73.272926,73.672926,H1,0.9628556879689668,1,1099.3333333333333,38111.28950265991,58062.0,34945.0,16083.024218100276,0,0.0,1,0.0,0.0,False
73.472926,73.872926,H1,0.9628556879689668,1,1326.6666666666667,38541.19343709475,59298.0,34751.0,16493.173860721894,0,0.0,1,0.0,0.0,False
73.672926,74.072926,H1,0.9628556879689668,1,17949.0,41749.42665873788,59298.0,17984.0,12863.579893119437,0,0.0,1,0.0,0.0,False
73.872926,74.272926,H1,0.9628556879689668,1,23983.14285714286,41437.47787218912,59926.0,16967.571428571428,12316.64953116185,0,0.0,1,0.0,0.0,False
74.072926,74.472926,H1,0.9628556879689668,1,9733.714285714286,41168.2539333206,59926.0,31441.0,17600.42119625875,0,0.0,1,0.0,0.0,False
74.272926,74.672926,H1,0.9628556879689668,1,7109.0,38890.30307158842,60090.0,40464.0,13501.2567686617,0,0.0,1,0.0,0.0,False
74.472926,74.872926,H1,0.82488619196602,1,-4528.666666666667,42088.00067583264,60090.0,40281.66666666666,13418.18172812132,0,0.0,1,0.0,0.0,False
74.672926,75.072926,H1,0.82488619196602,1,-4718.666666666667,36534.098185424285,58066.0,29001.666666666668,17184.271283809376,0,0.0,1,0.0,0.0,False
74.872926,75.272926,H1,0.9628556879689668,1,19130.85714285714,33749.362319599335,58760.0,12054.714285714286,563.9021481188569,0,0.0,1,0.0,0.0,False
75.072926,75.472926,H1,0.9628556879689668,1,19357.14285714286,38072.30172571496,58760.0,21907.85714285714,14978.497763971727,0,0.0,1,0.0,0.0,False
75.272926,75.672926,H1,0.9628556879689668,1,13362.666666666666,42588.745659961496,59838.0,34572.333333333336,15813.846070945408,0,0.0,1,0.0,0.0,False
75.472926,75.872926,H1,0.82488619196602,1,-3848.3333333333335,42645.6132861934,59838.0,40413.333333333336,13137.41432787374,0,0.0,1,0.0,0.0,False
75.672926,76.072926,H1,0.9628556879689668,1,7301.333333333333,43896.9603149112,59498.0,29079.666666666668,17454.496256138576,0,0.0,1,0.0,0.0,False
75.872926,76.272926,H1,0.9628556879689668,1,13799.42857142857,44039.055091904,59498.0,27271.85714285714,17385.93191083421,0,0.0,1,0.0,0.0,False
76.072926,76.472926,H1,0.82488619196602,1,-1173.142857142857,43560.77275789889,57820.0,32561.571428571428,16562.76514920607,0,0.0,1,0.0,0.0,False
76.272926,76.672926,H1,0.9628556879689668,1,12819.0,47217.809348451,59832.0,23535.33333333333,15769.987462124234,0,0.0,1,0.0,0.0,False
76.472926,76.872926,H1,0.9628556879689668,1,6720.0,51872.88217684972,59832.0,29652.33333333333,17447.566732610278,0,0.0,1,0.0,0.0,False
76.672926,77.072926,H1,0.9557398064344804,1,179.0,47402.38656087546,58292.0,36246.0,16359.987398120657,0,0.0,1,0.0,0.0,False
76.872926,77.272926,H1,0.9628556879689668,1,18028.571428571428,38803.91171318812,58292.0,23351.85714285714,15612.787720588638,0,0.0,1,0.0,0.0,False
77.072926,77.472926,H1,0.9628556879689668,1,3846.0,40267.02240933995,57306.0,27574.42857142857,16054.306505973876,0,0.0,1,0.0,0.0,False
77.272926,77.672926,H1,0.82488619196602,1,-4387.0,42386.19282659547,60254.0,40696.0,13348.496681898929,0,0.0,1,0.0,0.0,False
77.472926,77.872926,H1,0.9628556879689668,1,1385.0,47956.30284262261,60254.0,35148.666666666664,16965.629781675918,0,0.0,1,0.0,0.0,False
77.672926,78.072926,H1,0.9628556879689668,1,1489.3333333333333,47691.17432910296,59724.0,34969.0,16584.342776647296,0,0.0,1,0.0,0.0,False
77.872926,78.272926,H1,0.9628556879689668,1,9982.285714285714,48765.234658995934,60470.0,31146.714285714286,17574.911060244664,0,0.0,1,0.0,0.0,False
78.072926,78.472926,H1,0.9628556879689668,1,10067.142857142857,44978.73205171075,60470.0,21274.42857142857,15743.071681193083,0,0.0,1,0.0,0.0,False
78.272926,78.672926,H1,0.9765753791380858,1,1993.5,34285.33208968523,59788.0,11562.25,630.4846845879763,2,0.0,1,0.0,0.0,True
78.472926,78.872926,H1,0.8878506094928122,1,-13375.444444444443,27604.49479145304,59788.0,11361.0,0.0,4,0.0,1,0.0,0.0,True
78.672926,79.072926,H1,0.8419689944427461,1,-18929.75,9767.904070858804,31199.0,3811.125,9746.84671364924,1,0.0,1,0.0,0.0,True
78.872926,79.272926,H1,0.9002597133326941,1,85.25,30470.69686908227,79009.0,-6255.375,6658.363893207926,0,0.0,1,0.0,0.0,True
79.072926,79.472926,H1,0.9765753791380858,1,2791.375,29979.049067379958,79009.0,-7600.125,3687.62452120264,2,0.0,1,0.0,0.0,True
79.272926,79.672926,H1,0.8419689944427461,1,-8178.0,8904.275104850318,20875.0,-7718.428571428572,4051.9401299040105,1,0.0,1,0.0,0.0,True
79.472926,79.872926,H1,0.82488619196602,1,-8010.666666666667,1976.0859180601324,10976.0,-9834.0,692.4045060511954,0,0.0,1,0.0,0.0,True
79.672926,80.072926,H1,0.9654642680269748,1,2601.875,29782.31164818096,81245.0,-10078.5,239.44049365134543,1,0.0,1,0.0,0.0,True
79.872926,80.272926,H1,0.9765753791380858,1,9900.818181818182,34851.73684681539,81245.0,-8894.818181818182,3456.9444421386147,4,0.0,1,0.0,0.0,True
80.072926,80.472926,H1,0.9765753791380858,1,4207.777777777777,29005.31128288893,80953.0,-8621.222222222223,3781.694440261689,3,0.0,1,0.0,0.0,True
80.272926,80.672926,H1,0.82488619196602,1,-8241.0,2124.797323667993,11314.0,-10449.0,674.8439325750312,0,0.0,1,0.0,0.0,True
80.472926,80.872926,H1,0.976658036702059,1,6010.25,29416.878304597514,81727.0,-11002.0,0.0,2,0.0,1,0.0,0.0,True
80.672926,81.072926,H1,0.976658036702059,1,17854.923076923078,35841.42820699476,81727.0,-11002.0,0.0,6,0.0,1,0.0,0.0,True
80.872926,81.272926,H1,0.9765753791380858,1,10200.25,45953.06747310238,82027.0,-2848.6666666666665,17738.997568132825,5,0.0,1,0.0,0.0,True
81.072926,81.472926,H1,0.8419689944427461,1,-8442.142857142857,42108.1624982567,82027.0,2748.0,21551.240434966017,1,0.0,1,0.0,0.0,True
81.272926,81.672926,H1,0.8419689944427461,1,-1394.2857142857142,37429.618755793934,81709.0,-4345.0,16639.04926027068,1,0.0,1,0.0,0.0,True
81.472926,81.872926,H1,0.8419689944427461,1,-1625.7142857142858,37463.67234197602,81709.0,-3401.5714285714284,16268.402642257544,1,0.0,1,0.0,0.0,True
81.672926,82.072926,H1,0.82488619196602,1,-7895.714285714285,1556.1492504884995,10486.0,-9744.57142857143,666.0645307953828,0,0.0,1,0.0,0.0,True
81.872926,82.272926,H1,0.82488619196602,1,-8345.714285714286,1441.1830174533416,10486.0,-9710.57142857143,658.1781906233638,0,0.0,1,0.0,0.0,True
82.072926,82.472926,H1,0.82488619196602,1,-8368.0,1630.9706721254474,10896.0,-10092.666666666666,1113.1299215375634,0,0.0,1,0.0,0.0,True
82.272926,82.672926,H1,0.82488619196602,1,-8645.666666666666,1532.510975128364,10896.0,-10538.333333333334,805.9465794262601,0,0.0,1,0.0,0.0,True
82.472926,82.872926,H1,0.82488619196602,1,-9197.0,982.6771256793012,10918.0,-10628.333333333334,744.2216665005722,0,0.0,1,0.0,0.0,True
82.672926,83.072926,H1,0.82488619196602,1,-9117.142857142857,1050.7259298179697,10918.0,-11385.42857142857,476.25289114768697,0,0.0,1,0.0,0.0,True
82.872926,83.272926,H1,0.82488619196602,1,-9435.42857142857,1051.3418442492373,10986.0,-11408.857142857143,331.91712759638773,0,0.0,1,0.0,0.0,True
83.072926,83.472926,H1,0.82488619196602,1,-9039.333333333334,2524.5275905712647,11322.0,-10835.333333333334,1248.405204873624,0,0.0,1,0.0,0.0,True
83.272926,83.672926,H1,0.82488619196602,1,-8174.666666666667,2540.995517946111,11322.0,-10399.333333333334,1261.0110581945305,0,0.0,1,0.0,0.0,True
83.472926,83.872926,H1,0.82488619196602,1,-7419.666666666667,1719.1344398336687,9756.0,-10378.333333333334,461.7638886800146,0,0.0,1,0.0,0.0,True
83.672926,84.072926,H1,0.8419689944427461,1,-2676.0,34925.428132665744,81189.0,-4412.625,15467.18150583276,1,0.0,1,0.0,0.0,True
83.872926,84.272926,H1,0.8419689944427461,1,-3437.5,35087.145438180065,81189.0,-3914.625,15295.900406134157,1,0.0,1,0.0,0.0,True
84.072926,84.472926,H1,0.82488619196602,1,-8711.0,2709.6291874227613,13328.0,-10123.666666666666,1296.716065897063,0,0.0,1,0.0,0.0,True
84.272926,84.672926,H1,0.82488619196602,1,-7474.666666666667,1814.8596517514943,10632.0,-11446.666666666666,594.6177109893569,0,0.0,1,0.0,0.0,True
84.472926,84.872926,H1,0.976041804668321,1,6888.75,29404.88185127599,82519.0,-11778.0,0.0,1,0.0,1,0.0,0.0,True
84.672926,85.072926,H1,0.9765753791380858,1,2996.1111111111118,29295.05303495776,82519.0,-9783.222222222224,4400.162112614028,2,0.0,1,0.0,0.0,True
84.872926,85.272926,H1,0.82488619196602,1,-10743.285714285714,3868.950788531903,17959.0,-8401.0,4525.299958487361,0,0.0,1,0.0,0.0,True
85.072926,85.472926,H1,0.82488619196602,1,-8675.666666666666,2069.171304867939,11420.0,-9728.333333333334,642.6823130875438,0,0.0,1,0.0,0.0,True
85.272926,85.672926,H1,0.976658036702059,1,14089.0,35894.196141809145,80467.0,-9574.0,0.0,2,0.0,1,0.0,0.0,True
85.472926,85.872926,H1,0.976658036702059,1,19013.166666666668,36301.28753187994,80555.0,-9574.0,0.0,5,0.0,1,0.0,0.0,True
85.672926,86.072926,H1,0.9765753791380858,1,3090.4,27570.04102717296,80555.0,-8463.5,3542.691385091284,3,0.0,1,0.0,0.0,True
85.872926,86.272926,H1,0.82488619196602,1,-10965.57142857143,5403.032160797513,22443.0,-8816.42857142857,4551.960201217646,0,0.0,1,0.0,0.0,True
86.072926,86.472926,H1,0.976041804668321,1,5505.75,29760.595091286395,81817.0,-11508.0,0.0,1,0.0,1,0.0,0.0,True
86.272926,86.672926,H1,0.976658036702059,1,20864.81818181818,38426.54622858853,82921.0,-11508.0,0.0,4,0.0,1,0.0,0.0,True
86.472926,86.872926,H1,0.976658036702059,1,19762.5,37333.67554344647,82921.0,-11508.0,0.0,5,0.0,1,0.0,0.0,True
86.672926,87.072926,H1,0.9765753791380858,1,7453.181818181818,39087.7877018064,82677.0,-6856.636363636364,13829.398713496532,4,0.0,1,0.0,0.0,True
86.872926,87.272926,H1,0.8419689944427461,1,-2197.25,35510.531869960774,82677.0,-4234.375,15560.04522758128,1,0.0,1,0.0,0.0,True
87.072926,87.472926,H1,0.82488619196602,1,-7664.333333333333,1630.9475432670692,9932.0,-9381.666666666666,767.5835821300216,0,0.0,1,0.0,0.0,True
87.272926,87.672926,H1,0.82488619196602,1,-8886.666666666666,1620.5355767632982,11698.0,-9674.0,588.4997875955437,0,0.0,1,0.0,0.0,True
87.472926,87.872926,H1,0.82488619196602,1,-8032.0,1915.0122715011516,11698.0,-10316.666666666666,726.0602974654072,0,0.0,1,0.0,0.0,True
87.672926,88.072926,H1,0.82488619196602,1,-8461.142857142857,1870.7901637368884,11558.0,-10619.714285714286,886.3204377466126,0,0.0,1,0.0,0.0,True
87.872926,88.272926,H1,0.82488619196602,1,-9206.57142857143,2736.9895274679784,11784.0,-10358.857142857143,1210.2542151573457,0,0.0,1,0.0,0.0,True
88.072926,88.472926,H1,0.82488619196602,1,-8463.333333333334,2760.768653030448,11784.0,-10068.666666666666,1129.9024540001476,0,0.0,1,0.0,0.0,True
88.272926,88.672926,H1,0.82488619196602,1,-8451.333333333334,1319.201105046367,10076.0,-10229.333333333334,743.3820611831368,0,0.0,1,0.0,0.0,True
88.472926,88.872926,H1,0.82488619196602,1,-8877.0,2065.353157856221,12148.0,-10402.333333333334,754.6331706347278,0,0.0,1,0.0,0.0,True
88.672926,89.072926,H1,0.82488619196602,1,-7732.0,2401.0043136749496,12148.0,-10714.0,740.8481625812404,0,0.0,1,0.0,0.0,True
88.872926,89.272926,H1,0.9765753791380858,1,1961.111111111111,29655.697441898614,81581.0,-8081.555555555556,5632.025846514065,2,0.0,1,0.0,0.0,True
89.072926,89.472926,H1,0.9765753791380858,1,2375.5,31494.274975779328,81581.0,-7491.25,5753.643166507634,2,0.0,1,0.0,0.0,True
89.272926,89.672926,H1,0.82488619196602,1,-7903.666666666667,1965.227863520044,9858.0,-10207.666666666666,725.466669729829,0,0.0,1,0.0,0.0,True
89.472926,89.872926,H1,0.82488619196602,1,-7386.666666666667,2270.662654136208,10800.0,-9980.0,587.7618565371523,0,0.0,1,0.0,0.0,True
89.672926,90.072926,H1,0.976658036702059,1,11911.7,35283.71874122681,81511.0,-10066.0,0.0,3,0.0,1,0.0,0.0,True
89.872926,90.272926,H1,0.9765753791380858,1,10633.545454545454,34598.265341077,81511.0,-9057.727272727272,3486.6421484107573,4,0.0,1,0.0,0.0,True
90.072926,90.472926,H1,0.8419689944427461,1,-7480.0,9244.080808820312,21619.0,-8545.57142857143,4311.618451749805,1,0.0,1,0.0,0.0,True
90.272926,90.672926,H1,0.82488619196602,1,-9056.333333333334,1362.3853672470536,11128.0,-10283.666666666666,477.3627784214247,0,0.0,1,0.0,0.0,True
90.472926,90.872926,H1,0.976041804668321,1,5670.75,29194.404612656515,80797.0,-10352.0,0.0,1,0.0,1,0.0,0.0,True
90.672926,91.072926,H1,0.9765753791380858,1,10923.545454545454,34154.25139346395,80949.0,-9236.454545454546,3461.1554393304286,4,0.0,1,0.0,0.0,True
90.872926,91.272926,H1,0.9765753791380858,1,1959.888888888889,29052.342661113675,80949.0,-8788.333333333334,3750.393460839957,2,0.0,1,0.0,0.0,True
91.072926,91.472926,H1,0.82488619196602,1,-8242.0,2554.596380383145,11974.0,-10314.666666666666,811.5603626485354,0,0.0,1,0.0,0.0,True
91.272926,91.672926,H1,0.976658036702059,1,14468.555555555557,36535.84583851594,82111.0,-10878.0,0.0,2,0.0,1,0.0,0.0,True
91.472926,91.872926,H1,0.976658036702059,1,19718.5,36731.16062577749,82111.0,-10878.0,0.0,5,0.0,1,0.0,0.0,True
91.672926,92.072926,H1,0.9765753791380858,1,12312.545454545454,33746.83472931845,82335.0,-10345.09090909091,908.0894483920578,3,0.0,1,0.0,0.0,True
91.872926,92.272926,H1,0.9654642680269748,1,3001.875,30095.658750214705,82335.0,-9802.5,1022.9011438061842,1,0.0,1,0.0,0.0,True
92.072926,92.472926,H1,0.82488619196602,1,-8450.666666666666,2674.8319988781022,12154.0,-10364.666666666666,1113.0909915885384,0,0.0,1,0.0,0.0,True
92.272926,92.672926,H1,0.82488619196602,1,-7992.333333333333,2806.958595269185,12154.0,-10563.666666666666,1150.4019104450217,0,0.0,1,0.0,0.0,True
92.472926,92.872926,H1,0.82488619196602,1,-7643.0,1781.942292369013,10110.0,-9989.666666666666,940.3371144908028,0,0.0,1,0.0,0.0,True
92.672926,93.072926,H1,0.82488619196602,1,-7611.142857142857,1055.8857390255591,9220.0,-9798.857142857143,329.45471337236216,0,0.0,1,0.0,0.0,True
92.872926,93.272926,H1,0.82488619196602,1,-8746.0,1976.2914764781028,11910.0,-10166.285714285714,787.1376198944256,0,0.0,1,0.0,0.0,True
93.072926,93.472926,H1,0.82488619196602,1,-9995.666666666666,2118.619492866889,11958.0,-10559.0,964.0046680384904,0,0.0,1,0.0,0.0,True
93.272926,93.672926,H1,0.82488619196602,1,-8328.333333333334,2469.6567687748748,11958.0,-10618.333333333334,810.4676976221131,0,0.0,1,0.0,0.0,True
93.472926,93.872926,H1,0.82488619196602,1,-7690.0,2240.293135581443,11906.0,-9950.666666666666,861.9633918496127,0,0.0,1,0.0,0.0,True
93.672926,94.072926,H1,0.82488619196602,1,-8803.42857142857,2490.7946441213644,11906.0,-10039.142857142857,1154.8189009007217,0,0.0,1,0.0,0.0,True
93.872926,94.272926,H1,0.82488619196602,1,-8143.428571428572,2552.9742238720514,11778.0,-10171.142857142857,1430.3521473071316,0,0.0,1,0.0,0.0,True
94.072926,94.472926,H1,0.82488619196602,1,-7733.0,2568.874396825712,11246.0,-10191.666666666666,1311.116275884366,0,0.0,1,0.0,0.0,True
94.272926,94.672926,H1,0.82488619196602,1,-9361.0,2282.2572890306064,11606.0,-10598.333333333334,926.6070124683688,0,0.0,1,0.0,0.0,True
94.472926,94.872926,H1,0.82488619196602,1,-9377.333333333334,1566.4982888241177,11606.0,-10772.666666666666,767.7166722749279,0,0.0,1,0.0,0.0,True
94.672926,95.072926,H1,0.82488619196602,1,-8355.142857142857,1995.497748759973,10510.0,-10469.142857142857,966.5951181590872,0,0.0,1,0.0,0.0,True
94.872926,95.272926,H1,0.82488619196602,1,-8178.0,2050.3357216389154,10510.0,-10037.714285714286,824.4017249385355,0,0.0,1,0.0,0.0,True
95.072926,95.472926,H1,0.82488619196602,1,-8427.0,1537.0524822963378,10250.0,-9869.666666666666,534.0192464280249,0,0.0,1,0.0,0.0,True
95.272926,95.672926,H1,0.9628556879689668,1,3975.857142857143,31215.616405110766,80371.0,-9399.142857142857,424.1116526076017,0,0.0,1,0.0,0.0,True
95.472926,95.872926,H1,0.976658036702059,1,13242.0,34342.33678129664,80371.0,-9226.0,0.0,3,0.0,1,0.0,0.0,True
95.672926,96.072926,H1,0.9765753791380858,1,10914.333333333334,32341.63364852734,80131.0,-8314.416666666666,3295.0505170212828,5,0.0,1,0.0,0.0,True
95.872926,96.272926,H1,0.9765753791380858,1,3189.0,28343.94868985853,80131.0,-7987.222222222223,3761.053037464014,2,0.0,1,0.0,0.0,True
96.072926,96.472926,H1,0.82488619196602,1,-8957.666666666666,1964.592041338071,11720.0,-9517.0,520.8861039933138,0,0.0,1,0.0,0.0,True
96.272926,96.672926,H1,0.976658036702059,1,13080.555555555557,37111.713419264,81719.0,-9878.0,0.0,3,0.0,1,0.0,0.0,True
96.472926,96.872926,H1,0.976658036702059,1,23643.46153846154,39223.97011564658,81719.0,-9878.0,0.0,6,0.0,1,0.0,0.0,True
96.672926,97.072926,H1,0.9765753791380858,1,7396.818181818182,38400.30177631937,81063.0,-5663.181818181818,13391.41323805657,4,0.0,1,0.0,0.0,True
96.872926,97.272926,H1,0.82488619196602,1,-15376.714285714286,16094.321595912425,54507.0,-3118.428571428572,16250.28254573829,0,0.0,1,0.0,0.0,True
97.072926,97.472926,H1,0.976041804668321,1,5010.75,29537.251170132608,81017.0,-9560.0,0.0,1,0.0,1,0.0,0.0,True
97.272926,97.672926,H1,0.976658036702059,1,19241.90909090909,38732.549493474646,81633.0,-9560.0,0.0,4,0.0,1,0.0,0.0,True
97.472926,97.872926,H1,0.976658036702059,1,23568.83333333333,41566.56823865653,81633.0,-9560.0,0.0,2,0.0,1,0.0,0.0,True
98.072926,98.472926,H1,0.82488619196602,1,-16388.166666666668,16573.843030678054,53235.0,-2734.5,17557.866287887413,0,0.0,1,0.0,0.0,True
98.272926,98.672926,H1,0.82488619196602,1,-8636.57142857143,2100.138149003051,11778.0,-10538.57142857143,804.9572938348712,0,0.0,1,0.0,0.0,True
98.472926,98.872926,H1,0.82488619196602,1,-8894.666666666666,2196.5836099624244,11778.0,-9566.0,797.6983556875786,0,0.0,1,0.0,0.0,True
98.672926,99.072926,H1,0.82488619196602,1,-9050.666666666666,1609.3980931460749,11276.0,-9528.0,674.0069238022213,0,0.0,1,0.0,0.0,True
98.872926,99.272926,H1,0.82488619196602,1,-8764.0,1852.9061857885124,10822.0,-9924.666666666666,778.3886489979725,0,0.0,1,0.0,0.0,True
99.072926,99.472926,H1,0.82488619196602,1,-8665.142857142857,2030.7433845460512,10836.0,-10500.857142857143,896.6023849704472,0,0.0,1,0.0,0.0,True
99.272926,99.672926,H1,0.82488619196602,1,-8260.285714285714,1710.2318735260696,10836.0,-10687.42857142857,590.4068469267266,0,0.0,1,0.0,0.0,True
99.472926,99.872926,H1,0.9654642680269748,1,5261.0,31414.69444611641,82041.0,-10387.142857142857,51.089357492334855,1,0.0,1,0.0,0.0,True
99.672926,100.072926,H1,0.9765753791380858,1,3947.375,30998.77852407051,82041.0,-8982.125,4308.776405126518,2,0.0,1,0.0,0.0,True
99.872926,100.272926,H1,0.9654642680269748,1,24108.85714285714,75987.63210348035,208604.0,-39376.71428571428,76054.30144445533,1,0.0,1,0.0,0.0,True
100.072926,100.472926,H1,0.9628556879689668,1,28148.285714285717,74580.6939202945,208604.0,-45216.57142857143,74462.95836734079,0,0.0,1,0.0,0.0,True
100.272926,100.672926,H1,0.82488619196602,1,-5473.428571428572,12941.262323692084,25270.0,-13625.714285714286,12182.450066905796,0,0.0,1,0.0,0.0,True
100.472926,100.872926,H1,0.9765753791380858,1,1243.625,30599.35234174696,79309.0,-6805.375,3404.0897805984787,2,0.0,1,0.0,0.0,True
100.672926,101.072926,H1,0.9765753791380858,1,1256.5,30856.73805265229,79309.0,-6272.75,5049.810361538342,2,0.0,1,0.0,0.0,True
100.872926,101.272926,H1,0.82488619196602,1,-10595.833333333334,5598.522079283266,21639.0,-8704.833333333334,4923.872744654918,0,0.0,1,0.0,0.0,True
101.072926,101.472926,H1,0.82488619196602,1,-9009.714285714286,2380.8290101370585,11924.0,-9458.0,1241.0815559710122,0,0.0,1,0.0,0.0,True
101.272926,101.672926,H1,0.976658036702059,1,10088.9,35494.90176757784,80183.0,-8498.0,0.0,2,0.0,1,0.0,0.0,True
101.472926,101.872926,H1,0.976658036702059,1,21386.85714285714,38114.41254744371,80183.0,-8498.0,0.0,2,0.0,1,0.0,0.0,True
102.072926,102.472926,H1,0.976041804668321,1,4871.714285714285,31794.78726689233,80219.0,-8498.0,0.0,1,0.0,1,0.0,0.0,True
102.272926,102.672926,H1,0.9765753791380858,1,15439.666666666666,43475.998366915046,81095.0,-163.55555555555554,17450.87748262477,2,0.0,1,0.0,0.0,True
102.472926,102.872926,H1,0.9628556879689668,1,2798.428571428572,48859.21974073542,81095.0,25776.42857142857,24523.630970131315,0,0.0,1,0.0,0.0,True
102.672926,103.072926,H1,0.82488619196602,1,-978.0,45368.0612766294,60170.0,37578.0,15420.336020982162,0,0.0,1,0.0,0.0,False
103.272926,103.672926,H1,0.8150692548667402,1,-29431.0,1578.9249507180512,31233.0,10895.0,0.0,0,0.0,1,0.0,0.0,True
103.472926,103.872926,H1,0.8150692548667402,1,-29741.666666666668,1138.5146268518272,31233.0,10895.0,0.0,0,0.0,1,0.0,0.0,True
103.672926,104.072926,H1,0.82488619196602,1,-20018.571428571428,10986.919454607863,30369.0,2311.428571428572,9918.613913202977,0,0.0,1,0.0,0.0,True
103.872926,104.272926,H1,0.82488619196602,1,-11139.285714285714,7655.430504163801,29549.0,-6498.714285714285,7115.153581602854,0,0.0,1,0.0,0.0,True
104.072926,104.472926,H1,0.976041804668321,1,4496.75,29094.389299098548,79403.0,-9662.0,0.0,1,0.0,1,0.0,0.0,True
104.272926,104.672926,H1,0.9765753791380858,1,22427.555555555555,36173.352995175606,79403.0,-7094.111111111111,7263.086586667689,2,0.0,1,0.0,0.0,True
104.472926,104.872926,H1,0.9628556879689668,1,18638.4,44773.13276776599,79095.0,6274.8,22202.31825193036,0,0.0,1,0.0,0.0,True
104.872926,105.272926,H1,0.8150692548667402,1,-66177.0,607.2978401630181,66817.0,46911.0,0.0,0,0.0,1,0.0,0.0,True
105.072926,105.472926,H1,0.8579647687296287,1,-40842.375,38047.80218993437,66869.0,46911.0,0.0,2,0.0,1,0.0,0.0,True
105.272926,105.672926,H1,0.8384197001938269,1,-19102.222222222223,39047.4744119337,66869.0,47098.55555555556,757.5984147453659,2,0.0,1,0.0,0.0,True
105.472926,105.872926,H1,0.82488619196602,1,-15446.57142857143,33682.72938914008,46652.0,47059.57142857143,1246.8615293886437,0,0.0,1,0.0,0.0,False
105.672926,106.072926,H1,0.82488619196602,1,-4350.0,41584.47809780311,59134.0,40832.333333333336,13045.663221503492,0,0.0,1,0.0,0.0,False
105.872926,106.272926,H1,0.9628556879689668,1,646.3333333333334,47363.14118829348,59134.0,35564.0,16288.704337669094,0,0.0,1,0.0,0.0,False
106.072926,106.472926,H1,0.9628556879689668,1,6753.333333333333,51741.50563028572,59660.0,29591.0,17417.732803094666,0,0.0,1,0.0,0.0,False
106.272926,106.672926,H1,0.9628556879689668,1,310.57142857142856,44275.48160859991,59660.0,31081.285714285717,16983.74824618511,0,0.0,1,0.0,0.0,False
106.472926,106.872926,H1,0.82488619196602,1,-9616.57142857143,37405.68433065886,60000.0,31089.571428571428,17289.43108092458,0,0.0,1,0.0,0.0,False
106.672926,107.072926,H1,0.9628556879689668,1,7387.0,43518.124909819664,60000.0,28865.33333333333,17632.31463030938,0,0.0,1,0.0,0.0,False
106.872926,107.272926,H1,0.9628556879689668,1,7138.666666666667,43300.436590049394,59458.0,29115.0,17323.67870863461,0,0.0,1,0.0,0.0,False
107.072926,107.472926,H1,0.9628556879689668,1,845.6666666666666,38153.87472532188,58748.0,35594.0,16735.47205787754,0,0.0,1,0.0,0.0,False
107.272926,107.672926,H1,0.82488619196602,1,-5852.857142857143,34273.587862661705,46524.0,46945.857142857145,1149.546920507806,0,0.0,1,0.0,0.0,False
107.472926,107.872926,H1,0.82488619196602,1,-5050.571428571428,39293.39488971631,60010.0,36376.71428571428,16055.120533553736,0,0.0,1,0.0,0.0,False
107.672926,108.072926,H1,0.9628556879689668,1,18813.0,41913.051853410376,60010.0,17822.0,13039.314846519608,0,0.0,1,0.0,0.0,False
107.872926,108.272926,H1,0.9628556879689668,1,12406.666666666666,47609.75204957722,59360.0,23832.33333333333,16303.784127891562,0,0.0,1,0.0,0.0,False
108.072926,108.472926,H1,0.9628556879689668,1,13231.333333333334,48038.91887024751,60384.0,22897.666666666668,16945.425839703435,0,0.0,1,0.0,0.0,False
108.272926,108.672926,H1,0.9628556879689668,1,25425.714285714286,37298.79450259671,60384.0,25705.0,17090.873387362542,0,0.0,1,0.0,0.0,False
108.472926,108.872926,H1,0.9628556879689668,1,10222.857142857143,40426.15429018543,60056.0,31099.285714285717,16565.632976689038,0,0.0,1,0.0,0.0,False
108.672926,109.072926,H1,0.9628556879689668,1,12785.333333333334,46366.09840054357,58742.0,23549.666666666668,15438.500430921247,0,0.0,1,0.0,0.0,False
108.872926,109.272926,H1,0.9628556879689668,1,16581.333333333332,52293.57855628377,84494.0,24031.666666666668,16135.81294994323,0,0.0,1,0.0,0.0,False
109.072926,109.472926,H1,0.9628556879689668,1,16316.0,52519.86402622663,84494.0,24594.33333333333,16603.79637981092,0,0.0,1,0.0,0.0,False
109.272926,109.672926,H1,0.9628556879689668,1,18562.571428571428,46482.51468135132,59302.0,22725.85714285714,15233.457570460503,0,0.0,1,0.0,0.0,False
109.472926,109.872926,H1,0.9628556879689668,1,4345.428571428572,48186.82248693884,60048.0,26975.571428571428,16757.120131515465,0,0.0,1,0.0,0.0,False
109.672926,110.072926,H1,0.9628556879689668,1,12604.0,47333.7135383791,60048.0,23835.666666666668,16092.312809399262,0,0.0,1,0.0,0.0,False
109.872926,110.272926,H1,0.9628556879689668,1,6716.0,43098.0151592468,58128.0,29563.0,16671.10610207573,0,0.0,1,0.0,0.0,False
110.072926,110.472926,H1,0.82488619196602,1,-4830.333333333333,41807.935154571904,58154.0,41124.0,12762.94390021362,0,0.0,1,0.0,0.0,False
110.272926,110.672926,H1,0.82488619196602,1,-736.2857142857143,40035.661837610605,58154.0,41920.142857142855,11957.782635213787,0,0.0,1,0.0,0.0,False
110.472926,110.872926,H1,0.82488619196602,1,-5661.714285714285,39155.49121028068,58440.0,36916.42857142857,15613.961104977658,0,0.0,1,0.0,0.0,False
110.672926,111.072926,H1,0.9628556879689668,1,18049.33333333333,42305.12004736805,59028.0,18275.666666666668,13548.502434668646,0,0.0,1,0.0,0.0,False
110.872926,111.272926,H1,0.9628556879689668,1,12735.333333333334,47088.32157646829,59028.0,23621.666666666668,16031.442009029908,0,0.0,1,0.0,0.0,False
111.072926,111.472926,H1,0.82488619196602,1,-4576.666666666667,41759.673732229065,58124.0,40779.66666666666,12613.493392219129,0,0.0,1,0.0,0.0,False
111.272926,111.672926,H1,0.82488619196602,1,-218.0,39931.00433783968,57610.0,41467.0,11425.518656561222,0,0.0,1,0.0,0.0,False
111.472926,111.872926,H1,0.82488619196602,1,-9747.714285714286,40934.27574509546,57610.0,41082.42857142857,11262.726526748596,0,0.0,1,0.0,0.0,False
111.672926,112.072926,H1,0.9628556879689668,1,1507.0,47118.37884520222,59012.0,34704.0,15810.466607071829,0,0.0,1,0.0,0.0,False
111.872926,112.272926,H1,0.9628556879689668,1,11115.666666666666,67662.4332345669,110558.0,34049.333333333336,23372.886326301727,0,0.0,1,0.0,0.0,False
112.072926,112.472926,H1,0.9628556879689668,1,14736.333333333334,77584.41813849537,110558.0,37772.0,26315.25151567686,0,0.0,1,0.0,0.0,False
112.272926,112.672926,H1,0.9628556879689668,1,17411.14285714286,61999.34362654534,101036.0,30145.85714285714,21577.26422105699,0,0.0,1,0.0,0.0,False
112.472926,112.872926,H1,0.8458311998169855,1,71.14285714285714,51128.95037739263,59816.0,31155.0,16982.33132237318,0,0.0,1,0.0,0.0,False
112.672926,113.072926,H1,0.82488619196602,1,-4218.666666666667,41972.755046842256,59602.0,40325.66666666666,13241.927033311864,0,0.0,1,0.0,0.0,False
112.872926,113.272926,H1,0.82488619196602,1,-2239.333333333333,51451.85377504768,85848.0,43087.0,14660.226646724575,0,0.0,1,0.0,0.0,False
113.072926,113.472926,H1,0.9628556879689668,1,3633.6666666666665,55732.98030689628,85848.0,37326.66666666666,18449.59766197867,0,0.0,1,0.0,0.0,False
113.272926,113.672926,H1,0.9628556879689668,1,4133.428571428572,44954.68469742501,59200.0,37113.28571428572,15759.437641474082,0,0.0,1,0.0,0.0,False
113.472926,113.872926,H1,0.82488619196602,1,-601.4285714285714,44446.46227559992,59844.0,31846.42857142857,17157.5113651397,0,0.0,1,0.0,0.0,False
113.672926,114.072926,H1,0.9628556879689668,1,13042.666666666666,47285.58264653426,59844.0,23103.666666666668,15947.567282260396,0,0.0,1,0.0,0.0,False
113.872926,114.272926,H1,0.9628556879689668,1,13104.0,46461.19843482301,59046.0,23345.0,15782.341017732446,0,0.0,1,0.0,0.0,False
114.072926,114.472926,H1,0.9628556879689668,1,12357.0,46436.490690691375,57920.0,24079.33333333333,15849.1400152255,0,0.0,1,0.0,0.0,False
114.272926,114.672926,H1,0.9628556879689668,1,19431.42857142857,46676.486129396624,60272.0,21584.42857142857,15700.158714913345,0,0.0,1,0.0,0.0,False
114.472926,114.872926,H1,0.9628556879689668,1,4926.571428571428,49155.35602514932,60272.0,26085.85714285714,17810.479254228565,0,0.0,1,0.0,0.0,False
114.672926,115.072926,H1,0.9628556879689668,1,770.6666666666666,48342.05044150371,59830.0,35208.333333333336,17084.191432107313,0,0.0,1,0.0,0.0,False
114.872926,115.272926,H1,0.9628556879689668,1,8913.666666666666,46183.0840664511,70290.0,28807.33333333333,18236.78357666785,0,0.0,1,0.0,0.0,False
115.072926,115.472926,H1,0.9628556879689668,1,20917.0,44197.34496927766,70290.0,17598.0,12798.269192876563,0,0.0,1,0.0,0.0,False
115.272926,115.672926,H1,0.9628556879689668,1,9611.42857142857,44805.34398885008,62260.0,22374.14285714286,14748.53937008748,0,0.0,1,0.0,0.0,False
115.472926,115.872926,H1,0.709620808004219,1,19187.42857142857,153421.52933187247,368772.0,61611.857142857145,65913.97129035168,0,0.0,1,0.0,0.0,False
115.672926,116.072926,H1,0.709620808004219,1,35721.666666666664,162415.88734035703,368772.0,69898.0,67911.99690530877,0,0.0,1,0.0,0.0,False
115.872926,116.272926,H1,0.709620808004219,1,45396.66666666666,270475.4032653534,588904.0,79709.66666666667,105380.0445667437,0,0.0,1,0.0,0.0,False
116.072926,116.472926,H1,0.709620808004219,1,56844.66666666666,268665.9293439014,588904.0,68873.0,109789.26903846295,0,0.0,1,0.0,0.0,False
116.272926,116.672926,H1,0.9628556879689668,1,14407.142857142857,44266.85194986222,60136.0,27562.42857142857,16482.720292624574,0,0.0,1,0.0,0.0,False
116.472926,116.872926,H1,0.82488619196602,1,-10495.714285714286,41307.243853536274,58286.0,42037.857142857145,11993.538301084956,0,0.0,1,0.0,0.0,False
116.672926,117.072926,H1,0.82488619196602,1,-4489.333333333333,41798.13915581516,58668.0,41036.333333333336,12883.750420156735,0,0.0,1,0.0,0.0,False
116.872926,117.272926,H1,0.9628556879689668,1,4862.666666666667,57679.10420786909,93018.0,37454.333333333336,18765.244635288454,0,0.0,1,0.0,0.0,False
117.072926,117.472926,H1,0.9628556879689668,1,4572.666666666667,66601.24309817514,93018.0,43533.0,22825.70104071286,0,0.0,1,0.0,0.0,False
117.272926,117.672926,H1,0.9628556879689668,1,19293.14285714286,52711.566969766354,92994.0,36884.42857142857,22485.13285870176,0,0.0,1,0.0,0.0,False
117.472926,117.872926,H1,0.9628556879689668,1,14586.0,39835.68723070881,58896.0,36512.71428571428,15770.769251229003,0,0.0,1,0.0,0.0,False
117.672926,118.072926,H1,0.9628556879689668,1,1669.6666666666667,37154.52947563131,57358.0,34662.666666666664,15851.008439703626,0,0.0,1,0.0,0.0,False
117.872926,118.272926,H1,0.9628556879689668,1,2129.333333333333,42655.14602275114,60728.0,23248.33333333333,16042.053678448472,0,0.0,1,0.0,0.0,False
118.072926,118.472926,H1,0.82488619196602,1,-9190.0,35200.29640026724,60728.0,22951.666666666668,16735.57630385707,0,0.0,1,0.0,0.0,False
118.272926,118.672926,H1,0.8458311998169855,1,69.14285714285714,39619.56665021742,58406.0,21245.571428571428,15643.028815757269,0,0.0,1,0.0,0.0,False
118.472926,118.872926,H1,0.9628556879689668,1,9547.714285714286,40588.161052610565,58406.0,31471.0,17045.29870668156,0,0.0,1,0.0,0.0,False
118.672926,119.072926,H1,0.9628556879689668,1,6764.333333333333,39095.03459378044,59050.0,40781.333333333336,13221.827378324911,0,0.0,1,0.0,0.0,False
118.872926,119.272926,H1,0.9628556879689668,1,95235.0,223152.31604967345,587458.0,29072.0,17720.36398234152,0,0.0,1,0.0,0.0,False
119.072926,119.472926,H1,0.9628556879689668,1,101155.66666666669,221718.4255684573,587458.0,23412.0,16977.592870211804,0,0.0,1,0.0,0.0,False
119.272926,119.672926,H1,0.9628556879689668,1,10026.285714285714,48814.91665966251,60586.0,31137.0,17428.238497991046,0,0.0,1,0.0,0.0,False
119.472926,119.872926,H1,0.9628556879689668,1,5061.714285714285,40520.26494665279,60586.0,26106.14285714286,16820.772629006515,0,0.0,1,0.0,0.0,False
119.672926,120.072926,H1,0.9628556879689668,1,23706.666666666668,34247.536897645,59246.0,12455.0,1238.28591205747,0,0.0,1,0.0,0.0,False
119.872926,120.272926,H1,0.9628556879689668,1,12739.0,47601.01106419205,61018.0,24081.33333333333,15809.97159671354,0,0.0,1,0.0,0.0,False
120.072926,120.472926,H1,0.9628556879689668,1,7957.333333333333,53988.4409068789,67624.0,30533.0,17610.527798261282,0,0.0,1,0.0,0.0,False
120.272926,120.672926,H1,0.9628556879689668,1,20394.0,48464.52107912108,67624.0,22060.714285714286,16607.617509653173,0,0.0,1,0.0,0.0,False
120.472926,120.872926,H1,0.9628556879689668,1,10129.714285714286,44543.62257932999,60370.0,20986.14285714286,15401.91286291202,0,0.0,1,0.0,0.0,False
120.672926,121.072926,H1,0.9628556879689668,1,6541.0,38371.86694702253,58084.0,18122.0,12364.271308896452,0,0.0,1,0.0,0.0,False
120.872926,121.272926,H1,0.9628556879689668,1,6847.666666666667,38255.54987914245,58690.0,18080.0,12337.040042084647,0,0.0,1,0.0,0.0,False
121.072926,121.472926,H1,0.9628556879689668,1,8115.0,44569.31329588405,58690.0,29631.33333333333,17459.102932917896,0,0.0,1,0.0,0.0,False
121.272926,121.672926,H1,0.9628556879689668,1,19553.14285714286,39677.682793186585,58152.0,22761.571428571428,15834.38705437489,0,0.0,1,0.0,0.0,False
121.472926,121.872926,H1,0.9628556879689668,1,14166.285714285714,35270.17089234911,58022.0,27601.571428571428,17106.156342566454,0,0.0,1,0.0,0.0,False
121.672926,122.072926,H1,0.9628556879689668,1,13383.0,43195.86410371561,59518.0,35095.333333333336,16900.890446627032,0,0.0,1,0.0,0.0,False
121.872926,122.272926,H1,0.9628556879689668,1,105506.66666666669,214378.63285525652,577390.0,17163.0,12949.828570293894,0,0.0,1,0.0,0.0,False
122.072926,122.472926,H1,0.9628556879689668,1,115146.66666666669,210065.32553681696,577390.0,11986.333333333334,689.0231410401896,0,0.0,1,0.0,0.0,False
122.272926,122.672926,H1,0.9628556879689668,1,25613.14285714286,42124.1518080901,84432.0,34452.42857142857,20028.459914097548,0,0.0,1,0.0,0.0,False
122.472926,122.872926,H1,0.9628556879689668,1,7484.857142857143,40573.67382720888,59962.0,38725.857142857145,18957.3110165865,0,0.0,1,0.0,0.0,False
122.672926,123.072926,H1,0.9628556879689668,1,12808.0,47058.752313818666,59638.0,23255.666666666668,16340.891108572452,0,0.0,1,0.0,0.0,False
122.872926,123.272926,H1,0.9628556879689668,1,6773.0,52251.64553389682,61596.0,30036.0,17575.91017083705,0,0.0,1,0.0,0.0,False
123.072926,123.472926,H1,0.9628556879689668,1,12175.666666666666,65520.53094429426,118588.0,37693.333333333336,18057.48057054349,0,0.0,1,0.0,0.0,False
123.272926,123.672926,H1,0.9628556879689668,1,13791.42857142857,67561.40372147641,118588.0,38501.57142857143,23929.49896709763,0,0.0,1,0.0,0.0,False
123.472926,123.872926,H1,0.82488619196602,1,-288.2857142857143,50573.39432014846,77664.0,41356.142857142855,20939.59169630973,0,0.0,1,0.0,0.0,False
123.672926,124.072926,H1,0.9628556879689668,1,13512.0,42905.19042415886,59486.0,34142.333333333336,16408.05999772334,0,0.0,1,0.0,0.0,False
123.872926,124.272926,H1,0.9628556879689668,1,96736.33333333331,211833.96340346892,560592.0,23262.0,16418.503372719453,0,0.0,1,0.0,0.0,False
124.072926,124.472926,H1,0.709620808004219,1,136046.66666666666,311802.3641938735,560592.0,64625.0,101069.26359680276,0,0.0,1,0.0,0.0,False
124.272926,124.672926,H1,0.709620808004219,1,48013.71428571428,228515.1732966008,540404.0,72299.28571428571,89667.30413146189,0,0.0,1,0.0,0.0,False
124.472926,124.872926,H1,0.9628556879689668,1,3745.142857142857,31366.43616273644,46046.0,47406.71428571428,693.1447414884291,0,0.0,1,0.0,0.0,False
124.672926,125.072926,H1,0.9628556879689668,1,6673.0,38233.86331077029,58186.0,41075.333333333336,12797.485920636478,0,0.0,1,0.0,0.0,False
124.872926,125.272926,H1,0.9628556879689668,1,7517.666666666667,42891.95947053739,59662.0,28600.0,17594.530049611065,0,0.0,1,0.0,0.0,False
125.072926,125.472926,H1,0.9628556879689668,1,13149.333333333334,47764.39152990669,59662.0,22965.666666666668,16802.61902865807,0,0.0,1,0.0,0.0,False
125.272926,125.672926,H1,0.9628556879689668,1,23892.571428571428,46094.593804037184,59524.0,27122.714285714286,17744.88579614891,0,0.0,1,0.0,0.0,False
125.472926,125.872926,H1,0.9628556879689668,1,14358.57142857143,40339.42255715738,59290.0,36627.57142857143,15848.81723263504,0,0.0,1,0.0,0.0,False
125.672926,126.072926,H1,0.9628556879689668,1,13133.333333333334,42577.0586688288,59372.0,34593.0,16171.996990683205,0,0.0,1,0.0,0.0,False
125.872926,126.272926,H1,0.9628556879689668,1,12843.333333333334,46350.68967004578,59372.0,23089.666666666668,15843.315337671243,0,0.0,1,0.0,0.0,False
126.072926,126.472926,H1,0.9628556879689668,1,12210.0,45657.163848257886,57380.0,23507.666666666668,15316.533274718387,0,0.0,1,0.0,0.0,False
126.272926,126.672926,H1,0.709620808004219,1,46587.42857142857,197813.9158465112,485794.0,70128.42857142857,85416.1870622009,0,0.0,1,0.0,0.0,False
126.472926,126.872926,H1,0.709620808004219,1,37235.42857142857,197928.3979761059,485794.0,79669.57142857143,80249.17075291566,0,0.0,1,0.0,0.0,False
126.672926,127.072926,H1,0.9628556879689668,1,19254.666666666668,37026.75804814075,60312.0,28407.666666666668,17752.415072008906,0,0.0,1,0.0,0.0,False
126.872926,127.272926,H1,0.709620808004219,1,52606.66666666666,245164.75868734115,535298.0,63112.333333333336,100662.0262440388,0,0.0,1,0.0,0.0,False
127.072926,127.472926,H1,0.709620808004219,1,45550.66666666666,305723.84741280635,535298.0,159611.66666666666,136706.37559219965,0,0.0,1,0.0,0.0,False
127.272926,127.672926,H1,0.709620808004219,1,18165.714285714286,172079.9377180885,320114.0,109360.42857142857,121719.8279831388,0,0.0,1,0.0,0.0,False
127.472926,127.872926,H1,0.9628556879689668,1,8329.714285714286,35872.71661111303,56606.0,42553.0,11784.508717561615,0,0.0,1,0.0,0.0,False
127.672926,128.072926,H1,0.9628556879689668,1,12054.666666666666,43522.07486883971,59112.0,35469.666666666664,17058.145802584237,0,0.0,1,0.0,0.0,False
127.872926,128.272926,H1,0.709620808004219,1,46299.66666666666,247103.11574298065,535458.0,69204.0,98555.55641193784,0,0.0,1,0.0,0.0,False
128.072926,128.472926,H1,0.709620808004219,1,40713.0,377951.6785018071,586794.0,163039.33333333334,140009.81525791524,0,0.0,1,0.0,0.0,False
128.272926,128.672926,H1,0.709620808004219,1,14516.857142857143,267756.6261575338,586794.0,111997.28571428572,126092.80438710246,0,0.0,1,0.0,0.0,False
128.472926,128.872926,H1,0.9628556879689668,1,9382.57142857143,35651.102418767776,57454.0,41508.71428571428,11656.252150845126,0,0.0,1,0.0,0.0,False
128.672926,129.072926,H1,0.9628556879689668,1,18043.666666666668,36450.11217937318,59504.0,29362.0,17017.77649988388,0,0.0,1,0.0,0.0,False
128.872926,129.272926,H1,0.9628556879689668,1,7009.666666666667,42867.52275583723,59504.0,28929.33333333333,16572.580021093745,0,0.0,1,0.0,0.0,False
129.072926,129.472926,H1,0.82488619196602,1,-4206.0,40625.00558358936,55982.0,40025.0,11902.656174148691,0,0.0,1,0.0,0.0,False
129.272926,129.672926,H1,0.709620808004219,1,49838.0,195127.6062946648,486298.0,61790.42857142857,82554.97107963386,0,0.0,1,0.0,0.0,False
129.472926,129.872926,H1,0.709620808004219,1,14858.857142857143,212191.180311818,486298.0,97121.0,104211.43229854527,0,0.0,1,0.0,0.0,False
129.672926,130.072926,H1,0.6036581595981191,1,-22642.33333333333,85870.38279808055,189572.0,70414.66666666667,86252.92504734099,0,0.0,1,0.0,0.0,False
129.872926,130.272926,H1,0.709620808004219,1,50337.66666666666,265142.4286867134,578410.0,72350.0,105103.31499212256,0,0.0,1,0.0,0.0,False
130.072926,130.472926,H1,0.709620808004219,1,142802.33333333334,327357.47706427734,578410.0,66738.0,107178.5064258066,0,0.0,1,0.0,0.0,False
130.272926,130.672926,H1,0.709620808004219,1,140607.14285714287,294300.29813073034,586698.0,60415.57142857143,103281.27931991928,0,0.0,1,0.0,0.0,False
130.472926,130.872926,H1,0.709620808004219,1,52090.57142857143,237258.60877884596,586698.0,64736.71428571428,101954.02125287971,0,0.0,1,0.0,0.0,False
130.672926,131.072926,H1,0.9628556879689668,1,13029.666666666666,47928.55761675102,59804.0,23204.666666666668,17052.962535061826,0,0.0,1,0.0,0.0,False
130.872926,131.272926,H1,0.709620808004219,1,45147.333333333336,239887.6525477893,519378.0,68052.33333333333,95432.63493282694,0,0.0,1,0.0,0.0,False
131.072926,131.472926,H1,0.709620808004219,1,122208.33333333331,287712.97870254115,519378.0,61868.66666666666,97666.69676961994,0,0.0,1,0.0,0.0,False
131.272926,131.672926,H1,0.9628556879689668,1,85563.42857142857,166323.13310013403,484024.0,26124.42857142857,17041.455562054238,0,0.0,1,0.0,0.0,False
131.472926,131.872926,H1,0.9628556879689668,1,9382.285714285714,36588.90908346909,59388.0,41513.57142857143,12320.464402855958,0,0.0,1,0.0,0.0,False
131.672926,132.072926,H1,0.9628556879689668,1,620.3333333333334,32349.07560588951,45128.0,47142.0,466.808668871234,0,0.0,1,0.0,0.0,False
131.872926,132.272926,H1,0.82488619196602,1,-10581.666666666666,34305.51179070533,45990.0,47174.66666666666,610.7529960812491,0,0.0,1,0.0,0.0,False
132.072926,132.472926,H1,0.709620808004219,1,44239.0,262662.3255988571,572908.0,78101.33333333333,101342.99720202126,0,0.0,1,0.0,0.0,False
132.272926,132.672926,H1,0.709620808004219,1,84501.71428571429,307410.3120408638,572908.0,106839.85714285714,118005.819531349,0,0.0,1,0.0,0.0,False
132.472926,132.872926,H1,0.709620808004219,1,32354.571428571428,203740.76612826067,492860.0,75437.28571428571,85055.63286917281,0,0.0,1,0.0,0.0,False
132.672926,133.072926,H1,0.9628556879689668,1,12765.333333333334,47787.01242899465,59898.0,23367.666666666668,16791.161074274234,0,0.0,1,0.0,0.0,False
132.872926,133.272926,H1,0.709620808004219,1,45335.333333333336,226837.3800755853,485120.0,67978.33333333333,95340.52930883532,0,0.0,1,0.0,0.0,False
133.072926,133.472926,H1,0.6036581595981191,1,-11400.0,281097.8402359814,485120.0,197525.66666666663,105639.23004052782,0,0.0,1,0.0,0.0,False
133.272926,133.672926,H1,0.6036581595981191,1,-14852.0,159053.0124060169,264436.0,135501.0,118298.5623049941,0,0.0,1,0.0,0.0,False
133.472926,133.872926,H1,0.9628556879689668,1,18940.0,54573.36903655482,110384.0,29249.571428571428,22960.282818424534,0,0.0,1,0.0,0.0,False
133.672926,134.072926,H1,0.9628556879689668,1,13313.666666666666,47449.44409111192,60430.0,22760.0,16566.59151223731,0,0.0,1,0.0,0.0,False
133.872926,134.272926,H1,0.709620808004219,1,52598.333333333336,240792.93507746904,527712.0,61754.66666666666,98068.37947348552,0,0.0,1,0.0,0.0,False
134.072926,134.472926,H1,0.709620808004219,1,135205.33333333334,294896.43417006964,527712.0,56305.66666666666,99685.24046996904,0,0.0,1,0.0,0.0,False
134.272926,134.672926,H1,0.9628556879689668,1,85560.28571428571,183590.34017672087,521898.0,21567.0,15670.040532357098,0,0.0,1,0.0,0.0,False
134.472926,134.872926,H1,0.82488619196602,1,-624.0,51609.69694045601,60362.0,31710.14285714286,17351.9050533246,0,0.0,1,0.0,0.0,False
134.672926,135.072926,H1,0.9628556879689668,1,5764.0,51344.18622070727,57650.0,30254.33333333333,16894.703338291823,0,0.0,1,0.0,0.0,False
134.872926,135.272926,H1,0.709620808004219,1,49428.0,232880.05683899453,508748.0,61409.66666666666,94310.36302666969,0,0.0,1,0.0,0.0,False
135.072926,135.472926,H1,0.709620808004219,1,49114.66666666666,288872.9806556661,508748.0,145859.0,134233.44061745566,0,0.0,1,0.0,0.0,False
135.272926,135.672926,H1,0.709620808004219,1,13341.714285714286,166186.41801277976,303744.0,99617.0,117993.11511633697,0,0.0,1,0.0,0.0,False
135.472926,135.872926,H1,0.9628556879689668,1,9289.142857142857,44344.19334326994,59528.0,21808.42857142857,15451.475924483651,0,0.0,1,0.0,0.0,False
135.672926,136.072926,H1,0.9628556879689668,1,18549.666666666668,42364.21739182989,60656.0,17732.666666666668,13384.701038457632,0,0.0,1,0.0,0.0,False
135.872926,136.272926,H1,0.709620808004219,1,54996.66666666666,257100.93872683975,563166.0,65334.333333333336,105537.26665443295,0,0.0,1,0.0,0.0,False
136.072926,136.472926,H1,0.709620808004219,1,1185.6666666666667,319269.05319999653,563166.0,201370.0,134702.6377160695,0,0.0,1,0.0,0.0,False
136.272926,136.672926,H1,0.709620808004219,1,1059.142857142857,261996.33140911863,479678.0,185389.2857142857,121665.91002027324,0,0.0,1,0.0,0.0,False
136.472926,136.872926,H1,0.709620808004219,1,92712.57142857143,235444.0594153082,479678.0,78630.14285714286,80324.11215894297,0,0.0,1,0.0,0.0,False
136.672926,137.072926,H1,0.9628556879689668,1,71457.0,157619.9003668847,413578.0,40994.66666666666,12835.042574486806,0,0.0,1,0.0,0.0,False
136.872926,137.272926,H1,0.9628556879689668,1,74306.33333333333,178350.0938581817,464554.0,29364.0,18186.412427963907,0,0.0,1,0.0,0.0,False
137.072926,137.472926,H1,0.9628556879689668,1,153023.33333333334,221925.4297060664,464554.0,18296.33333333333,13630.858063803453,0,0.0,1,0.0,0.0,False
137.272926,137.672926,H1,0.9628556879689668,1,81100.85714285714,160746.35551116685,463026.0,18029.85714285714,12363.807035382071,0,0.0,1,0.0,0.0,False
137.472926,137.872926,H1,0.9628556879689668,1,9131.42857142857,44972.28133880165,60016.0,22070.14285714286,16230.645541501966,0,0.0,1,0.0,0.0,False
137.672926,138.072926,H1,0.9628556879689668,1,13082.333333333334,47318.96319541341,60416.0,23085.33333333333,16574.771126289765,0,0.0,1,0.0,0.0,False
137.872926,138.272926,H1,0.9628556879689668,1,78949.0,174722.24123161883,457872.0,24072.0,15985.358790676755,0,0.0,1,0.0,0.0,False
138.072926,138.472926,H1,0.709620808004219,1,101672.33333333331,270397.3283211619,473632.0,59144.0,88756.04001794283,0,0.0,1,0.0,0.0,False
138.272926,138.672926,H1,0.9628556879689668,1,118306.0,256955.122838878,514308.0,47445.857142857145,84981.16429863161,0,0.0,1,0.0,0.0,False
138.472926,138.872926,H1,0.709620808004219,1,118324.85714285714,238842.63872709672,514308.0,56674.42857142857,81554.26656590101,0,0.0,1,0.0,0.0,False
138.672926,139.072926,H1,0.709620808004219,1,53276.0,189839.1239023189,436778.0,63024.333333333336,86513.2621098574,0,0.0,1,0.0,0.0,False
138.872926,139.272926,H1,0.709620808004219,1,38384.66666666666,187328.67995999847,396180.0,60039.0,78892.84208342351,0,0.0,1,0.0,0.0,False
139.072926,139.472926,H1,0.709620808004219,1,28555.0,234391.9063754833,396180.0,137031.33333333334,101949.16201987908,0,0.0,1,0.0,0.0,False
139.272926,139.672926,H1,0.709620808004219,1,26690.285714285717,142484.243854454,247356.0,93092.42857142857,96987.18148417809,0,0.0,1,0.0,0.0,False
139.472926,139.872926,H1,0.709620808004219,1,44148.57142857143,172745.41353006588,402208.0,77998.71428571429,78064.95533064443,0,0.0,1,0.0,0.0,False
139.672926,140.072926,H1,0.709620808004219,1,35544.333333333336,180792.827846006,402208.0,82124.0,80633.70626687907,0,0.0,1,0.0,0.0,False
139.872926,140.272926,H1,0.709620808004219,1,33425.0,201765.2686721214,435354.0,65566.66666666667,76619.27564624685,0,0.0,1,0.0,0.0,False
140.072926,140.472926,H1,0.6036581595981191,1,-3261.6666666666665,256631.34693542196,435354.0,169809.33333333334,100846.5441378908,0,0.0,1,0.0,0.0,False
140.272926,140.672926,H1,0.709620808004219,1,10560.57142857143,224460.45089175648,411618.0,153671.2857142857,102649.55462949,0,0.0,1,0.0,0.0,False
140.472926,140.872926,H1,0.709620808004219,1,36224.857142857145,281210.536097793,487628.0,136473.85714285713,114085.5173122696,0,0.0,1,0.0,0.0,False
140.672926,141.072926,H1,0.709620808004219,1,6575.0,246652.72904700108,487628.0,118634.0,115165.42712550498,0,0.0,1,0.0,0.0,False
140.872926,141.272926,H1,0.709620808004219,1,34058.0,205608.58406204736,443928.0,66325.66666666667,77980.21315407875,0,0.0,1,0.0,0.0,False
141.072926,141.472926,H1,0.709620808004219,1,33525.0,205699.7211527846,443928.0,66756.0,77821.07683440694,0,0.0,1,0.0,0.0,False
141.272926,141.672926,H1,0.9628556879689668,1,79672.28571428571,169574.20242622343,483184.0,36863.0,15894.05240063986,0,0.0,1,0.0,0.0,False
141.472926,141.872926,H1,0.709620808004219,1,74718.85714285714,274577.2631100026,483184.0,104966.14285714286,104003.36471401653,0,0.0,1,0.0,0.0,False
141.672926,142.072926,H1,0.709620808004219,1,18359.33333333333,235181.4842475676,465938.0,102959.66666666669,117495.93146242222,0,0.0,1,0.0,0.0,False
141.872926,142.272926,H1,0.709620808004219,1,41720.333333333336,205880.51597440903,438816.0,63555.333333333336,86086.50210431108,0,0.0,1,0.0,0.0,False
142.072926,142.472926,H1,0.709620808004219,1,41899.66666666666,205971.2159483024,438816.0,63430.0,86159.44491271208,0,0.0,1,0.0,0.0,False
142.272926,142.672926,H1,0.709620808004219,1,49506.28571428572,180254.73085268945,446692.0,62149.0,81866.09306143086,0,0.0,1,0.0,0.0,False
142.472926,142.872926,H1,0.709620808004219,1,4456.0,238889.12491183617,446692.0,168650.7142857143,105106.19401853168,0,0.0,1,0.0,0.0,False
142.672926,143.072926,H1,0.6036581595981191,1,-16988.0,167005.40258726163,259092.0,136405.0,123647.00414755978,0,0.0,1,0.0,0.0,False
142.872926,143.272926,H1,0.709620808004219,1,46310.333333333336,216242.73568196973,470460.0,58289.333333333336,87777.01101781846,0,0.0,1,0.0,0.0,False
143.072926,143.472926,H1,0.709620808004219,1,74154.0,295441.9626322571,470460.0,96855.0,107847.32479451373,0,0.0,1,0.0,0.0,False
143.272926,143.672926,H1,0.709620808004219,1,87117.71428571429,264771.1381928143,483680.0,81831.85714285714,108155.24724795052,0,0.0,1,0.0,0.0,False
143.472926,143.872926,H1,0.709620808004219,1,48689.42857142857,291464.51194067573,483680.0,127855.0,122082.23284795728,0,0.0,1,0.0,0.0,False
143.672926,144.072926,H1,0.709620808004219,1,7488.333333333333,239204.82993010173,473470.0,115646.66666666669,111010.271166931,0,0.0,1,0.0,0.0,False
143.872926,144.272926,H1,0.9628556879689668,1,48121.66666666666,119997.04339922528,303298.0,29357.33333333333,16293.676418237295,0,0.0,1,0.0,0.0,False
144.072926,144.472926,H1,0.9628556879689668,1,126189.33333333331,190314.9202967428,463782.0,18814.33333333333,12279.539495527602,0,0.0,1,0.0,0.0,False
144.272926,144.672926,H1,0.709620808004219,1,116223.42857142857,223092.8917884445,463782.0,51582.142857142855,82120.19075795215,0,0.0,1,0.0,0.0,False
144.472926,144.872926,H1,0.709620808004219,1,44302.57142857143,208541.08851382407,434266.0,125254.42857142857,111157.92583637434,0,0.0,1,0.0,0.0,False
144.672926,145.072926,H1,0.709620808004219,1,13373.0,130248.80488639168,239038.0,104074.0,106789.31704841393,0,0.0,1,0.0,0.0,False
144.872926,145.272926,H1,0.709620808004219,1,39940.66666666666,212232.9036716241,456742.0,62677.66666666666,83699.30811873869,0,0.0,1,0.0,0.0,False
145.072926,145.472926,H1,0.709620808004219,1,31411.33333333333,244592.91485150493,456742.0,133124.33333333334,109320.21076127182,0,0.0,1,0.0,0.0,False
145.272926,145.672926,H1,0.709620808004219,1,72974.57142857143,194356.3855298943,449046.0,91616.14285714286,94508.50986842942,0,0.0,1,0.0,0.0,False
145.472926,145.872926,H1,0.709620808004219,1,70498.57142857143,246131.6490933008,449046.0,95845.85714285714,91045.63643647316,0,0.0,1,0.0,0.0,False
145.672926,146.072926,H1,0.709620808004219,1,18193.666666666668,206533.96875870615,408678.0,93421.33333333331,103308.07984158624,0,0.0,1,0.0,0.0,False
145.872926,146.272926,H1,0.9628556879689668,1,79853.66666666667,160495.58745924727,428814.0,17866.0,13026.533678099737,0,0.0,1,0.0,0.0,False
146.072926,146.472926,H1,0.709620808004219,1,101717.33333333331,231938.66032111927,428814.0,50875.66666666666,73834.13463222068,0,0.0,1,0.0,0.0,False
146.272926,146.672926,H1,0.709620808004219,1,63745.142857142855,225164.9136251844,394206.0,87372.42857142857,87387.13454648171,0,0.0,1,0.0,0.0,False
146.472926,146.872926,H1,0.709620808004219,1,82071.42857142857,202507.45782306188,394206.0,73393.0,65230.838692840895,0,0.0,1,0.0,0.0,False
146.672926,147.072926,H1,0.9628556879689668,1,67159.66666666667,146470.08533447672,383624.0,40510.66666666666,12897.61204857533,0,0.0,1,0.0,0.0,False
146.872926,147.272926,H1,0.709620808004219,1,27150.33333333333,189637.66103604587,398962.0,71551.33333333333,72890.57870915525,0,0.0,1,0.0,0.0,False
147.072926,147.472926,H1,0.709620808004219,1,26356.0,268279.03251155006,398962.0,128238.33333333331,93691.60051051652,0,0.0,1,0.0,0.0,False
147.272926,147.672926,H1,0.709620808004219,1,32632.285714285717,229416.64795097415,393470.0,114439.0,88140.86911302838,0,0.0,1,0.0,0.0,False
147.472926,147.872926,H1,0.709620808004219,1,56263.42857142857,218728.0360675311,414328.0,98779.28571428572,82388.28942741505,0,0.0,1,0.0,0.0,False
147.672926,148.072926,H1,0.709620808004219,1,45457.333333333336,182461.7112955178,414328.0,67751.0,79487.02665634605,0,0.0,1,0.0,0.0,False
147.872926,148.272926,H1,0.9628556879689668,1,76689.0,169420.51035121654,443076.0,24242.666666666668,15646.373399467226,0,0.0,1,0.0,0.0,False
148.072926,148.472926,H1,0.709620808004219,1,71019.33333333333,266107.207177024,443076.0,90487.66666666669,98345.51106967492,0,0.0,1,0.0,0.0,False
148.272926,148.672926,H1,0.709620808004219,1,45967.71428571428,258051.61354698808,436778.0,111220.14285714286,104865.99910283949,0,0.0,1,0.0,0.0,False
148.472926,148.872926,H1,0.709620808004219,1,69728.85714285714,241620.76741362904,436778.0,93274.42857142857,95955.92049158692,0,0.0,1,0.0,0.0,False
148.672926,149.072926,H1,0.709620808004219,1,40659.333333333336,189012.28286954144,429648.0,74819.66666666667,78827.79709101493,0,0.0,1,0.0,0.0,False
148.872926,149.272926,H1,0.9628556879689668,1,66789.66666666667,161442.79761540584,418536.0,29960.0,16859.82600740589,0,0.0,1,0.0,0.0,False
149.072926,149.472926,H1,0.709620808004219,1,101211.33333333331,234113.38646808636,418536.0,52897.0,75778.11771217335,0,0.0,1,0.0,0.0,False
149.272926,149.672926,H1,0.709620808004219,1,96104.0,199297.69581063543,402224.0,51274.142857142855,70371.09174213224,0,0.0,1,0.0,0.0,False
149.472926,149.872926,H1,0.709620808004219,1,87572.85714285714,190887.83946857275,389340.0,62940.142857142855,69913.62707028187,0,0.0,1,0.0,0.0,False
149.672926,150.072926,H1,0.709620808004219,1,37219.333333333336,171571.53223720487,389340.0,71670.33333333333,71955.73997642964,0,0.0,1,0.0,0.0,False
149.872926,150.272926,H1,0.709620808004219,1,32859.333333333336,200270.56382359896,431954.0,65759.0,75672.95393555965,0,0.0,1,0.0,0.0,False
150.072926,150.472926,H1,0.709620808004219,1,69921.33333333333,276496.3641971124,435284.0,91897.66666666669,100468.82760117964,0,0.0,1,0.0,0.0,False
150.272926,150.672926,H1,0.709620808004219,1,99251.71428571428,211306.88577362293,435284.0,54108.71428571428,75104.64877701223,0,0.0,1,0.0,0.0,False
150.472926,150.872926,H1,0.709620808004219,1,62214.28571428572,229102.8038948668,414752.0,92775.85714285714,96180.11252619232,0,0.0,1,0.0,0.0,False
150.672926,151.072926,H1,0.709620808004219,1,17443.333333333332,210110.90163900485,414752.0,95339.66666666669,105174.59336846625,0,0.0,1,0.0,0.0,False
150.872926,151.272926,H1,0.709620808004219,1,41609.333333333336,190524.99813818544,412788.0,53355.0,76583.24519109908,0,0.0,1,0.0,0.0,False
151.072926,151.472926,H1,0.709620808004219,1,100459.66666666669,235325.4647657627,412788.0,53176.66666666666,76677.1972485229,0,0.0,1,0.0,0.0,False
151.272926,151.672926,H1,0.709620808004219,1,96701.71428571428,211960.91339255,418906.0,60963.857142857145,76827.21914126263,0,0.0,1,0.0,0.0,False
151.472926,151.872926,H1,0.709620808004219,1,55777.71428571428,220742.3723928704,418906.0,99972.42857142857,83354.87300324891,0,0.0,1,0.0,0.0,False
151.672926,152.072926,H1,0.709620808004219,1,45622.333333333336,157414.78289502827,361584.0,58573.333333333336,72692.89573190002,0,0.0,1,0.0,0.0,False
151.872926,152.272926,H1,0.9628556879689668,1,80604.0,146415.0571400815,400786.0,12666.333333333334,867.508821601,0,0.0,1,0.0,0.0,False
152.072926,152.472926,H1,0.9628556879689668,1,100048.0,210713.423011761,400786.0,42245.0,67617.30060667412,0,0.0,1,0.0,0.0,False
152.272926,152.672926,H1,0.709620808004219,1,60592.57142857143,189264.1720097351,353902.0,72217.57142857143,75322.50028256049,0,0.0,1,0.0,0.0,False
152.472926,152.872926,H1,0.709620808004219,1,9853.714285714286,174987.19425613023,303572.0,126911.28571428572,81286.26054649489,0,0.0,1,0.0,0.0,False
152.672926,153.072926,H1,0.6036581595981191,1,-4693.0,135959.16498591285,207624.0,106216.0,94205.62482675862,0,0.0,1,0.0,0.0,False
152.872926,153.272926,H1,0.9628556879689668,1,49414.333333333336,195875.1409560579,430462.0,48906.0,81516.44618316805,0,0.0,1,0.0,0.0,False
153.072926,153.472926,H1,0.709620808004219,1,71651.0,261220.13526462056,430462.0,82512.0,98698.00425371664,0,0.0,1,0.0,0.0,False
153.272926,153.672926,H1,0.709620808004219,1,64598.0,207518.91160635388,393220.0,77656.71428571429,82121.27129646094,0,0.0,1,0.0,0.0,False
153.472926,153.872926,H1,0.709620808004219,1,79838.28571428571,177370.6252421057,365746.0,63111.28571428572,56369.20356191031,0,0.0,1,0.0,0.0,False
153.672926,154.072926,H1,0.9628556879689668,1,59014.66666666666,140616.93482491912,365746.0,45309.66666666666,455.1991017370555,0,0.0,1,0.0,0.0,False
153.872926,154.272926,H1,0.709620808004219,1,15896.333333333334,160028.78181717466,332230.0,71750.0,57816.52537409468,0,0.0,1,0.0,0.0,False
154.072926,154.472926,H1,0.709620808004219,1,56003.333333333336,241552.9493000563,406910.0,89513.66666666667,86925.89072435336,0,0.0,1,0.0,0.0,False
154.272926,154.672926,H1,0.709620808004219,1,68112.0,199406.028998982,406910.0,69371.28571428571,82692.36327793394,0,0.0,1,0.0,0.0,False
154.472926,154.872926,H1,0.709620808004219,1,14688.57142857143,155852.60637891828,282134.0,113049.57142857143,78842.29241223472,0,0.0,1,0.0,0.0,False
154.672926,155.072926,H1,0.6036581595981191,1,-2734.333333333333,118821.27161086192,184490.0,96722.66666666669,85831.94083336472,0,0.0,1,0.0,0.0,False
154.872926,155.272926,H1,0.9628556879689668,1,69136.0,118587.74058055072,325110.0,11229.0,392.08502479266747,0,0.0,1,0.0,0.0,False
155.072926,155.472926,H1,0.709620808004219,1,57340.0,200163.1367693196,330508.0,68292.33333333333,80387.2231030667,0,0.0,1,0.0,0.0,False
155.272926,155.672926,H1,0.709620808004219,1,34543.142857142855,209936.7887854604,371522.0,104837.85714285714,79232.7529739863,0,0.0,1,0.0,0.0,False
155.472926,155.872926,H1,0.709620808004219,1,29886.571428571428,179110.4049995478,371522.0,121417.85714285714,86230.36367350718,0,0.0,1,0.0,0.0,False
155.672926,156.072926,H1,0.709620808004219,1,19146.666666666668,110358.83589253538,205944.0,87661.66666666667,95756.66517213768,0,0.0,1,0.0,0.0,False
155.872926,156.272926,H1,0.9628556879689668,1,36745.333333333336,162483.02210248171,347612.0,47753.0,66132.45209426308,0,0.0,1,0.0,0.0,False
156.072926,156.472926,H1,0.6036581595981191,1,-5345.666666666667,211189.7133398205,347612.0,145002.66666666666,82639.18659987456,0,0.0,1,0.0,0.0,False
156.272926,156.672926,H1,0.709620808004219,1,9584.57142857143,183419.4918375885,325470.0,131837.57142857142,84526.33131390334,0,0.0,1,0.0,0.0,False
156.472926,156.872926,H1,0.709620808004219,1,9060.285714285714,177436.56158406448,325470.0,130108.71428571428,82812.84194014888,0,0.0,1,0.0,0.0,False
156.672926,157.072926,H1,0.6036581595981191,1,-6533.666666666667,129108.96463797118,201476.0,106845.33333333331,95169.47952235294,0,0.0,1,0.0,0.0,False
156.872926,157.272926,H1,0.9628556879689668,1,68905.0,137427.94986828553,363848.0,18390.0,13404.313522146518,0,0.0,1,0.0,0.0,False
157.072926,157.472926,H1,0.9628556879689668,1,57354.66666666666,142003.71877603143,363848.0,29823.666666666668,17065.49585827757,0,0.0,1,0.0,0.0,False
157.272926,157.672926,H1,0.709620808004219,1,43304.0,158784.422902788,395502.0,55903.857142857145,67613.93808850904,0,0.0,1,0.0,0.0,False
157.472926,157.872926,H1,0.709620808004219,1,36657.71428571428,178672.14487332,395502.0,107849.0,92045.20804163882,0,0.0,1,0.0,0.0,False
157.672926,158.072926,H1,0.709620808004219,1,11287.333333333334,98129.84371512856,170866.0,89294.33333333333,87396.59771918406,0,0.0,1,0.0,0.0,False
157.872926,158.272926,H1,0.709620808004219,1,30976.666666666668,163856.5324775169,345676.0,53155.0,63737.00783689175,0,0.0,1,0.0,0.0,False
158.072926,158.472926,H1,0.709620808004219,1,50797.66666666666,209376.49411340855,345676.0,73266.66666666667,75918.2385940442,0,0.0,1,0.0,0.0,False
158.272926,158.672926,H1,0.9628556879689668,1,84588.85714285714,160678.36184611486,325130.0,43540.142857142855,52234.1469687313,0,0.0,1,0.0,0.0,False
158.472926,158.872926,H1,0.709620808004219,1,57818.57142857143,188812.2149217933,329630.0,79556.14285714286,75970.37643606048,0,0.0,1,0.0,0.0,False
158.672926,159.072926,H1,0.709620808004219,1,19225.0,167315.37710862083,329630.0,79296.66666666667,84560.99776624104,0,0.0,1,0.0,0.0,False
158.872926,159.272926,H1,0.709620808004219,1,29531.666666666668,141512.67466634294,291090.0,51282.0,60077.27612278484,0,0.0,1,0.0,0.0,False
159.072926,159.472926,H1,0.6036581595981191,1,-10517.333333333334,173304.30482311227,291090.0,134198.33333333334,62383.48786515725,0,0.0,1,0.0,0.0,False
159.272926,159.672926,H1,0.709620808004219,1,1714.571428571429,142486.86487719003,260986.0,119970.42857142857,62851.304754855766,0,0.0,1,0.0,0.0,False
159.472926,159.872926,H1,0.709620808004219,1,20952.571428571428,124102.9186244306,260986.0,97809.57142857143,58604.35864545314,0,0.0,1,0.0,0.0,False
159.672926,160.072926,H1,0.709620808004219,1,7571.333333333333,78723.3289156115,142398.0,79711.0,62047.323982048845,0,0.0,1,0.0,0.0,False
159.872926,160.272926,H1,0.9628556879689668,1,45955.66666666666,115140.9490749876,289618.0,29212.666666666668,16686.08335976088,0,0.0,1,0.0,0.0,False
160.072926,160.472926,H1,0.9628556879689668,1,92088.0,137581.78530604986,289618.0,19114.33333333333,12284.453300366644,0,0.0,1,0.0,0.0,False
160.272926,160.672926,H1,0.9628556879689668,1,74689.14285714286,150020.90570453228,312916.0,48704.42857142857,60338.61269028113,0,0.0,1,0.0,0.0,False
160.472926,160.872926,H1,0.709620808004219,1,8314.857142857143,166286.75070271024,312916.0,124488.42857142857,77313.08203265315,0,0.0,1,0.0,0.0,False
160.672926,161.072926,H1,0.6036581595981191,1,-12191.333333333334,118216.75079653005,188226.0,106925.0,84296.066298098,0,0.0,1,0.0,0.0,False
160.872926,161.272926,H1,0.709620808004219,1,28086.33333333333,151407.42667129054,317386.0,50871.333333333336,58443.98360158402,0,0.0,1,0.0,0.0,False
161.072926,161.472926,H1,0.709620808004219,1,20973.33333333333,172936.86047289695,317386.0,97974.33333333331,76115.201991601,0,0.0,1,0.0,0.0,False
161.272926,161.672926,H1,0.709620808004219,1,49686.0,128760.15578031672,280360.0,72196.71428571429,64445.03432874136,0,0.0,1,0.0,0.0,False
161.472926,161.872926,H1,0.709620808004219,1,45511.142857142855,176492.88190537688,311544.0,83533.28571428571,69709.5801690624,0,0.0,1,0.0,0.0,False
161.672926,162.072926,H1,0.709620808004219,1,11795.666666666666,161205.05536910298,311544.0,84142.0,77650.50695477353,0,0.0,1,0.0,0.0,False
161.872926,162.272926,H1,0.9628556879689668,1,36237.66666666666,161633.43757781747,346622.0,48135.333333333336,64567.97732020279,0,0.0,1,0.0,0.0,False
162.072926,162.472926,H1,0.9628556879689668,1,89945.33333333333,195889.9292959073,346622.0,42570.333333333336,65801.92290672228,0,0.0,1,0.0,0.0,False
162.272926,162.672926,H1,0.9628556879689668,1,74345.42857142857,146034.0835273515,345840.0,48370.42857142857,46168.52896835723,0,0.0,1,0.0,0.0,False
162.472926,162.872926,H1,0.709620808004219,1,3025.428571428572,144664.60941764293,235194.0,117252.14285714286,60643.98287765494,0,0.0,1,0.0,0.0,False
162.672926,163.072926,H1,0.6036581595981191,1,-366.0,121389.9361177304,188736.0,93401.66666666669,80992.47011639758,0,0.0,1,0.0,0.0,False
162.872926,163.272926,H1,0.9628556879689668,1,35885.666666666664,159903.66757693695,343164.0,47753.333333333336,63931.4245361561,0,0.0,1,0.0,0.0,False
163.072926,163.472926,H1,0.709620808004219,1,18550.33333333333,176180.90820296682,343164.0,99782.66666666669,77580.37282213989,0,0.0,1,0.0,0.0,False
163.272926,163.672926,H1,0.709620808004219,1,29240.85714285714,117158.14289537827,239992.0,82308.14285714286,72529.45309799239,0,0.0,1,0.0,0.0,False
163.472926,163.872926,H1,0.709620808004219,1,29336.85714285714,174458.42414858664,315092.0,94177.85714285714,76713.03909175987,0,0.0,1,0.0,0.0,False
163.672926,164.072926,H1,0.709620808004219,1,6886.333333333333,160469.77431037356,315092.0,77719.33333333333,82954.957661104,0,0.0,1,0.0,0.0,False
163.872926,164.272926,H1,0.9628556879689668,1,29454.33333333333,151227.20593163418,325304.0,39720.66666666666,63846.28634897692,0,0.0,1,0.0,0.0,False
164.072926,164.472926,H1,0.9628556879689668,1,66813.66666666667,164262.91209893432,325304.0,40370.66666666666,63552.6971724166,0,0.0,1,0.0,0.0,False
164.272926,164.672926,H1,0.9628556879689668,1,90929.42857142857,111446.39381572924,301058.0,22119.571428571428,15963.355526751557,0,0.0,1,0.0,0.0,False
164.472926,164.872926,H1,0.709620808004219,1,53911.71428571428,146541.21458066162,301058.0,64878.42857142857,52496.63770146792,0,0.0,1,0.0,0.0,False
164.672926,165.072926,H1,0.709620808004219,1,18627.666666666668,116133.3419905278,223230.0,62038.0,59643.46234919633,0,0.0,1,0.0,0.0,False
164.872926,165.272926,H1,0.9628556879689668,1,38604.0,141068.82266468377,304166.0,38680.333333333336,58961.26052097446,0,0.0,1,0.0,0.0,False
165.072926,165.472926,H1,0.709620808004219,1,26475.33333333333,167026.1171420672,304166.0,90819.0,78393.83697715019,0,0.0,1,0.0,0.0,False
165.272926,165.672926,H1,0.709620808004219,1,32849.42857142857,130064.37509266286,255200.0,80628.14285714286,70278.15023874484,0,0.0,1,0.0,0.0,False
165.472926,165.872926,H1,0.709620808004219,1,45298.28571428572,141687.10125959577,261150.0,67482.14285714286,56950.98463824226,0,0.0,1,0.0,0.0,False
165.672926,166.072926,H1,0.709620808004219,1,26543.33333333333,116116.73868807872,261150.0,60423.0,48360.69403968475,0,0.0,1,0.0,0.0,False
165.872926,166.272926,H1,0.709620808004219,1,10579.666666666666,104847.89914548704,202692.0,55224.0,37635.17517341102,0,0.0,1,0.0,0.0,False
166.072926,166.472926,H1,0.709620808004219,1,9019.0,119604.14943610164,202692.0,82486.66666666667,49409.52966674434,0,0.0,1,0.0,0.0,False
166.272926,166.672926,H1,0.709620808004219,1,55032.57142857143,112562.7950344126,283232.0,54941.57142857143,48642.589178200455,0,0.0,1,0.0,0.0,False
166.472926,166.872926,H1,0.9628556879689668,1,81050.57142857143,116461.04682297014,283232.0,36457.28571428572,15562.957648709007,0,0.0,1,0.0,0.0,False
166.672926,167.072926,H1,0.9628556879689668,1,41435.0,93181.21286861782,232244.0,40864.0,12233.76560998289,0,0.0,1,0.0,0.0,False
166.872926,167.272926,H1,0.709620808004219,1,14157.333333333334,125378.7623146582,250540.0,59652.333333333336,46078.75604030801,0,0.0,1,0.0,0.0,False
167.072926,167.472926,H1,0.709620808004219,1,36240.0,168080.49644143725,254142.0,70337.0,59093.25327536695,0,0.0,1,0.0,0.0,False
167.272926,167.672926,H1,0.709620808004219,1,52050.857142857145,142799.3850201129,254142.0,54730.142857142855,56838.903205032206,0,0.0,1,0.0,0.0,False
167.472926,167.872926,H1,0.9628556879689668,1,58476.0,123723.1625663868,252006.0,49874.142857142855,40250.3051680661,0,0.0,1,0.0,0.0,False
167.672926,168.072926,H1,0.9628556879689668,1,47995.66666666666,93472.84228349727,233512.0,34447.333333333336,16435.4913288962,0,0.0,1,0.0,0.0,False
167.872926,168.272926,H1,0.709620808004219,1,20949.0,131263.91944856744,260738.0,54839.333333333336,52205.903426294186,0,0.0,1,0.0,0.0,False
168.072926,168.472926,H1,0.6036581595981191,1,-4727.0,136213.76751635643,260738.0,80630.66666666667,61614.57444919631,0,0.0,1,0.0,0.0,False
168.272926,168.672926,H1,0.709620808004219,1,19890.0,119161.71941885172,272334.0,66415.57142857143,65756.42436155061,0,0.0,1,0.0,0.0,False
168.472926,168.872926,H1,0.709620808004219,1,32666.285714285717,129531.81052402784,272334.0,90166.71428571428,71633.30418919139,0,0.0,1,0.0,0.0,False
168.672926,169.072926,H1,0.709620808004219,1,18837.33333333333,83695.76521877051,156792.0,71520.33333333333,72343.90729164565,0,0.0,1,0.0,0.0,False
168.872926,169.272926,H1,0.9628556879689668,1,34696.333333333336,121791.14148638053,261106.0,35148.666666666664,50140.1921072861,0,0.0,1,0.0,0.0,False
169.072926,169.472926,H1,0.709620808004219,1,23077.33333333333,175678.70535978142,264660.0,81409.0,68396.85089242048,0,0.0,1,0.0,0.0,False
169.272926,169.672926,H1,0.709620808004219,1,28269.714285714286,149717.9728973439,264660.0,81447.85714285714,60766.72160561139,0,0.0,1,0.0,0.0,False
169.472926,169.872926,H1,0.709620808004219,1,23268.0,107555.44232494368,228334.0,84854.14285714286,54677.54919637904,0,0.0,1,0.0,0.0,False
169.672926,170.072926,H1,0.709620808004219,1,11503.666666666666,69664.42277486806,117608.0,68958.66666666667,56252.803146944505,0,0.0,1,0.0,0.0,False
169.872926,170.272926,H1,0.9628556879689668,1,47652.333333333336,109377.76337944056,272930.0,24672.0,16160.115954616993,0,0.0,1,0.0,0.0,False
170.072926,170.472926,H1,0.9628556879689668,1,61685.66666666666,143097.96261031192,272930.0,38094.66666666666,42939.49826467727,0,0.0,1,0.0,0.0,False
170.272926,170.672926,H1,0.9628556879689668,1,54629.42857142857,121395.66383743125,227670.0,49245.28571428572,36304.62696097441,0,0.0,1,0.0,0.0,False
170.472926,170.872926,H1,0.709620808004219,1,33249.142857142855,133467.01617085407,227670.0,75921.57142857143,45016.44372213064,0,0.0,1,0.0,0.0,False
170.672926,171.072926,H1,0.709620808004219,1,6669.0,117593.43306919822,225060.0,74921.33333333333,52338.71605120715,0,0.0,1,0.0,0.0,False
170.872926,171.272926,H1,0.709620808004219,1,11112.666666666666,111348.61578943057,217024.0,57528.333333333336,40603.165470468215,0,0.0,1,0.0,0.0,False
171.072926,171.472926,H1,0.9628556879689668,1,58523.333333333336,145349.8254312295,273212.0,45585.0,46806.88076198484,0,0.0,1,0.0,0.0,False
171.272926,171.672926,H1,0.9628556879689668,1,65636.57142857143,130009.73207402276,273212.0,47610.142857142855,47653.85408316511,0,0.0,1,0.0,0.0,False
171.472926,171.872926,H1,0.709620808004219,1,16404.285714285714,107310.1227467305,245830.0,90305.85714285714,51016.05374061489,0,0.0,1,0.0,0.0,False
171.672926,172.072926,H1,0.709620808004219,1,7960.0,57960.15504925201,80416.0,67713.0,56060.51556428404,0,0.0,1,0.0,0.0,False
171.872926,172.272926,H1,0.9628556879689668,1,29959.0,129124.86539134642,271600.0,41952.0,51195.56716162054,0,0.0,1,0.0,0.0,False
172.072926,172.472926,H1,0.9628556879689668,1,59405.66666666666,141021.15319538256,271600.0,35962.666666666664,52536.40734343714,0,0.0,1,0.0,0.0,False
172.272926,172.672926,H1,0.9628556879689668,1,60184.28571428572,115483.3988733746,248436.0,42872.142857142855,49881.55935077918,0,0.0,1,0.0,0.0,False
172.472926,172.872926,H1,0.709620808004219,1,8894.285714285714,119913.05339371556,248436.0,98048.42857142857,56499.0847128319,0,0.0,1,0.0,0.0,False
172.672926,173.072926,H1,0.6036581595981191,1,-12736.666666666666,68864.23124444859,127834.0,76969.0,64264.71860463822,0,0.0,1,0.0,0.0,False
172.872926,173.272926,H1,0.9628556879689668,1,21162.33333333333,109165.86514362242,232260.0,32112.666666666668,44407.81358299711,0,0.0,1,0.0,0.0,False
173.072926,173.472926,H1,0.9628556879689668,1,66808.33333333333,137782.81417949853,257582.0,31214.0,44779.29074546254,0,0.0,1,0.0,0.0,False
173.272926,173.672926,H1,0.9628556879689668,1,68406.85714285714,102218.37234837492,257582.0,32358.14285714286,38092.21994591761,0,0.0,1,0.0,0.0,False
173.472926,173.872926,H1,0.709620808004219,1,27693.14285714286,88217.68789830331,173366.0,70850.14285714286,50045.59284557738,0,0.0,1,0.0,0.0,False
173.672926,174.072926,H1,0.709620808004219,1,20985.0,68059.83900216044,132438.0,57603.333333333336,52041.63823217798,0,0.0,1,0.0,0.0,False
173.872926,174.272926,H1,0.9628556879689668,1,30447.0,99433.84390806447,209966.0,30896.666666666668,39781.22767364304,0,0.0,1,0.0,0.0,False
174.072926,174.472926,H1,0.9628556879689668,1,38295.66666666666,138093.25893958603,215574.0,49167.333333333336,52098.17815645977,0,0.0,1,0.0,0.0,False
174.272926,174.672926,H1,0.9628556879689668,1,56325.142857142855,105316.83126293398,215574.0,39001.57142857143,38589.76885451503,0,0.0,1,0.0,0.0,False
174.472926,174.872926,H1,0.9628556879689668,1,61859.142857142855,87621.74056938247,208024.0,37317.857142857145,15348.414561478992,0,0.0,1,0.0,0.0,False
174.672926,175.072926,H1,0.9628556879689668,1,43437.333333333336,84809.69193566394,208024.0,34903.666666666664,16062.331448315825,0,0.0,1,0.0,0.0,False
174.872926,175.272926,H1,0.9628556879689668,1,13612.333333333334,96880.18016372366,177848.0,48354.66666666666,37161.2889158717,0,0.0,1,0.0,0.0,False
175.072926,175.472926,H1,0.9628556879689668,1,44915.333333333336,118907.88825342448,212278.0,42853.0,39514.664130336896,0,0.0,1,0.0,0.0,False
175.272926,175.672926,H1,0.9628556879689668,1,70128.85714285714,89770.53055020509,212278.0,26413.85714285714,16230.213935994903,0,0.0,1,0.0,0.0,False
175.472926,175.872926,H1,0.709620808004219,1,45390.857142857145,101454.96176760065,194804.0,53466.142857142855,34581.059569937875,0,0.0,1,0.0,0.0,False
175.672926,176.072926,H1,0.709620808004219,1,20358.0,88999.4437136173,194804.0,55737.0,36837.81823072588,0,0.0,1,0.0,0.0,False
175.872926,176.272926,H1,0.9628556879689668,1,15898.0,88336.46979588894,176508.0,40281.0,33607.24531010141,0,0.0,1,0.0,0.0,False
176.072926,176.472926,H1,0.709620808004219,1,16865.0,127165.3892889099,202640.0,63234.0,50455.356593725504,0,0.0,1,0.0,0.0,False
176.272926,176.672926,H1,0.709620808004219,1,21121.14285714286,101861.74110237935,202640.0,63137.0,42074.86725893669,0,0.0,1,0.0,0.0,False
176.472926,176.872926,H1,0.709620808004219,1,15522.285714285714,86915.27538555543,148912.0,65928.42857142857,35001.14092367824,0,0.0,1,0.0,0.0,False
176.672926,177.072926,H1,0.709620808004219,1,17930.666666666668,81831.50397140592,148912.0,50433.0,43452.177528865,0,0.0,1,0.0,0.0,False
176.872926,177.272926,H1,0.9628556879689668,1,31165.0,104864.39599628974,220142.0,32234.666666666668,43581.54354642443,0,0.0,1,0.0,0.0,False
177.072926,177.472926,H1,0.9628556879689668,1,48766.66666666666,116042.51427051304,220142.0,31945.666666666668,43716.60937853661,0,0.0,1,0.0,0.0,False
177.272926,177.672926,H1,0.9628556879689668,1,53627.42857142857,75890.18055596077,162630.0,31474.714285714286,35525.392937263045,0,0.0,1,0.0,0.0,False
177.472926,177.872926,H1,0.709620808004219,1,35874.0,95256.1191735208,191344.0,58446.42857142857,42781.29550852516,0,0.0,1,0.0,0.0,False
177.672926,178.072926,H1,0.9628556879689668,1,26293.33333333333,88375.69154970664,191344.0,49412.333333333336,39243.7952915985,0,0.0,1,0.0,0.0,False
177.872926,178.272926,H1,0.9628556879689668,1,33489.333333333336,80374.69069855814,185960.0,24183.666666666668,15578.138128658238,0,0.0,1,0.0,0.0,False
178.072926,178.472926,H1,0.9628556879689668,1,39829.0,94799.9142176124,185960.0,29736.0,26098.82760457514,0,0.0,1,0.0,0.0,False
178.272926,178.672926,H1,0.9628556879689668,1,35397.71428571428,89894.9936151131,174350.0,47017.0,38617.31684102354,0,0.0,1,0.0,0.0,False
178.472926,178.872926,H1,0.709620808004219,1,30538.85714285714,95850.09820313708,174350.0,62029.0,38129.67427832853,0,0.0,1,0.0,0.0,False
178.672926,179.072926,H1,0.9628556879689668,1,30518.666666666668,74989.63141365316,167370.0,41011.0,37563.97552620507,0,0.0,1,0.0,0.0,False
178.872926,179.272926,H1,0.9628556879689668,1,20343.33333333333,78912.24333115587,150182.0,31153.666666666668,30019.23709149777,0,0.0,1,0.0,0.0,False
179.072926,179.472926,H1,0.709620808004219,1,14039.666666666666,106324.22162685018,150182.0,63048.66666666666,42216.42944662921,0,0.0,1,0.0,0.0,False
179.272926,179.672926,H1,0.709620808004219,1,30062.285714285717,90657.44756690948,148320.0,55961.57142857143,42426.86240329062,0,0.0,1,0.0,0.0,False
179.472926,179.872926,H1,0.709620808004219,1,26307.14285714286,73600.32778542803,148320.0,50376.142857142855,29565.10195401025,0,0.0,1,0.0,0.0,False
179.672926,180.072926,H1,0.9628556879689668,1,18777.666666666668,60122.75941124311,111928.0,43675.333333333336,26727.724467717457,0,0.0,1,0.0,0.0,False
179.872926,180.272926,H1,0.9628556879689668,1,22132.666666666668,61154.757750771576,120288.0,24213.0,16786.618440492017,0,0.0,1,0.0,0.0,False
180.072926,180.472926,H1,0.709620808004219,1,16347.666666666666,108760.06331012418,199458.0,53835.333333333336,47849.45180343124,0,0.0,1,0.0,0.0,False
180.272926,180.672926,H1,0.709620808004219,1,27625.714285714286,101199.91293857674,199458.0,57947.857142857145,41295.16278634848,0,0.0,1,0.0,0.0,False
180.472926,180.872926,H1,0.709620808004219,1,31959.14285714286,75356.79230250216,148808.0,51031.57142857143,27017.327238312097,0,0.0,1,0.0,0.0,False
180.672926,181.072926,H1,0.9628556879689668,1,23043.0,73018.68053906936,148808.0,45530.0,33092.66296829757,0,0.0,1,0.0,0.0,False
180.872926,181.272926,H1,0.9628556879689668,1,24624.666666666668,100079.31255203988,200986.0,35066.333333333336,39819.17008454875,0,0.0,1,0.0,0.0,False
181.072926,181.472926,H1,0.709620808004219,1,931.6666666666666,102272.71991048683,200986.0,72076.0,45167.48015626583,0,0.0,1,0.0,0.0,False
181.272926,181.672926,H1,0.709620808004219,1,19796.85714285714,75963.58332672791,169798.0,63628.142857142855,32786.540807508936,0,0.0,1,0.0,0.0,False
181.472926,181.872926,H1,0.9628556879689668,1,46679.142857142855,77524.13304518898,169798.0,41925.28571428572,12015.049060173136,0,0.0,1,0.0,0.0,False
181.672926,182.072926,H1,0.9628556879689668,1,37931.0,59362.13329219225,141058.0,29065.33333333333,17605.34980876236,0,0.0,1,0.0,0.0,False
181.872926,182.272926,H1,0.9628556879689668,1,14986.0,72450.02095237792,121622.0,37250.333333333336,30621.690649312983,0,0.0,1,0.0,0.0,False
182.072926,182.472926,H1,0.9628556879689668,1,21309.0,77665.72361730752,121622.0,37750.66666666666,30208.497423002613,0,0.0,1,0.0,0.0,False
182.272926,182.672926,H1,0.9628556879689668,1,36699.142857142855,62269.57332536051,130112.0,35205.857142857145,31200.004246467528,0,0.0,1,0.0,0.0,False
182.472926,182.872926,H1,0.709620808004219,1,16524.0,79686.13755048168,130112.0,63071.857142857145,30997.98647575388,0,0.0,1,0.0,0.0,False
182.672926,183.072926,H1,0.9628556879689668,1,18971.666666666668,68279.44632090164,118514.0,44386.0,36773.12210025143,0,0.0,1,0.0,0.0,False
182.872926,183.272926,H1,0.9628556879689668,1,19959.33333333333,77855.875622132,146394.0,30675.666666666668,29986.618474839,0,0.0,1,0.0,0.0,False
183.072926,183.472926,H1,0.709620808004219,1,5929.666666666667,85191.7455267169,146394.0,55956.66666666666,34017.792470346394,0,0.0,1,0.0,0.0,False
183.272926,183.672926,H1,0.709620808004219,1,24848.0,76993.7013008207,165184.0,51229.0,36911.071803922,0,0.0,1,0.0,0.0,False
183.472926,183.872926,H1,0.709620808004219,1,21357.14285714286,74712.07495336169,165184.0,60200.42857142857,37856.31923416728,0,0.0,1,0.0,0.0,False
183.672926,184.072926,H1,0.709620808004219,1,6410.0,48945.51734326648,75428.0,58979.66666666666,32043.48242969578,0,0.0,1,0.0,0.0,False
183.872926,184.272926,H1,0.9628556879689668,1,4418.0,61201.68495501846,100594.0,38919.0,19917.345305035007,0,0.0,1,0.0,0.0,False
184.072926,184.472926,H1,0.9628556879689668,1,21839.33333333333,65825.01380343358,100594.0,28259.666666666668,21543.97959730024,0,0.0,1,0.0,0.0,False
184.272926,184.672926,H1,0.9628556879689668,1,32671.42857142857,46690.5658101663,94906.0,30721.571428571428,21276.03337666347,0,0.0,1,0.0,0.0,False
184.472926,184.872926,H1,0.9628556879689668,1,26483.714285714286,56751.46658322531,119776.0,44822.42857142857,15582.924857100505,0,0.0,1,0.0,0.0,False
184.672926,185.072926,H1,0.9628556879689668,1,17534.0,55117.81266825937,119776.0,46315.66666666666,940.0955034226872,0,0.0,1,0.0,0.0,False
184.872926,185.272926,H1,0.6036581595981191,1,-2778.6666666666665,62050.70162017152,105252.0,52509.0,14842.024480058866,0,0.0,1,0.0,0.0,False
185.072926,185.472926,H1,0.709620808004219,1,5733.333333333333,84884.58190324606,105252.0,62887.0,31060.76946889758,0,0.0,1,0.0,0.0,False
185.272926,185.672926,H1,0.709620808004219,1,28176.571428571428,70024.86385126182,103918.0,50551.28571428572,31198.87291789463,0,0.0,1,0.0,0.0,False
185.472926,185.872926,H1,0.709620808004219,1,19773.14285714286,80368.65918543935,138580.0,58909.57142857143,31666.661508628295,0,0.0,1,0.0,0.0,False
185.672926,186.072926,H1,0.9628556879689668,1,17845.333333333332,77885.84869038934,138580.0,49058.333333333336,41974.60415801705,0,0.0,1,0.0,0.0,False
185.872926,186.272926,H1,0.9628556879689668,1,13055.333333333334,60530.22412719855,90960.0,34526.333333333336,24977.85904000225,0,0.0,1,0.0,0.0,False
186.072926,186.472926,H1,0.9628556879689668,1,20182.33333333333,68018.2895934779,104142.0,34798.0,24729.74696595176,0,0.0,1,0.0,0.0,False
186.272926,186.672926,H1,0.9628556879689668,1,44923.142857142855,52958.57765523264,126566.0,22315.0,23370.686596674903,0,0.0,1,0.0,0.0,False
186.472926,186.872926,H1,0.9628556879689668,1,23478.285714285717,62209.60234036976,126566.0,44973.57142857143,29302.444748602426,0,0.0,1,0.0,0.0,False
186.672926,187.072926,H1,0.9628556879689668,1,12512.666666666666,56479.53074246358,77348.0,44411.0,25573.63465237848,0,0.0,1,0.0,0.0,False
186.872926,187.272926,H1,0.9628556879689668,1,27612.33333333333,53880.25945763645,113872.0,18303.33333333333,12477.950868988422,0,0.0,1,0.0,0.0,False
187.072926,187.472926,H1,0.9628556879689668,1,30657.33333333333,64982.63212753253,113872.0,22394.33333333333,20360.87832639403,0,0.0,1,0.0,0.0,False
187.272926,187.672926,H1,0.9628556879689668,1,26876.285714285717,59405.59183327126,100454.0,40509.28571428572,18514.518980012,0,0.0,1,0.0,0.0,False
187.472926,187.872926,H1,0.9628556879689668,1,24616.85714285714,52858.31868962422,95904.0,46750.42857142857,633.9569289432068,0,0.0,1,0.0,0.0,False
187.672926,188.072926,H1,0.9628556879689668,1,30398.666666666668,47246.58754050099,95904.0,29293.0,16880.85215068639,0,0.0,1,0.0,0.0,False
187.872926,188.272926,H1,0.9628556879689668,1,21633.33333333333,54728.63192962975,96910.0,21211.0,20328.648258061825,0,0.0,1,0.0,0.0,False
188.072926,188.472926,H1,0.9628556879689668,1,11588.333333333334,63879.86395744923,96910.0,40128.0,28646.951292124148,0,0.0,1,0.0,0.0,False
188.272926,188.672926,H1,0.9628556879689668,1,15805.714285714286,48819.5558524722,70200.0,47627.857142857145,18260.41338468524,0,0.0,1,0.0,0.0,False
188.472926,188.872926,H1,0.9628556879689668,1,16141.714285714286,41823.4077374801,68048.0,45913.0,795.8147666744711,0,0.0,1,0.0,0.0,False
188.672926,189.072926,H1,0.9628556879689668,1,20341.666666666668,48094.13842894186,68048.0,34667.333333333336,16529.639214319093,0,0.0,1,0.0,0.0,False
188.872926,189.272926,H1,0.9628556879689668,1,15039.666666666666,80706.4107360059,147616.0,35935.333333333336,28605.413902888307,0,0.0,1,0.0,0.0,False
189.072926,189.472926,H1,0.9628556879689668,1,17469.333333333332,87909.93037320768,147616.0,39691.66666666666,30445.12277670906,0,0.0,1,0.0,0.0,False
189.272926,189.672926,H1,0.9628556879689668,1,30096.0,54240.685372829554,97036.0,34233.0,26006.80702101993,0,0.0,1,0.0,0.0,False
189.472926,189.872926,H1,0.9628556879689668,1,18291.42857142857,38221.94166727178,80488.0,36530.142857142855,20070.07491927487,0,0.0,1,0.0,0.0,False
189.672926,190.072926,H1,0.9628556879689668,1,7493.333333333333,37211.1111482698,59800.0,35369.0,12994.173463518178,0,0.0,1,0.0,0.0,False
189.872926,190.272926,H1,0.9628556879689668,1,4976.0,60880.80415588042,100404.0,37907.0,20457.610254703097,0,0.0,1,0.0,0.0,False
190.072926,190.472926,H1,0.9628556879689668,1,4801.333333333333,71794.04264669566,102148.0,45542.333333333336,24946.971964994515,0,0.0,1,0.0,0.0,False
190.272926,190.672926,H1,0.9628556879689668,1,18969.14285714286,55296.70829631872,102148.0,43267.28571428572,21106.4503459033,0,0.0,1,0.0,0.0,False
190.472926,190.872926,H1,0.9628556879689668,1,16437.428571428572,41933.05325279857,57926.0,44092.142857142855,13791.434064339372,0,0.0,1,0.0,0.0,False
190.672926,191.072926,H1,0.9628556879689668,1,15162.333333333334,46012.47740076116,59028.0,37902.66666666666,19134.321673079736,0,0.0,1,0.0,0.0,False
190.872926,191.272926,H1,0.9628556879689668,1,14630.0,58709.65479941665,93142.0,27359.0,21500.94128172067,0,0.0,1,0.0,0.0,False
191.072926,191.472926,H1,0.9628556879689668,1,20799.0,77339.04449672667,125720.0,32610.0,28878.083425555327,0,0.0,1,0.0,0.0,False
191.272926,191.672926,H1,0.9628556879689668,1,27848.571428571428,66031.9955321599,125720.0,39400.42857142857,26836.250871094613,0,0.0,1,0.0,0.0,False
191.472926,191.872926,H1,0.9628556879689668,1,17709.14285714286,44855.81614598545,71978.0,44698.142857142855,16034.288539863308,0,0.0,1,0.0,0.0,False
191.672926,192.072926,H1,0.9628556879689668,1,24353.0,39613.08657081226,59692.0,28953.33333333333,17726.007387138507,0,0.0,1,0.0,0.0,False
191.872926,192.272926,H1,0.9628556879689668,1,11590.333333333334,54816.16259725674,71794.0,32608.0,22785.809465542363,0,0.0,1,0.0,0.0,False
192.072926,192.472926,H1,0.9628556879689668,1,9996.666666666666,72941.10514350298,111786.0,43409.0,23844.98423847945,0,0.0,1,0.0,0.0,False
192.272926,192.672926,H1,0.9628556879689668,1,32187.714285714286,62835.36513259821,111786.0,36105.857142857145,21524.94902883344,0,0.0,1,0.0,0.0,False
192.472926,192.872926,H1,0.9628556879689668,1,26344.571428571428,50752.14009522059,89928.0,41661.0,11414.700446604558,0,0.0,1,0.0,0.0,False
192.672926,193.072926,H1,0.9628556879689668,1,21938.666666666668,49282.91468202297,78544.0,34558.333333333336,15704.245101953236,0,0.0,1,0.0,0.0,False
192.872926,193.272926,H1,0.9628556879689668,1,10394.0,64875.82624265117,102906.0,33397.0,22189.27488675554,0,0.0,1,0.0,0.0,False
193.072926,193.472926,H1,0.9628556879689668,1,22796.33333333333,67232.78580590144,102906.0,27178.666666666668,23161.495962528465,0,0.0,1,0.0,0.0,False
193.272926,193.672926,H1,0.9628556879689668,1,40450.0,37221.74966333528,96812.0,21412.14285714286,16514.63924979957,0,0.0,1,0.0,0.0,False
193.472926,193.872926,H1,0.9628556879689668,1,25604.85714285714,38582.49543669317,64318.0,36673.28571428572,16184.052094703651,0,0.0,1,0.0,0.0,False
193.672926,194.072926,H1,0.9628556879689668,1,19521.33333333333,47078.22724879187,64318.0,34841.0,16388.445197760524,0,0.0,1,0.0,0.0,False
193.872926,194.272926,H1,0.9628556879689668,1,16043.0,59551.04786931405,97946.0,26872.0,21951.10198448664,0,0.0,1,0.0,0.0,False
194.072926,194.472926,H1,0.9628556879689668,1,10168.0,61362.89482523893,97946.0,39245.0,27310.493660862303,0,0.0,1,0.0,0.0,False
194.272926,194.672926,H1,0.9628556879689668,1,22913.14285714286,45342.61275296458,73836.0,40602.71428571428,25980.70218843366,0,0.0,1,0.0,0.0,False
194.472926,194.872926,H1,0.9628556879689668,1,18187.42857142857,45024.89314925735,73836.0,45297.0,22628.713845150683,0,0.0,1,0.0,0.0,False
194.672926,195.072926,H1,0.9628556879689668,1,18406.33333333333,45429.56785203027,61998.0,35941.333333333336,23593.716124331822,0,0.0,1,0.0,0.0,False
194.872926,195.272926,H1,0.9628556879689668,1,21011.0,55639.96084050863,99176.0,21917.33333333333,20721.069612568,0,0.0,1,0.0,0.0,False
195.072926,195.472926,H1,0.9628556879689668,1,19368.0,71675.05063827998,104752.0,30729.0,26523.32455280321,0,0.0,1,0.0,0.0,False
195.272926,195.672926,H1,0.9628556879689668,1,30047.714285714286,53396.35556775732,104752.0,32750.42857142857,24886.12032471768,0,0.0,1,0.0,0.0,False
195.472926,195.872926,H1,0.9628556879689668,1,16551.714285714286,36533.785700809225,61554.0,44987.57142857143,22235.50341784278,0,0.0,1,0.0,0.0,False
195.672926,196.072926,H1,0.709620808004219,1,877.6666666666666,33456.037171521406,45186.0,52684.0,8858.21883902176,0,0.0,1,0.0,0.0,False
195.872926,196.272926,H1,0.82488619196602,1,-7385.0,46311.91081856445,64864.0,49965.333333333336,7378.221413201303,0,0.0,1,0.0,0.0,False
196.072926,196.472926,H1,0.9628556879689668,1,6977.666666666667,67231.9823042245,98636.0,42040.66666666666,22707.80703977281,0,0.0,1,0.0,0.0,False
196.272926,196.672926,H1,0.9628556879689668,1,30398.85714285714,63266.56925248588,107726.0,33070.71428571428,26044.5671533255,0,0.0,1,0.0,0.0,False
196.472926,196.872926,H1,0.9628556879689668,1,22548.0,52292.12807187822,107726.0,40035.857142857145,20376.39723818132,0,0.0,1,0.0,0.0,False
196.672926,197.072926,H1,0.9628556879689668,1,17874.666666666668,45525.12962700442,59086.0,35382.333333333336,16251.028630691522,0,0.0,1,0.0,0.0,False
196.872926,197.272926,H1,0.9628556879689668,1,10118.0,62199.69767343461,95778.0,32550.33333333333,20920.748573817546,0,0.0,1,0.0,0.0,False
197.072926,197.472926,H1,0.9628556879689668,1,13245.333333333334,70271.93794269675,95778.0,35052.333333333336,23596.183975851312,0,0.0,1,0.0,0.0,False
197.272926,197.672926,H1,0.9628556879689668,1,31412.0,47697.49448945331,91234.0,28855.285714285717,20698.962332268085,0,0.0,1,0.0,0.0,False
197.472926,197.872926,H1,0.9628556879689668,1,12224.285714285714,36089.35761497043,58904.0,36739.0,16304.92668752958,0,0.0,1,0.0,0.0,False
197.672926,198.072926,H1,0.82488619196602,1,-6982.0,31318.252888690964,45648.0,47318.333333333336,517.8451076871883,0,0.0,1,0.0,0.0,False
197.872926,198.272926,H1,0.82488619196602,1,-9162.666666666666,29496.566075091217,45160.0,37282.333333333336,14276.156890268318,0,0.0,1,0.0,0.0,False
198.072926,198.472926,H1,0.82488619196602,1,-3961.3333333333335,32512.767967198502,59414.0,21985.0,12276.572377228644,0,0.0,1,0.0,0.0,False
198.272926,198.672926,H1,0.9628556879689668,1,20817.14285714286,46166.478585436766,94016.0,26838.714285714286,19305.93233560448,0,0.0,1,0.0,0.0,False
198.472926,198.872926,H1,0.9628556879689668,1,16798.0,48673.06609849611,94016.0,45773.857142857145,22033.19443429826,0,0.0,1,0.0,0.0,False
198.672926,199.072926,H1,0.709620808004219,1,1664.0,35383.617659400894,48650.0,53651.66666666666,9662.741478943171,0,0.0,1,0.0,0.0,False
198.872926,199.272926,H1,0.82488619196602,1,-803.3333333333334,54686.55907584199,95848.0,43277.66666666666,15958.240908348542,0,0.0,1,0.0,0.0,False
199.072926,199.472926,H1,0.9628556879689668,1,23368.666666666668,64764.53728872169,100074.0,26135.666666666668,20809.922270130875,0,0.0,1,0.0,0.0,False
199.272926,199.672926,H1,0.9628556879689668,1,32866.857142857145,46171.26068215586,100074.0,29346.14285714286,20251.327458631808,0,0.0,1,0.0,0.0,False
199.472926,199.872926,H1,0.9628556879689668,1,12601.714285714286,47551.23655208824,63574.0,48921.0,17003.434274959196,0,0.0,1,0.0,0.0,False
199.672926,200.072926,H1,0.9628556879689668,1,13842.0,51812.54248409999,63574.0,40463.0,22055.128655258395,0,0.0,1,0.0,0.0,False
199.872926,200.272926,H1,0.9628556879689668,1,1152.3333333333333,43979.694745290006,60326.0,23855.33333333333,16453.035400463006,0,0.0,1,0.0,0.0,False
200.072926,200.472926,H1,0.82488619196602,1,-5301.333333333333,31287.54612017731,58592.0,18869.0,12905.074350812552,0,0.0,1,0.0,0.0,False
200.272926,200.672926,H1,0.9628556879689668,1,5496.857142857143,38453.82001989463,58592.0,27931.571428571428,17089.97028215374,0,0.0,1,0.0,0.0,False
200.472926,200.872926,H1,0.82488619196602,1,-4456.571428571428,36671.58169036986,56744.0,42444.42857142857,11702.532996347938,0,0.0,1,0.0,0.0,False
200.672926,201.072926,H1,0.9520352580204148,1,140.0,37834.66895146126,57570.0,41679.66666666666,12649.913183716144,0,0.0,1,0.0,0.0,False
200.872926,201.272926,H1,0.82488619196602,1,-4095.6666666666665,36529.527789933934,57570.0,30804.0,17071.861673525826,0,0.0,1,0.0,0.0,False
201.072926,201.472926,H1,0.82488619196602,1,-2709.333333333333,36875.20429171282,59664.0,29501.666666666668,16555.74042104094,0,0.0,1,0.0,0.0,False
201.272926,201.672926,H1,0.9628556879689668,1,10294.0,48413.69422561584,59712.0,31098.42857142857,17222.017824842234,0,0.0,1,0.0,0.0,False
201.472926,201.872926,H1,0.9628556879689668,1,9573.42857142857,49315.73603065149,63100.0,32230.42857142857,18263.070457363192,0,0.0,1,0.0,0.0,False
201.672926,202.072926,H1,0.9628556879689668,1,18114.666666666668,47656.94446306389,63100.0,30207.0,18693.31156679665,0,0.0,1,0.0,0.0,False
201.872926,202.272926,H1,0.9628556879689668,1,10048.666666666666,62228.88702916748,94752.0,32027.0,21248.31949433492,0,0.0,1,0.0,0.0,False
202.072926,202.472926,H1,0.9628556879689668,1,13213.0,71146.15036434977,95908.0,35211.333333333336,23879.34087355754,0,0.0,1,0.0,0.0,False
202.272926,202.672926,H1,0.9628556879689668,1,21323.14285714286,50524.49664251581,95908.0,29751.0,20723.60269285793,0,0.0,1,0.0,0.0,False
202.472926,202.872926,H1,0.9628556879689668,1,4231.142857142857,40230.48603601351,59414.0,31597.85714285714,16413.484486226313,0,0.0,1,0.0,0.0,False
202.672926,203.072926,H1,0.9628556879689668,1,1798.0,46222.60134032557,57734.0,34504.333333333336,14923.026979209752,0,0.0,1,0.0,0.0,False
202.872926,203.272926,H1,0.9628556879689668,1,4564.666666666667,60159.37673288253,98448.0,38145.0,19555.856377736734,0,0.0,1,0.0,0.0,False
203.072926,203.472926,H1,0.9628556879689668,1,16001.333333333334,60050.74307246793,98448.0,26799.666666666668,21974.65636186883,0,0.0,1,0.0,0.0,False
203.272926,203.672926,H1,0.9628556879689668,1,24213.42857142857,31790.714452301247,60226.0,21747.0,15335.149354156474,0,0.0,1,0.0,0.0,False
203.472926,203.872926,H1,0.9628556879689668,1,5596.571428571428,36373.58186870223,56770.0,32362.714285714286,15584.70038865302,0,0.0,1,0.0,0.0,False
203.672926,204.072926,H1,0.82488619196602,1,-8776.333333333334,45312.59972556076,58146.0,35723.333333333336,14255.240459408447,0,0.0,1,0.0,0.0,False
203.872926,204.272926,H1,0.82488619196602,1,-4533.0,46116.8368783752,58546.0,29219.33333333333,17223.599756019517,0,0.0,1,0.0,0.0,False
204.072926,204.472926,H1,0.9628556879689668,1,12596.333333333334,47579.8941489178,59646.0,23733.33333333333,16744.191088918633,0,0.0,1,0.0,0.0,False
204.272926,204.672926,H1,0.9628556879689668,1,24039.714285714286,41930.88790485835,60144.0,16989.85714285714,12428.51356965186,0,0.0,1,0.0,0.0,False
204.472926,204.872926,H1,0.9628556879689668,1,7786.571428571428,37528.46384453556,60144.0,27062.42857142857,17604.61824844462,0,0.0,1,0.0,0.0,False
204.672926,205.072926,H1,0.82488619196602,1,-240.33333333333331,38582.93008428583,58820.0,40769.333333333336,12976.068249752012,0,0.0,1,0.0,0.0,False
204.872926,205.272926,H1,0.9628556879689668,1,7268.333333333333,42767.327972283805,58820.0,29202.666666666668,16233.27489722542,0,0.0,1,0.0,0.0,False
205.072926,205.472926,H1,0.9628556879689668,1,18833.33333333333,42172.227506842566,62272.0,18784.33333333333,12028.085171335,0,0.0,1,0.0,0.0,False
205.272926,205.672926,H1,0.9628556879689668,1,11375.142857142857,40005.12452684234,62272.0,31532.714285714286,15783.553698294269,0,0.0,1,0.0,0.0,False
205.472926,205.872926,H1,0.82488619196602,1,-13754.857142857143,33340.10381091291,45168.0,46015.28571428572,1038.6405557658688,0,0.0,1,0.0,0.0,False
205.672926,206.072926,H1,0.9628556879689668,1,6895.666666666667,43240.93258964499,58876.0,29666.0,17459.87253676269,0,0.0,1,0.0,0.0,False
205.872926,206.272926,H1,0.9628556879689668,1,7038.0,43615.49188075265,58876.0,29351.666666666668,17159.332724659067,0,0.0,1,0.0,0.0,False
206.072926,206.472926,H1,0.9628556879689668,1,1218.3333333333333,46974.30688389369,58014.0,35058.0,15727.2725225959,0,0.0,1,0.0,0.0,False
206.272926,206.672926,H1,0.9628556879689668,1,19346.85714285714,46026.4883593554,58968.0,21842.714285714286,14759.599972456528,0,0.0,1,0.0,0.0,False
206.472926,206.872926,H1,0.9628556879689668,1,9290.0,44718.72293090925,58968.0,22161.85714285714,15742.150111164896,0,0.0,1,0.0,0.0,False
206.672926,207.072926,H1,0.9628556879689668,1,17938.0,42175.85241185608,58462.0,18385.0,13612.616109085471,0,0.0,1,0.0,0.0,False
206.872926,207.272926,H1,0.9628556879689668,1,12302.666666666666,48818.83839484736,62258.0,24306.33333333333,17095.664349640105,0,0.0,1,0.0,0.0,False
207.072926,207.472926,H1,0.9628556879689668,1,1294.0,48659.04561332867,62258.0,35544.333333333336,17185.871277172875,0,0.0,1,0.0,0.0,False
207.272926,207.672926,H1,0.82488619196602,1,-8.857142857142858,39805.07268257786,60358.0,41527.57142857143,12557.910459230105,0,0.0,1,0.0,0.0,False
207.472926,207.872926,H1,0.82488619196602,1,-10092.0,41165.03215108668,58350.0,41675.28571428572,12132.602473315865,0,0.0,1,0.0,0.0,False
207.672926,208.072926,H1,0.82488619196602,1,-5507.0,41694.87386158319,58350.0,41848.66666666666,13353.403881491126,0,0.0,1,0.0,0.0,False
207.872926,208.272926,H1,0.82488619196602,1,-5369.0,40960.97312890243,56882.0,41679.333333333336,12596.243906639613,0,0.0,1,0.0,0.0,False
208.072926,208.472926,H1,0.9628556879689668,1,7082.0,50197.222539366325,58302.0,29345.666666666668,16113.912236187572,0,0.0,1,0.0,0.0,False
208.272926,208.672926,H1,0.9628556879689668,1,19492.85714285714,45833.62730394284,59128.0,21791.0,14839.568534351472,0,0.0,1,0.0,0.0,False
208.472926,208.872926,H1,0.9628556879689668,1,9618.857142857143,44632.17715450391,59128.0,21910.14285714286,15591.999225138983,0,0.0,1,0.0,0.0,False
208.672926,209.072926,H1,0.9628556879689668,1,18784.666666666668,41926.04319778128,59806.0,17936.333333333332,13438.001521390332,0,0.0,1,0.0,0.0,False
208.872926,209.272926,H1,0.9628556879689668,1,19094.666666666668,41398.3720399191,59806.0,17389.0,12344.85172045416,0,0.0,1,0.0,0.0,False
209.072926,209.472926,H1,0.9628556879689668,1,7228.666666666667,43106.068307013215,58990.0,29241.0,16729.648093529442,0,0.0,1,0.0,0.0,False
209.272926,209.672926,H1,0.9628556879689668,1,14216.285714285714,43869.70241754646,58484.0,27190.42857142857,16551.95711222386,0,0.0,1,0.0,0.0,False
209.472926,209.872926,H1,0.9628556879689668,1,14033.42857142857,39913.74372267257,58646.0,17235.0,11757.39402613157,0,0.0,1,0.0,0.0,False
209.672926,210.072926,H1,0.9628556879689668,1,11844.333333333334,38642.53255014336,58646.0,24264.666666666668,16905.06320274754,0,0.0,1,0.0,0.0,False
209.872926,210.272926,H1,0.82488619196602,1,-5200.333333333333,41971.56226806696,58392.0,41478.0,12987.644628646103,0,0.0,1,0.0,0.0,False
210.072926,210.472926,H1,0.9628556879689668,1,1131.6666666666667,47909.00764875942,60272.0,35038.0,16764.206144839267,0,0.0,1,0.0,0.0,False
210.272926,210.672926,H1,0.9628556879689668,1,14107.42857142857,44967.18892340802,60272.0,26849.571428571428,17762.174825471466,0,0.0,1,0.0,0.0,False
210.472926,210.872926,H1,0.82488619196602,1,-5964.857142857143,39297.83707399019,60010.0,37052.71428571428,16097.987999518857,0,0.0,1,0.0,0.0,False
210.672926,211.072926,H1,0.9628556879689668,1,785.6666666666666,47826.57493370071,59700.0,35295.333333333336,16901.71716785671,0,0.0,1,0.0,0.0,False
210.872926,211.272926,H1,0.9628556879689668,1,12976.666666666666,47781.72439565385,59700.0,23159.666666666668,16873.265902670482,0,0.0,1,0.0,0.0,False
211.072926,211.472926,H1,0.9628556879689668,1,12962.666666666666,47898.995475433054,59860.0,23279.0,16728.727387341813,0,0.0,1,0.0,0.0,False
211.272926,211.672926,H1,0.9628556879689668,1,19446.85714285714,47025.38585982369,59860.0,21690.714285714286,15738.448623076689,0,0.0,1,0.0,0.0,False
211.472926,211.872926,H1,0.9628556879689668,1,9512.285714285714,44300.16105005967,59316.0,21631.0,15500.35140615482,0,0.0,1,0.0,0.0,False
211.672926,212.072926,H1,0.9628556879689668,1,17871.666666666668,41334.58050940991,58312.0,18224.0,12591.63895871648,0,0.0,1,0.0,0.0,False
211.872926,212.272926,H1,0.9628556879689668,1,12198.333333333334,47410.96024362112,59248.0,23960.0,16034.846917469047,0,0.0,1,0.0,0.0,False
212.072926,212.472926,H1,0.9628556879689668,1,1339.6666666666667,47808.33467666026,59464.0,34772.0,16593.102814121296,0,0.0,1,0.0,0.0,False
212.272926,212.672926,H1,0.9628556879689668,1,14770.57142857143,43935.96282531834,59464.0,26332.14285714286,17134.761888616715,0,0.0,1,0.0,0.0,False
212.472926,212.872926,H1,0.9628556879689668,1,4423.142857142857,48184.60797340807,59246.0,26896.14285714286,17105.789224107488,0,0.0,1,0.0,0.0,False
212.672926,213.072926,H1,0.9628556879689668,1,12513.0,47767.32845435954,59638.0,23630.666666666668,16653.656872357562,0,0.0,1,0.0,0.0,False
212.872926,213.272926,H1,0.9628556879689668,1,19325.33333333333,42002.76187215418,60304.0,17006.333333333332,13210.99237587985,0,0.0,1,0.0,0.0,False
213.072926,213.472926,H1,0.9628556879689668,1,13152.0,47745.59722808655,60304.0,23242.33333333333,16891.832648419833,0,0.0,1,0.0,0.0,False
213.272926,213.672926,H1,0.9628556879689668,1,19028.85714285714,47176.84793996967,59962.0,21872.714285714286,16378.26020512981,0,0.0,1,0.0,0.0,False
213.472926,213.872926,H1,0.9628556879689668,1,4514.285714285715,48362.90587309448,59962.0,26346.14285714286,17394.571332365012,0,0.0,1,0.0,0.0,False
213.672926,214.072926,H1,0.9628556879689668,1,13270.333333333334,47341.3195762668,59366.0,22804.0,16201.418610726654,0,0.0,1,0.0,0.0,False
213.872926,214.272926,H1,0.9628556879689668,1,7305.666666666667,43571.34392260838,59366.0,28934.666666666668,17608.411869204887,0,0.0,1,0.0,0.0,False
214.072926,214.472926,H1,0.82488619196602,1,-10034.0,34435.73628272428,45168.0,46231.0,495.3786430600334,0,0.0,1,0.0,0.0,False
214.272926,214.672926,H1,0.82488619196602,1,-124.57142857142856,40310.4669670551,59832.0,41199.857142857145,12370.40439838536,0,0.0,1,0.0,0.0,False
214.472926,214.872926,H1,0.82488619196602,1,-5617.428571428572,47133.21213890066,59832.0,36774.42857142857,15890.798621099148,0,0.0,1,0.0,0.0,False
214.672926,215.072926,H1,0.9628556879689668,1,12484.333333333334,47653.54760374324,59604.0,23904.0,16471.3263076576,0,0.0,1,0.0,0.0,False
214.872926,215.272926,H1,0.9628556879689668,1,13020.0,47113.65625095693,59604.0,23244.33333333333,15603.016617165911,0,0.0,1,0.0,0.0,False
215.072926,215.472926,H1,0.9628556879689668,1,820.3333333333334,47346.40624752375,59310.0,35036.0,16596.710748418394,0,0.0,1,0.0,0.0,False
215.272926,215.672926,H1,0.9628556879689668,1,13801.42857142857,44479.07812141133,60320.0,27103.0,17545.350674344307,0,0.0,1,0.0,0.0,False
215.472926,215.872926,H1,0.9628556879689668,1,4199.142857142857,48348.21959620074,60320.0,27049.285714285717,16957.594250821967,0,0.0,1,0.0,0.0,False
215.672926,216.072926,H1,0.9628556879689668,1,6836.0,50978.28794039021,58084.0,29728.33333333333,16697.13495051039,0,0.0,1,0.0,0.0,False
215.872926,216.272926,H1,0.9628556879689668,1,1428.0,46518.34862359869,57906.0,35109.666666666664,15526.599742234472,0,0.0,1,0.0,0.0,False
216.072926,216.472926,H1,0.82488619196602,1,-4399.333333333333,41815.465283658974,58768.0,40575.66666666666,12855.495202009484,0,0.0,1,0.0,0.0,False
216.272926,216.672926,H1,0.9628556879689668,1,4187.428571428572,44398.52196657369,58768.0,36887.857142857145,15256.096181326257,0,0.0,1,0.0,0.0,False
216.472926,216.872926,H1,0.82488619196602,1,-5904.571428571428,47323.11687252449,60780.0,37164.42857142857,15904.262024080595,0,0.0,1,0.0,0.0,False
216.672926,217.072926,H1,0.9628556879689668,1,1242.6666666666667,48344.497427893024,60780.0,35044.333333333336,17189.05460524872,0,0.0,1,0.0,0.0,False
216.872926,217.272926,H1,0.9628556879689668,1,1471.3333333333333,47395.73526055787,59640.0,34868.333333333336,16315.36587256184,0,0.0,1,0.0,0.0,False
217.072926,217.472926,H1,0.82488619196602,1,-3983.6666666666665,41720.66144276984,58800.0,40398.0,12494.40444092208,0,0.0,1,0.0,0.0,False
217.272926,217.672926,H1,0.9628556879689668,1,4562.0,44874.45596009255,59134.0,36723.57142857143,15486.834213588769,0,0.0,1,0.0,0.0,False
217.472926,217.872926,H1,0.82488619196602,1,-5795.428571428572,47260.50087050085,59134.0,36989.0,15632.854085455505,0,0.0,1,0.0,0.0,False
217.672926,218.072926,H1,0.82488619196602,1,-10956.666666666666,34492.615164537594,45686.0,47170.333333333336,945.5867079344032,0,0.0,1,0.0,0.0,False
217.872926,218.272926,H1,0.9628556879689668,1,970.6666666666666,38280.75550746383,59898.0,35469.666666666664,17174.689853256612,0,0.0,1,0.0,0.0,False
218.072926,218.472926,H1,0.9628556879689668,1,6950.333333333333,43153.95917590361,59898.0,29368.666666666668,17491.114407670608,0,0.0,1,0.0,0.0,False
218.272926,218.672926,H1,0.9628556879689668,1,4118.857142857143,43756.46762782967,57032.0,37111.857142857145,14857.163038447832,0,0.0,1,0.0,0.0,False
218.472926,218.872926,H1,0.82488619196602,1,-748.5714285714286,43881.77504827893,59746.0,32092.42857142857,16304.360808929465,0,0.0,1,0.0,0.0,False
218.672926,219.072926,H1,0.9628556879689668,1,463.6666666666667,38861.656465238615,59746.0,35825.333333333336,16223.114268091547,0,0.0,1,0.0,0.0,False
218.872926,219.272926,H1,0.82488619196602,1,-10957.666666666666,34743.596540305894,46576.0,47363.333333333336,810.0283259793381,0,0.0,1,0.0,0.0,False
219.072926,219.472926,H1,0.82488619196602,1,-4857.666666666667,42306.39758423726,59726.0,41227.333333333336,13449.53101619367,0,0.0,1,0.0,0.0,False
219.272926,219.672926,H1,0.9628556879689668,1,8986.857142857143,49137.33215453711,59726.0,32287.85714285714,17769.88678658824,0,0.0,1,0.0,0.0,False
219.472926,219.872926,H1,0.82488619196602,1,-911.4285714285714,51947.972705822685,59166.0,32259.285714285717,17705.277483719656,0,0.0,1,0.0,0.0,False
219.672926,220.072926,H1,0.9628556879689668,1,6472.666666666667,52069.30639915313,59162.0,29943.666666666668,17560.071095781157,0,0.0,1,0.0,0.0,False
219.872926,220.272926,H1,0.9628556879689668,1,6720.0,51680.48202819577,59096.0,29886.33333333333,17180.671219587308,0,0.0,1,0.0,0.0,False
220.072926,220.472926,H1,0.9628556879689668,1,12950.333333333334,47271.54487873463,59184.0,23322.666666666668,16490.519960133326,0,0.0,1,0.0,0.0,False
220.272926,220.672926,H1,0.9628556879689668,1,29068.85714285714,34322.228147070986,60226.0,11946.42857142857,793.375223269519,0,0.0,1,0.0,0.0,False
220.472926,220.872926,H1,0.9628556879689668,1,14392.857142857143,40454.79652800703,60226.0,16784.14285714286,12483.163145711464,0,0.0,1,0.0,0.0,False
220.672926,221.072926,H1,0.9628556879689668,1,12824.0,47387.10941455141,59942.0,23260.33333333333,16469.053632663763,0,0.0,1,0.0,0.0,False
220.872926,221.272926,H1,0.9628556879689668,1,604.6666666666666,47406.97239389535,58618.0,35520.333333333336,16094.640750538329,0,0.0,1,0.0,0.0,False
221.072926,221.472926,H1,0.9628556879689668,1,6422.333333333333,43588.63216354568,58670.0,30042.666666666668,17237.406240176882,0,0.0,1,0.0,0.0,False
221.272926,221.672926,H1,0.9628556879689668,1,8516.285714285714,40850.34679941718,58670.0,32884.71428571428,17392.41093707487,0,0.0,1,0.0,0.0,False
221.472926,221.872926,H1,0.82488619196602,1,-15926.0,33889.97033257564,47046.0,47186.42857142857,944.95696910991,0,0.0,1,0.0,0.0,False
221.672926,222.072926,H1,0.9628556879689668,1,1270.3333333333333,47321.2388738456,59090.0,34864.666666666664,16307.01315044815,0,0.0,1,0.0,0.0,False
221.872926,222.272926,H1,0.9628556879689668,1,6887.0,51941.98807323416,59090.0,29327.33333333333,17411.368792321362,0,0.0,1,0.0,0.0,False
222.072926,222.472926,H1,0.9628556879689668,1,7254.333333333333,52025.90125974647,59860.0,29041.33333333333,17395.29474375822,0,0.0,1,0.0,0.0,False
222.272926,222.672926,H1,0.9628556879689668,1,4756.0,44825.86929122832,59860.0,36383.857142857145,15811.519448342277,0,0.0,1,0.0,0.0,False
222.472926,222.872926,H1,0.82488619196602,1,-9988.857142857143,41548.65897587884,60164.0,41307.0,12543.161642903277,0,0.0,1,0.0,0.0,False
222.672926,223.072926,H1,0.9628556879689668,1,13400.666666666666,47705.05515724257,60164.0,22875.0,16628.69235187582,0,0.0,1,0.0,0.0,False
222.872926,223.272926,H1,0.9628556879689668,1,12948.0,47684.37334529346,59494.0,23301.666666666668,16780.030419784372,0,0.0,1,0.0,0.0,False
223.072926,223.472926,H1,0.9628556879689668,1,12860.666666666666,47674.8020749839,59980.0,23339.666666666668,16759.80459976256,0,0.0,1,0.0,0.0,False
223.272926,223.672926,H1,0.9628556879689668,1,23720.85714285714,41234.96218165416,59980.0,17432.14285714286,12435.58556756228,0,0.0,1,0.0,0.0,False
223.472926,223.872926,H1,0.82488619196602,1,-1258.857142857143,43789.6431702702,57168.0,32663.85714285714,16707.52196235124,0,0.0,1,0.0,0.0,False
223.672926,224.072926,H1,0.82488619196602,1,-4735.0,42434.63495385187,60672.0,40904.0,13708.51661073023,0,0.0,1,0.0,0.0,False
223.872926,224.272926,H1,0.9628556879689668,1,7403.333333333333,43670.36295806217,60672.0,28736.33333333333,17978.375479694736,0,0.0,1,0.0,0.0,False
224.072926,224.472926,H1,0.9628556879689668,1,7374.333333333333,44004.08348349301,60748.0,28874.666666666668,18118.173653973947,0,0.0,1,0.0,0.0,False
224.272926,224.672926,H1,0.9628556879689668,1,14717.42857142857,44476.64976738482,60748.0,26477.85714285714,17636.058738752676,0,0.0,1,0.0,0.0,False
224.472926,224.872926,H1,0.9628556879689668,1,9793.142857142857,44413.6454431633,59390.0,21582.14285714286,15085.166142638947,0,0.0,1,0.0,0.0,False
224.672926,225.072926,H1,0.9628556879689668,1,12201.666666666666,46639.14113584093,58446.0,24073.33333333333,15355.660082052987,0,0.0,1,0.0,0.0,False
224.872926,225.272926,H1,0.9628556879689668,1,7139.666666666667,50945.72206334458,60138.0,29468.666666666668,16513.245730490282,0,0.0,1,0.0,0.0,False
225.072926,225.472926,H1,0.9628556879689668,1,12461.666666666666,46807.957676968654,60138.0,24104.0,15490.924213874394,0,0.0,1,0.0,0.0,False
225.272926,225.672926,H1,0.9628556879689668,1,23105.714285714286,41800.98476527723,60038.0,17987.285714285714,12247.024708233492,0,0.0,1,0.0,0.0,False
225.472926,225.872926,H1,0.9628556879689668,1,4088.857142857143,48270.46166705909,60038.0,27089.85714285714,16721.118481289046,0,0.0,1,0.0,0.0,False
225.672926,226.072926,H1,0.9628556879689668,1,1173.0,46652.10580098895,57770.0,35012.666666666664,15404.382078558758,0,0.0,1,0.0,0.0,False
225.872926,226.272926,H1,0.82488619196602,1,-4986.0,41656.60736705923,57770.0,41254.333333333336,12686.753651830017,0,0.0,1,0.0,0.0,False
226.072926,226.472926,H1,0.9628556879689668,1,5707.666666666667,43059.29530955605,58106.0,30388.0,17009.993601801656,0,0.0,1,0.0,0.0,False
226.272926,226.672926,H1,0.9628556879689668,1,23667.42857142857,40781.28549384647,59750.0,17334.714285714286,11454.956378470111,0,0.0,1,0.0,0.0,False
226.472926,226.872926,H1,0.9628556879689668,1,4594.285714285715,48430.846716040935,59838.0,26707.85714285714,17405.569645773663,0,0.0,1,0.0,0.0,False
226.672926,227.072926,H1,0.9628556879689668,1,11784.0,47504.47288414008,59838.0,24441.0,16346.61579654945,0,0.0,1,0.0,0.0,False
226.872926,227.272926,H1,0.9628556879689668,1,6424.333333333333,42783.22921296251,57330.0,29740.0,16132.79474651969,0,0.0,1,0.0,0.0,False
227.072926,227.472926,H1,0.82488619196602,1,-4154.333333333333,41236.641560900935,56658.0,40300.0,11899.388597738962,0,0.0,1,0.0,0.0,False
227.272926,227.672926,H1,0.9628556879689668,1,4906.0,43449.88877184514,56776.0,36148.142857142855,14166.999676598243,0,0.0,1,0.0,0.0,False
227.472926,227.872926,H1,0.9557398064344804,1,178.0,43480.37025732745,59014.0,31204.14285714286,16467.02595603513,0,0.0,1,0.0,0.0,False
227.672926,228.072926,H1,0.9628556879689668,1,12381.333333333334,47323.18446127179,59014.0,23938.33333333333,16473.144960477002,0,0.0,1,0.0,0.0,False
227.872926,228.272926,H1,0.9628556879689668,1,11832.333333333334,48020.31860808737,59814.0,24448.0,16727.259857290832,0,0.0,1,0.0,0.0,False
228.072926,228.472926,H1,0.9628556879689668,1,6196.0,44600.6857495861,59814.0,30182.33333333333,18393.659982601494,0,0.0,1,0.0,0.0,False
228.272926,228.672926,H1,0.9628556879689668,1,3783.428571428572,44798.68336986557,59552.0,37496.42857142857,16039.308061822392,0,0.0,1,0.0,0.0,False
228.472926,228.872926,H1,0.82488619196602,1,-994.5714285714286,43904.88913502896,58696.0,32205.85714285714,17013.69310231003,0,0.0,1,0.0,0.0,False
228.672926,229.072926,H1,0.9628556879689668,1,18283.33333333333,41977.01256110963,60142.0,17938.333333333332,12979.845744674916,0,0.0,1,0.0,0.0,False
228.872926,229.272926,H1,0.9628556879689668,1,18155.666666666668,41771.21622068904,60142.0,18232.0,12481.774112681258,0,0.0,1,0.0,0.0,False
229.072926,229.472926,H1,0.9628556879689668,1,12224.666666666666,47746.445447686354,59260.0,23899.0,16215.594099508042,0,0.0,1,0.0,0.0,False
229.272926,229.672926,H1,0.9628556879689668,1,8720.857142857143,48479.048268087856,59260.0,32264.714285714286,17469.661095038744,0,0.0,1,0.0,0.0,False
229.472926,229.872926,H1,0.82488619196602,1,-1234.857142857143,43354.29830537014,57130.0,32531.85714285714,16557.18581530234,0,0.0,1,0.0,0.0,False
229.672926,230.072926,H1,0.9628556879689668,1,7203.0,42782.04191402432,58972.0,29116.0,16417.610818873738,0,0.0,1,0.0,0.0,False
229.872926,230.272926,H1,0.9628556879689668,1,7029.0,43464.6600469853,58972.0,29154.666666666668,16894.503382921783,0,0.0,1,0.0,0.0,False
230.072926,230.472926,H1,0.9628556879689668,1,17714.333333333332,42107.56694335222,58592.0,18380.0,12825.28537694191,0,0.0,1,0.0,0.0,False
230.272926,230.672926,H1,0.9628556879689668,1,19246.0,47095.47785388438,60098.0,21807.0,15463.136329440322,0,0.0,1,0.0,0.0,False
230.472926,230.872926,H1,0.9628556879689668,1,4312.857142857143,48810.02144006486,60098.0,27012.14285714286,17242.67731472093,0,0.0,1,0.0,0.0,False
230.672926,231.072926,H1,0.9628556879689668,1,6923.666666666667,43753.30866599944,59958.0,29215.33333333333,16970.825963661548,0,0.0,1,0.0,0.0,False
230.872926,231.272926,H1,0.9628556879689668,1,1784.3333333333333,48002.41965313369,59958.0,34301.333333333336,16684.75437504417,0,0.0,1,0.0,0.0,False
231.072926,231.472926,H1,0.9628556879689668,1,995.6666666666666,47443.7168501326,59796.0,35159.333333333336,16410.86678257902,0,0.0,1,0.0,0.0,False
231.272926,231.672926,H1,0.9628556879689668,1,14529.714285714286,44592.704956606285,60806.0,26712.42857142857,17560.828054484893,0,0.0,1,0.0,0.0,False
231.472926,231.872926,H1,0.9628556879689668,1,4744.285714285715,49793.5328265322,60806.0,26695.571428571428,18364.16213994096,0,0.0,1,0.0,0.0,False
231.672926,232.072926,H1,0.9628556879689668,1,6838.0,52433.24215291924,60660.0,29501.666666666668,17747.32027346351,0,0.0,1,0.0,0.0,False
231.872926,232.272926,H1,0.9628556879689668,1,12956.333333333334,47535.664483510576,60082.0,23460.0,16184.770444258187,0,0.0,1,0.0,0.0,False
232.072926,232.472926,H1,0.9628556879689668,1,6596.666666666667,43645.98252098608,60082.0,29737.666666666668,17661.943972532834,0,0.0,1,0.0,0.0,False
232.272926,232.672926,H1,0.82488619196602,1,-1104.2857142857142,40069.12974103732,57802.0,42132.142857142855,11820.48289355112,0,0.0,1,0.0,0.0,False
232.472926,232.872926,H1,0.82488619196602,1,-5453.714285714285,38882.05875543661,58760.0,36585.0,15434.69523971423,0,0.0,1,0.0,0.0,False
232.672926,233.072926,H1,0.9628556879689668,1,12649.666666666666,46909.33235390255,58760.0,23406.0,15601.040296510144,0,0.0,1,0.0,0.0,False
232.872926,233.272926,H1,0.9628556879689668,1,6391.0,51864.53700105047,58854.0,29659.33333333333,17406.925036381992,0,0.0,1,0.0,0.0,False
233.072926,233.472926,H1,0.9628556879689668,1,1022.3333333333334,47981.42109076063,59374.0,35292.0,16780.846810178165,0,0.0,1,0.0,0.0,False
233.272926,233.672926,H1,0.9628556879689668,1,4521.142857142857,44276.01002616128,59374.0,36709.0,15296.815653686132,0,0.0,1,0.0,0.0,False
233.472926,233.872926,H1,0.82488619196602,1,-10885.42857142857,41020.59621652498,56756.0,42095.57142857143,11623.423233861417,0,0.0,1,0.0,0.0,False
233.672926,234.072926,H1,0.9628556879689668,1,440.3333333333333,48314.00676707417,59694.0,35720.0,16851.332954200785,0,0.0,1,0.0,0.0,False
233.872926,234.272926,H1,0.9628556879689668,1,12318.666666666666,47954.94300092768,59694.0,23881.0,16680.231733002594,0,0.0,1,0.0,0.0,False
234.072926,234.472926,H1,0.9628556879689668,1,12268.333333333334,47746.009877498895,59880.0,23875.33333333333,16537.507850002337,0,0.0,1,0.0,0.0,False
234.272926,234.672926,H1,0.9628556879689668,1,8933.714285714286,48822.130326652616,60170.0,32334.14285714286,17922.364635350128,0,0.0,1,0.0,0.0,False
234.472926,234.872926,H1,0.82488619196602,1,-10655.142857142857,41577.97765791945,60170.0,41961.857142857145,12756.857018074314,0,0.0,1,0.0,0.0,False
234.672926,235.072926,H1,0.9628556879689668,1,6342.0,43285.64206908953,58132.0,29495.666666666668,17061.325336040638,0,0.0,1,0.0,0.0,False
234.872926,235.272926,H1,0.9628556879689668,1,12214.666666666666,47894.10842914004,60466.0,23742.33333333333,16672.718981084705,0,0.0,1,0.0,0.0,False
235.072926,235.472926,H1,0.9628556879689668,1,12576.666666666666,48062.65438177778,60466.0,23673.0,16718.179884983492,0,0.0,1,0.0,0.0,False
235.272926,235.672926,H1,0.9628556879689668,1,23789.42857142857,41026.6387706369,59186.0,17279.0,11920.17051651767,0,0.0,1,0.0,0.0,False
235.472926,235.872926,H1,0.82488619196602,1,-1164.571428571429,43934.07546656742,58096.0,32377.0,17195.836705435417,0,0.0,1,0.0,0.0,False
235.672926,236.072926,H1,0.82488619196602,1,-4816.0,42062.28296229295,59716.0,41048.333333333336,13380.854266035818,0,0.0,1,0.0,0.0,False
235.872926,236.272926,H1,0.9628556879689668,1,973.0,47552.00776343028,59716.0,35096.666666666664,16455.832133994994,0,0.0,1,0.0,0.0,False
236.072926,236.472926,H1,0.9628556879689668,1,6415.666666666667,52213.620820837765,59536.0,29780.666666666668,17830.370174383803,0,0.0,1,0.0,0.0,False
236.272926,236.672926,H1,0.9628556879689668,1,9828.857142857143,48306.10458739313,59536.0,31375.0,17040.3237393794,0,0.0,1,0.0,0.0,False
236.472926,236.872926,H1,0.82488619196602,1,-290.2857142857143,43705.37124791834,58754.0,31494.714285714286,16395.07798713021,0,0.0,1,0.0,0.0,False
236.672926,237.072926,H1,0.9628556879689668,1,11970.333333333334,47087.768835323775,58906.0,24192.666666666668,15865.708027762965,0,0.0,1,0.0,0.0,False
236.872926,237.272926,H1,0.9628556879689668,1,7160.666666666667,51278.59469819959,59410.0,29171.666666666668,16761.458276521036,0,0.0,1,0.0,0.0,False
237.072926,237.472926,H1,0.9628556879689668,1,13076.666666666666,46932.36822871349,59410.0,23241.0,15848.071049815497,0,0.0,1,0.0,0.0,False
237.272926,237.672926,H1,0.9628556879689668,1,9530.285714285714,40492.2520621072,59316.0,31616.42857142857,16730.033411777265,0,0.0,1,0.0,0.0,False
237.472926,237.872926,H1,0.82488619196602,1,-10258.857142857143,41155.618576424815,57760.0,41427.28571428572,11774.47347581424,0,0.0,1,0.0,0.0,False
237.672926,238.072926,H1,0.9628556879689668,1,7023.333333333333,51806.687582031554,60446.0,29318.33333333333,17261.142398140655,0,0.0,1,0.0,0.0,False
237.872926,238.272926,H1,0.9628556879689668,1,12385.333333333334,47723.58232805059,60446.0,23950.33333333333,16494.465927159392,0,0.0,1,0.0,0.0,False
238.072926,238.472926,H1,0.9628556879689668,1,6419.666666666667,43401.49919709635,59604.0,29611.33333333333,17381.08141693785,0,0.0,1,0.0,0.0,False
238.272926,238.672926,H1,0.9628556879689668,1,4105.714285714285,44842.09030974068,59604.0,36895.28571428572,16318.257134828073,0,0.0,1,0.0,0.0,False
238.472926,238.872926,H1,0.82488619196602,1,-5677.714285714285,46741.902967906906,59348.0,36918.71428571428,16047.65497523179,0,0.0,1,0.0,0.0,False
238.672926,239.072926,H1,0.9628556879689668,1,1297.6666666666667,46809.59644370182,58360.0,35058.666666666664,15578.829199340436,0,0.0,1,0.0,0.0,False
238.872926,239.272926,H1,0.82488619196602,1,-4183.666666666667,41025.9937668249,56812.0,40440.66666666666,11829.446389788867,0,0.0,1,0.0,0.0,False
239.072926,239.472926,H1,0.82488619196602,1,-4729.0,36014.6091792391,57408.0,29338.0,16246.025472916956,0,0.0,1,0.0,0.0,False
239.272926,239.672926,H1,0.82488619196602,1,-1146.857142857143,35355.20626615617,57408.0,32421.0,16734.00257815548,0,0.0,1,0.0,0.0,False
239.472926,239.872926,H1,0.82488619196602,1,-10472.285714285714,41075.0742272672,58330.0,41808.71428571428,12094.322986004465,0,0.0,1,0.0,0.0,False
239.672926,240.072926,H1,0.9628556879689668,1,12245.666666666666,46971.74442033092,58330.0,23928.666666666668,15899.3026436871,0,0.0,1,0.0,0.0,False
239.872926,240.272926,H1,0.9628556879689668,1,12382.0,46791.08764141593,58310.0,23721.666666666668,15416.253270133082,0,0.0,1,0.0,0.0,False
240.072926,240.472926,H1,0.9628556879689668,1,7361.666666666667,51654.77172429367,59492.0,28666.666666666668,16994.488103173007,0,0.0,1,0.0,0.0,False
240.272926,240.672926,H1,0.9628556879689668,1,9484.57142857143,48315.86294629227,59492.0,31550.714285714286,17092.131971961215,0,0.0,1,0.0,0.0,False
