batch_directory,json_action_command,json_arm,json_classification,json_command,json_detail,json_elapsed_s,json_event,json_frames,json_frames_consumed,json_monotonic_s,json_packet_ts,json_pcap_magic,json_reason,json_returncode,json_stderr_text,json_stdout_bytes,json_stream_id,json_triggered,json_ts_divisor,json_type,json_utc,original_line,run_id,seal_scope,source_file,source_line_ordinal,source_sha256
s11_runs,ip netns exec s11sa1s ip link set s11sa1y1 down,action,,,,,stream_started,,,59.563491,,0xa1b23c4d,,,,,seg1-sa1,,1000000000.0,,2026-09-13T04:52:26Z,"{""event"": ""stream_started"", ""utc"": ""2026-09-13T04:52:26Z"", ""monotonic_s"": 59.563491, ""arm"": ""action"", ""stream_id"": ""seg1-sa1"", ""pcap_magic"": ""0xa1b23c4d"", ""ts_divisor"": 1000000000.0, ""action_command"": ""ip netns exec s11sa1s ip link set s11sa1y1 down""}",20260913_s11_act1,SEALED_FULL_LOG_EVALUATION_EVIDENCE,decision_log.jsonl,1,032ccc12d451f128c723c7a8b968981fb1444ae45e5615a54fc423bd6a208e3e
s11_runs,,action,NONOVERLAPPING_BLOCK_PERSISTENCE_OBSERVED,,,,detection_trigger,,632,77.065779,1789275164.2239494,,prospective_causal_nonoverlap_block_count,,,,,,,,2026-09-13T04:52:44Z,"{""event"": ""detection_trigger"", ""utc"": ""2026-09-13T04:52:44Z"", ""monotonic_s"": 77.065779, ""arm"": ""action"", ""classification"": ""NONOVERLAPPING_BLOCK_PERSISTENCE_OBSERVED"", ""reason"": ""prospective_causal_nonoverlap_block_count"", ""packet_ts"": 1789275164.2239494, ""frames_consumed"": 632}",20260913_s11_act1,SEALED_FULL_LOG_EVALUATION_EVIDENCE,decision_log.jsonl,2,032ccc12d451f128c723c7a8b968981fb1444ae45e5615a54fc423bd6a208e3e
s11_runs,,action,,ip netns exec s11sa1s ip link set s11sa1y1 down,,,action_intent,,,77.066975,,,,,,,,,,,2026-09-13T04:52:44Z,"{""event"": ""action_intent"", ""utc"": ""2026-09-13T04:52:44Z"", ""monotonic_s"": 77.066975, ""arm"": ""action"", ""command"": ""ip netns exec s11sa1s ip link set s11sa1y1 down""}",20260913_s11_act1,SEALED_FULL_LOG_EVALUATION_EVIDENCE,decision_log.jsonl,3,032ccc12d451f128c723c7a8b968981fb1444ae45e5615a54fc423bd6a208e3e
s11_runs,,action,,,,0.00472,action_execution_result,,,77.072373,,,,0,,0,,,,,2026-09-13T04:52:44Z,"{""event"": ""action_execution_result"", ""utc"": ""2026-09-13T04:52:44Z"", ""monotonic_s"": 77.072373, ""arm"": ""action"", ""returncode"": 0, ""elapsed_s"": 0.00472, ""stdout_bytes"": 0, ""stderr_text"": """"}",20260913_s11_act1,SEALED_FULL_LOG_EVALUATION_EVIDENCE,decision_log.jsonl,4,032ccc12d451f128c723c7a8b968981fb1444ae45e5615a54fc423bd6a208e3e
s11_runs,,action,,,,,stream_ended,636,,103.787335,,,,,,,,,,,2026-09-13T04:53:11Z,"{""event"": ""stream_ended"", ""utc"": ""2026-09-13T04:53:11Z"", ""monotonic_s"": 103.787335, ""arm"": ""action"", ""frames"": 636}",20260913_s11_act1,SEALED_FULL_LOG_EVALUATION_EVIDENCE,decision_log.jsonl,5,032ccc12d451f128c723c7a8b968981fb1444ae45e5615a54fc423bd6a208e3e
s11_runs,,action,,,,,detector_finished,636,,103.790047,,,,,,,,True,,,2026-09-13T04:53:11Z,"{""event"": ""detector_finished"", ""utc"": ""2026-09-13T04:53:11Z"", ""monotonic_s"": 103.790047, ""arm"": ""action"", ""frames"": 636, ""triggered"": true}",20260913_s11_act1,SEALED_FULL_LOG_EVALUATION_EVIDENCE,decision_log.jsonl,6,032ccc12d451f128c723c7a8b968981fb1444ae45e5615a54fc423bd6a208e3e
s11_runs,ip netns exec s11sa2s ip link set s11sa2y1 down,action,,,,,stream_started,,,156.647084,,0xa1b23c4d,,,,,seg1-sa2,,1000000000.0,,2026-09-13T04:54:03Z,"{""event"": ""stream_started"", ""utc"": ""2026-09-13T04:54:03Z"", ""monotonic_s"": 156.647084, ""arm"": ""action"", ""stream_id"": ""seg1-sa2"", ""pcap_magic"": ""0xa1b23c4d"", ""ts_divisor"": 1000000000.0, ""action_command"": ""ip netns exec s11sa2s ip link set s11sa2y1 down""}",20260913_s11_act2,SEALED_FULL_LOG_EVALUATION_EVIDENCE,decision_log.jsonl,1,53282eaaa44154817ebb00da48f4150b2b745310d5c0157585686e19f8439406
s11_runs,,action,NONOVERLAPPING_BLOCK_PERSISTENCE_OBSERVED,,,,detection_trigger,,567,172.500547,1789275259.1617935,,prospective_causal_nonoverlap_block_count,,,,,,,,2026-09-13T04:54:19Z,"{""event"": ""detection_trigger"", ""utc"": ""2026-09-13T04:54:19Z"", ""monotonic_s"": 172.500547, ""arm"": ""action"", ""classification"": ""NONOVERLAPPING_BLOCK_PERSISTENCE_OBSERVED"", ""reason"": ""prospective_causal_nonoverlap_block_count"", ""packet_ts"": 1789275259.1617935, ""frames_consumed"": 567}",20260913_s11_act2,SEALED_FULL_LOG_EVALUATION_EVIDENCE,decision_log.jsonl,2,53282eaaa44154817ebb00da48f4150b2b745310d5c0157585686e19f8439406
s11_runs,,action,,ip netns exec s11sa2s ip link set s11sa2y1 down,,,action_intent,,,172.501608,,,,,,,,,,,2026-09-13T04:54:19Z,"{""event"": ""action_intent"", ""utc"": ""2026-09-13T04:54:19Z"", ""monotonic_s"": 172.501608, ""arm"": ""action"", ""command"": ""ip netns exec s11sa2s ip link set s11sa2y1 down""}",20260913_s11_act2,SEALED_FULL_LOG_EVALUATION_EVIDENCE,decision_log.jsonl,3,53282eaaa44154817ebb00da48f4150b2b745310d5c0157585686e19f8439406
s11_runs,,action,,,,0.00417,action_execution_result,,,172.506561,,,,0,,0,,,,,2026-09-13T04:54:19Z,"{""event"": ""action_execution_result"", ""utc"": ""2026-09-13T04:54:19Z"", ""monotonic_s"": 172.506561, ""arm"": ""action"", ""returncode"": 0, ""elapsed_s"": 0.00417, ""stdout_bytes"": 0, ""stderr_text"": """"}",20260913_s11_act2,SEALED_FULL_LOG_EVALUATION_EVIDENCE,decision_log.jsonl,4,53282eaaa44154817ebb00da48f4150b2b745310d5c0157585686e19f8439406
s11_runs,,action,,,,,stream_ended,599,,201.220232,,,,,,,,,,,2026-09-13T04:54:48Z,"{""event"": ""stream_ended"", ""utc"": ""2026-09-13T04:54:48Z"", ""monotonic_s"": 201.220232, ""arm"": ""action"", ""frames"": 599}",20260913_s11_act2,SEALED_FULL_LOG_EVALUATION_EVIDENCE,decision_log.jsonl,5,53282eaaa44154817ebb00da48f4150b2b745310d5c0157585686e19f8439406
s11_runs,,action,,,,,detector_finished,599,,201.221379,,,,,,,,True,,,2026-09-13T04:54:48Z,"{""event"": ""detector_finished"", ""utc"": ""2026-09-13T04:54:48Z"", ""monotonic_s"": 201.221379, ""arm"": ""action"", ""frames"": 599, ""triggered"": true}",20260913_s11_act2,SEALED_FULL_LOG_EVALUATION_EVIDENCE,decision_log.jsonl,6,53282eaaa44154817ebb00da48f4150b2b745310d5c0157585686e19f8439406
s11_runs,ip netns exec s11sa3s ip link set s11sa3y1 down,action,,,,,stream_started,,,254.252322,,0xa1b23c4d,,,,,seg1-sa3,,1000000000.0,,2026-09-13T04:55:41Z,"{""event"": ""stream_started"", ""utc"": ""2026-09-13T04:55:41Z"", ""monotonic_s"": 254.252322, ""arm"": ""action"", ""stream_id"": ""seg1-sa3"", ""pcap_magic"": ""0xa1b23c4d"", ""ts_divisor"": 1000000000.0, ""action_command"": ""ip netns exec s11sa3s ip link set s11sa3y1 down""}",20260913_s11_act3,SEALED_FULL_LOG_EVALUATION_EVIDENCE,decision_log.jsonl,1,d50246bf015da4825ed7385b53c89a1552737d81791e1626fc4319e665b47a8b
s11_runs,,action,NONOVERLAPPING_BLOCK_PERSISTENCE_OBSERVED,,,,detection_trigger,,1117,285.125161,1789275372.1603498,,prospective_causal_nonoverlap_block_count,,,,,,,,2026-09-13T04:56:12Z,"{""event"": ""detection_trigger"", ""utc"": ""2026-09-13T04:56:12Z"", ""monotonic_s"": 285.125161, ""arm"": ""action"", ""classification"": ""NONOVERLAPPING_BLOCK_PERSISTENCE_OBSERVED"", ""reason"": ""prospective_causal_nonoverlap_block_count"", ""packet_ts"": 1789275372.1603498, ""frames_consumed"": 1117}",20260913_s11_act3,SEALED_FULL_LOG_EVALUATION_EVIDENCE,decision_log.jsonl,2,d50246bf015da4825ed7385b53c89a1552737d81791e1626fc4319e665b47a8b
s11_runs,,action,,ip netns exec s11sa3s ip link set s11sa3y1 down,,,action_intent,,,285.128744,,,,,,,,,,,2026-09-13T04:56:12Z,"{""event"": ""action_intent"", ""utc"": ""2026-09-13T04:56:12Z"", ""monotonic_s"": 285.128744, ""arm"": ""action"", ""command"": ""ip netns exec s11sa3s ip link set s11sa3y1 down""}",20260913_s11_act3,SEALED_FULL_LOG_EVALUATION_EVIDENCE,decision_log.jsonl,3,d50246bf015da4825ed7385b53c89a1552737d81791e1626fc4319e665b47a8b
s11_runs,,action,,,,0.015534,action_execution_result,,,285.14683,,,,0,,0,,,,,2026-09-13T04:56:12Z,"{""event"": ""action_execution_result"", ""utc"": ""2026-09-13T04:56:12Z"", ""monotonic_s"": 285.14683, ""arm"": ""action"", ""returncode"": 0, ""elapsed_s"": 0.015534, ""stdout_bytes"": 0, ""stderr_text"": """"}",20260913_s11_act3,SEALED_FULL_LOG_EVALUATION_EVIDENCE,decision_log.jsonl,4,d50246bf015da4825ed7385b53c89a1552737d81791e1626fc4319e665b47a8b
s11_runs,,action,,,,,stream_ended,1128,,298.885402,,,,,,,,,,,2026-09-13T04:56:26Z,"{""event"": ""stream_ended"", ""utc"": ""2026-09-13T04:56:26Z"", ""monotonic_s"": 298.885402, ""arm"": ""action"", ""frames"": 1128}",20260913_s11_act3,SEALED_FULL_LOG_EVALUATION_EVIDENCE,decision_log.jsonl,5,d50246bf015da4825ed7385b53c89a1552737d81791e1626fc4319e665b47a8b
s11_runs,,action,,,,,detector_finished,1128,,298.886767,,,,,,,,True,,,2026-09-13T04:56:26Z,"{""event"": ""detector_finished"", ""utc"": ""2026-09-13T04:56:26Z"", ""monotonic_s"": 298.886767, ""arm"": ""action"", ""frames"": 1128, ""triggered"": true}",20260913_s11_act3,SEALED_FULL_LOG_EVALUATION_EVIDENCE,decision_log.jsonl,6,d50246bf015da4825ed7385b53c89a1552737d81791e1626fc4319e665b47a8b
s11_runs,ip netns exec s11sa4s ip link set s11sa4y1 down,action,,,,,stream_started,,,351.103243,,0xa1b23c4d,,,,,seg1-sa4,,1000000000.0,,2026-09-13T04:57:18Z,"{""event"": ""stream_started"", ""utc"": ""2026-09-13T04:57:18Z"", ""monotonic_s"": 351.103243, ""arm"": ""action"", ""stream_id"": ""seg1-sa4"", ""pcap_magic"": ""0xa1b23c4d"", ""ts_divisor"": 1000000000.0, ""action_command"": ""ip netns exec s11sa4s ip link set s11sa4y1 down""}",20260913_s11_act4,SEALED_PREFIX_EVALUATION_EVIDENCE,decision_log.jsonl,1,4e5041a8b54263e601404030142b749a7de130b0831b06864beb4b6165733e8a
s11_runs,,action,NONOVERLAPPING_BLOCK_PERSISTENCE_OBSERVED,,,,detection_trigger,,536,366.929617,1789275453.7457502,,prospective_causal_nonoverlap_block_count,,,,,,,,2026-09-13T04:57:34Z,"{""event"": ""detection_trigger"", ""utc"": ""2026-09-13T04:57:34Z"", ""monotonic_s"": 366.929617, ""arm"": ""action"", ""classification"": ""NONOVERLAPPING_BLOCK_PERSISTENCE_OBSERVED"", ""reason"": ""prospective_causal_nonoverlap_block_count"", ""packet_ts"": 1789275453.7457502, ""frames_consumed"": 536}",20260913_s11_act4,SEALED_PREFIX_EVALUATION_EVIDENCE,decision_log.jsonl,2,4e5041a8b54263e601404030142b749a7de130b0831b06864beb4b6165733e8a
s11_runs,,action,,ip netns exec s11sa4s ip link set s11sa4y1 down,,,action_intent,,,366.931875,,,,,,,,,,,2026-09-13T04:57:34Z,"{""event"": ""action_intent"", ""utc"": ""2026-09-13T04:57:34Z"", ""monotonic_s"": 366.931875, ""arm"": ""action"", ""command"": ""ip netns exec s11sa4s ip link set s11sa4y1 down""}",20260913_s11_act4,SEALED_PREFIX_EVALUATION_EVIDENCE,decision_log.jsonl,3,4e5041a8b54263e601404030142b749a7de130b0831b06864beb4b6165733e8a
s11_runs,,action,,,,0.009784,action_execution_result,,,366.943308,,,,0,,0,,,,,2026-09-13T04:57:34Z,"{""event"": ""action_execution_result"", ""utc"": ""2026-09-13T04:57:34Z"", ""monotonic_s"": 366.943308, ""arm"": ""action"", ""returncode"": 0, ""elapsed_s"": 0.009784, ""stdout_bytes"": 0, ""stderr_text"": """"}",20260913_s11_act4,SEALED_PREFIX_EVALUATION_EVIDENCE,decision_log.jsonl,4,4e5041a8b54263e601404030142b749a7de130b0831b06864beb4b6165733e8a
s11_runs,,action,,,,,stream_ended,554,,395.656672,,,,,,,,,,,2026-09-13T04:58:03Z,"{""event"": ""stream_ended"", ""utc"": ""2026-09-13T04:58:03Z"", ""monotonic_s"": 395.656672, ""arm"": ""action"", ""frames"": 554}",20260913_s11_act4,POST_SEAL_APPENDED_NOT_EVALUATION_EVIDENCE,decision_log.jsonl,5,4e5041a8b54263e601404030142b749a7de130b0831b06864beb4b6165733e8a
s11_runs,,action,,,,,detector_finished,554,,395.657534,,,,,,,,True,,,2026-09-13T04:58:03Z,"{""event"": ""detector_finished"", ""utc"": ""2026-09-13T04:58:03Z"", ""monotonic_s"": 395.657534, ""arm"": ""action"", ""frames"": 554, ""triggered"": true}",20260913_s11_act4,POST_SEAL_APPENDED_NOT_EVALUATION_EVIDENCE,decision_log.jsonl,6,4e5041a8b54263e601404030142b749a7de130b0831b06864beb4b6165733e8a
s11_runs,ip netns exec s11sa5s ip link set s11sa5y1 down,action,,,,,stream_started,,,448.396786,,0xa1b23c4d,,,,,seg1-sa5,,1000000000.0,,2026-09-13T04:58:55Z,"{""event"": ""stream_started"", ""utc"": ""2026-09-13T04:58:55Z"", ""monotonic_s"": 448.396786, ""arm"": ""action"", ""stream_id"": ""seg1-sa5"", ""pcap_magic"": ""0xa1b23c4d"", ""ts_divisor"": 1000000000.0, ""action_command"": ""ip netns exec s11sa5s ip link set s11sa5y1 down""}",20260913_s11_act5,SEALED_FULL_LOG_EVALUATION_EVIDENCE,decision_log.jsonl,1,1f4492f7dfa50b266870424657fab457ffeaec1383fc36667a8373abe81b6ce5
s11_runs,,action,NONOVERLAPPING_BLOCK_PERSISTENCE_OBSERVED,,,,detection_trigger,,658,466.989038,1789275553.7955384,,prospective_causal_nonoverlap_block_count,,,,,,,,2026-09-13T04:59:14Z,"{""event"": ""detection_trigger"", ""utc"": ""2026-09-13T04:59:14Z"", ""monotonic_s"": 466.989038, ""arm"": ""action"", ""classification"": ""NONOVERLAPPING_BLOCK_PERSISTENCE_OBSERVED"", ""reason"": ""prospective_causal_nonoverlap_block_count"", ""packet_ts"": 1789275553.7955384, ""frames_consumed"": 658}",20260913_s11_act5,SEALED_FULL_LOG_EVALUATION_EVIDENCE,decision_log.jsonl,2,1f4492f7dfa50b266870424657fab457ffeaec1383fc36667a8373abe81b6ce5
s11_runs,,action,,ip netns exec s11sa5s ip link set s11sa5y1 down,,,action_intent,,,466.990947,,,,,,,,,,,2026-09-13T04:59:14Z,"{""event"": ""action_intent"", ""utc"": ""2026-09-13T04:59:14Z"", ""monotonic_s"": 466.990947, ""arm"": ""action"", ""command"": ""ip netns exec s11sa5s ip link set s11sa5y1 down""}",20260913_s11_act5,SEALED_FULL_LOG_EVALUATION_EVIDENCE,decision_log.jsonl,3,1f4492f7dfa50b266870424657fab457ffeaec1383fc36667a8373abe81b6ce5
s11_runs,,action,,,,0.005579,action_execution_result,,,466.997783,,,,0,,0,,,,,2026-09-13T04:59:14Z,"{""event"": ""action_execution_result"", ""utc"": ""2026-09-13T04:59:14Z"", ""monotonic_s"": 466.997783, ""arm"": ""action"", ""returncode"": 0, ""elapsed_s"": 0.005579, ""stdout_bytes"": 0, ""stderr_text"": """"}",20260913_s11_act5,SEALED_FULL_LOG_EVALUATION_EVIDENCE,decision_log.jsonl,4,1f4492f7dfa50b266870424657fab457ffeaec1383fc36667a8373abe81b6ce5
s11_runs,,action,,,,,stream_ended,680,,492.842392,,,,,,,,,,,2026-09-13T04:59:40Z,"{""event"": ""stream_ended"", ""utc"": ""2026-09-13T04:59:40Z"", ""monotonic_s"": 492.842392, ""arm"": ""action"", ""frames"": 680}",20260913_s11_act5,SEALED_FULL_LOG_EVALUATION_EVIDENCE,decision_log.jsonl,5,1f4492f7dfa50b266870424657fab457ffeaec1383fc36667a8373abe81b6ce5
s11_runs,,action,,,,,detector_finished,680,,492.845161,,,,,,,,True,,,2026-09-13T04:59:40Z,"{""event"": ""detector_finished"", ""utc"": ""2026-09-13T04:59:40Z"", ""monotonic_s"": 492.845161, ""arm"": ""action"", ""frames"": 680, ""triggered"": true}",20260913_s11_act5,SEALED_FULL_LOG_EVALUATION_EVIDENCE,decision_log.jsonl,6,1f4492f7dfa50b266870424657fab457ffeaec1383fc36667a8373abe81b6ce5
s11_runs,ip netns exec s11sn1s ip link set s11sn1y1 down,no_action,,,,,stream_started,,,107.999984,,0xa1b23c4d,,,,,seg1-sn1,,1000000000.0,,2026-09-13T04:53:15Z,"{""event"": ""stream_started"", ""utc"": ""2026-09-13T04:53:15Z"", ""monotonic_s"": 107.999984, ""arm"": ""no_action"", ""stream_id"": ""seg1-sn1"", ""pcap_magic"": ""0xa1b23c4d"", ""ts_divisor"": 1000000000.0, ""action_command"": ""ip netns exec s11sn1s ip link set s11sn1y1 down""}",20260913_s11_noact1,SEALED_FULL_LOG_EVALUATION_EVIDENCE,decision_log.jsonl,1,b7a63bb9aae0104ca14167e95f48a6335adad1c639ca0e82ce8872c250f9af5b
s11_runs,,no_action,NONOVERLAPPING_BLOCK_PERSISTENCE_OBSERVED,,,,detection_trigger,,605,124.840575,1789275212.0459716,,prospective_causal_nonoverlap_block_count,,,,,,,,2026-09-13T04:53:32Z,"{""event"": ""detection_trigger"", ""utc"": ""2026-09-13T04:53:32Z"", ""monotonic_s"": 124.840575, ""arm"": ""no_action"", ""classification"": ""NONOVERLAPPING_BLOCK_PERSISTENCE_OBSERVED"", ""reason"": ""prospective_causal_nonoverlap_block_count"", ""packet_ts"": 1789275212.0459716, ""frames_consumed"": 605}",20260913_s11_noact1,SEALED_FULL_LOG_EVALUATION_EVIDENCE,decision_log.jsonl,2,b7a63bb9aae0104ca14167e95f48a6335adad1c639ca0e82ce8872c250f9af5b
s11_runs,,no_action,,,"no_action arm: matched control, nothing executed",,action_withheld,,,124.841912,,,,,,,,,,,2026-09-13T04:53:32Z,"{""event"": ""action_withheld"", ""utc"": ""2026-09-13T04:53:32Z"", ""monotonic_s"": 124.841912, ""arm"": ""no_action"", ""detail"": ""no_action arm: matched control, nothing executed""}",20260913_s11_noact1,SEALED_FULL_LOG_EVALUATION_EVIDENCE,decision_log.jsonl,3,b7a63bb9aae0104ca14167e95f48a6335adad1c639ca0e82ce8872c250f9af5b
s11_runs,,no_action,,,,,stream_ended,1574,,152.823264,,,,,,,,,,,2026-09-13T04:54:00Z,"{""event"": ""stream_ended"", ""utc"": ""2026-09-13T04:54:00Z"", ""monotonic_s"": 152.823264, ""arm"": ""no_action"", ""frames"": 1574}",20260913_s11_noact1,SEALED_FULL_LOG_EVALUATION_EVIDENCE,decision_log.jsonl,4,b7a63bb9aae0104ca14167e95f48a6335adad1c639ca0e82ce8872c250f9af5b
s11_runs,,no_action,,,,,detector_finished,1574,,152.826128,,,,,,,,True,,,2026-09-13T04:54:00Z,"{""event"": ""detector_finished"", ""utc"": ""2026-09-13T04:54:00Z"", ""monotonic_s"": 152.826128, ""arm"": ""no_action"", ""frames"": 1574, ""triggered"": true}",20260913_s11_noact1,SEALED_FULL_LOG_EVALUATION_EVIDENCE,decision_log.jsonl,5,b7a63bb9aae0104ca14167e95f48a6335adad1c639ca0e82ce8872c250f9af5b
s11_runs,ip netns exec s11sn2s ip link set s11sn2y1 down,no_action,,,,,stream_started,,,205.464302,,0xa1b23c4d,,,,,seg1-sn2,,1000000000.0,,2026-09-13T04:54:52Z,"{""event"": ""stream_started"", ""utc"": ""2026-09-13T04:54:52Z"", ""monotonic_s"": 205.464302, ""arm"": ""no_action"", ""stream_id"": ""seg1-sn2"", ""pcap_magic"": ""0xa1b23c4d"", ""ts_divisor"": 1000000000.0, ""action_command"": ""ip netns exec s11sn2s ip link set s11sn2y1 down""}",20260913_s11_noact2,SEALED_FULL_LOG_EVALUATION_EVIDENCE,decision_log.jsonl,1,5a7bde605eb1cac530e9adc8bb433cfa30958aa48411ce0446bf7e895f4a48fd
s11_runs,,no_action,NONOVERLAPPING_BLOCK_PERSISTENCE_OBSERVED,,,,detection_trigger,,1127,237.066707,1789275324.3160796,,prospective_causal_nonoverlap_block_count,,,,,,,,2026-09-13T04:55:24Z,"{""event"": ""detection_trigger"", ""utc"": ""2026-09-13T04:55:24Z"", ""monotonic_s"": 237.066707, ""arm"": ""no_action"", ""classification"": ""NONOVERLAPPING_BLOCK_PERSISTENCE_OBSERVED"", ""reason"": ""prospective_causal_nonoverlap_block_count"", ""packet_ts"": 1789275324.3160796, ""frames_consumed"": 1127}",20260913_s11_noact2,SEALED_FULL_LOG_EVALUATION_EVIDENCE,decision_log.jsonl,2,5a7bde605eb1cac530e9adc8bb433cfa30958aa48411ce0446bf7e895f4a48fd
s11_runs,,no_action,,,"no_action arm: matched control, nothing executed",,action_withheld,,,237.07074,,,,,,,,,,,2026-09-13T04:55:24Z,"{""event"": ""action_withheld"", ""utc"": ""2026-09-13T04:55:24Z"", ""monotonic_s"": 237.07074, ""arm"": ""no_action"", ""detail"": ""no_action arm: matched control, nothing executed""}",20260913_s11_noact2,SEALED_FULL_LOG_EVALUATION_EVIDENCE,decision_log.jsonl,3,5a7bde605eb1cac530e9adc8bb433cfa30958aa48411ce0446bf7e895f4a48fd
s11_runs,,no_action,,,,,stream_ended,1557,,249.887345,,,,,,,,,,,2026-09-13T04:55:37Z,"{""event"": ""stream_ended"", ""utc"": ""2026-09-13T04:55:37Z"", ""monotonic_s"": 249.887345, ""arm"": ""no_action"", ""frames"": 1557}",20260913_s11_noact2,SEALED_FULL_LOG_EVALUATION_EVIDENCE,decision_log.jsonl,4,5a7bde605eb1cac530e9adc8bb433cfa30958aa48411ce0446bf7e895f4a48fd
s11_runs,,no_action,,,,,detector_finished,1557,,249.889798,,,,,,,,True,,,2026-09-13T04:55:37Z,"{""event"": ""detector_finished"", ""utc"": ""2026-09-13T04:55:37Z"", ""monotonic_s"": 249.889798, ""arm"": ""no_action"", ""frames"": 1557, ""triggered"": true}",20260913_s11_noact2,SEALED_FULL_LOG_EVALUATION_EVIDENCE,decision_log.jsonl,5,5a7bde605eb1cac530e9adc8bb433cfa30958aa48411ce0446bf7e895f4a48fd
s11_runs,ip netns exec s11sn3s ip link set s11sn3y1 down,no_action,,,,,stream_started,,,302.85601,,0xa1b23c4d,,,,,seg1-sn3,,1000000000.0,,2026-09-13T04:56:30Z,"{""event"": ""stream_started"", ""utc"": ""2026-09-13T04:56:30Z"", ""monotonic_s"": 302.85601, ""arm"": ""no_action"", ""stream_id"": ""seg1-sn3"", ""pcap_magic"": ""0xa1b23c4d"", ""ts_divisor"": 1000000000.0, ""action_command"": ""ip netns exec s11sn3s ip link set s11sn3y1 down""}",20260913_s11_noact3,SEALED_PREFIX_EVALUATION_EVIDENCE,decision_log.jsonl,1,87695af2ba8a2bb937eba0b112e917d36c47bc4d33adb08d70f2841dec5b7c3a
s11_runs,,no_action,NONOVERLAPPING_BLOCK_PERSISTENCE_OBSERVED,,,,detection_trigger,,749,324.623838,1789275411.2138414,,prospective_causal_nonoverlap_block_count,,,,,,,,2026-09-13T04:56:51Z,"{""event"": ""detection_trigger"", ""utc"": ""2026-09-13T04:56:51Z"", ""monotonic_s"": 324.623838, ""arm"": ""no_action"", ""classification"": ""NONOVERLAPPING_BLOCK_PERSISTENCE_OBSERVED"", ""reason"": ""prospective_causal_nonoverlap_block_count"", ""packet_ts"": 1789275411.2138414, ""frames_consumed"": 749}",20260913_s11_noact3,SEALED_PREFIX_EVALUATION_EVIDENCE,decision_log.jsonl,2,87695af2ba8a2bb937eba0b112e917d36c47bc4d33adb08d70f2841dec5b7c3a
s11_runs,,no_action,,,"no_action arm: matched control, nothing executed",,action_withheld,,,324.626351,,,,,,,,,,,2026-09-13T04:56:51Z,"{""event"": ""action_withheld"", ""utc"": ""2026-09-13T04:56:51Z"", ""monotonic_s"": 324.626351, ""arm"": ""no_action"", ""detail"": ""no_action arm: matched control, nothing executed""}",20260913_s11_noact3,SEALED_PREFIX_EVALUATION_EVIDENCE,decision_log.jsonl,3,87695af2ba8a2bb937eba0b112e917d36c47bc4d33adb08d70f2841dec5b7c3a
s11_runs,,no_action,,,,,stream_ended,1587,,347.404593,,,,,,,,,,,2026-09-13T04:57:14Z,"{""event"": ""stream_ended"", ""utc"": ""2026-09-13T04:57:14Z"", ""monotonic_s"": 347.404593, ""arm"": ""no_action"", ""frames"": 1587}",20260913_s11_noact3,POST_SEAL_APPENDED_NOT_EVALUATION_EVIDENCE,decision_log.jsonl,4,87695af2ba8a2bb937eba0b112e917d36c47bc4d33adb08d70f2841dec5b7c3a
s11_runs,,no_action,,,,,detector_finished,1587,,347.405728,,,,,,,,True,,,2026-09-13T04:57:14Z,"{""event"": ""detector_finished"", ""utc"": ""2026-09-13T04:57:14Z"", ""monotonic_s"": 347.405728, ""arm"": ""no_action"", ""frames"": 1587, ""triggered"": true}",20260913_s11_noact3,POST_SEAL_APPENDED_NOT_EVALUATION_EVIDENCE,decision_log.jsonl,5,87695af2ba8a2bb937eba0b112e917d36c47bc4d33adb08d70f2841dec5b7c3a
s11_runs,ip netns exec s11sn4s ip link set s11sn4y1 down,no_action,,,,,stream_started,,,399.607717,,0xa1b23c4d,,,,,seg1-sn4,,1000000000.0,,2026-09-13T04:58:06Z,"{""event"": ""stream_started"", ""utc"": ""2026-09-13T04:58:06Z"", ""monotonic_s"": 399.607717, ""arm"": ""no_action"", ""stream_id"": ""seg1-sn4"", ""pcap_magic"": ""0xa1b23c4d"", ""ts_divisor"": 1000000000.0, ""action_command"": ""ip netns exec s11sn4s ip link set s11sn4y1 down""}",20260913_s11_noact4,SEALED_PREFIX_EVALUATION_EVIDENCE,decision_log.jsonl,1,c33e4f7e48a19ff9ca40a1f80575bedcc03f0309fc2a02c8a9b7472171bb3822
s11_runs,,no_action,NONOVERLAPPING_BLOCK_PERSISTENCE_OBSERVED,,,,detection_trigger,,874,423.447502,1789275510.6499233,,prospective_causal_nonoverlap_block_count,,,,,,,,2026-09-13T04:58:30Z,"{""event"": ""detection_trigger"", ""utc"": ""2026-09-13T04:58:30Z"", ""monotonic_s"": 423.447502, ""arm"": ""no_action"", ""classification"": ""NONOVERLAPPING_BLOCK_PERSISTENCE_OBSERVED"", ""reason"": ""prospective_causal_nonoverlap_block_count"", ""packet_ts"": 1789275510.6499233, ""frames_consumed"": 874}",20260913_s11_noact4,SEALED_PREFIX_EVALUATION_EVIDENCE,decision_log.jsonl,2,c33e4f7e48a19ff9ca40a1f80575bedcc03f0309fc2a02c8a9b7472171bb3822
s11_runs,,no_action,,,"no_action arm: matched control, nothing executed",,action_withheld,,,423.451606,,,,,,,,,,,2026-09-13T04:58:30Z,"{""event"": ""action_withheld"", ""utc"": ""2026-09-13T04:58:30Z"", ""monotonic_s"": 423.451606, ""arm"": ""no_action"", ""detail"": ""no_action arm: matched control, nothing executed""}",20260913_s11_noact4,SEALED_PREFIX_EVALUATION_EVIDENCE,decision_log.jsonl,3,c33e4f7e48a19ff9ca40a1f80575bedcc03f0309fc2a02c8a9b7472171bb3822
s11_runs,,no_action,,,,,stream_ended,1580,,444.124232,,,,,,,,,,,2026-09-13T04:58:51Z,"{""event"": ""stream_ended"", ""utc"": ""2026-09-13T04:58:51Z"", ""monotonic_s"": 444.124232, ""arm"": ""no_action"", ""frames"": 1580}",20260913_s11_noact4,POST_SEAL_APPENDED_NOT_EVALUATION_EVIDENCE,decision_log.jsonl,4,c33e4f7e48a19ff9ca40a1f80575bedcc03f0309fc2a02c8a9b7472171bb3822
s11_runs,,no_action,,,,,detector_finished,1580,,444.125443,,,,,,,,True,,,2026-09-13T04:58:51Z,"{""event"": ""detector_finished"", ""utc"": ""2026-09-13T04:58:51Z"", ""monotonic_s"": 444.125443, ""arm"": ""no_action"", ""frames"": 1580, ""triggered"": true}",20260913_s11_noact4,POST_SEAL_APPENDED_NOT_EVALUATION_EVIDENCE,decision_log.jsonl,5,c33e4f7e48a19ff9ca40a1f80575bedcc03f0309fc2a02c8a9b7472171bb3822
s11_runs,ip netns exec s11sn5s ip link set s11sn5y1 down,no_action,,,,,stream_started,,,497.746336,,0xa1b23c4d,,,,,seg1-sn5,,1000000000.0,,2026-09-13T04:59:45Z,"{""event"": ""stream_started"", ""utc"": ""2026-09-13T04:59:45Z"", ""monotonic_s"": 497.746336, ""arm"": ""no_action"", ""stream_id"": ""seg1-sn5"", ""pcap_magic"": ""0xa1b23c4d"", ""ts_divisor"": 1000000000.0, ""action_command"": ""ip netns exec s11sn5s ip link set s11sn5y1 down""}",20260913_s11_noact5,SEALED_FULL_LOG_EVALUATION_EVIDENCE,decision_log.jsonl,1,7374566da9f3d060b10e27c1e319f99500d4b7510515fca4299009d37e6e0b86
s11_runs,,no_action,NONOVERLAPPING_BLOCK_PERSISTENCE_OBSERVED,,,,detection_trigger,,618,515.139906,1789275601.9917743,,prospective_causal_nonoverlap_block_count,,,,,,,,2026-09-13T05:00:02Z,"{""event"": ""detection_trigger"", ""utc"": ""2026-09-13T05:00:02Z"", ""monotonic_s"": 515.139906, ""arm"": ""no_action"", ""classification"": ""NONOVERLAPPING_BLOCK_PERSISTENCE_OBSERVED"", ""reason"": ""prospective_causal_nonoverlap_block_count"", ""packet_ts"": 1789275601.9917743, ""frames_consumed"": 618}",20260913_s11_noact5,SEALED_FULL_LOG_EVALUATION_EVIDENCE,decision_log.jsonl,2,7374566da9f3d060b10e27c1e319f99500d4b7510515fca4299009d37e6e0b86
s11_runs,,no_action,,,"no_action arm: matched control, nothing executed",,action_withheld,,,515.143699,,,,,,,,,,,2026-09-13T05:00:02Z,"{""event"": ""action_withheld"", ""utc"": ""2026-09-13T05:00:02Z"", ""monotonic_s"": 515.143699, ""arm"": ""no_action"", ""detail"": ""no_action arm: matched control, nothing executed""}",20260913_s11_noact5,SEALED_FULL_LOG_EVALUATION_EVIDENCE,decision_log.jsonl,3,7374566da9f3d060b10e27c1e319f99500d4b7510515fca4299009d37e6e0b86
s11_runs,,no_action,,,,,stream_ended,1571,,541.93951,,,,,,,,,,,2026-09-13T05:00:29Z,"{""event"": ""stream_ended"", ""utc"": ""2026-09-13T05:00:29Z"", ""monotonic_s"": 541.93951, ""arm"": ""no_action"", ""frames"": 1571}",20260913_s11_noact5,SEALED_FULL_LOG_EVALUATION_EVIDENCE,decision_log.jsonl,4,7374566da9f3d060b10e27c1e319f99500d4b7510515fca4299009d37e6e0b86
s11_runs,,no_action,,,,,detector_finished,1571,,541.942429,,,,,,,,True,,,2026-09-13T05:00:29Z,"{""event"": ""detector_finished"", ""utc"": ""2026-09-13T05:00:29Z"", ""monotonic_s"": 541.942429, ""arm"": ""no_action"", ""frames"": 1571, ""triggered"": true}",20260913_s11_noact5,SEALED_FULL_LOG_EVALUATION_EVIDENCE,decision_log.jsonl,5,7374566da9f3d060b10e27c1e319f99500d4b7510515fca4299009d37e6e0b86
s14_runs,ip netns exec s14saf1s ip link set s14saf1y1 down,no_action,,,,,stream_started,,,665.307424,,0xa1b23c4d,,,,,seg1-saf1,,1000000000.0,,2026-09-13T17:05:18Z,"{""event"": ""stream_started"", ""utc"": ""2026-09-13T17:05:18Z"", ""monotonic_s"": 665.307424, ""arm"": ""no_action"", ""stream_id"": ""seg1-saf1"", ""pcap_magic"": ""0xa1b23c4d"", ""ts_divisor"": 1000000000.0, ""action_command"": ""ip netns exec s14saf1s ip link set s14saf1y1 down""}",20260913_s14_asf1,SEALED_FULL_LOG_EVALUATION_EVIDENCE,decision_log.jsonl,1,225b97ba1aba0a936f9db31284890e1f8b1501127ad062ecaf1e8e415d4efa8f
s14_runs,,no_action,,,,,independent_event,,,679.418055,1789319131.879297,,,,,,,,,SOURCE_ANNOUNCE_SILENCE_OBSERVED,2026-09-13T17:05:32Z,"{""event"": ""independent_event"", ""utc"": ""2026-09-13T17:05:32Z"", ""monotonic_s"": 679.418055, ""arm"": ""no_action"", ""type"": ""SOURCE_ANNOUNCE_SILENCE_OBSERVED"", ""packet_ts"": 1789319131.879297}",20260913_s14_asf1,SEALED_FULL_LOG_EVALUATION_EVIDENCE,decision_log.jsonl,2,225b97ba1aba0a936f9db31284890e1f8b1501127ad062ecaf1e8e415d4efa8f
s14_runs,,no_action,,,,,stream_ended,515,,708.997092,,,,,,,,,,,2026-09-13T17:06:01Z,"{""event"": ""stream_ended"", ""utc"": ""2026-09-13T17:06:01Z"", ""monotonic_s"": 708.997092, ""arm"": ""no_action"", ""frames"": 515}",20260913_s14_asf1,SEALED_FULL_LOG_EVALUATION_EVIDENCE,decision_log.jsonl,3,225b97ba1aba0a936f9db31284890e1f8b1501127ad062ecaf1e8e415d4efa8f
s14_runs,,no_action,,,,,detector_finished,515,,708.998231,,,,,,,,False,,,2026-09-13T17:06:01Z,"{""event"": ""detector_finished"", ""utc"": ""2026-09-13T17:06:01Z"", ""monotonic_s"": 708.998231, ""arm"": ""no_action"", ""frames"": 515, ""triggered"": false}",20260913_s14_asf1,SEALED_FULL_LOG_EVALUATION_EVIDENCE,decision_log.jsonl,4,225b97ba1aba0a936f9db31284890e1f8b1501127ad062ecaf1e8e415d4efa8f
s14_runs,ip netns exec s14saf2s ip link set s14saf2y1 down,no_action,,,,,stream_started,,,913.65379,,0xa1b23c4d,,,,,seg1-saf2,,1000000000.0,,2026-09-13T17:09:26Z,"{""event"": ""stream_started"", ""utc"": ""2026-09-13T17:09:26Z"", ""monotonic_s"": 913.65379, ""arm"": ""no_action"", ""stream_id"": ""seg1-saf2"", ""pcap_magic"": ""0xa1b23c4d"", ""ts_divisor"": 1000000000.0, ""action_command"": ""ip netns exec s14saf2s ip link set s14saf2y1 down""}",20260913_s14_asf2,SEALED_FULL_LOG_EVALUATION_EVIDENCE,decision_log.jsonl,1,68988da21a7a18b4ff61862926638223d9f0d7aa163a15b9bf6d5f62eab59e4e
s14_runs,,no_action,,,,,independent_event,,,928.263156,1789319380.7440772,,,,,,,,,SOURCE_ANNOUNCE_SILENCE_OBSERVED,2026-09-13T17:09:40Z,"{""event"": ""independent_event"", ""utc"": ""2026-09-13T17:09:40Z"", ""monotonic_s"": 928.263156, ""arm"": ""no_action"", ""type"": ""SOURCE_ANNOUNCE_SILENCE_OBSERVED"", ""packet_ts"": 1789319380.7440772}",20260913_s14_asf2,SEALED_FULL_LOG_EVALUATION_EVIDENCE,decision_log.jsonl,2,68988da21a7a18b4ff61862926638223d9f0d7aa163a15b9bf6d5f62eab59e4e
s14_runs,,no_action,,,,,stream_ended,516,,957.763743,,,,,,,,,,,2026-09-13T17:10:10Z,"{""event"": ""stream_ended"", ""utc"": ""2026-09-13T17:10:10Z"", ""monotonic_s"": 957.763743, ""arm"": ""no_action"", ""frames"": 516}",20260913_s14_asf2,SEALED_FULL_LOG_EVALUATION_EVIDENCE,decision_log.jsonl,3,68988da21a7a18b4ff61862926638223d9f0d7aa163a15b9bf6d5f62eab59e4e
s14_runs,,no_action,,,,,detector_finished,516,,957.764926,,,,,,,,False,,,2026-09-13T17:10:10Z,"{""event"": ""detector_finished"", ""utc"": ""2026-09-13T17:10:10Z"", ""monotonic_s"": 957.764926, ""arm"": ""no_action"", ""frames"": 516, ""triggered"": false}",20260913_s14_asf2,SEALED_FULL_LOG_EVALUATION_EVIDENCE,decision_log.jsonl,4,68988da21a7a18b4ff61862926638223d9f0d7aa163a15b9bf6d5f62eab59e4e
s14_runs,ip netns exec s14saf3s ip link set s14saf3y1 down,no_action,,,,,stream_started,,,1161.607237,,0xa1b23c4d,,,,,seg1-saf3,,1000000000.0,,2026-09-13T17:13:34Z,"{""event"": ""stream_started"", ""utc"": ""2026-09-13T17:13:34Z"", ""monotonic_s"": 1161.607237, ""arm"": ""no_action"", ""stream_id"": ""seg1-saf3"", ""pcap_magic"": ""0xa1b23c4d"", ""ts_divisor"": 1000000000.0, ""action_command"": ""ip netns exec s14saf3s ip link set s14saf3y1 down""}",20260913_s14_asf3,SEALED_FULL_LOG_EVALUATION_EVIDENCE,decision_log.jsonl,1,79967368762e3d6601c981f157d9ccfb07d7de3a671c2759b8e561d99a702593
s14_runs,,no_action,,,,,independent_event,,,1177.270178,1789319628.9821043,,,,,,,,,SOURCE_ANNOUNCE_SILENCE_OBSERVED,2026-09-13T17:13:49Z,"{""event"": ""independent_event"", ""utc"": ""2026-09-13T17:13:49Z"", ""monotonic_s"": 1177.270178, ""arm"": ""no_action"", ""type"": ""SOURCE_ANNOUNCE_SILENCE_OBSERVED"", ""packet_ts"": 1789319628.9821043}",20260913_s14_asf3,SEALED_FULL_LOG_EVALUATION_EVIDENCE,decision_log.jsonl,2,79967368762e3d6601c981f157d9ccfb07d7de3a671c2759b8e561d99a702593
s14_runs,,no_action,,,,,stream_ended,521,,1205.908027,,,,,,,,,,,2026-09-13T17:14:18Z,"{""event"": ""stream_ended"", ""utc"": ""2026-09-13T17:14:18Z"", ""monotonic_s"": 1205.908027, ""arm"": ""no_action"", ""frames"": 521}",20260913_s14_asf3,SEALED_FULL_LOG_EVALUATION_EVIDENCE,decision_log.jsonl,3,79967368762e3d6601c981f157d9ccfb07d7de3a671c2759b8e561d99a702593
s14_runs,,no_action,,,,,detector_finished,521,,1205.908977,,,,,,,,False,,,2026-09-13T17:14:18Z,"{""event"": ""detector_finished"", ""utc"": ""2026-09-13T17:14:18Z"", ""monotonic_s"": 1205.908977, ""arm"": ""no_action"", ""frames"": 521, ""triggered"": false}",20260913_s14_asf3,SEALED_FULL_LOG_EVALUATION_EVIDENCE,decision_log.jsonl,4,79967368762e3d6601c981f157d9ccfb07d7de3a671c2759b8e561d99a702593
s14_runs,ip netns exec s14saf4s ip link set s14saf4y1 down,no_action,,,,,stream_started,,,1408.960868,,0xa1b23c4d,,,,,seg1-saf4,,1000000000.0,,2026-09-13T17:17:41Z,"{""event"": ""stream_started"", ""utc"": ""2026-09-13T17:17:41Z"", ""monotonic_s"": 1408.960868, ""arm"": ""no_action"", ""stream_id"": ""seg1-saf4"", ""pcap_magic"": ""0xa1b23c4d"", ""ts_divisor"": 1000000000.0, ""action_command"": ""ip netns exec s14saf4s ip link set s14saf4y1 down""}",20260913_s14_asf4,SEALED_FULL_LOG_EVALUATION_EVIDENCE,decision_log.jsonl,1,d118629e7e56a8bd1a095ee4fe2819cf4b3f7a6d4279b937e6177c16d5425a0d
s14_runs,,no_action,,,,,stream_ended,503,,1453.180273,,,,,,,,,,,2026-09-13T17:18:25Z,"{""event"": ""stream_ended"", ""utc"": ""2026-09-13T17:18:25Z"", ""monotonic_s"": 1453.180273, ""arm"": ""no_action"", ""frames"": 503}",20260913_s14_asf4,SEALED_FULL_LOG_EVALUATION_EVIDENCE,decision_log.jsonl,2,d118629e7e56a8bd1a095ee4fe2819cf4b3f7a6d4279b937e6177c16d5425a0d
s14_runs,,no_action,,,,,detector_finished,503,,1453.181317,,,,,,,,False,,,2026-09-13T17:18:25Z,"{""event"": ""detector_finished"", ""utc"": ""2026-09-13T17:18:25Z"", ""monotonic_s"": 1453.181317, ""arm"": ""no_action"", ""frames"": 503, ""triggered"": false}",20260913_s14_asf4,SEALED_FULL_LOG_EVALUATION_EVIDENCE,decision_log.jsonl,3,d118629e7e56a8bd1a095ee4fe2819cf4b3f7a6d4279b937e6177c16d5425a0d
s14_runs,ip netns exec s14saf5s ip link set s14saf5y1 down,no_action,,,,,stream_started,,,1656.800779,,0xa1b23c4d,,,,,seg1-saf5,,1000000000.0,,2026-09-13T17:21:49Z,"{""event"": ""stream_started"", ""utc"": ""2026-09-13T17:21:49Z"", ""monotonic_s"": 1656.800779, ""arm"": ""no_action"", ""stream_id"": ""seg1-saf5"", ""pcap_magic"": ""0xa1b23c4d"", ""ts_divisor"": 1000000000.0, ""action_command"": ""ip netns exec s14saf5s ip link set s14saf5y1 down""}",20260913_s14_asf5,SEALED_FULL_LOG_EVALUATION_EVIDENCE,decision_log.jsonl,1,694563ceee6d64e64a803a1558287a05e95b2c57ad7ee4726e8a1a7e65f8a6cc
s14_runs,,no_action,,,,,stream_ended,522,,1700.997218,,,,,,,,,,,2026-09-13T17:22:33Z,"{""event"": ""stream_ended"", ""utc"": ""2026-09-13T17:22:33Z"", ""monotonic_s"": 1700.997218, ""arm"": ""no_action"", ""frames"": 522}",20260913_s14_asf5,SEALED_FULL_LOG_EVALUATION_EVIDENCE,decision_log.jsonl,2,694563ceee6d64e64a803a1558287a05e95b2c57ad7ee4726e8a1a7e65f8a6cc
s14_runs,,no_action,,,,,detector_finished,522,,1700.998581,,,,,,,,False,,,2026-09-13T17:22:33Z,"{""event"": ""detector_finished"", ""utc"": ""2026-09-13T17:22:33Z"", ""monotonic_s"": 1700.998581, ""arm"": ""no_action"", ""frames"": 522, ""triggered"": false}",20260913_s14_asf5,SEALED_FULL_LOG_EVALUATION_EVIDENCE,decision_log.jsonl,3,694563ceee6d64e64a803a1558287a05e95b2c57ad7ee4726e8a1a7e65f8a6cc
s14_runs,ip netns exec s14sb1s ip link set s14sb1y1 down,no_action,,,,,stream_started,,,467.473992,,0xa1b23c4d,,,,,seg1-sb1,,1000000000.0,,2026-09-13T17:02:00Z,"{""event"": ""stream_started"", ""utc"": ""2026-09-13T17:02:00Z"", ""monotonic_s"": 467.473992, ""arm"": ""no_action"", ""stream_id"": ""seg1-sb1"", ""pcap_magic"": ""0xa1b23c4d"", ""ts_divisor"": 1000000000.0, ""action_command"": ""ip netns exec s14sb1s ip link set s14sb1y1 down""}",20260913_s14_base1,SEALED_FULL_LOG_EVALUATION_EVIDENCE,decision_log.jsonl,1,f7d795efe837bd1318de205f02950f924aa4aeb5e37028786c221e874fcc607c
s14_runs,,no_action,,,,,stream_ended,1560,,511.49553,,,,,,,,,,,2026-09-13T17:02:44Z,"{""event"": ""stream_ended"", ""utc"": ""2026-09-13T17:02:44Z"", ""monotonic_s"": 511.49553, ""arm"": ""no_action"", ""frames"": 1560}",20260913_s14_base1,SEALED_FULL_LOG_EVALUATION_EVIDENCE,decision_log.jsonl,2,f7d795efe837bd1318de205f02950f924aa4aeb5e37028786c221e874fcc607c
s14_runs,,no_action,,,,,detector_finished,1560,,511.496864,,,,,,,,False,,,2026-09-13T17:02:44Z,"{""event"": ""detector_finished"", ""utc"": ""2026-09-13T17:02:44Z"", ""monotonic_s"": 511.496864, ""arm"": ""no_action"", ""frames"": 1560, ""triggered"": false}",20260913_s14_base1,SEALED_FULL_LOG_EVALUATION_EVIDENCE,decision_log.jsonl,3,f7d795efe837bd1318de205f02950f924aa4aeb5e37028786c221e874fcc607c
s14_runs,ip netns exec s14sb2s ip link set s14sb2y1 down,no_action,,,,,stream_started,,,714.23857,,0xa1b23c4d,,,,,seg1-sb2,,1000000000.0,,2026-09-13T17:06:06Z,"{""event"": ""stream_started"", ""utc"": ""2026-09-13T17:06:06Z"", ""monotonic_s"": 714.23857, ""arm"": ""no_action"", ""stream_id"": ""seg1-sb2"", ""pcap_magic"": ""0xa1b23c4d"", ""ts_divisor"": 1000000000.0, ""action_command"": ""ip netns exec s14sb2s ip link set s14sb2y1 down""}",20260913_s14_base2,SEALED_FULL_LOG_EVALUATION_EVIDENCE,decision_log.jsonl,1,bb954e05da7015c8fd13dd2d300b2c56d48e5d889b954b467d6b9b3585b63495
s14_runs,,no_action,,,,,stream_ended,1602,,758.714819,,,,,,,,,,,2026-09-13T17:06:51Z,"{""event"": ""stream_ended"", ""utc"": ""2026-09-13T17:06:51Z"", ""monotonic_s"": 758.714819, ""arm"": ""no_action"", ""frames"": 1602}",20260913_s14_base2,SEALED_FULL_LOG_EVALUATION_EVIDENCE,decision_log.jsonl,2,bb954e05da7015c8fd13dd2d300b2c56d48e5d889b954b467d6b9b3585b63495
s14_runs,,no_action,,,,,detector_finished,1602,,758.71792,,,,,,,,False,,,2026-09-13T17:06:51Z,"{""event"": ""detector_finished"", ""utc"": ""2026-09-13T17:06:51Z"", ""monotonic_s"": 758.71792, ""arm"": ""no_action"", ""frames"": 1602, ""triggered"": false}",20260913_s14_base2,SEALED_FULL_LOG_EVALUATION_EVIDENCE,decision_log.jsonl,3,bb954e05da7015c8fd13dd2d300b2c56d48e5d889b954b467d6b9b3585b63495
s14_runs,ip netns exec s14sb3s ip link set s14sb3y1 down,no_action,,,,,stream_started,,,962.933099,,0xa1b23c4d,,,,,seg1-sb3,,1000000000.0,,2026-09-13T17:10:15Z,"{""event"": ""stream_started"", ""utc"": ""2026-09-13T17:10:15Z"", ""monotonic_s"": 962.933099, ""arm"": ""no_action"", ""stream_id"": ""seg1-sb3"", ""pcap_magic"": ""0xa1b23c4d"", ""ts_divisor"": 1000000000.0, ""action_command"": ""ip netns exec s14sb3s ip link set s14sb3y1 down""}",20260913_s14_base3,SEALED_FULL_LOG_EVALUATION_EVIDENCE,decision_log.jsonl,1,b57841446c6265e6e92e220e28fda7d8012927e9ccc2ff18952c90c436f2cbf0
s14_runs,,no_action,,,,,stream_ended,1583,,1007.301403,,,,,,,,,,,2026-09-13T17:10:59Z,"{""event"": ""stream_ended"", ""utc"": ""2026-09-13T17:10:59Z"", ""monotonic_s"": 1007.301403, ""arm"": ""no_action"", ""frames"": 1583}",20260913_s14_base3,SEALED_FULL_LOG_EVALUATION_EVIDENCE,decision_log.jsonl,2,b57841446c6265e6e92e220e28fda7d8012927e9ccc2ff18952c90c436f2cbf0
s14_runs,,no_action,,,,,detector_finished,1583,,1007.303811,,,,,,,,False,,,2026-09-13T17:10:59Z,"{""event"": ""detector_finished"", ""utc"": ""2026-09-13T17:10:59Z"", ""monotonic_s"": 1007.303811, ""arm"": ""no_action"", ""frames"": 1583, ""triggered"": false}",20260913_s14_base3,SEALED_FULL_LOG_EVALUATION_EVIDENCE,decision_log.jsonl,3,b57841446c6265e6e92e220e28fda7d8012927e9ccc2ff18952c90c436f2cbf0
s14_runs,ip netns exec s14sb4s ip link set s14sb4y1 down,no_action,,,,,stream_started,,,1211.542938,,0xa1b23c4d,,,,,seg1-sb4,,1000000000.0,,2026-09-13T17:14:24Z,"{""event"": ""stream_started"", ""utc"": ""2026-09-13T17:14:24Z"", ""monotonic_s"": 1211.542938, ""arm"": ""no_action"", ""stream_id"": ""seg1-sb4"", ""pcap_magic"": ""0xa1b23c4d"", ""ts_divisor"": 1000000000.0, ""action_command"": ""ip netns exec s14sb4s ip link set s14sb4y1 down""}",20260913_s14_base4,SEALED_FULL_LOG_EVALUATION_EVIDENCE,decision_log.jsonl,1,b4d6c5ff5e9fede0264ef8392c3dc124585f441bc111f55137be271459d0436b
s14_runs,,no_action,,,,,stream_ended,1570,,1255.416961,,,,,,,,,,,2026-09-13T17:15:08Z,"{""event"": ""stream_ended"", ""utc"": ""2026-09-13T17:15:08Z"", ""monotonic_s"": 1255.416961, ""arm"": ""no_action"", ""frames"": 1570}",20260913_s14_base4,SEALED_FULL_LOG_EVALUATION_EVIDENCE,decision_log.jsonl,2,b4d6c5ff5e9fede0264ef8392c3dc124585f441bc111f55137be271459d0436b
s14_runs,,no_action,,,,,detector_finished,1570,,1255.419239,,,,,,,,False,,,2026-09-13T17:15:08Z,"{""event"": ""detector_finished"", ""utc"": ""2026-09-13T17:15:08Z"", ""monotonic_s"": 1255.419239, ""arm"": ""no_action"", ""frames"": 1570, ""triggered"": false}",20260913_s14_base4,SEALED_FULL_LOG_EVALUATION_EVIDENCE,decision_log.jsonl,3,b4d6c5ff5e9fede0264ef8392c3dc124585f441bc111f55137be271459d0436b
s14_runs,ip netns exec s14sb5s ip link set s14sb5y1 down,no_action,,,,,stream_started,,,1458.720347,,0xa1b23c4d,,,,,seg1-sb5,,1000000000.0,,2026-09-13T17:18:31Z,"{""event"": ""stream_started"", ""utc"": ""2026-09-13T17:18:31Z"", ""monotonic_s"": 1458.720347, ""arm"": ""no_action"", ""stream_id"": ""seg1-sb5"", ""pcap_magic"": ""0xa1b23c4d"", ""ts_divisor"": 1000000000.0, ""action_command"": ""ip netns exec s14sb5s ip link set s14sb5y1 down""}",20260913_s14_base5,SEALED_FULL_LOG_EVALUATION_EVIDENCE,decision_log.jsonl,1,5917ab1d07228ea693c000c62e8aafc862522ae0ab1c0e8f61aa09e1e5971121
s14_runs,,no_action,,,,,stream_ended,1590,,1502.934369,,,,,,,,,,,2026-09-13T17:19:15Z,"{""event"": ""stream_ended"", ""utc"": ""2026-09-13T17:19:15Z"", ""monotonic_s"": 1502.934369, ""arm"": ""no_action"", ""frames"": 1590}",20260913_s14_base5,SEALED_FULL_LOG_EVALUATION_EVIDENCE,decision_log.jsonl,2,5917ab1d07228ea693c000c62e8aafc862522ae0ab1c0e8f61aa09e1e5971121
s14_runs,,no_action,,,,,detector_finished,1590,,1502.936558,,,,,,,,False,,,2026-09-13T17:19:15Z,"{""event"": ""detector_finished"", ""utc"": ""2026-09-13T17:19:15Z"", ""monotonic_s"": 1502.936558, ""arm"": ""no_action"", ""frames"": 1590, ""triggered"": false}",20260913_s14_base5,SEALED_FULL_LOG_EVALUATION_EVIDENCE,decision_log.jsonl,3,5917ab1d07228ea693c000c62e8aafc862522ae0ab1c0e8f61aa09e1e5971121
s14_runs,ip netns exec s14sg1s ip link set s14sg1y1 down,no_action,,,,,stream_started,,,516.373013,,0xa1b23c4d,,,,,seg1-sg1,,1000000000.0,,2026-09-13T17:02:49Z,"{""event"": ""stream_started"", ""utc"": ""2026-09-13T17:02:49Z"", ""monotonic_s"": 516.373013, ""arm"": ""no_action"", ""stream_id"": ""seg1-sg1"", ""pcap_magic"": ""0xa1b23c4d"", ""ts_divisor"": 1000000000.0, ""action_command"": ""ip netns exec s14sg1s ip link set s14sg1y1 down""}",20260913_s14_bng1,SEALED_FULL_LOG_EVALUATION_EVIDENCE,decision_log.jsonl,1,29896aec604e2254478ffb3ad16a59412a7d047f9bff60027a4ba8fb5475f377
s14_runs,,no_action,,,,,stream_ended,1584,,560.439864,,,,,,,,,,,2026-09-13T17:03:33Z,"{""event"": ""stream_ended"", ""utc"": ""2026-09-13T17:03:33Z"", ""monotonic_s"": 560.439864, ""arm"": ""no_action"", ""frames"": 1584}",20260913_s14_bng1,SEALED_FULL_LOG_EVALUATION_EVIDENCE,decision_log.jsonl,2,29896aec604e2254478ffb3ad16a59412a7d047f9bff60027a4ba8fb5475f377
s14_runs,,no_action,,,,,detector_finished,1584,,560.441381,,,,,,,,False,,,2026-09-13T17:03:33Z,"{""event"": ""detector_finished"", ""utc"": ""2026-09-13T17:03:33Z"", ""monotonic_s"": 560.441381, ""arm"": ""no_action"", ""frames"": 1584, ""triggered"": false}",20260913_s14_bng1,SEALED_FULL_LOG_EVALUATION_EVIDENCE,decision_log.jsonl,3,29896aec604e2254478ffb3ad16a59412a7d047f9bff60027a4ba8fb5475f377
s14_runs,ip netns exec s14sg2s ip link set s14sg2y1 down,no_action,,,,,stream_started,,,764.489736,,0xa1b23c4d,,,,,seg1-sg2,,1000000000.0,,2026-09-13T17:06:57Z,"{""event"": ""stream_started"", ""utc"": ""2026-09-13T17:06:57Z"", ""monotonic_s"": 764.489736, ""arm"": ""no_action"", ""stream_id"": ""seg1-sg2"", ""pcap_magic"": ""0xa1b23c4d"", ""ts_divisor"": 1000000000.0, ""action_command"": ""ip netns exec s14sg2s ip link set s14sg2y1 down""}",20260913_s14_bng2,SEALED_FULL_LOG_EVALUATION_EVIDENCE,decision_log.jsonl,1,1fcd9e1e8a41ed14b336b63abd2b3884cd606d0d86d8b202f8454ce117c8acff
s14_runs,,no_action,,,,,stream_ended,1542,,808.832987,,,,,,,,,,,2026-09-13T17:07:41Z,"{""event"": ""stream_ended"", ""utc"": ""2026-09-13T17:07:41Z"", ""monotonic_s"": 808.832987, ""arm"": ""no_action"", ""frames"": 1542}",20260913_s14_bng2,SEALED_FULL_LOG_EVALUATION_EVIDENCE,decision_log.jsonl,2,1fcd9e1e8a41ed14b336b63abd2b3884cd606d0d86d8b202f8454ce117c8acff
s14_runs,,no_action,,,,,detector_finished,1542,,808.834419,,,,,,,,False,,,2026-09-13T17:07:41Z,"{""event"": ""detector_finished"", ""utc"": ""2026-09-13T17:07:41Z"", ""monotonic_s"": 808.834419, ""arm"": ""no_action"", ""frames"": 1542, ""triggered"": false}",20260913_s14_bng2,SEALED_FULL_LOG_EVALUATION_EVIDENCE,decision_log.jsonl,3,1fcd9e1e8a41ed14b336b63abd2b3884cd606d0d86d8b202f8454ce117c8acff
s14_runs,ip netns exec s14sg3s ip link set s14sg3y1 down,no_action,,,,,stream_started,,,1012.99576,,0xa1b23c4d,,,,,seg1-sg3,,1000000000.0,,2026-09-13T17:11:05Z,"{""event"": ""stream_started"", ""utc"": ""2026-09-13T17:11:05Z"", ""monotonic_s"": 1012.99576, ""arm"": ""no_action"", ""stream_id"": ""seg1-sg3"", ""pcap_magic"": ""0xa1b23c4d"", ""ts_divisor"": 1000000000.0, ""action_command"": ""ip netns exec s14sg3s ip link set s14sg3y1 down""}",20260913_s14_bng3,SEALED_FULL_LOG_EVALUATION_EVIDENCE,decision_log.jsonl,1,61d7be2d5d47f57ec81d9bf62fa0e9a5aa96428f4eb3558015eb422631348072
s14_runs,,no_action,,,,,stream_ended,1556,,1057.145615,,,,,,,,,,,2026-09-13T17:11:49Z,"{""event"": ""stream_ended"", ""utc"": ""2026-09-13T17:11:49Z"", ""monotonic_s"": 1057.145615, ""arm"": ""no_action"", ""frames"": 1556}",20260913_s14_bng3,SEALED_FULL_LOG_EVALUATION_EVIDENCE,decision_log.jsonl,2,61d7be2d5d47f57ec81d9bf62fa0e9a5aa96428f4eb3558015eb422631348072
s14_runs,,no_action,,,,,detector_finished,1556,,1057.147374,,,,,,,,False,,,2026-09-13T17:11:49Z,"{""event"": ""detector_finished"", ""utc"": ""2026-09-13T17:11:49Z"", ""monotonic_s"": 1057.147374, ""arm"": ""no_action"", ""frames"": 1556, ""triggered"": false}",20260913_s14_bng3,SEALED_FULL_LOG_EVALUATION_EVIDENCE,decision_log.jsonl,3,61d7be2d5d47f57ec81d9bf62fa0e9a5aa96428f4eb3558015eb422631348072
s14_runs,ip netns exec s14sg4s ip link set s14sg4y1 down,no_action,,,,,stream_started,,,1260.591953,,0xa1b23c4d,,,,,seg1-sg4,,1000000000.0,,2026-09-13T17:15:13Z,"{""event"": ""stream_started"", ""utc"": ""2026-09-13T17:15:13Z"", ""monotonic_s"": 1260.591953, ""arm"": ""no_action"", ""stream_id"": ""seg1-sg4"", ""pcap_magic"": ""0xa1b23c4d"", ""ts_divisor"": 1000000000.0, ""action_command"": ""ip netns exec s14sg4s ip link set s14sg4y1 down""}",20260913_s14_bng4,SEALED_FULL_LOG_EVALUATION_EVIDENCE,decision_log.jsonl,1,148c4b3762bb561a26a5be1c4ed57ae0af18f3b6b28621794a7ec33a4c7a44c5
s14_runs,,no_action,,,,,stream_ended,1586,,1304.737697,,,,,,,,,,,2026-09-13T17:15:57Z,"{""event"": ""stream_ended"", ""utc"": ""2026-09-13T17:15:57Z"", ""monotonic_s"": 1304.737697, ""arm"": ""no_action"", ""frames"": 1586}",20260913_s14_bng4,SEALED_FULL_LOG_EVALUATION_EVIDENCE,decision_log.jsonl,2,148c4b3762bb561a26a5be1c4ed57ae0af18f3b6b28621794a7ec33a4c7a44c5
s14_runs,,no_action,,,,,detector_finished,1586,,1304.739477,,,,,,,,False,,,2026-09-13T17:15:57Z,"{""event"": ""detector_finished"", ""utc"": ""2026-09-13T17:15:57Z"", ""monotonic_s"": 1304.739477, ""arm"": ""no_action"", ""frames"": 1586, ""triggered"": false}",20260913_s14_bng4,SEALED_FULL_LOG_EVALUATION_EVIDENCE,decision_log.jsonl,3,148c4b3762bb561a26a5be1c4ed57ae0af18f3b6b28621794a7ec33a4c7a44c5
s14_runs,ip netns exec s14sg5s ip link set s14sg5y1 down,no_action,,,,,stream_started,,,1508.019172,,0xa1b23c4d,,,,,seg1-sg5,,1000000000.0,,2026-09-13T17:19:20Z,"{""event"": ""stream_started"", ""utc"": ""2026-09-13T17:19:20Z"", ""monotonic_s"": 1508.019172, ""arm"": ""no_action"", ""stream_id"": ""seg1-sg5"", ""pcap_magic"": ""0xa1b23c4d"", ""ts_divisor"": 1000000000.0, ""action_command"": ""ip netns exec s14sg5s ip link set s14sg5y1 down""}",20260913_s14_bng5,SEALED_FULL_LOG_EVALUATION_EVIDENCE,decision_log.jsonl,1,5c02ad953458347bd7def4454852bf2d1d187142d12e4c63037e595cc665792a
s14_runs,,no_action,,,,,stream_ended,1586,,1552.335782,,,,,,,,,,,2026-09-13T17:20:05Z,"{""event"": ""stream_ended"", ""utc"": ""2026-09-13T17:20:05Z"", ""monotonic_s"": 1552.335782, ""arm"": ""no_action"", ""frames"": 1586}",20260913_s14_bng5,SEALED_FULL_LOG_EVALUATION_EVIDENCE,decision_log.jsonl,2,5c02ad953458347bd7def4454852bf2d1d187142d12e4c63037e595cc665792a
s14_runs,,no_action,,,,,detector_finished,1586,,1552.339038,,,,,,,,False,,,2026-09-13T17:20:05Z,"{""event"": ""detector_finished"", ""utc"": ""2026-09-13T17:20:05Z"", ""monotonic_s"": 1552.339038, ""arm"": ""no_action"", ""frames"": 1586, ""triggered"": false}",20260913_s14_bng5,SEALED_FULL_LOG_EVALUATION_EVIDENCE,decision_log.jsonl,3,5c02ad953458347bd7def4454852bf2d1d187142d12e4c63037e595cc665792a
s14_runs,ip netns exec s14sja1s ip link set s14sja1y1 down,action,,,,,stream_started,,,566.396208,,0xa1b23c4d,,,,,seg1-sja1,,1000000000.0,,2026-09-13T17:03:39Z,"{""event"": ""stream_started"", ""utc"": ""2026-09-13T17:03:39Z"", ""monotonic_s"": 566.396208, ""arm"": ""action"", ""stream_id"": ""seg1-sja1"", ""pcap_magic"": ""0xa1b23c4d"", ""ts_divisor"": 1000000000.0, ""action_command"": ""ip netns exec s14sja1s ip link set s14sja1y1 down""}",20260913_s14_jact1,SEALED_FULL_LOG_EVALUATION_EVIDENCE,decision_log.jsonl,1,af275ec0ead9cf46d24cae4ff82bc4484ea2096c581115af7ee4c38c77ef6b1b
s14_runs,,action,NONOVERLAPPING_BLOCK_PERSISTENCE_OBSERVED,,,,detection_trigger,,1512,608.040882,1789319059.7523723,,prospective_causal_nonoverlap_block_count,,,,,,,,2026-09-13T17:04:20Z,"{""event"": ""detection_trigger"", ""utc"": ""2026-09-13T17:04:20Z"", ""monotonic_s"": 608.040882, ""arm"": ""action"", ""classification"": ""NONOVERLAPPING_BLOCK_PERSISTENCE_OBSERVED"", ""reason"": ""prospective_causal_nonoverlap_block_count"", ""packet_ts"": 1789319059.7523723, ""frames_consumed"": 1512}",20260913_s14_jact1,SEALED_FULL_LOG_EVALUATION_EVIDENCE,decision_log.jsonl,2,af275ec0ead9cf46d24cae4ff82bc4484ea2096c581115af7ee4c38c77ef6b1b
s14_runs,,action,,ip netns exec s14sja1s ip link set s14sja1y1 down,,,action_intent,,,608.044231,,,,,,,,,,,2026-09-13T17:04:20Z,"{""event"": ""action_intent"", ""utc"": ""2026-09-13T17:04:20Z"", ""monotonic_s"": 608.044231, ""arm"": ""action"", ""command"": ""ip netns exec s14sja1s ip link set s14sja1y1 down""}",20260913_s14_jact1,SEALED_FULL_LOG_EVALUATION_EVIDENCE,decision_log.jsonl,3,af275ec0ead9cf46d24cae4ff82bc4484ea2096c581115af7ee4c38c77ef6b1b
s14_runs,,action,,,,0.013577,action_execution_result,,,608.059931,,,,0,,0,,,,,2026-09-13T17:04:20Z,"{""event"": ""action_execution_result"", ""utc"": ""2026-09-13T17:04:20Z"", ""monotonic_s"": 608.059931, ""arm"": ""action"", ""returncode"": 0, ""elapsed_s"": 0.013577, ""stdout_bytes"": 0, ""stderr_text"": """"}",20260913_s14_jact1,SEALED_FULL_LOG_EVALUATION_EVIDENCE,decision_log.jsonl,4,af275ec0ead9cf46d24cae4ff82bc4484ea2096c581115af7ee4c38c77ef6b1b
s14_runs,,action,,,,,stream_ended,1550,,610.461708,,,,,,,,,,,2026-09-13T17:04:23Z,"{""event"": ""stream_ended"", ""utc"": ""2026-09-13T17:04:23Z"", ""monotonic_s"": 610.461708, ""arm"": ""action"", ""frames"": 1550}",20260913_s14_jact1,SEALED_FULL_LOG_EVALUATION_EVIDENCE,decision_log.jsonl,5,af275ec0ead9cf46d24cae4ff82bc4484ea2096c581115af7ee4c38c77ef6b1b
s14_runs,,action,,,,,detector_finished,1550,,610.46247,,,,,,,,True,,,2026-09-13T17:04:23Z,"{""event"": ""detector_finished"", ""utc"": ""2026-09-13T17:04:23Z"", ""monotonic_s"": 610.46247, ""arm"": ""action"", ""frames"": 1550, ""triggered"": true}",20260913_s14_jact1,SEALED_FULL_LOG_EVALUATION_EVIDENCE,decision_log.jsonl,6,af275ec0ead9cf46d24cae4ff82bc4484ea2096c581115af7ee4c38c77ef6b1b
s14_runs,ip netns exec s14sja2s ip link set s14sja2y1 down,action,,,,,stream_started,,,813.920276,,0xa1b23c4d,,,,,seg1-sja2,,1000000000.0,,2026-09-13T17:07:46Z,"{""event"": ""stream_started"", ""utc"": ""2026-09-13T17:07:46Z"", ""monotonic_s"": 813.920276, ""arm"": ""action"", ""stream_id"": ""seg1-sja2"", ""pcap_magic"": ""0xa1b23c4d"", ""ts_divisor"": 1000000000.0, ""action_command"": ""ip netns exec s14sja2s ip link set s14sja2y1 down""}",20260913_s14_jact2,SEALED_FULL_LOG_EVALUATION_EVIDENCE,decision_log.jsonl,1,ea6838b05cc6a70c20035af8de16065c310e0160a8fde7615cda46e6cf434b8e
s14_runs,,action,NONOVERLAPPING_BLOCK_PERSISTENCE_OBSERVED,,,,detection_trigger,,773,835.601016,1789319287.4126174,,prospective_causal_nonoverlap_block_count,,,,,,,,2026-09-13T17:08:08Z,"{""event"": ""detection_trigger"", ""utc"": ""2026-09-13T17:08:08Z"", ""monotonic_s"": 835.601016, ""arm"": ""action"", ""classification"": ""NONOVERLAPPING_BLOCK_PERSISTENCE_OBSERVED"", ""reason"": ""prospective_causal_nonoverlap_block_count"", ""packet_ts"": 1789319287.4126174, ""frames_consumed"": 773}",20260913_s14_jact2,SEALED_FULL_LOG_EVALUATION_EVIDENCE,decision_log.jsonl,2,ea6838b05cc6a70c20035af8de16065c310e0160a8fde7615cda46e6cf434b8e
s14_runs,,action,,ip netns exec s14sja2s ip link set s14sja2y1 down,,,action_intent,,,835.602894,,,,,,,,,,,2026-09-13T17:08:08Z,"{""event"": ""action_intent"", ""utc"": ""2026-09-13T17:08:08Z"", ""monotonic_s"": 835.602894, ""arm"": ""action"", ""command"": ""ip netns exec s14sja2s ip link set s14sja2y1 down""}",20260913_s14_jact2,SEALED_FULL_LOG_EVALUATION_EVIDENCE,decision_log.jsonl,3,ea6838b05cc6a70c20035af8de16065c310e0160a8fde7615cda46e6cf434b8e
s14_runs,,action,,,,0.00764,action_execution_result,,,835.611429,,,,0,,0,,,,,2026-09-13T17:08:08Z,"{""event"": ""action_execution_result"", ""utc"": ""2026-09-13T17:08:08Z"", ""monotonic_s"": 835.611429, ""arm"": ""action"", ""returncode"": 0, ""elapsed_s"": 0.00764, ""stdout_bytes"": 0, ""stderr_text"": """"}",20260913_s14_jact2,SEALED_FULL_LOG_EVALUATION_EVIDENCE,decision_log.jsonl,4,ea6838b05cc6a70c20035af8de16065c310e0160a8fde7615cda46e6cf434b8e
s14_runs,,action,,,,,stream_ended,800,,858.238976,,,,,,,,,,,2026-09-13T17:08:30Z,"{""event"": ""stream_ended"", ""utc"": ""2026-09-13T17:08:30Z"", ""monotonic_s"": 858.238976, ""arm"": ""action"", ""frames"": 800}",20260913_s14_jact2,SEALED_FULL_LOG_EVALUATION_EVIDENCE,decision_log.jsonl,5,ea6838b05cc6a70c20035af8de16065c310e0160a8fde7615cda46e6cf434b8e
s14_runs,,action,,,,,detector_finished,800,,858.239698,,,,,,,,True,,,2026-09-13T17:08:30Z,"{""event"": ""detector_finished"", ""utc"": ""2026-09-13T17:08:30Z"", ""monotonic_s"": 858.239698, ""arm"": ""action"", ""frames"": 800, ""triggered"": true}",20260913_s14_jact2,SEALED_FULL_LOG_EVALUATION_EVIDENCE,decision_log.jsonl,6,ea6838b05cc6a70c20035af8de16065c310e0160a8fde7615cda46e6cf434b8e
s14_runs,ip netns exec s14sja3s ip link set s14sja3y1 down,action,,,,,stream_started,,,1062.479955,,0xa1b23c4d,,,,,seg1-sja3,,1000000000.0,,2026-09-13T17:11:55Z,"{""event"": ""stream_started"", ""utc"": ""2026-09-13T17:11:55Z"", ""monotonic_s"": 1062.479955, ""arm"": ""action"", ""stream_id"": ""seg1-sja3"", ""pcap_magic"": ""0xa1b23c4d"", ""ts_divisor"": 1000000000.0, ""action_command"": ""ip netns exec s14sja3s ip link set s14sja3y1 down""}",20260913_s14_jact3,SEALED_FULL_LOG_EVALUATION_EVIDENCE,decision_log.jsonl,1,218fca365527bab2e0533471470650762d430a1c87378932f7dca13d57bb1d1b
s14_runs,,action,NONOVERLAPPING_BLOCK_PERSISTENCE_OBSERVED,,,,detection_trigger,,937,1089.160175,1789319540.9904947,,prospective_causal_nonoverlap_block_count,,,,,,,,2026-09-13T17:12:21Z,"{""event"": ""detection_trigger"", ""utc"": ""2026-09-13T17:12:21Z"", ""monotonic_s"": 1089.160175, ""arm"": ""action"", ""classification"": ""NONOVERLAPPING_BLOCK_PERSISTENCE_OBSERVED"", ""reason"": ""prospective_causal_nonoverlap_block_count"", ""packet_ts"": 1789319540.9904947, ""frames_consumed"": 937}",20260913_s14_jact3,SEALED_FULL_LOG_EVALUATION_EVIDENCE,decision_log.jsonl,2,218fca365527bab2e0533471470650762d430a1c87378932f7dca13d57bb1d1b
s14_runs,,action,,ip netns exec s14sja3s ip link set s14sja3y1 down,,,action_intent,,,1089.161466,,,,,,,,,,,2026-09-13T17:12:21Z,"{""event"": ""action_intent"", ""utc"": ""2026-09-13T17:12:21Z"", ""monotonic_s"": 1089.161466, ""arm"": ""action"", ""command"": ""ip netns exec s14sja3s ip link set s14sja3y1 down""}",20260913_s14_jact3,SEALED_FULL_LOG_EVALUATION_EVIDENCE,decision_log.jsonl,3,218fca365527bab2e0533471470650762d430a1c87378932f7dca13d57bb1d1b
s14_runs,,action,,,,0.005943,action_execution_result,,,1089.168457,,,,0,,0,,,,,2026-09-13T17:12:21Z,"{""event"": ""action_execution_result"", ""utc"": ""2026-09-13T17:12:21Z"", ""monotonic_s"": 1089.168457, ""arm"": ""action"", ""returncode"": 0, ""elapsed_s"": 0.005943, ""stdout_bytes"": 0, ""stderr_text"": """"}",20260913_s14_jact3,SEALED_FULL_LOG_EVALUATION_EVIDENCE,decision_log.jsonl,4,218fca365527bab2e0533471470650762d430a1c87378932f7dca13d57bb1d1b
s14_runs,,action,,,,,stream_ended,968,,1106.715537,,,,,,,,,,,2026-09-13T17:12:39Z,"{""event"": ""stream_ended"", ""utc"": ""2026-09-13T17:12:39Z"", ""monotonic_s"": 1106.715537, ""arm"": ""action"", ""frames"": 968}",20260913_s14_jact3,SEALED_FULL_LOG_EVALUATION_EVIDENCE,decision_log.jsonl,5,218fca365527bab2e0533471470650762d430a1c87378932f7dca13d57bb1d1b
s14_runs,,action,,,,,detector_finished,968,,1106.716372,,,,,,,,True,,,2026-09-13T17:12:39Z,"{""event"": ""detector_finished"", ""utc"": ""2026-09-13T17:12:39Z"", ""monotonic_s"": 1106.716372, ""arm"": ""action"", ""frames"": 968, ""triggered"": true}",20260913_s14_jact3,SEALED_FULL_LOG_EVALUATION_EVIDENCE,decision_log.jsonl,6,218fca365527bab2e0533471470650762d430a1c87378932f7dca13d57bb1d1b
s14_runs,ip netns exec s14sja4s ip link set s14sja4y1 down,action,,,,,stream_started,,,1309.888071,,0xa1b23c4d,,,,,seg1-sja4,,1000000000.0,,2026-09-13T17:16:02Z,"{""event"": ""stream_started"", ""utc"": ""2026-09-13T17:16:02Z"", ""monotonic_s"": 1309.888071, ""arm"": ""action"", ""stream_id"": ""seg1-sja4"", ""pcap_magic"": ""0xa1b23c4d"", ""ts_divisor"": 1000000000.0, ""action_command"": ""ip netns exec s14sja4s ip link set s14sja4y1 down""}",20260913_s14_jact4,SEALED_FULL_LOG_EVALUATION_EVIDENCE,decision_log.jsonl,1,d57ce91bd856580bdc830c817751e19aaaf45a238eb47c56d3cc70b7e994afa5
s14_runs,,action,NONOVERLAPPING_BLOCK_PERSISTENCE_OBSERVED,,,,detection_trigger,,1006,1337.52022,1789319790.1712966,,prospective_causal_nonoverlap_block_count,,,,,,,,2026-09-13T17:16:30Z,"{""event"": ""detection_trigger"", ""utc"": ""2026-09-13T17:16:30Z"", ""monotonic_s"": 1337.52022, ""arm"": ""action"", ""classification"": ""NONOVERLAPPING_BLOCK_PERSISTENCE_OBSERVED"", ""reason"": ""prospective_causal_nonoverlap_block_count"", ""packet_ts"": 1789319790.1712966, ""frames_consumed"": 1006}",20260913_s14_jact4,SEALED_FULL_LOG_EVALUATION_EVIDENCE,decision_log.jsonl,2,d57ce91bd856580bdc830c817751e19aaaf45a238eb47c56d3cc70b7e994afa5
s14_runs,,action,,ip netns exec s14sja4s ip link set s14sja4y1 down,,,action_intent,,,1337.524144,,,,,,,,,,,2026-09-13T17:16:30Z,"{""event"": ""action_intent"", ""utc"": ""2026-09-13T17:16:30Z"", ""monotonic_s"": 1337.524144, ""arm"": ""action"", ""command"": ""ip netns exec s14sja4s ip link set s14sja4y1 down""}",20260913_s14_jact4,SEALED_FULL_LOG_EVALUATION_EVIDENCE,decision_log.jsonl,3,d57ce91bd856580bdc830c817751e19aaaf45a238eb47c56d3cc70b7e994afa5
s14_runs,,action,,,,0.016351,action_execution_result,,,1337.54374,,,,0,,0,,,,,2026-09-13T17:16:30Z,"{""event"": ""action_execution_result"", ""utc"": ""2026-09-13T17:16:30Z"", ""monotonic_s"": 1337.54374, ""arm"": ""action"", ""returncode"": 0, ""elapsed_s"": 0.016351, ""stdout_bytes"": 0, ""stderr_text"": """"}",20260913_s14_jact4,SEALED_FULL_LOG_EVALUATION_EVIDENCE,decision_log.jsonl,4,d57ce91bd856580bdc830c817751e19aaaf45a238eb47c56d3cc70b7e994afa5
s14_runs,,action,,,,,stream_ended,1008,,1354.110265,,,,,,,,,,,2026-09-13T17:16:46Z,"{""event"": ""stream_ended"", ""utc"": ""2026-09-13T17:16:46Z"", ""monotonic_s"": 1354.110265, ""arm"": ""action"", ""frames"": 1008}",20260913_s14_jact4,SEALED_FULL_LOG_EVALUATION_EVIDENCE,decision_log.jsonl,5,d57ce91bd856580bdc830c817751e19aaaf45a238eb47c56d3cc70b7e994afa5
s14_runs,,action,,,,,detector_finished,1008,,1354.11213,,,,,,,,True,,,2026-09-13T17:16:46Z,"{""event"": ""detector_finished"", ""utc"": ""2026-09-13T17:16:46Z"", ""monotonic_s"": 1354.11213, ""arm"": ""action"", ""frames"": 1008, ""triggered"": true}",20260913_s14_jact4,SEALED_FULL_LOG_EVALUATION_EVIDENCE,decision_log.jsonl,6,d57ce91bd856580bdc830c817751e19aaaf45a238eb47c56d3cc70b7e994afa5
s14_runs,ip netns exec s14sja5s ip link set s14sja5y1 down,action,,,,,stream_started,,,1557.452622,,0xa1b23c4d,,,,,seg1-sja5,,1000000000.0,,2026-09-13T17:20:10Z,"{""event"": ""stream_started"", ""utc"": ""2026-09-13T17:20:10Z"", ""monotonic_s"": 1557.452622, ""arm"": ""action"", ""stream_id"": ""seg1-sja5"", ""pcap_magic"": ""0xa1b23c4d"", ""ts_divisor"": 1000000000.0, ""action_command"": ""ip netns exec s14sja5s ip link set s14sja5y1 down""}",20260913_s14_jact5,SEALED_FULL_LOG_EVALUATION_EVIDENCE,decision_log.jsonl,1,7c5356fc8c5a7d819351f4309e97d3549693ca6124b3142a01049eadca534b6e
s14_runs,,action,NONOVERLAPPING_BLOCK_PERSISTENCE_OBSERVED,,,,detection_trigger,,820,1580.125276,1789320032.143685,,prospective_causal_nonoverlap_block_count,,,,,,,,2026-09-13T17:20:32Z,"{""event"": ""detection_trigger"", ""utc"": ""2026-09-13T17:20:32Z"", ""monotonic_s"": 1580.125276, ""arm"": ""action"", ""classification"": ""NONOVERLAPPING_BLOCK_PERSISTENCE_OBSERVED"", ""reason"": ""prospective_causal_nonoverlap_block_count"", ""packet_ts"": 1789320032.143685, ""frames_consumed"": 820}",20260913_s14_jact5,SEALED_FULL_LOG_EVALUATION_EVIDENCE,decision_log.jsonl,2,7c5356fc8c5a7d819351f4309e97d3549693ca6124b3142a01049eadca534b6e
s14_runs,,action,,ip netns exec s14sja5s ip link set s14sja5y1 down,,,action_intent,,,1580.126773,,,,,,,,,,,2026-09-13T17:20:32Z,"{""event"": ""action_intent"", ""utc"": ""2026-09-13T17:20:32Z"", ""monotonic_s"": 1580.126773, ""arm"": ""action"", ""command"": ""ip netns exec s14sja5s ip link set s14sja5y1 down""}",20260913_s14_jact5,SEALED_FULL_LOG_EVALUATION_EVIDENCE,decision_log.jsonl,3,7c5356fc8c5a7d819351f4309e97d3549693ca6124b3142a01049eadca534b6e
s14_runs,,action,,,,0.006118,action_execution_result,,,1580.133979,,,,0,,0,,,,,2026-09-13T17:20:32Z,"{""event"": ""action_execution_result"", ""utc"": ""2026-09-13T17:20:32Z"", ""monotonic_s"": 1580.133979, ""arm"": ""action"", ""returncode"": 0, ""elapsed_s"": 0.006118, ""stdout_bytes"": 0, ""stderr_text"": """"}",20260913_s14_jact5,SEALED_FULL_LOG_EVALUATION_EVIDENCE,decision_log.jsonl,4,7c5356fc8c5a7d819351f4309e97d3549693ca6124b3142a01049eadca534b6e
s14_runs,,action,,,,,stream_ended,842,,1601.683568,,,,,,,,,,,2026-09-13T17:20:54Z,"{""event"": ""stream_ended"", ""utc"": ""2026-09-13T17:20:54Z"", ""monotonic_s"": 1601.683568, ""arm"": ""action"", ""frames"": 842}",20260913_s14_jact5,SEALED_FULL_LOG_EVALUATION_EVIDENCE,decision_log.jsonl,5,7c5356fc8c5a7d819351f4309e97d3549693ca6124b3142a01049eadca534b6e
s14_runs,,action,,,,,detector_finished,842,,1601.684349,,,,,,,,True,,,2026-09-13T17:20:54Z,"{""event"": ""detector_finished"", ""utc"": ""2026-09-13T17:20:54Z"", ""monotonic_s"": 1601.684349, ""arm"": ""action"", ""frames"": 842, ""triggered"": true}",20260913_s14_jact5,SEALED_FULL_LOG_EVALUATION_EVIDENCE,decision_log.jsonl,6,7c5356fc8c5a7d819351f4309e97d3549693ca6124b3142a01049eadca534b6e
s14_runs,ip netns exec s14sjn1s ip link set s14sjn1y1 down,no_action,,,,,stream_started,,,615.398005,,0xa1b23c4d,,,,,seg1-sjn1,,1000000000.0,,2026-09-13T17:04:28Z,"{""event"": ""stream_started"", ""utc"": ""2026-09-13T17:04:28Z"", ""monotonic_s"": 615.398005, ""arm"": ""no_action"", ""stream_id"": ""seg1-sjn1"", ""pcap_magic"": ""0xa1b23c4d"", ""ts_divisor"": 1000000000.0, ""action_command"": ""ip netns exec s14sjn1s ip link set s14sjn1y1 down""}",20260913_s14_jnoact1,SEALED_FULL_LOG_EVALUATION_EVIDENCE,decision_log.jsonl,1,489644ca3370f80062c79e481ccf3251695324670337457575b85ae6aecd63c0
s14_runs,,no_action,NONOVERLAPPING_BLOCK_PERSISTENCE_OBSERVED,,,,detection_trigger,,1038,644.099824,1789319096.2937224,,prospective_causal_nonoverlap_block_count,,,,,,,,2026-09-13T17:04:56Z,"{""event"": ""detection_trigger"", ""utc"": ""2026-09-13T17:04:56Z"", ""monotonic_s"": 644.099824, ""arm"": ""no_action"", ""classification"": ""NONOVERLAPPING_BLOCK_PERSISTENCE_OBSERVED"", ""reason"": ""prospective_causal_nonoverlap_block_count"", ""packet_ts"": 1789319096.2937224, ""frames_consumed"": 1038}",20260913_s14_jnoact1,SEALED_FULL_LOG_EVALUATION_EVIDENCE,decision_log.jsonl,2,489644ca3370f80062c79e481ccf3251695324670337457575b85ae6aecd63c0
s14_runs,,no_action,,,"no_action arm: matched control, nothing executed",,action_withheld,,,644.103708,,,,,,,,,,,2026-09-13T17:04:56Z,"{""event"": ""action_withheld"", ""utc"": ""2026-09-13T17:04:56Z"", ""monotonic_s"": 644.103708, ""arm"": ""no_action"", ""detail"": ""no_action arm: matched control, nothing executed""}",20260913_s14_jnoact1,SEALED_FULL_LOG_EVALUATION_EVIDENCE,decision_log.jsonl,3,489644ca3370f80062c79e481ccf3251695324670337457575b85ae6aecd63c0
s14_runs,,no_action,,,,,stream_ended,1582,,659.778105,,,,,,,,,,,2026-09-13T17:05:12Z,"{""event"": ""stream_ended"", ""utc"": ""2026-09-13T17:05:12Z"", ""monotonic_s"": 659.778105, ""arm"": ""no_action"", ""frames"": 1582}",20260913_s14_jnoact1,SEALED_FULL_LOG_EVALUATION_EVIDENCE,decision_log.jsonl,4,489644ca3370f80062c79e481ccf3251695324670337457575b85ae6aecd63c0
s14_runs,,no_action,,,,,detector_finished,1582,,659.780849,,,,,,,,True,,,2026-09-13T17:05:12Z,"{""event"": ""detector_finished"", ""utc"": ""2026-09-13T17:05:12Z"", ""monotonic_s"": 659.780849, ""arm"": ""no_action"", ""frames"": 1582, ""triggered"": true}",20260913_s14_jnoact1,SEALED_FULL_LOG_EVALUATION_EVIDENCE,decision_log.jsonl,5,489644ca3370f80062c79e481ccf3251695324670337457575b85ae6aecd63c0
s14_runs,ip netns exec s14sjn2s ip link set s14sjn2y1 down,no_action,,,,,stream_started,,,863.388866,,0xa1b23c4d,,,,,seg1-sjn2,,1000000000.0,,2026-09-13T17:08:36Z,"{""event"": ""stream_started"", ""utc"": ""2026-09-13T17:08:36Z"", ""monotonic_s"": 863.388866, ""arm"": ""no_action"", ""stream_id"": ""seg1-sjn2"", ""pcap_magic"": ""0xa1b23c4d"", ""ts_divisor"": 1000000000.0, ""action_command"": ""ip netns exec s14sjn2s ip link set s14sjn2y1 down""}",20260913_s14_jnoact2,SEALED_FULL_LOG_EVALUATION_EVIDENCE,decision_log.jsonl,1,c8504cb10ccf9f0f4de22e8fdaf451654e50e4ca5df72ea6b482d40c68e4f689
s14_runs,,no_action,NONOVERLAPPING_BLOCK_PERSISTENCE_OBSERVED,,,,detection_trigger,,606,880.011606,1789319332.591561,,prospective_causal_nonoverlap_block_count,,,,,,,,2026-09-13T17:08:52Z,"{""event"": ""detection_trigger"", ""utc"": ""2026-09-13T17:08:52Z"", ""monotonic_s"": 880.011606, ""arm"": ""no_action"", ""classification"": ""NONOVERLAPPING_BLOCK_PERSISTENCE_OBSERVED"", ""reason"": ""prospective_causal_nonoverlap_block_count"", ""packet_ts"": 1789319332.591561, ""frames_consumed"": 606}",20260913_s14_jnoact2,SEALED_FULL_LOG_EVALUATION_EVIDENCE,decision_log.jsonl,2,c8504cb10ccf9f0f4de22e8fdaf451654e50e4ca5df72ea6b482d40c68e4f689
s14_runs,,no_action,,,"no_action arm: matched control, nothing executed",,action_withheld,,,880.013183,,,,,,,,,,,2026-09-13T17:08:52Z,"{""event"": ""action_withheld"", ""utc"": ""2026-09-13T17:08:52Z"", ""monotonic_s"": 880.013183, ""arm"": ""no_action"", ""detail"": ""no_action arm: matched control, nothing executed""}",20260913_s14_jnoact2,SEALED_FULL_LOG_EVALUATION_EVIDENCE,decision_log.jsonl,3,c8504cb10ccf9f0f4de22e8fdaf451654e50e4ca5df72ea6b482d40c68e4f689
s14_runs,,no_action,,,,,stream_ended,1560,,907.585207,,,,,,,,,,,2026-09-13T17:09:20Z,"{""event"": ""stream_ended"", ""utc"": ""2026-09-13T17:09:20Z"", ""monotonic_s"": 907.585207, ""arm"": ""no_action"", ""frames"": 1560}",20260913_s14_jnoact2,SEALED_FULL_LOG_EVALUATION_EVIDENCE,decision_log.jsonl,4,c8504cb10ccf9f0f4de22e8fdaf451654e50e4ca5df72ea6b482d40c68e4f689
s14_runs,,no_action,,,,,detector_finished,1560,,907.58815,,,,,,,,True,,,2026-09-13T17:09:20Z,"{""event"": ""detector_finished"", ""utc"": ""2026-09-13T17:09:20Z"", ""monotonic_s"": 907.58815, ""arm"": ""no_action"", ""frames"": 1560, ""triggered"": true}",20260913_s14_jnoact2,SEALED_FULL_LOG_EVALUATION_EVIDENCE,decision_log.jsonl,5,c8504cb10ccf9f0f4de22e8fdaf451654e50e4ca5df72ea6b482d40c68e4f689
s14_runs,ip netns exec s14sjn3s ip link set s14sjn3y1 down,no_action,,,,,stream_started,,,1111.796699,,0xa1b23c4d,,,,,seg1-sjn3,,1000000000.0,,2026-09-13T17:12:44Z,"{""event"": ""stream_started"", ""utc"": ""2026-09-13T17:12:44Z"", ""monotonic_s"": 1111.796699, ""arm"": ""no_action"", ""stream_id"": ""seg1-sjn3"", ""pcap_magic"": ""0xa1b23c4d"", ""ts_divisor"": 1000000000.0, ""action_command"": ""ip netns exec s14sjn3s ip link set s14sjn3y1 down""}",20260913_s14_jnoact3,SEALED_FULL_LOG_EVALUATION_EVIDENCE,decision_log.jsonl,1,537bca85f1ad432e29279adfa00430dc0246b9bab319461adfb1fc47385f09c6
s14_runs,,no_action,NONOVERLAPPING_BLOCK_PERSISTENCE_OBSERVED,,,,detection_trigger,,704,1131.440851,1789319583.738007,,prospective_causal_nonoverlap_block_count,,,,,,,,2026-09-13T17:13:04Z,"{""event"": ""detection_trigger"", ""utc"": ""2026-09-13T17:13:04Z"", ""monotonic_s"": 1131.440851, ""arm"": ""no_action"", ""classification"": ""NONOVERLAPPING_BLOCK_PERSISTENCE_OBSERVED"", ""reason"": ""prospective_causal_nonoverlap_block_count"", ""packet_ts"": 1789319583.738007, ""frames_consumed"": 704}",20260913_s14_jnoact3,SEALED_FULL_LOG_EVALUATION_EVIDENCE,decision_log.jsonl,2,537bca85f1ad432e29279adfa00430dc0246b9bab319461adfb1fc47385f09c6
s14_runs,,no_action,,,"no_action arm: matched control, nothing executed",,action_withheld,,,1131.441941,,,,,,,,,,,2026-09-13T17:13:04Z,"{""event"": ""action_withheld"", ""utc"": ""2026-09-13T17:13:04Z"", ""monotonic_s"": 1131.441941, ""arm"": ""no_action"", ""detail"": ""no_action arm: matched control, nothing executed""}",20260913_s14_jnoact3,SEALED_FULL_LOG_EVALUATION_EVIDENCE,decision_log.jsonl,3,537bca85f1ad432e29279adfa00430dc0246b9bab319461adfb1fc47385f09c6
s14_runs,,no_action,,,,,stream_ended,1580,,1156.185885,,,,,,,,,,,2026-09-13T17:13:28Z,"{""event"": ""stream_ended"", ""utc"": ""2026-09-13T17:13:28Z"", ""monotonic_s"": 1156.185885, ""arm"": ""no_action"", ""frames"": 1580}",20260913_s14_jnoact3,SEALED_FULL_LOG_EVALUATION_EVIDENCE,decision_log.jsonl,4,537bca85f1ad432e29279adfa00430dc0246b9bab319461adfb1fc47385f09c6
s14_runs,,no_action,,,,,detector_finished,1580,,1156.187159,,,,,,,,True,,,2026-09-13T17:13:28Z,"{""event"": ""detector_finished"", ""utc"": ""2026-09-13T17:13:28Z"", ""monotonic_s"": 1156.187159, ""arm"": ""no_action"", ""frames"": 1580, ""triggered"": true}",20260913_s14_jnoact3,SEALED_FULL_LOG_EVALUATION_EVIDENCE,decision_log.jsonl,5,537bca85f1ad432e29279adfa00430dc0246b9bab319461adfb1fc47385f09c6
s14_runs,ip netns exec s14sjn4s ip link set s14sjn4y1 down,no_action,,,,,stream_started,,,1359.116467,,0xa1b23c4d,,,,,seg1-sjn4,,1000000000.0,,2026-09-13T17:16:51Z,"{""event"": ""stream_started"", ""utc"": ""2026-09-13T17:16:51Z"", ""monotonic_s"": 1359.116467, ""arm"": ""no_action"", ""stream_id"": ""seg1-sjn4"", ""pcap_magic"": ""0xa1b23c4d"", ""ts_divisor"": 1000000000.0, ""action_command"": ""ip netns exec s14sjn4s ip link set s14sjn4y1 down""}",20260913_s14_jnoact4,SEALED_FULL_LOG_EVALUATION_EVIDENCE,decision_log.jsonl,1,af9d6a1352644a494d335ec7c7fcf2d2d40eb6bfbedcb76a98aca9779ebab17b
s14_runs,,no_action,NONOVERLAPPING_BLOCK_PERSISTENCE_OBSERVED,,,,detection_trigger,,1029,1388.79931,1789319840.616928,,prospective_causal_nonoverlap_block_count,,,,,,,,2026-09-13T17:17:21Z,"{""event"": ""detection_trigger"", ""utc"": ""2026-09-13T17:17:21Z"", ""monotonic_s"": 1388.79931, ""arm"": ""no_action"", ""classification"": ""NONOVERLAPPING_BLOCK_PERSISTENCE_OBSERVED"", ""reason"": ""prospective_causal_nonoverlap_block_count"", ""packet_ts"": 1789319840.616928, ""frames_consumed"": 1029}",20260913_s14_jnoact4,SEALED_FULL_LOG_EVALUATION_EVIDENCE,decision_log.jsonl,2,af9d6a1352644a494d335ec7c7fcf2d2d40eb6bfbedcb76a98aca9779ebab17b
s14_runs,,no_action,,,"no_action arm: matched control, nothing executed",,action_withheld,,,1388.802855,,,,,,,,,,,2026-09-13T17:17:21Z,"{""event"": ""action_withheld"", ""utc"": ""2026-09-13T17:17:21Z"", ""monotonic_s"": 1388.802855, ""arm"": ""no_action"", ""detail"": ""no_action arm: matched control, nothing executed""}",20260913_s14_jnoact4,SEALED_FULL_LOG_EVALUATION_EVIDENCE,decision_log.jsonl,3,af9d6a1352644a494d335ec7c7fcf2d2d40eb6bfbedcb76a98aca9779ebab17b
s14_runs,,no_action,,,,,stream_ended,1544,,1403.352949,,,,,,,,,,,2026-09-13T17:17:36Z,"{""event"": ""stream_ended"", ""utc"": ""2026-09-13T17:17:36Z"", ""monotonic_s"": 1403.352949, ""arm"": ""no_action"", ""frames"": 1544}",20260913_s14_jnoact4,SEALED_FULL_LOG_EVALUATION_EVIDENCE,decision_log.jsonl,4,af9d6a1352644a494d335ec7c7fcf2d2d40eb6bfbedcb76a98aca9779ebab17b
s14_runs,,no_action,,,,,detector_finished,1544,,1403.356294,,,,,,,,True,,,2026-09-13T17:17:36Z,"{""event"": ""detector_finished"", ""utc"": ""2026-09-13T17:17:36Z"", ""monotonic_s"": 1403.356294, ""arm"": ""no_action"", ""frames"": 1544, ""triggered"": true}",20260913_s14_jnoact4,SEALED_FULL_LOG_EVALUATION_EVIDENCE,decision_log.jsonl,5,af9d6a1352644a494d335ec7c7fcf2d2d40eb6bfbedcb76a98aca9779ebab17b
s14_runs,ip netns exec s14sjn5s ip link set s14sjn5y1 down,no_action,,,,,stream_started,,,1607.183048,,0xa1b23c4d,,,,,seg1-sjn5,,1000000000.0,,2026-09-13T17:20:59Z,"{""event"": ""stream_started"", ""utc"": ""2026-09-13T17:20:59Z"", ""monotonic_s"": 1607.183048, ""arm"": ""no_action"", ""stream_id"": ""seg1-sjn5"", ""pcap_magic"": ""0xa1b23c4d"", ""ts_divisor"": 1000000000.0, ""action_command"": ""ip netns exec s14sjn5s ip link set s14sjn5y1 down""}",20260913_s14_jnoact5,SEALED_FULL_LOG_EVALUATION_EVIDENCE,decision_log.jsonl,1,5a558098907e0640165e733154fb73557dc19caab1e11437859dce2a4e425088
s14_runs,,no_action,NONOVERLAPPING_BLOCK_PERSISTENCE_OBSERVED,,,,detection_trigger,,740,1628.791877,1789320080.5023377,,prospective_causal_nonoverlap_block_count,,,,,,,,2026-09-13T17:21:21Z,"{""event"": ""detection_trigger"", ""utc"": ""2026-09-13T17:21:21Z"", ""monotonic_s"": 1628.791877, ""arm"": ""no_action"", ""classification"": ""NONOVERLAPPING_BLOCK_PERSISTENCE_OBSERVED"", ""reason"": ""prospective_causal_nonoverlap_block_count"", ""packet_ts"": 1789320080.5023377, ""frames_consumed"": 740}",20260913_s14_jnoact5,SEALED_FULL_LOG_EVALUATION_EVIDENCE,decision_log.jsonl,2,5a558098907e0640165e733154fb73557dc19caab1e11437859dce2a4e425088
s14_runs,,no_action,,,"no_action arm: matched control, nothing executed",,action_withheld,,,1628.795743,,,,,,,,,,,2026-09-13T17:21:21Z,"{""event"": ""action_withheld"", ""utc"": ""2026-09-13T17:21:21Z"", ""monotonic_s"": 1628.795743, ""arm"": ""no_action"", ""detail"": ""no_action arm: matched control, nothing executed""}",20260913_s14_jnoact5,SEALED_FULL_LOG_EVALUATION_EVIDENCE,decision_log.jsonl,3,5a558098907e0640165e733154fb73557dc19caab1e11437859dce2a4e425088
s14_runs,,no_action,,,,,stream_ended,1556,,1651.461031,,,,,,,,,,,2026-09-13T17:21:44Z,"{""event"": ""stream_ended"", ""utc"": ""2026-09-13T17:21:44Z"", ""monotonic_s"": 1651.461031, ""arm"": ""no_action"", ""frames"": 1556}",20260913_s14_jnoact5,SEALED_FULL_LOG_EVALUATION_EVIDENCE,decision_log.jsonl,4,5a558098907e0640165e733154fb73557dc19caab1e11437859dce2a4e425088
s14_runs,,no_action,,,,,detector_finished,1556,,1651.462325,,,,,,,,True,,,2026-09-13T17:21:44Z,"{""event"": ""detector_finished"", ""utc"": ""2026-09-13T17:21:44Z"", ""monotonic_s"": 1651.462325, ""arm"": ""no_action"", ""frames"": 1556, ""triggered"": true}",20260913_s14_jnoact5,SEALED_FULL_LOG_EVALUATION_EVIDENCE,decision_log.jsonl,5,5a558098907e0640165e733154fb73557dc19caab1e11437859dce2a4e425088
s15_runs,ip netns exec s15v0201s ip link set s15v0201y1 down,no_action,,,,,stream_started,,,306.035144,,0xa1b23c4d,,,,,seg1-v0201,,1000000000.0,,2026-09-13T23:56:15Z,"{""event"": ""stream_started"", ""utc"": ""2026-09-13T23:56:15Z"", ""monotonic_s"": 306.035144, ""arm"": ""no_action"", ""stream_id"": ""seg1-v0201"", ""pcap_magic"": ""0xa1b23c4d"", ""ts_divisor"": 1000000000.0, ""action_command"": ""ip netns exec s15v0201s ip link set s15v0201y1 down""}",20260913_s15_j020_r1,SEALED_FULL_LOG_EVALUATION_EVIDENCE,decision_log.jsonl,1,3df68ea67157abe56ed8b1e368dc21039ffdf836f950ca030f22656fcd131f70
s15_runs,,no_action,,,,,stream_ended,3361,,400.511186,,,,,,,,,,,2026-09-13T23:57:50Z,"{""event"": ""stream_ended"", ""utc"": ""2026-09-13T23:57:50Z"", ""monotonic_s"": 400.511186, ""arm"": ""no_action"", ""frames"": 3361}",20260913_s15_j020_r1,SEALED_FULL_LOG_EVALUATION_EVIDENCE,decision_log.jsonl,2,3df68ea67157abe56ed8b1e368dc21039ffdf836f950ca030f22656fcd131f70
s15_runs,,no_action,,,,,detector_finished,3361,,400.51208,,,,,,,,False,,,2026-09-13T23:57:50Z,"{""event"": ""detector_finished"", ""utc"": ""2026-09-13T23:57:50Z"", ""monotonic_s"": 400.51208, ""arm"": ""no_action"", ""frames"": 3361, ""triggered"": false}",20260913_s15_j020_r1,SEALED_FULL_LOG_EVALUATION_EVIDENCE,decision_log.jsonl,3,3df68ea67157abe56ed8b1e368dc21039ffdf836f950ca030f22656fcd131f70
s15_runs,ip netns exec s15v0202s ip link set s15v0202y1 down,no_action,,,,,stream_started,,,1010.777643,,0xa1b23c4d,,,,,seg1-v0202,,1000000000.0,,2026-09-14T00:08:00Z,"{""event"": ""stream_started"", ""utc"": ""2026-09-14T00:08:00Z"", ""monotonic_s"": 1010.777643, ""arm"": ""no_action"", ""stream_id"": ""seg1-v0202"", ""pcap_magic"": ""0xa1b23c4d"", ""ts_divisor"": 1000000000.0, ""action_command"": ""ip netns exec s15v0202s ip link set s15v0202y1 down""}",20260913_s15_j020_r2,SEALED_FULL_LOG_EVALUATION_EVIDENCE,decision_log.jsonl,1,a0ecd9b7a4b97b09678f3d792a1e219364385f53a827b54c99c7e5e4b39e4292
s15_runs,,no_action,,,,,stream_ended,3434,,1106.514671,,,,,,,,,,,2026-09-14T00:09:36Z,"{""event"": ""stream_ended"", ""utc"": ""2026-09-14T00:09:36Z"", ""monotonic_s"": 1106.514671, ""arm"": ""no_action"", ""frames"": 3434}",20260913_s15_j020_r2,SEALED_FULL_LOG_EVALUATION_EVIDENCE,decision_log.jsonl,2,a0ecd9b7a4b97b09678f3d792a1e219364385f53a827b54c99c7e5e4b39e4292
s15_runs,,no_action,,,,,detector_finished,3434,,1106.517462,,,,,,,,False,,,2026-09-14T00:09:36Z,"{""event"": ""detector_finished"", ""utc"": ""2026-09-14T00:09:36Z"", ""monotonic_s"": 1106.517462, ""arm"": ""no_action"", ""frames"": 3434, ""triggered"": false}",20260913_s15_j020_r2,SEALED_FULL_LOG_EVALUATION_EVIDENCE,decision_log.jsonl,3,a0ecd9b7a4b97b09678f3d792a1e219364385f53a827b54c99c7e5e4b39e4292
s15_runs,ip netns exec s15v0203s ip link set s15v0203y1 down,no_action,,,,,stream_started,,,1416.999806,,0xa1b23c4d,,,,,seg1-v0203,,1000000000.0,,2026-09-14T00:14:46Z,"{""event"": ""stream_started"", ""utc"": ""2026-09-14T00:14:46Z"", ""monotonic_s"": 1416.999806, ""arm"": ""no_action"", ""stream_id"": ""seg1-v0203"", ""pcap_magic"": ""0xa1b23c4d"", ""ts_divisor"": 1000000000.0, ""action_command"": ""ip netns exec s15v0203s ip link set s15v0203y1 down""}",20260913_s15_j020_r3,SEALED_FULL_LOG_EVALUATION_EVIDENCE,decision_log.jsonl,1,9845f324ab389375dcc903a1477b5b2381cb82ef679a5f33f5743c0eacd5480e
s15_runs,,no_action,,,,,stream_ended,3315,,1511.923245,,,,,,,,,,,2026-09-14T00:16:21Z,"{""event"": ""stream_ended"", ""utc"": ""2026-09-14T00:16:21Z"", ""monotonic_s"": 1511.923245, ""arm"": ""no_action"", ""frames"": 3315}",20260913_s15_j020_r3,SEALED_FULL_LOG_EVALUATION_EVIDENCE,decision_log.jsonl,2,9845f324ab389375dcc903a1477b5b2381cb82ef679a5f33f5743c0eacd5480e
s15_runs,,no_action,,,,,detector_finished,3315,,1511.926456,,,,,,,,False,,,2026-09-14T00:16:21Z,"{""event"": ""detector_finished"", ""utc"": ""2026-09-14T00:16:21Z"", ""monotonic_s"": 1511.926456, ""arm"": ""no_action"", ""frames"": 3315, ""triggered"": false}",20260913_s15_j020_r3,SEALED_FULL_LOG_EVALUATION_EVIDENCE,decision_log.jsonl,3,9845f324ab389375dcc903a1477b5b2381cb82ef679a5f33f5743c0eacd5480e
s15_runs,ip netns exec s15v0204s ip link set s15v0204y1 down,no_action,,,,,stream_started,,,1619.158168,,0xa1b23c4d,,,,,seg1-v0204,,1000000000.0,,2026-09-14T00:18:09Z,"{""event"": ""stream_started"", ""utc"": ""2026-09-14T00:18:09Z"", ""monotonic_s"": 1619.158168, ""arm"": ""no_action"", ""stream_id"": ""seg1-v0204"", ""pcap_magic"": ""0xa1b23c4d"", ""ts_divisor"": 1000000000.0, ""action_command"": ""ip netns exec s15v0204s ip link set s15v0204y1 down""}",20260913_s15_j020_r4,SEALED_FULL_LOG_EVALUATION_EVIDENCE,decision_log.jsonl,1,a5be6973ddf464f7bef26acaebd73b53ffed7b536547486515b191a2870af9e7
s15_runs,,no_action,,,,,stream_ended,3388,,1714.662179,,,,,,,,,,,2026-09-14T00:19:44Z,"{""event"": ""stream_ended"", ""utc"": ""2026-09-14T00:19:44Z"", ""monotonic_s"": 1714.662179, ""arm"": ""no_action"", ""frames"": 3388}",20260913_s15_j020_r4,SEALED_FULL_LOG_EVALUATION_EVIDENCE,decision_log.jsonl,2,a5be6973ddf464f7bef26acaebd73b53ffed7b536547486515b191a2870af9e7
s15_runs,,no_action,,,,,detector_finished,3388,,1714.663506,,,,,,,,False,,,2026-09-14T00:19:44Z,"{""event"": ""detector_finished"", ""utc"": ""2026-09-14T00:19:44Z"", ""monotonic_s"": 1714.663506, ""arm"": ""no_action"", ""frames"": 3388, ""triggered"": false}",20260913_s15_j020_r4,SEALED_FULL_LOG_EVALUATION_EVIDENCE,decision_log.jsonl,3,a5be6973ddf464f7bef26acaebd73b53ffed7b536547486515b191a2870af9e7
s15_runs,ip netns exec s15v0205s ip link set s15v0205y1 down,no_action,,,,,stream_started,,,2225.752243,,0xa1b23c4d,,,,,seg1-v0205,,1000000000.0,,2026-09-14T00:28:15Z,"{""event"": ""stream_started"", ""utc"": ""2026-09-14T00:28:15Z"", ""monotonic_s"": 2225.752243, ""arm"": ""no_action"", ""stream_id"": ""seg1-v0205"", ""pcap_magic"": ""0xa1b23c4d"", ""ts_divisor"": 1000000000.0, ""action_command"": ""ip netns exec s15v0205s ip link set s15v0205y1 down""}",20260913_s15_j020_r5,SEALED_FULL_LOG_EVALUATION_EVIDENCE,decision_log.jsonl,1,3f95b35622c1c853fbafd9f5075912fa23b138c76b76aa5453383beabfbe9d5e
s15_runs,,no_action,,,,,stream_ended,3390,,2320.327589,,,,,,,,,,,2026-09-14T00:29:50Z,"{""event"": ""stream_ended"", ""utc"": ""2026-09-14T00:29:50Z"", ""monotonic_s"": 2320.327589, ""arm"": ""no_action"", ""frames"": 3390}",20260913_s15_j020_r5,SEALED_FULL_LOG_EVALUATION_EVIDENCE,decision_log.jsonl,2,3f95b35622c1c853fbafd9f5075912fa23b138c76b76aa5453383beabfbe9d5e
s15_runs,,no_action,,,,,detector_finished,3390,,2320.328813,,,,,,,,False,,,2026-09-14T00:29:50Z,"{""event"": ""detector_finished"", ""utc"": ""2026-09-14T00:29:50Z"", ""monotonic_s"": 2320.328813, ""arm"": ""no_action"", ""frames"": 3390, ""triggered"": false}",20260913_s15_j020_r5,SEALED_FULL_LOG_EVALUATION_EVIDENCE,decision_log.jsonl,3,3f95b35622c1c853fbafd9f5075912fa23b138c76b76aa5453383beabfbe9d5e
s15_runs,ip netns exec s15v0206s ip link set s15v0206y1 down,no_action,,,,,stream_started,,,2831.005987,,0xa1b23c4d,,,,,seg1-v0206,,1000000000.0,,2026-09-14T00:38:20Z,"{""event"": ""stream_started"", ""utc"": ""2026-09-14T00:38:20Z"", ""monotonic_s"": 2831.005987, ""arm"": ""no_action"", ""stream_id"": ""seg1-v0206"", ""pcap_magic"": ""0xa1b23c4d"", ""ts_divisor"": 1000000000.0, ""action_command"": ""ip netns exec s15v0206s ip link set s15v0206y1 down""}",20260913_s15_j020_r6,SEALED_FULL_LOG_EVALUATION_EVIDENCE,decision_log.jsonl,1,0aef62314c3bda25bdaf203d999e7485404021b52b57e9a674283c5bc40d7893
s15_runs,,no_action,,,,,stream_ended,3415,,2925.937818,,,,,,,,,,,2026-09-14T00:39:55Z,"{""event"": ""stream_ended"", ""utc"": ""2026-09-14T00:39:55Z"", ""monotonic_s"": 2925.937818, ""arm"": ""no_action"", ""frames"": 3415}",20260913_s15_j020_r6,SEALED_FULL_LOG_EVALUATION_EVIDENCE,decision_log.jsonl,2,0aef62314c3bda25bdaf203d999e7485404021b52b57e9a674283c5bc40d7893
s15_runs,,no_action,,,,,detector_finished,3415,,2925.938918,,,,,,,,False,,,2026-09-14T00:39:55Z,"{""event"": ""detector_finished"", ""utc"": ""2026-09-14T00:39:55Z"", ""monotonic_s"": 2925.938918, ""arm"": ""no_action"", ""frames"": 3415, ""triggered"": false}",20260913_s15_j020_r6,SEALED_FULL_LOG_EVALUATION_EVIDENCE,decision_log.jsonl,3,0aef62314c3bda25bdaf203d999e7485404021b52b57e9a674283c5bc40d7893
s15_runs,ip netns exec s15v0601s ip link set s15v0601y1 down,no_action,,,,,stream_started,,,207.222718,,0xa1b23c4d,,,,,seg1-v0601,,1000000000.0,,2026-09-13T23:54:37Z,"{""event"": ""stream_started"", ""utc"": ""2026-09-13T23:54:37Z"", ""monotonic_s"": 207.222718, ""arm"": ""no_action"", ""stream_id"": ""seg1-v0601"", ""pcap_magic"": ""0xa1b23c4d"", ""ts_divisor"": 1000000000.0, ""action_command"": ""ip netns exec s15v0601s ip link set s15v0601y1 down""}",20260913_s15_j060_r1,SEALED_FULL_LOG_EVALUATION_EVIDENCE,decision_log.jsonl,1,057551c3cb1dc730f99b4a12754d58825e6a1caadb732af0258ef04b433ed2ba
s15_runs,,no_action,,,,,stream_ended,3364,,301.631343,,,,,,,,,,,2026-09-13T23:56:11Z,"{""event"": ""stream_ended"", ""utc"": ""2026-09-13T23:56:11Z"", ""monotonic_s"": 301.631343, ""arm"": ""no_action"", ""frames"": 3364}",20260913_s15_j060_r1,SEALED_FULL_LOG_EVALUATION_EVIDENCE,decision_log.jsonl,2,057551c3cb1dc730f99b4a12754d58825e6a1caadb732af0258ef04b433ed2ba
s15_runs,,no_action,,,,,detector_finished,3364,,301.632347,,,,,,,,False,,,2026-09-13T23:56:11Z,"{""event"": ""detector_finished"", ""utc"": ""2026-09-13T23:56:11Z"", ""monotonic_s"": 301.632347, ""arm"": ""no_action"", ""frames"": 3364, ""triggered"": false}",20260913_s15_j060_r1,SEALED_FULL_LOG_EVALUATION_EVIDENCE,decision_log.jsonl,3,057551c3cb1dc730f99b4a12754d58825e6a1caadb732af0258ef04b433ed2ba
s15_runs,ip netns exec s15v0602s ip link set s15v0602y1 down,no_action,,,,,stream_started,,,909.721028,,0xa1b23c4d,,,,,seg1-v0602,,1000000000.0,,2026-09-14T00:06:19Z,"{""event"": ""stream_started"", ""utc"": ""2026-09-14T00:06:19Z"", ""monotonic_s"": 909.721028, ""arm"": ""no_action"", ""stream_id"": ""seg1-v0602"", ""pcap_magic"": ""0xa1b23c4d"", ""ts_divisor"": 1000000000.0, ""action_command"": ""ip netns exec s15v0602s ip link set s15v0602y1 down""}",20260913_s15_j060_r2,SEALED_FULL_LOG_EVALUATION_EVIDENCE,decision_log.jsonl,1,b2f55801cf4ddcf88afe25ea5a5121ce3965a1e19c06bc3a467c18ef77521a52
s15_runs,,no_action,NONOVERLAPPING_BLOCK_PERSISTENCE_OBSERVED,,,,detection_trigger,,2967,993.398682,1789344463.1493711,,prospective_causal_nonoverlap_block_count,,,,,,,,2026-09-14T00:07:43Z,"{""event"": ""detection_trigger"", ""utc"": ""2026-09-14T00:07:43Z"", ""monotonic_s"": 993.398682, ""arm"": ""no_action"", ""classification"": ""NONOVERLAPPING_BLOCK_PERSISTENCE_OBSERVED"", ""reason"": ""prospective_causal_nonoverlap_block_count"", ""packet_ts"": 1789344463.1493711, ""frames_consumed"": 2967}",20260913_s15_j060_r2,SEALED_FULL_LOG_EVALUATION_EVIDENCE,decision_log.jsonl,2,b2f55801cf4ddcf88afe25ea5a5121ce3965a1e19c06bc3a467c18ef77521a52
s15_runs,,no_action,,,"no_action arm: matched control, nothing executed",,action_withheld,,,993.401483,,,,,,,,,,,2026-09-14T00:07:43Z,"{""event"": ""action_withheld"", ""utc"": ""2026-09-14T00:07:43Z"", ""monotonic_s"": 993.401483, ""arm"": ""no_action"", ""detail"": ""no_action arm: matched control, nothing executed""}",20260913_s15_j060_r2,SEALED_FULL_LOG_EVALUATION_EVIDENCE,decision_log.jsonl,3,b2f55801cf4ddcf88afe25ea5a5121ce3965a1e19c06bc3a467c18ef77521a52
s15_runs,,no_action,,,,,stream_ended,3362,,1004.788369,,,,,,,,,,,2026-09-14T00:07:54Z,"{""event"": ""stream_ended"", ""utc"": ""2026-09-14T00:07:54Z"", ""monotonic_s"": 1004.788369, ""arm"": ""no_action"", ""frames"": 3362}",20260913_s15_j060_r2,SEALED_FULL_LOG_EVALUATION_EVIDENCE,decision_log.jsonl,4,b2f55801cf4ddcf88afe25ea5a5121ce3965a1e19c06bc3a467c18ef77521a52
s15_runs,,no_action,,,,,detector_finished,3362,,1004.789183,,,,,,,,True,,,2026-09-14T00:07:54Z,"{""event"": ""detector_finished"", ""utc"": ""2026-09-14T00:07:54Z"", ""monotonic_s"": 1004.789183, ""arm"": ""no_action"", ""frames"": 3362, ""triggered"": true}",20260913_s15_j060_r2,SEALED_FULL_LOG_EVALUATION_EVIDENCE,decision_log.jsonl,5,b2f55801cf4ddcf88afe25ea5a5121ce3965a1e19c06bc3a467c18ef77521a52
s15_runs,ip netns exec s15v0603s ip link set s15v0603y1 down,no_action,,,,,stream_started,,,1314.930883,,0xa1b23c4d,,,,,seg1-v0603,,1000000000.0,,2026-09-14T00:13:04Z,"{""event"": ""stream_started"", ""utc"": ""2026-09-14T00:13:04Z"", ""monotonic_s"": 1314.930883, ""arm"": ""no_action"", ""stream_id"": ""seg1-v0603"", ""pcap_magic"": ""0xa1b23c4d"", ""ts_divisor"": 1000000000.0, ""action_command"": ""ip netns exec s15v0603s ip link set s15v0603y1 down""}",20260913_s15_j060_r3,SEALED_FULL_LOG_EVALUATION_EVIDENCE,decision_log.jsonl,1,6acfc46044da6885191efa1b4e1e1cbd92dfa0ce0444a37b154ac8e3c5be1a0d
s15_runs,,no_action,NONOVERLAPPING_BLOCK_PERSISTENCE_OBSERVED,,,,detection_trigger,,2145,1375.6252,1789344845.302885,,prospective_causal_nonoverlap_block_count,,,,,,,,2026-09-14T00:14:05Z,"{""event"": ""detection_trigger"", ""utc"": ""2026-09-14T00:14:05Z"", ""monotonic_s"": 1375.6252, ""arm"": ""no_action"", ""classification"": ""NONOVERLAPPING_BLOCK_PERSISTENCE_OBSERVED"", ""reason"": ""prospective_causal_nonoverlap_block_count"", ""packet_ts"": 1789344845.302885, ""frames_consumed"": 2145}",20260913_s15_j060_r3,SEALED_FULL_LOG_EVALUATION_EVIDENCE,decision_log.jsonl,2,6acfc46044da6885191efa1b4e1e1cbd92dfa0ce0444a37b154ac8e3c5be1a0d
s15_runs,,no_action,,,"no_action arm: matched control, nothing executed",,action_withheld,,,1375.628566,,,,,,,,,,,2026-09-14T00:14:05Z,"{""event"": ""action_withheld"", ""utc"": ""2026-09-14T00:14:05Z"", ""monotonic_s"": 1375.628566, ""arm"": ""no_action"", ""detail"": ""no_action arm: matched control, nothing executed""}",20260913_s15_j060_r3,SEALED_FULL_LOG_EVALUATION_EVIDENCE,decision_log.jsonl,3,6acfc46044da6885191efa1b4e1e1cbd92dfa0ce0444a37b154ac8e3c5be1a0d
s15_runs,,no_action,,,,,stream_ended,3350,,1410.608465,,,,,,,,,,,2026-09-14T00:14:40Z,"{""event"": ""stream_ended"", ""utc"": ""2026-09-14T00:14:40Z"", ""monotonic_s"": 1410.608465, ""arm"": ""no_action"", ""frames"": 3350}",20260913_s15_j060_r3,SEALED_FULL_LOG_EVALUATION_EVIDENCE,decision_log.jsonl,4,6acfc46044da6885191efa1b4e1e1cbd92dfa0ce0444a37b154ac8e3c5be1a0d
s15_runs,,no_action,,,,,detector_finished,3350,,1410.609378,,,,,,,,True,,,2026-09-14T00:14:40Z,"{""event"": ""detector_finished"", ""utc"": ""2026-09-14T00:14:40Z"", ""monotonic_s"": 1410.609378, ""arm"": ""no_action"", ""frames"": 3350, ""triggered"": true}",20260913_s15_j060_r3,SEALED_FULL_LOG_EVALUATION_EVIDENCE,decision_log.jsonl,5,6acfc46044da6885191efa1b4e1e1cbd92dfa0ce0444a37b154ac8e3c5be1a0d
s15_runs,ip netns exec s15v0604s ip link set s15v0604y1 down,no_action,,,,,stream_started,,,2023.447825,,0xa1b23c4d,,,,,seg1-v0604,,1000000000.0,,2026-09-14T00:24:53Z,"{""event"": ""stream_started"", ""utc"": ""2026-09-14T00:24:53Z"", ""monotonic_s"": 2023.447825, ""arm"": ""no_action"", ""stream_id"": ""seg1-v0604"", ""pcap_magic"": ""0xa1b23c4d"", ""ts_divisor"": 1000000000.0, ""action_command"": ""ip netns exec s15v0604s ip link set s15v0604y1 down""}",20260913_s15_j060_r4,SEALED_FULL_LOG_EVALUATION_EVIDENCE,decision_log.jsonl,1,a9b40cd7496688dc2a99cb66ba03643ca5cbde49a8dfefdaf9a5242eddc01da4
s15_runs,,no_action,NONOVERLAPPING_BLOCK_PERSISTENCE_OBSERVED,,,,detection_trigger,,1639,2069.10652,1789345538.8636703,,prospective_causal_nonoverlap_block_count,,,,,,,,2026-09-14T00:25:38Z,"{""event"": ""detection_trigger"", ""utc"": ""2026-09-14T00:25:38Z"", ""monotonic_s"": 2069.10652, ""arm"": ""no_action"", ""classification"": ""NONOVERLAPPING_BLOCK_PERSISTENCE_OBSERVED"", ""reason"": ""prospective_causal_nonoverlap_block_count"", ""packet_ts"": 1789345538.8636703, ""frames_consumed"": 1639}",20260913_s15_j060_r4,SEALED_FULL_LOG_EVALUATION_EVIDENCE,decision_log.jsonl,2,a9b40cd7496688dc2a99cb66ba03643ca5cbde49a8dfefdaf9a5242eddc01da4
s15_runs,,no_action,,,"no_action arm: matched control, nothing executed",,action_withheld,,,2069.110066,,,,,,,,,,,2026-09-14T00:25:38Z,"{""event"": ""action_withheld"", ""utc"": ""2026-09-14T00:25:38Z"", ""monotonic_s"": 2069.110066, ""arm"": ""no_action"", ""detail"": ""no_action arm: matched control, nothing executed""}",20260913_s15_j060_r4,SEALED_FULL_LOG_EVALUATION_EVIDENCE,decision_log.jsonl,3,a9b40cd7496688dc2a99cb66ba03643ca5cbde49a8dfefdaf9a5242eddc01da4
s15_runs,,no_action,,,,,stream_ended,3411,,2118.602485,,,,,,,,,,,2026-09-14T00:26:28Z,"{""event"": ""stream_ended"", ""utc"": ""2026-09-14T00:26:28Z"", ""monotonic_s"": 2118.602485, ""arm"": ""no_action"", ""frames"": 3411}",20260913_s15_j060_r4,SEALED_FULL_LOG_EVALUATION_EVIDENCE,decision_log.jsonl,4,a9b40cd7496688dc2a99cb66ba03643ca5cbde49a8dfefdaf9a5242eddc01da4
s15_runs,,no_action,,,,,detector_finished,3411,,2118.603793,,,,,,,,True,,,2026-09-14T00:26:28Z,"{""event"": ""detector_finished"", ""utc"": ""2026-09-14T00:26:28Z"", ""monotonic_s"": 2118.603793, ""arm"": ""no_action"", ""frames"": 3411, ""triggered"": true}",20260913_s15_j060_r4,SEALED_FULL_LOG_EVALUATION_EVIDENCE,decision_log.jsonl,5,a9b40cd7496688dc2a99cb66ba03643ca5cbde49a8dfefdaf9a5242eddc01da4
s15_runs,ip netns exec s15v0605s ip link set s15v0605y1 down,no_action,,,,,stream_started,,,2124.204734,,0xa1b23c4d,,,,,seg1-v0605,,1000000000.0,,2026-09-14T00:26:34Z,"{""event"": ""stream_started"", ""utc"": ""2026-09-14T00:26:34Z"", ""monotonic_s"": 2124.204734, ""arm"": ""no_action"", ""stream_id"": ""seg1-v0605"", ""pcap_magic"": ""0xa1b23c4d"", ""ts_divisor"": 1000000000.0, ""action_command"": ""ip netns exec s15v0605s ip link set s15v0605y1 down""}",20260913_s15_j060_r5,SEALED_FULL_LOG_EVALUATION_EVIDENCE,decision_log.jsonl,1,e9c01f6708dde540f8e3a10f7b0388e889616cd5f8fb7adf58ccfabcdf73ba9e
s15_runs,,no_action,NONOVERLAPPING_BLOCK_PERSISTENCE_OBSERVED,,,,detection_trigger,,1494,2165.776245,1789345635.0713866,,prospective_causal_nonoverlap_block_count,,,,,,,,2026-09-14T00:27:15Z,"{""event"": ""detection_trigger"", ""utc"": ""2026-09-14T00:27:15Z"", ""monotonic_s"": 2165.776245, ""arm"": ""no_action"", ""classification"": ""NONOVERLAPPING_BLOCK_PERSISTENCE_OBSERVED"", ""reason"": ""prospective_causal_nonoverlap_block_count"", ""packet_ts"": 1789345635.0713866, ""frames_consumed"": 1494}",20260913_s15_j060_r5,SEALED_FULL_LOG_EVALUATION_EVIDENCE,decision_log.jsonl,2,e9c01f6708dde540f8e3a10f7b0388e889616cd5f8fb7adf58ccfabcdf73ba9e
s15_runs,,no_action,,,"no_action arm: matched control, nothing executed",,action_withheld,,,2165.777795,,,,,,,,,,,2026-09-14T00:27:15Z,"{""event"": ""action_withheld"", ""utc"": ""2026-09-14T00:27:15Z"", ""monotonic_s"": 2165.777795, ""arm"": ""no_action"", ""detail"": ""no_action arm: matched control, nothing executed""}",20260913_s15_j060_r5,SEALED_FULL_LOG_EVALUATION_EVIDENCE,decision_log.jsonl,3,e9c01f6708dde540f8e3a10f7b0388e889616cd5f8fb7adf58ccfabcdf73ba9e
s15_runs,,no_action,,,,,stream_ended,3420,,2218.905371,,,,,,,,,,,2026-09-14T00:28:08Z,"{""event"": ""stream_ended"", ""utc"": ""2026-09-14T00:28:08Z"", ""monotonic_s"": 2218.905371, ""arm"": ""no_action"", ""frames"": 3420}",20260913_s15_j060_r5,SEALED_FULL_LOG_EVALUATION_EVIDENCE,decision_log.jsonl,4,e9c01f6708dde540f8e3a10f7b0388e889616cd5f8fb7adf58ccfabcdf73ba9e
s15_runs,,no_action,,,,,detector_finished,3420,,2218.907225,,,,,,,,True,,,2026-09-14T00:28:08Z,"{""event"": ""detector_finished"", ""utc"": ""2026-09-14T00:28:08Z"", ""monotonic_s"": 2218.907225, ""arm"": ""no_action"", ""frames"": 3420, ""triggered"": true}",20260913_s15_j060_r5,SEALED_FULL_LOG_EVALUATION_EVIDENCE,decision_log.jsonl,5,e9c01f6708dde540f8e3a10f7b0388e889616cd5f8fb7adf58ccfabcdf73ba9e
s15_runs,ip netns exec s15v0606s ip link set s15v0606y1 down,no_action,,,,,stream_started,,,2628.479647,,0xa1b23c4d,,,,,seg1-v0606,,1000000000.0,,2026-09-14T00:34:58Z,"{""event"": ""stream_started"", ""utc"": ""2026-09-14T00:34:58Z"", ""monotonic_s"": 2628.479647, ""arm"": ""no_action"", ""stream_id"": ""seg1-v0606"", ""pcap_magic"": ""0xa1b23c4d"", ""ts_divisor"": 1000000000.0, ""action_command"": ""ip netns exec s15v0606s ip link set s15v0606y1 down""}",20260913_s15_j060_r6,SEALED_FULL_LOG_EVALUATION_EVIDENCE,decision_log.jsonl,1,80cbba1a8d0eb22e9bccffbba45469bd974e305e3aba214853f51452c5394260
s15_runs,,no_action,NONOVERLAPPING_BLOCK_PERSISTENCE_OBSERVED,,,,detection_trigger,,899,2653.148603,1789346122.8304124,,prospective_causal_nonoverlap_block_count,,,,,,,,2026-09-14T00:35:23Z,"{""event"": ""detection_trigger"", ""utc"": ""2026-09-14T00:35:23Z"", ""monotonic_s"": 2653.148603, ""arm"": ""no_action"", ""classification"": ""NONOVERLAPPING_BLOCK_PERSISTENCE_OBSERVED"", ""reason"": ""prospective_causal_nonoverlap_block_count"", ""packet_ts"": 1789346122.8304124, ""frames_consumed"": 899}",20260913_s15_j060_r6,SEALED_FULL_LOG_EVALUATION_EVIDENCE,decision_log.jsonl,2,80cbba1a8d0eb22e9bccffbba45469bd974e305e3aba214853f51452c5394260
s15_runs,,no_action,,,"no_action arm: matched control, nothing executed",,action_withheld,,,2653.151697,,,,,,,,,,,2026-09-14T00:35:23Z,"{""event"": ""action_withheld"", ""utc"": ""2026-09-14T00:35:23Z"", ""monotonic_s"": 2653.151697, ""arm"": ""no_action"", ""detail"": ""no_action arm: matched control, nothing executed""}",20260913_s15_j060_r6,SEALED_FULL_LOG_EVALUATION_EVIDENCE,decision_log.jsonl,3,80cbba1a8d0eb22e9bccffbba45469bd974e305e3aba214853f51452c5394260
s15_runs,,no_action,,,,,stream_ended,3384,,2723.154113,,,,,,,,,,,2026-09-14T00:36:33Z,"{""event"": ""stream_ended"", ""utc"": ""2026-09-14T00:36:33Z"", ""monotonic_s"": 2723.154113, ""arm"": ""no_action"", ""frames"": 3384}",20260913_s15_j060_r6,SEALED_FULL_LOG_EVALUATION_EVIDENCE,decision_log.jsonl,4,80cbba1a8d0eb22e9bccffbba45469bd974e305e3aba214853f51452c5394260
s15_runs,,no_action,,,,,detector_finished,3384,,2723.155125,,,,,,,,True,,,2026-09-14T00:36:33Z,"{""event"": ""detector_finished"", ""utc"": ""2026-09-14T00:36:33Z"", ""monotonic_s"": 2723.155125, ""arm"": ""no_action"", ""frames"": 3384, ""triggered"": true}",20260913_s15_j060_r6,SEALED_FULL_LOG_EVALUATION_EVIDENCE,decision_log.jsonl,5,80cbba1a8d0eb22e9bccffbba45469bd974e305e3aba214853f51452c5394260
s15_runs,ip netns exec s15v1001s ip link set s15v1001y1 down,no_action,,,,,stream_started,,,405.967776,,0xa1b23c4d,,,,,seg1-v1001,,1000000000.0,,2026-09-13T23:57:55Z,"{""event"": ""stream_started"", ""utc"": ""2026-09-13T23:57:55Z"", ""monotonic_s"": 405.967776, ""arm"": ""no_action"", ""stream_id"": ""seg1-v1001"", ""pcap_magic"": ""0xa1b23c4d"", ""ts_divisor"": 1000000000.0, ""action_command"": ""ip netns exec s15v1001s ip link set s15v1001y1 down""}",20260913_s15_j100_r1,SEALED_FULL_LOG_EVALUATION_EVIDENCE,decision_log.jsonl,1,b840e743fd9b7cd3f19bf686ff3b70512d9050e45d1203a72638098eb8d32f5f
s15_runs,,no_action,,,,,stream_ended,3329,,500.468132,,,,,,,,,,,2026-09-13T23:59:30Z,"{""event"": ""stream_ended"", ""utc"": ""2026-09-13T23:59:30Z"", ""monotonic_s"": 500.468132, ""arm"": ""no_action"", ""frames"": 3329}",20260913_s15_j100_r1,SEALED_FULL_LOG_EVALUATION_EVIDENCE,decision_log.jsonl,2,b840e743fd9b7cd3f19bf686ff3b70512d9050e45d1203a72638098eb8d32f5f
s15_runs,,no_action,,,,,detector_finished,3329,,500.469016,,,,,,,,False,,,2026-09-13T23:59:30Z,"{""event"": ""detector_finished"", ""utc"": ""2026-09-13T23:59:30Z"", ""monotonic_s"": 500.469016, ""arm"": ""no_action"", ""frames"": 3329, ""triggered"": false}",20260913_s15_j100_r1,SEALED_FULL_LOG_EVALUATION_EVIDENCE,decision_log.jsonl,3,b840e743fd9b7cd3f19bf686ff3b70512d9050e45d1203a72638098eb8d32f5f
s15_runs,ip netns exec s15v1002s ip link set s15v1002y1 down,no_action,,,,,stream_started,,,606.108921,,0xa1b23c4d,,,,,seg1-v1002,,1000000000.0,,2026-09-14T00:01:15Z,"{""event"": ""stream_started"", ""utc"": ""2026-09-14T00:01:15Z"", ""monotonic_s"": 606.108921, ""arm"": ""no_action"", ""stream_id"": ""seg1-v1002"", ""pcap_magic"": ""0xa1b23c4d"", ""ts_divisor"": 1000000000.0, ""action_command"": ""ip netns exec s15v1002s ip link set s15v1002y1 down""}",20260913_s15_j100_r2,SEALED_FULL_LOG_EVALUATION_EVIDENCE,decision_log.jsonl,1,a3c3dabaca26e845e3baaae840cd99eedb31f93c8200ef3dabbd8aea00de38b4
s15_runs,,no_action,,,,,stream_ended,3388,,700.659903,,,,,,,,,,,2026-09-14T00:02:50Z,"{""event"": ""stream_ended"", ""utc"": ""2026-09-14T00:02:50Z"", ""monotonic_s"": 700.659903, ""arm"": ""no_action"", ""frames"": 3388}",20260913_s15_j100_r2,SEALED_FULL_LOG_EVALUATION_EVIDENCE,decision_log.jsonl,2,a3c3dabaca26e845e3baaae840cd99eedb31f93c8200ef3dabbd8aea00de38b4
s15_runs,,no_action,,,,,detector_finished,3388,,700.66071,,,,,,,,False,,,2026-09-14T00:02:50Z,"{""event"": ""detector_finished"", ""utc"": ""2026-09-14T00:02:50Z"", ""monotonic_s"": 700.66071, ""arm"": ""no_action"", ""frames"": 3388, ""triggered"": false}",20260913_s15_j100_r2,SEALED_FULL_LOG_EVALUATION_EVIDENCE,decision_log.jsonl,3,a3c3dabaca26e845e3baaae840cd99eedb31f93c8200ef3dabbd8aea00de38b4
s15_runs,ip netns exec s15v1003s ip link set s15v1003y1 down,no_action,,,,,stream_started,,,1517.77343,,0xa1b23c4d,,,,,seg1-v1003,,1000000000.0,,2026-09-14T00:16:27Z,"{""event"": ""stream_started"", ""utc"": ""2026-09-14T00:16:27Z"", ""monotonic_s"": 1517.77343, ""arm"": ""no_action"", ""stream_id"": ""seg1-v1003"", ""pcap_magic"": ""0xa1b23c4d"", ""ts_divisor"": 1000000000.0, ""action_command"": ""ip netns exec s15v1003s ip link set s15v1003y1 down""}",20260913_s15_j100_r3,SEALED_FULL_LOG_EVALUATION_EVIDENCE,decision_log.jsonl,1,c239c335df5b499bf86a9df61fd46e761b494dd5592521e5c19080432122fbd1
s15_runs,,no_action,NONOVERLAPPING_BLOCK_PERSISTENCE_OBSERVED,,,,detection_trigger,,1141,1549.470517,1789345019.0019784,,prospective_causal_nonoverlap_block_count,,,,,,,,2026-09-14T00:16:59Z,"{""event"": ""detection_trigger"", ""utc"": ""2026-09-14T00:16:59Z"", ""monotonic_s"": 1549.470517, ""arm"": ""no_action"", ""classification"": ""NONOVERLAPPING_BLOCK_PERSISTENCE_OBSERVED"", ""reason"": ""prospective_causal_nonoverlap_block_count"", ""packet_ts"": 1789345019.0019784, ""frames_consumed"": 1141}",20260913_s15_j100_r3,SEALED_FULL_LOG_EVALUATION_EVIDENCE,decision_log.jsonl,2,c239c335df5b499bf86a9df61fd46e761b494dd5592521e5c19080432122fbd1
s15_runs,,no_action,,,"no_action arm: matched control, nothing executed",,action_withheld,,,1549.473617,,,,,,,,,,,2026-09-14T00:16:59Z,"{""event"": ""action_withheld"", ""utc"": ""2026-09-14T00:16:59Z"", ""monotonic_s"": 1549.473617, ""arm"": ""no_action"", ""detail"": ""no_action arm: matched control, nothing executed""}",20260913_s15_j100_r3,SEALED_FULL_LOG_EVALUATION_EVIDENCE,decision_log.jsonl,3,c239c335df5b499bf86a9df61fd46e761b494dd5592521e5c19080432122fbd1
s15_runs,,no_action,,,,,stream_ended,3372,,1613.042263,,,,,,,,,,,2026-09-14T00:18:02Z,"{""event"": ""stream_ended"", ""utc"": ""2026-09-14T00:18:02Z"", ""monotonic_s"": 1613.042263, ""arm"": ""no_action"", ""frames"": 3372}",20260913_s15_j100_r3,SEALED_FULL_LOG_EVALUATION_EVIDENCE,decision_log.jsonl,4,c239c335df5b499bf86a9df61fd46e761b494dd5592521e5c19080432122fbd1
s15_runs,,no_action,,,,,detector_finished,3372,,1613.042928,,,,,,,,True,,,2026-09-14T00:18:02Z,"{""event"": ""detector_finished"", ""utc"": ""2026-09-14T00:18:02Z"", ""monotonic_s"": 1613.042928, ""arm"": ""no_action"", ""frames"": 3372, ""triggered"": true}",20260913_s15_j100_r3,SEALED_FULL_LOG_EVALUATION_EVIDENCE,decision_log.jsonl,5,c239c335df5b499bf86a9df61fd46e761b494dd5592521e5c19080432122fbd1
s15_runs,ip netns exec s15v1004s ip link set s15v1004y1 down,no_action,,,,,stream_started,,,1720.904614,,0xa1b23c4d,,,,,seg1-v1004,,1000000000.0,,2026-09-14T00:19:50Z,"{""event"": ""stream_started"", ""utc"": ""2026-09-14T00:19:50Z"", ""monotonic_s"": 1720.904614, ""arm"": ""no_action"", ""stream_id"": ""seg1-v1004"", ""pcap_magic"": ""0xa1b23c4d"", ""ts_divisor"": 1000000000.0, ""action_command"": ""ip netns exec s15v1004s ip link set s15v1004y1 down""}",20260913_s15_j100_r4,SEALED_FULL_LOG_EVALUATION_EVIDENCE,decision_log.jsonl,1,ed99e4017780f4a1fd8c9fb3641c4bb112604211111bfa987e41a33f06664237
s15_runs,,no_action,NONOVERLAPPING_BLOCK_PERSISTENCE_OBSERVED,,,,detection_trigger,,787,1742.631272,1789345212.2105567,,prospective_causal_nonoverlap_block_count,,,,,,,,2026-09-14T00:20:12Z,"{""event"": ""detection_trigger"", ""utc"": ""2026-09-14T00:20:12Z"", ""monotonic_s"": 1742.631272, ""arm"": ""no_action"", ""classification"": ""NONOVERLAPPING_BLOCK_PERSISTENCE_OBSERVED"", ""reason"": ""prospective_causal_nonoverlap_block_count"", ""packet_ts"": 1789345212.2105567, ""frames_consumed"": 787}",20260913_s15_j100_r4,SEALED_FULL_LOG_EVALUATION_EVIDENCE,decision_log.jsonl,2,ed99e4017780f4a1fd8c9fb3641c4bb112604211111bfa987e41a33f06664237
s15_runs,,no_action,,,"no_action arm: matched control, nothing executed",,action_withheld,,,1742.632315,,,,,,,,,,,2026-09-14T00:20:12Z,"{""event"": ""action_withheld"", ""utc"": ""2026-09-14T00:20:12Z"", ""monotonic_s"": 1742.632315, ""arm"": ""no_action"", ""detail"": ""no_action arm: matched control, nothing executed""}",20260913_s15_j100_r4,SEALED_FULL_LOG_EVALUATION_EVIDENCE,decision_log.jsonl,3,ed99e4017780f4a1fd8c9fb3641c4bb112604211111bfa987e41a33f06664237
s15_runs,,no_action,,,,,stream_ended,3378,,1815.959064,,,,,,,,,,,2026-09-14T00:21:25Z,"{""event"": ""stream_ended"", ""utc"": ""2026-09-14T00:21:25Z"", ""monotonic_s"": 1815.959064, ""arm"": ""no_action"", ""frames"": 3378}",20260913_s15_j100_r4,SEALED_FULL_LOG_EVALUATION_EVIDENCE,decision_log.jsonl,4,ed99e4017780f4a1fd8c9fb3641c4bb112604211111bfa987e41a33f06664237
s15_runs,,no_action,,,,,detector_finished,3378,,1815.96017,,,,,,,,True,,,2026-09-14T00:21:25Z,"{""event"": ""detector_finished"", ""utc"": ""2026-09-14T00:21:25Z"", ""monotonic_s"": 1815.96017, ""arm"": ""no_action"", ""frames"": 3378, ""triggered"": true}",20260913_s15_j100_r4,SEALED_FULL_LOG_EVALUATION_EVIDENCE,decision_log.jsonl,5,ed99e4017780f4a1fd8c9fb3641c4bb112604211111bfa987e41a33f06664237
s15_runs,ip netns exec s15v1005s ip link set s15v1005y1 down,no_action,,,,,stream_started,,,2326.194102,,0xa1b23c4d,,,,,seg1-v1005,,1000000000.0,,2026-09-14T00:29:56Z,"{""event"": ""stream_started"", ""utc"": ""2026-09-14T00:29:56Z"", ""monotonic_s"": 2326.194102, ""arm"": ""no_action"", ""stream_id"": ""seg1-v1005"", ""pcap_magic"": ""0xa1b23c4d"", ""ts_divisor"": 1000000000.0, ""action_command"": ""ip netns exec s15v1005s ip link set s15v1005y1 down""}",20260913_s15_j100_r5,SEALED_FULL_LOG_EVALUATION_EVIDENCE,decision_log.jsonl,1,54e51edf37beff1aa46d433cf7af034699e0f3ff3e5c1a4bc4118dd75e7da1a2
s15_runs,,no_action,NONOVERLAPPING_BLOCK_PERSISTENCE_OBSERVED,,,,detection_trigger,,1700,2373.893235,1789345843.2596402,,prospective_causal_nonoverlap_block_count,,,,,,,,2026-09-14T00:30:43Z,"{""event"": ""detection_trigger"", ""utc"": ""2026-09-14T00:30:43Z"", ""monotonic_s"": 2373.893235, ""arm"": ""no_action"", ""classification"": ""NONOVERLAPPING_BLOCK_PERSISTENCE_OBSERVED"", ""reason"": ""prospective_causal_nonoverlap_block_count"", ""packet_ts"": 1789345843.2596402, ""frames_consumed"": 1700}",20260913_s15_j100_r5,SEALED_FULL_LOG_EVALUATION_EVIDENCE,decision_log.jsonl,2,54e51edf37beff1aa46d433cf7af034699e0f3ff3e5c1a4bc4118dd75e7da1a2
s15_runs,,no_action,,,"no_action arm: matched control, nothing executed",,action_withheld,,,2373.895713,,,,,,,,,,,2026-09-14T00:30:43Z,"{""event"": ""action_withheld"", ""utc"": ""2026-09-14T00:30:43Z"", ""monotonic_s"": 2373.895713, ""arm"": ""no_action"", ""detail"": ""no_action arm: matched control, nothing executed""}",20260913_s15_j100_r5,SEALED_FULL_LOG_EVALUATION_EVIDENCE,decision_log.jsonl,3,54e51edf37beff1aa46d433cf7af034699e0f3ff3e5c1a4bc4118dd75e7da1a2
s15_runs,,no_action,,,,,stream_ended,3382,,2420.981015,,,,,,,,,,,2026-09-14T00:31:30Z,"{""event"": ""stream_ended"", ""utc"": ""2026-09-14T00:31:30Z"", ""monotonic_s"": 2420.981015, ""arm"": ""no_action"", ""frames"": 3382}",20260913_s15_j100_r5,SEALED_FULL_LOG_EVALUATION_EVIDENCE,decision_log.jsonl,4,54e51edf37beff1aa46d433cf7af034699e0f3ff3e5c1a4bc4118dd75e7da1a2
s15_runs,,no_action,,,,,detector_finished,3382,,2420.981744,,,,,,,,True,,,2026-09-14T00:31:30Z,"{""event"": ""detector_finished"", ""utc"": ""2026-09-14T00:31:30Z"", ""monotonic_s"": 2420.981744, ""arm"": ""no_action"", ""frames"": 3382, ""triggered"": true}",20260913_s15_j100_r5,SEALED_FULL_LOG_EVALUATION_EVIDENCE,decision_log.jsonl,5,54e51edf37beff1aa46d433cf7af034699e0f3ff3e5c1a4bc4118dd75e7da1a2
s15_runs,ip netns exec s15v1006s ip link set s15v1006y1 down,no_action,,,,,stream_started,,,3033.58094,,0xa1b23c4d,,,,,seg1-v1006,,1000000000.0,,2026-09-14T00:41:43Z,"{""event"": ""stream_started"", ""utc"": ""2026-09-14T00:41:43Z"", ""monotonic_s"": 3033.58094, ""arm"": ""no_action"", ""stream_id"": ""seg1-v1006"", ""pcap_magic"": ""0xa1b23c4d"", ""ts_divisor"": 1000000000.0, ""action_command"": ""ip netns exec s15v1006s ip link set s15v1006y1 down""}",20260913_s15_j100_r6,SEALED_FULL_LOG_EVALUATION_EVIDENCE,decision_log.jsonl,1,4731962f4fbf02492b0fd80fc94a399d0dd70227cd21c8e925a71b8605e6aad6
s15_runs,,no_action,NONOVERLAPPING_BLOCK_PERSISTENCE_OBSERVED,,,,detection_trigger,,943,3060.166866,1789346529.2410753,,prospective_causal_nonoverlap_block_count,,,,,,,,2026-09-14T00:42:10Z,"{""event"": ""detection_trigger"", ""utc"": ""2026-09-14T00:42:10Z"", ""monotonic_s"": 3060.166866, ""arm"": ""no_action"", ""classification"": ""NONOVERLAPPING_BLOCK_PERSISTENCE_OBSERVED"", ""reason"": ""prospective_causal_nonoverlap_block_count"", ""packet_ts"": 1789346529.2410753, ""frames_consumed"": 943}",20260913_s15_j100_r6,SEALED_FULL_LOG_EVALUATION_EVIDENCE,decision_log.jsonl,2,4731962f4fbf02492b0fd80fc94a399d0dd70227cd21c8e925a71b8605e6aad6
s15_runs,,no_action,,,"no_action arm: matched control, nothing executed",,action_withheld,,,3060.168211,,,,,,,,,,,2026-09-14T00:42:10Z,"{""event"": ""action_withheld"", ""utc"": ""2026-09-14T00:42:10Z"", ""monotonic_s"": 3060.168211, ""arm"": ""no_action"", ""detail"": ""no_action arm: matched control, nothing executed""}",20260913_s15_j100_r6,SEALED_FULL_LOG_EVALUATION_EVIDENCE,decision_log.jsonl,3,4731962f4fbf02492b0fd80fc94a399d0dd70227cd21c8e925a71b8605e6aad6
s15_runs,,no_action,,,,,stream_ended,3403,,3128.959755,,,,,,,,,,,2026-09-14T00:43:18Z,"{""event"": ""stream_ended"", ""utc"": ""2026-09-14T00:43:18Z"", ""monotonic_s"": 3128.959755, ""arm"": ""no_action"", ""frames"": 3403}",20260913_s15_j100_r6,SEALED_FULL_LOG_EVALUATION_EVIDENCE,decision_log.jsonl,4,4731962f4fbf02492b0fd80fc94a399d0dd70227cd21c8e925a71b8605e6aad6
s15_runs,,no_action,,,,,detector_finished,3403,,3128.9634,,,,,,,,True,,,2026-09-14T00:43:18Z,"{""event"": ""detector_finished"", ""utc"": ""2026-09-14T00:43:18Z"", ""monotonic_s"": 3128.9634, ""arm"": ""no_action"", ""frames"": 3403, ""triggered"": true}",20260913_s15_j100_r6,SEALED_FULL_LOG_EVALUATION_EVIDENCE,decision_log.jsonl,5,4731962f4fbf02492b0fd80fc94a399d0dd70227cd21c8e925a71b8605e6aad6
s15_runs,ip netns exec s15v1401s ip link set s15v1401y1 down,no_action,,,,,stream_started,,,505.896717,,0xa1b23c4d,,,,,seg1-v1401,,1000000000.0,,2026-09-13T23:59:35Z,"{""event"": ""stream_started"", ""utc"": ""2026-09-13T23:59:35Z"", ""monotonic_s"": 505.896717, ""arm"": ""no_action"", ""stream_id"": ""seg1-v1401"", ""pcap_magic"": ""0xa1b23c4d"", ""ts_divisor"": 1000000000.0, ""action_command"": ""ip netns exec s15v1401s ip link set s15v1401y1 down""}",20260913_s15_j140_r1,SEALED_FULL_LOG_EVALUATION_EVIDENCE,decision_log.jsonl,1,f962ea89284d2c132d26598232fc225951201b0234ee59e2c230dc10089cc21a
s15_runs,,no_action,NONOVERLAPPING_BLOCK_PERSISTENCE_OBSERVED,,,,detection_trigger,,3026,590.675953,1789344060.5300295,,prospective_causal_nonoverlap_block_count,,,,,,,,2026-09-14T00:01:00Z,"{""event"": ""detection_trigger"", ""utc"": ""2026-09-14T00:01:00Z"", ""monotonic_s"": 590.675953, ""arm"": ""no_action"", ""classification"": ""NONOVERLAPPING_BLOCK_PERSISTENCE_OBSERVED"", ""reason"": ""prospective_causal_nonoverlap_block_count"", ""packet_ts"": 1789344060.5300295, ""frames_consumed"": 3026}",20260913_s15_j140_r1,SEALED_FULL_LOG_EVALUATION_EVIDENCE,decision_log.jsonl,2,f962ea89284d2c132d26598232fc225951201b0234ee59e2c230dc10089cc21a
s15_runs,,no_action,,,"no_action arm: matched control, nothing executed",,action_withheld,,,590.676819,,,,,,,,,,,2026-09-14T00:01:00Z,"{""event"": ""action_withheld"", ""utc"": ""2026-09-14T00:01:00Z"", ""monotonic_s"": 590.676819, ""arm"": ""no_action"", ""detail"": ""no_action arm: matched control, nothing executed""}",20260913_s15_j140_r1,SEALED_FULL_LOG_EVALUATION_EVIDENCE,decision_log.jsonl,3,f962ea89284d2c132d26598232fc225951201b0234ee59e2c230dc10089cc21a
s15_runs,,no_action,,,,,stream_ended,3340,,600.382508,,,,,,,,,,,2026-09-14T00:01:10Z,"{""event"": ""stream_ended"", ""utc"": ""2026-09-14T00:01:10Z"", ""monotonic_s"": 600.382508, ""arm"": ""no_action"", ""frames"": 3340}",20260913_s15_j140_r1,SEALED_FULL_LOG_EVALUATION_EVIDENCE,decision_log.jsonl,4,f962ea89284d2c132d26598232fc225951201b0234ee59e2c230dc10089cc21a
s15_runs,,no_action,,,,,detector_finished,3340,,600.383216,,,,,,,,True,,,2026-09-14T00:01:10Z,"{""event"": ""detector_finished"", ""utc"": ""2026-09-14T00:01:10Z"", ""monotonic_s"": 600.383216, ""arm"": ""no_action"", ""frames"": 3340, ""triggered"": true}",20260913_s15_j140_r1,SEALED_FULL_LOG_EVALUATION_EVIDENCE,decision_log.jsonl,5,f962ea89284d2c132d26598232fc225951201b0234ee59e2c230dc10089cc21a
s15_runs,ip netns exec s15v1402s ip link set s15v1402y1 down,no_action,,,,,stream_started,,,707.451315,,0xa1b23c4d,,,,,seg1-v1402,,1000000000.0,,2026-09-14T00:02:57Z,"{""event"": ""stream_started"", ""utc"": ""2026-09-14T00:02:57Z"", ""monotonic_s"": 707.451315, ""arm"": ""no_action"", ""stream_id"": ""seg1-v1402"", ""pcap_magic"": ""0xa1b23c4d"", ""ts_divisor"": 1000000000.0, ""action_command"": ""ip netns exec s15v1402s ip link set s15v1402y1 down""}",20260913_s15_j140_r2,SEALED_FULL_LOG_EVALUATION_EVIDENCE,decision_log.jsonl,1,47deaa3b94d7a763f0da5b0e68c970595d63718a9bcdea81e0c94170d695f935
s15_runs,,no_action,NONOVERLAPPING_BLOCK_PERSISTENCE_OBSERVED,,,,detection_trigger,,2929,788.837747,1789344258.3118176,,prospective_causal_nonoverlap_block_count,,,,,,,,2026-09-14T00:04:18Z,"{""event"": ""detection_trigger"", ""utc"": ""2026-09-14T00:04:18Z"", ""monotonic_s"": 788.837747, ""arm"": ""no_action"", ""classification"": ""NONOVERLAPPING_BLOCK_PERSISTENCE_OBSERVED"", ""reason"": ""prospective_causal_nonoverlap_block_count"", ""packet_ts"": 1789344258.3118176, ""frames_consumed"": 2929}",20260913_s15_j140_r2,SEALED_FULL_LOG_EVALUATION_EVIDENCE,decision_log.jsonl,2,47deaa3b94d7a763f0da5b0e68c970595d63718a9bcdea81e0c94170d695f935
s15_runs,,no_action,,,"no_action arm: matched control, nothing executed",,action_withheld,,,788.840205,,,,,,,,,,,2026-09-14T00:04:18Z,"{""event"": ""action_withheld"", ""utc"": ""2026-09-14T00:04:18Z"", ""monotonic_s"": 788.840205, ""arm"": ""no_action"", ""detail"": ""no_action arm: matched control, nothing executed""}",20260913_s15_j140_r2,SEALED_FULL_LOG_EVALUATION_EVIDENCE,decision_log.jsonl,3,47deaa3b94d7a763f0da5b0e68c970595d63718a9bcdea81e0c94170d695f935
s15_runs,,no_action,,,,,stream_ended,3408,,801.992377,,,,,,,,,,,2026-09-14T00:04:31Z,"{""event"": ""stream_ended"", ""utc"": ""2026-09-14T00:04:31Z"", ""monotonic_s"": 801.992377, ""arm"": ""no_action"", ""frames"": 3408}",20260913_s15_j140_r2,SEALED_FULL_LOG_EVALUATION_EVIDENCE,decision_log.jsonl,4,47deaa3b94d7a763f0da5b0e68c970595d63718a9bcdea81e0c94170d695f935
s15_runs,,no_action,,,,,detector_finished,3408,,801.993536,,,,,,,,True,,,2026-09-14T00:04:31Z,"{""event"": ""detector_finished"", ""utc"": ""2026-09-14T00:04:31Z"", ""monotonic_s"": 801.993536, ""arm"": ""no_action"", ""frames"": 3408, ""triggered"": true}",20260913_s15_j140_r2,SEALED_FULL_LOG_EVALUATION_EVIDENCE,decision_log.jsonl,5,47deaa3b94d7a763f0da5b0e68c970595d63718a9bcdea81e0c94170d695f935
s15_runs,ip netns exec s15v1403s ip link set s15v1403y1 down,no_action,,,,,stream_started,,,1112.436899,,0xa1b23c4d,,,,,seg1-v1403,,1000000000.0,,2026-09-14T00:09:42Z,"{""event"": ""stream_started"", ""utc"": ""2026-09-14T00:09:42Z"", ""monotonic_s"": 1112.436899, ""arm"": ""no_action"", ""stream_id"": ""seg1-v1403"", ""pcap_magic"": ""0xa1b23c4d"", ""ts_divisor"": 1000000000.0, ""action_command"": ""ip netns exec s15v1403s ip link set s15v1403y1 down""}",20260913_s15_j140_r3,SEALED_FULL_LOG_EVALUATION_EVIDENCE,decision_log.jsonl,1,ebe5e8d995a74615d3fdf196442311529742293751df65c171961f78ac0fff77
s15_runs,,no_action,NONOVERLAPPING_BLOCK_PERSISTENCE_OBSERVED,,,,detection_trigger,,753,1133.135839,1789344602.2104373,,prospective_causal_nonoverlap_block_count,,,,,,,,2026-09-14T00:10:02Z,"{""event"": ""detection_trigger"", ""utc"": ""2026-09-14T00:10:02Z"", ""monotonic_s"": 1133.135839, ""arm"": ""no_action"", ""classification"": ""NONOVERLAPPING_BLOCK_PERSISTENCE_OBSERVED"", ""reason"": ""prospective_causal_nonoverlap_block_count"", ""packet_ts"": 1789344602.2104373, ""frames_consumed"": 753}",20260913_s15_j140_r3,SEALED_FULL_LOG_EVALUATION_EVIDENCE,decision_log.jsonl,2,ebe5e8d995a74615d3fdf196442311529742293751df65c171961f78ac0fff77
s15_runs,,no_action,,,"no_action arm: matched control, nothing executed",,action_withheld,,,1133.137009,,,,,,,,,,,2026-09-14T00:10:02Z,"{""event"": ""action_withheld"", ""utc"": ""2026-09-14T00:10:02Z"", ""monotonic_s"": 1133.137009, ""arm"": ""no_action"", ""detail"": ""no_action arm: matched control, nothing executed""}",20260913_s15_j140_r3,SEALED_FULL_LOG_EVALUATION_EVIDENCE,decision_log.jsonl,3,ebe5e8d995a74615d3fdf196442311529742293751df65c171961f78ac0fff77
s15_runs,,no_action,,,,,stream_ended,3439,,1208.485665,,,,,,,,,,,2026-09-14T00:11:18Z,"{""event"": ""stream_ended"", ""utc"": ""2026-09-14T00:11:18Z"", ""monotonic_s"": 1208.485665, ""arm"": ""no_action"", ""frames"": 3439}",20260913_s15_j140_r3,SEALED_FULL_LOG_EVALUATION_EVIDENCE,decision_log.jsonl,4,ebe5e8d995a74615d3fdf196442311529742293751df65c171961f78ac0fff77
s15_runs,,no_action,,,,,detector_finished,3439,,1208.488869,,,,,,,,True,,,2026-09-14T00:11:18Z,"{""event"": ""detector_finished"", ""utc"": ""2026-09-14T00:11:18Z"", ""monotonic_s"": 1208.488869, ""arm"": ""no_action"", ""frames"": 3439, ""triggered"": true}",20260913_s15_j140_r3,SEALED_FULL_LOG_EVALUATION_EVIDENCE,decision_log.jsonl,5,ebe5e8d995a74615d3fdf196442311529742293751df65c171961f78ac0fff77
s15_runs,ip netns exec s15v1404s ip link set s15v1404y1 down,no_action,,,,,stream_started,,,1821.578344,,0xa1b23c4d,,,,,seg1-v1404,,1000000000.0,,2026-09-14T00:21:31Z,"{""event"": ""stream_started"", ""utc"": ""2026-09-14T00:21:31Z"", ""monotonic_s"": 1821.578344, ""arm"": ""no_action"", ""stream_id"": ""seg1-v1404"", ""pcap_magic"": ""0xa1b23c4d"", ""ts_divisor"": 1000000000.0, ""action_command"": ""ip netns exec s15v1404s ip link set s15v1404y1 down""}",20260913_s15_j140_r4,SEALED_FULL_LOG_EVALUATION_EVIDENCE,decision_log.jsonl,1,25e6660c923890df76194ddfd4e7a5653aba62fe4e7312ed3fc8af6707bd5595
s15_runs,,no_action,NONOVERLAPPING_BLOCK_PERSISTENCE_OBSERVED,,,,detection_trigger,,1047,1851.340642,1789345320.5062985,,prospective_causal_nonoverlap_block_count,,,,,,,,2026-09-14T00:22:01Z,"{""event"": ""detection_trigger"", ""utc"": ""2026-09-14T00:22:01Z"", ""monotonic_s"": 1851.340642, ""arm"": ""no_action"", ""classification"": ""NONOVERLAPPING_BLOCK_PERSISTENCE_OBSERVED"", ""reason"": ""prospective_causal_nonoverlap_block_count"", ""packet_ts"": 1789345320.5062985, ""frames_consumed"": 1047}",20260913_s15_j140_r4,SEALED_FULL_LOG_EVALUATION_EVIDENCE,decision_log.jsonl,2,25e6660c923890df76194ddfd4e7a5653aba62fe4e7312ed3fc8af6707bd5595
s15_runs,,no_action,,,"no_action arm: matched control, nothing executed",,action_withheld,,,1851.343424,,,,,,,,,,,2026-09-14T00:22:01Z,"{""event"": ""action_withheld"", ""utc"": ""2026-09-14T00:22:01Z"", ""monotonic_s"": 1851.343424, ""arm"": ""no_action"", ""detail"": ""no_action arm: matched control, nothing executed""}",20260913_s15_j140_r4,SEALED_FULL_LOG_EVALUATION_EVIDENCE,decision_log.jsonl,3,25e6660c923890df76194ddfd4e7a5653aba62fe4e7312ed3fc8af6707bd5595
s15_runs,,no_action,,,,,stream_ended,3362,,1916.282964,,,,,,,,,,,2026-09-14T00:23:06Z,"{""event"": ""stream_ended"", ""utc"": ""2026-09-14T00:23:06Z"", ""monotonic_s"": 1916.282964, ""arm"": ""no_action"", ""frames"": 3362}",20260913_s15_j140_r4,SEALED_FULL_LOG_EVALUATION_EVIDENCE,decision_log.jsonl,4,25e6660c923890df76194ddfd4e7a5653aba62fe4e7312ed3fc8af6707bd5595
s15_runs,,no_action,,,,,detector_finished,3362,,1916.28367,,,,,,,,True,,,2026-09-14T00:23:06Z,"{""event"": ""detector_finished"", ""utc"": ""2026-09-14T00:23:06Z"", ""monotonic_s"": 1916.28367, ""arm"": ""no_action"", ""frames"": 3362, ""triggered"": true}",20260913_s15_j140_r4,SEALED_FULL_LOG_EVALUATION_EVIDENCE,decision_log.jsonl,5,25e6660c923890df76194ddfd4e7a5653aba62fe4e7312ed3fc8af6707bd5595
s15_runs,ip netns exec s15v1405s ip link set s15v1405y1 down,no_action,,,,,stream_started,,,2426.710397,,0xa1b23c4d,,,,,seg1-v1405,,1000000000.0,,2026-09-14T00:31:36Z,"{""event"": ""stream_started"", ""utc"": ""2026-09-14T00:31:36Z"", ""monotonic_s"": 2426.710397, ""arm"": ""no_action"", ""stream_id"": ""seg1-v1405"", ""pcap_magic"": ""0xa1b23c4d"", ""ts_divisor"": 1000000000.0, ""action_command"": ""ip netns exec s15v1405s ip link set s15v1405y1 down""}",20260913_s15_j140_r5,SEALED_FULL_LOG_EVALUATION_EVIDENCE,decision_log.jsonl,1,f82f575b83a8480c0961688508bbb33ee6d2987a501c1fa5b1d926fa01f46942
s15_runs,,no_action,NONOVERLAPPING_BLOCK_PERSISTENCE_OBSERVED,,,,detection_trigger,,998,2455.382309,1789345924.2527788,,prospective_causal_nonoverlap_block_count,,,,,,,,2026-09-14T00:32:05Z,"{""event"": ""detection_trigger"", ""utc"": ""2026-09-14T00:32:05Z"", ""monotonic_s"": 2455.382309, ""arm"": ""no_action"", ""classification"": ""NONOVERLAPPING_BLOCK_PERSISTENCE_OBSERVED"", ""reason"": ""prospective_causal_nonoverlap_block_count"", ""packet_ts"": 1789345924.2527788, ""frames_consumed"": 998}",20260913_s15_j140_r5,SEALED_FULL_LOG_EVALUATION_EVIDENCE,decision_log.jsonl,2,f82f575b83a8480c0961688508bbb33ee6d2987a501c1fa5b1d926fa01f46942
s15_runs,,no_action,,,"no_action arm: matched control, nothing executed",,action_withheld,,,2455.385829,,,,,,,,,,,2026-09-14T00:32:05Z,"{""event"": ""action_withheld"", ""utc"": ""2026-09-14T00:32:05Z"", ""monotonic_s"": 2455.385829, ""arm"": ""no_action"", ""detail"": ""no_action arm: matched control, nothing executed""}",20260913_s15_j140_r5,SEALED_FULL_LOG_EVALUATION_EVIDENCE,decision_log.jsonl,3,f82f575b83a8480c0961688508bbb33ee6d2987a501c1fa5b1d926fa01f46942
s15_runs,,no_action,,,,,stream_ended,3389,,2521.762605,,,,,,,,,,,2026-09-14T00:33:11Z,"{""event"": ""stream_ended"", ""utc"": ""2026-09-14T00:33:11Z"", ""monotonic_s"": 2521.762605, ""arm"": ""no_action"", ""frames"": 3389}",20260913_s15_j140_r5,SEALED_FULL_LOG_EVALUATION_EVIDENCE,decision_log.jsonl,4,f82f575b83a8480c0961688508bbb33ee6d2987a501c1fa5b1d926fa01f46942
s15_runs,,no_action,,,,,detector_finished,3389,,2521.764099,,,,,,,,True,,,2026-09-14T00:33:11Z,"{""event"": ""detector_finished"", ""utc"": ""2026-09-14T00:33:11Z"", ""monotonic_s"": 2521.764099, ""arm"": ""no_action"", ""frames"": 3389, ""triggered"": true}",20260913_s15_j140_r5,SEALED_FULL_LOG_EVALUATION_EVIDENCE,decision_log.jsonl,5,f82f575b83a8480c0961688508bbb33ee6d2987a501c1fa5b1d926fa01f46942
s15_runs,ip netns exec s15v1406s ip link set s15v1406y1 down,no_action,,,,,stream_started,,,2932.796256,,0xa1b23c4d,,,,,seg1-v1406,,1000000000.0,,2026-09-14T00:40:02Z,"{""event"": ""stream_started"", ""utc"": ""2026-09-14T00:40:02Z"", ""monotonic_s"": 2932.796256, ""arm"": ""no_action"", ""stream_id"": ""seg1-v1406"", ""pcap_magic"": ""0xa1b23c4d"", ""ts_divisor"": 1000000000.0, ""action_command"": ""ip netns exec s15v1406s ip link set s15v1406y1 down""}",20260913_s15_j140_r6,SEALED_FULL_LOG_EVALUATION_EVIDENCE,decision_log.jsonl,1,53869345884e51cb22c1ef095c66590d619d4103170057a62edfd6cb4fe081ab
s15_runs,,no_action,NONOVERLAPPING_BLOCK_PERSISTENCE_OBSERVED,,,,detection_trigger,,766,2953.429779,1789346423.2225368,,prospective_causal_nonoverlap_block_count,,,,,,,,2026-09-14T00:40:23Z,"{""event"": ""detection_trigger"", ""utc"": ""2026-09-14T00:40:23Z"", ""monotonic_s"": 2953.429779, ""arm"": ""no_action"", ""classification"": ""NONOVERLAPPING_BLOCK_PERSISTENCE_OBSERVED"", ""reason"": ""prospective_causal_nonoverlap_block_count"", ""packet_ts"": 1789346423.2225368, ""frames_consumed"": 766}",20260913_s15_j140_r6,SEALED_FULL_LOG_EVALUATION_EVIDENCE,decision_log.jsonl,2,53869345884e51cb22c1ef095c66590d619d4103170057a62edfd6cb4fe081ab
s15_runs,,no_action,,,"no_action arm: matched control, nothing executed",,action_withheld,,,2953.433429,,,,,,,,,,,2026-09-14T00:40:23Z,"{""event"": ""action_withheld"", ""utc"": ""2026-09-14T00:40:23Z"", ""monotonic_s"": 2953.433429, ""arm"": ""no_action"", ""detail"": ""no_action arm: matched control, nothing executed""}",20260913_s15_j140_r6,SEALED_FULL_LOG_EVALUATION_EVIDENCE,decision_log.jsonl,3,53869345884e51cb22c1ef095c66590d619d4103170057a62edfd6cb4fe081ab
s15_runs,,no_action,,,,,stream_ended,3394,,3027.943208,,,,,,,,,,,2026-09-14T00:41:37Z,"{""event"": ""stream_ended"", ""utc"": ""2026-09-14T00:41:37Z"", ""monotonic_s"": 3027.943208, ""arm"": ""no_action"", ""frames"": 3394}",20260913_s15_j140_r6,SEALED_FULL_LOG_EVALUATION_EVIDENCE,decision_log.jsonl,4,53869345884e51cb22c1ef095c66590d619d4103170057a62edfd6cb4fe081ab
s15_runs,,no_action,,,,,detector_finished,3394,,3027.944585,,,,,,,,True,,,2026-09-14T00:41:37Z,"{""event"": ""detector_finished"", ""utc"": ""2026-09-14T00:41:37Z"", ""monotonic_s"": 3027.944585, ""arm"": ""no_action"", ""frames"": 3394, ""triggered"": true}",20260913_s15_j140_r6,SEALED_FULL_LOG_EVALUATION_EVIDENCE,decision_log.jsonl,5,53869345884e51cb22c1ef095c66590d619d4103170057a62edfd6cb4fe081ab
s15_runs,ip netns exec s15v2001s ip link set s15v2001y1 down,no_action,,,,,stream_started,,,108.153749,,0xa1b23c4d,,,,,seg1-v2001,,1000000000.0,,2026-09-13T23:52:58Z,"{""event"": ""stream_started"", ""utc"": ""2026-09-13T23:52:58Z"", ""monotonic_s"": 108.153749, ""arm"": ""no_action"", ""stream_id"": ""seg1-v2001"", ""pcap_magic"": ""0xa1b23c4d"", ""ts_divisor"": 1000000000.0, ""action_command"": ""ip netns exec s15v2001s ip link set s15v2001y1 down""}",20260913_s15_j200_r1,SEALED_FULL_LOG_EVALUATION_EVIDENCE,decision_log.jsonl,1,11d2fa5810f044ee0e25b665d27d026ddfae42bfc64acfa22bce703b9da8c6a4
s15_runs,,no_action,NONOVERLAPPING_BLOCK_PERSISTENCE_OBSERVED,,,,detection_trigger,,1658,154.861364,1789343623.7500877,,prospective_causal_nonoverlap_block_count,,,,,,,,2026-09-13T23:53:44Z,"{""event"": ""detection_trigger"", ""utc"": ""2026-09-13T23:53:44Z"", ""monotonic_s"": 154.861364, ""arm"": ""no_action"", ""classification"": ""NONOVERLAPPING_BLOCK_PERSISTENCE_OBSERVED"", ""reason"": ""prospective_causal_nonoverlap_block_count"", ""packet_ts"": 1789343623.7500877, ""frames_consumed"": 1658}",20260913_s15_j200_r1,SEALED_FULL_LOG_EVALUATION_EVIDENCE,decision_log.jsonl,2,11d2fa5810f044ee0e25b665d27d026ddfae42bfc64acfa22bce703b9da8c6a4
s15_runs,,no_action,,,"no_action arm: matched control, nothing executed",,action_withheld,,,154.862175,,,,,,,,,,,2026-09-13T23:53:44Z,"{""event"": ""action_withheld"", ""utc"": ""2026-09-13T23:53:44Z"", ""monotonic_s"": 154.862175, ""arm"": ""no_action"", ""detail"": ""no_action arm: matched control, nothing executed""}",20260913_s15_j200_r1,SEALED_FULL_LOG_EVALUATION_EVIDENCE,decision_log.jsonl,3,11d2fa5810f044ee0e25b665d27d026ddfae42bfc64acfa22bce703b9da8c6a4
s15_runs,,no_action,,,,,stream_ended,3323,,202.635184,,,,,,,,,,,2026-09-13T23:54:32Z,"{""event"": ""stream_ended"", ""utc"": ""2026-09-13T23:54:32Z"", ""monotonic_s"": 202.635184, ""arm"": ""no_action"", ""frames"": 3323}",20260913_s15_j200_r1,SEALED_FULL_LOG_EVALUATION_EVIDENCE,decision_log.jsonl,4,11d2fa5810f044ee0e25b665d27d026ddfae42bfc64acfa22bce703b9da8c6a4
s15_runs,,no_action,,,,,detector_finished,3323,,202.635788,,,,,,,,True,,,2026-09-13T23:54:32Z,"{""event"": ""detector_finished"", ""utc"": ""2026-09-13T23:54:32Z"", ""monotonic_s"": 202.635788, ""arm"": ""no_action"", ""frames"": 3323, ""triggered"": true}",20260913_s15_j200_r1,SEALED_FULL_LOG_EVALUATION_EVIDENCE,decision_log.jsonl,5,11d2fa5810f044ee0e25b665d27d026ddfae42bfc64acfa22bce703b9da8c6a4
s15_runs,ip netns exec s15v2002s ip link set s15v2002y1 down,no_action,,,,,stream_started,,,807.939544,,0xa1b23c4d,,,,,seg1-v2002,,1000000000.0,,2026-09-14T00:04:37Z,"{""event"": ""stream_started"", ""utc"": ""2026-09-14T00:04:37Z"", ""monotonic_s"": 807.939544, ""arm"": ""no_action"", ""stream_id"": ""seg1-v2002"", ""pcap_magic"": ""0xa1b23c4d"", ""ts_divisor"": 1000000000.0, ""action_command"": ""ip netns exec s15v2002s ip link set s15v2002y1 down""}",20260913_s15_j200_r2,SEALED_FULL_LOG_EVALUATION_EVIDENCE,decision_log.jsonl,1,a163238c108d99e86ce77e1345ee25ebf4d176c45fd8d612bda318cfc0eea8fa
s15_runs,,no_action,NONOVERLAPPING_BLOCK_PERSISTENCE_OBSERVED,,,,detection_trigger,,1597,852.544675,1789344322.2664297,,prospective_causal_nonoverlap_block_count,,,,,,,,2026-09-14T00:05:22Z,"{""event"": ""detection_trigger"", ""utc"": ""2026-09-14T00:05:22Z"", ""monotonic_s"": 852.544675, ""arm"": ""no_action"", ""classification"": ""NONOVERLAPPING_BLOCK_PERSISTENCE_OBSERVED"", ""reason"": ""prospective_causal_nonoverlap_block_count"", ""packet_ts"": 1789344322.2664297, ""frames_consumed"": 1597}",20260913_s15_j200_r2,SEALED_FULL_LOG_EVALUATION_EVIDENCE,decision_log.jsonl,2,a163238c108d99e86ce77e1345ee25ebf4d176c45fd8d612bda318cfc0eea8fa
s15_runs,,no_action,,,"no_action arm: matched control, nothing executed",,action_withheld,,,852.547683,,,,,,,,,,,2026-09-14T00:05:22Z,"{""event"": ""action_withheld"", ""utc"": ""2026-09-14T00:05:22Z"", ""monotonic_s"": 852.547683, ""arm"": ""no_action"", ""detail"": ""no_action arm: matched control, nothing executed""}",20260913_s15_j200_r2,SEALED_FULL_LOG_EVALUATION_EVIDENCE,decision_log.jsonl,3,a163238c108d99e86ce77e1345ee25ebf4d176c45fd8d612bda318cfc0eea8fa
s15_runs,,no_action,,,,,stream_ended,3392,,903.14409,,,,,,,,,,,2026-09-14T00:06:13Z,"{""event"": ""stream_ended"", ""utc"": ""2026-09-14T00:06:13Z"", ""monotonic_s"": 903.14409, ""arm"": ""no_action"", ""frames"": 3392}",20260913_s15_j200_r2,SEALED_FULL_LOG_EVALUATION_EVIDENCE,decision_log.jsonl,4,a163238c108d99e86ce77e1345ee25ebf4d176c45fd8d612bda318cfc0eea8fa
s15_runs,,no_action,,,,,detector_finished,3392,,903.14536,,,,,,,,True,,,2026-09-14T00:06:13Z,"{""event"": ""detector_finished"", ""utc"": ""2026-09-14T00:06:13Z"", ""monotonic_s"": 903.14536, ""arm"": ""no_action"", ""frames"": 3392, ""triggered"": true}",20260913_s15_j200_r2,SEALED_FULL_LOG_EVALUATION_EVIDENCE,decision_log.jsonl,5,a163238c108d99e86ce77e1345ee25ebf4d176c45fd8d612bda318cfc0eea8fa
s15_runs,ip netns exec s15v2003s ip link set s15v2003y1 down,no_action,,,,,stream_started,,,1214.244542,,0xa1b23c4d,,,,,seg1-v2003,,1000000000.0,,2026-09-14T00:11:24Z,"{""event"": ""stream_started"", ""utc"": ""2026-09-14T00:11:24Z"", ""monotonic_s"": 1214.244542, ""arm"": ""no_action"", ""stream_id"": ""seg1-v2003"", ""pcap_magic"": ""0xa1b23c4d"", ""ts_divisor"": 1000000000.0, ""action_command"": ""ip netns exec s15v2003s ip link set s15v2003y1 down""}",20260913_s15_j200_r3,SEALED_FULL_LOG_EVALUATION_EVIDENCE,decision_log.jsonl,1,9523c295c0771110449f4617356213cd8295583ea80431f95ca927ef643b487a
s15_runs,,no_action,NONOVERLAPPING_BLOCK_PERSISTENCE_OBSERVED,,,,detection_trigger,,635,1232.861114,1789344701.8655834,,prospective_causal_nonoverlap_block_count,,,,,,,,2026-09-14T00:11:42Z,"{""event"": ""detection_trigger"", ""utc"": ""2026-09-14T00:11:42Z"", ""monotonic_s"": 1232.861114, ""arm"": ""no_action"", ""classification"": ""NONOVERLAPPING_BLOCK_PERSISTENCE_OBSERVED"", ""reason"": ""prospective_causal_nonoverlap_block_count"", ""packet_ts"": 1789344701.8655834, ""frames_consumed"": 635}",20260913_s15_j200_r3,SEALED_FULL_LOG_EVALUATION_EVIDENCE,decision_log.jsonl,2,9523c295c0771110449f4617356213cd8295583ea80431f95ca927ef643b487a
s15_runs,,no_action,,,"no_action arm: matched control, nothing executed",,action_withheld,,,1232.862483,,,,,,,,,,,2026-09-14T00:11:42Z,"{""event"": ""action_withheld"", ""utc"": ""2026-09-14T00:11:42Z"", ""monotonic_s"": 1232.862483, ""arm"": ""no_action"", ""detail"": ""no_action arm: matched control, nothing executed""}",20260913_s15_j200_r3,SEALED_FULL_LOG_EVALUATION_EVIDENCE,decision_log.jsonl,3,9523c295c0771110449f4617356213cd8295583ea80431f95ca927ef643b487a
s15_runs,,no_action,,,,,stream_ended,3378,,1308.933794,,,,,,,,,,,2026-09-14T00:12:58Z,"{""event"": ""stream_ended"", ""utc"": ""2026-09-14T00:12:58Z"", ""monotonic_s"": 1308.933794, ""arm"": ""no_action"", ""frames"": 3378}",20260913_s15_j200_r3,SEALED_FULL_LOG_EVALUATION_EVIDENCE,decision_log.jsonl,4,9523c295c0771110449f4617356213cd8295583ea80431f95ca927ef643b487a
s15_runs,,no_action,,,,,detector_finished,3378,,1308.934724,,,,,,,,True,,,2026-09-14T00:12:58Z,"{""event"": ""detector_finished"", ""utc"": ""2026-09-14T00:12:58Z"", ""monotonic_s"": 1308.934724, ""arm"": ""no_action"", ""frames"": 3378, ""triggered"": true}",20260913_s15_j200_r3,SEALED_FULL_LOG_EVALUATION_EVIDENCE,decision_log.jsonl,5,9523c295c0771110449f4617356213cd8295583ea80431f95ca927ef643b487a
s15_runs,ip netns exec s15v2004s ip link set s15v2004y1 down,no_action,,,,,stream_started,,,1921.861124,,0xa1b23c4d,,,,,seg1-v2004,,1000000000.0,,2026-09-14T00:23:11Z,"{""event"": ""stream_started"", ""utc"": ""2026-09-14T00:23:11Z"", ""monotonic_s"": 1921.861124, ""arm"": ""no_action"", ""stream_id"": ""seg1-v2004"", ""pcap_magic"": ""0xa1b23c4d"", ""ts_divisor"": 1000000000.0, ""action_command"": ""ip netns exec s15v2004s ip link set s15v2004y1 down""}",20260913_s15_j200_r4,SEALED_FULL_LOG_EVALUATION_EVIDENCE,decision_log.jsonl,1,635ee808b9a3f1732f61ca3e0e90da9dca92690a892c544824847e37363ffa18
s15_runs,,no_action,NONOVERLAPPING_BLOCK_PERSISTENCE_OBSERVED,,,,detection_trigger,,939,1947.581967,1789345417.163906,,prospective_causal_nonoverlap_block_count,,,,,,,,2026-09-14T00:23:37Z,"{""event"": ""detection_trigger"", ""utc"": ""2026-09-14T00:23:37Z"", ""monotonic_s"": 1947.581967, ""arm"": ""no_action"", ""classification"": ""NONOVERLAPPING_BLOCK_PERSISTENCE_OBSERVED"", ""reason"": ""prospective_causal_nonoverlap_block_count"", ""packet_ts"": 1789345417.163906, ""frames_consumed"": 939}",20260913_s15_j200_r4,SEALED_FULL_LOG_EVALUATION_EVIDENCE,decision_log.jsonl,2,635ee808b9a3f1732f61ca3e0e90da9dca92690a892c544824847e37363ffa18
s15_runs,,no_action,,,"no_action arm: matched control, nothing executed",,action_withheld,,,1947.583779,,,,,,,,,,,2026-09-14T00:23:37Z,"{""event"": ""action_withheld"", ""utc"": ""2026-09-14T00:23:37Z"", ""monotonic_s"": 1947.583779, ""arm"": ""no_action"", ""detail"": ""no_action arm: matched control, nothing executed""}",20260913_s15_j200_r4,SEALED_FULL_LOG_EVALUATION_EVIDENCE,decision_log.jsonl,3,635ee808b9a3f1732f61ca3e0e90da9dca92690a892c544824847e37363ffa18
s15_runs,,no_action,,,,,stream_ended,3447,,2017.521936,,,,,,,,,,,2026-09-14T00:24:47Z,"{""event"": ""stream_ended"", ""utc"": ""2026-09-14T00:24:47Z"", ""monotonic_s"": 2017.521936, ""arm"": ""no_action"", ""frames"": 3447}",20260913_s15_j200_r4,SEALED_FULL_LOG_EVALUATION_EVIDENCE,decision_log.jsonl,4,635ee808b9a3f1732f61ca3e0e90da9dca92690a892c544824847e37363ffa18
s15_runs,,no_action,,,,,detector_finished,3447,,2017.523194,,,,,,,,True,,,2026-09-14T00:24:47Z,"{""event"": ""detector_finished"", ""utc"": ""2026-09-14T00:24:47Z"", ""monotonic_s"": 2017.523194, ""arm"": ""no_action"", ""frames"": 3447, ""triggered"": true}",20260913_s15_j200_r4,SEALED_FULL_LOG_EVALUATION_EVIDENCE,decision_log.jsonl,5,635ee808b9a3f1732f61ca3e0e90da9dca92690a892c544824847e37363ffa18
s15_runs,ip netns exec s15v2005s ip link set s15v2005y1 down,no_action,,,,,stream_started,,,2527.374654,,0xa1b23c4d,,,,,seg1-v2005,,1000000000.0,,2026-09-14T00:33:17Z,"{""event"": ""stream_started"", ""utc"": ""2026-09-14T00:33:17Z"", ""monotonic_s"": 2527.374654, ""arm"": ""no_action"", ""stream_id"": ""seg1-v2005"", ""pcap_magic"": ""0xa1b23c4d"", ""ts_divisor"": 1000000000.0, ""action_command"": ""ip netns exec s15v2005s ip link set s15v2005y1 down""}",20260913_s15_j200_r5,SEALED_FULL_LOG_EVALUATION_EVIDENCE,decision_log.jsonl,1,92df2f9dea91c2c5629457df453de52b66fe5cb933c18c031584322e1cf6b219
s15_runs,,no_action,NONOVERLAPPING_BLOCK_PERSISTENCE_OBSERVED,,,,detection_trigger,,892,2553.049913,1789346022.0590248,,prospective_causal_nonoverlap_block_count,,,,,,,,2026-09-14T00:33:42Z,"{""event"": ""detection_trigger"", ""utc"": ""2026-09-14T00:33:42Z"", ""monotonic_s"": 2553.049913, ""arm"": ""no_action"", ""classification"": ""NONOVERLAPPING_BLOCK_PERSISTENCE_OBSERVED"", ""reason"": ""prospective_causal_nonoverlap_block_count"", ""packet_ts"": 1789346022.0590248, ""frames_consumed"": 892}",20260913_s15_j200_r5,SEALED_FULL_LOG_EVALUATION_EVIDENCE,decision_log.jsonl,2,92df2f9dea91c2c5629457df453de52b66fe5cb933c18c031584322e1cf6b219
s15_runs,,no_action,,,"no_action arm: matched control, nothing executed",,action_withheld,,,2553.051126,,,,,,,,,,,2026-09-14T00:33:42Z,"{""event"": ""action_withheld"", ""utc"": ""2026-09-14T00:33:42Z"", ""monotonic_s"": 2553.051126, ""arm"": ""no_action"", ""detail"": ""no_action arm: matched control, nothing executed""}",20260913_s15_j200_r5,SEALED_FULL_LOG_EVALUATION_EVIDENCE,decision_log.jsonl,3,92df2f9dea91c2c5629457df453de52b66fe5cb933c18c031584322e1cf6b219
s15_runs,,no_action,,,,,stream_ended,3389,,2622.289568,,,,,,,,,,,2026-09-14T00:34:52Z,"{""event"": ""stream_ended"", ""utc"": ""2026-09-14T00:34:52Z"", ""monotonic_s"": 2622.289568, ""arm"": ""no_action"", ""frames"": 3389}",20260913_s15_j200_r5,SEALED_FULL_LOG_EVALUATION_EVIDENCE,decision_log.jsonl,4,92df2f9dea91c2c5629457df453de52b66fe5cb933c18c031584322e1cf6b219
s15_runs,,no_action,,,,,detector_finished,3389,,2622.290507,,,,,,,,True,,,2026-09-14T00:34:52Z,"{""event"": ""detector_finished"", ""utc"": ""2026-09-14T00:34:52Z"", ""monotonic_s"": 2622.290507, ""arm"": ""no_action"", ""frames"": 3389, ""triggered"": true}",20260913_s15_j200_r5,SEALED_FULL_LOG_EVALUATION_EVIDENCE,decision_log.jsonl,5,92df2f9dea91c2c5629457df453de52b66fe5cb933c18c031584322e1cf6b219
s15_runs,ip netns exec s15v2006s ip link set s15v2006y1 down,no_action,,,,,stream_started,,,2729.119472,,0xa1b23c4d,,,,,seg1-v2006,,1000000000.0,,2026-09-14T00:36:38Z,"{""event"": ""stream_started"", ""utc"": ""2026-09-14T00:36:38Z"", ""monotonic_s"": 2729.119472, ""arm"": ""no_action"", ""stream_id"": ""seg1-v2006"", ""pcap_magic"": ""0xa1b23c4d"", ""ts_divisor"": 1000000000.0, ""action_command"": ""ip netns exec s15v2006s ip link set s15v2006y1 down""}",20260913_s15_j200_r6,SEALED_FULL_LOG_EVALUATION_EVIDENCE,decision_log.jsonl,1,076378174766fdbad9c95dbf9ac25499359a339a6dca0ed0061983b5a9ff8764
s15_runs,,no_action,NONOVERLAPPING_BLOCK_PERSISTENCE_OBSERVED,,,,detection_trigger,,1031,2758.858417,1789346228.3055596,,prospective_causal_nonoverlap_block_count,,,,,,,,2026-09-14T00:37:08Z,"{""event"": ""detection_trigger"", ""utc"": ""2026-09-14T00:37:08Z"", ""monotonic_s"": 2758.858417, ""arm"": ""no_action"", ""classification"": ""NONOVERLAPPING_BLOCK_PERSISTENCE_OBSERVED"", ""reason"": ""prospective_causal_nonoverlap_block_count"", ""packet_ts"": 1789346228.3055596, ""frames_consumed"": 1031}",20260913_s15_j200_r6,SEALED_FULL_LOG_EVALUATION_EVIDENCE,decision_log.jsonl,2,076378174766fdbad9c95dbf9ac25499359a339a6dca0ed0061983b5a9ff8764
s15_runs,,no_action,,,"no_action arm: matched control, nothing executed",,action_withheld,,,2758.861102,,,,,,,,,,,2026-09-14T00:37:08Z,"{""event"": ""action_withheld"", ""utc"": ""2026-09-14T00:37:08Z"", ""monotonic_s"": 2758.861102, ""arm"": ""no_action"", ""detail"": ""no_action arm: matched control, nothing executed""}",20260913_s15_j200_r6,SEALED_FULL_LOG_EVALUATION_EVIDENCE,decision_log.jsonl,3,076378174766fdbad9c95dbf9ac25499359a339a6dca0ed0061983b5a9ff8764
s15_runs,,no_action,,,,,stream_ended,3334,,2824.56697,,,,,,,,,,,2026-09-14T00:38:14Z,"{""event"": ""stream_ended"", ""utc"": ""2026-09-14T00:38:14Z"", ""monotonic_s"": 2824.56697, ""arm"": ""no_action"", ""frames"": 3334}",20260913_s15_j200_r6,SEALED_FULL_LOG_EVALUATION_EVIDENCE,decision_log.jsonl,4,076378174766fdbad9c95dbf9ac25499359a339a6dca0ed0061983b5a9ff8764
s15_runs,,no_action,,,,,detector_finished,3334,,2824.568235,,,,,,,,True,,,2026-09-14T00:38:14Z,"{""event"": ""detector_finished"", ""utc"": ""2026-09-14T00:38:14Z"", ""monotonic_s"": 2824.568235, ""arm"": ""no_action"", ""frames"": 3334, ""triggered"": true}",20260913_s15_j200_r6,SEALED_FULL_LOG_EVALUATION_EVIDENCE,decision_log.jsonl,5,076378174766fdbad9c95dbf9ac25499359a339a6dca0ed0061983b5a9ff8764
