run_id,batch_directory,source_file,source_sha256,source_line_ordinal,original_line,ptp4l_timestamp_text,port_number,transition_or_message,timebase
20260910_baseline,runs,slave.log,00377e410c1f16488d1b5bd37cde2291345f55c6dd8562b3a5b4840c0d992c4e,1,ptp4l[71.136]: port 1: INITIALIZING to LISTENING on INIT_COMPLETE,71.136,1,INITIALIZING to LISTENING on INIT_COMPLETE,ptp4l printed timestamp basis not established; no numeric join to detector/capture clocks
20260910_baseline,runs,slave.log,00377e410c1f16488d1b5bd37cde2291345f55c6dd8562b3a5b4840c0d992c4e,2,ptp4l[71.137]: port 0: INITIALIZING to LISTENING on INIT_COMPLETE,71.137,0,INITIALIZING to LISTENING on INIT_COMPLETE,ptp4l printed timestamp basis not established; no numeric join to detector/capture clocks
20260910_baseline,runs,slave.log,00377e410c1f16488d1b5bd37cde2291345f55c6dd8562b3a5b4840c0d992c4e,4,ptp4l[72.037]: port 1: new foreign master 5eed9b.fffe.0f5812-1,72.037,1,new foreign master 5eed9b.fffe.0f5812-1,ptp4l printed timestamp basis not established; no numeric join to detector/capture clocks
20260910_baseline,runs,slave.log,00377e410c1f16488d1b5bd37cde2291345f55c6dd8562b3a5b4840c0d992c4e,5,ptp4l[72.110]: port 1: new foreign master 3a921b.fffe.955fad-1,72.110,1,new foreign master 3a921b.fffe.955fad-1,ptp4l printed timestamp basis not established; no numeric join to detector/capture clocks
20260910_baseline,runs,slave.log,00377e410c1f16488d1b5bd37cde2291345f55c6dd8562b3a5b4840c0d992c4e,8,ptp4l[72.538]: port 1: LISTENING to UNCALIBRATED on RS_SLAVE,72.538,1,LISTENING to UNCALIBRATED on RS_SLAVE,ptp4l printed timestamp basis not established; no numeric join to detector/capture clocks
20260910_calibrated_baseline,runs,slave.log,0a947bebaf5b108930aca25577c241ecd5b2069a05cb71102a0dd3550b867614,1,ptp4l[277.248]: port 1: INITIALIZING to LISTENING on INIT_COMPLETE,277.248,1,INITIALIZING to LISTENING on INIT_COMPLETE,ptp4l printed timestamp basis not established; no numeric join to detector/capture clocks
20260910_calibrated_baseline,runs,slave.log,0a947bebaf5b108930aca25577c241ecd5b2069a05cb71102a0dd3550b867614,2,ptp4l[277.249]: port 0: INITIALIZING to LISTENING on INIT_COMPLETE,277.249,0,INITIALIZING to LISTENING on INIT_COMPLETE,ptp4l printed timestamp basis not established; no numeric join to detector/capture clocks
20260910_calibrated_baseline,runs,slave.log,0a947bebaf5b108930aca25577c241ecd5b2069a05cb71102a0dd3550b867614,3,ptp4l[278.137]: port 1: new foreign master 12ff7a.fffe.105fa2-1,278.137,1,new foreign master 12ff7a.fffe.105fa2-1,ptp4l printed timestamp basis not established; no numeric join to detector/capture clocks
20260910_calibrated_baseline,runs,slave.log,0a947bebaf5b108930aca25577c241ecd5b2069a05cb71102a0dd3550b867614,4,ptp4l[278.170]: port 1: new foreign master be9922.fffe.e1190f-1,278.170,1,new foreign master be9922.fffe.e1190f-1,ptp4l printed timestamp basis not established; no numeric join to detector/capture clocks
20260910_calibrated_baseline,runs,slave.log,0a947bebaf5b108930aca25577c241ecd5b2069a05cb71102a0dd3550b867614,8,ptp4l[278.639]: port 1: LISTENING to UNCALIBRATED on RS_SLAVE,278.639,1,LISTENING to UNCALIBRATED on RS_SLAVE,ptp4l printed timestamp basis not established; no numeric join to detector/capture clocks
20260910_calibrated_netem,runs,slave.log,a201ba42f58ac13fb042c97c7449d8bedd298b926cfbf4bdd2c338aa4cb9de5a,1,ptp4l[323.672]: port 1: INITIALIZING to LISTENING on INIT_COMPLETE,323.672,1,INITIALIZING to LISTENING on INIT_COMPLETE,ptp4l printed timestamp basis not established; no numeric join to detector/capture clocks
20260910_calibrated_netem,runs,slave.log,a201ba42f58ac13fb042c97c7449d8bedd298b926cfbf4bdd2c338aa4cb9de5a,2,ptp4l[323.673]: port 0: INITIALIZING to LISTENING on INIT_COMPLETE,323.673,0,INITIALIZING to LISTENING on INIT_COMPLETE,ptp4l printed timestamp basis not established; no numeric join to detector/capture clocks
20260910_calibrated_netem,runs,slave.log,a201ba42f58ac13fb042c97c7449d8bedd298b926cfbf4bdd2c338aa4cb9de5a,4,ptp4l[324.574]: port 1: new foreign master 12da3f.fffe.b5b751-1,324.574,1,new foreign master 12da3f.fffe.b5b751-1,ptp4l printed timestamp basis not established; no numeric join to detector/capture clocks
20260910_calibrated_netem,runs,slave.log,a201ba42f58ac13fb042c97c7449d8bedd298b926cfbf4bdd2c338aa4cb9de5a,5,ptp4l[324.589]: port 1: new foreign master 223532.fffe.891757-1,324.589,1,new foreign master 223532.fffe.891757-1,ptp4l printed timestamp basis not established; no numeric join to detector/capture clocks
20260910_calibrated_netem,runs,slave.log,a201ba42f58ac13fb042c97c7449d8bedd298b926cfbf4bdd2c338aa4cb9de5a,8,ptp4l[325.076]: port 1: LISTENING to UNCALIBRATED on RS_SLAVE,325.076,1,LISTENING to UNCALIBRATED on RS_SLAVE,ptp4l printed timestamp basis not established; no numeric join to detector/capture clocks
20260910_calibrated_source_control,runs,slave.log,ed4eaf3882099c6d46d7bd6769291d54385b688447f5120ea6620882ed8d7f70,1,ptp4l[339.240]: port 1: INITIALIZING to LISTENING on INIT_COMPLETE,339.240,1,INITIALIZING to LISTENING on INIT_COMPLETE,ptp4l printed timestamp basis not established; no numeric join to detector/capture clocks
20260910_calibrated_source_control,runs,slave.log,ed4eaf3882099c6d46d7bd6769291d54385b688447f5120ea6620882ed8d7f70,2,ptp4l[339.241]: port 0: INITIALIZING to LISTENING on INIT_COMPLETE,339.241,0,INITIALIZING to LISTENING on INIT_COMPLETE,ptp4l printed timestamp basis not established; no numeric join to detector/capture clocks
20260910_calibrated_source_control,runs,slave.log,ed4eaf3882099c6d46d7bd6769291d54385b688447f5120ea6620882ed8d7f70,3,ptp4l[340.091]: port 1: new foreign master c2224c.fffe.888bb6-1,340.091,1,new foreign master c2224c.fffe.888bb6-1,ptp4l printed timestamp basis not established; no numeric join to detector/capture clocks
20260910_calibrated_source_control,runs,slave.log,ed4eaf3882099c6d46d7bd6769291d54385b688447f5120ea6620882ed8d7f70,4,ptp4l[340.133]: port 1: new foreign master f28862.fffe.5f31b7-1,340.133,1,new foreign master f28862.fffe.5f31b7-1,ptp4l printed timestamp basis not established; no numeric join to detector/capture clocks
20260910_calibrated_source_control,runs,slave.log,ed4eaf3882099c6d46d7bd6769291d54385b688447f5120ea6620882ed8d7f70,8,ptp4l[340.594]: port 1: LISTENING to UNCALIBRATED on RS_SLAVE,340.594,1,LISTENING to UNCALIBRATED on RS_SLAVE,ptp4l printed timestamp basis not established; no numeric join to detector/capture clocks
20260910_calibrated_source_stop,runs,slave.log,93266b1fa61236fbe19add1f93fc3f26cb48b96c089a9afd3860a6c16ffc78c0,1,ptp4l[354.720]: port 1: INITIALIZING to LISTENING on INIT_COMPLETE,354.720,1,INITIALIZING to LISTENING on INIT_COMPLETE,ptp4l printed timestamp basis not established; no numeric join to detector/capture clocks
20260910_calibrated_source_stop,runs,slave.log,93266b1fa61236fbe19add1f93fc3f26cb48b96c089a9afd3860a6c16ffc78c0,2,ptp4l[354.721]: port 0: INITIALIZING to LISTENING on INIT_COMPLETE,354.721,0,INITIALIZING to LISTENING on INIT_COMPLETE,ptp4l printed timestamp basis not established; no numeric join to detector/capture clocks
20260910_calibrated_source_stop,runs,slave.log,93266b1fa61236fbe19add1f93fc3f26cb48b96c089a9afd3860a6c16ffc78c0,3,ptp4l[355.484]: port 1: new foreign master 2a10a9.fffe.4c48b5-1,355.484,1,new foreign master 2a10a9.fffe.4c48b5-1,ptp4l printed timestamp basis not established; no numeric join to detector/capture clocks
20260910_calibrated_source_stop,runs,slave.log,93266b1fa61236fbe19add1f93fc3f26cb48b96c089a9afd3860a6c16ffc78c0,5,ptp4l[355.697]: port 1: new foreign master 72cc0c.fffe.894609-1,355.697,1,new foreign master 72cc0c.fffe.894609-1,ptp4l printed timestamp basis not established; no numeric join to detector/capture clocks
20260910_calibrated_source_stop,runs,slave.log,93266b1fa61236fbe19add1f93fc3f26cb48b96c089a9afd3860a6c16ffc78c0,8,ptp4l[355.986]: port 1: LISTENING to UNCALIBRATED on RS_SLAVE,355.986,1,LISTENING to UNCALIBRATED on RS_SLAVE,ptp4l printed timestamp basis not established; no numeric join to detector/capture clocks
20260910_calibrated_source_stop,runs,slave.log,93266b1fa61236fbe19add1f93fc3f26cb48b96c089a9afd3860a6c16ffc78c0,11,ptp4l[370.504]: port 1: UNCALIBRATED to LISTENING on ANNOUNCE_RECEIPT_TIMEOUT_EXPIRES,370.504,1,UNCALIBRATED to LISTENING on ANNOUNCE_RECEIPT_TIMEOUT_EXPIRES,ptp4l printed timestamp basis not established; no numeric join to detector/capture clocks
20260910_calibrated_source_stop,runs,slave.log,93266b1fa61236fbe19add1f93fc3f26cb48b96c089a9afd3860a6c16ffc78c0,14,ptp4l[370.506]: port 1: LISTENING to UNCALIBRATED on RS_SLAVE,370.506,1,LISTENING to UNCALIBRATED on RS_SLAVE,ptp4l printed timestamp basis not established; no numeric join to detector/capture clocks
20260910_calibrated_source_stop_retry2,runs,slave.log,d872e66d52d68219fa460d1b67d421690394baecc793ed8ac7d94f6ec60b1e5e,1,ptp4l[407.872]: port 1: INITIALIZING to LISTENING on INIT_COMPLETE,407.872,1,INITIALIZING to LISTENING on INIT_COMPLETE,ptp4l printed timestamp basis not established; no numeric join to detector/capture clocks
20260910_calibrated_source_stop_retry2,runs,slave.log,d872e66d52d68219fa460d1b67d421690394baecc793ed8ac7d94f6ec60b1e5e,2,ptp4l[407.873]: port 0: INITIALIZING to LISTENING on INIT_COMPLETE,407.873,0,INITIALIZING to LISTENING on INIT_COMPLETE,ptp4l printed timestamp basis not established; no numeric join to detector/capture clocks
20260910_calibrated_source_stop_retry2,runs,slave.log,d872e66d52d68219fa460d1b67d421690394baecc793ed8ac7d94f6ec60b1e5e,3,ptp4l[408.718]: port 1: new foreign master 9abfc1.fffe.886a15-1,408.718,1,new foreign master 9abfc1.fffe.886a15-1,ptp4l printed timestamp basis not established; no numeric join to detector/capture clocks
20260910_calibrated_source_stop_retry2,runs,slave.log,d872e66d52d68219fa460d1b67d421690394baecc793ed8ac7d94f6ec60b1e5e,5,ptp4l[408.805]: port 1: new foreign master 1a935b.fffe.fa92e7-1,408.805,1,new foreign master 1a935b.fffe.fa92e7-1,ptp4l printed timestamp basis not established; no numeric join to detector/capture clocks
20260910_calibrated_source_stop_retry2,runs,slave.log,d872e66d52d68219fa460d1b67d421690394baecc793ed8ac7d94f6ec60b1e5e,8,ptp4l[409.220]: port 1: LISTENING to UNCALIBRATED on RS_SLAVE,409.220,1,LISTENING to UNCALIBRATED on RS_SLAVE,ptp4l printed timestamp basis not established; no numeric join to detector/capture clocks
20260910_calibrated_source_stop_retry2,runs,slave.log,d872e66d52d68219fa460d1b67d421690394baecc793ed8ac7d94f6ec60b1e5e,11,ptp4l[423.756]: port 1: UNCALIBRATED to LISTENING on ANNOUNCE_RECEIPT_TIMEOUT_EXPIRES,423.756,1,UNCALIBRATED to LISTENING on ANNOUNCE_RECEIPT_TIMEOUT_EXPIRES,ptp4l printed timestamp basis not established; no numeric join to detector/capture clocks
20260910_calibrated_source_stop_retry2,runs,slave.log,d872e66d52d68219fa460d1b67d421690394baecc793ed8ac7d94f6ec60b1e5e,14,ptp4l[423.758]: port 1: LISTENING to UNCALIBRATED on RS_SLAVE,423.758,1,LISTENING to UNCALIBRATED on RS_SLAVE,ptp4l printed timestamp basis not established; no numeric join to detector/capture clocks
20260910_netem,runs,slave.log,4cdb81570f5c088d6308ebeb44d7060285527bb214ce57e9f52334ffcc850446,1,ptp4l[118.840]: port 1: INITIALIZING to LISTENING on INIT_COMPLETE,118.840,1,INITIALIZING to LISTENING on INIT_COMPLETE,ptp4l printed timestamp basis not established; no numeric join to detector/capture clocks
20260910_netem,runs,slave.log,4cdb81570f5c088d6308ebeb44d7060285527bb214ce57e9f52334ffcc850446,2,ptp4l[118.841]: port 0: INITIALIZING to LISTENING on INIT_COMPLETE,118.841,0,INITIALIZING to LISTENING on INIT_COMPLETE,ptp4l printed timestamp basis not established; no numeric join to detector/capture clocks
20260910_netem,runs,slave.log,4cdb81570f5c088d6308ebeb44d7060285527bb214ce57e9f52334ffcc850446,4,ptp4l[119.771]: port 1: new foreign master d20748.fffe.ab2298-1,119.771,1,new foreign master d20748.fffe.ab2298-1,ptp4l printed timestamp basis not established; no numeric join to detector/capture clocks
20260910_netem,runs,slave.log,4cdb81570f5c088d6308ebeb44d7060285527bb214ce57e9f52334ffcc850446,5,ptp4l[119.972]: port 1: new foreign master 82973f.fffe.2adc58-1,119.972,1,new foreign master 82973f.fffe.2adc58-1,ptp4l printed timestamp basis not established; no numeric join to detector/capture clocks
20260910_netem,runs,slave.log,4cdb81570f5c088d6308ebeb44d7060285527bb214ce57e9f52334ffcc850446,7,ptp4l[120.272]: port 1: assuming the grand master role,120.272,1,assuming the grand master role,ptp4l printed timestamp basis not established; no numeric join to detector/capture clocks
20260910_netem,runs,slave.log,4cdb81570f5c088d6308ebeb44d7060285527bb214ce57e9f52334ffcc850446,8,ptp4l[120.273]: port 1: master state recommended in slave only mode,120.273,1,master state recommended in slave only mode,ptp4l printed timestamp basis not established; no numeric join to detector/capture clocks
20260910_netem,runs,slave.log,4cdb81570f5c088d6308ebeb44d7060285527bb214ce57e9f52334ffcc850446,9,ptp4l[120.273]: port 1: defaultDS.priority1 probably misconfigured,120.273,1,defaultDS.priority1 probably misconfigured,ptp4l printed timestamp basis not established; no numeric join to detector/capture clocks
20260910_netem,runs,slave.log,4cdb81570f5c088d6308ebeb44d7060285527bb214ce57e9f52334ffcc850446,12,ptp4l[120.474]: port 1: LISTENING to UNCALIBRATED on RS_SLAVE,120.474,1,LISTENING to UNCALIBRATED on RS_SLAVE,ptp4l printed timestamp basis not established; no numeric join to detector/capture clocks
20260910_source_control,runs,slave.log,f82325dab9fb1a097aa4c8c1f5da56fd1ffc73253b3d31c9b46e5ee8c954ea2c,1,ptp4l[134.332]: port 1: INITIALIZING to LISTENING on INIT_COMPLETE,134.332,1,INITIALIZING to LISTENING on INIT_COMPLETE,ptp4l printed timestamp basis not established; no numeric join to detector/capture clocks
20260910_source_control,runs,slave.log,f82325dab9fb1a097aa4c8c1f5da56fd1ffc73253b3d31c9b46e5ee8c954ea2c,2,ptp4l[134.333]: port 0: INITIALIZING to LISTENING on INIT_COMPLETE,134.333,0,INITIALIZING to LISTENING on INIT_COMPLETE,ptp4l printed timestamp basis not established; no numeric join to detector/capture clocks
20260910_source_control,runs,slave.log,f82325dab9fb1a097aa4c8c1f5da56fd1ffc73253b3d31c9b46e5ee8c954ea2c,3,ptp4l[135.073]: port 1: new foreign master 8aa0c1.fffe.2ae158-1,135.073,1,new foreign master 8aa0c1.fffe.2ae158-1,ptp4l printed timestamp basis not established; no numeric join to detector/capture clocks
20260910_source_control,runs,slave.log,f82325dab9fb1a097aa4c8c1f5da56fd1ffc73253b3d31c9b46e5ee8c954ea2c,5,ptp4l[135.585]: port 1: new foreign master de0645.fffe.b22f4b-1,135.585,1,new foreign master de0645.fffe.b22f4b-1,ptp4l printed timestamp basis not established; no numeric join to detector/capture clocks
20260910_source_control,runs,slave.log,f82325dab9fb1a097aa4c8c1f5da56fd1ffc73253b3d31c9b46e5ee8c954ea2c,7,ptp4l[135.824]: port 1: assuming the grand master role,135.824,1,assuming the grand master role,ptp4l printed timestamp basis not established; no numeric join to detector/capture clocks
20260910_source_control,runs,slave.log,f82325dab9fb1a097aa4c8c1f5da56fd1ffc73253b3d31c9b46e5ee8c954ea2c,8,ptp4l[135.824]: port 1: master state recommended in slave only mode,135.824,1,master state recommended in slave only mode,ptp4l printed timestamp basis not established; no numeric join to detector/capture clocks
20260910_source_control,runs,slave.log,f82325dab9fb1a097aa4c8c1f5da56fd1ffc73253b3d31c9b46e5ee8c954ea2c,9,ptp4l[135.825]: port 1: defaultDS.priority1 probably misconfigured,135.825,1,defaultDS.priority1 probably misconfigured,ptp4l printed timestamp basis not established; no numeric join to detector/capture clocks
20260910_source_control,runs,slave.log,f82325dab9fb1a097aa4c8c1f5da56fd1ffc73253b3d31c9b46e5ee8c954ea2c,13,ptp4l[136.337]: port 1: LISTENING to UNCALIBRATED on RS_SLAVE,136.337,1,LISTENING to UNCALIBRATED on RS_SLAVE,ptp4l printed timestamp basis not established; no numeric join to detector/capture clocks
20260910_source_stop,runs,slave.log,d301392b8c8c01c33eb3bfc88e9f23d0f621a1e7aaec4f5ca70dbf0497200e9b,1,ptp4l[150.016]: port 1: INITIALIZING to LISTENING on INIT_COMPLETE,150.016,1,INITIALIZING to LISTENING on INIT_COMPLETE,ptp4l printed timestamp basis not established; no numeric join to detector/capture clocks
20260910_source_stop,runs,slave.log,d301392b8c8c01c33eb3bfc88e9f23d0f621a1e7aaec4f5ca70dbf0497200e9b,2,ptp4l[150.017]: port 0: INITIALIZING to LISTENING on INIT_COMPLETE,150.017,0,INITIALIZING to LISTENING on INIT_COMPLETE,ptp4l printed timestamp basis not established; no numeric join to detector/capture clocks
20260910_source_stop,runs,slave.log,d301392b8c8c01c33eb3bfc88e9f23d0f621a1e7aaec4f5ca70dbf0497200e9b,3,ptp4l[150.839]: port 1: new foreign master f64cd5.fffe.a42b91-1,150.839,1,new foreign master f64cd5.fffe.a42b91-1,ptp4l printed timestamp basis not established; no numeric join to detector/capture clocks
20260910_source_stop,runs,slave.log,d301392b8c8c01c33eb3bfc88e9f23d0f621a1e7aaec4f5ca70dbf0497200e9b,4,ptp4l[150.842]: port 1: new foreign master 1e097a.fffe.f274e4-1,150.842,1,new foreign master 1e097a.fffe.f274e4-1,ptp4l printed timestamp basis not established; no numeric join to detector/capture clocks
20260910_source_stop,runs,slave.log,d301392b8c8c01c33eb3bfc88e9f23d0f621a1e7aaec4f5ca70dbf0497200e9b,8,ptp4l[151.341]: port 1: LISTENING to UNCALIBRATED on RS_SLAVE,151.341,1,LISTENING to UNCALIBRATED on RS_SLAVE,ptp4l printed timestamp basis not established; no numeric join to detector/capture clocks
20260910_source_stop,runs,slave.log,d301392b8c8c01c33eb3bfc88e9f23d0f621a1e7aaec4f5ca70dbf0497200e9b,11,ptp4l[165.752]: port 1: UNCALIBRATED to LISTENING on ANNOUNCE_RECEIPT_TIMEOUT_EXPIRES,165.752,1,UNCALIBRATED to LISTENING on ANNOUNCE_RECEIPT_TIMEOUT_EXPIRES,ptp4l printed timestamp basis not established; no numeric join to detector/capture clocks
20260910_source_stop,runs,slave.log,d301392b8c8c01c33eb3bfc88e9f23d0f621a1e7aaec4f5ca70dbf0497200e9b,13,ptp4l[165.754]: port 1: assuming the grand master role,165.754,1,assuming the grand master role,ptp4l printed timestamp basis not established; no numeric join to detector/capture clocks
20260910_source_stop,runs,slave.log,d301392b8c8c01c33eb3bfc88e9f23d0f621a1e7aaec4f5ca70dbf0497200e9b,14,ptp4l[165.755]: port 1: master state recommended in slave only mode,165.755,1,master state recommended in slave only mode,ptp4l printed timestamp basis not established; no numeric join to detector/capture clocks
20260910_source_stop,runs,slave.log,d301392b8c8c01c33eb3bfc88e9f23d0f621a1e7aaec4f5ca70dbf0497200e9b,15,ptp4l[165.755]: port 1: defaultDS.priority1 probably misconfigured,165.755,1,defaultDS.priority1 probably misconfigured,ptp4l printed timestamp basis not established; no numeric join to detector/capture clocks
20260910_source_stop,runs,slave.log,d301392b8c8c01c33eb3bfc88e9f23d0f621a1e7aaec4f5ca70dbf0497200e9b,18,ptp4l[167.100]: port 1: assuming the grand master role,167.100,1,assuming the grand master role,ptp4l printed timestamp basis not established; no numeric join to detector/capture clocks
20260910_source_stop,runs,slave.log,d301392b8c8c01c33eb3bfc88e9f23d0f621a1e7aaec4f5ca70dbf0497200e9b,19,ptp4l[167.101]: port 1: master state recommended in slave only mode,167.101,1,master state recommended in slave only mode,ptp4l printed timestamp basis not established; no numeric join to detector/capture clocks
20260910_source_stop,runs,slave.log,d301392b8c8c01c33eb3bfc88e9f23d0f621a1e7aaec4f5ca70dbf0497200e9b,20,ptp4l[167.102]: port 1: defaultDS.priority1 probably misconfigured,167.102,1,defaultDS.priority1 probably misconfigured,ptp4l printed timestamp basis not established; no numeric join to detector/capture clocks
20260910_source_stop,runs,slave.log,d301392b8c8c01c33eb3bfc88e9f23d0f621a1e7aaec4f5ca70dbf0497200e9b,23,ptp4l[168.101]: port 1: assuming the grand master role,168.101,1,assuming the grand master role,ptp4l printed timestamp basis not established; no numeric join to detector/capture clocks
20260910_source_stop,runs,slave.log,d301392b8c8c01c33eb3bfc88e9f23d0f621a1e7aaec4f5ca70dbf0497200e9b,24,ptp4l[168.101]: port 1: master state recommended in slave only mode,168.101,1,master state recommended in slave only mode,ptp4l printed timestamp basis not established; no numeric join to detector/capture clocks
20260910_source_stop,runs,slave.log,d301392b8c8c01c33eb3bfc88e9f23d0f621a1e7aaec4f5ca70dbf0497200e9b,25,ptp4l[168.102]: port 1: defaultDS.priority1 probably misconfigured,168.102,1,defaultDS.priority1 probably misconfigured,ptp4l printed timestamp basis not established; no numeric join to detector/capture clocks
20260910_source_stop,runs,slave.log,d301392b8c8c01c33eb3bfc88e9f23d0f621a1e7aaec4f5ca70dbf0497200e9b,28,ptp4l[168.851]: port 1: assuming the grand master role,168.851,1,assuming the grand master role,ptp4l printed timestamp basis not established; no numeric join to detector/capture clocks
20260910_source_stop,runs,slave.log,d301392b8c8c01c33eb3bfc88e9f23d0f621a1e7aaec4f5ca70dbf0497200e9b,29,ptp4l[168.852]: port 1: master state recommended in slave only mode,168.852,1,master state recommended in slave only mode,ptp4l printed timestamp basis not established; no numeric join to detector/capture clocks
20260910_source_stop,runs,slave.log,d301392b8c8c01c33eb3bfc88e9f23d0f621a1e7aaec4f5ca70dbf0497200e9b,30,ptp4l[168.852]: port 1: defaultDS.priority1 probably misconfigured,168.852,1,defaultDS.priority1 probably misconfigured,ptp4l printed timestamp basis not established; no numeric join to detector/capture clocks
20260910_source_stop,runs,slave.log,d301392b8c8c01c33eb3bfc88e9f23d0f621a1e7aaec4f5ca70dbf0497200e9b,33,ptp4l[169.601]: port 1: assuming the grand master role,169.601,1,assuming the grand master role,ptp4l printed timestamp basis not established; no numeric join to detector/capture clocks
20260910_source_stop,runs,slave.log,d301392b8c8c01c33eb3bfc88e9f23d0f621a1e7aaec4f5ca70dbf0497200e9b,34,ptp4l[169.602]: port 1: master state recommended in slave only mode,169.602,1,master state recommended in slave only mode,ptp4l printed timestamp basis not established; no numeric join to detector/capture clocks
20260910_source_stop,runs,slave.log,d301392b8c8c01c33eb3bfc88e9f23d0f621a1e7aaec4f5ca70dbf0497200e9b,35,ptp4l[169.602]: port 1: defaultDS.priority1 probably misconfigured,169.602,1,defaultDS.priority1 probably misconfigured,ptp4l printed timestamp basis not established; no numeric join to detector/capture clocks
20260910_source_stop,runs,slave.log,d301392b8c8c01c33eb3bfc88e9f23d0f621a1e7aaec4f5ca70dbf0497200e9b,38,ptp4l[170.602]: port 1: assuming the grand master role,170.602,1,assuming the grand master role,ptp4l printed timestamp basis not established; no numeric join to detector/capture clocks
20260910_source_stop,runs,slave.log,d301392b8c8c01c33eb3bfc88e9f23d0f621a1e7aaec4f5ca70dbf0497200e9b,39,ptp4l[170.602]: port 1: master state recommended in slave only mode,170.602,1,master state recommended in slave only mode,ptp4l printed timestamp basis not established; no numeric join to detector/capture clocks
20260910_source_stop,runs,slave.log,d301392b8c8c01c33eb3bfc88e9f23d0f621a1e7aaec4f5ca70dbf0497200e9b,40,ptp4l[170.603]: port 1: defaultDS.priority1 probably misconfigured,170.603,1,defaultDS.priority1 probably misconfigured,ptp4l printed timestamp basis not established; no numeric join to detector/capture clocks
20260910_source_stop,runs,slave.log,d301392b8c8c01c33eb3bfc88e9f23d0f621a1e7aaec4f5ca70dbf0497200e9b,43,ptp4l[171.602]: port 1: assuming the grand master role,171.602,1,assuming the grand master role,ptp4l printed timestamp basis not established; no numeric join to detector/capture clocks
20260910_source_stop,runs,slave.log,d301392b8c8c01c33eb3bfc88e9f23d0f621a1e7aaec4f5ca70dbf0497200e9b,44,ptp4l[171.603]: port 1: master state recommended in slave only mode,171.603,1,master state recommended in slave only mode,ptp4l printed timestamp basis not established; no numeric join to detector/capture clocks
20260910_source_stop,runs,slave.log,d301392b8c8c01c33eb3bfc88e9f23d0f621a1e7aaec4f5ca70dbf0497200e9b,45,ptp4l[171.604]: port 1: defaultDS.priority1 probably misconfigured,171.604,1,defaultDS.priority1 probably misconfigured,ptp4l printed timestamp basis not established; no numeric join to detector/capture clocks
20260910_source_stop,runs,slave.log,d301392b8c8c01c33eb3bfc88e9f23d0f621a1e7aaec4f5ca70dbf0497200e9b,48,ptp4l[172.602]: port 1: assuming the grand master role,172.602,1,assuming the grand master role,ptp4l printed timestamp basis not established; no numeric join to detector/capture clocks
20260910_source_stop,runs,slave.log,d301392b8c8c01c33eb3bfc88e9f23d0f621a1e7aaec4f5ca70dbf0497200e9b,49,ptp4l[172.603]: port 1: master state recommended in slave only mode,172.603,1,master state recommended in slave only mode,ptp4l printed timestamp basis not established; no numeric join to detector/capture clocks
20260910_source_stop,runs,slave.log,d301392b8c8c01c33eb3bfc88e9f23d0f621a1e7aaec4f5ca70dbf0497200e9b,50,ptp4l[172.603]: port 1: defaultDS.priority1 probably misconfigured,172.603,1,defaultDS.priority1 probably misconfigured,ptp4l printed timestamp basis not established; no numeric join to detector/capture clocks
20260910_source_stop,runs,slave.log,d301392b8c8c01c33eb3bfc88e9f23d0f621a1e7aaec4f5ca70dbf0497200e9b,53,ptp4l[173.355]: port 1: assuming the grand master role,173.355,1,assuming the grand master role,ptp4l printed timestamp basis not established; no numeric join to detector/capture clocks
20260910_source_stop,runs,slave.log,d301392b8c8c01c33eb3bfc88e9f23d0f621a1e7aaec4f5ca70dbf0497200e9b,54,ptp4l[173.356]: port 1: master state recommended in slave only mode,173.356,1,master state recommended in slave only mode,ptp4l printed timestamp basis not established; no numeric join to detector/capture clocks
20260910_source_stop,runs,slave.log,d301392b8c8c01c33eb3bfc88e9f23d0f621a1e7aaec4f5ca70dbf0497200e9b,55,ptp4l[173.358]: port 1: defaultDS.priority1 probably misconfigured,173.358,1,defaultDS.priority1 probably misconfigured,ptp4l printed timestamp basis not established; no numeric join to detector/capture clocks
20260910_source_stop,runs,slave.log,d301392b8c8c01c33eb3bfc88e9f23d0f621a1e7aaec4f5ca70dbf0497200e9b,58,ptp4l[174.354]: port 1: assuming the grand master role,174.354,1,assuming the grand master role,ptp4l printed timestamp basis not established; no numeric join to detector/capture clocks
20260910_source_stop,runs,slave.log,d301392b8c8c01c33eb3bfc88e9f23d0f621a1e7aaec4f5ca70dbf0497200e9b,59,ptp4l[174.354]: port 1: master state recommended in slave only mode,174.354,1,master state recommended in slave only mode,ptp4l printed timestamp basis not established; no numeric join to detector/capture clocks
20260910_source_stop,runs,slave.log,d301392b8c8c01c33eb3bfc88e9f23d0f621a1e7aaec4f5ca70dbf0497200e9b,60,ptp4l[174.355]: port 1: defaultDS.priority1 probably misconfigured,174.355,1,defaultDS.priority1 probably misconfigured,ptp4l printed timestamp basis not established; no numeric join to detector/capture clocks
20260910_source_stop,runs,slave.log,d301392b8c8c01c33eb3bfc88e9f23d0f621a1e7aaec4f5ca70dbf0497200e9b,63,ptp4l[175.104]: port 1: assuming the grand master role,175.104,1,assuming the grand master role,ptp4l printed timestamp basis not established; no numeric join to detector/capture clocks
20260910_source_stop,runs,slave.log,d301392b8c8c01c33eb3bfc88e9f23d0f621a1e7aaec4f5ca70dbf0497200e9b,64,ptp4l[175.104]: port 1: master state recommended in slave only mode,175.104,1,master state recommended in slave only mode,ptp4l printed timestamp basis not established; no numeric join to detector/capture clocks
20260910_source_stop,runs,slave.log,d301392b8c8c01c33eb3bfc88e9f23d0f621a1e7aaec4f5ca70dbf0497200e9b,65,ptp4l[175.105]: port 1: defaultDS.priority1 probably misconfigured,175.105,1,defaultDS.priority1 probably misconfigured,ptp4l printed timestamp basis not established; no numeric join to detector/capture clocks
20260910_source_stop,runs,slave.log,d301392b8c8c01c33eb3bfc88e9f23d0f621a1e7aaec4f5ca70dbf0497200e9b,68,ptp4l[175.854]: port 1: assuming the grand master role,175.854,1,assuming the grand master role,ptp4l printed timestamp basis not established; no numeric join to detector/capture clocks
20260910_source_stop,runs,slave.log,d301392b8c8c01c33eb3bfc88e9f23d0f621a1e7aaec4f5ca70dbf0497200e9b,69,ptp4l[175.855]: port 1: master state recommended in slave only mode,175.855,1,master state recommended in slave only mode,ptp4l printed timestamp basis not established; no numeric join to detector/capture clocks
20260910_source_stop,runs,slave.log,d301392b8c8c01c33eb3bfc88e9f23d0f621a1e7aaec4f5ca70dbf0497200e9b,70,ptp4l[175.856]: port 1: defaultDS.priority1 probably misconfigured,175.856,1,defaultDS.priority1 probably misconfigured,ptp4l printed timestamp basis not established; no numeric join to detector/capture clocks
20260910_source_stop,runs,slave.log,d301392b8c8c01c33eb3bfc88e9f23d0f621a1e7aaec4f5ca70dbf0497200e9b,73,ptp4l[176.860]: port 1: assuming the grand master role,176.860,1,assuming the grand master role,ptp4l printed timestamp basis not established; no numeric join to detector/capture clocks
20260910_source_stop,runs,slave.log,d301392b8c8c01c33eb3bfc88e9f23d0f621a1e7aaec4f5ca70dbf0497200e9b,74,ptp4l[176.870]: port 1: master state recommended in slave only mode,176.870,1,master state recommended in slave only mode,ptp4l printed timestamp basis not established; no numeric join to detector/capture clocks
20260910_source_stop,runs,slave.log,d301392b8c8c01c33eb3bfc88e9f23d0f621a1e7aaec4f5ca70dbf0497200e9b,75,ptp4l[176.883]: port 1: defaultDS.priority1 probably misconfigured,176.883,1,defaultDS.priority1 probably misconfigured,ptp4l printed timestamp basis not established; no numeric join to detector/capture clocks
20260910_source_stop_retry,runs,slave.log,64191febef51cb0671a9d99c56b8b13d19bd1fff3bdcb1be69681aa6af2a174e,1,ptp4l[199.268]: port 1: INITIALIZING to LISTENING on INIT_COMPLETE,199.268,1,INITIALIZING to LISTENING on INIT_COMPLETE,ptp4l printed timestamp basis not established; no numeric join to detector/capture clocks
20260910_source_stop_retry,runs,slave.log,64191febef51cb0671a9d99c56b8b13d19bd1fff3bdcb1be69681aa6af2a174e,2,ptp4l[199.269]: port 0: INITIALIZING to LISTENING on INIT_COMPLETE,199.269,0,INITIALIZING to LISTENING on INIT_COMPLETE,ptp4l printed timestamp basis not established; no numeric join to detector/capture clocks
20260910_source_stop_retry,runs,slave.log,64191febef51cb0671a9d99c56b8b13d19bd1fff3bdcb1be69681aa6af2a174e,4,ptp4l[200.088]: port 1: new foreign master ee84ac.fffe.4ebd81-1,200.088,1,new foreign master ee84ac.fffe.4ebd81-1,ptp4l printed timestamp basis not established; no numeric join to detector/capture clocks
20260910_source_stop_retry,runs,slave.log,64191febef51cb0671a9d99c56b8b13d19bd1fff3bdcb1be69681aa6af2a174e,5,ptp4l[200.229]: port 1: new foreign master 4a4343.fffe.6b8bce-1,200.229,1,new foreign master 4a4343.fffe.6b8bce-1,ptp4l printed timestamp basis not established; no numeric join to detector/capture clocks
20260910_source_stop_retry,runs,slave.log,64191febef51cb0671a9d99c56b8b13d19bd1fff3bdcb1be69681aa6af2a174e,8,ptp4l[200.589]: port 1: LISTENING to UNCALIBRATED on RS_SLAVE,200.589,1,LISTENING to UNCALIBRATED on RS_SLAVE,ptp4l printed timestamp basis not established; no numeric join to detector/capture clocks
20260910_source_stop_retry,runs,slave.log,64191febef51cb0671a9d99c56b8b13d19bd1fff3bdcb1be69681aa6af2a174e,11,ptp4l[214.996]: port 1: UNCALIBRATED to LISTENING on ANNOUNCE_RECEIPT_TIMEOUT_EXPIRES,214.996,1,UNCALIBRATED to LISTENING on ANNOUNCE_RECEIPT_TIMEOUT_EXPIRES,ptp4l printed timestamp basis not established; no numeric join to detector/capture clocks
20260910_source_stop_retry,runs,slave.log,64191febef51cb0671a9d99c56b8b13d19bd1fff3bdcb1be69681aa6af2a174e,13,ptp4l[214.998]: port 1: assuming the grand master role,214.998,1,assuming the grand master role,ptp4l printed timestamp basis not established; no numeric join to detector/capture clocks
20260910_source_stop_retry,runs,slave.log,64191febef51cb0671a9d99c56b8b13d19bd1fff3bdcb1be69681aa6af2a174e,14,ptp4l[214.999]: port 1: master state recommended in slave only mode,214.999,1,master state recommended in slave only mode,ptp4l printed timestamp basis not established; no numeric join to detector/capture clocks
20260910_source_stop_retry,runs,slave.log,64191febef51cb0671a9d99c56b8b13d19bd1fff3bdcb1be69681aa6af2a174e,15,ptp4l[215.000]: port 1: defaultDS.priority1 probably misconfigured,215.000,1,defaultDS.priority1 probably misconfigured,ptp4l printed timestamp basis not established; no numeric join to detector/capture clocks
20260910_source_stop_retry,runs,slave.log,64191febef51cb0671a9d99c56b8b13d19bd1fff3bdcb1be69681aa6af2a174e,18,ptp4l[216.488]: port 1: assuming the grand master role,216.488,1,assuming the grand master role,ptp4l printed timestamp basis not established; no numeric join to detector/capture clocks
20260910_source_stop_retry,runs,slave.log,64191febef51cb0671a9d99c56b8b13d19bd1fff3bdcb1be69681aa6af2a174e,19,ptp4l[216.489]: port 1: master state recommended in slave only mode,216.489,1,master state recommended in slave only mode,ptp4l printed timestamp basis not established; no numeric join to detector/capture clocks
20260910_source_stop_retry,runs,slave.log,64191febef51cb0671a9d99c56b8b13d19bd1fff3bdcb1be69681aa6af2a174e,20,ptp4l[216.489]: port 1: defaultDS.priority1 probably misconfigured,216.489,1,defaultDS.priority1 probably misconfigured,ptp4l printed timestamp basis not established; no numeric join to detector/capture clocks
20260910_source_stop_retry,runs,slave.log,64191febef51cb0671a9d99c56b8b13d19bd1fff3bdcb1be69681aa6af2a174e,23,ptp4l[217.238]: port 1: assuming the grand master role,217.238,1,assuming the grand master role,ptp4l printed timestamp basis not established; no numeric join to detector/capture clocks
20260910_source_stop_retry,runs,slave.log,64191febef51cb0671a9d99c56b8b13d19bd1fff3bdcb1be69681aa6af2a174e,24,ptp4l[217.239]: port 1: master state recommended in slave only mode,217.239,1,master state recommended in slave only mode,ptp4l printed timestamp basis not established; no numeric join to detector/capture clocks
20260910_source_stop_retry,runs,slave.log,64191febef51cb0671a9d99c56b8b13d19bd1fff3bdcb1be69681aa6af2a174e,25,ptp4l[217.239]: port 1: defaultDS.priority1 probably misconfigured,217.239,1,defaultDS.priority1 probably misconfigured,ptp4l printed timestamp basis not established; no numeric join to detector/capture clocks
20260910_source_stop_retry,runs,slave.log,64191febef51cb0671a9d99c56b8b13d19bd1fff3bdcb1be69681aa6af2a174e,28,ptp4l[217.989]: port 1: assuming the grand master role,217.989,1,assuming the grand master role,ptp4l printed timestamp basis not established; no numeric join to detector/capture clocks
20260910_source_stop_retry,runs,slave.log,64191febef51cb0671a9d99c56b8b13d19bd1fff3bdcb1be69681aa6af2a174e,29,ptp4l[217.990]: port 1: master state recommended in slave only mode,217.990,1,master state recommended in slave only mode,ptp4l printed timestamp basis not established; no numeric join to detector/capture clocks
20260910_source_stop_retry,runs,slave.log,64191febef51cb0671a9d99c56b8b13d19bd1fff3bdcb1be69681aa6af2a174e,30,ptp4l[217.990]: port 1: defaultDS.priority1 probably misconfigured,217.990,1,defaultDS.priority1 probably misconfigured,ptp4l printed timestamp basis not established; no numeric join to detector/capture clocks
20260910_source_stop_retry,runs,slave.log,64191febef51cb0671a9d99c56b8b13d19bd1fff3bdcb1be69681aa6af2a174e,33,ptp4l[218.989]: port 1: assuming the grand master role,218.989,1,assuming the grand master role,ptp4l printed timestamp basis not established; no numeric join to detector/capture clocks
20260910_source_stop_retry,runs,slave.log,64191febef51cb0671a9d99c56b8b13d19bd1fff3bdcb1be69681aa6af2a174e,34,ptp4l[218.990]: port 1: master state recommended in slave only mode,218.990,1,master state recommended in slave only mode,ptp4l printed timestamp basis not established; no numeric join to detector/capture clocks
20260910_source_stop_retry,runs,slave.log,64191febef51cb0671a9d99c56b8b13d19bd1fff3bdcb1be69681aa6af2a174e,35,ptp4l[218.990]: port 1: defaultDS.priority1 probably misconfigured,218.990,1,defaultDS.priority1 probably misconfigured,ptp4l printed timestamp basis not established; no numeric join to detector/capture clocks
20260910_source_stop_retry,runs,slave.log,64191febef51cb0671a9d99c56b8b13d19bd1fff3bdcb1be69681aa6af2a174e,38,ptp4l[219.990]: port 1: assuming the grand master role,219.990,1,assuming the grand master role,ptp4l printed timestamp basis not established; no numeric join to detector/capture clocks
20260910_source_stop_retry,runs,slave.log,64191febef51cb0671a9d99c56b8b13d19bd1fff3bdcb1be69681aa6af2a174e,39,ptp4l[219.990]: port 1: master state recommended in slave only mode,219.990,1,master state recommended in slave only mode,ptp4l printed timestamp basis not established; no numeric join to detector/capture clocks
20260910_source_stop_retry,runs,slave.log,64191febef51cb0671a9d99c56b8b13d19bd1fff3bdcb1be69681aa6af2a174e,40,ptp4l[219.990]: port 1: defaultDS.priority1 probably misconfigured,219.990,1,defaultDS.priority1 probably misconfigured,ptp4l printed timestamp basis not established; no numeric join to detector/capture clocks
20260910_source_stop_retry,runs,slave.log,64191febef51cb0671a9d99c56b8b13d19bd1fff3bdcb1be69681aa6af2a174e,43,ptp4l[220.990]: port 1: assuming the grand master role,220.990,1,assuming the grand master role,ptp4l printed timestamp basis not established; no numeric join to detector/capture clocks
20260910_source_stop_retry,runs,slave.log,64191febef51cb0671a9d99c56b8b13d19bd1fff3bdcb1be69681aa6af2a174e,44,ptp4l[220.990]: port 1: master state recommended in slave only mode,220.990,1,master state recommended in slave only mode,ptp4l printed timestamp basis not established; no numeric join to detector/capture clocks
20260910_source_stop_retry,runs,slave.log,64191febef51cb0671a9d99c56b8b13d19bd1fff3bdcb1be69681aa6af2a174e,45,ptp4l[220.991]: port 1: defaultDS.priority1 probably misconfigured,220.991,1,defaultDS.priority1 probably misconfigured,ptp4l printed timestamp basis not established; no numeric join to detector/capture clocks
20260910_source_stop_retry,runs,slave.log,64191febef51cb0671a9d99c56b8b13d19bd1fff3bdcb1be69681aa6af2a174e,48,ptp4l[221.740]: port 1: assuming the grand master role,221.740,1,assuming the grand master role,ptp4l printed timestamp basis not established; no numeric join to detector/capture clocks
20260910_source_stop_retry,runs,slave.log,64191febef51cb0671a9d99c56b8b13d19bd1fff3bdcb1be69681aa6af2a174e,49,ptp4l[221.741]: port 1: master state recommended in slave only mode,221.741,1,master state recommended in slave only mode,ptp4l printed timestamp basis not established; no numeric join to detector/capture clocks
20260910_source_stop_retry,runs,slave.log,64191febef51cb0671a9d99c56b8b13d19bd1fff3bdcb1be69681aa6af2a174e,50,ptp4l[221.741]: port 1: defaultDS.priority1 probably misconfigured,221.741,1,defaultDS.priority1 probably misconfigured,ptp4l printed timestamp basis not established; no numeric join to detector/capture clocks
20260910_source_stop_retry,runs,slave.log,64191febef51cb0671a9d99c56b8b13d19bd1fff3bdcb1be69681aa6af2a174e,53,ptp4l[222.741]: port 1: assuming the grand master role,222.741,1,assuming the grand master role,ptp4l printed timestamp basis not established; no numeric join to detector/capture clocks
20260910_source_stop_retry,runs,slave.log,64191febef51cb0671a9d99c56b8b13d19bd1fff3bdcb1be69681aa6af2a174e,54,ptp4l[222.742]: port 1: master state recommended in slave only mode,222.742,1,master state recommended in slave only mode,ptp4l printed timestamp basis not established; no numeric join to detector/capture clocks
20260910_source_stop_retry,runs,slave.log,64191febef51cb0671a9d99c56b8b13d19bd1fff3bdcb1be69681aa6af2a174e,55,ptp4l[222.743]: port 1: defaultDS.priority1 probably misconfigured,222.743,1,defaultDS.priority1 probably misconfigured,ptp4l printed timestamp basis not established; no numeric join to detector/capture clocks
20260910_source_stop_retry,runs,slave.log,64191febef51cb0671a9d99c56b8b13d19bd1fff3bdcb1be69681aa6af2a174e,58,ptp4l[223.491]: port 1: assuming the grand master role,223.491,1,assuming the grand master role,ptp4l printed timestamp basis not established; no numeric join to detector/capture clocks
20260910_source_stop_retry,runs,slave.log,64191febef51cb0671a9d99c56b8b13d19bd1fff3bdcb1be69681aa6af2a174e,59,ptp4l[223.492]: port 1: master state recommended in slave only mode,223.492,1,master state recommended in slave only mode,ptp4l printed timestamp basis not established; no numeric join to detector/capture clocks
20260910_source_stop_retry,runs,slave.log,64191febef51cb0671a9d99c56b8b13d19bd1fff3bdcb1be69681aa6af2a174e,60,ptp4l[223.493]: port 1: defaultDS.priority1 probably misconfigured,223.493,1,defaultDS.priority1 probably misconfigured,ptp4l printed timestamp basis not established; no numeric join to detector/capture clocks
20260910_source_stop_retry,runs,slave.log,64191febef51cb0671a9d99c56b8b13d19bd1fff3bdcb1be69681aa6af2a174e,63,ptp4l[224.492]: port 1: assuming the grand master role,224.492,1,assuming the grand master role,ptp4l printed timestamp basis not established; no numeric join to detector/capture clocks
20260910_source_stop_retry,runs,slave.log,64191febef51cb0671a9d99c56b8b13d19bd1fff3bdcb1be69681aa6af2a174e,64,ptp4l[224.493]: port 1: master state recommended in slave only mode,224.493,1,master state recommended in slave only mode,ptp4l printed timestamp basis not established; no numeric join to detector/capture clocks
20260910_source_stop_retry,runs,slave.log,64191febef51cb0671a9d99c56b8b13d19bd1fff3bdcb1be69681aa6af2a174e,65,ptp4l[224.494]: port 1: defaultDS.priority1 probably misconfigured,224.494,1,defaultDS.priority1 probably misconfigured,ptp4l printed timestamp basis not established; no numeric join to detector/capture clocks
20260910_source_stop_retry,runs,slave.log,64191febef51cb0671a9d99c56b8b13d19bd1fff3bdcb1be69681aa6af2a174e,68,ptp4l[225.493]: port 1: assuming the grand master role,225.493,1,assuming the grand master role,ptp4l printed timestamp basis not established; no numeric join to detector/capture clocks
20260910_source_stop_retry,runs,slave.log,64191febef51cb0671a9d99c56b8b13d19bd1fff3bdcb1be69681aa6af2a174e,69,ptp4l[225.494]: port 1: master state recommended in slave only mode,225.494,1,master state recommended in slave only mode,ptp4l printed timestamp basis not established; no numeric join to detector/capture clocks
20260910_source_stop_retry,runs,slave.log,64191febef51cb0671a9d99c56b8b13d19bd1fff3bdcb1be69681aa6af2a174e,70,ptp4l[225.494]: port 1: defaultDS.priority1 probably misconfigured,225.494,1,defaultDS.priority1 probably misconfigured,ptp4l printed timestamp basis not established; no numeric join to detector/capture clocks
20260910_source_stop_retry,runs,slave.log,64191febef51cb0671a9d99c56b8b13d19bd1fff3bdcb1be69681aa6af2a174e,73,ptp4l[226.244]: port 1: assuming the grand master role,226.244,1,assuming the grand master role,ptp4l printed timestamp basis not established; no numeric join to detector/capture clocks
20260910_source_stop_retry,runs,slave.log,64191febef51cb0671a9d99c56b8b13d19bd1fff3bdcb1be69681aa6af2a174e,74,ptp4l[226.245]: port 1: master state recommended in slave only mode,226.245,1,master state recommended in slave only mode,ptp4l printed timestamp basis not established; no numeric join to detector/capture clocks
20260910_source_stop_retry,runs,slave.log,64191febef51cb0671a9d99c56b8b13d19bd1fff3bdcb1be69681aa6af2a174e,75,ptp4l[226.247]: port 1: defaultDS.priority1 probably misconfigured,226.247,1,defaultDS.priority1 probably misconfigured,ptp4l printed timestamp basis not established; no numeric join to detector/capture clocks
20260911_calibrated_netem_v3,runs,slave.log,adbe90c59faabf29f34bb13b3d0c768ccbf21716129e126125453f63862bc0d9,1,ptp4l[5.216]: port 1: INITIALIZING to LISTENING on INIT_COMPLETE,5.216,1,INITIALIZING to LISTENING on INIT_COMPLETE,ptp4l printed timestamp basis not established; no numeric join to detector/capture clocks
20260911_calibrated_netem_v3,runs,slave.log,adbe90c59faabf29f34bb13b3d0c768ccbf21716129e126125453f63862bc0d9,2,ptp4l[5.217]: port 0: INITIALIZING to LISTENING on INIT_COMPLETE,5.217,0,INITIALIZING to LISTENING on INIT_COMPLETE,ptp4l printed timestamp basis not established; no numeric join to detector/capture clocks
20260911_calibrated_netem_v3,runs,slave.log,adbe90c59faabf29f34bb13b3d0c768ccbf21716129e126125453f63862bc0d9,3,ptp4l[6.001]: port 1: new foreign master 2e6db3.fffe.62cd83-1,6.001,1,new foreign master 2e6db3.fffe.62cd83-1,ptp4l printed timestamp basis not established; no numeric join to detector/capture clocks
20260911_calibrated_netem_v3,runs,slave.log,adbe90c59faabf29f34bb13b3d0c768ccbf21716129e126125453f63862bc0d9,5,ptp4l[6.168]: port 1: new foreign master ca8077.fffe.6d118b-1,6.168,1,new foreign master ca8077.fffe.6d118b-1,ptp4l printed timestamp basis not established; no numeric join to detector/capture clocks
20260911_calibrated_netem_v3,runs,slave.log,adbe90c59faabf29f34bb13b3d0c768ccbf21716129e126125453f63862bc0d9,8,ptp4l[6.503]: port 1: LISTENING to UNCALIBRATED on RS_SLAVE,6.503,1,LISTENING to UNCALIBRATED on RS_SLAVE,ptp4l printed timestamp basis not established; no numeric join to detector/capture clocks
20260911_set2_baseline_r1,runs,slave.log,df28847caaa59f9c65510fee0fae2b389548c60bef905ea386fbda3cd53d13d5,1,ptp4l[5.108]: port 1: INITIALIZING to LISTENING on INIT_COMPLETE,5.108,1,INITIALIZING to LISTENING on INIT_COMPLETE,ptp4l printed timestamp basis not established; no numeric join to detector/capture clocks
20260911_set2_baseline_r1,runs,slave.log,df28847caaa59f9c65510fee0fae2b389548c60bef905ea386fbda3cd53d13d5,2,ptp4l[5.109]: port 0: INITIALIZING to LISTENING on INIT_COMPLETE,5.109,0,INITIALIZING to LISTENING on INIT_COMPLETE,ptp4l printed timestamp basis not established; no numeric join to detector/capture clocks
20260911_set2_baseline_r1,runs,slave.log,df28847caaa59f9c65510fee0fae2b389548c60bef905ea386fbda3cd53d13d5,3,ptp4l[5.838]: port 1: new foreign master 320c2a.fffe.afff5e-1,5.838,1,new foreign master 320c2a.fffe.afff5e-1,ptp4l printed timestamp basis not established; no numeric join to detector/capture clocks
20260911_set2_baseline_r1,runs,slave.log,df28847caaa59f9c65510fee0fae2b389548c60bef905ea386fbda3cd53d13d5,4,ptp4l[5.985]: port 1: new foreign master f6c6a6.fffe.c15d12-1,5.985,1,new foreign master f6c6a6.fffe.c15d12-1,ptp4l printed timestamp basis not established; no numeric join to detector/capture clocks
20260911_set2_baseline_r1,runs,slave.log,df28847caaa59f9c65510fee0fae2b389548c60bef905ea386fbda3cd53d13d5,8,ptp4l[6.487]: port 1: LISTENING to UNCALIBRATED on RS_SLAVE,6.487,1,LISTENING to UNCALIBRATED on RS_SLAVE,ptp4l printed timestamp basis not established; no numeric join to detector/capture clocks
20260911_set2_baseline_r2,runs,slave.log,0188b3bab414f1c19e5944955f9832c2f92d649e9775d5a654c25bda9e3c1abc,1,ptp4l[170.628]: port 1: INITIALIZING to LISTENING on INIT_COMPLETE,170.628,1,INITIALIZING to LISTENING on INIT_COMPLETE,ptp4l printed timestamp basis not established; no numeric join to detector/capture clocks
20260911_set2_baseline_r2,runs,slave.log,0188b3bab414f1c19e5944955f9832c2f92d649e9775d5a654c25bda9e3c1abc,2,ptp4l[170.629]: port 0: INITIALIZING to LISTENING on INIT_COMPLETE,170.629,0,INITIALIZING to LISTENING on INIT_COMPLETE,ptp4l printed timestamp basis not established; no numeric join to detector/capture clocks
20260911_set2_baseline_r2,runs,slave.log,0188b3bab414f1c19e5944955f9832c2f92d649e9775d5a654c25bda9e3c1abc,4,ptp4l[171.579]: port 1: new foreign master 220470.fffe.8ecbc8-1,171.579,1,new foreign master 220470.fffe.8ecbc8-1,ptp4l printed timestamp basis not established; no numeric join to detector/capture clocks
20260911_set2_baseline_r2,runs,slave.log,0188b3bab414f1c19e5944955f9832c2f92d649e9775d5a654c25bda9e3c1abc,5,ptp4l[171.618]: port 1: new foreign master aa334a.fffe.67e1e2-1,171.618,1,new foreign master aa334a.fffe.67e1e2-1,ptp4l printed timestamp basis not established; no numeric join to detector/capture clocks
20260911_set2_baseline_r2,runs,slave.log,0188b3bab414f1c19e5944955f9832c2f92d649e9775d5a654c25bda9e3c1abc,8,ptp4l[172.081]: port 1: LISTENING to UNCALIBRATED on RS_SLAVE,172.081,1,LISTENING to UNCALIBRATED on RS_SLAVE,ptp4l printed timestamp basis not established; no numeric join to detector/capture clocks
20260911_set2_baseline_r3,runs,slave.log,e5f097f33c48d41c93fcdc173cd61253dcc9cc071ec76d050e088203628999a7,1,ptp4l[335.656]: port 1: INITIALIZING to LISTENING on INIT_COMPLETE,335.656,1,INITIALIZING to LISTENING on INIT_COMPLETE,ptp4l printed timestamp basis not established; no numeric join to detector/capture clocks
20260911_set2_baseline_r3,runs,slave.log,e5f097f33c48d41c93fcdc173cd61253dcc9cc071ec76d050e088203628999a7,2,ptp4l[335.657]: port 0: INITIALIZING to LISTENING on INIT_COMPLETE,335.657,0,INITIALIZING to LISTENING on INIT_COMPLETE,ptp4l printed timestamp basis not established; no numeric join to detector/capture clocks
20260911_set2_baseline_r3,runs,slave.log,e5f097f33c48d41c93fcdc173cd61253dcc9cc071ec76d050e088203628999a7,3,ptp4l[336.476]: port 1: new foreign master fe8329.fffe.929b56-1,336.476,1,new foreign master fe8329.fffe.929b56-1,ptp4l printed timestamp basis not established; no numeric join to detector/capture clocks
20260911_set2_baseline_r3,runs,slave.log,e5f097f33c48d41c93fcdc173cd61253dcc9cc071ec76d050e088203628999a7,4,ptp4l[336.485]: port 1: new foreign master 0eb674.fffe.00b3fb-1,336.485,1,new foreign master 0eb674.fffe.00b3fb-1,ptp4l printed timestamp basis not established; no numeric join to detector/capture clocks
20260911_set2_baseline_r3,runs,slave.log,e5f097f33c48d41c93fcdc173cd61253dcc9cc071ec76d050e088203628999a7,8,ptp4l[336.977]: port 1: LISTENING to UNCALIBRATED on RS_SLAVE,336.977,1,LISTENING to UNCALIBRATED on RS_SLAVE,ptp4l printed timestamp basis not established; no numeric join to detector/capture clocks
20260911_set2_control_r1,runs,slave.log,434057a39650b4980a7839a50dff50bba835d5d1dfade625b581bd7f3b6f15d1,1,ptp4l[73.060]: port 1: INITIALIZING to LISTENING on INIT_COMPLETE,73.060,1,INITIALIZING to LISTENING on INIT_COMPLETE,ptp4l printed timestamp basis not established; no numeric join to detector/capture clocks
20260911_set2_control_r1,runs,slave.log,434057a39650b4980a7839a50dff50bba835d5d1dfade625b581bd7f3b6f15d1,2,ptp4l[73.061]: port 0: INITIALIZING to LISTENING on INIT_COMPLETE,73.061,0,INITIALIZING to LISTENING on INIT_COMPLETE,ptp4l printed timestamp basis not established; no numeric join to detector/capture clocks
20260911_set2_control_r1,runs,slave.log,434057a39650b4980a7839a50dff50bba835d5d1dfade625b581bd7f3b6f15d1,4,ptp4l[74.048]: port 1: new foreign master 7e76e5.fffe.0a6a6f-1,74.048,1,new foreign master 7e76e5.fffe.0a6a6f-1,ptp4l printed timestamp basis not established; no numeric join to detector/capture clocks
20260911_set2_control_r1,runs,slave.log,434057a39650b4980a7839a50dff50bba835d5d1dfade625b581bd7f3b6f15d1,5,ptp4l[74.129]: port 1: new foreign master be6415.fffe.d20cc1-1,74.129,1,new foreign master be6415.fffe.d20cc1-1,ptp4l printed timestamp basis not established; no numeric join to detector/capture clocks
20260911_set2_control_r1,runs,slave.log,434057a39650b4980a7839a50dff50bba835d5d1dfade625b581bd7f3b6f15d1,8,ptp4l[74.549]: port 1: LISTENING to UNCALIBRATED on RS_SLAVE,74.549,1,LISTENING to UNCALIBRATED on RS_SLAVE,ptp4l printed timestamp basis not established; no numeric join to detector/capture clocks
20260911_set2_control_r2,runs,slave.log,fd0cfbf1035753498d15a5942b077a63af533bc0c118c0a373468acbbd36a819,1,ptp4l[238.140]: port 1: INITIALIZING to LISTENING on INIT_COMPLETE,238.140,1,INITIALIZING to LISTENING on INIT_COMPLETE,ptp4l printed timestamp basis not established; no numeric join to detector/capture clocks
20260911_set2_control_r2,runs,slave.log,fd0cfbf1035753498d15a5942b077a63af533bc0c118c0a373468acbbd36a819,2,ptp4l[238.141]: port 0: INITIALIZING to LISTENING on INIT_COMPLETE,238.141,0,INITIALIZING to LISTENING on INIT_COMPLETE,ptp4l printed timestamp basis not established; no numeric join to detector/capture clocks
20260911_set2_control_r2,runs,slave.log,fd0cfbf1035753498d15a5942b077a63af533bc0c118c0a373468acbbd36a819,3,ptp4l[238.960]: port 1: new foreign master e29000.fffe.0607c4-1,238.960,1,new foreign master e29000.fffe.0607c4-1,ptp4l printed timestamp basis not established; no numeric join to detector/capture clocks
20260911_set2_control_r2,runs,slave.log,fd0cfbf1035753498d15a5942b077a63af533bc0c118c0a373468acbbd36a819,4,ptp4l[239.059]: port 1: new foreign master e2479f.fffe.77b3f1-1,239.059,1,new foreign master e2479f.fffe.77b3f1-1,ptp4l printed timestamp basis not established; no numeric join to detector/capture clocks
20260911_set2_control_r2,runs,slave.log,fd0cfbf1035753498d15a5942b077a63af533bc0c118c0a373468acbbd36a819,8,ptp4l[239.462]: port 1: LISTENING to UNCALIBRATED on RS_SLAVE,239.462,1,LISTENING to UNCALIBRATED on RS_SLAVE,ptp4l printed timestamp basis not established; no numeric join to detector/capture clocks
20260911_set2_control_r3,runs,slave.log,9875ffd085a4f6e832eca7beb59b28216487ba20dd8d82b57cbb1f3b78f2fb9a,1,ptp4l[403.232]: port 1: INITIALIZING to LISTENING on INIT_COMPLETE,403.232,1,INITIALIZING to LISTENING on INIT_COMPLETE,ptp4l printed timestamp basis not established; no numeric join to detector/capture clocks
20260911_set2_control_r3,runs,slave.log,9875ffd085a4f6e832eca7beb59b28216487ba20dd8d82b57cbb1f3b78f2fb9a,2,ptp4l[403.233]: port 0: INITIALIZING to LISTENING on INIT_COMPLETE,403.233,0,INITIALIZING to LISTENING on INIT_COMPLETE,ptp4l printed timestamp basis not established; no numeric join to detector/capture clocks
20260911_set2_control_r3,runs,slave.log,9875ffd085a4f6e832eca7beb59b28216487ba20dd8d82b57cbb1f3b78f2fb9a,3,ptp4l[404.116]: port 1: new foreign master 7643cb.fffe.32ee89-1,404.116,1,new foreign master 7643cb.fffe.32ee89-1,ptp4l printed timestamp basis not established; no numeric join to detector/capture clocks
20260911_set2_control_r3,runs,slave.log,9875ffd085a4f6e832eca7beb59b28216487ba20dd8d82b57cbb1f3b78f2fb9a,5,ptp4l[404.469]: port 1: new foreign master 36eabd.fffe.6ad9de-1,404.469,1,new foreign master 36eabd.fffe.6ad9de-1,ptp4l printed timestamp basis not established; no numeric join to detector/capture clocks
20260911_set2_control_r3,runs,slave.log,9875ffd085a4f6e832eca7beb59b28216487ba20dd8d82b57cbb1f3b78f2fb9a,8,ptp4l[404.617]: port 1: LISTENING to UNCALIBRATED on RS_SLAVE,404.617,1,LISTENING to UNCALIBRATED on RS_SLAVE,ptp4l printed timestamp basis not established; no numeric join to detector/capture clocks
20260911_set2_intervention_r1,runs,slave.log,3ba0b966d47d7fb973256697bb3fd7555fb542791faed8c4ac4a1df720e356e3,1,ptp4l[106.820]: port 1: INITIALIZING to LISTENING on INIT_COMPLETE,106.820,1,INITIALIZING to LISTENING on INIT_COMPLETE,ptp4l printed timestamp basis not established; no numeric join to detector/capture clocks
20260911_set2_intervention_r1,runs,slave.log,3ba0b966d47d7fb973256697bb3fd7555fb542791faed8c4ac4a1df720e356e3,2,ptp4l[106.821]: port 0: INITIALIZING to LISTENING on INIT_COMPLETE,106.821,0,INITIALIZING to LISTENING on INIT_COMPLETE,ptp4l printed timestamp basis not established; no numeric join to detector/capture clocks
20260911_set2_intervention_r1,runs,slave.log,3ba0b966d47d7fb973256697bb3fd7555fb542791faed8c4ac4a1df720e356e3,3,ptp4l[107.575]: port 1: new foreign master feacbc.fffe.30a695-1,107.575,1,new foreign master feacbc.fffe.30a695-1,ptp4l printed timestamp basis not established; no numeric join to detector/capture clocks
20260911_set2_intervention_r1,runs,slave.log,3ba0b966d47d7fb973256697bb3fd7555fb542791faed8c4ac4a1df720e356e3,5,ptp4l[107.861]: port 1: new foreign master 82b1c4.fffe.0a2da0-1,107.861,1,new foreign master 82b1c4.fffe.0a2da0-1,ptp4l printed timestamp basis not established; no numeric join to detector/capture clocks
20260911_set2_intervention_r1,runs,slave.log,3ba0b966d47d7fb973256697bb3fd7555fb542791faed8c4ac4a1df720e356e3,8,ptp4l[108.076]: port 1: LISTENING to UNCALIBRATED on RS_SLAVE,108.076,1,LISTENING to UNCALIBRATED on RS_SLAVE,ptp4l printed timestamp basis not established; no numeric join to detector/capture clocks
20260911_set2_intervention_r1,runs,slave.log,3ba0b966d47d7fb973256697bb3fd7555fb542791faed8c4ac4a1df720e356e3,140,ptp4l[140.548]: port 1: UNCALIBRATED to LISTENING on ANNOUNCE_RECEIPT_TIMEOUT_EXPIRES,140.548,1,UNCALIBRATED to LISTENING on ANNOUNCE_RECEIPT_TIMEOUT_EXPIRES,ptp4l printed timestamp basis not established; no numeric join to detector/capture clocks
20260911_set2_intervention_r1,runs,slave.log,3ba0b966d47d7fb973256697bb3fd7555fb542791faed8c4ac4a1df720e356e3,144,ptp4l[140.841]: port 1: LISTENING to UNCALIBRATED on RS_SLAVE,140.841,1,LISTENING to UNCALIBRATED on RS_SLAVE,ptp4l printed timestamp basis not established; no numeric join to detector/capture clocks
20260911_set2_intervention_r2,runs,slave.log,2105548f99a5406c43b26ac10afec79285807fda57b1e6dec9deb322f478bb6e,1,ptp4l[271.876]: port 1: INITIALIZING to LISTENING on INIT_COMPLETE,271.876,1,INITIALIZING to LISTENING on INIT_COMPLETE,ptp4l printed timestamp basis not established; no numeric join to detector/capture clocks
20260911_set2_intervention_r2,runs,slave.log,2105548f99a5406c43b26ac10afec79285807fda57b1e6dec9deb322f478bb6e,2,ptp4l[271.877]: port 0: INITIALIZING to LISTENING on INIT_COMPLETE,271.877,0,INITIALIZING to LISTENING on INIT_COMPLETE,ptp4l printed timestamp basis not established; no numeric join to detector/capture clocks
20260911_set2_intervention_r2,runs,slave.log,2105548f99a5406c43b26ac10afec79285807fda57b1e6dec9deb322f478bb6e,3,ptp4l[272.775]: port 1: new foreign master 569a19.fffe.3552ef-1,272.775,1,new foreign master 569a19.fffe.3552ef-1,ptp4l printed timestamp basis not established; no numeric join to detector/capture clocks
20260911_set2_intervention_r2,runs,slave.log,2105548f99a5406c43b26ac10afec79285807fda57b1e6dec9deb322f478bb6e,5,ptp4l[273.125]: port 1: new foreign master de8d9c.fffe.19b813-1,273.125,1,new foreign master de8d9c.fffe.19b813-1,ptp4l printed timestamp basis not established; no numeric join to detector/capture clocks
20260911_set2_intervention_r2,runs,slave.log,2105548f99a5406c43b26ac10afec79285807fda57b1e6dec9deb322f478bb6e,8,ptp4l[273.276]: port 1: LISTENING to UNCALIBRATED on RS_SLAVE,273.276,1,LISTENING to UNCALIBRATED on RS_SLAVE,ptp4l printed timestamp basis not established; no numeric join to detector/capture clocks
20260911_set2_intervention_r2,runs,slave.log,2105548f99a5406c43b26ac10afec79285807fda57b1e6dec9deb322f478bb6e,138,ptp4l[305.588]: port 1: UNCALIBRATED to LISTENING on ANNOUNCE_RECEIPT_TIMEOUT_EXPIRES,305.588,1,UNCALIBRATED to LISTENING on ANNOUNCE_RECEIPT_TIMEOUT_EXPIRES,ptp4l printed timestamp basis not established; no numeric join to detector/capture clocks
20260911_set2_intervention_r2,runs,slave.log,2105548f99a5406c43b26ac10afec79285807fda57b1e6dec9deb322f478bb6e,142,ptp4l[305.796]: port 1: LISTENING to UNCALIBRATED on RS_SLAVE,305.796,1,LISTENING to UNCALIBRATED on RS_SLAVE,ptp4l printed timestamp basis not established; no numeric join to detector/capture clocks
20260911_set2_intervention_r3,runs,slave.log,bfd5becad633f3c398d09d814274dc1c61af327c23d20bcffa0a9c077dc8e6a4,1,ptp4l[437.068]: port 1: INITIALIZING to LISTENING on INIT_COMPLETE,437.068,1,INITIALIZING to LISTENING on INIT_COMPLETE,ptp4l printed timestamp basis not established; no numeric join to detector/capture clocks
20260911_set2_intervention_r3,runs,slave.log,bfd5becad633f3c398d09d814274dc1c61af327c23d20bcffa0a9c077dc8e6a4,2,ptp4l[437.069]: port 0: INITIALIZING to LISTENING on INIT_COMPLETE,437.069,0,INITIALIZING to LISTENING on INIT_COMPLETE,ptp4l printed timestamp basis not established; no numeric join to detector/capture clocks
20260911_set2_intervention_r3,runs,slave.log,bfd5becad633f3c398d09d814274dc1c61af327c23d20bcffa0a9c077dc8e6a4,3,ptp4l[437.905]: port 1: new foreign master c2c334.fffe.96025a-1,437.905,1,new foreign master c2c334.fffe.96025a-1,ptp4l printed timestamp basis not established; no numeric join to detector/capture clocks
20260911_set2_intervention_r3,runs,slave.log,bfd5becad633f3c398d09d814274dc1c61af327c23d20bcffa0a9c077dc8e6a4,5,ptp4l[438.273]: port 1: new foreign master 0a857c.fffe.7b91a8-1,438.273,1,new foreign master 0a857c.fffe.7b91a8-1,ptp4l printed timestamp basis not established; no numeric join to detector/capture clocks
20260911_set2_intervention_r3,runs,slave.log,bfd5becad633f3c398d09d814274dc1c61af327c23d20bcffa0a9c077dc8e6a4,8,ptp4l[438.408]: port 1: LISTENING to UNCALIBRATED on RS_SLAVE,438.408,1,LISTENING to UNCALIBRATED on RS_SLAVE,ptp4l printed timestamp basis not established; no numeric join to detector/capture clocks
20260911_set2_intervention_r3,runs,slave.log,bfd5becad633f3c398d09d814274dc1c61af327c23d20bcffa0a9c077dc8e6a4,140,ptp4l[470.844]: port 1: UNCALIBRATED to LISTENING on ANNOUNCE_RECEIPT_TIMEOUT_EXPIRES,470.844,1,UNCALIBRATED to LISTENING on ANNOUNCE_RECEIPT_TIMEOUT_EXPIRES,ptp4l printed timestamp basis not established; no numeric join to detector/capture clocks
20260911_set2_intervention_r3,runs,slave.log,bfd5becad633f3c398d09d814274dc1c61af327c23d20bcffa0a9c077dc8e6a4,144,ptp4l[471.170]: port 1: LISTENING to UNCALIBRATED on RS_SLAVE,471.170,1,LISTENING to UNCALIBRATED on RS_SLAVE,ptp4l printed timestamp basis not established; no numeric join to detector/capture clocks
20260911_set2_netem_r1,runs,slave.log,edae4097de64aa9195110306dd0b42320cb05550da1ec802c9179341a20710ea,1,ptp4l[39.212]: port 1: INITIALIZING to LISTENING on INIT_COMPLETE,39.212,1,INITIALIZING to LISTENING on INIT_COMPLETE,ptp4l printed timestamp basis not established; no numeric join to detector/capture clocks
20260911_set2_netem_r1,runs,slave.log,edae4097de64aa9195110306dd0b42320cb05550da1ec802c9179341a20710ea,2,ptp4l[39.213]: port 0: INITIALIZING to LISTENING on INIT_COMPLETE,39.213,0,INITIALIZING to LISTENING on INIT_COMPLETE,ptp4l printed timestamp basis not established; no numeric join to detector/capture clocks
20260911_set2_netem_r1,runs,slave.log,edae4097de64aa9195110306dd0b42320cb05550da1ec802c9179341a20710ea,4,ptp4l[40.081]: port 1: new foreign master fe37c9.fffe.ae61ac-1,40.081,1,new foreign master fe37c9.fffe.ae61ac-1,ptp4l printed timestamp basis not established; no numeric join to detector/capture clocks
20260911_set2_netem_r1,runs,slave.log,edae4097de64aa9195110306dd0b42320cb05550da1ec802c9179341a20710ea,5,ptp4l[40.145]: port 1: new foreign master 9a787f.fffe.9669f2-1,40.145,1,new foreign master 9a787f.fffe.9669f2-1,ptp4l printed timestamp basis not established; no numeric join to detector/capture clocks
20260911_set2_netem_r1,runs,slave.log,edae4097de64aa9195110306dd0b42320cb05550da1ec802c9179341a20710ea,8,ptp4l[40.588]: port 1: LISTENING to UNCALIBRATED on RS_SLAVE,40.588,1,LISTENING to UNCALIBRATED on RS_SLAVE,ptp4l printed timestamp basis not established; no numeric join to detector/capture clocks
20260911_set2_netem_r2,runs,slave.log,1671f0c76a940525451a927dae6888cb602ab80b37b18af57042f88c7a416cce,1,ptp4l[204.400]: port 1: INITIALIZING to LISTENING on INIT_COMPLETE,204.400,1,INITIALIZING to LISTENING on INIT_COMPLETE,ptp4l printed timestamp basis not established; no numeric join to detector/capture clocks
20260911_set2_netem_r2,runs,slave.log,1671f0c76a940525451a927dae6888cb602ab80b37b18af57042f88c7a416cce,2,ptp4l[204.401]: port 0: INITIALIZING to LISTENING on INIT_COMPLETE,204.401,0,INITIALIZING to LISTENING on INIT_COMPLETE,ptp4l printed timestamp basis not established; no numeric join to detector/capture clocks
20260911_set2_netem_r2,runs,slave.log,1671f0c76a940525451a927dae6888cb602ab80b37b18af57042f88c7a416cce,3,ptp4l[205.134]: port 1: new foreign master fe9714.fffe.87594b-1,205.134,1,new foreign master fe9714.fffe.87594b-1,ptp4l printed timestamp basis not established; no numeric join to detector/capture clocks
20260911_set2_netem_r2,runs,slave.log,1671f0c76a940525451a927dae6888cb602ab80b37b18af57042f88c7a416cce,4,ptp4l[205.311]: port 1: new foreign master ba90c3.fffe.3213e0-1,205.311,1,new foreign master ba90c3.fffe.3213e0-1,ptp4l printed timestamp basis not established; no numeric join to detector/capture clocks
20260911_set2_netem_r2,runs,slave.log,1671f0c76a940525451a927dae6888cb602ab80b37b18af57042f88c7a416cce,8,ptp4l[205.636]: port 1: LISTENING to UNCALIBRATED on RS_SLAVE,205.636,1,LISTENING to UNCALIBRATED on RS_SLAVE,ptp4l printed timestamp basis not established; no numeric join to detector/capture clocks
20260911_set2_netem_r3,runs,slave.log,76b8e3aca700894055532cd562f5f927d92908fe543d8f6d44f49caf9eb2fcb9,1,ptp4l[369.448]: port 1: INITIALIZING to LISTENING on INIT_COMPLETE,369.448,1,INITIALIZING to LISTENING on INIT_COMPLETE,ptp4l printed timestamp basis not established; no numeric join to detector/capture clocks
20260911_set2_netem_r3,runs,slave.log,76b8e3aca700894055532cd562f5f927d92908fe543d8f6d44f49caf9eb2fcb9,2,ptp4l[369.449]: port 0: INITIALIZING to LISTENING on INIT_COMPLETE,369.449,0,INITIALIZING to LISTENING on INIT_COMPLETE,ptp4l printed timestamp basis not established; no numeric join to detector/capture clocks
20260911_set2_netem_r3,runs,slave.log,76b8e3aca700894055532cd562f5f927d92908fe543d8f6d44f49caf9eb2fcb9,4,ptp4l[370.396]: port 1: new foreign master 4244ca.fffe.21ebf6-1,370.396,1,new foreign master 4244ca.fffe.21ebf6-1,ptp4l printed timestamp basis not established; no numeric join to detector/capture clocks
20260911_set2_netem_r3,runs,slave.log,76b8e3aca700894055532cd562f5f927d92908fe543d8f6d44f49caf9eb2fcb9,5,ptp4l[370.416]: port 1: new foreign master 926692.fffe.c86149-1,370.416,1,new foreign master 926692.fffe.c86149-1,ptp4l printed timestamp basis not established; no numeric join to detector/capture clocks
20260911_set2_netem_r3,runs,slave.log,76b8e3aca700894055532cd562f5f927d92908fe543d8f6d44f49caf9eb2fcb9,8,ptp4l[370.898]: port 1: LISTENING to UNCALIBRATED on RS_SLAVE,370.898,1,LISTENING to UNCALIBRATED on RS_SLAVE,ptp4l printed timestamp basis not established; no numeric join to detector/capture clocks
20260911_set3_baseline_r4,runs,slave.log,bf8fafa8b0d592b4731ba8c076be2db7ae654749667008ae801b2a02fb959b72,1,ptp4l[5.968]: port 1: INITIALIZING to LISTENING on INIT_COMPLETE,5.968,1,INITIALIZING to LISTENING on INIT_COMPLETE,ptp4l printed timestamp basis not established; no numeric join to detector/capture clocks
20260911_set3_baseline_r4,runs,slave.log,bf8fafa8b0d592b4731ba8c076be2db7ae654749667008ae801b2a02fb959b72,2,ptp4l[5.969]: port 0: INITIALIZING to LISTENING on INIT_COMPLETE,5.969,0,INITIALIZING to LISTENING on INIT_COMPLETE,ptp4l printed timestamp basis not established; no numeric join to detector/capture clocks
20260911_set3_baseline_r4,runs,slave.log,bf8fafa8b0d592b4731ba8c076be2db7ae654749667008ae801b2a02fb959b72,3,ptp4l[6.720]: port 1: new foreign master ca590f.fffe.af4db6-1,6.720,1,new foreign master ca590f.fffe.af4db6-1,ptp4l printed timestamp basis not established; no numeric join to detector/capture clocks
20260911_set3_baseline_r4,runs,slave.log,bf8fafa8b0d592b4731ba8c076be2db7ae654749667008ae801b2a02fb959b72,5,ptp4l[7.178]: port 1: new foreign master 46e3a3.fffe.c0d53d-1,7.178,1,new foreign master 46e3a3.fffe.c0d53d-1,ptp4l printed timestamp basis not established; no numeric join to detector/capture clocks
20260911_set3_baseline_r4,runs,slave.log,bf8fafa8b0d592b4731ba8c076be2db7ae654749667008ae801b2a02fb959b72,8,ptp4l[7.222]: port 1: LISTENING to UNCALIBRATED on RS_SLAVE,7.222,1,LISTENING to UNCALIBRATED on RS_SLAVE,ptp4l printed timestamp basis not established; no numeric join to detector/capture clocks
20260911_set3_baseline_r5,runs,slave.log,213d1bb7bd5055c83d160c1ae8ed03e0e1ce9a9aadefc81ac7a1ac2d9e6552b1,1,ptp4l[223.308]: port 1: INITIALIZING to LISTENING on INIT_COMPLETE,223.308,1,INITIALIZING to LISTENING on INIT_COMPLETE,ptp4l printed timestamp basis not established; no numeric join to detector/capture clocks
20260911_set3_baseline_r5,runs,slave.log,213d1bb7bd5055c83d160c1ae8ed03e0e1ce9a9aadefc81ac7a1ac2d9e6552b1,2,ptp4l[223.310]: port 0: INITIALIZING to LISTENING on INIT_COMPLETE,223.310,0,INITIALIZING to LISTENING on INIT_COMPLETE,ptp4l printed timestamp basis not established; no numeric join to detector/capture clocks
20260911_set3_baseline_r5,runs,slave.log,213d1bb7bd5055c83d160c1ae8ed03e0e1ce9a9aadefc81ac7a1ac2d9e6552b1,3,ptp4l[224.197]: port 1: new foreign master de5a63.fffe.16ee71-1,224.197,1,new foreign master de5a63.fffe.16ee71-1,ptp4l printed timestamp basis not established; no numeric join to detector/capture clocks
20260911_set3_baseline_r5,runs,slave.log,213d1bb7bd5055c83d160c1ae8ed03e0e1ce9a9aadefc81ac7a1ac2d9e6552b1,5,ptp4l[224.294]: port 1: new foreign master bea479.fffe.f1556a-1,224.294,1,new foreign master bea479.fffe.f1556a-1,ptp4l printed timestamp basis not established; no numeric join to detector/capture clocks
20260911_set3_baseline_r5,runs,slave.log,213d1bb7bd5055c83d160c1ae8ed03e0e1ce9a9aadefc81ac7a1ac2d9e6552b1,8,ptp4l[224.699]: port 1: LISTENING to UNCALIBRATED on RS_SLAVE,224.699,1,LISTENING to UNCALIBRATED on RS_SLAVE,ptp4l printed timestamp basis not established; no numeric join to detector/capture clocks
20260911_set3_baseline_r6,runs,slave.log,40725dcb508b13c13161950a7b10ca1500c1359c639d5e2b8282ec8bab60a1c2,1,ptp4l[387.856]: port 1: INITIALIZING to LISTENING on INIT_COMPLETE,387.856,1,INITIALIZING to LISTENING on INIT_COMPLETE,ptp4l printed timestamp basis not established; no numeric join to detector/capture clocks
20260911_set3_baseline_r6,runs,slave.log,40725dcb508b13c13161950a7b10ca1500c1359c639d5e2b8282ec8bab60a1c2,2,ptp4l[387.858]: port 0: INITIALIZING to LISTENING on INIT_COMPLETE,387.858,0,INITIALIZING to LISTENING on INIT_COMPLETE,ptp4l printed timestamp basis not established; no numeric join to detector/capture clocks
20260911_set3_baseline_r6,runs,slave.log,40725dcb508b13c13161950a7b10ca1500c1359c639d5e2b8282ec8bab60a1c2,3,ptp4l[388.638]: port 1: new foreign master 529a44.fffe.62da02-1,388.638,1,new foreign master 529a44.fffe.62da02-1,ptp4l printed timestamp basis not established; no numeric join to detector/capture clocks
20260911_set3_baseline_r6,runs,slave.log,40725dcb508b13c13161950a7b10ca1500c1359c639d5e2b8282ec8bab60a1c2,4,ptp4l[388.642]: port 1: new foreign master 3291e0.fffe.3f8e4f-1,388.642,1,new foreign master 3291e0.fffe.3f8e4f-1,ptp4l printed timestamp basis not established; no numeric join to detector/capture clocks
20260911_set3_baseline_r6,runs,slave.log,40725dcb508b13c13161950a7b10ca1500c1359c639d5e2b8282ec8bab60a1c2,8,ptp4l[389.140]: port 1: LISTENING to UNCALIBRATED on RS_SLAVE,389.140,1,LISTENING to UNCALIBRATED on RS_SLAVE,ptp4l printed timestamp basis not established; no numeric join to detector/capture clocks
20260911_set3_baseline_r7,runs,slave.log,cafd35bc2a28c276c23dd5fd381fca2200c78b222da418ee2bbbd3b9371605d4,1,ptp4l[552.504]: port 1: INITIALIZING to LISTENING on INIT_COMPLETE,552.504,1,INITIALIZING to LISTENING on INIT_COMPLETE,ptp4l printed timestamp basis not established; no numeric join to detector/capture clocks
20260911_set3_baseline_r7,runs,slave.log,cafd35bc2a28c276c23dd5fd381fca2200c78b222da418ee2bbbd3b9371605d4,2,ptp4l[552.505]: port 0: INITIALIZING to LISTENING on INIT_COMPLETE,552.505,0,INITIALIZING to LISTENING on INIT_COMPLETE,ptp4l printed timestamp basis not established; no numeric join to detector/capture clocks
20260911_set3_baseline_r7,runs,slave.log,cafd35bc2a28c276c23dd5fd381fca2200c78b222da418ee2bbbd3b9371605d4,3,ptp4l[553.353]: port 1: new foreign master a2c779.fffe.be110b-1,553.353,1,new foreign master a2c779.fffe.be110b-1,ptp4l printed timestamp basis not established; no numeric join to detector/capture clocks
20260911_set3_baseline_r7,runs,slave.log,cafd35bc2a28c276c23dd5fd381fca2200c78b222da418ee2bbbd3b9371605d4,5,ptp4l[553.489]: port 1: new foreign master fa45fd.fffe.a53250-1,553.489,1,new foreign master fa45fd.fffe.a53250-1,ptp4l printed timestamp basis not established; no numeric join to detector/capture clocks
20260911_set3_baseline_r7,runs,slave.log,cafd35bc2a28c276c23dd5fd381fca2200c78b222da418ee2bbbd3b9371605d4,8,ptp4l[553.855]: port 1: LISTENING to UNCALIBRATED on RS_SLAVE,553.855,1,LISTENING to UNCALIBRATED on RS_SLAVE,ptp4l printed timestamp basis not established; no numeric join to detector/capture clocks
20260911_set3_baseline_r8,runs,slave.log,a52dc4bac47724ec51a1d65b5a6465086d03a358ef181d8d93cd0d582fe2eff1,1,ptp4l[131.200]: port 1: INITIALIZING to LISTENING on INIT_COMPLETE,131.200,1,INITIALIZING to LISTENING on INIT_COMPLETE,ptp4l printed timestamp basis not established; no numeric join to detector/capture clocks
20260911_set3_baseline_r8,runs,slave.log,a52dc4bac47724ec51a1d65b5a6465086d03a358ef181d8d93cd0d582fe2eff1,2,ptp4l[131.201]: port 0: INITIALIZING to LISTENING on INIT_COMPLETE,131.201,0,INITIALIZING to LISTENING on INIT_COMPLETE,ptp4l printed timestamp basis not established; no numeric join to detector/capture clocks
20260911_set3_baseline_r8,runs,slave.log,a52dc4bac47724ec51a1d65b5a6465086d03a358ef181d8d93cd0d582fe2eff1,4,ptp4l[132.167]: port 1: new foreign master 560091.fffe.b076ee-1,132.167,1,new foreign master 560091.fffe.b076ee-1,ptp4l printed timestamp basis not established; no numeric join to detector/capture clocks
20260911_set3_baseline_r8,runs,slave.log,a52dc4bac47724ec51a1d65b5a6465086d03a358ef181d8d93cd0d582fe2eff1,5,ptp4l[132.380]: port 1: new foreign master 4a418d.fffe.8c1719-1,132.380,1,new foreign master 4a418d.fffe.8c1719-1,ptp4l printed timestamp basis not established; no numeric join to detector/capture clocks
20260911_set3_baseline_r8,runs,slave.log,a52dc4bac47724ec51a1d65b5a6465086d03a358ef181d8d93cd0d582fe2eff1,8,ptp4l[132.668]: port 1: LISTENING to UNCALIBRATED on RS_SLAVE,132.668,1,LISTENING to UNCALIBRATED on RS_SLAVE,ptp4l printed timestamp basis not established; no numeric join to detector/capture clocks
20260911_set3_control_r4,runs,slave.log,50deabc497a2844aaf4b272acc67bda86dccaffee331803a3ee1e6ca852090b5,1,ptp4l[125.976]: port 1: INITIALIZING to LISTENING on INIT_COMPLETE,125.976,1,INITIALIZING to LISTENING on INIT_COMPLETE,ptp4l printed timestamp basis not established; no numeric join to detector/capture clocks
20260911_set3_control_r4,runs,slave.log,50deabc497a2844aaf4b272acc67bda86dccaffee331803a3ee1e6ca852090b5,2,ptp4l[125.977]: port 0: INITIALIZING to LISTENING on INIT_COMPLETE,125.977,0,INITIALIZING to LISTENING on INIT_COMPLETE,ptp4l printed timestamp basis not established; no numeric join to detector/capture clocks
20260911_set3_control_r4,runs,slave.log,50deabc497a2844aaf4b272acc67bda86dccaffee331803a3ee1e6ca852090b5,4,ptp4l[126.809]: port 1: new foreign master 6644cc.fffe.08c1fd-1,126.809,1,new foreign master 6644cc.fffe.08c1fd-1,ptp4l printed timestamp basis not established; no numeric join to detector/capture clocks
20260911_set3_control_r4,runs,slave.log,50deabc497a2844aaf4b272acc67bda86dccaffee331803a3ee1e6ca852090b5,5,ptp4l[127.033]: port 1: new foreign master d23c42.fffe.e14b3e-1,127.033,1,new foreign master d23c42.fffe.e14b3e-1,ptp4l printed timestamp basis not established; no numeric join to detector/capture clocks
20260911_set3_control_r4,runs,slave.log,50deabc497a2844aaf4b272acc67bda86dccaffee331803a3ee1e6ca852090b5,8,ptp4l[127.311]: port 1: LISTENING to UNCALIBRATED on RS_SLAVE,127.311,1,LISTENING to UNCALIBRATED on RS_SLAVE,ptp4l printed timestamp basis not established; no numeric join to detector/capture clocks
20260911_set3_control_r5,runs,slave.log,e7579e4761cd90b3ba58f7ea42afc51dd2af66f6d3afac013d9b07b86ce0258c,1,ptp4l[290.584]: port 1: INITIALIZING to LISTENING on INIT_COMPLETE,290.584,1,INITIALIZING to LISTENING on INIT_COMPLETE,ptp4l printed timestamp basis not established; no numeric join to detector/capture clocks
20260911_set3_control_r5,runs,slave.log,e7579e4761cd90b3ba58f7ea42afc51dd2af66f6d3afac013d9b07b86ce0258c,2,ptp4l[290.585]: port 0: INITIALIZING to LISTENING on INIT_COMPLETE,290.585,0,INITIALIZING to LISTENING on INIT_COMPLETE,ptp4l printed timestamp basis not established; no numeric join to detector/capture clocks
20260911_set3_control_r5,runs,slave.log,e7579e4761cd90b3ba58f7ea42afc51dd2af66f6d3afac013d9b07b86ce0258c,3,ptp4l[291.366]: port 1: new foreign master f2ac8e.fffe.a27bf2-1,291.366,1,new foreign master f2ac8e.fffe.a27bf2-1,ptp4l printed timestamp basis not established; no numeric join to detector/capture clocks
20260911_set3_control_r5,runs,slave.log,e7579e4761cd90b3ba58f7ea42afc51dd2af66f6d3afac013d9b07b86ce0258c,4,ptp4l[291.516]: port 1: new foreign master 9ed2c2.fffe.e135ae-1,291.516,1,new foreign master 9ed2c2.fffe.e135ae-1,ptp4l printed timestamp basis not established; no numeric join to detector/capture clocks
20260911_set3_control_r5,runs,slave.log,e7579e4761cd90b3ba58f7ea42afc51dd2af66f6d3afac013d9b07b86ce0258c,8,ptp4l[291.868]: port 1: LISTENING to UNCALIBRATED on RS_SLAVE,291.868,1,LISTENING to UNCALIBRATED on RS_SLAVE,ptp4l printed timestamp basis not established; no numeric join to detector/capture clocks
20260911_set3_control_r6,runs,slave.log,e1b6b0ff29d7797901b7a48207a4cc0a861ca4ff4b394ef964d4d2e0c6649709,1,ptp4l[455.276]: port 1: INITIALIZING to LISTENING on INIT_COMPLETE,455.276,1,INITIALIZING to LISTENING on INIT_COMPLETE,ptp4l printed timestamp basis not established; no numeric join to detector/capture clocks
20260911_set3_control_r6,runs,slave.log,e1b6b0ff29d7797901b7a48207a4cc0a861ca4ff4b394ef964d4d2e0c6649709,2,ptp4l[455.278]: port 0: INITIALIZING to LISTENING on INIT_COMPLETE,455.278,0,INITIALIZING to LISTENING on INIT_COMPLETE,ptp4l printed timestamp basis not established; no numeric join to detector/capture clocks
20260911_set3_control_r6,runs,slave.log,e1b6b0ff29d7797901b7a48207a4cc0a861ca4ff4b394ef964d4d2e0c6649709,3,ptp4l[456.048]: port 1: new foreign master a64228.fffe.1dae37-1,456.048,1,new foreign master a64228.fffe.1dae37-1,ptp4l printed timestamp basis not established; no numeric join to detector/capture clocks
20260911_set3_control_r6,runs,slave.log,e1b6b0ff29d7797901b7a48207a4cc0a861ca4ff4b394ef964d4d2e0c6649709,5,ptp4l[456.408]: port 1: new foreign master 5639fe.fffe.aa106f-1,456.408,1,new foreign master 5639fe.fffe.aa106f-1,ptp4l printed timestamp basis not established; no numeric join to detector/capture clocks
20260911_set3_control_r6,runs,slave.log,e1b6b0ff29d7797901b7a48207a4cc0a861ca4ff4b394ef964d4d2e0c6649709,8,ptp4l[456.550]: port 1: LISTENING to UNCALIBRATED on RS_SLAVE,456.550,1,LISTENING to UNCALIBRATED on RS_SLAVE,ptp4l printed timestamp basis not established; no numeric join to detector/capture clocks
20260911_set3_control_r7,runs,slave.log,2fec5bc345afe5afb7f1744040d634bdfdfa2e506bfe2aedf00962da2f42ed9e,1,ptp4l[33.888]: port 1: INITIALIZING to LISTENING on INIT_COMPLETE,33.888,1,INITIALIZING to LISTENING on INIT_COMPLETE,ptp4l printed timestamp basis not established; no numeric join to detector/capture clocks
20260911_set3_control_r7,runs,slave.log,2fec5bc345afe5afb7f1744040d634bdfdfa2e506bfe2aedf00962da2f42ed9e,2,ptp4l[33.902]: port 0: INITIALIZING to LISTENING on INIT_COMPLETE,33.902,0,INITIALIZING to LISTENING on INIT_COMPLETE,ptp4l printed timestamp basis not established; no numeric join to detector/capture clocks
20260911_set3_control_r7,runs,slave.log,2fec5bc345afe5afb7f1744040d634bdfdfa2e506bfe2aedf00962da2f42ed9e,3,ptp4l[34.753]: port 1: new foreign master 76c5aa.fffe.1e7c41-1,34.753,1,new foreign master 76c5aa.fffe.1e7c41-1,ptp4l printed timestamp basis not established; no numeric join to detector/capture clocks
20260911_set3_control_r7,runs,slave.log,2fec5bc345afe5afb7f1744040d634bdfdfa2e506bfe2aedf00962da2f42ed9e,5,ptp4l[35.071]: port 1: new foreign master 26ad6e.fffe.81c11f-1,35.071,1,new foreign master 26ad6e.fffe.81c11f-1,ptp4l printed timestamp basis not established; no numeric join to detector/capture clocks
20260911_set3_control_r7,runs,slave.log,2fec5bc345afe5afb7f1744040d634bdfdfa2e506bfe2aedf00962da2f42ed9e,8,ptp4l[35.256]: port 1: LISTENING to UNCALIBRATED on RS_SLAVE,35.256,1,LISTENING to UNCALIBRATED on RS_SLAVE,ptp4l printed timestamp basis not established; no numeric join to detector/capture clocks
20260911_set3_control_r8,runs,slave.log,b630c6fc8e20b9e8ca3653d2192cd49072591e43f04775100fdf72dd072255cb,1,ptp4l[198.464]: port 1: INITIALIZING to LISTENING on INIT_COMPLETE,198.464,1,INITIALIZING to LISTENING on INIT_COMPLETE,ptp4l printed timestamp basis not established; no numeric join to detector/capture clocks
20260911_set3_control_r8,runs,slave.log,b630c6fc8e20b9e8ca3653d2192cd49072591e43f04775100fdf72dd072255cb,2,ptp4l[198.464]: port 0: INITIALIZING to LISTENING on INIT_COMPLETE,198.464,0,INITIALIZING to LISTENING on INIT_COMPLETE,ptp4l printed timestamp basis not established; no numeric join to detector/capture clocks
20260911_set3_control_r8,runs,slave.log,b630c6fc8e20b9e8ca3653d2192cd49072591e43f04775100fdf72dd072255cb,3,ptp4l[199.357]: port 1: new foreign master 1ed5bf.fffe.fcaa3c-1,199.357,1,new foreign master 1ed5bf.fffe.fcaa3c-1,ptp4l printed timestamp basis not established; no numeric join to detector/capture clocks
20260911_set3_control_r8,runs,slave.log,b630c6fc8e20b9e8ca3653d2192cd49072591e43f04775100fdf72dd072255cb,4,ptp4l[199.416]: port 1: new foreign master c6be69.fffe.f51fbc-1,199.416,1,new foreign master c6be69.fffe.f51fbc-1,ptp4l printed timestamp basis not established; no numeric join to detector/capture clocks
20260911_set3_control_r8,runs,slave.log,b630c6fc8e20b9e8ca3653d2192cd49072591e43f04775100fdf72dd072255cb,8,ptp4l[199.858]: port 1: LISTENING to UNCALIBRATED on RS_SLAVE,199.858,1,LISTENING to UNCALIBRATED on RS_SLAVE,ptp4l printed timestamp basis not established; no numeric join to detector/capture clocks
20260911_set3_intervention_r4,runs,slave.log,7579665785126d3549b9c204e1b232a23f2d6b4908556bd179fc2243332effdd,1,ptp4l[159.620]: port 1: INITIALIZING to LISTENING on INIT_COMPLETE,159.620,1,INITIALIZING to LISTENING on INIT_COMPLETE,ptp4l printed timestamp basis not established; no numeric join to detector/capture clocks
20260911_set3_intervention_r4,runs,slave.log,7579665785126d3549b9c204e1b232a23f2d6b4908556bd179fc2243332effdd,2,ptp4l[159.621]: port 0: INITIALIZING to LISTENING on INIT_COMPLETE,159.621,0,INITIALIZING to LISTENING on INIT_COMPLETE,ptp4l printed timestamp basis not established; no numeric join to detector/capture clocks
20260911_set3_intervention_r4,runs,slave.log,7579665785126d3549b9c204e1b232a23f2d6b4908556bd179fc2243332effdd,3,ptp4l[160.425]: port 1: new foreign master 4e74dc.fffe.19917e-1,160.425,1,new foreign master 4e74dc.fffe.19917e-1,ptp4l printed timestamp basis not established; no numeric join to detector/capture clocks
20260911_set3_intervention_r4,runs,slave.log,7579665785126d3549b9c204e1b232a23f2d6b4908556bd179fc2243332effdd,4,ptp4l[160.460]: port 1: new foreign master 9a396d.fffe.4d96be-1,160.460,1,new foreign master 9a396d.fffe.4d96be-1,ptp4l printed timestamp basis not established; no numeric join to detector/capture clocks
20260911_set3_intervention_r4,runs,slave.log,7579665785126d3549b9c204e1b232a23f2d6b4908556bd179fc2243332effdd,8,ptp4l[160.927]: port 1: LISTENING to UNCALIBRATED on RS_SLAVE,160.927,1,LISTENING to UNCALIBRATED on RS_SLAVE,ptp4l printed timestamp basis not established; no numeric join to detector/capture clocks
20260911_set3_intervention_r4,runs,slave.log,7579665785126d3549b9c204e1b232a23f2d6b4908556bd179fc2243332effdd,12,ptp4l[193.232]: port 1: UNCALIBRATED to LISTENING on ANNOUNCE_RECEIPT_TIMEOUT_EXPIRES,193.232,1,UNCALIBRATED to LISTENING on ANNOUNCE_RECEIPT_TIMEOUT_EXPIRES,ptp4l printed timestamp basis not established; no numeric join to detector/capture clocks
20260911_set3_intervention_r4,runs,slave.log,7579665785126d3549b9c204e1b232a23f2d6b4908556bd179fc2243332effdd,15,ptp4l[193.233]: port 1: LISTENING to UNCALIBRATED on RS_SLAVE,193.233,1,LISTENING to UNCALIBRATED on RS_SLAVE,ptp4l printed timestamp basis not established; no numeric join to detector/capture clocks
20260911_set3_intervention_r5,runs,slave.log,482eaaa6c654dead6aff29f21d0c5e4ad58caa1bfb16377c50502dca04f0f73a,1,ptp4l[324.212]: port 1: INITIALIZING to LISTENING on INIT_COMPLETE,324.212,1,INITIALIZING to LISTENING on INIT_COMPLETE,ptp4l printed timestamp basis not established; no numeric join to detector/capture clocks
20260911_set3_intervention_r5,runs,slave.log,482eaaa6c654dead6aff29f21d0c5e4ad58caa1bfb16377c50502dca04f0f73a,2,ptp4l[324.213]: port 0: INITIALIZING to LISTENING on INIT_COMPLETE,324.213,0,INITIALIZING to LISTENING on INIT_COMPLETE,ptp4l printed timestamp basis not established; no numeric join to detector/capture clocks
20260911_set3_intervention_r5,runs,slave.log,482eaaa6c654dead6aff29f21d0c5e4ad58caa1bfb16377c50502dca04f0f73a,3,ptp4l[325.066]: port 1: new foreign master 02593d.fffe.42e5a8-1,325.066,1,new foreign master 02593d.fffe.42e5a8-1,ptp4l printed timestamp basis not established; no numeric join to detector/capture clocks
20260911_set3_intervention_r5,runs,slave.log,482eaaa6c654dead6aff29f21d0c5e4ad58caa1bfb16377c50502dca04f0f73a,5,ptp4l[325.161]: port 1: new foreign master e26e2e.fffe.78a48e-1,325.161,1,new foreign master e26e2e.fffe.78a48e-1,ptp4l printed timestamp basis not established; no numeric join to detector/capture clocks
20260911_set3_intervention_r5,runs,slave.log,482eaaa6c654dead6aff29f21d0c5e4ad58caa1bfb16377c50502dca04f0f73a,8,ptp4l[325.568]: port 1: LISTENING to UNCALIBRATED on RS_SLAVE,325.568,1,LISTENING to UNCALIBRATED on RS_SLAVE,ptp4l printed timestamp basis not established; no numeric join to detector/capture clocks
20260911_set3_intervention_r5,runs,slave.log,482eaaa6c654dead6aff29f21d0c5e4ad58caa1bfb16377c50502dca04f0f73a,12,ptp4l[357.972]: port 1: UNCALIBRATED to LISTENING on ANNOUNCE_RECEIPT_TIMEOUT_EXPIRES,357.972,1,UNCALIBRATED to LISTENING on ANNOUNCE_RECEIPT_TIMEOUT_EXPIRES,ptp4l printed timestamp basis not established; no numeric join to detector/capture clocks
20260911_set3_intervention_r5,runs,slave.log,482eaaa6c654dead6aff29f21d0c5e4ad58caa1bfb16377c50502dca04f0f73a,15,ptp4l[357.975]: port 1: LISTENING to UNCALIBRATED on RS_SLAVE,357.975,1,LISTENING to UNCALIBRATED on RS_SLAVE,ptp4l printed timestamp basis not established; no numeric join to detector/capture clocks
20260911_set3_intervention_r6,runs,slave.log,713401ac538035664091c20a8f75745c5921fcab20cd56f663cc44860ef5bd78,1,ptp4l[488.892]: port 1: INITIALIZING to LISTENING on INIT_COMPLETE,488.892,1,INITIALIZING to LISTENING on INIT_COMPLETE,ptp4l printed timestamp basis not established; no numeric join to detector/capture clocks
20260911_set3_intervention_r6,runs,slave.log,713401ac538035664091c20a8f75745c5921fcab20cd56f663cc44860ef5bd78,2,ptp4l[488.893]: port 0: INITIALIZING to LISTENING on INIT_COMPLETE,488.893,0,INITIALIZING to LISTENING on INIT_COMPLETE,ptp4l printed timestamp basis not established; no numeric join to detector/capture clocks
20260911_set3_intervention_r6,runs,slave.log,713401ac538035664091c20a8f75745c5921fcab20cd56f663cc44860ef5bd78,3,ptp4l[489.829]: port 1: new foreign master fae616.fffe.176989-1,489.829,1,new foreign master fae616.fffe.176989-1,ptp4l printed timestamp basis not established; no numeric join to detector/capture clocks
20260911_set3_intervention_r6,runs,slave.log,713401ac538035664091c20a8f75745c5921fcab20cd56f663cc44860ef5bd78,4,ptp4l[489.842]: port 1: new foreign master 7ef590.fffe.f37c81-1,489.842,1,new foreign master 7ef590.fffe.f37c81-1,ptp4l printed timestamp basis not established; no numeric join to detector/capture clocks
20260911_set3_intervention_r6,runs,slave.log,713401ac538035664091c20a8f75745c5921fcab20cd56f663cc44860ef5bd78,8,ptp4l[490.330]: port 1: LISTENING to UNCALIBRATED on RS_SLAVE,490.330,1,LISTENING to UNCALIBRATED on RS_SLAVE,ptp4l printed timestamp basis not established; no numeric join to detector/capture clocks
20260911_set3_intervention_r6,runs,slave.log,713401ac538035664091c20a8f75745c5921fcab20cd56f663cc44860ef5bd78,140,ptp4l[522.864]: port 1: UNCALIBRATED to LISTENING on ANNOUNCE_RECEIPT_TIMEOUT_EXPIRES,522.864,1,UNCALIBRATED to LISTENING on ANNOUNCE_RECEIPT_TIMEOUT_EXPIRES,ptp4l printed timestamp basis not established; no numeric join to detector/capture clocks
20260911_set3_intervention_r6,runs,slave.log,713401ac538035664091c20a8f75745c5921fcab20cd56f663cc44860ef5bd78,144,ptp4l[523.096]: port 1: LISTENING to UNCALIBRATED on RS_SLAVE,523.096,1,LISTENING to UNCALIBRATED on RS_SLAVE,ptp4l printed timestamp basis not established; no numeric join to detector/capture clocks
20260911_set3_intervention_r7,runs,slave.log,10b9e77fd987fbce211c69e5a2b95ff19c91827b06466baef6d93697cc0ef14b,1,ptp4l[67.536]: port 1: INITIALIZING to LISTENING on INIT_COMPLETE,67.536,1,INITIALIZING to LISTENING on INIT_COMPLETE,ptp4l printed timestamp basis not established; no numeric join to detector/capture clocks
20260911_set3_intervention_r7,runs,slave.log,10b9e77fd987fbce211c69e5a2b95ff19c91827b06466baef6d93697cc0ef14b,2,ptp4l[67.537]: port 0: INITIALIZING to LISTENING on INIT_COMPLETE,67.537,0,INITIALIZING to LISTENING on INIT_COMPLETE,ptp4l printed timestamp basis not established; no numeric join to detector/capture clocks
20260911_set3_intervention_r7,runs,slave.log,10b9e77fd987fbce211c69e5a2b95ff19c91827b06466baef6d93697cc0ef14b,3,ptp4l[68.331]: port 1: new foreign master 6a538c.fffe.2515dc-1,68.331,1,new foreign master 6a538c.fffe.2515dc-1,ptp4l printed timestamp basis not established; no numeric join to detector/capture clocks
20260911_set3_intervention_r7,runs,slave.log,10b9e77fd987fbce211c69e5a2b95ff19c91827b06466baef6d93697cc0ef14b,4,ptp4l[68.424]: port 1: new foreign master 36b6a3.fffe.923da3-1,68.424,1,new foreign master 36b6a3.fffe.923da3-1,ptp4l printed timestamp basis not established; no numeric join to detector/capture clocks
20260911_set3_intervention_r7,runs,slave.log,10b9e77fd987fbce211c69e5a2b95ff19c91827b06466baef6d93697cc0ef14b,8,ptp4l[68.833]: port 1: LISTENING to UNCALIBRATED on RS_SLAVE,68.833,1,LISTENING to UNCALIBRATED on RS_SLAVE,ptp4l printed timestamp basis not established; no numeric join to detector/capture clocks
20260911_set3_intervention_r7,runs,slave.log,10b9e77fd987fbce211c69e5a2b95ff19c91827b06466baef6d93697cc0ef14b,140,ptp4l[101.240]: port 1: UNCALIBRATED to LISTENING on ANNOUNCE_RECEIPT_TIMEOUT_EXPIRES,101.240,1,UNCALIBRATED to LISTENING on ANNOUNCE_RECEIPT_TIMEOUT_EXPIRES,ptp4l printed timestamp basis not established; no numeric join to detector/capture clocks
20260911_set3_intervention_r7,runs,slave.log,10b9e77fd987fbce211c69e5a2b95ff19c91827b06466baef6d93697cc0ef14b,144,ptp4l[101.344]: port 1: LISTENING to UNCALIBRATED on RS_SLAVE,101.344,1,LISTENING to UNCALIBRATED on RS_SLAVE,ptp4l printed timestamp basis not established; no numeric join to detector/capture clocks
20260911_set3_intervention_r8,runs,slave.log,fb2b70085e98e081881383cce115ff198a6e95c13910561520f60b83f322c7f1,1,ptp4l[232.140]: port 1: INITIALIZING to LISTENING on INIT_COMPLETE,232.140,1,INITIALIZING to LISTENING on INIT_COMPLETE,ptp4l printed timestamp basis not established; no numeric join to detector/capture clocks
20260911_set3_intervention_r8,runs,slave.log,fb2b70085e98e081881383cce115ff198a6e95c13910561520f60b83f322c7f1,2,ptp4l[232.141]: port 0: INITIALIZING to LISTENING on INIT_COMPLETE,232.141,0,INITIALIZING to LISTENING on INIT_COMPLETE,ptp4l printed timestamp basis not established; no numeric join to detector/capture clocks
20260911_set3_intervention_r8,runs,slave.log,fb2b70085e98e081881383cce115ff198a6e95c13910561520f60b83f322c7f1,3,ptp4l[232.940]: port 1: new foreign master 26fa25.fffe.6fdaf3-1,232.940,1,new foreign master 26fa25.fffe.6fdaf3-1,ptp4l printed timestamp basis not established; no numeric join to detector/capture clocks
20260911_set3_intervention_r8,runs,slave.log,fb2b70085e98e081881383cce115ff198a6e95c13910561520f60b83f322c7f1,5,ptp4l[233.229]: port 1: new foreign master 62a73c.fffe.3240dd-1,233.229,1,new foreign master 62a73c.fffe.3240dd-1,ptp4l printed timestamp basis not established; no numeric join to detector/capture clocks
20260911_set3_intervention_r8,runs,slave.log,fb2b70085e98e081881383cce115ff198a6e95c13910561520f60b83f322c7f1,8,ptp4l[233.449]: port 1: LISTENING to UNCALIBRATED on RS_SLAVE,233.449,1,LISTENING to UNCALIBRATED on RS_SLAVE,ptp4l printed timestamp basis not established; no numeric join to detector/capture clocks
20260911_set3_intervention_r8,runs,slave.log,fb2b70085e98e081881383cce115ff198a6e95c13910561520f60b83f322c7f1,12,ptp4l[265.804]: port 1: UNCALIBRATED to LISTENING on ANNOUNCE_RECEIPT_TIMEOUT_EXPIRES,265.804,1,UNCALIBRATED to LISTENING on ANNOUNCE_RECEIPT_TIMEOUT_EXPIRES,ptp4l printed timestamp basis not established; no numeric join to detector/capture clocks
20260911_set3_intervention_r8,runs,slave.log,fb2b70085e98e081881383cce115ff198a6e95c13910561520f60b83f322c7f1,15,ptp4l[265.806]: port 1: LISTENING to UNCALIBRATED on RS_SLAVE,265.806,1,LISTENING to UNCALIBRATED on RS_SLAVE,ptp4l printed timestamp basis not established; no numeric join to detector/capture clocks
20260911_set3_netem_r4,runs,slave.log,6188b3792cc845c3f57b3c7acbb0acc457fcada953fdc8c2e25d06b643972745,1,ptp4l[92.280]: port 1: INITIALIZING to LISTENING on INIT_COMPLETE,92.280,1,INITIALIZING to LISTENING on INIT_COMPLETE,ptp4l printed timestamp basis not established; no numeric join to detector/capture clocks
20260911_set3_netem_r4,runs,slave.log,6188b3792cc845c3f57b3c7acbb0acc457fcada953fdc8c2e25d06b643972745,2,ptp4l[92.281]: port 0: INITIALIZING to LISTENING on INIT_COMPLETE,92.281,0,INITIALIZING to LISTENING on INIT_COMPLETE,ptp4l printed timestamp basis not established; no numeric join to detector/capture clocks
20260911_set3_netem_r4,runs,slave.log,6188b3792cc845c3f57b3c7acbb0acc457fcada953fdc8c2e25d06b643972745,3,ptp4l[93.068]: port 1: new foreign master 6addd3.fffe.e7dced-1,93.068,1,new foreign master 6addd3.fffe.e7dced-1,ptp4l printed timestamp basis not established; no numeric join to detector/capture clocks
20260911_set3_netem_r4,runs,slave.log,6188b3792cc845c3f57b3c7acbb0acc457fcada953fdc8c2e25d06b643972745,4,ptp4l[93.086]: port 1: new foreign master be599b.fffe.a4d694-1,93.086,1,new foreign master be599b.fffe.a4d694-1,ptp4l printed timestamp basis not established; no numeric join to detector/capture clocks
20260911_set3_netem_r4,runs,slave.log,6188b3792cc845c3f57b3c7acbb0acc457fcada953fdc8c2e25d06b643972745,8,ptp4l[93.569]: port 1: LISTENING to UNCALIBRATED on RS_SLAVE,93.569,1,LISTENING to UNCALIBRATED on RS_SLAVE,ptp4l printed timestamp basis not established; no numeric join to detector/capture clocks
20260911_set3_netem_r5,runs,slave.log,3bfaeca34a25715774701962d4aef0c6afaf52e4d878a6e1e9ba0575b3a580f9,1,ptp4l[256.964]: port 1: INITIALIZING to LISTENING on INIT_COMPLETE,256.964,1,INITIALIZING to LISTENING on INIT_COMPLETE,ptp4l printed timestamp basis not established; no numeric join to detector/capture clocks
20260911_set3_netem_r5,runs,slave.log,3bfaeca34a25715774701962d4aef0c6afaf52e4d878a6e1e9ba0575b3a580f9,2,ptp4l[256.965]: port 0: INITIALIZING to LISTENING on INIT_COMPLETE,256.965,0,INITIALIZING to LISTENING on INIT_COMPLETE,ptp4l printed timestamp basis not established; no numeric join to detector/capture clocks
20260911_set3_netem_r5,runs,slave.log,3bfaeca34a25715774701962d4aef0c6afaf52e4d878a6e1e9ba0575b3a580f9,3,ptp4l[257.769]: port 1: new foreign master 2225c4.fffe.56fa2a-1,257.769,1,new foreign master 2225c4.fffe.56fa2a-1,ptp4l printed timestamp basis not established; no numeric join to detector/capture clocks
20260911_set3_netem_r5,runs,slave.log,3bfaeca34a25715774701962d4aef0c6afaf52e4d878a6e1e9ba0575b3a580f9,4,ptp4l[257.838]: port 1: new foreign master 827990.fffe.99978c-1,257.838,1,new foreign master 827990.fffe.99978c-1,ptp4l printed timestamp basis not established; no numeric join to detector/capture clocks
20260911_set3_netem_r5,runs,slave.log,3bfaeca34a25715774701962d4aef0c6afaf52e4d878a6e1e9ba0575b3a580f9,8,ptp4l[258.272]: port 1: LISTENING to UNCALIBRATED on RS_SLAVE,258.272,1,LISTENING to UNCALIBRATED on RS_SLAVE,ptp4l printed timestamp basis not established; no numeric join to detector/capture clocks
20260911_set3_netem_r6,runs,slave.log,3af499c88d538379c2fb731d48ac51f97f2e65fd0e8c1507e1bbd91c24047f19,1,ptp4l[421.584]: port 1: INITIALIZING to LISTENING on INIT_COMPLETE,421.584,1,INITIALIZING to LISTENING on INIT_COMPLETE,ptp4l printed timestamp basis not established; no numeric join to detector/capture clocks
20260911_set3_netem_r6,runs,slave.log,3af499c88d538379c2fb731d48ac51f97f2e65fd0e8c1507e1bbd91c24047f19,2,ptp4l[421.585]: port 0: INITIALIZING to LISTENING on INIT_COMPLETE,421.585,0,INITIALIZING to LISTENING on INIT_COMPLETE,ptp4l printed timestamp basis not established; no numeric join to detector/capture clocks
20260911_set3_netem_r6,runs,slave.log,3af499c88d538379c2fb731d48ac51f97f2e65fd0e8c1507e1bbd91c24047f19,4,ptp4l[422.551]: port 1: new foreign master a64c04.fffe.102644-1,422.551,1,new foreign master a64c04.fffe.102644-1,ptp4l printed timestamp basis not established; no numeric join to detector/capture clocks
20260911_set3_netem_r6,runs,slave.log,3af499c88d538379c2fb731d48ac51f97f2e65fd0e8c1507e1bbd91c24047f19,5,ptp4l[422.562]: port 1: new foreign master 06310b.fffe.d6caf5-1,422.562,1,new foreign master 06310b.fffe.d6caf5-1,ptp4l printed timestamp basis not established; no numeric join to detector/capture clocks
20260911_set3_netem_r6,runs,slave.log,3af499c88d538379c2fb731d48ac51f97f2e65fd0e8c1507e1bbd91c24047f19,8,ptp4l[423.053]: port 1: LISTENING to UNCALIBRATED on RS_SLAVE,423.053,1,LISTENING to UNCALIBRATED on RS_SLAVE,ptp4l printed timestamp basis not established; no numeric join to detector/capture clocks
20260911_set3_netem_r7,runs,slave.log,8ef5a4d50823a9d96926c0fefe15e84dc7fd79f8e99ad2e024d5c5047e39dccc,1,ptp4l[586.240]: port 1: INITIALIZING to LISTENING on INIT_COMPLETE,586.240,1,INITIALIZING to LISTENING on INIT_COMPLETE,ptp4l printed timestamp basis not established; no numeric join to detector/capture clocks
20260911_set3_netem_r7,runs,slave.log,8ef5a4d50823a9d96926c0fefe15e84dc7fd79f8e99ad2e024d5c5047e39dccc,2,ptp4l[586.241]: port 0: INITIALIZING to LISTENING on INIT_COMPLETE,586.241,0,INITIALIZING to LISTENING on INIT_COMPLETE,ptp4l printed timestamp basis not established; no numeric join to detector/capture clocks
20260911_set3_netem_r7,runs,slave.log,8ef5a4d50823a9d96926c0fefe15e84dc7fd79f8e99ad2e024d5c5047e39dccc,4,ptp4l[587.318]: port 1: new foreign master aa38fe.fffe.593c67-1,587.318,1,new foreign master aa38fe.fffe.593c67-1,ptp4l printed timestamp basis not established; no numeric join to detector/capture clocks
20260911_set3_netem_r7,runs,slave.log,8ef5a4d50823a9d96926c0fefe15e84dc7fd79f8e99ad2e024d5c5047e39dccc,5,ptp4l[587.319]: port 1: new foreign master e69225.fffe.1b9b93-1,587.319,1,new foreign master e69225.fffe.1b9b93-1,ptp4l printed timestamp basis not established; no numeric join to detector/capture clocks
20260911_set3_netem_r7,runs,slave.log,8ef5a4d50823a9d96926c0fefe15e84dc7fd79f8e99ad2e024d5c5047e39dccc,8,ptp4l[587.820]: port 1: LISTENING to UNCALIBRATED on RS_SLAVE,587.820,1,LISTENING to UNCALIBRATED on RS_SLAVE,ptp4l printed timestamp basis not established; no numeric join to detector/capture clocks
20260911_set3_netem_r8,runs,slave.log,7da520140d3ca072df0466483f8d48b6956fd586de29088bb2c337dffed705cc,1,ptp4l[164.836]: port 1: INITIALIZING to LISTENING on INIT_COMPLETE,164.836,1,INITIALIZING to LISTENING on INIT_COMPLETE,ptp4l printed timestamp basis not established; no numeric join to detector/capture clocks
20260911_set3_netem_r8,runs,slave.log,7da520140d3ca072df0466483f8d48b6956fd586de29088bb2c337dffed705cc,2,ptp4l[164.837]: port 0: INITIALIZING to LISTENING on INIT_COMPLETE,164.837,0,INITIALIZING to LISTENING on INIT_COMPLETE,ptp4l printed timestamp basis not established; no numeric join to detector/capture clocks
20260911_set3_netem_r8,runs,slave.log,7da520140d3ca072df0466483f8d48b6956fd586de29088bb2c337dffed705cc,3,ptp4l[165.626]: port 1: new foreign master 66c263.fffe.ed9356-1,165.626,1,new foreign master 66c263.fffe.ed9356-1,ptp4l printed timestamp basis not established; no numeric join to detector/capture clocks
20260911_set3_netem_r8,runs,slave.log,7da520140d3ca072df0466483f8d48b6956fd586de29088bb2c337dffed705cc,5,ptp4l[165.795]: port 1: new foreign master 069006.fffe.20954d-1,165.795,1,new foreign master 069006.fffe.20954d-1,ptp4l printed timestamp basis not established; no numeric join to detector/capture clocks
20260911_set3_netem_r8,runs,slave.log,7da520140d3ca072df0466483f8d48b6956fd586de29088bb2c337dffed705cc,8,ptp4l[166.137]: port 1: LISTENING to UNCALIBRATED on RS_SLAVE,166.137,1,LISTENING to UNCALIBRATED on RS_SLAVE,ptp4l printed timestamp basis not established; no numeric join to detector/capture clocks
20260912_streamtest_baseline,runs,slave.log,e4f78fccf6d655a226a17f71072df5031255a277753f1ef68147c95eb8c5b9eb,1,ptp4l[7.536]: port 1: INITIALIZING to LISTENING on INIT_COMPLETE,7.536,1,INITIALIZING to LISTENING on INIT_COMPLETE,ptp4l printed timestamp basis not established; no numeric join to detector/capture clocks
20260912_streamtest_baseline,runs,slave.log,e4f78fccf6d655a226a17f71072df5031255a277753f1ef68147c95eb8c5b9eb,2,ptp4l[7.537]: port 0: INITIALIZING to LISTENING on INIT_COMPLETE,7.537,0,INITIALIZING to LISTENING on INIT_COMPLETE,ptp4l printed timestamp basis not established; no numeric join to detector/capture clocks
20260912_streamtest_baseline,runs,slave.log,e4f78fccf6d655a226a17f71072df5031255a277753f1ef68147c95eb8c5b9eb,3,ptp4l[8.322]: port 1: new foreign master 02c802.fffe.33fa55-1,8.322,1,new foreign master 02c802.fffe.33fa55-1,ptp4l printed timestamp basis not established; no numeric join to detector/capture clocks
20260912_streamtest_baseline,runs,slave.log,e4f78fccf6d655a226a17f71072df5031255a277753f1ef68147c95eb8c5b9eb,5,ptp4l[8.635]: port 1: new foreign master 2e352c.fffe.0b049b-1,8.635,1,new foreign master 2e352c.fffe.0b049b-1,ptp4l printed timestamp basis not established; no numeric join to detector/capture clocks
20260912_streamtest_baseline,runs,slave.log,e4f78fccf6d655a226a17f71072df5031255a277753f1ef68147c95eb8c5b9eb,8,ptp4l[8.824]: port 1: LISTENING to UNCALIBRATED on RS_SLAVE,8.824,1,LISTENING to UNCALIBRATED on RS_SLAVE,ptp4l printed timestamp basis not established; no numeric join to detector/capture clocks
20260912_streamtest_control,runs,slave.log,1483a764ed56a3fd05815c71c80bb1df348d550d67eea36c476c4e0d41a34f02,1,ptp4l[40.040]: port 1: INITIALIZING to LISTENING on INIT_COMPLETE,40.040,1,INITIALIZING to LISTENING on INIT_COMPLETE,ptp4l printed timestamp basis not established; no numeric join to detector/capture clocks
20260912_streamtest_control,runs,slave.log,1483a764ed56a3fd05815c71c80bb1df348d550d67eea36c476c4e0d41a34f02,2,ptp4l[40.044]: port 0: INITIALIZING to LISTENING on INIT_COMPLETE,40.044,0,INITIALIZING to LISTENING on INIT_COMPLETE,ptp4l printed timestamp basis not established; no numeric join to detector/capture clocks
20260912_streamtest_control,runs,slave.log,1483a764ed56a3fd05815c71c80bb1df348d550d67eea36c476c4e0d41a34f02,4,ptp4l[40.930]: port 1: new foreign master 324295.fffe.a8d3f2-1,40.930,1,new foreign master 324295.fffe.a8d3f2-1,ptp4l printed timestamp basis not established; no numeric join to detector/capture clocks
20260912_streamtest_control,runs,slave.log,1483a764ed56a3fd05815c71c80bb1df348d550d67eea36c476c4e0d41a34f02,5,ptp4l[40.964]: port 1: new foreign master 729b20.fffe.badc32-1,40.964,1,new foreign master 729b20.fffe.badc32-1,ptp4l printed timestamp basis not established; no numeric join to detector/capture clocks
20260912_streamtest_control,runs,slave.log,1483a764ed56a3fd05815c71c80bb1df348d550d67eea36c476c4e0d41a34f02,8,ptp4l[41.432]: port 1: LISTENING to UNCALIBRATED on RS_SLAVE,41.432,1,LISTENING to UNCALIBRATED on RS_SLAVE,ptp4l printed timestamp basis not established; no numeric join to detector/capture clocks
20260912_streamtest_control_retry,runs,slave.log,3e4d5c4ccc70193c117ea8ee2d41654e3dca6af74637eb14aafc9559847bcf7a,1,ptp4l[70.132]: port 1: INITIALIZING to LISTENING on INIT_COMPLETE,70.132,1,INITIALIZING to LISTENING on INIT_COMPLETE,ptp4l printed timestamp basis not established; no numeric join to detector/capture clocks
20260912_streamtest_control_retry,runs,slave.log,3e4d5c4ccc70193c117ea8ee2d41654e3dca6af74637eb14aafc9559847bcf7a,2,ptp4l[70.133]: port 0: INITIALIZING to LISTENING on INIT_COMPLETE,70.133,0,INITIALIZING to LISTENING on INIT_COMPLETE,ptp4l printed timestamp basis not established; no numeric join to detector/capture clocks
20260912_streamtest_control_retry,runs,slave.log,3e4d5c4ccc70193c117ea8ee2d41654e3dca6af74637eb14aafc9559847bcf7a,3,ptp4l[70.895]: port 1: new foreign master 966130.fffe.8d5965-1,70.895,1,new foreign master 966130.fffe.8d5965-1,ptp4l printed timestamp basis not established; no numeric join to detector/capture clocks
20260912_streamtest_control_retry,runs,slave.log,3e4d5c4ccc70193c117ea8ee2d41654e3dca6af74637eb14aafc9559847bcf7a,5,ptp4l[71.067]: port 1: new foreign master 7e898d.fffe.a4eba9-1,71.067,1,new foreign master 7e898d.fffe.a4eba9-1,ptp4l printed timestamp basis not established; no numeric join to detector/capture clocks
20260912_streamtest_control_retry,runs,slave.log,3e4d5c4ccc70193c117ea8ee2d41654e3dca6af74637eb14aafc9559847bcf7a,8,ptp4l[71.397]: port 1: LISTENING to UNCALIBRATED on RS_SLAVE,71.397,1,LISTENING to UNCALIBRATED on RS_SLAVE,ptp4l printed timestamp basis not established; no numeric join to detector/capture clocks
20260912_streamtest_netem,runs,slave.log,89c056740e56ebab7827dc0358830633f7978f6d0603839ab77c13715558b8ee,1,ptp4l[23.888]: port 1: INITIALIZING to LISTENING on INIT_COMPLETE,23.888,1,INITIALIZING to LISTENING on INIT_COMPLETE,ptp4l printed timestamp basis not established; no numeric join to detector/capture clocks
20260912_streamtest_netem,runs,slave.log,89c056740e56ebab7827dc0358830633f7978f6d0603839ab77c13715558b8ee,2,ptp4l[23.892]: port 0: INITIALIZING to LISTENING on INIT_COMPLETE,23.892,0,INITIALIZING to LISTENING on INIT_COMPLETE,ptp4l printed timestamp basis not established; no numeric join to detector/capture clocks
20260912_streamtest_netem,runs,slave.log,89c056740e56ebab7827dc0358830633f7978f6d0603839ab77c13715558b8ee,4,ptp4l[24.824]: port 1: new foreign master 5ed5d3.fffe.510a30-1,24.824,1,new foreign master 5ed5d3.fffe.510a30-1,ptp4l printed timestamp basis not established; no numeric join to detector/capture clocks
20260912_streamtest_netem,runs,slave.log,89c056740e56ebab7827dc0358830633f7978f6d0603839ab77c13715558b8ee,5,ptp4l[24.855]: port 1: new foreign master 5a61f1.fffe.499256-1,24.855,1,new foreign master 5a61f1.fffe.499256-1,ptp4l printed timestamp basis not established; no numeric join to detector/capture clocks
20260912_streamtest_netem,runs,slave.log,89c056740e56ebab7827dc0358830633f7978f6d0603839ab77c13715558b8ee,8,ptp4l[25.330]: port 1: LISTENING to UNCALIBRATED on RS_SLAVE,25.330,1,LISTENING to UNCALIBRATED on RS_SLAVE,ptp4l printed timestamp basis not established; no numeric join to detector/capture clocks
20260912_streamtest_source_stop,runs,slave.log,18bb69ffe974dfc45af22a530c19b31853f4a1d045ef2a37b71d4747bd39b8d9,1,ptp4l[55.568]: port 1: INITIALIZING to LISTENING on INIT_COMPLETE,55.568,1,INITIALIZING to LISTENING on INIT_COMPLETE,ptp4l printed timestamp basis not established; no numeric join to detector/capture clocks
20260912_streamtest_source_stop,runs,slave.log,18bb69ffe974dfc45af22a530c19b31853f4a1d045ef2a37b71d4747bd39b8d9,2,ptp4l[55.569]: port 0: INITIALIZING to LISTENING on INIT_COMPLETE,55.569,0,INITIALIZING to LISTENING on INIT_COMPLETE,ptp4l printed timestamp basis not established; no numeric join to detector/capture clocks
20260912_streamtest_source_stop,runs,slave.log,18bb69ffe974dfc45af22a530c19b31853f4a1d045ef2a37b71d4747bd39b8d9,3,ptp4l[56.338]: port 1: new foreign master 56f8fd.fffe.116aa5-1,56.338,1,new foreign master 56f8fd.fffe.116aa5-1,ptp4l printed timestamp basis not established; no numeric join to detector/capture clocks
20260912_streamtest_source_stop,runs,slave.log,18bb69ffe974dfc45af22a530c19b31853f4a1d045ef2a37b71d4747bd39b8d9,5,ptp4l[56.451]: port 1: new foreign master 1af2e0.fffe.20c275-1,56.451,1,new foreign master 1af2e0.fffe.20c275-1,ptp4l printed timestamp basis not established; no numeric join to detector/capture clocks
20260912_streamtest_source_stop,runs,slave.log,18bb69ffe974dfc45af22a530c19b31853f4a1d045ef2a37b71d4747bd39b8d9,8,ptp4l[56.839]: port 1: LISTENING to UNCALIBRATED on RS_SLAVE,56.839,1,LISTENING to UNCALIBRATED on RS_SLAVE,ptp4l printed timestamp basis not established; no numeric join to detector/capture clocks
20260912_streamtest_source_stop,runs,slave.log,18bb69ffe974dfc45af22a530c19b31853f4a1d045ef2a37b71d4747bd39b8d9,11,ptp4l[71.256]: port 1: UNCALIBRATED to LISTENING on ANNOUNCE_RECEIPT_TIMEOUT_EXPIRES,71.256,1,UNCALIBRATED to LISTENING on ANNOUNCE_RECEIPT_TIMEOUT_EXPIRES,ptp4l printed timestamp basis not established; no numeric join to detector/capture clocks
20260912_streamtest_source_stop,runs,slave.log,18bb69ffe974dfc45af22a530c19b31853f4a1d045ef2a37b71d4747bd39b8d9,14,ptp4l[71.260]: port 1: LISTENING to UNCALIBRATED on RS_SLAVE,71.260,1,LISTENING to UNCALIBRATED on RS_SLAVE,ptp4l printed timestamp basis not established; no numeric join to detector/capture clocks
20260912_streamtest_source_stop_retry,runs,slave.log,e6967e14640af3e026874a5f1ca8568de454777166d0a7b896d7855d8298b4fa,1,ptp4l[98.520]: port 1: INITIALIZING to LISTENING on INIT_COMPLETE,98.520,1,INITIALIZING to LISTENING on INIT_COMPLETE,ptp4l printed timestamp basis not established; no numeric join to detector/capture clocks
20260912_streamtest_source_stop_retry,runs,slave.log,e6967e14640af3e026874a5f1ca8568de454777166d0a7b896d7855d8298b4fa,2,ptp4l[98.521]: port 0: INITIALIZING to LISTENING on INIT_COMPLETE,98.521,0,INITIALIZING to LISTENING on INIT_COMPLETE,ptp4l printed timestamp basis not established; no numeric join to detector/capture clocks
20260912_streamtest_source_stop_retry,runs,slave.log,e6967e14640af3e026874a5f1ca8568de454777166d0a7b896d7855d8298b4fa,3,ptp4l[99.290]: port 1: new foreign master dea8dc.fffe.3d3a9d-1,99.290,1,new foreign master dea8dc.fffe.3d3a9d-1,ptp4l printed timestamp basis not established; no numeric join to detector/capture clocks
20260912_streamtest_source_stop_retry,runs,slave.log,e6967e14640af3e026874a5f1ca8568de454777166d0a7b896d7855d8298b4fa,4,ptp4l[99.398]: port 1: new foreign master 1ed6ee.fffe.6f2efb-1,99.398,1,new foreign master 1ed6ee.fffe.6f2efb-1,ptp4l printed timestamp basis not established; no numeric join to detector/capture clocks
20260912_streamtest_source_stop_retry,runs,slave.log,e6967e14640af3e026874a5f1ca8568de454777166d0a7b896d7855d8298b4fa,8,ptp4l[99.792]: port 1: LISTENING to UNCALIBRATED on RS_SLAVE,99.792,1,LISTENING to UNCALIBRATED on RS_SLAVE,ptp4l printed timestamp basis not established; no numeric join to detector/capture clocks
20260912_streamtest_source_stop_retry,runs,slave.log,e6967e14640af3e026874a5f1ca8568de454777166d0a7b896d7855d8298b4fa,67,ptp4l[114.264]: port 1: UNCALIBRATED to LISTENING on ANNOUNCE_RECEIPT_TIMEOUT_EXPIRES,114.264,1,UNCALIBRATED to LISTENING on ANNOUNCE_RECEIPT_TIMEOUT_EXPIRES,ptp4l printed timestamp basis not established; no numeric join to detector/capture clocks
20260912_streamtest_source_stop_retry,runs,slave.log,e6967e14640af3e026874a5f1ca8568de454777166d0a7b896d7855d8298b4fa,71,ptp4l[114.306]: port 1: LISTENING to UNCALIBRATED on RS_SLAVE,114.306,1,LISTENING to UNCALIBRATED on RS_SLAVE,ptp4l printed timestamp basis not established; no numeric join to detector/capture clocks
20260913_v2_b1,runs,slave.log,5328182dde2c85205eaf440b89cb50c95097c3bedf2f8aefd2b7d01999686b9b,1,ptp4l[38.792]: port 1: INITIALIZING to LISTENING on INIT_COMPLETE,38.792,1,INITIALIZING to LISTENING on INIT_COMPLETE,ptp4l printed timestamp basis not established; no numeric join to detector/capture clocks
20260913_v2_b1,runs,slave.log,5328182dde2c85205eaf440b89cb50c95097c3bedf2f8aefd2b7d01999686b9b,2,ptp4l[38.793]: port 0: INITIALIZING to LISTENING on INIT_COMPLETE,38.793,0,INITIALIZING to LISTENING on INIT_COMPLETE,ptp4l printed timestamp basis not established; no numeric join to detector/capture clocks
20260913_v2_b1,runs,slave.log,5328182dde2c85205eaf440b89cb50c95097c3bedf2f8aefd2b7d01999686b9b,3,ptp4l[39.594]: port 1: new foreign master 6e5f92.fffe.2080cc-1,39.594,1,new foreign master 6e5f92.fffe.2080cc-1,ptp4l printed timestamp basis not established; no numeric join to detector/capture clocks
20260913_v2_b1,runs,slave.log,5328182dde2c85205eaf440b89cb50c95097c3bedf2f8aefd2b7d01999686b9b,5,ptp4l[39.733]: port 1: new foreign master 7e380f.fffe.afb783-1,39.733,1,new foreign master 7e380f.fffe.afb783-1,ptp4l printed timestamp basis not established; no numeric join to detector/capture clocks
20260913_v2_b1,runs,slave.log,5328182dde2c85205eaf440b89cb50c95097c3bedf2f8aefd2b7d01999686b9b,8,ptp4l[40.102]: port 1: LISTENING to UNCALIBRATED on RS_SLAVE,40.102,1,LISTENING to UNCALIBRATED on RS_SLAVE,ptp4l printed timestamp basis not established; no numeric join to detector/capture clocks
20260913_v2_b2,runs,slave.log,5ac045bf093916273bdc2515a022664bc1d58d7d35770e67e888962cd653efac,1,ptp4l[150.996]: port 1: INITIALIZING to LISTENING on INIT_COMPLETE,150.996,1,INITIALIZING to LISTENING on INIT_COMPLETE,ptp4l printed timestamp basis not established; no numeric join to detector/capture clocks
20260913_v2_b2,runs,slave.log,5ac045bf093916273bdc2515a022664bc1d58d7d35770e67e888962cd653efac,2,ptp4l[150.998]: port 0: INITIALIZING to LISTENING on INIT_COMPLETE,150.998,0,INITIALIZING to LISTENING on INIT_COMPLETE,ptp4l printed timestamp basis not established; no numeric join to detector/capture clocks
20260913_v2_b2,runs,slave.log,5ac045bf093916273bdc2515a022664bc1d58d7d35770e67e888962cd653efac,3,ptp4l[151.765]: port 1: new foreign master cae408.fffe.f7ff05-1,151.765,1,new foreign master cae408.fffe.f7ff05-1,ptp4l printed timestamp basis not established; no numeric join to detector/capture clocks
20260913_v2_b2,runs,slave.log,5ac045bf093916273bdc2515a022664bc1d58d7d35770e67e888962cd653efac,4,ptp4l[151.879]: port 1: new foreign master 3adbcc.fffe.f6a385-1,151.879,1,new foreign master 3adbcc.fffe.f6a385-1,ptp4l printed timestamp basis not established; no numeric join to detector/capture clocks
20260913_v2_b2,runs,slave.log,5ac045bf093916273bdc2515a022664bc1d58d7d35770e67e888962cd653efac,8,ptp4l[152.271]: port 1: LISTENING to UNCALIBRATED on RS_SLAVE,152.271,1,LISTENING to UNCALIBRATED on RS_SLAVE,ptp4l printed timestamp basis not established; no numeric join to detector/capture clocks
20260913_v2_b3,runs,slave.log,e191a8455a913d472574ae66b1b980f86a16f533db5a864362ce15549fc46111,1,ptp4l[287.376]: port 1: INITIALIZING to LISTENING on INIT_COMPLETE,287.376,1,INITIALIZING to LISTENING on INIT_COMPLETE,ptp4l printed timestamp basis not established; no numeric join to detector/capture clocks
20260913_v2_b3,runs,slave.log,e191a8455a913d472574ae66b1b980f86a16f533db5a864362ce15549fc46111,2,ptp4l[287.378]: port 0: INITIALIZING to LISTENING on INIT_COMPLETE,287.378,0,INITIALIZING to LISTENING on INIT_COMPLETE,ptp4l printed timestamp basis not established; no numeric join to detector/capture clocks
20260913_v2_b3,runs,slave.log,e191a8455a913d472574ae66b1b980f86a16f533db5a864362ce15549fc46111,4,ptp4l[288.361]: port 1: new foreign master 8e9f71.fffe.07a911-1,288.361,1,new foreign master 8e9f71.fffe.07a911-1,ptp4l printed timestamp basis not established; no numeric join to detector/capture clocks
20260913_v2_b3,runs,slave.log,e191a8455a913d472574ae66b1b980f86a16f533db5a864362ce15549fc46111,5,ptp4l[288.426]: port 1: new foreign master d6c791.fffe.e766a7-1,288.426,1,new foreign master d6c791.fffe.e766a7-1,ptp4l printed timestamp basis not established; no numeric join to detector/capture clocks
20260913_v2_b3,runs,slave.log,e191a8455a913d472574ae66b1b980f86a16f533db5a864362ce15549fc46111,8,ptp4l[288.868]: port 1: LISTENING to UNCALIBRATED on RS_SLAVE,288.868,1,LISTENING to UNCALIBRATED on RS_SLAVE,ptp4l printed timestamp basis not established; no numeric join to detector/capture clocks
20260913_v2_c1,runs,slave.log,c61d862fb52c9876ed99e3e5dab890e26e3d2727ee34fa7d8d7387263abf0d4a,1,ptp4l[62.840]: port 1: INITIALIZING to LISTENING on INIT_COMPLETE,62.840,1,INITIALIZING to LISTENING on INIT_COMPLETE,ptp4l printed timestamp basis not established; no numeric join to detector/capture clocks
20260913_v2_c1,runs,slave.log,c61d862fb52c9876ed99e3e5dab890e26e3d2727ee34fa7d8d7387263abf0d4a,2,ptp4l[62.844]: port 0: INITIALIZING to LISTENING on INIT_COMPLETE,62.844,0,INITIALIZING to LISTENING on INIT_COMPLETE,ptp4l printed timestamp basis not established; no numeric join to detector/capture clocks
20260913_v2_c1,runs,slave.log,c61d862fb52c9876ed99e3e5dab890e26e3d2727ee34fa7d8d7387263abf0d4a,4,ptp4l[63.674]: port 1: new foreign master 9e397b.fffe.8091e8-1,63.674,1,new foreign master 9e397b.fffe.8091e8-1,ptp4l printed timestamp basis not established; no numeric join to detector/capture clocks
20260913_v2_c1,runs,slave.log,c61d862fb52c9876ed99e3e5dab890e26e3d2727ee34fa7d8d7387263abf0d4a,5,ptp4l[63.728]: port 1: new foreign master a202e4.fffe.319358-1,63.728,1,new foreign master a202e4.fffe.319358-1,ptp4l printed timestamp basis not established; no numeric join to detector/capture clocks
20260913_v2_c1,runs,slave.log,c61d862fb52c9876ed99e3e5dab890e26e3d2727ee34fa7d8d7387263abf0d4a,8,ptp4l[64.180]: port 1: LISTENING to UNCALIBRATED on RS_SLAVE,64.180,1,LISTENING to UNCALIBRATED on RS_SLAVE,ptp4l printed timestamp basis not established; no numeric join to detector/capture clocks
20260913_v2_c2,runs,slave.log,3d89067dab2a32f94239e696ae44dcddc71aeea6791b19ecea3b05d9f817a41e,1,ptp4l[175.636]: port 1: INITIALIZING to LISTENING on INIT_COMPLETE,175.636,1,INITIALIZING to LISTENING on INIT_COMPLETE,ptp4l printed timestamp basis not established; no numeric join to detector/capture clocks
20260913_v2_c2,runs,slave.log,3d89067dab2a32f94239e696ae44dcddc71aeea6791b19ecea3b05d9f817a41e,2,ptp4l[175.638]: port 0: INITIALIZING to LISTENING on INIT_COMPLETE,175.638,0,INITIALIZING to LISTENING on INIT_COMPLETE,ptp4l printed timestamp basis not established; no numeric join to detector/capture clocks
20260913_v2_c2,runs,slave.log,3d89067dab2a32f94239e696ae44dcddc71aeea6791b19ecea3b05d9f817a41e,3,ptp4l[176.482]: port 1: new foreign master 3ee87a.fffe.23c549-1,176.482,1,new foreign master 3ee87a.fffe.23c549-1,ptp4l printed timestamp basis not established; no numeric join to detector/capture clocks
20260913_v2_c2,runs,slave.log,3d89067dab2a32f94239e696ae44dcddc71aeea6791b19ecea3b05d9f817a41e,5,ptp4l[176.627]: port 1: new foreign master e2697b.fffe.9381d5-1,176.627,1,new foreign master e2697b.fffe.9381d5-1,ptp4l printed timestamp basis not established; no numeric join to detector/capture clocks
20260913_v2_c2,runs,slave.log,3d89067dab2a32f94239e696ae44dcddc71aeea6791b19ecea3b05d9f817a41e,8,ptp4l[176.992]: port 1: LISTENING to UNCALIBRATED on RS_SLAVE,176.992,1,LISTENING to UNCALIBRATED on RS_SLAVE,ptp4l printed timestamp basis not established; no numeric join to detector/capture clocks
20260913_v2_c2_retry,runs,slave.log,e3526888cb6589ef24c86edad4f0daf917880a3499c56e822d2956eef71bafbb,1,ptp4l[223.588]: port 1: INITIALIZING to LISTENING on INIT_COMPLETE,223.588,1,INITIALIZING to LISTENING on INIT_COMPLETE,ptp4l printed timestamp basis not established; no numeric join to detector/capture clocks
20260913_v2_c2_retry,runs,slave.log,e3526888cb6589ef24c86edad4f0daf917880a3499c56e822d2956eef71bafbb,2,ptp4l[223.590]: port 0: INITIALIZING to LISTENING on INIT_COMPLETE,223.590,0,INITIALIZING to LISTENING on INIT_COMPLETE,ptp4l printed timestamp basis not established; no numeric join to detector/capture clocks
20260913_v2_c2_retry,runs,slave.log,e3526888cb6589ef24c86edad4f0daf917880a3499c56e822d2956eef71bafbb,3,ptp4l[224.374]: port 1: new foreign master 3ee87a.fffe.23c549-1,224.374,1,new foreign master 3ee87a.fffe.23c549-1,ptp4l printed timestamp basis not established; no numeric join to detector/capture clocks
20260913_v2_c2_retry,runs,slave.log,e3526888cb6589ef24c86edad4f0daf917880a3499c56e822d2956eef71bafbb,5,ptp4l[224.511]: port 1: new foreign master e2697b.fffe.9381d5-1,224.511,1,new foreign master e2697b.fffe.9381d5-1,ptp4l printed timestamp basis not established; no numeric join to detector/capture clocks
20260913_v2_c2_retry,runs,slave.log,e3526888cb6589ef24c86edad4f0daf917880a3499c56e822d2956eef71bafbb,8,ptp4l[224.880]: port 1: LISTENING to UNCALIBRATED on RS_SLAVE,224.880,1,LISTENING to UNCALIBRATED on RS_SLAVE,ptp4l printed timestamp basis not established; no numeric join to detector/capture clocks
20260913_v2_c3,runs,slave.log,d5e141f21526c74c0e02eec7bd011f785545dad0cfc5733eeb592166e965dc8e,1,ptp4l[335.252]: port 1: INITIALIZING to LISTENING on INIT_COMPLETE,335.252,1,INITIALIZING to LISTENING on INIT_COMPLETE,ptp4l printed timestamp basis not established; no numeric join to detector/capture clocks
20260913_v2_c3,runs,slave.log,d5e141f21526c74c0e02eec7bd011f785545dad0cfc5733eeb592166e965dc8e,2,ptp4l[335.255]: port 0: INITIALIZING to LISTENING on INIT_COMPLETE,335.255,0,INITIALIZING to LISTENING on INIT_COMPLETE,ptp4l printed timestamp basis not established; no numeric join to detector/capture clocks
20260913_v2_c3,runs,slave.log,d5e141f21526c74c0e02eec7bd011f785545dad0cfc5733eeb592166e965dc8e,3,ptp4l[336.077]: port 1: new foreign master 4ad4e5.fffe.cca1d2-1,336.077,1,new foreign master 4ad4e5.fffe.cca1d2-1,ptp4l printed timestamp basis not established; no numeric join to detector/capture clocks
20260913_v2_c3,runs,slave.log,d5e141f21526c74c0e02eec7bd011f785545dad0cfc5733eeb592166e965dc8e,5,ptp4l[336.203]: port 1: new foreign master 8a2c61.fffe.0eafa7-1,336.203,1,new foreign master 8a2c61.fffe.0eafa7-1,ptp4l printed timestamp basis not established; no numeric join to detector/capture clocks
20260913_v2_c3,runs,slave.log,d5e141f21526c74c0e02eec7bd011f785545dad0cfc5733eeb592166e965dc8e,8,ptp4l[336.583]: port 1: LISTENING to UNCALIBRATED on RS_SLAVE,336.583,1,LISTENING to UNCALIBRATED on RS_SLAVE,ptp4l printed timestamp basis not established; no numeric join to detector/capture clocks
20260913_v2_n1,runs,slave.log,074594833c1b538ef00129d96eb066bcea89ca2dc21e49234a5c93eedb0e44e3,1,ptp4l[50.492]: port 1: INITIALIZING to LISTENING on INIT_COMPLETE,50.492,1,INITIALIZING to LISTENING on INIT_COMPLETE,ptp4l printed timestamp basis not established; no numeric join to detector/capture clocks
20260913_v2_n1,runs,slave.log,074594833c1b538ef00129d96eb066bcea89ca2dc21e49234a5c93eedb0e44e3,2,ptp4l[50.493]: port 0: INITIALIZING to LISTENING on INIT_COMPLETE,50.493,0,INITIALIZING to LISTENING on INIT_COMPLETE,ptp4l printed timestamp basis not established; no numeric join to detector/capture clocks
20260913_v2_n1,runs,slave.log,074594833c1b538ef00129d96eb066bcea89ca2dc21e49234a5c93eedb0e44e3,3,ptp4l[51.285]: port 1: new foreign master 2e9d1f.fffe.c4bc22-1,51.285,1,new foreign master 2e9d1f.fffe.c4bc22-1,ptp4l printed timestamp basis not established; no numeric join to detector/capture clocks
20260913_v2_n1,runs,slave.log,074594833c1b538ef00129d96eb066bcea89ca2dc21e49234a5c93eedb0e44e3,5,ptp4l[51.683]: port 1: new foreign master 5e26c0.fffe.52b318-1,51.683,1,new foreign master 5e26c0.fffe.52b318-1,ptp4l printed timestamp basis not established; no numeric join to detector/capture clocks
20260913_v2_n1,runs,slave.log,074594833c1b538ef00129d96eb066bcea89ca2dc21e49234a5c93eedb0e44e3,8,ptp4l[51.787]: port 1: LISTENING to UNCALIBRATED on RS_SLAVE,51.787,1,LISTENING to UNCALIBRATED on RS_SLAVE,ptp4l printed timestamp basis not established; no numeric join to detector/capture clocks
20260913_v2_n2,runs,slave.log,a23c19ee63ccaa20995976f39bcf0177b0254e88efe589c13f470e26fb6d70ea,1,ptp4l[163.360]: port 1: INITIALIZING to LISTENING on INIT_COMPLETE,163.360,1,INITIALIZING to LISTENING on INIT_COMPLETE,ptp4l printed timestamp basis not established; no numeric join to detector/capture clocks
20260913_v2_n2,runs,slave.log,a23c19ee63ccaa20995976f39bcf0177b0254e88efe589c13f470e26fb6d70ea,2,ptp4l[163.362]: port 0: INITIALIZING to LISTENING on INIT_COMPLETE,163.362,0,INITIALIZING to LISTENING on INIT_COMPLETE,ptp4l printed timestamp basis not established; no numeric join to detector/capture clocks
20260913_v2_n2,runs,slave.log,a23c19ee63ccaa20995976f39bcf0177b0254e88efe589c13f470e26fb6d70ea,3,ptp4l[164.141]: port 1: new foreign master f661be.fffe.b5efcf-1,164.141,1,new foreign master f661be.fffe.b5efcf-1,ptp4l printed timestamp basis not established; no numeric join to detector/capture clocks
20260913_v2_n2,runs,slave.log,a23c19ee63ccaa20995976f39bcf0177b0254e88efe589c13f470e26fb6d70ea,5,ptp4l[164.320]: port 1: new foreign master 669232.fffe.9a4b4c-1,164.320,1,new foreign master 669232.fffe.9a4b4c-1,ptp4l printed timestamp basis not established; no numeric join to detector/capture clocks
20260913_v2_n2,runs,slave.log,a23c19ee63ccaa20995976f39bcf0177b0254e88efe589c13f470e26fb6d70ea,8,ptp4l[164.643]: port 1: LISTENING to UNCALIBRATED on RS_SLAVE,164.643,1,LISTENING to UNCALIBRATED on RS_SLAVE,ptp4l printed timestamp basis not established; no numeric join to detector/capture clocks
20260913_v2_n3,runs,slave.log,e83aef47a8693b53273ce94730261fde054b58bcbfc27b2ce8c14a5342e5df57,1,ptp4l[311.048]: port 1: INITIALIZING to LISTENING on INIT_COMPLETE,311.048,1,INITIALIZING to LISTENING on INIT_COMPLETE,ptp4l printed timestamp basis not established; no numeric join to detector/capture clocks
20260913_v2_n3,runs,slave.log,e83aef47a8693b53273ce94730261fde054b58bcbfc27b2ce8c14a5342e5df57,2,ptp4l[311.052]: port 0: INITIALIZING to LISTENING on INIT_COMPLETE,311.052,0,INITIALIZING to LISTENING on INIT_COMPLETE,ptp4l printed timestamp basis not established; no numeric join to detector/capture clocks
20260913_v2_n3,runs,slave.log,e83aef47a8693b53273ce94730261fde054b58bcbfc27b2ce8c14a5342e5df57,3,ptp4l[311.857]: port 1: new foreign master 066ddc.fffe.5ae178-1,311.857,1,new foreign master 066ddc.fffe.5ae178-1,ptp4l printed timestamp basis not established; no numeric join to detector/capture clocks
20260913_v2_n3,runs,slave.log,e83aef47a8693b53273ce94730261fde054b58bcbfc27b2ce8c14a5342e5df57,5,ptp4l[312.307]: port 1: new foreign master ba8d24.fffe.af1a25-1,312.307,1,new foreign master ba8d24.fffe.af1a25-1,ptp4l printed timestamp basis not established; no numeric join to detector/capture clocks
20260913_v2_n3,runs,slave.log,e83aef47a8693b53273ce94730261fde054b58bcbfc27b2ce8c14a5342e5df57,8,ptp4l[312.362]: port 1: LISTENING to UNCALIBRATED on RS_SLAVE,312.362,1,LISTENING to UNCALIBRATED on RS_SLAVE,ptp4l printed timestamp basis not established; no numeric join to detector/capture clocks
20260913_v2_s1,runs,slave.log,c6bf9fc8c2fc17a7bac6cc0d561e5ae94e718bbf907479272cb2d544807d4935,1,ptp4l[75.324]: port 1: INITIALIZING to LISTENING on INIT_COMPLETE,75.324,1,INITIALIZING to LISTENING on INIT_COMPLETE,ptp4l printed timestamp basis not established; no numeric join to detector/capture clocks
20260913_v2_s1,runs,slave.log,c6bf9fc8c2fc17a7bac6cc0d561e5ae94e718bbf907479272cb2d544807d4935,2,ptp4l[75.330]: port 0: INITIALIZING to LISTENING on INIT_COMPLETE,75.330,0,INITIALIZING to LISTENING on INIT_COMPLETE,ptp4l printed timestamp basis not established; no numeric join to detector/capture clocks
20260913_v2_s1,runs,slave.log,c6bf9fc8c2fc17a7bac6cc0d561e5ae94e718bbf907479272cb2d544807d4935,4,ptp4l[76.245]: port 1: new foreign master ca592b.fffe.a10e50-1,76.245,1,new foreign master ca592b.fffe.a10e50-1,ptp4l printed timestamp basis not established; no numeric join to detector/capture clocks
20260913_v2_s1,runs,slave.log,c6bf9fc8c2fc17a7bac6cc0d561e5ae94e718bbf907479272cb2d544807d4935,5,ptp4l[76.387]: port 1: new foreign master 1e85f4.fffe.60e8c5-1,76.387,1,new foreign master 1e85f4.fffe.60e8c5-1,ptp4l printed timestamp basis not established; no numeric join to detector/capture clocks
20260913_v2_s1,runs,slave.log,c6bf9fc8c2fc17a7bac6cc0d561e5ae94e718bbf907479272cb2d544807d4935,8,ptp4l[76.752]: port 1: LISTENING to UNCALIBRATED on RS_SLAVE,76.752,1,LISTENING to UNCALIBRATED on RS_SLAVE,ptp4l printed timestamp basis not established; no numeric join to detector/capture clocks
20260913_v2_s1,runs,slave.log,c6bf9fc8c2fc17a7bac6cc0d561e5ae94e718bbf907479272cb2d544807d4935,51,ptp4l[87.060]: port 1: UNCALIBRATED to LISTENING on ANNOUNCE_RECEIPT_TIMEOUT_EXPIRES,87.060,1,UNCALIBRATED to LISTENING on ANNOUNCE_RECEIPT_TIMEOUT_EXPIRES,ptp4l printed timestamp basis not established; no numeric join to detector/capture clocks
20260913_v2_s1,runs,slave.log,c6bf9fc8c2fc17a7bac6cc0d561e5ae94e718bbf907479272cb2d544807d4935,55,ptp4l[87.521]: port 1: LISTENING to UNCALIBRATED on RS_SLAVE,87.521,1,LISTENING to UNCALIBRATED on RS_SLAVE,ptp4l printed timestamp basis not established; no numeric join to detector/capture clocks
20260913_v2_s1_retry,runs,slave.log,b4e03f34d28bbc627d9036f966488093c21f7bb976cbc00990057a6220e7cef8,1,ptp4l[103.936]: port 1: INITIALIZING to LISTENING on INIT_COMPLETE,103.936,1,INITIALIZING to LISTENING on INIT_COMPLETE,ptp4l printed timestamp basis not established; no numeric join to detector/capture clocks
20260913_v2_s1_retry,runs,slave.log,b4e03f34d28bbc627d9036f966488093c21f7bb976cbc00990057a6220e7cef8,2,ptp4l[103.940]: port 0: INITIALIZING to LISTENING on INIT_COMPLETE,103.940,0,INITIALIZING to LISTENING on INIT_COMPLETE,ptp4l printed timestamp basis not established; no numeric join to detector/capture clocks
20260913_v2_s1_retry,runs,slave.log,b4e03f34d28bbc627d9036f966488093c21f7bb976cbc00990057a6220e7cef8,3,ptp4l[104.767]: port 1: new foreign master 1e85f4.fffe.60e8c5-1,104.767,1,new foreign master 1e85f4.fffe.60e8c5-1,ptp4l printed timestamp basis not established; no numeric join to detector/capture clocks
20260913_v2_s1_retry,runs,slave.log,b4e03f34d28bbc627d9036f966488093c21f7bb976cbc00990057a6220e7cef8,4,ptp4l[104.871]: port 1: new foreign master ca592b.fffe.a10e50-1,104.871,1,new foreign master ca592b.fffe.a10e50-1,ptp4l printed timestamp basis not established; no numeric join to detector/capture clocks
20260913_v2_s1_retry,runs,slave.log,b4e03f34d28bbc627d9036f966488093c21f7bb976cbc00990057a6220e7cef8,8,ptp4l[105.269]: port 1: LISTENING to UNCALIBRATED on RS_SLAVE,105.269,1,LISTENING to UNCALIBRATED on RS_SLAVE,ptp4l printed timestamp basis not established; no numeric join to detector/capture clocks
20260913_v2_s1_retry,runs,slave.log,b4e03f34d28bbc627d9036f966488093c21f7bb976cbc00990057a6220e7cef8,11,ptp4l[115.828]: port 1: UNCALIBRATED to LISTENING on ANNOUNCE_RECEIPT_TIMEOUT_EXPIRES,115.828,1,UNCALIBRATED to LISTENING on ANNOUNCE_RECEIPT_TIMEOUT_EXPIRES,ptp4l printed timestamp basis not established; no numeric join to detector/capture clocks
20260913_v2_s1_retry,runs,slave.log,b4e03f34d28bbc627d9036f966488093c21f7bb976cbc00990057a6220e7cef8,14,ptp4l[115.837]: port 1: LISTENING to UNCALIBRATED on RS_SLAVE,115.837,1,LISTENING to UNCALIBRATED on RS_SLAVE,ptp4l printed timestamp basis not established; no numeric join to detector/capture clocks
20260913_v2_s2,runs,slave.log,e0fa686987a6a2904ce7222e66f4381acba7e195bdb5be91fe72ae80b5576393,1,ptp4l[247.024]: port 1: INITIALIZING to LISTENING on INIT_COMPLETE,247.024,1,INITIALIZING to LISTENING on INIT_COMPLETE,ptp4l printed timestamp basis not established; no numeric join to detector/capture clocks
20260913_v2_s2,runs,slave.log,e0fa686987a6a2904ce7222e66f4381acba7e195bdb5be91fe72ae80b5576393,2,ptp4l[247.027]: port 0: INITIALIZING to LISTENING on INIT_COMPLETE,247.027,0,INITIALIZING to LISTENING on INIT_COMPLETE,ptp4l printed timestamp basis not established; no numeric join to detector/capture clocks
20260913_v2_s2,runs,slave.log,e0fa686987a6a2904ce7222e66f4381acba7e195bdb5be91fe72ae80b5576393,3,ptp4l[247.949]: port 1: new foreign master 161b2d.fffe.c2c688-1,247.949,1,new foreign master 161b2d.fffe.c2c688-1,ptp4l printed timestamp basis not established; no numeric join to detector/capture clocks
20260913_v2_s2,runs,slave.log,e0fa686987a6a2904ce7222e66f4381acba7e195bdb5be91fe72ae80b5576393,4,ptp4l[247.957]: port 1: new foreign master 468c7e.fffe.b41571-1,247.957,1,new foreign master 468c7e.fffe.b41571-1,ptp4l printed timestamp basis not established; no numeric join to detector/capture clocks
20260913_v2_s2,runs,slave.log,e0fa686987a6a2904ce7222e66f4381acba7e195bdb5be91fe72ae80b5576393,8,ptp4l[248.455]: port 1: LISTENING to UNCALIBRATED on RS_SLAVE,248.455,1,LISTENING to UNCALIBRATED on RS_SLAVE,ptp4l printed timestamp basis not established; no numeric join to detector/capture clocks
20260913_v2_s2,runs,slave.log,e0fa686987a6a2904ce7222e66f4381acba7e195bdb5be91fe72ae80b5576393,11,ptp4l[258.944]: port 1: UNCALIBRATED to LISTENING on ANNOUNCE_RECEIPT_TIMEOUT_EXPIRES,258.944,1,UNCALIBRATED to LISTENING on ANNOUNCE_RECEIPT_TIMEOUT_EXPIRES,ptp4l printed timestamp basis not established; no numeric join to detector/capture clocks
20260913_v2_s2,runs,slave.log,e0fa686987a6a2904ce7222e66f4381acba7e195bdb5be91fe72ae80b5576393,14,ptp4l[258.951]: port 1: LISTENING to UNCALIBRATED on RS_SLAVE,258.951,1,LISTENING to UNCALIBRATED on RS_SLAVE,ptp4l printed timestamp basis not established; no numeric join to detector/capture clocks
20260913_v2_s3,runs,slave.log,5b2467bd28ac5057e9cc3fa2fd865ee9c6a3db22d14790a367761678646aec84,1,ptp4l[359.044]: port 1: INITIALIZING to LISTENING on INIT_COMPLETE,359.044,1,INITIALIZING to LISTENING on INIT_COMPLETE,ptp4l printed timestamp basis not established; no numeric join to detector/capture clocks
20260913_v2_s3,runs,slave.log,5b2467bd28ac5057e9cc3fa2fd865ee9c6a3db22d14790a367761678646aec84,2,ptp4l[359.048]: port 0: INITIALIZING to LISTENING on INIT_COMPLETE,359.048,0,INITIALIZING to LISTENING on INIT_COMPLETE,ptp4l printed timestamp basis not established; no numeric join to detector/capture clocks
20260913_v2_s3,runs,slave.log,5b2467bd28ac5057e9cc3fa2fd865ee9c6a3db22d14790a367761678646aec84,4,ptp4l[360.017]: port 1: new foreign master e61c7e.fffe.4e2893-1,360.017,1,new foreign master e61c7e.fffe.4e2893-1,ptp4l printed timestamp basis not established; no numeric join to detector/capture clocks
20260913_v2_s3,runs,slave.log,5b2467bd28ac5057e9cc3fa2fd865ee9c6a3db22d14790a367761678646aec84,5,ptp4l[360.052]: port 1: new foreign master 7ec54f.fffe.3d7702-1,360.052,1,new foreign master 7ec54f.fffe.3d7702-1,ptp4l printed timestamp basis not established; no numeric join to detector/capture clocks
20260913_v2_s3,runs,slave.log,5b2467bd28ac5057e9cc3fa2fd865ee9c6a3db22d14790a367761678646aec84,8,ptp4l[360.525]: port 1: LISTENING to UNCALIBRATED on RS_SLAVE,360.525,1,LISTENING to UNCALIBRATED on RS_SLAVE,ptp4l printed timestamp basis not established; no numeric join to detector/capture clocks
20260913_v2_s3,runs,slave.log,5b2467bd28ac5057e9cc3fa2fd865ee9c6a3db22d14790a367761678646aec84,51,ptp4l[370.732]: port 1: UNCALIBRATED to LISTENING on ANNOUNCE_RECEIPT_TIMEOUT_EXPIRES,370.732,1,UNCALIBRATED to LISTENING on ANNOUNCE_RECEIPT_TIMEOUT_EXPIRES,ptp4l printed timestamp basis not established; no numeric join to detector/capture clocks
20260913_v2_s3,runs,slave.log,5b2467bd28ac5057e9cc3fa2fd865ee9c6a3db22d14790a367761678646aec84,55,ptp4l[371.028]: port 1: LISTENING to UNCALIBRATED on RS_SLAVE,371.028,1,LISTENING to UNCALIBRATED on RS_SLAVE,ptp4l printed timestamp basis not established; no numeric join to detector/capture clocks
20260913_v3_b1,v3_runs,slave.log,ccfcff43e11028eba860705523080a5af25d2dba72974f24377b6c8fe2bbf7e7,1,ptp4l[67.060]: port 1: INITIALIZING to LISTENING on INIT_COMPLETE,67.060,1,INITIALIZING to LISTENING on INIT_COMPLETE,ptp4l printed timestamp basis not established; no numeric join to detector/capture clocks
20260913_v3_b1,v3_runs,slave.log,ccfcff43e11028eba860705523080a5af25d2dba72974f24377b6c8fe2bbf7e7,2,ptp4l[67.061]: port 0: INITIALIZING to LISTENING on INIT_COMPLETE,67.061,0,INITIALIZING to LISTENING on INIT_COMPLETE,ptp4l printed timestamp basis not established; no numeric join to detector/capture clocks
20260913_v3_b1,v3_runs,slave.log,ccfcff43e11028eba860705523080a5af25d2dba72974f24377b6c8fe2bbf7e7,3,ptp4l[67.968]: port 1: new foreign master 8ad84d.fffe.e077a1-1,67.968,1,new foreign master 8ad84d.fffe.e077a1-1,ptp4l printed timestamp basis not established; no numeric join to detector/capture clocks
20260913_v3_b1,v3_runs,slave.log,ccfcff43e11028eba860705523080a5af25d2dba72974f24377b6c8fe2bbf7e7,5,ptp4l[68.263]: port 1: new foreign master 8e3d7a.fffe.9d7d37-1,68.263,1,new foreign master 8e3d7a.fffe.9d7d37-1,ptp4l printed timestamp basis not established; no numeric join to detector/capture clocks
20260913_v3_b1,v3_runs,slave.log,ccfcff43e11028eba860705523080a5af25d2dba72974f24377b6c8fe2bbf7e7,8,ptp4l[68.470]: port 1: LISTENING to UNCALIBRATED on RS_SLAVE,68.470,1,LISTENING to UNCALIBRATED on RS_SLAVE,ptp4l printed timestamp basis not established; no numeric join to detector/capture clocks
20260913_v3_b2,v3_runs,slave.log,8a64b22cd70f53aeecff1c122bf45ada5767104db7ea1d95f29671d957ebd6d6,1,ptp4l[121.064]: port 1: INITIALIZING to LISTENING on INIT_COMPLETE,121.064,1,INITIALIZING to LISTENING on INIT_COMPLETE,ptp4l printed timestamp basis not established; no numeric join to detector/capture clocks
20260913_v3_b2,v3_runs,slave.log,8a64b22cd70f53aeecff1c122bf45ada5767104db7ea1d95f29671d957ebd6d6,2,ptp4l[121.070]: port 0: INITIALIZING to LISTENING on INIT_COMPLETE,121.070,0,INITIALIZING to LISTENING on INIT_COMPLETE,ptp4l printed timestamp basis not established; no numeric join to detector/capture clocks
20260913_v3_b2,v3_runs,slave.log,8a64b22cd70f53aeecff1c122bf45ada5767104db7ea1d95f29671d957ebd6d6,3,ptp4l[121.846]: port 1: new foreign master 02ebe1.fffe.be056c-1,121.846,1,new foreign master 02ebe1.fffe.be056c-1,ptp4l printed timestamp basis not established; no numeric join to detector/capture clocks
20260913_v3_b2,v3_runs,slave.log,8a64b22cd70f53aeecff1c122bf45ada5767104db7ea1d95f29671d957ebd6d6,5,ptp4l[121.918]: port 1: new foreign master 4ee6ea.fffe.e11452-1,121.918,1,new foreign master 4ee6ea.fffe.e11452-1,ptp4l printed timestamp basis not established; no numeric join to detector/capture clocks
20260913_v3_b2,v3_runs,slave.log,8a64b22cd70f53aeecff1c122bf45ada5767104db7ea1d95f29671d957ebd6d6,8,ptp4l[122.347]: port 1: LISTENING to UNCALIBRATED on RS_SLAVE,122.347,1,LISTENING to UNCALIBRATED on RS_SLAVE,ptp4l printed timestamp basis not established; no numeric join to detector/capture clocks
20260913_v3_b3,v3_runs,slave.log,8137f59e1a077803f1266eaa2e5ab0837d99a13dae01051e1ef068af62ed3f55,1,ptp4l[175.112]: port 1: INITIALIZING to LISTENING on INIT_COMPLETE,175.112,1,INITIALIZING to LISTENING on INIT_COMPLETE,ptp4l printed timestamp basis not established; no numeric join to detector/capture clocks
20260913_v3_b3,v3_runs,slave.log,8137f59e1a077803f1266eaa2e5ab0837d99a13dae01051e1ef068af62ed3f55,2,ptp4l[175.114]: port 0: INITIALIZING to LISTENING on INIT_COMPLETE,175.114,0,INITIALIZING to LISTENING on INIT_COMPLETE,ptp4l printed timestamp basis not established; no numeric join to detector/capture clocks
20260913_v3_b3,v3_runs,slave.log,8137f59e1a077803f1266eaa2e5ab0837d99a13dae01051e1ef068af62ed3f55,3,ptp4l[175.907]: port 1: new foreign master b626d4.fffe.e6939e-1,175.907,1,new foreign master b626d4.fffe.e6939e-1,ptp4l printed timestamp basis not established; no numeric join to detector/capture clocks
20260913_v3_b3,v3_runs,slave.log,8137f59e1a077803f1266eaa2e5ab0837d99a13dae01051e1ef068af62ed3f55,4,ptp4l[175.949]: port 1: new foreign master 9eb96e.fffe.5f22ce-1,175.949,1,new foreign master 9eb96e.fffe.5f22ce-1,ptp4l printed timestamp basis not established; no numeric join to detector/capture clocks
20260913_v3_b3,v3_runs,slave.log,8137f59e1a077803f1266eaa2e5ab0837d99a13dae01051e1ef068af62ed3f55,8,ptp4l[176.409]: port 1: LISTENING to UNCALIBRATED on RS_SLAVE,176.409,1,LISTENING to UNCALIBRATED on RS_SLAVE,ptp4l printed timestamp basis not established; no numeric join to detector/capture clocks
20260913_v3_b4,v3_runs,slave.log,39ae82df6b0178f8536e7ecb635cf5e876bbcc6fb402fb7b24cf0d98043bbc87,1,ptp4l[229.008]: port 1: INITIALIZING to LISTENING on INIT_COMPLETE,229.008,1,INITIALIZING to LISTENING on INIT_COMPLETE,ptp4l printed timestamp basis not established; no numeric join to detector/capture clocks
20260913_v3_b4,v3_runs,slave.log,39ae82df6b0178f8536e7ecb635cf5e876bbcc6fb402fb7b24cf0d98043bbc87,2,ptp4l[229.009]: port 0: INITIALIZING to LISTENING on INIT_COMPLETE,229.009,0,INITIALIZING to LISTENING on INIT_COMPLETE,ptp4l printed timestamp basis not established; no numeric join to detector/capture clocks
20260913_v3_b4,v3_runs,slave.log,39ae82df6b0178f8536e7ecb635cf5e876bbcc6fb402fb7b24cf0d98043bbc87,3,ptp4l[229.836]: port 1: new foreign master 36fb30.fffe.df0b6a-1,229.836,1,new foreign master 36fb30.fffe.df0b6a-1,ptp4l printed timestamp basis not established; no numeric join to detector/capture clocks
20260913_v3_b4,v3_runs,slave.log,39ae82df6b0178f8536e7ecb635cf5e876bbcc6fb402fb7b24cf0d98043bbc87,4,ptp4l[229.939]: port 1: new foreign master 727a93.fffe.cf2414-1,229.939,1,new foreign master 727a93.fffe.cf2414-1,ptp4l printed timestamp basis not established; no numeric join to detector/capture clocks
20260913_v3_b4,v3_runs,slave.log,39ae82df6b0178f8536e7ecb635cf5e876bbcc6fb402fb7b24cf0d98043bbc87,8,ptp4l[230.337]: port 1: LISTENING to UNCALIBRATED on RS_SLAVE,230.337,1,LISTENING to UNCALIBRATED on RS_SLAVE,ptp4l printed timestamp basis not established; no numeric join to detector/capture clocks
20260913_v3_b5,v3_runs,slave.log,9123c2935caca9e0021cfc814668965a728f8667288f91508bb7f24490b617e5,1,ptp4l[282.948]: port 1: INITIALIZING to LISTENING on INIT_COMPLETE,282.948,1,INITIALIZING to LISTENING on INIT_COMPLETE,ptp4l printed timestamp basis not established; no numeric join to detector/capture clocks
20260913_v3_b5,v3_runs,slave.log,9123c2935caca9e0021cfc814668965a728f8667288f91508bb7f24490b617e5,2,ptp4l[282.949]: port 0: INITIALIZING to LISTENING on INIT_COMPLETE,282.949,0,INITIALIZING to LISTENING on INIT_COMPLETE,ptp4l printed timestamp basis not established; no numeric join to detector/capture clocks
20260913_v3_b5,v3_runs,slave.log,9123c2935caca9e0021cfc814668965a728f8667288f91508bb7f24490b617e5,3,ptp4l[283.735]: port 1: new foreign master 16a811.fffe.59130e-1,283.735,1,new foreign master 16a811.fffe.59130e-1,ptp4l printed timestamp basis not established; no numeric join to detector/capture clocks
20260913_v3_b5,v3_runs,slave.log,9123c2935caca9e0021cfc814668965a728f8667288f91508bb7f24490b617e5,5,ptp4l[283.948]: port 1: new foreign master 022deb.fffe.fdb88c-1,283.948,1,new foreign master 022deb.fffe.fdb88c-1,ptp4l printed timestamp basis not established; no numeric join to detector/capture clocks
20260913_v3_b5,v3_runs,slave.log,9123c2935caca9e0021cfc814668965a728f8667288f91508bb7f24490b617e5,8,ptp4l[284.237]: port 1: LISTENING to UNCALIBRATED on RS_SLAVE,284.237,1,LISTENING to UNCALIBRATED on RS_SLAVE,ptp4l printed timestamp basis not established; no numeric join to detector/capture clocks
20260913_v3_c1,v3_runs,slave.log,3452a5d8534054e2400e4e33eb5ca5543fc9e9b8e02eeffd270bc0324993b6c0,1,ptp4l[90.060]: port 1: INITIALIZING to LISTENING on INIT_COMPLETE,90.060,1,INITIALIZING to LISTENING on INIT_COMPLETE,ptp4l printed timestamp basis not established; no numeric join to detector/capture clocks
20260913_v3_c1,v3_runs,slave.log,3452a5d8534054e2400e4e33eb5ca5543fc9e9b8e02eeffd270bc0324993b6c0,2,ptp4l[90.061]: port 0: INITIALIZING to LISTENING on INIT_COMPLETE,90.061,0,INITIALIZING to LISTENING on INIT_COMPLETE,ptp4l printed timestamp basis not established; no numeric join to detector/capture clocks
20260913_v3_c1,v3_runs,slave.log,3452a5d8534054e2400e4e33eb5ca5543fc9e9b8e02eeffd270bc0324993b6c0,3,ptp4l[90.956]: port 1: new foreign master eae1d1.fffe.ed960c-1,90.956,1,new foreign master eae1d1.fffe.ed960c-1,ptp4l printed timestamp basis not established; no numeric join to detector/capture clocks
20260913_v3_c1,v3_runs,slave.log,3452a5d8534054e2400e4e33eb5ca5543fc9e9b8e02eeffd270bc0324993b6c0,5,ptp4l[91.253]: port 1: new foreign master aed442.fffe.059d0a-1,91.253,1,new foreign master aed442.fffe.059d0a-1,ptp4l printed timestamp basis not established; no numeric join to detector/capture clocks
20260913_v3_c1,v3_runs,slave.log,3452a5d8534054e2400e4e33eb5ca5543fc9e9b8e02eeffd270bc0324993b6c0,8,ptp4l[91.457]: port 1: LISTENING to UNCALIBRATED on RS_SLAVE,91.457,1,LISTENING to UNCALIBRATED on RS_SLAVE,ptp4l printed timestamp basis not established; no numeric join to detector/capture clocks
20260913_v3_c2,v3_runs,slave.log,06e405a9a5d66f680626552eeb4f7ee59a8855f4763b7202c1c6b7e19d20b1c1,1,ptp4l[144.088]: port 1: INITIALIZING to LISTENING on INIT_COMPLETE,144.088,1,INITIALIZING to LISTENING on INIT_COMPLETE,ptp4l printed timestamp basis not established; no numeric join to detector/capture clocks
20260913_v3_c2,v3_runs,slave.log,06e405a9a5d66f680626552eeb4f7ee59a8855f4763b7202c1c6b7e19d20b1c1,2,ptp4l[144.089]: port 0: INITIALIZING to LISTENING on INIT_COMPLETE,144.089,0,INITIALIZING to LISTENING on INIT_COMPLETE,ptp4l printed timestamp basis not established; no numeric join to detector/capture clocks
20260913_v3_c2,v3_runs,slave.log,06e405a9a5d66f680626552eeb4f7ee59a8855f4763b7202c1c6b7e19d20b1c1,3,ptp4l[144.912]: port 1: new foreign master 7a73ae.fffe.cbef8f-1,144.912,1,new foreign master 7a73ae.fffe.cbef8f-1,ptp4l printed timestamp basis not established; no numeric join to detector/capture clocks
20260913_v3_c2,v3_runs,slave.log,06e405a9a5d66f680626552eeb4f7ee59a8855f4763b7202c1c6b7e19d20b1c1,5,ptp4l[145.045]: port 1: new foreign master 16db19.fffe.127d1c-1,145.045,1,new foreign master 16db19.fffe.127d1c-1,ptp4l printed timestamp basis not established; no numeric join to detector/capture clocks
20260913_v3_c2,v3_runs,slave.log,06e405a9a5d66f680626552eeb4f7ee59a8855f4763b7202c1c6b7e19d20b1c1,8,ptp4l[145.415]: port 1: LISTENING to UNCALIBRATED on RS_SLAVE,145.415,1,LISTENING to UNCALIBRATED on RS_SLAVE,ptp4l printed timestamp basis not established; no numeric join to detector/capture clocks
20260913_v3_c3,v3_runs,slave.log,66611d36db0190740c6f348244bb688e292e549b9ee2ea23a2acaf9b49006dfa,1,ptp4l[198.068]: port 1: INITIALIZING to LISTENING on INIT_COMPLETE,198.068,1,INITIALIZING to LISTENING on INIT_COMPLETE,ptp4l printed timestamp basis not established; no numeric join to detector/capture clocks
20260913_v3_c3,v3_runs,slave.log,66611d36db0190740c6f348244bb688e292e549b9ee2ea23a2acaf9b49006dfa,2,ptp4l[198.069]: port 0: INITIALIZING to LISTENING on INIT_COMPLETE,198.069,0,INITIALIZING to LISTENING on INIT_COMPLETE,ptp4l printed timestamp basis not established; no numeric join to detector/capture clocks
20260913_v3_c3,v3_runs,slave.log,66611d36db0190740c6f348244bb688e292e549b9ee2ea23a2acaf9b49006dfa,4,ptp4l[199.242]: port 1: new foreign master 7e958c.fffe.2ea5ea-1,199.242,1,new foreign master 7e958c.fffe.2ea5ea-1,ptp4l printed timestamp basis not established; no numeric join to detector/capture clocks
20260913_v3_c3,v3_runs,slave.log,66611d36db0190740c6f348244bb688e292e549b9ee2ea23a2acaf9b49006dfa,5,ptp4l[199.247]: port 1: new foreign master 7e1773.fffe.afd007-1,199.247,1,new foreign master 7e1773.fffe.afd007-1,ptp4l printed timestamp basis not established; no numeric join to detector/capture clocks
20260913_v3_c3,v3_runs,slave.log,66611d36db0190740c6f348244bb688e292e549b9ee2ea23a2acaf9b49006dfa,8,ptp4l[199.745]: port 1: LISTENING to UNCALIBRATED on RS_SLAVE,199.745,1,LISTENING to UNCALIBRATED on RS_SLAVE,ptp4l printed timestamp basis not established; no numeric join to detector/capture clocks
20260913_v3_c4,v3_runs,slave.log,c8dc777916572fadbc2c23fa0fd2ae3e814083a59271a899917933caca20b5e2,1,ptp4l[252.004]: port 1: INITIALIZING to LISTENING on INIT_COMPLETE,252.004,1,INITIALIZING to LISTENING on INIT_COMPLETE,ptp4l printed timestamp basis not established; no numeric join to detector/capture clocks
20260913_v3_c4,v3_runs,slave.log,c8dc777916572fadbc2c23fa0fd2ae3e814083a59271a899917933caca20b5e2,2,ptp4l[252.005]: port 0: INITIALIZING to LISTENING on INIT_COMPLETE,252.005,0,INITIALIZING to LISTENING on INIT_COMPLETE,ptp4l printed timestamp basis not established; no numeric join to detector/capture clocks
20260913_v3_c4,v3_runs,slave.log,c8dc777916572fadbc2c23fa0fd2ae3e814083a59271a899917933caca20b5e2,3,ptp4l[252.768]: port 1: new foreign master b21689.fffe.2c0623-1,252.768,1,new foreign master b21689.fffe.2c0623-1,ptp4l printed timestamp basis not established; no numeric join to detector/capture clocks
20260913_v3_c4,v3_runs,slave.log,c8dc777916572fadbc2c23fa0fd2ae3e814083a59271a899917933caca20b5e2,5,ptp4l[252.927]: port 1: new foreign master 9a3521.fffe.131fb9-1,252.927,1,new foreign master 9a3521.fffe.131fb9-1,ptp4l printed timestamp basis not established; no numeric join to detector/capture clocks
20260913_v3_c4,v3_runs,slave.log,c8dc777916572fadbc2c23fa0fd2ae3e814083a59271a899917933caca20b5e2,8,ptp4l[253.270]: port 1: LISTENING to UNCALIBRATED on RS_SLAVE,253.270,1,LISTENING to UNCALIBRATED on RS_SLAVE,ptp4l printed timestamp basis not established; no numeric join to detector/capture clocks
20260913_v3_c5,v3_runs,slave.log,54c82f21ca3f6f4de35307d771b607d6b03e52d275b339dbaa087ac5343cf3a3,1,ptp4l[305.992]: port 1: INITIALIZING to LISTENING on INIT_COMPLETE,305.992,1,INITIALIZING to LISTENING on INIT_COMPLETE,ptp4l printed timestamp basis not established; no numeric join to detector/capture clocks
20260913_v3_c5,v3_runs,slave.log,54c82f21ca3f6f4de35307d771b607d6b03e52d275b339dbaa087ac5343cf3a3,2,ptp4l[305.993]: port 0: INITIALIZING to LISTENING on INIT_COMPLETE,305.993,0,INITIALIZING to LISTENING on INIT_COMPLETE,ptp4l printed timestamp basis not established; no numeric join to detector/capture clocks
20260913_v3_c5,v3_runs,slave.log,54c82f21ca3f6f4de35307d771b607d6b03e52d275b339dbaa087ac5343cf3a3,4,ptp4l[306.865]: port 1: new foreign master 5249da.fffe.3aef22-1,306.865,1,new foreign master 5249da.fffe.3aef22-1,ptp4l printed timestamp basis not established; no numeric join to detector/capture clocks
20260913_v3_c5,v3_runs,slave.log,54c82f21ca3f6f4de35307d771b607d6b03e52d275b339dbaa087ac5343cf3a3,5,ptp4l[306.973]: port 1: new foreign master 8af2e9.fffe.584a1a-1,306.973,1,new foreign master 8af2e9.fffe.584a1a-1,ptp4l printed timestamp basis not established; no numeric join to detector/capture clocks
20260913_v3_c5,v3_runs,slave.log,54c82f21ca3f6f4de35307d771b607d6b03e52d275b339dbaa087ac5343cf3a3,8,ptp4l[307.367]: port 1: LISTENING to UNCALIBRATED on RS_SLAVE,307.367,1,LISTENING to UNCALIBRATED on RS_SLAVE,ptp4l printed timestamp basis not established; no numeric join to detector/capture clocks
20260913_v3_n1,v3_runs,slave.log,ece38ed8a2afd55df7938343bf58a5f04a3aabc49906a5142fb82750fff8574f,1,ptp4l[78.556]: port 1: INITIALIZING to LISTENING on INIT_COMPLETE,78.556,1,INITIALIZING to LISTENING on INIT_COMPLETE,ptp4l printed timestamp basis not established; no numeric join to detector/capture clocks
20260913_v3_n1,v3_runs,slave.log,ece38ed8a2afd55df7938343bf58a5f04a3aabc49906a5142fb82750fff8574f,2,ptp4l[78.557]: port 0: INITIALIZING to LISTENING on INIT_COMPLETE,78.557,0,INITIALIZING to LISTENING on INIT_COMPLETE,ptp4l printed timestamp basis not established; no numeric join to detector/capture clocks
20260913_v3_n1,v3_runs,slave.log,ece38ed8a2afd55df7938343bf58a5f04a3aabc49906a5142fb82750fff8574f,3,ptp4l[79.348]: port 1: new foreign master 76c0ac.fffe.b0c9ac-1,79.348,1,new foreign master 76c0ac.fffe.b0c9ac-1,ptp4l printed timestamp basis not established; no numeric join to detector/capture clocks
20260913_v3_n1,v3_runs,slave.log,ece38ed8a2afd55df7938343bf58a5f04a3aabc49906a5142fb82750fff8574f,4,ptp4l[79.461]: port 1: new foreign master fef1c2.fffe.b02195-1,79.461,1,new foreign master fef1c2.fffe.b02195-1,ptp4l printed timestamp basis not established; no numeric join to detector/capture clocks
20260913_v3_n1,v3_runs,slave.log,ece38ed8a2afd55df7938343bf58a5f04a3aabc49906a5142fb82750fff8574f,8,ptp4l[79.850]: port 1: LISTENING to UNCALIBRATED on RS_SLAVE,79.850,1,LISTENING to UNCALIBRATED on RS_SLAVE,ptp4l printed timestamp basis not established; no numeric join to detector/capture clocks
20260913_v3_n2,v3_runs,slave.log,eebe48d6eb3145f606a68f1fc8b4d4592f143c12e804291178f55980ae0a06f2,1,ptp4l[132.580]: port 1: INITIALIZING to LISTENING on INIT_COMPLETE,132.580,1,INITIALIZING to LISTENING on INIT_COMPLETE,ptp4l printed timestamp basis not established; no numeric join to detector/capture clocks
20260913_v3_n2,v3_runs,slave.log,eebe48d6eb3145f606a68f1fc8b4d4592f143c12e804291178f55980ae0a06f2,2,ptp4l[132.581]: port 0: INITIALIZING to LISTENING on INIT_COMPLETE,132.581,0,INITIALIZING to LISTENING on INIT_COMPLETE,ptp4l printed timestamp basis not established; no numeric join to detector/capture clocks
20260913_v3_n2,v3_runs,slave.log,eebe48d6eb3145f606a68f1fc8b4d4592f143c12e804291178f55980ae0a06f2,4,ptp4l[133.454]: port 1: new foreign master de515a.fffe.f9f366-1,133.454,1,new foreign master de515a.fffe.f9f366-1,ptp4l printed timestamp basis not established; no numeric join to detector/capture clocks
20260913_v3_n2,v3_runs,slave.log,eebe48d6eb3145f606a68f1fc8b4d4592f143c12e804291178f55980ae0a06f2,5,ptp4l[133.568]: port 1: new foreign master 364b9e.fffe.b6829b-1,133.568,1,new foreign master 364b9e.fffe.b6829b-1,ptp4l printed timestamp basis not established; no numeric join to detector/capture clocks
20260913_v3_n2,v3_runs,slave.log,eebe48d6eb3145f606a68f1fc8b4d4592f143c12e804291178f55980ae0a06f2,8,ptp4l[133.960]: port 1: LISTENING to UNCALIBRATED on RS_SLAVE,133.960,1,LISTENING to UNCALIBRATED on RS_SLAVE,ptp4l printed timestamp basis not established; no numeric join to detector/capture clocks
20260913_v3_n3,v3_runs,slave.log,8f747333ad10fae50dbaef9c9728ccdddb90173e16b4864e9a214d348ccfb282,1,ptp4l[186.572]: port 1: INITIALIZING to LISTENING on INIT_COMPLETE,186.572,1,INITIALIZING to LISTENING on INIT_COMPLETE,ptp4l printed timestamp basis not established; no numeric join to detector/capture clocks
20260913_v3_n3,v3_runs,slave.log,8f747333ad10fae50dbaef9c9728ccdddb90173e16b4864e9a214d348ccfb282,2,ptp4l[186.573]: port 0: INITIALIZING to LISTENING on INIT_COMPLETE,186.573,0,INITIALIZING to LISTENING on INIT_COMPLETE,ptp4l printed timestamp basis not established; no numeric join to detector/capture clocks
20260913_v3_n3,v3_runs,slave.log,8f747333ad10fae50dbaef9c9728ccdddb90173e16b4864e9a214d348ccfb282,3,ptp4l[187.332]: port 1: new foreign master 1e90d0.fffe.470197-1,187.332,1,new foreign master 1e90d0.fffe.470197-1,ptp4l printed timestamp basis not established; no numeric join to detector/capture clocks
20260913_v3_n3,v3_runs,slave.log,8f747333ad10fae50dbaef9c9728ccdddb90173e16b4864e9a214d348ccfb282,5,ptp4l[187.471]: port 1: new foreign master eebe2b.fffe.e8883f-1,187.471,1,new foreign master eebe2b.fffe.e8883f-1,ptp4l printed timestamp basis not established; no numeric join to detector/capture clocks
20260913_v3_n3,v3_runs,slave.log,8f747333ad10fae50dbaef9c9728ccdddb90173e16b4864e9a214d348ccfb282,8,ptp4l[187.834]: port 1: LISTENING to UNCALIBRATED on RS_SLAVE,187.834,1,LISTENING to UNCALIBRATED on RS_SLAVE,ptp4l printed timestamp basis not established; no numeric join to detector/capture clocks
20260913_v3_n4,v3_runs,slave.log,4b498b5a71ae21ce8d29280012e67a7e42654c18cff7dc99f77ab332f9815351,1,ptp4l[240.504]: port 1: INITIALIZING to LISTENING on INIT_COMPLETE,240.504,1,INITIALIZING to LISTENING on INIT_COMPLETE,ptp4l printed timestamp basis not established; no numeric join to detector/capture clocks
20260913_v3_n4,v3_runs,slave.log,4b498b5a71ae21ce8d29280012e67a7e42654c18cff7dc99f77ab332f9815351,2,ptp4l[240.505]: port 0: INITIALIZING to LISTENING on INIT_COMPLETE,240.505,0,INITIALIZING to LISTENING on INIT_COMPLETE,ptp4l printed timestamp basis not established; no numeric join to detector/capture clocks
20260913_v3_n4,v3_runs,slave.log,4b498b5a71ae21ce8d29280012e67a7e42654c18cff7dc99f77ab332f9815351,3,ptp4l[241.313]: port 1: new foreign master 0604f3.fffe.9fd942-1,241.313,1,new foreign master 0604f3.fffe.9fd942-1,ptp4l printed timestamp basis not established; no numeric join to detector/capture clocks
20260913_v3_n4,v3_runs,slave.log,4b498b5a71ae21ce8d29280012e67a7e42654c18cff7dc99f77ab332f9815351,4,ptp4l[241.394]: port 1: new foreign master 02f6bc.fffe.163215-1,241.394,1,new foreign master 02f6bc.fffe.163215-1,ptp4l printed timestamp basis not established; no numeric join to detector/capture clocks
20260913_v3_n4,v3_runs,slave.log,4b498b5a71ae21ce8d29280012e67a7e42654c18cff7dc99f77ab332f9815351,8,ptp4l[241.820]: port 1: LISTENING to UNCALIBRATED on RS_SLAVE,241.820,1,LISTENING to UNCALIBRATED on RS_SLAVE,ptp4l printed timestamp basis not established; no numeric join to detector/capture clocks
20260913_v3_n5,v3_runs,slave.log,a7b945820aae1da1282bca4426375f8ddb8531762f80314ce9015e7cfc1a23e2,1,ptp4l[294.456]: port 1: INITIALIZING to LISTENING on INIT_COMPLETE,294.456,1,INITIALIZING to LISTENING on INIT_COMPLETE,ptp4l printed timestamp basis not established; no numeric join to detector/capture clocks
20260913_v3_n5,v3_runs,slave.log,a7b945820aae1da1282bca4426375f8ddb8531762f80314ce9015e7cfc1a23e2,2,ptp4l[294.457]: port 0: INITIALIZING to LISTENING on INIT_COMPLETE,294.457,0,INITIALIZING to LISTENING on INIT_COMPLETE,ptp4l printed timestamp basis not established; no numeric join to detector/capture clocks
20260913_v3_n5,v3_runs,slave.log,a7b945820aae1da1282bca4426375f8ddb8531762f80314ce9015e7cfc1a23e2,3,ptp4l[295.272]: port 1: new foreign master 0e3cb0.fffe.bae875-1,295.272,1,new foreign master 0e3cb0.fffe.bae875-1,ptp4l printed timestamp basis not established; no numeric join to detector/capture clocks
20260913_v3_n5,v3_runs,slave.log,a7b945820aae1da1282bca4426375f8ddb8531762f80314ce9015e7cfc1a23e2,5,ptp4l[295.370]: port 1: new foreign master ee6fb5.fffe.659904-1,295.370,1,new foreign master ee6fb5.fffe.659904-1,ptp4l printed timestamp basis not established; no numeric join to detector/capture clocks
20260913_v3_n5,v3_runs,slave.log,a7b945820aae1da1282bca4426375f8ddb8531762f80314ce9015e7cfc1a23e2,8,ptp4l[295.774]: port 1: LISTENING to UNCALIBRATED on RS_SLAVE,295.774,1,LISTENING to UNCALIBRATED on RS_SLAVE,ptp4l printed timestamp basis not established; no numeric join to detector/capture clocks
20260913_v3_s1,v3_runs,slave.log,909d50471834abac98b2544ec498588bb7d44dc4673ea89b2d4dfb3c090366bd,1,ptp4l[101.556]: port 1: INITIALIZING to LISTENING on INIT_COMPLETE,101.556,1,INITIALIZING to LISTENING on INIT_COMPLETE,ptp4l printed timestamp basis not established; no numeric join to detector/capture clocks
20260913_v3_s1,v3_runs,slave.log,909d50471834abac98b2544ec498588bb7d44dc4673ea89b2d4dfb3c090366bd,2,ptp4l[101.558]: port 0: INITIALIZING to LISTENING on INIT_COMPLETE,101.558,0,INITIALIZING to LISTENING on INIT_COMPLETE,ptp4l printed timestamp basis not established; no numeric join to detector/capture clocks
20260913_v3_s1,v3_runs,slave.log,909d50471834abac98b2544ec498588bb7d44dc4673ea89b2d4dfb3c090366bd,3,ptp4l[102.343]: port 1: new foreign master 9a0d7f.fffe.faa39e-1,102.343,1,new foreign master 9a0d7f.fffe.faa39e-1,ptp4l printed timestamp basis not established; no numeric join to detector/capture clocks
20260913_v3_s1,v3_runs,slave.log,909d50471834abac98b2544ec498588bb7d44dc4673ea89b2d4dfb3c090366bd,4,ptp4l[102.398]: port 1: new foreign master 024f0f.fffe.5da51e-1,102.398,1,new foreign master 024f0f.fffe.5da51e-1,ptp4l printed timestamp basis not established; no numeric join to detector/capture clocks
20260913_v3_s1,v3_runs,slave.log,909d50471834abac98b2544ec498588bb7d44dc4673ea89b2d4dfb3c090366bd,8,ptp4l[102.844]: port 1: LISTENING to UNCALIBRATED on RS_SLAVE,102.844,1,LISTENING to UNCALIBRATED on RS_SLAVE,ptp4l printed timestamp basis not established; no numeric join to detector/capture clocks
20260913_v3_s1,v3_runs,slave.log,909d50471834abac98b2544ec498588bb7d44dc4673ea89b2d4dfb3c090366bd,51,ptp4l[113.236]: port 1: UNCALIBRATED to LISTENING on ANNOUNCE_RECEIPT_TIMEOUT_EXPIRES,113.236,1,UNCALIBRATED to LISTENING on ANNOUNCE_RECEIPT_TIMEOUT_EXPIRES,ptp4l printed timestamp basis not established; no numeric join to detector/capture clocks
20260913_v3_s1,v3_runs,slave.log,909d50471834abac98b2544ec498588bb7d44dc4673ea89b2d4dfb3c090366bd,55,ptp4l[113.351]: port 1: LISTENING to UNCALIBRATED on RS_SLAVE,113.351,1,LISTENING to UNCALIBRATED on RS_SLAVE,ptp4l printed timestamp basis not established; no numeric join to detector/capture clocks
20260913_v3_s2,v3_runs,slave.log,e430f4def99c10f52e57b6ef6929951c345a777c10d014acf2b93a63b55b358d,1,ptp4l[155.572]: port 1: INITIALIZING to LISTENING on INIT_COMPLETE,155.572,1,INITIALIZING to LISTENING on INIT_COMPLETE,ptp4l printed timestamp basis not established; no numeric join to detector/capture clocks
20260913_v3_s2,v3_runs,slave.log,e430f4def99c10f52e57b6ef6929951c345a777c10d014acf2b93a63b55b358d,2,ptp4l[155.573]: port 0: INITIALIZING to LISTENING on INIT_COMPLETE,155.573,0,INITIALIZING to LISTENING on INIT_COMPLETE,ptp4l printed timestamp basis not established; no numeric join to detector/capture clocks
20260913_v3_s2,v3_runs,slave.log,e430f4def99c10f52e57b6ef6929951c345a777c10d014acf2b93a63b55b358d,4,ptp4l[156.461]: port 1: new foreign master 420c81.fffe.684336-1,156.461,1,new foreign master 420c81.fffe.684336-1,ptp4l printed timestamp basis not established; no numeric join to detector/capture clocks
20260913_v3_s2,v3_runs,slave.log,e430f4def99c10f52e57b6ef6929951c345a777c10d014acf2b93a63b55b358d,5,ptp4l[156.561]: port 1: new foreign master 4a0e8f.fffe.1b8a65-1,156.561,1,new foreign master 4a0e8f.fffe.1b8a65-1,ptp4l printed timestamp basis not established; no numeric join to detector/capture clocks
20260913_v3_s2,v3_runs,slave.log,e430f4def99c10f52e57b6ef6929951c345a777c10d014acf2b93a63b55b358d,8,ptp4l[156.964]: port 1: LISTENING to UNCALIBRATED on RS_SLAVE,156.964,1,LISTENING to UNCALIBRATED on RS_SLAVE,ptp4l printed timestamp basis not established; no numeric join to detector/capture clocks
20260913_v3_s2,v3_runs,slave.log,e430f4def99c10f52e57b6ef6929951c345a777c10d014acf2b93a63b55b358d,53,ptp4l[167.608]: port 1: UNCALIBRATED to LISTENING on ANNOUNCE_RECEIPT_TIMEOUT_EXPIRES,167.608,1,UNCALIBRATED to LISTENING on ANNOUNCE_RECEIPT_TIMEOUT_EXPIRES,ptp4l printed timestamp basis not established; no numeric join to detector/capture clocks
20260913_v3_s2,v3_runs,slave.log,e430f4def99c10f52e57b6ef6929951c345a777c10d014acf2b93a63b55b358d,57,ptp4l[167.976]: port 1: LISTENING to UNCALIBRATED on RS_SLAVE,167.976,1,LISTENING to UNCALIBRATED on RS_SLAVE,ptp4l printed timestamp basis not established; no numeric join to detector/capture clocks
20260913_v3_s3,v3_runs,slave.log,90a03c17fbae609d088767d819138fc99a4b92df4e131d7a1e24168210bedbc1,1,ptp4l[209.544]: port 1: INITIALIZING to LISTENING on INIT_COMPLETE,209.544,1,INITIALIZING to LISTENING on INIT_COMPLETE,ptp4l printed timestamp basis not established; no numeric join to detector/capture clocks
20260913_v3_s3,v3_runs,slave.log,90a03c17fbae609d088767d819138fc99a4b92df4e131d7a1e24168210bedbc1,2,ptp4l[209.548]: port 0: INITIALIZING to LISTENING on INIT_COMPLETE,209.548,0,INITIALIZING to LISTENING on INIT_COMPLETE,ptp4l printed timestamp basis not established; no numeric join to detector/capture clocks
20260913_v3_s3,v3_runs,slave.log,90a03c17fbae609d088767d819138fc99a4b92df4e131d7a1e24168210bedbc1,3,ptp4l[210.349]: port 1: new foreign master 6e7d69.fffe.f35c31-1,210.349,1,new foreign master 6e7d69.fffe.f35c31-1,ptp4l printed timestamp basis not established; no numeric join to detector/capture clocks
20260913_v3_s3,v3_runs,slave.log,90a03c17fbae609d088767d819138fc99a4b92df4e131d7a1e24168210bedbc1,4,ptp4l[210.358]: port 1: new foreign master 2e0601.fffe.ffe6b5-1,210.358,1,new foreign master 2e0601.fffe.ffe6b5-1,ptp4l printed timestamp basis not established; no numeric join to detector/capture clocks
20260913_v3_s3,v3_runs,slave.log,90a03c17fbae609d088767d819138fc99a4b92df4e131d7a1e24168210bedbc1,8,ptp4l[210.851]: port 1: LISTENING to UNCALIBRATED on RS_SLAVE,210.851,1,LISTENING to UNCALIBRATED on RS_SLAVE,ptp4l printed timestamp basis not established; no numeric join to detector/capture clocks
20260913_v3_s3,v3_runs,slave.log,90a03c17fbae609d088767d819138fc99a4b92df4e131d7a1e24168210bedbc1,51,ptp4l[221.276]: port 1: UNCALIBRATED to LISTENING on ANNOUNCE_RECEIPT_TIMEOUT_EXPIRES,221.276,1,UNCALIBRATED to LISTENING on ANNOUNCE_RECEIPT_TIMEOUT_EXPIRES,ptp4l printed timestamp basis not established; no numeric join to detector/capture clocks
20260913_v3_s3,v3_runs,slave.log,90a03c17fbae609d088767d819138fc99a4b92df4e131d7a1e24168210bedbc1,55,ptp4l[221.355]: port 1: LISTENING to UNCALIBRATED on RS_SLAVE,221.355,1,LISTENING to UNCALIBRATED on RS_SLAVE,ptp4l printed timestamp basis not established; no numeric join to detector/capture clocks
20260913_v3_s4,v3_runs,slave.log,0c55d15ea173f4fb0698d20504a67ec3f3d47c1d34523afa6203f8c31e33f078,1,ptp4l[263.464]: port 1: INITIALIZING to LISTENING on INIT_COMPLETE,263.464,1,INITIALIZING to LISTENING on INIT_COMPLETE,ptp4l printed timestamp basis not established; no numeric join to detector/capture clocks
20260913_v3_s4,v3_runs,slave.log,0c55d15ea173f4fb0698d20504a67ec3f3d47c1d34523afa6203f8c31e33f078,2,ptp4l[263.465]: port 0: INITIALIZING to LISTENING on INIT_COMPLETE,263.465,0,INITIALIZING to LISTENING on INIT_COMPLETE,ptp4l printed timestamp basis not established; no numeric join to detector/capture clocks
20260913_v3_s4,v3_runs,slave.log,0c55d15ea173f4fb0698d20504a67ec3f3d47c1d34523afa6203f8c31e33f078,3,ptp4l[264.270]: port 1: new foreign master 1651e8.fffe.899211-1,264.270,1,new foreign master 1651e8.fffe.899211-1,ptp4l printed timestamp basis not established; no numeric join to detector/capture clocks
20260913_v3_s4,v3_runs,slave.log,0c55d15ea173f4fb0698d20504a67ec3f3d47c1d34523afa6203f8c31e33f078,5,ptp4l[264.569]: port 1: new foreign master eeff29.fffe.a978d7-1,264.569,1,new foreign master eeff29.fffe.a978d7-1,ptp4l printed timestamp basis not established; no numeric join to detector/capture clocks
20260913_v3_s4,v3_runs,slave.log,0c55d15ea173f4fb0698d20504a67ec3f3d47c1d34523afa6203f8c31e33f078,8,ptp4l[264.771]: port 1: LISTENING to UNCALIBRATED on RS_SLAVE,264.771,1,LISTENING to UNCALIBRATED on RS_SLAVE,ptp4l printed timestamp basis not established; no numeric join to detector/capture clocks
20260913_v3_s4,v3_runs,slave.log,0c55d15ea173f4fb0698d20504a67ec3f3d47c1d34523afa6203f8c31e33f078,51,ptp4l[275.356]: port 1: UNCALIBRATED to LISTENING on ANNOUNCE_RECEIPT_TIMEOUT_EXPIRES,275.356,1,UNCALIBRATED to LISTENING on ANNOUNCE_RECEIPT_TIMEOUT_EXPIRES,ptp4l printed timestamp basis not established; no numeric join to detector/capture clocks
20260913_v3_s4,v3_runs,slave.log,0c55d15ea173f4fb0698d20504a67ec3f3d47c1d34523afa6203f8c31e33f078,55,ptp4l[275.529]: port 1: LISTENING to UNCALIBRATED on RS_SLAVE,275.529,1,LISTENING to UNCALIBRATED on RS_SLAVE,ptp4l printed timestamp basis not established; no numeric join to detector/capture clocks
20260913_v3_s5,v3_runs,slave.log,dc5cfda4983b791ec423ea56ff3eb7d25b9f2ddbc6f83af937cd0e5f8772e203,1,ptp4l[317.476]: port 1: INITIALIZING to LISTENING on INIT_COMPLETE,317.476,1,INITIALIZING to LISTENING on INIT_COMPLETE,ptp4l printed timestamp basis not established; no numeric join to detector/capture clocks
20260913_v3_s5,v3_runs,slave.log,dc5cfda4983b791ec423ea56ff3eb7d25b9f2ddbc6f83af937cd0e5f8772e203,2,ptp4l[317.478]: port 0: INITIALIZING to LISTENING on INIT_COMPLETE,317.478,0,INITIALIZING to LISTENING on INIT_COMPLETE,ptp4l printed timestamp basis not established; no numeric join to detector/capture clocks
20260913_v3_s5,v3_runs,slave.log,dc5cfda4983b791ec423ea56ff3eb7d25b9f2ddbc6f83af937cd0e5f8772e203,3,ptp4l[318.318]: port 1: new foreign master 16179c.fffe.f0a0a5-1,318.318,1,new foreign master 16179c.fffe.f0a0a5-1,ptp4l printed timestamp basis not established; no numeric join to detector/capture clocks
20260913_v3_s5,v3_runs,slave.log,dc5cfda4983b791ec423ea56ff3eb7d25b9f2ddbc6f83af937cd0e5f8772e203,4,ptp4l[318.330]: port 1: new foreign master bacc57.fffe.a13b2d-1,318.330,1,new foreign master bacc57.fffe.a13b2d-1,ptp4l printed timestamp basis not established; no numeric join to detector/capture clocks
20260913_v3_s5,v3_runs,slave.log,dc5cfda4983b791ec423ea56ff3eb7d25b9f2ddbc6f83af937cd0e5f8772e203,8,ptp4l[318.820]: port 1: LISTENING to UNCALIBRATED on RS_SLAVE,318.820,1,LISTENING to UNCALIBRATED on RS_SLAVE,ptp4l printed timestamp basis not established; no numeric join to detector/capture clocks
20260913_v3_s5,v3_runs,slave.log,dc5cfda4983b791ec423ea56ff3eb7d25b9f2ddbc6f83af937cd0e5f8772e203,11,ptp4l[329.176]: port 1: UNCALIBRATED to LISTENING on ANNOUNCE_RECEIPT_TIMEOUT_EXPIRES,329.176,1,UNCALIBRATED to LISTENING on ANNOUNCE_RECEIPT_TIMEOUT_EXPIRES,ptp4l printed timestamp basis not established; no numeric join to detector/capture clocks
20260913_v3_s5,v3_runs,slave.log,dc5cfda4983b791ec423ea56ff3eb7d25b9f2ddbc6f83af937cd0e5f8772e203,14,ptp4l[329.178]: port 1: LISTENING to UNCALIBRATED on RS_SLAVE,329.178,1,LISTENING to UNCALIBRATED on RS_SLAVE,ptp4l printed timestamp basis not established; no numeric join to detector/capture clocks
20260913_v4_b1,v4_runs,slave.log,3b5cc955a5e709ae6f8b1713f232e20b9a9bbeae3ccf71b63667912afa6d1e76,1,ptp4l[5.876]: port 1: INITIALIZING to LISTENING on INIT_COMPLETE,5.876,1,INITIALIZING to LISTENING on INIT_COMPLETE,ptp4l printed timestamp basis not established; no numeric join to detector/capture clocks
20260913_v4_b1,v4_runs,slave.log,3b5cc955a5e709ae6f8b1713f232e20b9a9bbeae3ccf71b63667912afa6d1e76,2,ptp4l[5.877]: port 0: INITIALIZING to LISTENING on INIT_COMPLETE,5.877,0,INITIALIZING to LISTENING on INIT_COMPLETE,ptp4l printed timestamp basis not established; no numeric join to detector/capture clocks
20260913_v4_b1,v4_runs,slave.log,3b5cc955a5e709ae6f8b1713f232e20b9a9bbeae3ccf71b63667912afa6d1e76,3,ptp4l[6.682]: port 1: new foreign master 0e37a6.fffe.e5862b-1,6.682,1,new foreign master 0e37a6.fffe.e5862b-1,ptp4l printed timestamp basis not established; no numeric join to detector/capture clocks
20260913_v4_b1,v4_runs,slave.log,3b5cc955a5e709ae6f8b1713f232e20b9a9bbeae3ccf71b63667912afa6d1e76,4,ptp4l[6.803]: port 1: new foreign master cee30c.fffe.44be09-1,6.803,1,new foreign master cee30c.fffe.44be09-1,ptp4l printed timestamp basis not established; no numeric join to detector/capture clocks
20260913_v4_b1,v4_runs,slave.log,3b5cc955a5e709ae6f8b1713f232e20b9a9bbeae3ccf71b63667912afa6d1e76,8,ptp4l[7.184]: port 1: LISTENING to UNCALIBRATED on RS_SLAVE,7.184,1,LISTENING to UNCALIBRATED on RS_SLAVE,ptp4l printed timestamp basis not established; no numeric join to detector/capture clocks
20260913_v4_b2,v4_runs,slave.log,bf4138be6092ee5dfa3a67e06edf674733c4ae92a43e704fa3e7c079d393fa08,1,ptp4l[71.356]: port 1: INITIALIZING to LISTENING on INIT_COMPLETE,71.356,1,INITIALIZING to LISTENING on INIT_COMPLETE,ptp4l printed timestamp basis not established; no numeric join to detector/capture clocks
20260913_v4_b2,v4_runs,slave.log,bf4138be6092ee5dfa3a67e06edf674733c4ae92a43e704fa3e7c079d393fa08,2,ptp4l[71.357]: port 0: INITIALIZING to LISTENING on INIT_COMPLETE,71.357,0,INITIALIZING to LISTENING on INIT_COMPLETE,ptp4l printed timestamp basis not established; no numeric join to detector/capture clocks
20260913_v4_b2,v4_runs,slave.log,bf4138be6092ee5dfa3a67e06edf674733c4ae92a43e704fa3e7c079d393fa08,4,ptp4l[72.297]: port 1: new foreign master bec13b.fffe.e1cee4-1,72.297,1,new foreign master bec13b.fffe.e1cee4-1,ptp4l printed timestamp basis not established; no numeric join to detector/capture clocks
20260913_v4_b2,v4_runs,slave.log,bf4138be6092ee5dfa3a67e06edf674733c4ae92a43e704fa3e7c079d393fa08,5,ptp4l[72.401]: port 1: new foreign master 5eda45.fffe.622d0d-1,72.401,1,new foreign master 5eda45.fffe.622d0d-1,ptp4l printed timestamp basis not established; no numeric join to detector/capture clocks
20260913_v4_b2,v4_runs,slave.log,bf4138be6092ee5dfa3a67e06edf674733c4ae92a43e704fa3e7c079d393fa08,8,ptp4l[72.800]: port 1: LISTENING to UNCALIBRATED on RS_SLAVE,72.800,1,LISTENING to UNCALIBRATED on RS_SLAVE,ptp4l printed timestamp basis not established; no numeric join to detector/capture clocks
20260913_v4_b3,v4_runs,slave.log,af633b3e3f64e2e3743ccac7469522aa91645221816feaf54ef7cae6ac3b4de6,1,ptp4l[136.960]: port 1: INITIALIZING to LISTENING on INIT_COMPLETE,136.960,1,INITIALIZING to LISTENING on INIT_COMPLETE,ptp4l printed timestamp basis not established; no numeric join to detector/capture clocks
20260913_v4_b3,v4_runs,slave.log,af633b3e3f64e2e3743ccac7469522aa91645221816feaf54ef7cae6ac3b4de6,2,ptp4l[136.961]: port 0: INITIALIZING to LISTENING on INIT_COMPLETE,136.961,0,INITIALIZING to LISTENING on INIT_COMPLETE,ptp4l printed timestamp basis not established; no numeric join to detector/capture clocks
20260913_v4_b3,v4_runs,slave.log,af633b3e3f64e2e3743ccac7469522aa91645221816feaf54ef7cae6ac3b4de6,3,ptp4l[137.724]: port 1: new foreign master f2b520.fffe.0b12d5-1,137.724,1,new foreign master f2b520.fffe.0b12d5-1,ptp4l printed timestamp basis not established; no numeric join to detector/capture clocks
20260913_v4_b3,v4_runs,slave.log,af633b3e3f64e2e3743ccac7469522aa91645221816feaf54ef7cae6ac3b4de6,4,ptp4l[137.774]: port 1: new foreign master 0ec42b.fffe.0a170b-1,137.774,1,new foreign master 0ec42b.fffe.0a170b-1,ptp4l printed timestamp basis not established; no numeric join to detector/capture clocks
20260913_v4_b3,v4_runs,slave.log,af633b3e3f64e2e3743ccac7469522aa91645221816feaf54ef7cae6ac3b4de6,8,ptp4l[138.276]: port 1: LISTENING to UNCALIBRATED on RS_SLAVE,138.276,1,LISTENING to UNCALIBRATED on RS_SLAVE,ptp4l printed timestamp basis not established; no numeric join to detector/capture clocks
20260913_v4_b4,v4_runs,slave.log,d6acf3a754bd759cb0f8546d91c8e72d2fd47e3921fab91ad7367ae53a810091,1,ptp4l[202.440]: port 1: INITIALIZING to LISTENING on INIT_COMPLETE,202.440,1,INITIALIZING to LISTENING on INIT_COMPLETE,ptp4l printed timestamp basis not established; no numeric join to detector/capture clocks
20260913_v4_b4,v4_runs,slave.log,d6acf3a754bd759cb0f8546d91c8e72d2fd47e3921fab91ad7367ae53a810091,2,ptp4l[202.441]: port 0: INITIALIZING to LISTENING on INIT_COMPLETE,202.441,0,INITIALIZING to LISTENING on INIT_COMPLETE,ptp4l printed timestamp basis not established; no numeric join to detector/capture clocks
20260913_v4_b4,v4_runs,slave.log,d6acf3a754bd759cb0f8546d91c8e72d2fd47e3921fab91ad7367ae53a810091,3,ptp4l[203.278]: port 1: new foreign master 1af14a.fffe.85834d-1,203.278,1,new foreign master 1af14a.fffe.85834d-1,ptp4l printed timestamp basis not established; no numeric join to detector/capture clocks
20260913_v4_b4,v4_runs,slave.log,d6acf3a754bd759cb0f8546d91c8e72d2fd47e3921fab91ad7367ae53a810091,5,ptp4l[203.344]: port 1: new foreign master b654e9.fffe.7484b2-1,203.344,1,new foreign master b654e9.fffe.7484b2-1,ptp4l printed timestamp basis not established; no numeric join to detector/capture clocks
20260913_v4_b4,v4_runs,slave.log,d6acf3a754bd759cb0f8546d91c8e72d2fd47e3921fab91ad7367ae53a810091,8,ptp4l[203.784]: port 1: LISTENING to UNCALIBRATED on RS_SLAVE,203.784,1,LISTENING to UNCALIBRATED on RS_SLAVE,ptp4l printed timestamp basis not established; no numeric join to detector/capture clocks
20260913_v4_b5,v4_runs,slave.log,90b87eb648cd924de14bd77232bfee3d6e838ae3bcb397fcccddc9934990632d,1,ptp4l[268.004]: port 1: INITIALIZING to LISTENING on INIT_COMPLETE,268.004,1,INITIALIZING to LISTENING on INIT_COMPLETE,ptp4l printed timestamp basis not established; no numeric join to detector/capture clocks
20260913_v4_b5,v4_runs,slave.log,90b87eb648cd924de14bd77232bfee3d6e838ae3bcb397fcccddc9934990632d,2,ptp4l[268.005]: port 0: INITIALIZING to LISTENING on INIT_COMPLETE,268.005,0,INITIALIZING to LISTENING on INIT_COMPLETE,ptp4l printed timestamp basis not established; no numeric join to detector/capture clocks
20260913_v4_b5,v4_runs,slave.log,90b87eb648cd924de14bd77232bfee3d6e838ae3bcb397fcccddc9934990632d,3,ptp4l[268.865]: port 1: new foreign master 023c5e.fffe.a6e4f8-1,268.865,1,new foreign master 023c5e.fffe.a6e4f8-1,ptp4l printed timestamp basis not established; no numeric join to detector/capture clocks
20260913_v4_b5,v4_runs,slave.log,90b87eb648cd924de14bd77232bfee3d6e838ae3bcb397fcccddc9934990632d,5,ptp4l[269.006]: port 1: new foreign master f6539e.fffe.716c78-1,269.006,1,new foreign master f6539e.fffe.716c78-1,ptp4l printed timestamp basis not established; no numeric join to detector/capture clocks
20260913_v4_b5,v4_runs,slave.log,90b87eb648cd924de14bd77232bfee3d6e838ae3bcb397fcccddc9934990632d,8,ptp4l[269.372]: port 1: LISTENING to UNCALIBRATED on RS_SLAVE,269.372,1,LISTENING to UNCALIBRATED on RS_SLAVE,ptp4l printed timestamp basis not established; no numeric join to detector/capture clocks
20260913_v4_c1,v4_runs,slave.log,35a391a06a1c7c1da27c273221c8af332c9f2cb1744bc6436b3df8d9ab1b7f63,1,ptp4l[40.408]: port 1: INITIALIZING to LISTENING on INIT_COMPLETE,40.408,1,INITIALIZING to LISTENING on INIT_COMPLETE,ptp4l printed timestamp basis not established; no numeric join to detector/capture clocks
20260913_v4_c1,v4_runs,slave.log,35a391a06a1c7c1da27c273221c8af332c9f2cb1744bc6436b3df8d9ab1b7f63,2,ptp4l[40.409]: port 0: INITIALIZING to LISTENING on INIT_COMPLETE,40.409,0,INITIALIZING to LISTENING on INIT_COMPLETE,ptp4l printed timestamp basis not established; no numeric join to detector/capture clocks
20260913_v4_c1,v4_runs,slave.log,35a391a06a1c7c1da27c273221c8af332c9f2cb1744bc6436b3df8d9ab1b7f63,4,ptp4l[41.586]: port 1: new foreign master 4abf10.fffe.dd1462-1,41.586,1,new foreign master 4abf10.fffe.dd1462-1,ptp4l printed timestamp basis not established; no numeric join to detector/capture clocks
20260913_v4_c1,v4_runs,slave.log,35a391a06a1c7c1da27c273221c8af332c9f2cb1744bc6436b3df8d9ab1b7f63,5,ptp4l[41.621]: port 1: new foreign master a68207.fffe.fea6fc-1,41.621,1,new foreign master a68207.fffe.fea6fc-1,ptp4l printed timestamp basis not established; no numeric join to detector/capture clocks
20260913_v4_c1,v4_runs,slave.log,35a391a06a1c7c1da27c273221c8af332c9f2cb1744bc6436b3df8d9ab1b7f63,8,ptp4l[42.091]: port 1: LISTENING to UNCALIBRATED on RS_SLAVE,42.091,1,LISTENING to UNCALIBRATED on RS_SLAVE,ptp4l printed timestamp basis not established; no numeric join to detector/capture clocks
20260913_v4_c2,v4_runs,slave.log,3e71b1e5c37614c691382b9b249b34510a9bb0750744a5bf390751ad1d64c003,1,ptp4l[106.036]: port 1: INITIALIZING to LISTENING on INIT_COMPLETE,106.036,1,INITIALIZING to LISTENING on INIT_COMPLETE,ptp4l printed timestamp basis not established; no numeric join to detector/capture clocks
20260913_v4_c2,v4_runs,slave.log,3e71b1e5c37614c691382b9b249b34510a9bb0750744a5bf390751ad1d64c003,2,ptp4l[106.036]: port 0: INITIALIZING to LISTENING on INIT_COMPLETE,106.036,0,INITIALIZING to LISTENING on INIT_COMPLETE,ptp4l printed timestamp basis not established; no numeric join to detector/capture clocks
20260913_v4_c2,v4_runs,slave.log,3e71b1e5c37614c691382b9b249b34510a9bb0750744a5bf390751ad1d64c003,4,ptp4l[106.951]: port 1: new foreign master 3a21d6.fffe.b7b00d-1,106.951,1,new foreign master 3a21d6.fffe.b7b00d-1,ptp4l printed timestamp basis not established; no numeric join to detector/capture clocks
20260913_v4_c2,v4_runs,slave.log,3e71b1e5c37614c691382b9b249b34510a9bb0750744a5bf390751ad1d64c003,5,ptp4l[106.973]: port 1: new foreign master aacf5b.fffe.6f0f39-1,106.973,1,new foreign master aacf5b.fffe.6f0f39-1,ptp4l printed timestamp basis not established; no numeric join to detector/capture clocks
20260913_v4_c2,v4_runs,slave.log,3e71b1e5c37614c691382b9b249b34510a9bb0750744a5bf390751ad1d64c003,8,ptp4l[107.457]: port 1: LISTENING to UNCALIBRATED on RS_SLAVE,107.457,1,LISTENING to UNCALIBRATED on RS_SLAVE,ptp4l printed timestamp basis not established; no numeric join to detector/capture clocks
20260913_v4_c3,v4_runs,slave.log,30380d4330bed363e387033ceb184c517f46fc2335c70dd7ffe1b0f45a043346,1,ptp4l[171.452]: port 1: INITIALIZING to LISTENING on INIT_COMPLETE,171.452,1,INITIALIZING to LISTENING on INIT_COMPLETE,ptp4l printed timestamp basis not established; no numeric join to detector/capture clocks
20260913_v4_c3,v4_runs,slave.log,30380d4330bed363e387033ceb184c517f46fc2335c70dd7ffe1b0f45a043346,2,ptp4l[171.454]: port 0: INITIALIZING to LISTENING on INIT_COMPLETE,171.454,0,INITIALIZING to LISTENING on INIT_COMPLETE,ptp4l printed timestamp basis not established; no numeric join to detector/capture clocks
20260913_v4_c3,v4_runs,slave.log,30380d4330bed363e387033ceb184c517f46fc2335c70dd7ffe1b0f45a043346,3,ptp4l[172.258]: port 1: new foreign master aa2c1e.fffe.56a6fd-1,172.258,1,new foreign master aa2c1e.fffe.56a6fd-1,ptp4l printed timestamp basis not established; no numeric join to detector/capture clocks
20260913_v4_c3,v4_runs,slave.log,30380d4330bed363e387033ceb184c517f46fc2335c70dd7ffe1b0f45a043346,5,ptp4l[172.455]: port 1: new foreign master 22ae72.fffe.91ccf8-1,172.455,1,new foreign master 22ae72.fffe.91ccf8-1,ptp4l printed timestamp basis not established; no numeric join to detector/capture clocks
20260913_v4_c3,v4_runs,slave.log,30380d4330bed363e387033ceb184c517f46fc2335c70dd7ffe1b0f45a043346,8,ptp4l[172.760]: port 1: LISTENING to UNCALIBRATED on RS_SLAVE,172.760,1,LISTENING to UNCALIBRATED on RS_SLAVE,ptp4l printed timestamp basis not established; no numeric join to detector/capture clocks
20260913_v4_c4,v4_runs,slave.log,6e501a2ef604fbc733649c37b2261cd7a82b5e9ae462ca6672a38539dc4a71ff,1,ptp4l[237.084]: port 1: INITIALIZING to LISTENING on INIT_COMPLETE,237.084,1,INITIALIZING to LISTENING on INIT_COMPLETE,ptp4l printed timestamp basis not established; no numeric join to detector/capture clocks
20260913_v4_c4,v4_runs,slave.log,6e501a2ef604fbc733649c37b2261cd7a82b5e9ae462ca6672a38539dc4a71ff,2,ptp4l[237.085]: port 0: INITIALIZING to LISTENING on INIT_COMPLETE,237.085,0,INITIALIZING to LISTENING on INIT_COMPLETE,ptp4l printed timestamp basis not established; no numeric join to detector/capture clocks
20260913_v4_c4,v4_runs,slave.log,6e501a2ef604fbc733649c37b2261cd7a82b5e9ae462ca6672a38539dc4a71ff,3,ptp4l[238.002]: port 1: new foreign master 0af99e.fffe.8c39cd-1,238.002,1,new foreign master 0af99e.fffe.8c39cd-1,ptp4l printed timestamp basis not established; no numeric join to detector/capture clocks
20260913_v4_c4,v4_runs,slave.log,6e501a2ef604fbc733649c37b2261cd7a82b5e9ae462ca6672a38539dc4a71ff,4,ptp4l[238.007]: port 1: new foreign master 2efae2.fffe.d82dd6-1,238.007,1,new foreign master 2efae2.fffe.d82dd6-1,ptp4l printed timestamp basis not established; no numeric join to detector/capture clocks
20260913_v4_c4,v4_runs,slave.log,6e501a2ef604fbc733649c37b2261cd7a82b5e9ae462ca6672a38539dc4a71ff,8,ptp4l[238.504]: port 1: LISTENING to UNCALIBRATED on RS_SLAVE,238.504,1,LISTENING to UNCALIBRATED on RS_SLAVE,ptp4l printed timestamp basis not established; no numeric join to detector/capture clocks
20260913_v4_c5,v4_runs,slave.log,566848f877b694cb55377877006a8865d553606bb4cc5b47d9a779573a5a2fad,1,ptp4l[302.488]: port 1: INITIALIZING to LISTENING on INIT_COMPLETE,302.488,1,INITIALIZING to LISTENING on INIT_COMPLETE,ptp4l printed timestamp basis not established; no numeric join to detector/capture clocks
20260913_v4_c5,v4_runs,slave.log,566848f877b694cb55377877006a8865d553606bb4cc5b47d9a779573a5a2fad,2,ptp4l[302.489]: port 0: INITIALIZING to LISTENING on INIT_COMPLETE,302.489,0,INITIALIZING to LISTENING on INIT_COMPLETE,ptp4l printed timestamp basis not established; no numeric join to detector/capture clocks
20260913_v4_c5,v4_runs,slave.log,566848f877b694cb55377877006a8865d553606bb4cc5b47d9a779573a5a2fad,4,ptp4l[303.433]: port 1: new foreign master 7a368b.fffe.8e40d0-1,303.433,1,new foreign master 7a368b.fffe.8e40d0-1,ptp4l printed timestamp basis not established; no numeric join to detector/capture clocks
20260913_v4_c5,v4_runs,slave.log,566848f877b694cb55377877006a8865d553606bb4cc5b47d9a779573a5a2fad,5,ptp4l[303.489]: port 1: new foreign master 02f6bb.fffe.fad757-1,303.489,1,new foreign master 02f6bb.fffe.fad757-1,ptp4l printed timestamp basis not established; no numeric join to detector/capture clocks
20260913_v4_c5,v4_runs,slave.log,566848f877b694cb55377877006a8865d553606bb4cc5b47d9a779573a5a2fad,8,ptp4l[303.935]: port 1: LISTENING to UNCALIBRATED on RS_SLAVE,303.935,1,LISTENING to UNCALIBRATED on RS_SLAVE,ptp4l printed timestamp basis not established; no numeric join to detector/capture clocks
20260913_v4_d1,v4_runs,slave.log,b8347321d5541e118cac0949651232fdea17ed76bd2991fcf401673831008f10,1,ptp4l[28.840]: port 1: INITIALIZING to LISTENING on INIT_COMPLETE,28.840,1,INITIALIZING to LISTENING on INIT_COMPLETE,ptp4l printed timestamp basis not established; no numeric join to detector/capture clocks
20260913_v4_d1,v4_runs,slave.log,b8347321d5541e118cac0949651232fdea17ed76bd2991fcf401673831008f10,2,ptp4l[28.841]: port 0: INITIALIZING to LISTENING on INIT_COMPLETE,28.841,0,INITIALIZING to LISTENING on INIT_COMPLETE,ptp4l printed timestamp basis not established; no numeric join to detector/capture clocks
20260913_v4_d1,v4_runs,slave.log,b8347321d5541e118cac0949651232fdea17ed76bd2991fcf401673831008f10,3,ptp4l[29.644]: port 1: new foreign master c647c2.fffe.bc346e-1,29.644,1,new foreign master c647c2.fffe.bc346e-1,ptp4l printed timestamp basis not established; no numeric join to detector/capture clocks
20260913_v4_d1,v4_runs,slave.log,b8347321d5541e118cac0949651232fdea17ed76bd2991fcf401673831008f10,5,ptp4l[29.800]: port 1: new foreign master 0eb4af.fffe.eab92a-1,29.800,1,new foreign master 0eb4af.fffe.eab92a-1,ptp4l printed timestamp basis not established; no numeric join to detector/capture clocks
20260913_v4_d1,v4_runs,slave.log,b8347321d5541e118cac0949651232fdea17ed76bd2991fcf401673831008f10,8,ptp4l[30.146]: port 1: LISTENING to UNCALIBRATED on RS_SLAVE,30.146,1,LISTENING to UNCALIBRATED on RS_SLAVE,ptp4l printed timestamp basis not established; no numeric join to detector/capture clocks
20260913_v4_d2,v4_runs,slave.log,a0c20db8838f6cefd9113d49b1f2ac67f58bd88a30097c3bf9721f6a1fb21b5c,1,ptp4l[94.512]: port 1: INITIALIZING to LISTENING on INIT_COMPLETE,94.512,1,INITIALIZING to LISTENING on INIT_COMPLETE,ptp4l printed timestamp basis not established; no numeric join to detector/capture clocks
20260913_v4_d2,v4_runs,slave.log,a0c20db8838f6cefd9113d49b1f2ac67f58bd88a30097c3bf9721f6a1fb21b5c,2,ptp4l[94.513]: port 0: INITIALIZING to LISTENING on INIT_COMPLETE,94.513,0,INITIALIZING to LISTENING on INIT_COMPLETE,ptp4l printed timestamp basis not established; no numeric join to detector/capture clocks
20260913_v4_d2,v4_runs,slave.log,a0c20db8838f6cefd9113d49b1f2ac67f58bd88a30097c3bf9721f6a1fb21b5c,3,ptp4l[95.318]: port 1: new foreign master eaa247.fffe.124750-1,95.318,1,new foreign master eaa247.fffe.124750-1,ptp4l printed timestamp basis not established; no numeric join to detector/capture clocks
20260913_v4_d2,v4_runs,slave.log,a0c20db8838f6cefd9113d49b1f2ac67f58bd88a30097c3bf9721f6a1fb21b5c,5,ptp4l[95.636]: port 1: new foreign master a6a7ee.fffe.e0361c-1,95.636,1,new foreign master a6a7ee.fffe.e0361c-1,ptp4l printed timestamp basis not established; no numeric join to detector/capture clocks
20260913_v4_d2,v4_runs,slave.log,a0c20db8838f6cefd9113d49b1f2ac67f58bd88a30097c3bf9721f6a1fb21b5c,8,ptp4l[95.822]: port 1: LISTENING to UNCALIBRATED on RS_SLAVE,95.822,1,LISTENING to UNCALIBRATED on RS_SLAVE,ptp4l printed timestamp basis not established; no numeric join to detector/capture clocks
20260913_v4_d3,v4_runs,slave.log,d9684ae5f3ad2c1285ced8c6f4407dd2c8b7e26ea31d3c75d9f282a8c363277a,1,ptp4l[159.928]: port 1: INITIALIZING to LISTENING on INIT_COMPLETE,159.928,1,INITIALIZING to LISTENING on INIT_COMPLETE,ptp4l printed timestamp basis not established; no numeric join to detector/capture clocks
20260913_v4_d3,v4_runs,slave.log,d9684ae5f3ad2c1285ced8c6f4407dd2c8b7e26ea31d3c75d9f282a8c363277a,2,ptp4l[159.929]: port 0: INITIALIZING to LISTENING on INIT_COMPLETE,159.929,0,INITIALIZING to LISTENING on INIT_COMPLETE,ptp4l printed timestamp basis not established; no numeric join to detector/capture clocks
20260913_v4_d3,v4_runs,slave.log,d9684ae5f3ad2c1285ced8c6f4407dd2c8b7e26ea31d3c75d9f282a8c363277a,4,ptp4l[160.831]: port 1: new foreign master ca5072.fffe.2de643-1,160.831,1,new foreign master ca5072.fffe.2de643-1,ptp4l printed timestamp basis not established; no numeric join to detector/capture clocks
20260913_v4_d3,v4_runs,slave.log,d9684ae5f3ad2c1285ced8c6f4407dd2c8b7e26ea31d3c75d9f282a8c363277a,5,ptp4l[160.914]: port 1: new foreign master 82e71d.fffe.608010-1,160.914,1,new foreign master 82e71d.fffe.608010-1,ptp4l printed timestamp basis not established; no numeric join to detector/capture clocks
20260913_v4_d3,v4_runs,slave.log,d9684ae5f3ad2c1285ced8c6f4407dd2c8b7e26ea31d3c75d9f282a8c363277a,8,ptp4l[161.332]: port 1: LISTENING to UNCALIBRATED on RS_SLAVE,161.332,1,LISTENING to UNCALIBRATED on RS_SLAVE,ptp4l printed timestamp basis not established; no numeric join to detector/capture clocks
20260913_v4_d4,v4_runs,slave.log,6649f7981bcd4bb4d24346f86c390fb77e0bda0e335833e4d3aa1583d1d4029d,1,ptp4l[225.580]: port 1: INITIALIZING to LISTENING on INIT_COMPLETE,225.580,1,INITIALIZING to LISTENING on INIT_COMPLETE,ptp4l printed timestamp basis not established; no numeric join to detector/capture clocks
20260913_v4_d4,v4_runs,slave.log,6649f7981bcd4bb4d24346f86c390fb77e0bda0e335833e4d3aa1583d1d4029d,2,ptp4l[225.581]: port 0: INITIALIZING to LISTENING on INIT_COMPLETE,225.581,0,INITIALIZING to LISTENING on INIT_COMPLETE,ptp4l printed timestamp basis not established; no numeric join to detector/capture clocks
20260913_v4_d4,v4_runs,slave.log,6649f7981bcd4bb4d24346f86c390fb77e0bda0e335833e4d3aa1583d1d4029d,3,ptp4l[226.399]: port 1: new foreign master f2be2f.fffe.6beb8a-1,226.399,1,new foreign master f2be2f.fffe.6beb8a-1,ptp4l printed timestamp basis not established; no numeric join to detector/capture clocks
20260913_v4_d4,v4_runs,slave.log,6649f7981bcd4bb4d24346f86c390fb77e0bda0e335833e4d3aa1583d1d4029d,4,ptp4l[226.428]: port 1: new foreign master 66d590.fffe.196795-1,226.428,1,new foreign master 66d590.fffe.196795-1,ptp4l printed timestamp basis not established; no numeric join to detector/capture clocks
20260913_v4_d4,v4_runs,slave.log,6649f7981bcd4bb4d24346f86c390fb77e0bda0e335833e4d3aa1583d1d4029d,8,ptp4l[226.900]: port 1: LISTENING to UNCALIBRATED on RS_SLAVE,226.900,1,LISTENING to UNCALIBRATED on RS_SLAVE,ptp4l printed timestamp basis not established; no numeric join to detector/capture clocks
20260913_v4_d5,v4_runs,slave.log,38dc914eddccd950edd65e707e702c9e34bff636ed71dc240b795567af2e395d,1,ptp4l[290.952]: port 1: INITIALIZING to LISTENING on INIT_COMPLETE,290.952,1,INITIALIZING to LISTENING on INIT_COMPLETE,ptp4l printed timestamp basis not established; no numeric join to detector/capture clocks
20260913_v4_d5,v4_runs,slave.log,38dc914eddccd950edd65e707e702c9e34bff636ed71dc240b795567af2e395d,2,ptp4l[290.952]: port 0: INITIALIZING to LISTENING on INIT_COMPLETE,290.952,0,INITIALIZING to LISTENING on INIT_COMPLETE,ptp4l printed timestamp basis not established; no numeric join to detector/capture clocks
20260913_v4_d5,v4_runs,slave.log,38dc914eddccd950edd65e707e702c9e34bff636ed71dc240b795567af2e395d,4,ptp4l[291.933]: port 1: new foreign master 4a3e91.fffe.f2d6bb-1,291.933,1,new foreign master 4a3e91.fffe.f2d6bb-1,ptp4l printed timestamp basis not established; no numeric join to detector/capture clocks
20260913_v4_d5,v4_runs,slave.log,38dc914eddccd950edd65e707e702c9e34bff636ed71dc240b795567af2e395d,5,ptp4l[291.938]: port 1: new foreign master 5ed1d9.fffe.56dcc6-1,291.938,1,new foreign master 5ed1d9.fffe.56dcc6-1,ptp4l printed timestamp basis not established; no numeric join to detector/capture clocks
20260913_v4_d5,v4_runs,slave.log,38dc914eddccd950edd65e707e702c9e34bff636ed71dc240b795567af2e395d,8,ptp4l[292.435]: port 1: LISTENING to UNCALIBRATED on RS_SLAVE,292.435,1,LISTENING to UNCALIBRATED on RS_SLAVE,ptp4l printed timestamp basis not established; no numeric join to detector/capture clocks
20260913_v4_n1,v4_runs,slave.log,cb76a7df1cfeb469ef294fc47092becf054384a85469448cc369a2991ba842cf,1,ptp4l[17.344]: port 1: INITIALIZING to LISTENING on INIT_COMPLETE,17.344,1,INITIALIZING to LISTENING on INIT_COMPLETE,ptp4l printed timestamp basis not established; no numeric join to detector/capture clocks
20260913_v4_n1,v4_runs,slave.log,cb76a7df1cfeb469ef294fc47092becf054384a85469448cc369a2991ba842cf,2,ptp4l[17.345]: port 0: INITIALIZING to LISTENING on INIT_COMPLETE,17.345,0,INITIALIZING to LISTENING on INIT_COMPLETE,ptp4l printed timestamp basis not established; no numeric join to detector/capture clocks
20260913_v4_n1,v4_runs,slave.log,cb76a7df1cfeb469ef294fc47092becf054384a85469448cc369a2991ba842cf,3,ptp4l[18.204]: port 1: new foreign master 2e0a37.fffe.f235a5-1,18.204,1,new foreign master 2e0a37.fffe.f235a5-1,ptp4l printed timestamp basis not established; no numeric join to detector/capture clocks
20260913_v4_n1,v4_runs,slave.log,cb76a7df1cfeb469ef294fc47092becf054384a85469448cc369a2991ba842cf,4,ptp4l[18.316]: port 1: new foreign master 5e9bfa.fffe.d3e947-1,18.316,1,new foreign master 5e9bfa.fffe.d3e947-1,ptp4l printed timestamp basis not established; no numeric join to detector/capture clocks
20260913_v4_n1,v4_runs,slave.log,cb76a7df1cfeb469ef294fc47092becf054384a85469448cc369a2991ba842cf,8,ptp4l[18.706]: port 1: LISTENING to UNCALIBRATED on RS_SLAVE,18.706,1,LISTENING to UNCALIBRATED on RS_SLAVE,ptp4l printed timestamp basis not established; no numeric join to detector/capture clocks
20260913_v4_n2,v4_runs,slave.log,017d74ce8004f06e856fc810c74fb93c92a7b22b26999a1004a8baece6f66389,1,ptp4l[83.016]: port 1: INITIALIZING to LISTENING on INIT_COMPLETE,83.016,1,INITIALIZING to LISTENING on INIT_COMPLETE,ptp4l printed timestamp basis not established; no numeric join to detector/capture clocks
20260913_v4_n2,v4_runs,slave.log,017d74ce8004f06e856fc810c74fb93c92a7b22b26999a1004a8baece6f66389,2,ptp4l[83.017]: port 0: INITIALIZING to LISTENING on INIT_COMPLETE,83.017,0,INITIALIZING to LISTENING on INIT_COMPLETE,ptp4l printed timestamp basis not established; no numeric join to detector/capture clocks
20260913_v4_n2,v4_runs,slave.log,017d74ce8004f06e856fc810c74fb93c92a7b22b26999a1004a8baece6f66389,3,ptp4l[83.888]: port 1: new foreign master cab5bc.fffe.5f7a15-1,83.888,1,new foreign master cab5bc.fffe.5f7a15-1,ptp4l printed timestamp basis not established; no numeric join to detector/capture clocks
20260913_v4_n2,v4_runs,slave.log,017d74ce8004f06e856fc810c74fb93c92a7b22b26999a1004a8baece6f66389,5,ptp4l[83.986]: port 1: new foreign master 3e2f57.fffe.3affa1-1,83.986,1,new foreign master 3e2f57.fffe.3affa1-1,ptp4l printed timestamp basis not established; no numeric join to detector/capture clocks
20260913_v4_n2,v4_runs,slave.log,017d74ce8004f06e856fc810c74fb93c92a7b22b26999a1004a8baece6f66389,8,ptp4l[84.390]: port 1: LISTENING to UNCALIBRATED on RS_SLAVE,84.390,1,LISTENING to UNCALIBRATED on RS_SLAVE,ptp4l printed timestamp basis not established; no numeric join to detector/capture clocks
20260913_v4_n3,v4_runs,slave.log,4b63a9027abc690db5527d1747b730f64946f1b5f0d5c2264efe63662e45da9d,1,ptp4l[148.408]: port 1: INITIALIZING to LISTENING on INIT_COMPLETE,148.408,1,INITIALIZING to LISTENING on INIT_COMPLETE,ptp4l printed timestamp basis not established; no numeric join to detector/capture clocks
20260913_v4_n3,v4_runs,slave.log,4b63a9027abc690db5527d1747b730f64946f1b5f0d5c2264efe63662e45da9d,2,ptp4l[148.409]: port 0: INITIALIZING to LISTENING on INIT_COMPLETE,148.409,0,INITIALIZING to LISTENING on INIT_COMPLETE,ptp4l printed timestamp basis not established; no numeric join to detector/capture clocks
20260913_v4_n3,v4_runs,slave.log,4b63a9027abc690db5527d1747b730f64946f1b5f0d5c2264efe63662e45da9d,3,ptp4l[149.385]: port 1: new foreign master ba739d.fffe.812db5-1,149.385,1,new foreign master ba739d.fffe.812db5-1,ptp4l printed timestamp basis not established; no numeric join to detector/capture clocks
20260913_v4_n3,v4_runs,slave.log,4b63a9027abc690db5527d1747b730f64946f1b5f0d5c2264efe63662e45da9d,4,ptp4l[149.388]: port 1: new foreign master 0ee360.fffe.167125-1,149.388,1,new foreign master 0ee360.fffe.167125-1,ptp4l printed timestamp basis not established; no numeric join to detector/capture clocks
20260913_v4_n3,v4_runs,slave.log,4b63a9027abc690db5527d1747b730f64946f1b5f0d5c2264efe63662e45da9d,8,ptp4l[149.891]: port 1: LISTENING to UNCALIBRATED on RS_SLAVE,149.891,1,LISTENING to UNCALIBRATED on RS_SLAVE,ptp4l printed timestamp basis not established; no numeric join to detector/capture clocks
20260913_v4_n4,v4_runs,slave.log,1ae330426f0d1bf606ebbaa0c1f1b70c2af1ec54dcb3517d87ebfc68bd26897e,1,ptp4l[213.992]: port 1: INITIALIZING to LISTENING on INIT_COMPLETE,213.992,1,INITIALIZING to LISTENING on INIT_COMPLETE,ptp4l printed timestamp basis not established; no numeric join to detector/capture clocks
20260913_v4_n4,v4_runs,slave.log,1ae330426f0d1bf606ebbaa0c1f1b70c2af1ec54dcb3517d87ebfc68bd26897e,2,ptp4l[213.993]: port 0: INITIALIZING to LISTENING on INIT_COMPLETE,213.993,0,INITIALIZING to LISTENING on INIT_COMPLETE,ptp4l printed timestamp basis not established; no numeric join to detector/capture clocks
20260913_v4_n4,v4_runs,slave.log,1ae330426f0d1bf606ebbaa0c1f1b70c2af1ec54dcb3517d87ebfc68bd26897e,3,ptp4l[214.798]: port 1: new foreign master 1ac201.fffe.83cabc-1,214.798,1,new foreign master 1ac201.fffe.83cabc-1,ptp4l printed timestamp basis not established; no numeric join to detector/capture clocks
20260913_v4_n4,v4_runs,slave.log,1ae330426f0d1bf606ebbaa0c1f1b70c2af1ec54dcb3517d87ebfc68bd26897e,5,ptp4l[214.995]: port 1: new foreign master 3212ab.fffe.110db7-1,214.995,1,new foreign master 3212ab.fffe.110db7-1,ptp4l printed timestamp basis not established; no numeric join to detector/capture clocks
20260913_v4_n4,v4_runs,slave.log,1ae330426f0d1bf606ebbaa0c1f1b70c2af1ec54dcb3517d87ebfc68bd26897e,8,ptp4l[215.300]: port 1: LISTENING to UNCALIBRATED on RS_SLAVE,215.300,1,LISTENING to UNCALIBRATED on RS_SLAVE,ptp4l printed timestamp basis not established; no numeric join to detector/capture clocks
20260913_v4_n5,v4_runs,slave.log,e51009da0d2857a61e62916ad38be7947fe8e1035bf7f42f67fd5e25ba2e8af6,1,ptp4l[279.456]: port 1: INITIALIZING to LISTENING on INIT_COMPLETE,279.456,1,INITIALIZING to LISTENING on INIT_COMPLETE,ptp4l printed timestamp basis not established; no numeric join to detector/capture clocks
20260913_v4_n5,v4_runs,slave.log,e51009da0d2857a61e62916ad38be7947fe8e1035bf7f42f67fd5e25ba2e8af6,2,ptp4l[279.457]: port 0: INITIALIZING to LISTENING on INIT_COMPLETE,279.457,0,INITIALIZING to LISTENING on INIT_COMPLETE,ptp4l printed timestamp basis not established; no numeric join to detector/capture clocks
20260913_v4_n5,v4_runs,slave.log,e51009da0d2857a61e62916ad38be7947fe8e1035bf7f42f67fd5e25ba2e8af6,3,ptp4l[280.286]: port 1: new foreign master 724969.fffe.f790da-1,280.286,1,new foreign master 724969.fffe.f790da-1,ptp4l printed timestamp basis not established; no numeric join to detector/capture clocks
20260913_v4_n5,v4_runs,slave.log,e51009da0d2857a61e62916ad38be7947fe8e1035bf7f42f67fd5e25ba2e8af6,5,ptp4l[280.400]: port 1: new foreign master fa3612.fffe.929d27-1,280.400,1,new foreign master fa3612.fffe.929d27-1,ptp4l printed timestamp basis not established; no numeric join to detector/capture clocks
20260913_v4_n5,v4_runs,slave.log,e51009da0d2857a61e62916ad38be7947fe8e1035bf7f42f67fd5e25ba2e8af6,8,ptp4l[280.788]: port 1: LISTENING to UNCALIBRATED on RS_SLAVE,280.788,1,LISTENING to UNCALIBRATED on RS_SLAVE,ptp4l printed timestamp basis not established; no numeric join to detector/capture clocks
20260913_v4_s1,v4_runs,slave.log,11fbb5acec55728876697dcce67f4f4cd8b711ba746662a0a4497c6d980202a6,1,ptp4l[51.864]: port 1: INITIALIZING to LISTENING on INIT_COMPLETE,51.864,1,INITIALIZING to LISTENING on INIT_COMPLETE,ptp4l printed timestamp basis not established; no numeric join to detector/capture clocks
20260913_v4_s1,v4_runs,slave.log,11fbb5acec55728876697dcce67f4f4cd8b711ba746662a0a4497c6d980202a6,2,ptp4l[51.865]: port 0: INITIALIZING to LISTENING on INIT_COMPLETE,51.865,0,INITIALIZING to LISTENING on INIT_COMPLETE,ptp4l printed timestamp basis not established; no numeric join to detector/capture clocks
20260913_v4_s1,v4_runs,slave.log,11fbb5acec55728876697dcce67f4f4cd8b711ba746662a0a4497c6d980202a6,3,ptp4l[52.669]: port 1: new foreign master b2930e.fffe.3b8855-1,52.669,1,new foreign master b2930e.fffe.3b8855-1,ptp4l printed timestamp basis not established; no numeric join to detector/capture clocks
20260913_v4_s1,v4_runs,slave.log,11fbb5acec55728876697dcce67f4f4cd8b711ba746662a0a4497c6d980202a6,5,ptp4l[53.001]: port 1: new foreign master 66bd0d.fffe.9fdaf1-1,53.001,1,new foreign master 66bd0d.fffe.9fdaf1-1,ptp4l printed timestamp basis not established; no numeric join to detector/capture clocks
20260913_v4_s1,v4_runs,slave.log,11fbb5acec55728876697dcce67f4f4cd8b711ba746662a0a4497c6d980202a6,8,ptp4l[53.171]: port 1: LISTENING to UNCALIBRATED on RS_SLAVE,53.171,1,LISTENING to UNCALIBRATED on RS_SLAVE,ptp4l printed timestamp basis not established; no numeric join to detector/capture clocks
20260913_v4_s1,v4_runs,slave.log,11fbb5acec55728876697dcce67f4f4cd8b711ba746662a0a4497c6d980202a6,51,ptp4l[63.604]: port 1: UNCALIBRATED to LISTENING on ANNOUNCE_RECEIPT_TIMEOUT_EXPIRES,63.604,1,UNCALIBRATED to LISTENING on ANNOUNCE_RECEIPT_TIMEOUT_EXPIRES,ptp4l printed timestamp basis not established; no numeric join to detector/capture clocks
20260913_v4_s1,v4_runs,slave.log,11fbb5acec55728876697dcce67f4f4cd8b711ba746662a0a4497c6d980202a6,55,ptp4l[63.928]: port 1: LISTENING to UNCALIBRATED on RS_SLAVE,63.928,1,LISTENING to UNCALIBRATED on RS_SLAVE,ptp4l printed timestamp basis not established; no numeric join to detector/capture clocks
20260913_v4_s2,v4_runs,slave.log,5ca5e76ad8bd2707d8af46be6ec3414b59120a47a672274e471ea353e066c561,1,ptp4l[117.512]: port 1: INITIALIZING to LISTENING on INIT_COMPLETE,117.512,1,INITIALIZING to LISTENING on INIT_COMPLETE,ptp4l printed timestamp basis not established; no numeric join to detector/capture clocks
20260913_v4_s2,v4_runs,slave.log,5ca5e76ad8bd2707d8af46be6ec3414b59120a47a672274e471ea353e066c561,2,ptp4l[117.513]: port 0: INITIALIZING to LISTENING on INIT_COMPLETE,117.513,0,INITIALIZING to LISTENING on INIT_COMPLETE,ptp4l printed timestamp basis not established; no numeric join to detector/capture clocks
20260913_v4_s2,v4_runs,slave.log,5ca5e76ad8bd2707d8af46be6ec3414b59120a47a672274e471ea353e066c561,4,ptp4l[118.451]: port 1: new foreign master 2ee5dc.fffe.2d9093-1,118.451,1,new foreign master 2ee5dc.fffe.2d9093-1,ptp4l printed timestamp basis not established; no numeric join to detector/capture clocks
20260913_v4_s2,v4_runs,slave.log,5ca5e76ad8bd2707d8af46be6ec3414b59120a47a672274e471ea353e066c561,5,ptp4l[118.457]: port 1: new foreign master 22d567.fffe.faab69-1,118.457,1,new foreign master 22d567.fffe.faab69-1,ptp4l printed timestamp basis not established; no numeric join to detector/capture clocks
20260913_v4_s2,v4_runs,slave.log,5ca5e76ad8bd2707d8af46be6ec3414b59120a47a672274e471ea353e066c561,8,ptp4l[118.953]: port 1: LISTENING to UNCALIBRATED on RS_SLAVE,118.953,1,LISTENING to UNCALIBRATED on RS_SLAVE,ptp4l printed timestamp basis not established; no numeric join to detector/capture clocks
20260913_v4_s2,v4_runs,slave.log,5ca5e76ad8bd2707d8af46be6ec3414b59120a47a672274e471ea353e066c561,51,ptp4l[129.280]: port 1: UNCALIBRATED to LISTENING on ANNOUNCE_RECEIPT_TIMEOUT_EXPIRES,129.280,1,UNCALIBRATED to LISTENING on ANNOUNCE_RECEIPT_TIMEOUT_EXPIRES,ptp4l printed timestamp basis not established; no numeric join to detector/capture clocks
20260913_v4_s2,v4_runs,slave.log,5ca5e76ad8bd2707d8af46be6ec3414b59120a47a672274e471ea353e066c561,55,ptp4l[129.461]: port 1: LISTENING to UNCALIBRATED on RS_SLAVE,129.461,1,LISTENING to UNCALIBRATED on RS_SLAVE,ptp4l printed timestamp basis not established; no numeric join to detector/capture clocks
20260913_v4_s3,v4_runs,slave.log,9f58d61857ceab94c33e39aa708ac350c057c941c8a30d809d073a458867a21e,1,ptp4l[182.944]: port 1: INITIALIZING to LISTENING on INIT_COMPLETE,182.944,1,INITIALIZING to LISTENING on INIT_COMPLETE,ptp4l printed timestamp basis not established; no numeric join to detector/capture clocks
20260913_v4_s3,v4_runs,slave.log,9f58d61857ceab94c33e39aa708ac350c057c941c8a30d809d073a458867a21e,2,ptp4l[182.946]: port 0: INITIALIZING to LISTENING on INIT_COMPLETE,182.946,0,INITIALIZING to LISTENING on INIT_COMPLETE,ptp4l printed timestamp basis not established; no numeric join to detector/capture clocks
20260913_v4_s3,v4_runs,slave.log,9f58d61857ceab94c33e39aa708ac350c057c941c8a30d809d073a458867a21e,4,ptp4l[183.946]: port 1: new foreign master 0e4456.fffe.443de3-1,183.946,1,new foreign master 0e4456.fffe.443de3-1,ptp4l printed timestamp basis not established; no numeric join to detector/capture clocks
20260913_v4_s3,v4_runs,slave.log,9f58d61857ceab94c33e39aa708ac350c057c941c8a30d809d073a458867a21e,5,ptp4l[184.087]: port 1: new foreign master ba0f8d.fffe.03ebea-1,184.087,1,new foreign master ba0f8d.fffe.03ebea-1,ptp4l printed timestamp basis not established; no numeric join to detector/capture clocks
20260913_v4_s3,v4_runs,slave.log,9f58d61857ceab94c33e39aa708ac350c057c941c8a30d809d073a458867a21e,8,ptp4l[184.453]: port 1: LISTENING to UNCALIBRATED on RS_SLAVE,184.453,1,LISTENING to UNCALIBRATED on RS_SLAVE,ptp4l printed timestamp basis not established; no numeric join to detector/capture clocks
20260913_v4_s3,v4_runs,slave.log,9f58d61857ceab94c33e39aa708ac350c057c941c8a30d809d073a458867a21e,51,ptp4l[194.668]: port 1: UNCALIBRATED to LISTENING on ANNOUNCE_RECEIPT_TIMEOUT_EXPIRES,194.668,1,UNCALIBRATED to LISTENING on ANNOUNCE_RECEIPT_TIMEOUT_EXPIRES,ptp4l printed timestamp basis not established; no numeric join to detector/capture clocks
20260913_v4_s3,v4_runs,slave.log,9f58d61857ceab94c33e39aa708ac350c057c941c8a30d809d073a458867a21e,55,ptp4l[194.954]: port 1: LISTENING to UNCALIBRATED on RS_SLAVE,194.954,1,LISTENING to UNCALIBRATED on RS_SLAVE,ptp4l printed timestamp basis not established; no numeric join to detector/capture clocks
20260913_v4_s4,v4_runs,slave.log,2cb8d969a55f0af9280475fd12e34f0ad60ad60d135ea17566a870067f8ba9ac,1,ptp4l[248.528]: port 1: INITIALIZING to LISTENING on INIT_COMPLETE,248.528,1,INITIALIZING to LISTENING on INIT_COMPLETE,ptp4l printed timestamp basis not established; no numeric join to detector/capture clocks
20260913_v4_s4,v4_runs,slave.log,2cb8d969a55f0af9280475fd12e34f0ad60ad60d135ea17566a870067f8ba9ac,2,ptp4l[248.529]: port 0: INITIALIZING to LISTENING on INIT_COMPLETE,248.529,0,INITIALIZING to LISTENING on INIT_COMPLETE,ptp4l printed timestamp basis not established; no numeric join to detector/capture clocks
20260913_v4_s4,v4_runs,slave.log,2cb8d969a55f0af9280475fd12e34f0ad60ad60d135ea17566a870067f8ba9ac,3,ptp4l[249.415]: port 1: new foreign master e6b650.fffe.09611f-1,249.415,1,new foreign master e6b650.fffe.09611f-1,ptp4l printed timestamp basis not established; no numeric join to detector/capture clocks
20260913_v4_s4,v4_runs,slave.log,2cb8d969a55f0af9280475fd12e34f0ad60ad60d135ea17566a870067f8ba9ac,5,ptp4l[249.754]: port 1: new foreign master 16aa23.fffe.b2d6a9-1,249.754,1,new foreign master 16aa23.fffe.b2d6a9-1,ptp4l printed timestamp basis not established; no numeric join to detector/capture clocks
20260913_v4_s4,v4_runs,slave.log,2cb8d969a55f0af9280475fd12e34f0ad60ad60d135ea17566a870067f8ba9ac,8,ptp4l[249.917]: port 1: LISTENING to UNCALIBRATED on RS_SLAVE,249.917,1,LISTENING to UNCALIBRATED on RS_SLAVE,ptp4l printed timestamp basis not established; no numeric join to detector/capture clocks
20260913_v4_s4,v4_runs,slave.log,2cb8d969a55f0af9280475fd12e34f0ad60ad60d135ea17566a870067f8ba9ac,11,ptp4l[260.460]: port 1: UNCALIBRATED to LISTENING on ANNOUNCE_RECEIPT_TIMEOUT_EXPIRES,260.460,1,UNCALIBRATED to LISTENING on ANNOUNCE_RECEIPT_TIMEOUT_EXPIRES,ptp4l printed timestamp basis not established; no numeric join to detector/capture clocks
20260913_v4_s4,v4_runs,slave.log,2cb8d969a55f0af9280475fd12e34f0ad60ad60d135ea17566a870067f8ba9ac,14,ptp4l[260.463]: port 1: LISTENING to UNCALIBRATED on RS_SLAVE,260.463,1,LISTENING to UNCALIBRATED on RS_SLAVE,ptp4l printed timestamp basis not established; no numeric join to detector/capture clocks
20260913_v4_s5,v4_runs,slave.log,77fbe7ad933adf403f1fa506e5d09aec0a50ffba5e138af130fe620e4823ce72,1,ptp4l[314.100]: port 1: INITIALIZING to LISTENING on INIT_COMPLETE,314.100,1,INITIALIZING to LISTENING on INIT_COMPLETE,ptp4l printed timestamp basis not established; no numeric join to detector/capture clocks
20260913_v4_s5,v4_runs,slave.log,77fbe7ad933adf403f1fa506e5d09aec0a50ffba5e138af130fe620e4823ce72,2,ptp4l[314.101]: port 0: INITIALIZING to LISTENING on INIT_COMPLETE,314.101,0,INITIALIZING to LISTENING on INIT_COMPLETE,ptp4l printed timestamp basis not established; no numeric join to detector/capture clocks
20260913_v4_s5,v4_runs,slave.log,77fbe7ad933adf403f1fa506e5d09aec0a50ffba5e138af130fe620e4823ce72,4,ptp4l[314.986]: port 1: new foreign master 06fa7b.fffe.018656-1,314.986,1,new foreign master 06fa7b.fffe.018656-1,ptp4l printed timestamp basis not established; no numeric join to detector/capture clocks
20260913_v4_s5,v4_runs,slave.log,77fbe7ad933adf403f1fa506e5d09aec0a50ffba5e138af130fe620e4823ce72,5,ptp4l[315.036]: port 1: new foreign master 925971.fffe.fd8edf-1,315.036,1,new foreign master 925971.fffe.fd8edf-1,ptp4l printed timestamp basis not established; no numeric join to detector/capture clocks
20260913_v4_s5,v4_runs,slave.log,77fbe7ad933adf403f1fa506e5d09aec0a50ffba5e138af130fe620e4823ce72,8,ptp4l[315.489]: port 1: LISTENING to UNCALIBRATED on RS_SLAVE,315.489,1,LISTENING to UNCALIBRATED on RS_SLAVE,ptp4l printed timestamp basis not established; no numeric join to detector/capture clocks
20260913_v4_s5,v4_runs,slave.log,77fbe7ad933adf403f1fa506e5d09aec0a50ffba5e138af130fe620e4823ce72,11,ptp4l[325.852]: port 1: UNCALIBRATED to LISTENING on ANNOUNCE_RECEIPT_TIMEOUT_EXPIRES,325.852,1,UNCALIBRATED to LISTENING on ANNOUNCE_RECEIPT_TIMEOUT_EXPIRES,ptp4l printed timestamp basis not established; no numeric join to detector/capture clocks
20260913_v4_s5,v4_runs,slave.log,77fbe7ad933adf403f1fa506e5d09aec0a50ffba5e138af130fe620e4823ce72,14,ptp4l[325.854]: port 1: LISTENING to UNCALIBRATED on RS_SLAVE,325.854,1,LISTENING to UNCALIBRATED on RS_SLAVE,ptp4l printed timestamp basis not established; no numeric join to detector/capture clocks
20260913_v5_a1,v5_runs,slave.log,645d8adf90809e5934a81524e0db514ac2021a898d7e4ec8b9cc1bf87affa5c7,1,ptp4l[11.672]: port 1: INITIALIZING to LISTENING on INIT_COMPLETE,11.672,1,INITIALIZING to LISTENING on INIT_COMPLETE,ptp4l printed timestamp basis not established; no numeric join to detector/capture clocks
20260913_v5_a1,v5_runs,slave.log,645d8adf90809e5934a81524e0db514ac2021a898d7e4ec8b9cc1bf87affa5c7,2,ptp4l[11.673]: port 0: INITIALIZING to LISTENING on INIT_COMPLETE,11.673,0,INITIALIZING to LISTENING on INIT_COMPLETE,ptp4l printed timestamp basis not established; no numeric join to detector/capture clocks
20260913_v5_a1,v5_runs,slave.log,645d8adf90809e5934a81524e0db514ac2021a898d7e4ec8b9cc1bf87affa5c7,3,ptp4l[12.444]: port 1: new foreign master b2b611.fffe.f47070-1,12.444,1,new foreign master b2b611.fffe.f47070-1,ptp4l printed timestamp basis not established; no numeric join to detector/capture clocks
20260913_v5_a1,v5_runs,slave.log,645d8adf90809e5934a81524e0db514ac2021a898d7e4ec8b9cc1bf87affa5c7,4,ptp4l[12.630]: port 1: new foreign master ea1c9b.fffe.f8ec35-1,12.630,1,new foreign master ea1c9b.fffe.f8ec35-1,ptp4l printed timestamp basis not established; no numeric join to detector/capture clocks
20260913_v5_a1,v5_runs,slave.log,645d8adf90809e5934a81524e0db514ac2021a898d7e4ec8b9cc1bf87affa5c7,8,ptp4l[12.946]: port 1: LISTENING to UNCALIBRATED on RS_SLAVE,12.946,1,LISTENING to UNCALIBRATED on RS_SLAVE,ptp4l printed timestamp basis not established; no numeric join to detector/capture clocks
20260913_v5_a2,v5_runs,slave.log,1185b908446672c30ec05d2d7f48ff7d20b77000682a2f6c8dfe61a005da326c,1,ptp4l[69.264]: port 1: INITIALIZING to LISTENING on INIT_COMPLETE,69.264,1,INITIALIZING to LISTENING on INIT_COMPLETE,ptp4l printed timestamp basis not established; no numeric join to detector/capture clocks
20260913_v5_a2,v5_runs,slave.log,1185b908446672c30ec05d2d7f48ff7d20b77000682a2f6c8dfe61a005da326c,2,ptp4l[69.265]: port 0: INITIALIZING to LISTENING on INIT_COMPLETE,69.265,0,INITIALIZING to LISTENING on INIT_COMPLETE,ptp4l printed timestamp basis not established; no numeric join to detector/capture clocks
20260913_v5_a2,v5_runs,slave.log,1185b908446672c30ec05d2d7f48ff7d20b77000682a2f6c8dfe61a005da326c,3,ptp4l[70.100]: port 1: new foreign master 6a4ba0.fffe.8f3dc2-1,70.100,1,new foreign master 6a4ba0.fffe.8f3dc2-1,ptp4l printed timestamp basis not established; no numeric join to detector/capture clocks
20260913_v5_a2,v5_runs,slave.log,1185b908446672c30ec05d2d7f48ff7d20b77000682a2f6c8dfe61a005da326c,5,ptp4l[70.443]: port 1: new foreign master 1eca53.fffe.4d597e-1,70.443,1,new foreign master 1eca53.fffe.4d597e-1,ptp4l printed timestamp basis not established; no numeric join to detector/capture clocks
20260913_v5_a2,v5_runs,slave.log,1185b908446672c30ec05d2d7f48ff7d20b77000682a2f6c8dfe61a005da326c,8,ptp4l[70.601]: port 1: LISTENING to UNCALIBRATED on RS_SLAVE,70.601,1,LISTENING to UNCALIBRATED on RS_SLAVE,ptp4l printed timestamp basis not established; no numeric join to detector/capture clocks
20260913_v5_a3,v5_runs,slave.log,8aad01e832ff40ffbf6a0ba8a59c8aa25e2928f8e1520a932095bfb3cf892859,1,ptp4l[127.088]: port 1: INITIALIZING to LISTENING on INIT_COMPLETE,127.088,1,INITIALIZING to LISTENING on INIT_COMPLETE,ptp4l printed timestamp basis not established; no numeric join to detector/capture clocks
20260913_v5_a3,v5_runs,slave.log,8aad01e832ff40ffbf6a0ba8a59c8aa25e2928f8e1520a932095bfb3cf892859,2,ptp4l[127.089]: port 0: INITIALIZING to LISTENING on INIT_COMPLETE,127.089,0,INITIALIZING to LISTENING on INIT_COMPLETE,ptp4l printed timestamp basis not established; no numeric join to detector/capture clocks
20260913_v5_a3,v5_runs,slave.log,8aad01e832ff40ffbf6a0ba8a59c8aa25e2928f8e1520a932095bfb3cf892859,3,ptp4l[127.842]: port 1: new foreign master 725f88.fffe.5a875e-1,127.842,1,new foreign master 725f88.fffe.5a875e-1,ptp4l printed timestamp basis not established; no numeric join to detector/capture clocks
20260913_v5_a3,v5_runs,slave.log,8aad01e832ff40ffbf6a0ba8a59c8aa25e2928f8e1520a932095bfb3cf892859,4,ptp4l[127.953]: port 1: new foreign master 6a7705.fffe.a9b983-1,127.953,1,new foreign master 6a7705.fffe.a9b983-1,ptp4l printed timestamp basis not established; no numeric join to detector/capture clocks
20260913_v5_a3,v5_runs,slave.log,8aad01e832ff40ffbf6a0ba8a59c8aa25e2928f8e1520a932095bfb3cf892859,8,ptp4l[128.344]: port 1: LISTENING to UNCALIBRATED on RS_SLAVE,128.344,1,LISTENING to UNCALIBRATED on RS_SLAVE,ptp4l printed timestamp basis not established; no numeric join to detector/capture clocks
20260913_v5_a4,v5_runs,slave.log,fb305965bb8f71c54f5d4aaa91757c2d54b71bca2e6d9c06320297b4527cd24a,1,ptp4l[184.836]: port 1: INITIALIZING to LISTENING on INIT_COMPLETE,184.836,1,INITIALIZING to LISTENING on INIT_COMPLETE,ptp4l printed timestamp basis not established; no numeric join to detector/capture clocks
20260913_v5_a4,v5_runs,slave.log,fb305965bb8f71c54f5d4aaa91757c2d54b71bca2e6d9c06320297b4527cd24a,2,ptp4l[184.837]: port 0: INITIALIZING to LISTENING on INIT_COMPLETE,184.837,0,INITIALIZING to LISTENING on INIT_COMPLETE,ptp4l printed timestamp basis not established; no numeric join to detector/capture clocks
20260913_v5_a4,v5_runs,slave.log,fb305965bb8f71c54f5d4aaa91757c2d54b71bca2e6d9c06320297b4527cd24a,3,ptp4l[185.612]: port 1: new foreign master 26906b.fffe.b26191-1,185.612,1,new foreign master 26906b.fffe.b26191-1,ptp4l printed timestamp basis not established; no numeric join to detector/capture clocks
20260913_v5_a4,v5_runs,slave.log,fb305965bb8f71c54f5d4aaa91757c2d54b71bca2e6d9c06320297b4527cd24a,5,ptp4l[185.757]: port 1: new foreign master d20de7.fffe.78d6ec-1,185.757,1,new foreign master d20de7.fffe.78d6ec-1,ptp4l printed timestamp basis not established; no numeric join to detector/capture clocks
20260913_v5_a4,v5_runs,slave.log,fb305965bb8f71c54f5d4aaa91757c2d54b71bca2e6d9c06320297b4527cd24a,8,ptp4l[186.114]: port 1: LISTENING to UNCALIBRATED on RS_SLAVE,186.114,1,LISTENING to UNCALIBRATED on RS_SLAVE,ptp4l printed timestamp basis not established; no numeric join to detector/capture clocks
20260913_v5_a5,v5_runs,slave.log,73e64e085e7b4ea011460eef8ab06088c2dcfe166f1349bedc0e0f997886d7ed,1,ptp4l[242.516]: port 1: INITIALIZING to LISTENING on INIT_COMPLETE,242.516,1,INITIALIZING to LISTENING on INIT_COMPLETE,ptp4l printed timestamp basis not established; no numeric join to detector/capture clocks
20260913_v5_a5,v5_runs,slave.log,73e64e085e7b4ea011460eef8ab06088c2dcfe166f1349bedc0e0f997886d7ed,2,ptp4l[242.517]: port 0: INITIALIZING to LISTENING on INIT_COMPLETE,242.517,0,INITIALIZING to LISTENING on INIT_COMPLETE,ptp4l printed timestamp basis not established; no numeric join to detector/capture clocks
20260913_v5_a5,v5_runs,slave.log,73e64e085e7b4ea011460eef8ab06088c2dcfe166f1349bedc0e0f997886d7ed,3,ptp4l[243.290]: port 1: new foreign master 327ec3.fffe.044691-1,243.290,1,new foreign master 327ec3.fffe.044691-1,ptp4l printed timestamp basis not established; no numeric join to detector/capture clocks
20260913_v5_a5,v5_runs,slave.log,73e64e085e7b4ea011460eef8ab06088c2dcfe166f1349bedc0e0f997886d7ed,5,ptp4l[243.388]: port 1: new foreign master 3ab353.fffe.ba4f10-1,243.388,1,new foreign master 3ab353.fffe.ba4f10-1,ptp4l printed timestamp basis not established; no numeric join to detector/capture clocks
20260913_v5_a5,v5_runs,slave.log,73e64e085e7b4ea011460eef8ab06088c2dcfe166f1349bedc0e0f997886d7ed,8,ptp4l[243.791]: port 1: LISTENING to UNCALIBRATED on RS_SLAVE,243.791,1,LISTENING to UNCALIBRATED on RS_SLAVE,ptp4l printed timestamp basis not established; no numeric join to detector/capture clocks
20260913_v5_b1,v5_runs,slave.log,cf75ff65f09170ca38275624e615fc867ab84e2416095a375b0230b03d70d5b7,1,ptp4l[23.192]: port 1: INITIALIZING to LISTENING on INIT_COMPLETE,23.192,1,INITIALIZING to LISTENING on INIT_COMPLETE,ptp4l printed timestamp basis not established; no numeric join to detector/capture clocks
20260913_v5_b1,v5_runs,slave.log,cf75ff65f09170ca38275624e615fc867ab84e2416095a375b0230b03d70d5b7,2,ptp4l[23.193]: port 0: INITIALIZING to LISTENING on INIT_COMPLETE,23.193,0,INITIALIZING to LISTENING on INIT_COMPLETE,ptp4l printed timestamp basis not established; no numeric join to detector/capture clocks
20260913_v5_b1,v5_runs,slave.log,cf75ff65f09170ca38275624e615fc867ab84e2416095a375b0230b03d70d5b7,3,ptp4l[24.106]: port 1: new foreign master 925bd1.fffe.fae659-1,24.106,1,new foreign master 925bd1.fffe.fae659-1,ptp4l printed timestamp basis not established; no numeric join to detector/capture clocks
20260913_v5_b1,v5_runs,slave.log,cf75ff65f09170ca38275624e615fc867ab84e2416095a375b0230b03d70d5b7,5,ptp4l[24.382]: port 1: new foreign master 3aaafe.fffe.370240-1,24.382,1,new foreign master 3aaafe.fffe.370240-1,ptp4l printed timestamp basis not established; no numeric join to detector/capture clocks
20260913_v5_b1,v5_runs,slave.log,cf75ff65f09170ca38275624e615fc867ab84e2416095a375b0230b03d70d5b7,8,ptp4l[24.608]: port 1: LISTENING to UNCALIBRATED on RS_SLAVE,24.608,1,LISTENING to UNCALIBRATED on RS_SLAVE,ptp4l printed timestamp basis not established; no numeric join to detector/capture clocks
20260913_v5_b2,v5_runs,slave.log,7040547c91c1ab515c35e52e3e1163b40c6c844f703d422707a1b09c03c3e09b,1,ptp4l[80.784]: port 1: INITIALIZING to LISTENING on INIT_COMPLETE,80.784,1,INITIALIZING to LISTENING on INIT_COMPLETE,ptp4l printed timestamp basis not established; no numeric join to detector/capture clocks
20260913_v5_b2,v5_runs,slave.log,7040547c91c1ab515c35e52e3e1163b40c6c844f703d422707a1b09c03c3e09b,2,ptp4l[80.785]: port 0: INITIALIZING to LISTENING on INIT_COMPLETE,80.785,0,INITIALIZING to LISTENING on INIT_COMPLETE,ptp4l printed timestamp basis not established; no numeric join to detector/capture clocks
20260913_v5_b2,v5_runs,slave.log,7040547c91c1ab515c35e52e3e1163b40c6c844f703d422707a1b09c03c3e09b,3,ptp4l[81.716]: port 1: new foreign master 561977.fffe.4ae38c-1,81.716,1,new foreign master 561977.fffe.4ae38c-1,ptp4l printed timestamp basis not established; no numeric join to detector/capture clocks
20260913_v5_b2,v5_runs,slave.log,7040547c91c1ab515c35e52e3e1163b40c6c844f703d422707a1b09c03c3e09b,5,ptp4l[82.010]: port 1: new foreign master 7673e9.fffe.9a2c5f-1,82.010,1,new foreign master 7673e9.fffe.9a2c5f-1,ptp4l printed timestamp basis not established; no numeric join to detector/capture clocks
20260913_v5_b2,v5_runs,slave.log,7040547c91c1ab515c35e52e3e1163b40c6c844f703d422707a1b09c03c3e09b,8,ptp4l[82.218]: port 1: LISTENING to UNCALIBRATED on RS_SLAVE,82.218,1,LISTENING to UNCALIBRATED on RS_SLAVE,ptp4l printed timestamp basis not established; no numeric join to detector/capture clocks
20260913_v5_b3,v5_runs,slave.log,c67fcb834427c3138b7c00cfe9c6c9d85a9b098a9e2c08562e7f2aa75eecf4d7,1,ptp4l[138.656]: port 1: INITIALIZING to LISTENING on INIT_COMPLETE,138.656,1,INITIALIZING to LISTENING on INIT_COMPLETE,ptp4l printed timestamp basis not established; no numeric join to detector/capture clocks
20260913_v5_b3,v5_runs,slave.log,c67fcb834427c3138b7c00cfe9c6c9d85a9b098a9e2c08562e7f2aa75eecf4d7,2,ptp4l[138.657]: port 0: INITIALIZING to LISTENING on INIT_COMPLETE,138.657,0,INITIALIZING to LISTENING on INIT_COMPLETE,ptp4l printed timestamp basis not established; no numeric join to detector/capture clocks
20260913_v5_b3,v5_runs,slave.log,c67fcb834427c3138b7c00cfe9c6c9d85a9b098a9e2c08562e7f2aa75eecf4d7,3,ptp4l[139.434]: port 1: new foreign master c2372c.fffe.26fa16-1,139.434,1,new foreign master c2372c.fffe.26fa16-1,ptp4l printed timestamp basis not established; no numeric join to detector/capture clocks
20260913_v5_b3,v5_runs,slave.log,c67fcb834427c3138b7c00cfe9c6c9d85a9b098a9e2c08562e7f2aa75eecf4d7,5,ptp4l[139.589]: port 1: new foreign master f2c7c4.fffe.3ba199-1,139.589,1,new foreign master f2c7c4.fffe.3ba199-1,ptp4l printed timestamp basis not established; no numeric join to detector/capture clocks
20260913_v5_b3,v5_runs,slave.log,c67fcb834427c3138b7c00cfe9c6c9d85a9b098a9e2c08562e7f2aa75eecf4d7,8,ptp4l[139.936]: port 1: LISTENING to UNCALIBRATED on RS_SLAVE,139.936,1,LISTENING to UNCALIBRATED on RS_SLAVE,ptp4l printed timestamp basis not established; no numeric join to detector/capture clocks
20260913_v5_b4,v5_runs,slave.log,c93a5cc63f2ab1f9daf0c3b1ed7ff5ec98f14ed0ad0707af33cfd28099b172ba,1,ptp4l[196.408]: port 1: INITIALIZING to LISTENING on INIT_COMPLETE,196.408,1,INITIALIZING to LISTENING on INIT_COMPLETE,ptp4l printed timestamp basis not established; no numeric join to detector/capture clocks
20260913_v5_b4,v5_runs,slave.log,c93a5cc63f2ab1f9daf0c3b1ed7ff5ec98f14ed0ad0707af33cfd28099b172ba,2,ptp4l[196.409]: port 0: INITIALIZING to LISTENING on INIT_COMPLETE,196.409,0,INITIALIZING to LISTENING on INIT_COMPLETE,ptp4l printed timestamp basis not established; no numeric join to detector/capture clocks
20260913_v5_b4,v5_runs,slave.log,c93a5cc63f2ab1f9daf0c3b1ed7ff5ec98f14ed0ad0707af33cfd28099b172ba,3,ptp4l[197.260]: port 1: new foreign master 5a1892.fffe.d2db0e-1,197.260,1,new foreign master 5a1892.fffe.d2db0e-1,ptp4l printed timestamp basis not established; no numeric join to detector/capture clocks
20260913_v5_b4,v5_runs,slave.log,c93a5cc63f2ab1f9daf0c3b1ed7ff5ec98f14ed0ad0707af33cfd28099b172ba,4,ptp4l[197.370]: port 1: new foreign master ea09f1.fffe.5b971f-1,197.370,1,new foreign master ea09f1.fffe.5b971f-1,ptp4l printed timestamp basis not established; no numeric join to detector/capture clocks
20260913_v5_b4,v5_runs,slave.log,c93a5cc63f2ab1f9daf0c3b1ed7ff5ec98f14ed0ad0707af33cfd28099b172ba,8,ptp4l[197.762]: port 1: LISTENING to UNCALIBRATED on RS_SLAVE,197.762,1,LISTENING to UNCALIBRATED on RS_SLAVE,ptp4l printed timestamp basis not established; no numeric join to detector/capture clocks
20260913_v5_b5,v5_runs,slave.log,1f190de8bd99a1b501eaf74dcde5ee1d6f5080267fae7d2c0cc42520e1f4c87f,1,ptp4l[254.032]: port 1: INITIALIZING to LISTENING on INIT_COMPLETE,254.032,1,INITIALIZING to LISTENING on INIT_COMPLETE,ptp4l printed timestamp basis not established; no numeric join to detector/capture clocks
20260913_v5_b5,v5_runs,slave.log,1f190de8bd99a1b501eaf74dcde5ee1d6f5080267fae7d2c0cc42520e1f4c87f,2,ptp4l[254.033]: port 0: INITIALIZING to LISTENING on INIT_COMPLETE,254.033,0,INITIALIZING to LISTENING on INIT_COMPLETE,ptp4l printed timestamp basis not established; no numeric join to detector/capture clocks
20260913_v5_b5,v5_runs,slave.log,1f190de8bd99a1b501eaf74dcde5ee1d6f5080267fae7d2c0cc42520e1f4c87f,3,ptp4l[254.953]: port 1: new foreign master aeb9f0.fffe.301770-1,254.953,1,new foreign master aeb9f0.fffe.301770-1,ptp4l printed timestamp basis not established; no numeric join to detector/capture clocks
20260913_v5_b5,v5_runs,slave.log,1f190de8bd99a1b501eaf74dcde5ee1d6f5080267fae7d2c0cc42520e1f4c87f,5,ptp4l[255.247]: port 1: new foreign master 86e8ad.fffe.ceb43b-1,255.247,1,new foreign master 86e8ad.fffe.ceb43b-1,ptp4l printed timestamp basis not established; no numeric join to detector/capture clocks
20260913_v5_b5,v5_runs,slave.log,1f190de8bd99a1b501eaf74dcde5ee1d6f5080267fae7d2c0cc42520e1f4c87f,8,ptp4l[255.455]: port 1: LISTENING to UNCALIBRATED on RS_SLAVE,255.455,1,LISTENING to UNCALIBRATED on RS_SLAVE,ptp4l printed timestamp basis not established; no numeric join to detector/capture clocks
20260913_v5_c1,v5_runs,slave.log,719ba3ed4088c8391f25a1d55fdf142e4a715a233ccc378be4af6392e6b50cb8,1,ptp4l[34.660]: port 1: INITIALIZING to LISTENING on INIT_COMPLETE,34.660,1,INITIALIZING to LISTENING on INIT_COMPLETE,ptp4l printed timestamp basis not established; no numeric join to detector/capture clocks
20260913_v5_c1,v5_runs,slave.log,719ba3ed4088c8391f25a1d55fdf142e4a715a233ccc378be4af6392e6b50cb8,2,ptp4l[34.661]: port 0: INITIALIZING to LISTENING on INIT_COMPLETE,34.661,0,INITIALIZING to LISTENING on INIT_COMPLETE,ptp4l printed timestamp basis not established; no numeric join to detector/capture clocks
20260913_v5_c1,v5_runs,slave.log,719ba3ed4088c8391f25a1d55fdf142e4a715a233ccc378be4af6392e6b50cb8,4,ptp4l[35.476]: port 1: new foreign master e2c0a6.fffe.7d8bd8-1,35.476,1,new foreign master e2c0a6.fffe.7d8bd8-1,ptp4l printed timestamp basis not established; no numeric join to detector/capture clocks
20260913_v5_c1,v5_runs,slave.log,719ba3ed4088c8391f25a1d55fdf142e4a715a233ccc378be4af6392e6b50cb8,5,ptp4l[35.570]: port 1: new foreign master aabae8.fffe.4238fb-1,35.570,1,new foreign master aabae8.fffe.4238fb-1,ptp4l printed timestamp basis not established; no numeric join to detector/capture clocks
20260913_v5_c1,v5_runs,slave.log,719ba3ed4088c8391f25a1d55fdf142e4a715a233ccc378be4af6392e6b50cb8,8,ptp4l[35.977]: port 1: LISTENING to UNCALIBRATED on RS_SLAVE,35.977,1,LISTENING to UNCALIBRATED on RS_SLAVE,ptp4l printed timestamp basis not established; no numeric join to detector/capture clocks
20260913_v5_c2,v5_runs,slave.log,0ee7401e60024c54ae2053b3391639c7b9ac690f3ad5b6cab829d6d01aca1865,1,ptp4l[92.328]: port 1: INITIALIZING to LISTENING on INIT_COMPLETE,92.328,1,INITIALIZING to LISTENING on INIT_COMPLETE,ptp4l printed timestamp basis not established; no numeric join to detector/capture clocks
20260913_v5_c2,v5_runs,slave.log,0ee7401e60024c54ae2053b3391639c7b9ac690f3ad5b6cab829d6d01aca1865,2,ptp4l[92.329]: port 0: INITIALIZING to LISTENING on INIT_COMPLETE,92.329,0,INITIALIZING to LISTENING on INIT_COMPLETE,ptp4l printed timestamp basis not established; no numeric join to detector/capture clocks
20260913_v5_c2,v5_runs,slave.log,0ee7401e60024c54ae2053b3391639c7b9ac690f3ad5b6cab829d6d01aca1865,4,ptp4l[93.388]: port 1: new foreign master b6a0fa.fffe.5a653a-1,93.388,1,new foreign master b6a0fa.fffe.5a653a-1,ptp4l printed timestamp basis not established; no numeric join to detector/capture clocks
20260913_v5_c2,v5_runs,slave.log,0ee7401e60024c54ae2053b3391639c7b9ac690f3ad5b6cab829d6d01aca1865,5,ptp4l[93.398]: port 1: new foreign master 96254e.fffe.b51de9-1,93.398,1,new foreign master 96254e.fffe.b51de9-1,ptp4l printed timestamp basis not established; no numeric join to detector/capture clocks
20260913_v5_c2,v5_runs,slave.log,0ee7401e60024c54ae2053b3391639c7b9ac690f3ad5b6cab829d6d01aca1865,8,ptp4l[93.890]: port 1: LISTENING to UNCALIBRATED on RS_SLAVE,93.890,1,LISTENING to UNCALIBRATED on RS_SLAVE,ptp4l printed timestamp basis not established; no numeric join to detector/capture clocks
20260913_v5_c3,v5_runs,slave.log,5984a5e139675d0bc25be80786b90f310aab0b7358e3e3d5a5d72aec60bc1351,1,ptp4l[150.192]: port 1: INITIALIZING to LISTENING on INIT_COMPLETE,150.192,1,INITIALIZING to LISTENING on INIT_COMPLETE,ptp4l printed timestamp basis not established; no numeric join to detector/capture clocks
20260913_v5_c3,v5_runs,slave.log,5984a5e139675d0bc25be80786b90f310aab0b7358e3e3d5a5d72aec60bc1351,2,ptp4l[150.193]: port 0: INITIALIZING to LISTENING on INIT_COMPLETE,150.193,0,INITIALIZING to LISTENING on INIT_COMPLETE,ptp4l printed timestamp basis not established; no numeric join to detector/capture clocks
20260913_v5_c3,v5_runs,slave.log,5984a5e139675d0bc25be80786b90f310aab0b7358e3e3d5a5d72aec60bc1351,4,ptp4l[151.145]: port 1: new foreign master 4a5974.fffe.d5d59e-1,151.145,1,new foreign master 4a5974.fffe.d5d59e-1,ptp4l printed timestamp basis not established; no numeric join to detector/capture clocks
20260913_v5_c3,v5_runs,slave.log,5984a5e139675d0bc25be80786b90f310aab0b7358e3e3d5a5d72aec60bc1351,5,ptp4l[151.306]: port 1: new foreign master b63448.fffe.414aaf-1,151.306,1,new foreign master b63448.fffe.414aaf-1,ptp4l printed timestamp basis not established; no numeric join to detector/capture clocks
20260913_v5_c3,v5_runs,slave.log,5984a5e139675d0bc25be80786b90f310aab0b7358e3e3d5a5d72aec60bc1351,8,ptp4l[151.647]: port 1: LISTENING to UNCALIBRATED on RS_SLAVE,151.647,1,LISTENING to UNCALIBRATED on RS_SLAVE,ptp4l printed timestamp basis not established; no numeric join to detector/capture clocks
20260913_v5_c4,v5_runs,slave.log,39d6026b3d0ab2519c3b616d065873735f699acc64066bc5e0feef99f961e720,1,ptp4l[207.916]: port 1: INITIALIZING to LISTENING on INIT_COMPLETE,207.916,1,INITIALIZING to LISTENING on INIT_COMPLETE,ptp4l printed timestamp basis not established; no numeric join to detector/capture clocks
20260913_v5_c4,v5_runs,slave.log,39d6026b3d0ab2519c3b616d065873735f699acc64066bc5e0feef99f961e720,2,ptp4l[207.917]: port 0: INITIALIZING to LISTENING on INIT_COMPLETE,207.917,0,INITIALIZING to LISTENING on INIT_COMPLETE,ptp4l printed timestamp basis not established; no numeric join to detector/capture clocks
20260913_v5_c4,v5_runs,slave.log,39d6026b3d0ab2519c3b616d065873735f699acc64066bc5e0feef99f961e720,3,ptp4l[208.758]: port 1: new foreign master 96db3a.fffe.446d90-1,208.758,1,new foreign master 96db3a.fffe.446d90-1,ptp4l printed timestamp basis not established; no numeric join to detector/capture clocks
20260913_v5_c4,v5_runs,slave.log,39d6026b3d0ab2519c3b616d065873735f699acc64066bc5e0feef99f961e720,5,ptp4l[209.122]: port 1: new foreign master 22cb1e.fffe.be7f5f-1,209.122,1,new foreign master 22cb1e.fffe.be7f5f-1,ptp4l printed timestamp basis not established; no numeric join to detector/capture clocks
20260913_v5_c4,v5_runs,slave.log,39d6026b3d0ab2519c3b616d065873735f699acc64066bc5e0feef99f961e720,8,ptp4l[209.260]: port 1: LISTENING to UNCALIBRATED on RS_SLAVE,209.260,1,LISTENING to UNCALIBRATED on RS_SLAVE,ptp4l printed timestamp basis not established; no numeric join to detector/capture clocks
20260913_v5_c5,v5_runs,slave.log,925adfaa505afba26ff30022915b2f37e58b56462153b39cb6c0ec95169d8a06,1,ptp4l[265.568]: port 1: INITIALIZING to LISTENING on INIT_COMPLETE,265.568,1,INITIALIZING to LISTENING on INIT_COMPLETE,ptp4l printed timestamp basis not established; no numeric join to detector/capture clocks
20260913_v5_c5,v5_runs,slave.log,925adfaa505afba26ff30022915b2f37e58b56462153b39cb6c0ec95169d8a06,2,ptp4l[265.569]: port 0: INITIALIZING to LISTENING on INIT_COMPLETE,265.569,0,INITIALIZING to LISTENING on INIT_COMPLETE,ptp4l printed timestamp basis not established; no numeric join to detector/capture clocks
20260913_v5_c5,v5_runs,slave.log,925adfaa505afba26ff30022915b2f37e58b56462153b39cb6c0ec95169d8a06,4,ptp4l[266.542]: port 1: new foreign master b6de66.fffe.16da09-1,266.542,1,new foreign master b6de66.fffe.16da09-1,ptp4l printed timestamp basis not established; no numeric join to detector/capture clocks
20260913_v5_c5,v5_runs,slave.log,925adfaa505afba26ff30022915b2f37e58b56462153b39cb6c0ec95169d8a06,5,ptp4l[266.562]: port 1: new foreign master 3aa6c5.fffe.508fac-1,266.562,1,new foreign master 3aa6c5.fffe.508fac-1,ptp4l printed timestamp basis not established; no numeric join to detector/capture clocks
20260913_v5_c5,v5_runs,slave.log,925adfaa505afba26ff30022915b2f37e58b56462153b39cb6c0ec95169d8a06,8,ptp4l[267.044]: port 1: LISTENING to UNCALIBRATED on RS_SLAVE,267.044,1,LISTENING to UNCALIBRATED on RS_SLAVE,ptp4l printed timestamp basis not established; no numeric join to detector/capture clocks
20260913_v5_d1,v5_runs,slave.log,3af0da2f5ebf547d0342010959f38ddabab0d3bb36f89c14b807e67e9a3be3bf,1,ptp4l[46.192]: port 1: INITIALIZING to LISTENING on INIT_COMPLETE,46.192,1,INITIALIZING to LISTENING on INIT_COMPLETE,ptp4l printed timestamp basis not established; no numeric join to detector/capture clocks
20260913_v5_d1,v5_runs,slave.log,3af0da2f5ebf547d0342010959f38ddabab0d3bb36f89c14b807e67e9a3be3bf,2,ptp4l[46.193]: port 0: INITIALIZING to LISTENING on INIT_COMPLETE,46.193,0,INITIALIZING to LISTENING on INIT_COMPLETE,ptp4l printed timestamp basis not established; no numeric join to detector/capture clocks
20260913_v5_d1,v5_runs,slave.log,3af0da2f5ebf547d0342010959f38ddabab0d3bb36f89c14b807e67e9a3be3bf,3,ptp4l[46.958]: port 1: new foreign master 629384.fffe.a0bb96-1,46.958,1,new foreign master 629384.fffe.a0bb96-1,ptp4l printed timestamp basis not established; no numeric join to detector/capture clocks
20260913_v5_d1,v5_runs,slave.log,3af0da2f5ebf547d0342010959f38ddabab0d3bb36f89c14b807e67e9a3be3bf,5,ptp4l[47.151]: port 1: new foreign master 16a4ab.fffe.08a56c-1,47.151,1,new foreign master 16a4ab.fffe.08a56c-1,ptp4l printed timestamp basis not established; no numeric join to detector/capture clocks
20260913_v5_d1,v5_runs,slave.log,3af0da2f5ebf547d0342010959f38ddabab0d3bb36f89c14b807e67e9a3be3bf,8,ptp4l[47.460]: port 1: LISTENING to UNCALIBRATED on RS_SLAVE,47.460,1,LISTENING to UNCALIBRATED on RS_SLAVE,ptp4l printed timestamp basis not established; no numeric join to detector/capture clocks
20260913_v5_d2,v5_runs,slave.log,cb495a07ee1976f3f108c019a1f78e353bbdb06df55579c5171c4e9d61586036,1,ptp4l[103.812]: port 1: INITIALIZING to LISTENING on INIT_COMPLETE,103.812,1,INITIALIZING to LISTENING on INIT_COMPLETE,ptp4l printed timestamp basis not established; no numeric join to detector/capture clocks
20260913_v5_d2,v5_runs,slave.log,cb495a07ee1976f3f108c019a1f78e353bbdb06df55579c5171c4e9d61586036,2,ptp4l[103.813]: port 0: INITIALIZING to LISTENING on INIT_COMPLETE,103.813,0,INITIALIZING to LISTENING on INIT_COMPLETE,ptp4l printed timestamp basis not established; no numeric join to detector/capture clocks
20260913_v5_d2,v5_runs,slave.log,cb495a07ee1976f3f108c019a1f78e353bbdb06df55579c5171c4e9d61586036,4,ptp4l[104.697]: port 1: new foreign master 2a28b4.fffe.020fc4-1,104.697,1,new foreign master 2a28b4.fffe.020fc4-1,ptp4l printed timestamp basis not established; no numeric join to detector/capture clocks
20260913_v5_d2,v5_runs,slave.log,cb495a07ee1976f3f108c019a1f78e353bbdb06df55579c5171c4e9d61586036,5,ptp4l[104.705]: port 1: new foreign master 2ab5f8.fffe.733ad7-1,104.705,1,new foreign master 2ab5f8.fffe.733ad7-1,ptp4l printed timestamp basis not established; no numeric join to detector/capture clocks
20260913_v5_d2,v5_runs,slave.log,cb495a07ee1976f3f108c019a1f78e353bbdb06df55579c5171c4e9d61586036,8,ptp4l[105.199]: port 1: LISTENING to UNCALIBRATED on RS_SLAVE,105.199,1,LISTENING to UNCALIBRATED on RS_SLAVE,ptp4l printed timestamp basis not established; no numeric join to detector/capture clocks
20260913_v5_d3,v5_runs,slave.log,ea0f0a92dc171f458114947e30773c5449f3617d6f7500bf59fb87f68baf7659,1,ptp4l[161.760]: port 1: INITIALIZING to LISTENING on INIT_COMPLETE,161.760,1,INITIALIZING to LISTENING on INIT_COMPLETE,ptp4l printed timestamp basis not established; no numeric join to detector/capture clocks
20260913_v5_d3,v5_runs,slave.log,ea0f0a92dc171f458114947e30773c5449f3617d6f7500bf59fb87f68baf7659,2,ptp4l[161.761]: port 0: INITIALIZING to LISTENING on INIT_COMPLETE,161.761,0,INITIALIZING to LISTENING on INIT_COMPLETE,ptp4l printed timestamp basis not established; no numeric join to detector/capture clocks
20260913_v5_d3,v5_runs,slave.log,ea0f0a92dc171f458114947e30773c5449f3617d6f7500bf59fb87f68baf7659,4,ptp4l[162.706]: port 1: new foreign master 72ea45.fffe.4eeeff-1,162.706,1,new foreign master 72ea45.fffe.4eeeff-1,ptp4l printed timestamp basis not established; no numeric join to detector/capture clocks
20260913_v5_d3,v5_runs,slave.log,ea0f0a92dc171f458114947e30773c5449f3617d6f7500bf59fb87f68baf7659,5,ptp4l[162.911]: port 1: new foreign master e6d7ae.fffe.d283dc-1,162.911,1,new foreign master e6d7ae.fffe.d283dc-1,ptp4l printed timestamp basis not established; no numeric join to detector/capture clocks
20260913_v5_d3,v5_runs,slave.log,ea0f0a92dc171f458114947e30773c5449f3617d6f7500bf59fb87f68baf7659,8,ptp4l[163.208]: port 1: LISTENING to UNCALIBRATED on RS_SLAVE,163.208,1,LISTENING to UNCALIBRATED on RS_SLAVE,ptp4l printed timestamp basis not established; no numeric join to detector/capture clocks
20260913_v5_d4,v5_runs,slave.log,3b06682f816ca984bfff265221c34de3ffed8b8e856f7cf680b42258580c2202,1,ptp4l[219.408]: port 1: INITIALIZING to LISTENING on INIT_COMPLETE,219.408,1,INITIALIZING to LISTENING on INIT_COMPLETE,ptp4l printed timestamp basis not established; no numeric join to detector/capture clocks
20260913_v5_d4,v5_runs,slave.log,3b06682f816ca984bfff265221c34de3ffed8b8e856f7cf680b42258580c2202,2,ptp4l[219.409]: port 0: INITIALIZING to LISTENING on INIT_COMPLETE,219.409,0,INITIALIZING to LISTENING on INIT_COMPLETE,ptp4l printed timestamp basis not established; no numeric join to detector/capture clocks
20260913_v5_d4,v5_runs,slave.log,3b06682f816ca984bfff265221c34de3ffed8b8e856f7cf680b42258580c2202,3,ptp4l[220.220]: port 1: new foreign master 3a50af.fffe.502bc3-1,220.220,1,new foreign master 3a50af.fffe.502bc3-1,ptp4l printed timestamp basis not established; no numeric join to detector/capture clocks
20260913_v5_d4,v5_runs,slave.log,3b06682f816ca984bfff265221c34de3ffed8b8e856f7cf680b42258580c2202,5,ptp4l[220.497]: port 1: new foreign master 6ab27b.fffe.173cf3-1,220.497,1,new foreign master 6ab27b.fffe.173cf3-1,ptp4l printed timestamp basis not established; no numeric join to detector/capture clocks
20260913_v5_d4,v5_runs,slave.log,3b06682f816ca984bfff265221c34de3ffed8b8e856f7cf680b42258580c2202,8,ptp4l[220.722]: port 1: LISTENING to UNCALIBRATED on RS_SLAVE,220.722,1,LISTENING to UNCALIBRATED on RS_SLAVE,ptp4l printed timestamp basis not established; no numeric join to detector/capture clocks
20260913_v5_d5,v5_runs,slave.log,fc8facd4f143123b2b85c351296c658553ec08944cf8669f18dc6e26fc2ebf48,1,ptp4l[277.124]: port 1: INITIALIZING to LISTENING on INIT_COMPLETE,277.124,1,INITIALIZING to LISTENING on INIT_COMPLETE,ptp4l printed timestamp basis not established; no numeric join to detector/capture clocks
20260913_v5_d5,v5_runs,slave.log,fc8facd4f143123b2b85c351296c658553ec08944cf8669f18dc6e26fc2ebf48,2,ptp4l[277.125]: port 0: INITIALIZING to LISTENING on INIT_COMPLETE,277.125,0,INITIALIZING to LISTENING on INIT_COMPLETE,ptp4l printed timestamp basis not established; no numeric join to detector/capture clocks
20260913_v5_d5,v5_runs,slave.log,fc8facd4f143123b2b85c351296c658553ec08944cf8669f18dc6e26fc2ebf48,3,ptp4l[277.922]: port 1: new foreign master 76d1c2.fffe.0014a0-1,277.922,1,new foreign master 76d1c2.fffe.0014a0-1,ptp4l printed timestamp basis not established; no numeric join to detector/capture clocks
20260913_v5_d5,v5_runs,slave.log,fc8facd4f143123b2b85c351296c658553ec08944cf8669f18dc6e26fc2ebf48,4,ptp4l[277.984]: port 1: new foreign master eaa49d.fffe.18a584-1,277.984,1,new foreign master eaa49d.fffe.18a584-1,ptp4l printed timestamp basis not established; no numeric join to detector/capture clocks
20260913_v5_d5,v5_runs,slave.log,fc8facd4f143123b2b85c351296c658553ec08944cf8669f18dc6e26fc2ebf48,8,ptp4l[278.425]: port 1: LISTENING to UNCALIBRATED on RS_SLAVE,278.425,1,LISTENING to UNCALIBRATED on RS_SLAVE,ptp4l printed timestamp basis not established; no numeric join to detector/capture clocks
20260913_v5_e1,v5_runs,slave.log,bccef2e46eb90c48cab9f49484db204253e75cf39668bfb236c22f124fa286f4,1,ptp4l[57.748]: port 1: INITIALIZING to LISTENING on INIT_COMPLETE,57.748,1,INITIALIZING to LISTENING on INIT_COMPLETE,ptp4l printed timestamp basis not established; no numeric join to detector/capture clocks
20260913_v5_e1,v5_runs,slave.log,bccef2e46eb90c48cab9f49484db204253e75cf39668bfb236c22f124fa286f4,2,ptp4l[57.749]: port 0: INITIALIZING to LISTENING on INIT_COMPLETE,57.749,0,INITIALIZING to LISTENING on INIT_COMPLETE,ptp4l printed timestamp basis not established; no numeric join to detector/capture clocks
20260913_v5_e1,v5_runs,slave.log,bccef2e46eb90c48cab9f49484db204253e75cf39668bfb236c22f124fa286f4,4,ptp4l[58.712]: port 1: new foreign master de568b.fffe.b0f965-1,58.712,1,new foreign master de568b.fffe.b0f965-1,ptp4l printed timestamp basis not established; no numeric join to detector/capture clocks
20260913_v5_e1,v5_runs,slave.log,bccef2e46eb90c48cab9f49484db204253e75cf39668bfb236c22f124fa286f4,5,ptp4l[58.789]: port 1: new foreign master 6eea77.fffe.8cd94a-1,58.789,1,new foreign master 6eea77.fffe.8cd94a-1,ptp4l printed timestamp basis not established; no numeric join to detector/capture clocks
20260913_v5_e1,v5_runs,slave.log,bccef2e46eb90c48cab9f49484db204253e75cf39668bfb236c22f124fa286f4,8,ptp4l[59.213]: port 1: LISTENING to UNCALIBRATED on RS_SLAVE,59.213,1,LISTENING to UNCALIBRATED on RS_SLAVE,ptp4l printed timestamp basis not established; no numeric join to detector/capture clocks
20260913_v5_e2,v5_runs,slave.log,60c3292d529d3520a84c43c71baaaacdc81c4a9d00055e51116d699785216323,1,ptp4l[115.464]: port 1: INITIALIZING to LISTENING on INIT_COMPLETE,115.464,1,INITIALIZING to LISTENING on INIT_COMPLETE,ptp4l printed timestamp basis not established; no numeric join to detector/capture clocks
20260913_v5_e2,v5_runs,slave.log,60c3292d529d3520a84c43c71baaaacdc81c4a9d00055e51116d699785216323,2,ptp4l[115.465]: port 0: INITIALIZING to LISTENING on INIT_COMPLETE,115.465,0,INITIALIZING to LISTENING on INIT_COMPLETE,ptp4l printed timestamp basis not established; no numeric join to detector/capture clocks
20260913_v5_e2,v5_runs,slave.log,60c3292d529d3520a84c43c71baaaacdc81c4a9d00055e51116d699785216323,3,ptp4l[116.219]: port 1: new foreign master 06f0aa.fffe.c4eb3c-1,116.219,1,new foreign master 06f0aa.fffe.c4eb3c-1,ptp4l printed timestamp basis not established; no numeric join to detector/capture clocks
20260913_v5_e2,v5_runs,slave.log,60c3292d529d3520a84c43c71baaaacdc81c4a9d00055e51116d699785216323,4,ptp4l[116.242]: port 1: new foreign master 2e4142.fffe.b06fbd-1,116.242,1,new foreign master 2e4142.fffe.b06fbd-1,ptp4l printed timestamp basis not established; no numeric join to detector/capture clocks
20260913_v5_e2,v5_runs,slave.log,60c3292d529d3520a84c43c71baaaacdc81c4a9d00055e51116d699785216323,8,ptp4l[116.721]: port 1: LISTENING to UNCALIBRATED on RS_SLAVE,116.721,1,LISTENING to UNCALIBRATED on RS_SLAVE,ptp4l printed timestamp basis not established; no numeric join to detector/capture clocks
20260913_v5_e3,v5_runs,slave.log,50c301809f63abb678c9e20d11d10d09b0722756041fee9152ceadf7a33f408d,1,ptp4l[173.308]: port 1: INITIALIZING to LISTENING on INIT_COMPLETE,173.308,1,INITIALIZING to LISTENING on INIT_COMPLETE,ptp4l printed timestamp basis not established; no numeric join to detector/capture clocks
20260913_v5_e3,v5_runs,slave.log,50c301809f63abb678c9e20d11d10d09b0722756041fee9152ceadf7a33f408d,2,ptp4l[173.309]: port 0: INITIALIZING to LISTENING on INIT_COMPLETE,173.309,0,INITIALIZING to LISTENING on INIT_COMPLETE,ptp4l printed timestamp basis not established; no numeric join to detector/capture clocks
20260913_v5_e3,v5_runs,slave.log,50c301809f63abb678c9e20d11d10d09b0722756041fee9152ceadf7a33f408d,3,ptp4l[174.054]: port 1: new foreign master 1e9184.fffe.a222c0-1,174.054,1,new foreign master 1e9184.fffe.a222c0-1,ptp4l printed timestamp basis not established; no numeric join to detector/capture clocks
20260913_v5_e3,v5_runs,slave.log,50c301809f63abb678c9e20d11d10d09b0722756041fee9152ceadf7a33f408d,5,ptp4l[174.391]: port 1: new foreign master f68e74.fffe.233a8a-1,174.391,1,new foreign master f68e74.fffe.233a8a-1,ptp4l printed timestamp basis not established; no numeric join to detector/capture clocks
20260913_v5_e3,v5_runs,slave.log,50c301809f63abb678c9e20d11d10d09b0722756041fee9152ceadf7a33f408d,8,ptp4l[174.556]: port 1: LISTENING to UNCALIBRATED on RS_SLAVE,174.556,1,LISTENING to UNCALIBRATED on RS_SLAVE,ptp4l printed timestamp basis not established; no numeric join to detector/capture clocks
20260913_v5_e4,v5_runs,slave.log,f7071126ffda7e55269907fa0437cabf773ea2beabda53640a0d91c79b7ca0e4,1,ptp4l[230.940]: port 1: INITIALIZING to LISTENING on INIT_COMPLETE,230.940,1,INITIALIZING to LISTENING on INIT_COMPLETE,ptp4l printed timestamp basis not established; no numeric join to detector/capture clocks
20260913_v5_e4,v5_runs,slave.log,f7071126ffda7e55269907fa0437cabf773ea2beabda53640a0d91c79b7ca0e4,2,ptp4l[230.941]: port 0: INITIALIZING to LISTENING on INIT_COMPLETE,230.941,0,INITIALIZING to LISTENING on INIT_COMPLETE,ptp4l printed timestamp basis not established; no numeric join to detector/capture clocks
20260913_v5_e4,v5_runs,slave.log,f7071126ffda7e55269907fa0437cabf773ea2beabda53640a0d91c79b7ca0e4,3,ptp4l[231.764]: port 1: new foreign master 367260.fffe.85974d-1,231.764,1,new foreign master 367260.fffe.85974d-1,ptp4l printed timestamp basis not established; no numeric join to detector/capture clocks
20260913_v5_e4,v5_runs,slave.log,f7071126ffda7e55269907fa0437cabf773ea2beabda53640a0d91c79b7ca0e4,5,ptp4l[231.869]: port 1: new foreign master 46f81a.fffe.4db08d-1,231.869,1,new foreign master 46f81a.fffe.4db08d-1,ptp4l printed timestamp basis not established; no numeric join to detector/capture clocks
20260913_v5_e4,v5_runs,slave.log,f7071126ffda7e55269907fa0437cabf773ea2beabda53640a0d91c79b7ca0e4,8,ptp4l[232.265]: port 1: LISTENING to UNCALIBRATED on RS_SLAVE,232.265,1,LISTENING to UNCALIBRATED on RS_SLAVE,ptp4l printed timestamp basis not established; no numeric join to detector/capture clocks
20260913_v5_e5,v5_runs,slave.log,21f6a5ba1f2c225c33c475e5364328f15a51184483861ce0e218d88cf21b4ad3,1,ptp4l[288.596]: port 1: INITIALIZING to LISTENING on INIT_COMPLETE,288.596,1,INITIALIZING to LISTENING on INIT_COMPLETE,ptp4l printed timestamp basis not established; no numeric join to detector/capture clocks
20260913_v5_e5,v5_runs,slave.log,21f6a5ba1f2c225c33c475e5364328f15a51184483861ce0e218d88cf21b4ad3,2,ptp4l[288.597]: port 0: INITIALIZING to LISTENING on INIT_COMPLETE,288.597,0,INITIALIZING to LISTENING on INIT_COMPLETE,ptp4l printed timestamp basis not established; no numeric join to detector/capture clocks
20260913_v5_e5,v5_runs,slave.log,21f6a5ba1f2c225c33c475e5364328f15a51184483861ce0e218d88cf21b4ad3,3,ptp4l[289.369]: port 1: new foreign master 22eb6b.fffe.acef14-1,289.369,1,new foreign master 22eb6b.fffe.acef14-1,ptp4l printed timestamp basis not established; no numeric join to detector/capture clocks
20260913_v5_e5,v5_runs,slave.log,21f6a5ba1f2c225c33c475e5364328f15a51184483861ce0e218d88cf21b4ad3,5,ptp4l[289.590]: port 1: new foreign master ce38e7.fffe.d667d7-1,289.590,1,new foreign master ce38e7.fffe.d667d7-1,ptp4l printed timestamp basis not established; no numeric join to detector/capture clocks
20260913_v5_e5,v5_runs,slave.log,21f6a5ba1f2c225c33c475e5364328f15a51184483861ce0e218d88cf21b4ad3,8,ptp4l[289.870]: port 1: LISTENING to UNCALIBRATED on RS_SLAVE,289.870,1,LISTENING to UNCALIBRATED on RS_SLAVE,ptp4l printed timestamp basis not established; no numeric join to detector/capture clocks
20260913_s11_act1,s11_runs,slave.log,6f7377b214f3f81021e511e92bacbaafafba75710dc0d37cec9aa2afab5b1c08,1,ptp4l[55.948]: port 1: INITIALIZING to LISTENING on INIT_COMPLETE,55.948,1,INITIALIZING to LISTENING on INIT_COMPLETE,ptp4l printed timestamp basis not established; no numeric join to detector/capture clocks
20260913_s11_act1,s11_runs,slave.log,6f7377b214f3f81021e511e92bacbaafafba75710dc0d37cec9aa2afab5b1c08,2,ptp4l[55.976]: port 2: INITIALIZING to LISTENING on INIT_COMPLETE,55.976,2,INITIALIZING to LISTENING on INIT_COMPLETE,ptp4l printed timestamp basis not established; no numeric join to detector/capture clocks
20260913_s11_act1,s11_runs,slave.log,6f7377b214f3f81021e511e92bacbaafafba75710dc0d37cec9aa2afab5b1c08,3,ptp4l[55.977]: port 0: INITIALIZING to LISTENING on INIT_COMPLETE,55.977,0,INITIALIZING to LISTENING on INIT_COMPLETE,ptp4l printed timestamp basis not established; no numeric join to detector/capture clocks
20260913_s11_act1,s11_runs,slave.log,6f7377b214f3f81021e511e92bacbaafafba75710dc0d37cec9aa2afab5b1c08,4,ptp4l[56.804]: port 2: new foreign master 0a9fae.fffe.fbb97d-1,56.804,2,new foreign master 0a9fae.fffe.fbb97d-1,ptp4l printed timestamp basis not established; no numeric join to detector/capture clocks
20260913_s11_act1,s11_runs,slave.log,6f7377b214f3f81021e511e92bacbaafafba75710dc0d37cec9aa2afab5b1c08,7,ptp4l[57.107]: port 1: new foreign master 0ab2d3.fffe.a1049e-1,57.107,1,new foreign master 0ab2d3.fffe.a1049e-1,ptp4l printed timestamp basis not established; no numeric join to detector/capture clocks
20260913_s11_act1,s11_runs,slave.log,6f7377b214f3f81021e511e92bacbaafafba75710dc0d37cec9aa2afab5b1c08,10,ptp4l[57.306]: port 2: LISTENING to UNCALIBRATED on RS_SLAVE,57.306,2,LISTENING to UNCALIBRATED on RS_SLAVE,ptp4l printed timestamp basis not established; no numeric join to detector/capture clocks
20260913_s11_act1,s11_runs,slave.log,6f7377b214f3f81021e511e92bacbaafafba75710dc0d37cec9aa2afab5b1c08,13,ptp4l[57.609]: port 1: LISTENING to UNCALIBRATED on RS_SLAVE,57.609,1,LISTENING to UNCALIBRATED on RS_SLAVE,ptp4l printed timestamp basis not established; no numeric join to detector/capture clocks
20260913_s11_act1,s11_runs,slave.log,6f7377b214f3f81021e511e92bacbaafafba75710dc0d37cec9aa2afab5b1c08,14,ptp4l[57.610]: port 2: master state recommended in slave only mode,57.610,2,master state recommended in slave only mode,ptp4l printed timestamp basis not established; no numeric join to detector/capture clocks
20260913_s11_act1,s11_runs,slave.log,6f7377b214f3f81021e511e92bacbaafafba75710dc0d37cec9aa2afab5b1c08,15,ptp4l[57.610]: port 2: defaultDS.priority1 probably misconfigured,57.610,2,defaultDS.priority1 probably misconfigured,ptp4l printed timestamp basis not established; no numeric join to detector/capture clocks
20260913_s11_act1,s11_runs,slave.log,6f7377b214f3f81021e511e92bacbaafafba75710dc0d37cec9aa2afab5b1c08,16,ptp4l[57.611]: port 2: UNCALIBRATED to LISTENING on RS_MASTER,57.611,2,UNCALIBRATED to LISTENING on RS_MASTER,ptp4l printed timestamp basis not established; no numeric join to detector/capture clocks
20260913_s11_act1,s11_runs,slave.log,6f7377b214f3f81021e511e92bacbaafafba75710dc0d37cec9aa2afab5b1c08,21,ptp4l[59.060]: port 2: master state recommended in slave only mode,59.060,2,master state recommended in slave only mode,ptp4l printed timestamp basis not established; no numeric join to detector/capture clocks
20260913_s11_act1,s11_runs,slave.log,6f7377b214f3f81021e511e92bacbaafafba75710dc0d37cec9aa2afab5b1c08,22,ptp4l[59.062]: port 2: defaultDS.priority1 probably misconfigured,59.062,2,defaultDS.priority1 probably misconfigured,ptp4l printed timestamp basis not established; no numeric join to detector/capture clocks
20260913_s11_act1,s11_runs,slave.log,6f7377b214f3f81021e511e92bacbaafafba75710dc0d37cec9aa2afab5b1c08,27,ptp4l[59.806]: port 2: master state recommended in slave only mode,59.806,2,master state recommended in slave only mode,ptp4l printed timestamp basis not established; no numeric join to detector/capture clocks
20260913_s11_act1,s11_runs,slave.log,6f7377b214f3f81021e511e92bacbaafafba75710dc0d37cec9aa2afab5b1c08,28,ptp4l[59.807]: port 2: defaultDS.priority1 probably misconfigured,59.807,2,defaultDS.priority1 probably misconfigured,ptp4l printed timestamp basis not established; no numeric join to detector/capture clocks
20260913_s11_act1,s11_runs,slave.log,6f7377b214f3f81021e511e92bacbaafafba75710dc0d37cec9aa2afab5b1c08,33,ptp4l[60.557]: port 2: master state recommended in slave only mode,60.557,2,master state recommended in slave only mode,ptp4l printed timestamp basis not established; no numeric join to detector/capture clocks
20260913_s11_act1,s11_runs,slave.log,6f7377b214f3f81021e511e92bacbaafafba75710dc0d37cec9aa2afab5b1c08,34,ptp4l[60.557]: port 2: defaultDS.priority1 probably misconfigured,60.557,2,defaultDS.priority1 probably misconfigured,ptp4l printed timestamp basis not established; no numeric join to detector/capture clocks
20260913_s11_act1,s11_runs,slave.log,6f7377b214f3f81021e511e92bacbaafafba75710dc0d37cec9aa2afab5b1c08,39,ptp4l[61.557]: port 2: master state recommended in slave only mode,61.557,2,master state recommended in slave only mode,ptp4l printed timestamp basis not established; no numeric join to detector/capture clocks
20260913_s11_act1,s11_runs,slave.log,6f7377b214f3f81021e511e92bacbaafafba75710dc0d37cec9aa2afab5b1c08,40,ptp4l[61.558]: port 2: defaultDS.priority1 probably misconfigured,61.558,2,defaultDS.priority1 probably misconfigured,ptp4l printed timestamp basis not established; no numeric join to detector/capture clocks
20260913_s11_act1,s11_runs,slave.log,6f7377b214f3f81021e511e92bacbaafafba75710dc0d37cec9aa2afab5b1c08,45,ptp4l[62.557]: port 2: master state recommended in slave only mode,62.557,2,master state recommended in slave only mode,ptp4l printed timestamp basis not established; no numeric join to detector/capture clocks
20260913_s11_act1,s11_runs,slave.log,6f7377b214f3f81021e511e92bacbaafafba75710dc0d37cec9aa2afab5b1c08,46,ptp4l[62.558]: port 2: defaultDS.priority1 probably misconfigured,62.558,2,defaultDS.priority1 probably misconfigured,ptp4l printed timestamp basis not established; no numeric join to detector/capture clocks
20260913_s11_act1,s11_runs,slave.log,6f7377b214f3f81021e511e92bacbaafafba75710dc0d37cec9aa2afab5b1c08,51,ptp4l[63.311]: port 2: master state recommended in slave only mode,63.311,2,master state recommended in slave only mode,ptp4l printed timestamp basis not established; no numeric join to detector/capture clocks
20260913_s11_act1,s11_runs,slave.log,6f7377b214f3f81021e511e92bacbaafafba75710dc0d37cec9aa2afab5b1c08,52,ptp4l[63.314]: port 2: defaultDS.priority1 probably misconfigured,63.314,2,defaultDS.priority1 probably misconfigured,ptp4l printed timestamp basis not established; no numeric join to detector/capture clocks
20260913_s11_act1,s11_runs,slave.log,6f7377b214f3f81021e511e92bacbaafafba75710dc0d37cec9aa2afab5b1c08,57,ptp4l[64.062]: port 2: master state recommended in slave only mode,64.062,2,master state recommended in slave only mode,ptp4l printed timestamp basis not established; no numeric join to detector/capture clocks
20260913_s11_act1,s11_runs,slave.log,6f7377b214f3f81021e511e92bacbaafafba75710dc0d37cec9aa2afab5b1c08,58,ptp4l[64.064]: port 2: defaultDS.priority1 probably misconfigured,64.064,2,defaultDS.priority1 probably misconfigured,ptp4l printed timestamp basis not established; no numeric join to detector/capture clocks
20260913_s11_act1,s11_runs,slave.log,6f7377b214f3f81021e511e92bacbaafafba75710dc0d37cec9aa2afab5b1c08,63,ptp4l[65.062]: port 2: master state recommended in slave only mode,65.062,2,master state recommended in slave only mode,ptp4l printed timestamp basis not established; no numeric join to detector/capture clocks
20260913_s11_act1,s11_runs,slave.log,6f7377b214f3f81021e511e92bacbaafafba75710dc0d37cec9aa2afab5b1c08,64,ptp4l[65.065]: port 2: defaultDS.priority1 probably misconfigured,65.065,2,defaultDS.priority1 probably misconfigured,ptp4l printed timestamp basis not established; no numeric join to detector/capture clocks
20260913_s11_act1,s11_runs,slave.log,6f7377b214f3f81021e511e92bacbaafafba75710dc0d37cec9aa2afab5b1c08,69,ptp4l[66.059]: port 2: master state recommended in slave only mode,66.059,2,master state recommended in slave only mode,ptp4l printed timestamp basis not established; no numeric join to detector/capture clocks
20260913_s11_act1,s11_runs,slave.log,6f7377b214f3f81021e511e92bacbaafafba75710dc0d37cec9aa2afab5b1c08,70,ptp4l[66.060]: port 2: defaultDS.priority1 probably misconfigured,66.060,2,defaultDS.priority1 probably misconfigured,ptp4l printed timestamp basis not established; no numeric join to detector/capture clocks
20260913_s11_act1,s11_runs,slave.log,6f7377b214f3f81021e511e92bacbaafafba75710dc0d37cec9aa2afab5b1c08,75,ptp4l[66.813]: port 2: master state recommended in slave only mode,66.813,2,master state recommended in slave only mode,ptp4l printed timestamp basis not established; no numeric join to detector/capture clocks
20260913_s11_act1,s11_runs,slave.log,6f7377b214f3f81021e511e92bacbaafafba75710dc0d37cec9aa2afab5b1c08,76,ptp4l[66.815]: port 2: defaultDS.priority1 probably misconfigured,66.815,2,defaultDS.priority1 probably misconfigured,ptp4l printed timestamp basis not established; no numeric join to detector/capture clocks
20260913_s11_act1,s11_runs,slave.log,6f7377b214f3f81021e511e92bacbaafafba75710dc0d37cec9aa2afab5b1c08,81,ptp4l[67.815]: port 2: master state recommended in slave only mode,67.815,2,master state recommended in slave only mode,ptp4l printed timestamp basis not established; no numeric join to detector/capture clocks
20260913_s11_act1,s11_runs,slave.log,6f7377b214f3f81021e511e92bacbaafafba75710dc0d37cec9aa2afab5b1c08,82,ptp4l[67.817]: port 2: defaultDS.priority1 probably misconfigured,67.817,2,defaultDS.priority1 probably misconfigured,ptp4l printed timestamp basis not established; no numeric join to detector/capture clocks
20260913_s11_act1,s11_runs,slave.log,6f7377b214f3f81021e511e92bacbaafafba75710dc0d37cec9aa2afab5b1c08,87,ptp4l[68.564]: port 2: master state recommended in slave only mode,68.564,2,master state recommended in slave only mode,ptp4l printed timestamp basis not established; no numeric join to detector/capture clocks
20260913_s11_act1,s11_runs,slave.log,6f7377b214f3f81021e511e92bacbaafafba75710dc0d37cec9aa2afab5b1c08,88,ptp4l[68.566]: port 2: defaultDS.priority1 probably misconfigured,68.566,2,defaultDS.priority1 probably misconfigured,ptp4l printed timestamp basis not established; no numeric join to detector/capture clocks
20260913_s11_act1,s11_runs,slave.log,6f7377b214f3f81021e511e92bacbaafafba75710dc0d37cec9aa2afab5b1c08,93,ptp4l[69.565]: port 2: master state recommended in slave only mode,69.565,2,master state recommended in slave only mode,ptp4l printed timestamp basis not established; no numeric join to detector/capture clocks
20260913_s11_act1,s11_runs,slave.log,6f7377b214f3f81021e511e92bacbaafafba75710dc0d37cec9aa2afab5b1c08,94,ptp4l[69.568]: port 2: defaultDS.priority1 probably misconfigured,69.568,2,defaultDS.priority1 probably misconfigured,ptp4l printed timestamp basis not established; no numeric join to detector/capture clocks
20260913_s11_act1,s11_runs,slave.log,6f7377b214f3f81021e511e92bacbaafafba75710dc0d37cec9aa2afab5b1c08,99,ptp4l[70.564]: port 2: master state recommended in slave only mode,70.564,2,master state recommended in slave only mode,ptp4l printed timestamp basis not established; no numeric join to detector/capture clocks
20260913_s11_act1,s11_runs,slave.log,6f7377b214f3f81021e511e92bacbaafafba75710dc0d37cec9aa2afab5b1c08,100,ptp4l[70.566]: port 2: defaultDS.priority1 probably misconfigured,70.566,2,defaultDS.priority1 probably misconfigured,ptp4l printed timestamp basis not established; no numeric join to detector/capture clocks
20260913_s11_act1,s11_runs,slave.log,6f7377b214f3f81021e511e92bacbaafafba75710dc0d37cec9aa2afab5b1c08,105,ptp4l[71.312]: port 2: master state recommended in slave only mode,71.312,2,master state recommended in slave only mode,ptp4l printed timestamp basis not established; no numeric join to detector/capture clocks
20260913_s11_act1,s11_runs,slave.log,6f7377b214f3f81021e511e92bacbaafafba75710dc0d37cec9aa2afab5b1c08,106,ptp4l[71.314]: port 2: defaultDS.priority1 probably misconfigured,71.314,2,defaultDS.priority1 probably misconfigured,ptp4l printed timestamp basis not established; no numeric join to detector/capture clocks
20260913_s11_act1,s11_runs,slave.log,6f7377b214f3f81021e511e92bacbaafafba75710dc0d37cec9aa2afab5b1c08,111,ptp4l[72.316]: port 2: master state recommended in slave only mode,72.316,2,master state recommended in slave only mode,ptp4l printed timestamp basis not established; no numeric join to detector/capture clocks
20260913_s11_act1,s11_runs,slave.log,6f7377b214f3f81021e511e92bacbaafafba75710dc0d37cec9aa2afab5b1c08,112,ptp4l[72.317]: port 2: defaultDS.priority1 probably misconfigured,72.317,2,defaultDS.priority1 probably misconfigured,ptp4l printed timestamp basis not established; no numeric join to detector/capture clocks
20260913_s11_act1,s11_runs,slave.log,6f7377b214f3f81021e511e92bacbaafafba75710dc0d37cec9aa2afab5b1c08,117,ptp4l[73.064]: port 2: master state recommended in slave only mode,73.064,2,master state recommended in slave only mode,ptp4l printed timestamp basis not established; no numeric join to detector/capture clocks
20260913_s11_act1,s11_runs,slave.log,6f7377b214f3f81021e511e92bacbaafafba75710dc0d37cec9aa2afab5b1c08,118,ptp4l[73.065]: port 2: defaultDS.priority1 probably misconfigured,73.065,2,defaultDS.priority1 probably misconfigured,ptp4l printed timestamp basis not established; no numeric join to detector/capture clocks
20260913_s11_act1,s11_runs,slave.log,6f7377b214f3f81021e511e92bacbaafafba75710dc0d37cec9aa2afab5b1c08,124,ptp4l[73.818]: port 2: master state recommended in slave only mode,73.818,2,master state recommended in slave only mode,ptp4l printed timestamp basis not established; no numeric join to detector/capture clocks
20260913_s11_act1,s11_runs,slave.log,6f7377b214f3f81021e511e92bacbaafafba75710dc0d37cec9aa2afab5b1c08,125,ptp4l[73.820]: port 2: defaultDS.priority1 probably misconfigured,73.820,2,defaultDS.priority1 probably misconfigured,ptp4l printed timestamp basis not established; no numeric join to detector/capture clocks
20260913_s11_act1,s11_runs,slave.log,6f7377b214f3f81021e511e92bacbaafafba75710dc0d37cec9aa2afab5b1c08,130,ptp4l[74.815]: port 2: master state recommended in slave only mode,74.815,2,master state recommended in slave only mode,ptp4l printed timestamp basis not established; no numeric join to detector/capture clocks
20260913_s11_act1,s11_runs,slave.log,6f7377b214f3f81021e511e92bacbaafafba75710dc0d37cec9aa2afab5b1c08,131,ptp4l[74.816]: port 2: defaultDS.priority1 probably misconfigured,74.816,2,defaultDS.priority1 probably misconfigured,ptp4l printed timestamp basis not established; no numeric join to detector/capture clocks
20260913_s11_act1,s11_runs,slave.log,6f7377b214f3f81021e511e92bacbaafafba75710dc0d37cec9aa2afab5b1c08,136,ptp4l[75.569]: port 2: master state recommended in slave only mode,75.569,2,master state recommended in slave only mode,ptp4l printed timestamp basis not established; no numeric join to detector/capture clocks
20260913_s11_act1,s11_runs,slave.log,6f7377b214f3f81021e511e92bacbaafafba75710dc0d37cec9aa2afab5b1c08,137,ptp4l[75.571]: port 2: defaultDS.priority1 probably misconfigured,75.571,2,defaultDS.priority1 probably misconfigured,ptp4l printed timestamp basis not established; no numeric join to detector/capture clocks
20260913_s11_act1,s11_runs,slave.log,6f7377b214f3f81021e511e92bacbaafafba75710dc0d37cec9aa2afab5b1c08,142,ptp4l[76.567]: port 2: master state recommended in slave only mode,76.567,2,master state recommended in slave only mode,ptp4l printed timestamp basis not established; no numeric join to detector/capture clocks
20260913_s11_act1,s11_runs,slave.log,6f7377b214f3f81021e511e92bacbaafafba75710dc0d37cec9aa2afab5b1c08,143,ptp4l[76.568]: port 2: defaultDS.priority1 probably misconfigured,76.568,2,defaultDS.priority1 probably misconfigured,ptp4l printed timestamp basis not established; no numeric join to detector/capture clocks
20260913_s11_act1,s11_runs,slave.log,6f7377b214f3f81021e511e92bacbaafafba75710dc0d37cec9aa2afab5b1c08,144,ptp4l[77.071]: port 1: link down,77.071,1,link down,ptp4l printed timestamp basis not established; no numeric join to detector/capture clocks
20260913_s11_act1,s11_runs,slave.log,6f7377b214f3f81021e511e92bacbaafafba75710dc0d37cec9aa2afab5b1c08,145,ptp4l[77.072]: port 1: UNCALIBRATED to FAULTY on FAULT_DETECTED (FT_UNSPECIFIED),77.072,1,UNCALIBRATED to FAULTY on FAULT_DETECTED (FT_UNSPECIFIED),ptp4l printed timestamp basis not established; no numeric join to detector/capture clocks
20260913_s11_act1,s11_runs,slave.log,6f7377b214f3f81021e511e92bacbaafafba75710dc0d37cec9aa2afab5b1c08,147,ptp4l[77.092]: port 1: master state recommended in slave only mode,77.092,1,master state recommended in slave only mode,ptp4l printed timestamp basis not established; no numeric join to detector/capture clocks
20260913_s11_act1,s11_runs,slave.log,6f7377b214f3f81021e511e92bacbaafafba75710dc0d37cec9aa2afab5b1c08,148,ptp4l[77.093]: port 1: defaultDS.priority1 probably misconfigured,77.093,1,defaultDS.priority1 probably misconfigured,ptp4l printed timestamp basis not established; no numeric join to detector/capture clocks
20260913_s11_act1,s11_runs,slave.log,6f7377b214f3f81021e511e92bacbaafafba75710dc0d37cec9aa2afab5b1c08,150,ptp4l[77.094]: port 2: LISTENING to UNCALIBRATED on RS_SLAVE,77.094,2,LISTENING to UNCALIBRATED on RS_SLAVE,ptp4l printed timestamp basis not established; no numeric join to detector/capture clocks
20260913_s11_act2,s11_runs,slave.log,a356379d3e59232aee3a02f5307f18a0d3990aa52d03a567eb3c17588155b71b,1,ptp4l[153.500]: port 1: INITIALIZING to LISTENING on INIT_COMPLETE,153.500,1,INITIALIZING to LISTENING on INIT_COMPLETE,ptp4l printed timestamp basis not established; no numeric join to detector/capture clocks
20260913_s11_act2,s11_runs,slave.log,a356379d3e59232aee3a02f5307f18a0d3990aa52d03a567eb3c17588155b71b,2,ptp4l[153.544]: port 2: INITIALIZING to LISTENING on INIT_COMPLETE,153.544,2,INITIALIZING to LISTENING on INIT_COMPLETE,ptp4l printed timestamp basis not established; no numeric join to detector/capture clocks
20260913_s11_act2,s11_runs,slave.log,a356379d3e59232aee3a02f5307f18a0d3990aa52d03a567eb3c17588155b71b,3,ptp4l[153.544]: port 0: INITIALIZING to LISTENING on INIT_COMPLETE,153.544,0,INITIALIZING to LISTENING on INIT_COMPLETE,ptp4l printed timestamp basis not established; no numeric join to detector/capture clocks
20260913_s11_act2,s11_runs,slave.log,a356379d3e59232aee3a02f5307f18a0d3990aa52d03a567eb3c17588155b71b,4,ptp4l[154.263]: port 1: new foreign master aa5606.fffe.a7edd2-1,154.263,1,new foreign master aa5606.fffe.a7edd2-1,ptp4l printed timestamp basis not established; no numeric join to detector/capture clocks
20260913_s11_act2,s11_runs,slave.log,a356379d3e59232aee3a02f5307f18a0d3990aa52d03a567eb3c17588155b71b,5,ptp4l[154.442]: port 2: new foreign master c658f8.fffe.6d1647-1,154.442,2,new foreign master c658f8.fffe.6d1647-1,ptp4l printed timestamp basis not established; no numeric join to detector/capture clocks
20260913_s11_act2,s11_runs,slave.log,a356379d3e59232aee3a02f5307f18a0d3990aa52d03a567eb3c17588155b71b,10,ptp4l[154.768]: port 1: LISTENING to UNCALIBRATED on RS_SLAVE,154.768,1,LISTENING to UNCALIBRATED on RS_SLAVE,ptp4l printed timestamp basis not established; no numeric join to detector/capture clocks
20260913_s11_act2,s11_runs,slave.log,a356379d3e59232aee3a02f5307f18a0d3990aa52d03a567eb3c17588155b71b,13,ptp4l[154.948]: port 2: master state recommended in slave only mode,154.948,2,master state recommended in slave only mode,ptp4l printed timestamp basis not established; no numeric join to detector/capture clocks
20260913_s11_act2,s11_runs,slave.log,a356379d3e59232aee3a02f5307f18a0d3990aa52d03a567eb3c17588155b71b,14,ptp4l[154.950]: port 2: defaultDS.priority1 probably misconfigured,154.950,2,defaultDS.priority1 probably misconfigured,ptp4l printed timestamp basis not established; no numeric join to detector/capture clocks
20260913_s11_act2,s11_runs,slave.log,a356379d3e59232aee3a02f5307f18a0d3990aa52d03a567eb3c17588155b71b,19,ptp4l[155.698]: port 2: master state recommended in slave only mode,155.698,2,master state recommended in slave only mode,ptp4l printed timestamp basis not established; no numeric join to detector/capture clocks
20260913_s11_act2,s11_runs,slave.log,a356379d3e59232aee3a02f5307f18a0d3990aa52d03a567eb3c17588155b71b,20,ptp4l[155.701]: port 2: defaultDS.priority1 probably misconfigured,155.701,2,defaultDS.priority1 probably misconfigured,ptp4l printed timestamp basis not established; no numeric join to detector/capture clocks
20260913_s11_act2,s11_runs,slave.log,a356379d3e59232aee3a02f5307f18a0d3990aa52d03a567eb3c17588155b71b,25,ptp4l[156.695]: port 2: master state recommended in slave only mode,156.695,2,master state recommended in slave only mode,ptp4l printed timestamp basis not established; no numeric join to detector/capture clocks
20260913_s11_act2,s11_runs,slave.log,a356379d3e59232aee3a02f5307f18a0d3990aa52d03a567eb3c17588155b71b,26,ptp4l[156.696]: port 2: defaultDS.priority1 probably misconfigured,156.696,2,defaultDS.priority1 probably misconfigured,ptp4l printed timestamp basis not established; no numeric join to detector/capture clocks
20260913_s11_act2,s11_runs,slave.log,a356379d3e59232aee3a02f5307f18a0d3990aa52d03a567eb3c17588155b71b,31,ptp4l[157.446]: port 2: master state recommended in slave only mode,157.446,2,master state recommended in slave only mode,ptp4l printed timestamp basis not established; no numeric join to detector/capture clocks
20260913_s11_act2,s11_runs,slave.log,a356379d3e59232aee3a02f5307f18a0d3990aa52d03a567eb3c17588155b71b,32,ptp4l[157.447]: port 2: defaultDS.priority1 probably misconfigured,157.447,2,defaultDS.priority1 probably misconfigured,ptp4l printed timestamp basis not established; no numeric join to detector/capture clocks
20260913_s11_act2,s11_runs,slave.log,a356379d3e59232aee3a02f5307f18a0d3990aa52d03a567eb3c17588155b71b,37,ptp4l[158.446]: port 2: master state recommended in slave only mode,158.446,2,master state recommended in slave only mode,ptp4l printed timestamp basis not established; no numeric join to detector/capture clocks
20260913_s11_act2,s11_runs,slave.log,a356379d3e59232aee3a02f5307f18a0d3990aa52d03a567eb3c17588155b71b,38,ptp4l[158.447]: port 2: defaultDS.priority1 probably misconfigured,158.447,2,defaultDS.priority1 probably misconfigured,ptp4l printed timestamp basis not established; no numeric join to detector/capture clocks
20260913_s11_act2,s11_runs,slave.log,a356379d3e59232aee3a02f5307f18a0d3990aa52d03a567eb3c17588155b71b,43,ptp4l[159.450]: port 2: master state recommended in slave only mode,159.450,2,master state recommended in slave only mode,ptp4l printed timestamp basis not established; no numeric join to detector/capture clocks
20260913_s11_act2,s11_runs,slave.log,a356379d3e59232aee3a02f5307f18a0d3990aa52d03a567eb3c17588155b71b,44,ptp4l[159.453]: port 2: defaultDS.priority1 probably misconfigured,159.453,2,defaultDS.priority1 probably misconfigured,ptp4l printed timestamp basis not established; no numeric join to detector/capture clocks
20260913_s11_act2,s11_runs,slave.log,a356379d3e59232aee3a02f5307f18a0d3990aa52d03a567eb3c17588155b71b,49,ptp4l[160.202]: port 2: master state recommended in slave only mode,160.202,2,master state recommended in slave only mode,ptp4l printed timestamp basis not established; no numeric join to detector/capture clocks
20260913_s11_act2,s11_runs,slave.log,a356379d3e59232aee3a02f5307f18a0d3990aa52d03a567eb3c17588155b71b,50,ptp4l[160.205]: port 2: defaultDS.priority1 probably misconfigured,160.205,2,defaultDS.priority1 probably misconfigured,ptp4l printed timestamp basis not established; no numeric join to detector/capture clocks
20260913_s11_act2,s11_runs,slave.log,a356379d3e59232aee3a02f5307f18a0d3990aa52d03a567eb3c17588155b71b,55,ptp4l[160.952]: port 2: master state recommended in slave only mode,160.952,2,master state recommended in slave only mode,ptp4l printed timestamp basis not established; no numeric join to detector/capture clocks
20260913_s11_act2,s11_runs,slave.log,a356379d3e59232aee3a02f5307f18a0d3990aa52d03a567eb3c17588155b71b,56,ptp4l[160.955]: port 2: defaultDS.priority1 probably misconfigured,160.955,2,defaultDS.priority1 probably misconfigured,ptp4l printed timestamp basis not established; no numeric join to detector/capture clocks
20260913_s11_act2,s11_runs,slave.log,a356379d3e59232aee3a02f5307f18a0d3990aa52d03a567eb3c17588155b71b,61,ptp4l[161.953]: port 2: master state recommended in slave only mode,161.953,2,master state recommended in slave only mode,ptp4l printed timestamp basis not established; no numeric join to detector/capture clocks
20260913_s11_act2,s11_runs,slave.log,a356379d3e59232aee3a02f5307f18a0d3990aa52d03a567eb3c17588155b71b,62,ptp4l[161.955]: port 2: defaultDS.priority1 probably misconfigured,161.955,2,defaultDS.priority1 probably misconfigured,ptp4l printed timestamp basis not established; no numeric join to detector/capture clocks
20260913_s11_act2,s11_runs,slave.log,a356379d3e59232aee3a02f5307f18a0d3990aa52d03a567eb3c17588155b71b,67,ptp4l[162.950]: port 2: master state recommended in slave only mode,162.950,2,master state recommended in slave only mode,ptp4l printed timestamp basis not established; no numeric join to detector/capture clocks
20260913_s11_act2,s11_runs,slave.log,a356379d3e59232aee3a02f5307f18a0d3990aa52d03a567eb3c17588155b71b,68,ptp4l[162.951]: port 2: defaultDS.priority1 probably misconfigured,162.951,2,defaultDS.priority1 probably misconfigured,ptp4l printed timestamp basis not established; no numeric join to detector/capture clocks
20260913_s11_act2,s11_runs,slave.log,a356379d3e59232aee3a02f5307f18a0d3990aa52d03a567eb3c17588155b71b,73,ptp4l[163.700]: port 2: master state recommended in slave only mode,163.700,2,master state recommended in slave only mode,ptp4l printed timestamp basis not established; no numeric join to detector/capture clocks
20260913_s11_act2,s11_runs,slave.log,a356379d3e59232aee3a02f5307f18a0d3990aa52d03a567eb3c17588155b71b,74,ptp4l[163.701]: port 2: defaultDS.priority1 probably misconfigured,163.701,2,defaultDS.priority1 probably misconfigured,ptp4l printed timestamp basis not established; no numeric join to detector/capture clocks
20260913_s11_act2,s11_runs,slave.log,a356379d3e59232aee3a02f5307f18a0d3990aa52d03a567eb3c17588155b71b,79,ptp4l[164.701]: port 2: master state recommended in slave only mode,164.701,2,master state recommended in slave only mode,ptp4l printed timestamp basis not established; no numeric join to detector/capture clocks
20260913_s11_act2,s11_runs,slave.log,a356379d3e59232aee3a02f5307f18a0d3990aa52d03a567eb3c17588155b71b,80,ptp4l[164.702]: port 2: defaultDS.priority1 probably misconfigured,164.702,2,defaultDS.priority1 probably misconfigured,ptp4l printed timestamp basis not established; no numeric join to detector/capture clocks
20260913_s11_act2,s11_runs,slave.log,a356379d3e59232aee3a02f5307f18a0d3990aa52d03a567eb3c17588155b71b,85,ptp4l[165.456]: port 2: master state recommended in slave only mode,165.456,2,master state recommended in slave only mode,ptp4l printed timestamp basis not established; no numeric join to detector/capture clocks
20260913_s11_act2,s11_runs,slave.log,a356379d3e59232aee3a02f5307f18a0d3990aa52d03a567eb3c17588155b71b,86,ptp4l[165.459]: port 2: defaultDS.priority1 probably misconfigured,165.459,2,defaultDS.priority1 probably misconfigured,ptp4l printed timestamp basis not established; no numeric join to detector/capture clocks
20260913_s11_act2,s11_runs,slave.log,a356379d3e59232aee3a02f5307f18a0d3990aa52d03a567eb3c17588155b71b,91,ptp4l[166.207]: port 2: master state recommended in slave only mode,166.207,2,master state recommended in slave only mode,ptp4l printed timestamp basis not established; no numeric join to detector/capture clocks
20260913_s11_act2,s11_runs,slave.log,a356379d3e59232aee3a02f5307f18a0d3990aa52d03a567eb3c17588155b71b,92,ptp4l[166.209]: port 2: defaultDS.priority1 probably misconfigured,166.209,2,defaultDS.priority1 probably misconfigured,ptp4l printed timestamp basis not established; no numeric join to detector/capture clocks
20260913_s11_act2,s11_runs,slave.log,a356379d3e59232aee3a02f5307f18a0d3990aa52d03a567eb3c17588155b71b,97,ptp4l[167.208]: port 2: master state recommended in slave only mode,167.208,2,master state recommended in slave only mode,ptp4l printed timestamp basis not established; no numeric join to detector/capture clocks
20260913_s11_act2,s11_runs,slave.log,a356379d3e59232aee3a02f5307f18a0d3990aa52d03a567eb3c17588155b71b,98,ptp4l[167.211]: port 2: defaultDS.priority1 probably misconfigured,167.211,2,defaultDS.priority1 probably misconfigured,ptp4l printed timestamp basis not established; no numeric join to detector/capture clocks
20260913_s11_act2,s11_runs,slave.log,a356379d3e59232aee3a02f5307f18a0d3990aa52d03a567eb3c17588155b71b,103,ptp4l[168.205]: port 2: master state recommended in slave only mode,168.205,2,master state recommended in slave only mode,ptp4l printed timestamp basis not established; no numeric join to detector/capture clocks
20260913_s11_act2,s11_runs,slave.log,a356379d3e59232aee3a02f5307f18a0d3990aa52d03a567eb3c17588155b71b,104,ptp4l[168.206]: port 2: defaultDS.priority1 probably misconfigured,168.206,2,defaultDS.priority1 probably misconfigured,ptp4l printed timestamp basis not established; no numeric join to detector/capture clocks
20260913_s11_act2,s11_runs,slave.log,a356379d3e59232aee3a02f5307f18a0d3990aa52d03a567eb3c17588155b71b,109,ptp4l[168.960]: port 2: master state recommended in slave only mode,168.960,2,master state recommended in slave only mode,ptp4l printed timestamp basis not established; no numeric join to detector/capture clocks
20260913_s11_act2,s11_runs,slave.log,a356379d3e59232aee3a02f5307f18a0d3990aa52d03a567eb3c17588155b71b,110,ptp4l[168.962]: port 2: defaultDS.priority1 probably misconfigured,168.962,2,defaultDS.priority1 probably misconfigured,ptp4l printed timestamp basis not established; no numeric join to detector/capture clocks
20260913_s11_act2,s11_runs,slave.log,a356379d3e59232aee3a02f5307f18a0d3990aa52d03a567eb3c17588155b71b,115,ptp4l[169.961]: port 2: master state recommended in slave only mode,169.961,2,master state recommended in slave only mode,ptp4l printed timestamp basis not established; no numeric join to detector/capture clocks
20260913_s11_act2,s11_runs,slave.log,a356379d3e59232aee3a02f5307f18a0d3990aa52d03a567eb3c17588155b71b,116,ptp4l[169.963]: port 2: defaultDS.priority1 probably misconfigured,169.963,2,defaultDS.priority1 probably misconfigured,ptp4l printed timestamp basis not established; no numeric join to detector/capture clocks
20260913_s11_act2,s11_runs,slave.log,a356379d3e59232aee3a02f5307f18a0d3990aa52d03a567eb3c17588155b71b,121,ptp4l[170.716]: port 2: master state recommended in slave only mode,170.716,2,master state recommended in slave only mode,ptp4l printed timestamp basis not established; no numeric join to detector/capture clocks
20260913_s11_act2,s11_runs,slave.log,a356379d3e59232aee3a02f5307f18a0d3990aa52d03a567eb3c17588155b71b,122,ptp4l[170.719]: port 2: defaultDS.priority1 probably misconfigured,170.719,2,defaultDS.priority1 probably misconfigured,ptp4l printed timestamp basis not established; no numeric join to detector/capture clocks
20260913_s11_act2,s11_runs,slave.log,a356379d3e59232aee3a02f5307f18a0d3990aa52d03a567eb3c17588155b71b,128,ptp4l[171.729]: port 2: master state recommended in slave only mode,171.729,2,master state recommended in slave only mode,ptp4l printed timestamp basis not established; no numeric join to detector/capture clocks
20260913_s11_act2,s11_runs,slave.log,a356379d3e59232aee3a02f5307f18a0d3990aa52d03a567eb3c17588155b71b,129,ptp4l[171.732]: port 2: defaultDS.priority1 probably misconfigured,171.732,2,defaultDS.priority1 probably misconfigured,ptp4l printed timestamp basis not established; no numeric join to detector/capture clocks
20260913_s11_act2,s11_runs,slave.log,a356379d3e59232aee3a02f5307f18a0d3990aa52d03a567eb3c17588155b71b,134,ptp4l[172.479]: port 2: master state recommended in slave only mode,172.479,2,master state recommended in slave only mode,ptp4l printed timestamp basis not established; no numeric join to detector/capture clocks
20260913_s11_act2,s11_runs,slave.log,a356379d3e59232aee3a02f5307f18a0d3990aa52d03a567eb3c17588155b71b,135,ptp4l[172.480]: port 2: defaultDS.priority1 probably misconfigured,172.480,2,defaultDS.priority1 probably misconfigured,ptp4l printed timestamp basis not established; no numeric join to detector/capture clocks
20260913_s11_act2,s11_runs,slave.log,a356379d3e59232aee3a02f5307f18a0d3990aa52d03a567eb3c17588155b71b,136,ptp4l[172.505]: port 1: link down,172.505,1,link down,ptp4l printed timestamp basis not established; no numeric join to detector/capture clocks
20260913_s11_act2,s11_runs,slave.log,a356379d3e59232aee3a02f5307f18a0d3990aa52d03a567eb3c17588155b71b,137,ptp4l[172.506]: port 1: UNCALIBRATED to FAULTY on FAULT_DETECTED (FT_UNSPECIFIED),172.506,1,UNCALIBRATED to FAULTY on FAULT_DETECTED (FT_UNSPECIFIED),ptp4l printed timestamp basis not established; no numeric join to detector/capture clocks
20260913_s11_act2,s11_runs,slave.log,a356379d3e59232aee3a02f5307f18a0d3990aa52d03a567eb3c17588155b71b,139,ptp4l[172.557]: port 1: master state recommended in slave only mode,172.557,1,master state recommended in slave only mode,ptp4l printed timestamp basis not established; no numeric join to detector/capture clocks
20260913_s11_act2,s11_runs,slave.log,a356379d3e59232aee3a02f5307f18a0d3990aa52d03a567eb3c17588155b71b,140,ptp4l[172.558]: port 1: defaultDS.priority1 probably misconfigured,172.558,1,defaultDS.priority1 probably misconfigured,ptp4l printed timestamp basis not established; no numeric join to detector/capture clocks
20260913_s11_act2,s11_runs,slave.log,a356379d3e59232aee3a02f5307f18a0d3990aa52d03a567eb3c17588155b71b,142,ptp4l[172.559]: port 2: LISTENING to UNCALIBRATED on RS_SLAVE,172.559,2,LISTENING to UNCALIBRATED on RS_SLAVE,ptp4l printed timestamp basis not established; no numeric join to detector/capture clocks
20260913_s11_act3,s11_runs,slave.log,c6418f5b21a2958db3622005978bdd3973394d07631a6483b13c11e0ef3bf071,1,ptp4l[251.040]: port 1: INITIALIZING to LISTENING on INIT_COMPLETE,251.040,1,INITIALIZING to LISTENING on INIT_COMPLETE,ptp4l printed timestamp basis not established; no numeric join to detector/capture clocks
20260913_s11_act3,s11_runs,slave.log,c6418f5b21a2958db3622005978bdd3973394d07631a6483b13c11e0ef3bf071,2,ptp4l[251.084]: port 2: INITIALIZING to LISTENING on INIT_COMPLETE,251.084,2,INITIALIZING to LISTENING on INIT_COMPLETE,ptp4l printed timestamp basis not established; no numeric join to detector/capture clocks
20260913_s11_act3,s11_runs,slave.log,c6418f5b21a2958db3622005978bdd3973394d07631a6483b13c11e0ef3bf071,3,ptp4l[251.085]: port 0: INITIALIZING to LISTENING on INIT_COMPLETE,251.085,0,INITIALIZING to LISTENING on INIT_COMPLETE,ptp4l printed timestamp basis not established; no numeric join to detector/capture clocks
20260913_s11_act3,s11_runs,slave.log,c6418f5b21a2958db3622005978bdd3973394d07631a6483b13c11e0ef3bf071,6,ptp4l[252.010]: port 1: new foreign master e66e75.fffe.7f0978-1,252.010,1,new foreign master e66e75.fffe.7f0978-1,ptp4l printed timestamp basis not established; no numeric join to detector/capture clocks
20260913_s11_act3,s11_runs,slave.log,c6418f5b21a2958db3622005978bdd3973394d07631a6483b13c11e0ef3bf071,7,ptp4l[252.030]: port 2: new foreign master ae4111.fffe.79bf11-1,252.030,2,new foreign master ae4111.fffe.79bf11-1,ptp4l printed timestamp basis not established; no numeric join to detector/capture clocks
20260913_s11_act3,s11_runs,slave.log,c6418f5b21a2958db3622005978bdd3973394d07631a6483b13c11e0ef3bf071,10,ptp4l[252.512]: port 1: LISTENING to UNCALIBRATED on RS_SLAVE,252.512,1,LISTENING to UNCALIBRATED on RS_SLAVE,ptp4l printed timestamp basis not established; no numeric join to detector/capture clocks
20260913_s11_act3,s11_runs,slave.log,c6418f5b21a2958db3622005978bdd3973394d07631a6483b13c11e0ef3bf071,13,ptp4l[252.532]: port 2: master state recommended in slave only mode,252.532,2,master state recommended in slave only mode,ptp4l printed timestamp basis not established; no numeric join to detector/capture clocks
20260913_s11_act3,s11_runs,slave.log,c6418f5b21a2958db3622005978bdd3973394d07631a6483b13c11e0ef3bf071,14,ptp4l[252.533]: port 2: defaultDS.priority1 probably misconfigured,252.533,2,defaultDS.priority1 probably misconfigured,ptp4l printed timestamp basis not established; no numeric join to detector/capture clocks
20260913_s11_act3,s11_runs,slave.log,c6418f5b21a2958db3622005978bdd3973394d07631a6483b13c11e0ef3bf071,19,ptp4l[253.282]: port 2: master state recommended in slave only mode,253.282,2,master state recommended in slave only mode,ptp4l printed timestamp basis not established; no numeric join to detector/capture clocks
20260913_s11_act3,s11_runs,slave.log,c6418f5b21a2958db3622005978bdd3973394d07631a6483b13c11e0ef3bf071,20,ptp4l[253.283]: port 2: defaultDS.priority1 probably misconfigured,253.283,2,defaultDS.priority1 probably misconfigured,ptp4l printed timestamp basis not established; no numeric join to detector/capture clocks
20260913_s11_act3,s11_runs,slave.log,c6418f5b21a2958db3622005978bdd3973394d07631a6483b13c11e0ef3bf071,25,ptp4l[254.283]: port 2: master state recommended in slave only mode,254.283,2,master state recommended in slave only mode,ptp4l printed timestamp basis not established; no numeric join to detector/capture clocks
20260913_s11_act3,s11_runs,slave.log,c6418f5b21a2958db3622005978bdd3973394d07631a6483b13c11e0ef3bf071,26,ptp4l[254.284]: port 2: defaultDS.priority1 probably misconfigured,254.284,2,defaultDS.priority1 probably misconfigured,ptp4l printed timestamp basis not established; no numeric join to detector/capture clocks
20260913_s11_act3,s11_runs,slave.log,c6418f5b21a2958db3622005978bdd3973394d07631a6483b13c11e0ef3bf071,31,ptp4l[255.034]: port 2: master state recommended in slave only mode,255.034,2,master state recommended in slave only mode,ptp4l printed timestamp basis not established; no numeric join to detector/capture clocks
20260913_s11_act3,s11_runs,slave.log,c6418f5b21a2958db3622005978bdd3973394d07631a6483b13c11e0ef3bf071,32,ptp4l[255.035]: port 2: defaultDS.priority1 probably misconfigured,255.035,2,defaultDS.priority1 probably misconfigured,ptp4l printed timestamp basis not established; no numeric join to detector/capture clocks
20260913_s11_act3,s11_runs,slave.log,c6418f5b21a2958db3622005978bdd3973394d07631a6483b13c11e0ef3bf071,37,ptp4l[255.787]: port 2: master state recommended in slave only mode,255.787,2,master state recommended in slave only mode,ptp4l printed timestamp basis not established; no numeric join to detector/capture clocks
20260913_s11_act3,s11_runs,slave.log,c6418f5b21a2958db3622005978bdd3973394d07631a6483b13c11e0ef3bf071,38,ptp4l[255.790]: port 2: defaultDS.priority1 probably misconfigured,255.790,2,defaultDS.priority1 probably misconfigured,ptp4l printed timestamp basis not established; no numeric join to detector/capture clocks
20260913_s11_act3,s11_runs,slave.log,c6418f5b21a2958db3622005978bdd3973394d07631a6483b13c11e0ef3bf071,43,ptp4l[256.784]: port 2: master state recommended in slave only mode,256.784,2,master state recommended in slave only mode,ptp4l printed timestamp basis not established; no numeric join to detector/capture clocks
20260913_s11_act3,s11_runs,slave.log,c6418f5b21a2958db3622005978bdd3973394d07631a6483b13c11e0ef3bf071,44,ptp4l[256.785]: port 2: defaultDS.priority1 probably misconfigured,256.785,2,defaultDS.priority1 probably misconfigured,ptp4l printed timestamp basis not established; no numeric join to detector/capture clocks
20260913_s11_act3,s11_runs,slave.log,c6418f5b21a2958db3622005978bdd3973394d07631a6483b13c11e0ef3bf071,49,ptp4l[257.784]: port 2: master state recommended in slave only mode,257.784,2,master state recommended in slave only mode,ptp4l printed timestamp basis not established; no numeric join to detector/capture clocks
20260913_s11_act3,s11_runs,slave.log,c6418f5b21a2958db3622005978bdd3973394d07631a6483b13c11e0ef3bf071,50,ptp4l[257.785]: port 2: defaultDS.priority1 probably misconfigured,257.785,2,defaultDS.priority1 probably misconfigured,ptp4l printed timestamp basis not established; no numeric join to detector/capture clocks
20260913_s11_act3,s11_runs,slave.log,c6418f5b21a2958db3622005978bdd3973394d07631a6483b13c11e0ef3bf071,55,ptp4l[258.788]: port 2: master state recommended in slave only mode,258.788,2,master state recommended in slave only mode,ptp4l printed timestamp basis not established; no numeric join to detector/capture clocks
20260913_s11_act3,s11_runs,slave.log,c6418f5b21a2958db3622005978bdd3973394d07631a6483b13c11e0ef3bf071,56,ptp4l[258.790]: port 2: defaultDS.priority1 probably misconfigured,258.790,2,defaultDS.priority1 probably misconfigured,ptp4l printed timestamp basis not established; no numeric join to detector/capture clocks
20260913_s11_act3,s11_runs,slave.log,c6418f5b21a2958db3622005978bdd3973394d07631a6483b13c11e0ef3bf071,61,ptp4l[259.789]: port 2: master state recommended in slave only mode,259.789,2,master state recommended in slave only mode,ptp4l printed timestamp basis not established; no numeric join to detector/capture clocks
20260913_s11_act3,s11_runs,slave.log,c6418f5b21a2958db3622005978bdd3973394d07631a6483b13c11e0ef3bf071,62,ptp4l[259.791]: port 2: defaultDS.priority1 probably misconfigured,259.791,2,defaultDS.priority1 probably misconfigured,ptp4l printed timestamp basis not established; no numeric join to detector/capture clocks
20260913_s11_act3,s11_runs,slave.log,c6418f5b21a2958db3622005978bdd3973394d07631a6483b13c11e0ef3bf071,67,ptp4l[260.538]: port 2: master state recommended in slave only mode,260.538,2,master state recommended in slave only mode,ptp4l printed timestamp basis not established; no numeric join to detector/capture clocks
20260913_s11_act3,s11_runs,slave.log,c6418f5b21a2958db3622005978bdd3973394d07631a6483b13c11e0ef3bf071,68,ptp4l[260.540]: port 2: defaultDS.priority1 probably misconfigured,260.540,2,defaultDS.priority1 probably misconfigured,ptp4l printed timestamp basis not established; no numeric join to detector/capture clocks
20260913_s11_act3,s11_runs,slave.log,c6418f5b21a2958db3622005978bdd3973394d07631a6483b13c11e0ef3bf071,73,ptp4l[261.537]: port 2: master state recommended in slave only mode,261.537,2,master state recommended in slave only mode,ptp4l printed timestamp basis not established; no numeric join to detector/capture clocks
20260913_s11_act3,s11_runs,slave.log,c6418f5b21a2958db3622005978bdd3973394d07631a6483b13c11e0ef3bf071,74,ptp4l[261.537]: port 2: defaultDS.priority1 probably misconfigured,261.537,2,defaultDS.priority1 probably misconfigured,ptp4l printed timestamp basis not established; no numeric join to detector/capture clocks
20260913_s11_act3,s11_runs,slave.log,c6418f5b21a2958db3622005978bdd3973394d07631a6483b13c11e0ef3bf071,79,ptp4l[262.290]: port 2: master state recommended in slave only mode,262.290,2,master state recommended in slave only mode,ptp4l printed timestamp basis not established; no numeric join to detector/capture clocks
20260913_s11_act3,s11_runs,slave.log,c6418f5b21a2958db3622005978bdd3973394d07631a6483b13c11e0ef3bf071,80,ptp4l[262.292]: port 2: defaultDS.priority1 probably misconfigured,262.292,2,defaultDS.priority1 probably misconfigured,ptp4l printed timestamp basis not established; no numeric join to detector/capture clocks
20260913_s11_act3,s11_runs,slave.log,c6418f5b21a2958db3622005978bdd3973394d07631a6483b13c11e0ef3bf071,85,ptp4l[263.292]: port 2: master state recommended in slave only mode,263.292,2,master state recommended in slave only mode,ptp4l printed timestamp basis not established; no numeric join to detector/capture clocks
20260913_s11_act3,s11_runs,slave.log,c6418f5b21a2958db3622005978bdd3973394d07631a6483b13c11e0ef3bf071,86,ptp4l[263.294]: port 2: defaultDS.priority1 probably misconfigured,263.294,2,defaultDS.priority1 probably misconfigured,ptp4l printed timestamp basis not established; no numeric join to detector/capture clocks
20260913_s11_act3,s11_runs,slave.log,c6418f5b21a2958db3622005978bdd3973394d07631a6483b13c11e0ef3bf071,91,ptp4l[264.292]: port 2: master state recommended in slave only mode,264.292,2,master state recommended in slave only mode,ptp4l printed timestamp basis not established; no numeric join to detector/capture clocks
20260913_s11_act3,s11_runs,slave.log,c6418f5b21a2958db3622005978bdd3973394d07631a6483b13c11e0ef3bf071,92,ptp4l[264.294]: port 2: defaultDS.priority1 probably misconfigured,264.294,2,defaultDS.priority1 probably misconfigured,ptp4l printed timestamp basis not established; no numeric join to detector/capture clocks
20260913_s11_act3,s11_runs,slave.log,c6418f5b21a2958db3622005978bdd3973394d07631a6483b13c11e0ef3bf071,97,ptp4l[265.043]: port 2: master state recommended in slave only mode,265.043,2,master state recommended in slave only mode,ptp4l printed timestamp basis not established; no numeric join to detector/capture clocks
20260913_s11_act3,s11_runs,slave.log,c6418f5b21a2958db3622005978bdd3973394d07631a6483b13c11e0ef3bf071,98,ptp4l[265.046]: port 2: defaultDS.priority1 probably misconfigured,265.046,2,defaultDS.priority1 probably misconfigured,ptp4l printed timestamp basis not established; no numeric join to detector/capture clocks
20260913_s11_act3,s11_runs,slave.log,c6418f5b21a2958db3622005978bdd3973394d07631a6483b13c11e0ef3bf071,103,ptp4l[265.793]: port 2: master state recommended in slave only mode,265.793,2,master state recommended in slave only mode,ptp4l printed timestamp basis not established; no numeric join to detector/capture clocks
20260913_s11_act3,s11_runs,slave.log,c6418f5b21a2958db3622005978bdd3973394d07631a6483b13c11e0ef3bf071,104,ptp4l[265.796]: port 2: defaultDS.priority1 probably misconfigured,265.796,2,defaultDS.priority1 probably misconfigured,ptp4l printed timestamp basis not established; no numeric join to detector/capture clocks
20260913_s11_act3,s11_runs,slave.log,c6418f5b21a2958db3622005978bdd3973394d07631a6483b13c11e0ef3bf071,109,ptp4l[266.795]: port 2: master state recommended in slave only mode,266.795,2,master state recommended in slave only mode,ptp4l printed timestamp basis not established; no numeric join to detector/capture clocks
20260913_s11_act3,s11_runs,slave.log,c6418f5b21a2958db3622005978bdd3973394d07631a6483b13c11e0ef3bf071,110,ptp4l[266.797]: port 2: defaultDS.priority1 probably misconfigured,266.797,2,defaultDS.priority1 probably misconfigured,ptp4l printed timestamp basis not established; no numeric join to detector/capture clocks
20260913_s11_act3,s11_runs,slave.log,c6418f5b21a2958db3622005978bdd3973394d07631a6483b13c11e0ef3bf071,115,ptp4l[267.542]: port 2: master state recommended in slave only mode,267.542,2,master state recommended in slave only mode,ptp4l printed timestamp basis not established; no numeric join to detector/capture clocks
20260913_s11_act3,s11_runs,slave.log,c6418f5b21a2958db3622005978bdd3973394d07631a6483b13c11e0ef3bf071,116,ptp4l[267.543]: port 2: defaultDS.priority1 probably misconfigured,267.543,2,defaultDS.priority1 probably misconfigured,ptp4l printed timestamp basis not established; no numeric join to detector/capture clocks
20260913_s11_act3,s11_runs,slave.log,c6418f5b21a2958db3622005978bdd3973394d07631a6483b13c11e0ef3bf071,121,ptp4l[268.546]: port 2: master state recommended in slave only mode,268.546,2,master state recommended in slave only mode,ptp4l printed timestamp basis not established; no numeric join to detector/capture clocks
20260913_s11_act3,s11_runs,slave.log,c6418f5b21a2958db3622005978bdd3973394d07631a6483b13c11e0ef3bf071,122,ptp4l[268.548]: port 2: defaultDS.priority1 probably misconfigured,268.548,2,defaultDS.priority1 probably misconfigured,ptp4l printed timestamp basis not established; no numeric join to detector/capture clocks
20260913_s11_act3,s11_runs,slave.log,c6418f5b21a2958db3622005978bdd3973394d07631a6483b13c11e0ef3bf071,128,ptp4l[269.298]: port 2: master state recommended in slave only mode,269.298,2,master state recommended in slave only mode,ptp4l printed timestamp basis not established; no numeric join to detector/capture clocks
20260913_s11_act3,s11_runs,slave.log,c6418f5b21a2958db3622005978bdd3973394d07631a6483b13c11e0ef3bf071,129,ptp4l[269.300]: port 2: defaultDS.priority1 probably misconfigured,269.300,2,defaultDS.priority1 probably misconfigured,ptp4l printed timestamp basis not established; no numeric join to detector/capture clocks
20260913_s11_act3,s11_runs,slave.log,c6418f5b21a2958db3622005978bdd3973394d07631a6483b13c11e0ef3bf071,134,ptp4l[270.298]: port 2: master state recommended in slave only mode,270.298,2,master state recommended in slave only mode,ptp4l printed timestamp basis not established; no numeric join to detector/capture clocks
20260913_s11_act3,s11_runs,slave.log,c6418f5b21a2958db3622005978bdd3973394d07631a6483b13c11e0ef3bf071,135,ptp4l[270.299]: port 2: defaultDS.priority1 probably misconfigured,270.299,2,defaultDS.priority1 probably misconfigured,ptp4l printed timestamp basis not established; no numeric join to detector/capture clocks
20260913_s11_act3,s11_runs,slave.log,c6418f5b21a2958db3622005978bdd3973394d07631a6483b13c11e0ef3bf071,140,ptp4l[271.304]: port 2: master state recommended in slave only mode,271.304,2,master state recommended in slave only mode,ptp4l printed timestamp basis not established; no numeric join to detector/capture clocks
20260913_s11_act3,s11_runs,slave.log,c6418f5b21a2958db3622005978bdd3973394d07631a6483b13c11e0ef3bf071,141,ptp4l[271.306]: port 2: defaultDS.priority1 probably misconfigured,271.306,2,defaultDS.priority1 probably misconfigured,ptp4l printed timestamp basis not established; no numeric join to detector/capture clocks
20260913_s11_act3,s11_runs,slave.log,c6418f5b21a2958db3622005978bdd3973394d07631a6483b13c11e0ef3bf071,146,ptp4l[272.055]: port 2: master state recommended in slave only mode,272.055,2,master state recommended in slave only mode,ptp4l printed timestamp basis not established; no numeric join to detector/capture clocks
20260913_s11_act3,s11_runs,slave.log,c6418f5b21a2958db3622005978bdd3973394d07631a6483b13c11e0ef3bf071,147,ptp4l[272.058]: port 2: defaultDS.priority1 probably misconfigured,272.058,2,defaultDS.priority1 probably misconfigured,ptp4l printed timestamp basis not established; no numeric join to detector/capture clocks
20260913_s11_act3,s11_runs,slave.log,c6418f5b21a2958db3622005978bdd3973394d07631a6483b13c11e0ef3bf071,152,ptp4l[272.807]: port 2: master state recommended in slave only mode,272.807,2,master state recommended in slave only mode,ptp4l printed timestamp basis not established; no numeric join to detector/capture clocks
20260913_s11_act3,s11_runs,slave.log,c6418f5b21a2958db3622005978bdd3973394d07631a6483b13c11e0ef3bf071,153,ptp4l[272.809]: port 2: defaultDS.priority1 probably misconfigured,272.809,2,defaultDS.priority1 probably misconfigured,ptp4l printed timestamp basis not established; no numeric join to detector/capture clocks
20260913_s11_act3,s11_runs,slave.log,c6418f5b21a2958db3622005978bdd3973394d07631a6483b13c11e0ef3bf071,158,ptp4l[273.808]: port 2: master state recommended in slave only mode,273.808,2,master state recommended in slave only mode,ptp4l printed timestamp basis not established; no numeric join to detector/capture clocks
20260913_s11_act3,s11_runs,slave.log,c6418f5b21a2958db3622005978bdd3973394d07631a6483b13c11e0ef3bf071,159,ptp4l[273.810]: port 2: defaultDS.priority1 probably misconfigured,273.810,2,defaultDS.priority1 probably misconfigured,ptp4l printed timestamp basis not established; no numeric join to detector/capture clocks
20260913_s11_act3,s11_runs,slave.log,c6418f5b21a2958db3622005978bdd3973394d07631a6483b13c11e0ef3bf071,164,ptp4l[274.556]: port 2: master state recommended in slave only mode,274.556,2,master state recommended in slave only mode,ptp4l printed timestamp basis not established; no numeric join to detector/capture clocks
20260913_s11_act3,s11_runs,slave.log,c6418f5b21a2958db3622005978bdd3973394d07631a6483b13c11e0ef3bf071,165,ptp4l[274.557]: port 2: defaultDS.priority1 probably misconfigured,274.557,2,defaultDS.priority1 probably misconfigured,ptp4l printed timestamp basis not established; no numeric join to detector/capture clocks
20260913_s11_act3,s11_runs,slave.log,c6418f5b21a2958db3622005978bdd3973394d07631a6483b13c11e0ef3bf071,170,ptp4l[275.306]: port 2: master state recommended in slave only mode,275.306,2,master state recommended in slave only mode,ptp4l printed timestamp basis not established; no numeric join to detector/capture clocks
20260913_s11_act3,s11_runs,slave.log,c6418f5b21a2958db3622005978bdd3973394d07631a6483b13c11e0ef3bf071,171,ptp4l[275.307]: port 2: defaultDS.priority1 probably misconfigured,275.307,2,defaultDS.priority1 probably misconfigured,ptp4l printed timestamp basis not established; no numeric join to detector/capture clocks
20260913_s11_act3,s11_runs,slave.log,c6418f5b21a2958db3622005978bdd3973394d07631a6483b13c11e0ef3bf071,176,ptp4l[276.306]: port 2: master state recommended in slave only mode,276.306,2,master state recommended in slave only mode,ptp4l printed timestamp basis not established; no numeric join to detector/capture clocks
20260913_s11_act3,s11_runs,slave.log,c6418f5b21a2958db3622005978bdd3973394d07631a6483b13c11e0ef3bf071,177,ptp4l[276.307]: port 2: defaultDS.priority1 probably misconfigured,276.307,2,defaultDS.priority1 probably misconfigured,ptp4l printed timestamp basis not established; no numeric join to detector/capture clocks
20260913_s11_act3,s11_runs,slave.log,c6418f5b21a2958db3622005978bdd3973394d07631a6483b13c11e0ef3bf071,182,ptp4l[277.058]: port 2: master state recommended in slave only mode,277.058,2,master state recommended in slave only mode,ptp4l printed timestamp basis not established; no numeric join to detector/capture clocks
20260913_s11_act3,s11_runs,slave.log,c6418f5b21a2958db3622005978bdd3973394d07631a6483b13c11e0ef3bf071,183,ptp4l[277.059]: port 2: defaultDS.priority1 probably misconfigured,277.059,2,defaultDS.priority1 probably misconfigured,ptp4l printed timestamp basis not established; no numeric join to detector/capture clocks
20260913_s11_act3,s11_runs,slave.log,c6418f5b21a2958db3622005978bdd3973394d07631a6483b13c11e0ef3bf071,188,ptp4l[278.063]: port 2: master state recommended in slave only mode,278.063,2,master state recommended in slave only mode,ptp4l printed timestamp basis not established; no numeric join to detector/capture clocks
20260913_s11_act3,s11_runs,slave.log,c6418f5b21a2958db3622005978bdd3973394d07631a6483b13c11e0ef3bf071,189,ptp4l[278.065]: port 2: defaultDS.priority1 probably misconfigured,278.065,2,defaultDS.priority1 probably misconfigured,ptp4l printed timestamp basis not established; no numeric join to detector/capture clocks
20260913_s11_act3,s11_runs,slave.log,c6418f5b21a2958db3622005978bdd3973394d07631a6483b13c11e0ef3bf071,194,ptp4l[278.813]: port 2: master state recommended in slave only mode,278.813,2,master state recommended in slave only mode,ptp4l printed timestamp basis not established; no numeric join to detector/capture clocks
20260913_s11_act3,s11_runs,slave.log,c6418f5b21a2958db3622005978bdd3973394d07631a6483b13c11e0ef3bf071,195,ptp4l[278.815]: port 2: defaultDS.priority1 probably misconfigured,278.815,2,defaultDS.priority1 probably misconfigured,ptp4l printed timestamp basis not established; no numeric join to detector/capture clocks
20260913_s11_act3,s11_runs,slave.log,c6418f5b21a2958db3622005978bdd3973394d07631a6483b13c11e0ef3bf071,200,ptp4l[279.811]: port 2: master state recommended in slave only mode,279.811,2,master state recommended in slave only mode,ptp4l printed timestamp basis not established; no numeric join to detector/capture clocks
20260913_s11_act3,s11_runs,slave.log,c6418f5b21a2958db3622005978bdd3973394d07631a6483b13c11e0ef3bf071,201,ptp4l[279.813]: port 2: defaultDS.priority1 probably misconfigured,279.813,2,defaultDS.priority1 probably misconfigured,ptp4l printed timestamp basis not established; no numeric join to detector/capture clocks
20260913_s11_act3,s11_runs,slave.log,c6418f5b21a2958db3622005978bdd3973394d07631a6483b13c11e0ef3bf071,206,ptp4l[280.811]: port 2: master state recommended in slave only mode,280.811,2,master state recommended in slave only mode,ptp4l printed timestamp basis not established; no numeric join to detector/capture clocks
20260913_s11_act3,s11_runs,slave.log,c6418f5b21a2958db3622005978bdd3973394d07631a6483b13c11e0ef3bf071,207,ptp4l[280.812]: port 2: defaultDS.priority1 probably misconfigured,280.812,2,defaultDS.priority1 probably misconfigured,ptp4l printed timestamp basis not established; no numeric join to detector/capture clocks
20260913_s11_act3,s11_runs,slave.log,c6418f5b21a2958db3622005978bdd3973394d07631a6483b13c11e0ef3bf071,212,ptp4l[281.815]: port 2: master state recommended in slave only mode,281.815,2,master state recommended in slave only mode,ptp4l printed timestamp basis not established; no numeric join to detector/capture clocks
20260913_s11_act3,s11_runs,slave.log,c6418f5b21a2958db3622005978bdd3973394d07631a6483b13c11e0ef3bf071,213,ptp4l[281.818]: port 2: defaultDS.priority1 probably misconfigured,281.818,2,defaultDS.priority1 probably misconfigured,ptp4l printed timestamp basis not established; no numeric join to detector/capture clocks
20260913_s11_act3,s11_runs,slave.log,c6418f5b21a2958db3622005978bdd3973394d07631a6483b13c11e0ef3bf071,218,ptp4l[282.816]: port 2: master state recommended in slave only mode,282.816,2,master state recommended in slave only mode,ptp4l printed timestamp basis not established; no numeric join to detector/capture clocks
20260913_s11_act3,s11_runs,slave.log,c6418f5b21a2958db3622005978bdd3973394d07631a6483b13c11e0ef3bf071,219,ptp4l[282.819]: port 2: defaultDS.priority1 probably misconfigured,282.819,2,defaultDS.priority1 probably misconfigured,ptp4l printed timestamp basis not established; no numeric join to detector/capture clocks
20260913_s11_act3,s11_runs,slave.log,c6418f5b21a2958db3622005978bdd3973394d07631a6483b13c11e0ef3bf071,224,ptp4l[283.564]: port 2: master state recommended in slave only mode,283.564,2,master state recommended in slave only mode,ptp4l printed timestamp basis not established; no numeric join to detector/capture clocks
20260913_s11_act3,s11_runs,slave.log,c6418f5b21a2958db3622005978bdd3973394d07631a6483b13c11e0ef3bf071,225,ptp4l[283.565]: port 2: defaultDS.priority1 probably misconfigured,283.565,2,defaultDS.priority1 probably misconfigured,ptp4l printed timestamp basis not established; no numeric join to detector/capture clocks
20260913_s11_act3,s11_runs,slave.log,c6418f5b21a2958db3622005978bdd3973394d07631a6483b13c11e0ef3bf071,230,ptp4l[284.568]: port 2: master state recommended in slave only mode,284.568,2,master state recommended in slave only mode,ptp4l printed timestamp basis not established; no numeric join to detector/capture clocks
20260913_s11_act3,s11_runs,slave.log,c6418f5b21a2958db3622005978bdd3973394d07631a6483b13c11e0ef3bf071,231,ptp4l[284.570]: port 2: defaultDS.priority1 probably misconfigured,284.570,2,defaultDS.priority1 probably misconfigured,ptp4l printed timestamp basis not established; no numeric join to detector/capture clocks
20260913_s11_act3,s11_runs,slave.log,c6418f5b21a2958db3622005978bdd3973394d07631a6483b13c11e0ef3bf071,233,ptp4l[285.144]: port 1: link down,285.144,1,link down,ptp4l printed timestamp basis not established; no numeric join to detector/capture clocks
20260913_s11_act3,s11_runs,slave.log,c6418f5b21a2958db3622005978bdd3973394d07631a6483b13c11e0ef3bf071,234,ptp4l[285.146]: port 1: UNCALIBRATED to FAULTY on FAULT_DETECTED (FT_UNSPECIFIED),285.146,1,UNCALIBRATED to FAULTY on FAULT_DETECTED (FT_UNSPECIFIED),ptp4l printed timestamp basis not established; no numeric join to detector/capture clocks
20260913_s11_act3,s11_runs,slave.log,c6418f5b21a2958db3622005978bdd3973394d07631a6483b13c11e0ef3bf071,236,ptp4l[285.210]: port 1: master state recommended in slave only mode,285.210,1,master state recommended in slave only mode,ptp4l printed timestamp basis not established; no numeric join to detector/capture clocks
20260913_s11_act3,s11_runs,slave.log,c6418f5b21a2958db3622005978bdd3973394d07631a6483b13c11e0ef3bf071,237,ptp4l[285.213]: port 1: defaultDS.priority1 probably misconfigured,285.213,1,defaultDS.priority1 probably misconfigured,ptp4l printed timestamp basis not established; no numeric join to detector/capture clocks
20260913_s11_act3,s11_runs,slave.log,c6418f5b21a2958db3622005978bdd3973394d07631a6483b13c11e0ef3bf071,239,ptp4l[285.218]: port 2: LISTENING to UNCALIBRATED on RS_SLAVE,285.218,2,LISTENING to UNCALIBRATED on RS_SLAVE,ptp4l printed timestamp basis not established; no numeric join to detector/capture clocks
20260913_s11_act4,s11_runs,slave.log,36a14abee081e1404ee572d1e9f3606fff08a2d40f1afaf1c989c8ed693d0ff9,1,ptp4l[347.928]: port 1: INITIALIZING to LISTENING on INIT_COMPLETE,347.928,1,INITIALIZING to LISTENING on INIT_COMPLETE,ptp4l printed timestamp basis not established; no numeric join to detector/capture clocks
20260913_s11_act4,s11_runs,slave.log,36a14abee081e1404ee572d1e9f3606fff08a2d40f1afaf1c989c8ed693d0ff9,2,ptp4l[347.960]: port 2: INITIALIZING to LISTENING on INIT_COMPLETE,347.960,2,INITIALIZING to LISTENING on INIT_COMPLETE,ptp4l printed timestamp basis not established; no numeric join to detector/capture clocks
20260913_s11_act4,s11_runs,slave.log,36a14abee081e1404ee572d1e9f3606fff08a2d40f1afaf1c989c8ed693d0ff9,3,ptp4l[347.961]: port 0: INITIALIZING to LISTENING on INIT_COMPLETE,347.961,0,INITIALIZING to LISTENING on INIT_COMPLETE,ptp4l printed timestamp basis not established; no numeric join to detector/capture clocks
20260913_s11_act4,s11_runs,slave.log,36a14abee081e1404ee572d1e9f3606fff08a2d40f1afaf1c989c8ed693d0ff9,5,ptp4l[348.775]: port 2: new foreign master 6a1216.fffe.a6525e-1,348.775,2,new foreign master 6a1216.fffe.a6525e-1,ptp4l printed timestamp basis not established; no numeric join to detector/capture clocks
20260913_s11_act4,s11_runs,slave.log,36a14abee081e1404ee572d1e9f3606fff08a2d40f1afaf1c989c8ed693d0ff9,7,ptp4l[348.884]: port 1: new foreign master 0e00a4.fffe.795851-1,348.884,1,new foreign master 0e00a4.fffe.795851-1,ptp4l printed timestamp basis not established; no numeric join to detector/capture clocks
20260913_s11_act4,s11_runs,slave.log,36a14abee081e1404ee572d1e9f3606fff08a2d40f1afaf1c989c8ed693d0ff9,10,ptp4l[349.277]: port 2: LISTENING to UNCALIBRATED on RS_SLAVE,349.277,2,LISTENING to UNCALIBRATED on RS_SLAVE,ptp4l printed timestamp basis not established; no numeric join to detector/capture clocks
20260913_s11_act4,s11_runs,slave.log,36a14abee081e1404ee572d1e9f3606fff08a2d40f1afaf1c989c8ed693d0ff9,13,ptp4l[349.386]: port 1: LISTENING to UNCALIBRATED on RS_SLAVE,349.386,1,LISTENING to UNCALIBRATED on RS_SLAVE,ptp4l printed timestamp basis not established; no numeric join to detector/capture clocks
20260913_s11_act4,s11_runs,slave.log,36a14abee081e1404ee572d1e9f3606fff08a2d40f1afaf1c989c8ed693d0ff9,14,ptp4l[349.387]: port 2: master state recommended in slave only mode,349.387,2,master state recommended in slave only mode,ptp4l printed timestamp basis not established; no numeric join to detector/capture clocks
20260913_s11_act4,s11_runs,slave.log,36a14abee081e1404ee572d1e9f3606fff08a2d40f1afaf1c989c8ed693d0ff9,15,ptp4l[349.388]: port 2: defaultDS.priority1 probably misconfigured,349.388,2,defaultDS.priority1 probably misconfigured,ptp4l printed timestamp basis not established; no numeric join to detector/capture clocks
20260913_s11_act4,s11_runs,slave.log,36a14abee081e1404ee572d1e9f3606fff08a2d40f1afaf1c989c8ed693d0ff9,16,ptp4l[349.389]: port 2: UNCALIBRATED to LISTENING on RS_MASTER,349.389,2,UNCALIBRATED to LISTENING on RS_MASTER,ptp4l printed timestamp basis not established; no numeric join to detector/capture clocks
20260913_s11_act4,s11_runs,slave.log,36a14abee081e1404ee572d1e9f3606fff08a2d40f1afaf1c989c8ed693d0ff9,21,ptp4l[350.777]: port 2: master state recommended in slave only mode,350.777,2,master state recommended in slave only mode,ptp4l printed timestamp basis not established; no numeric join to detector/capture clocks
20260913_s11_act4,s11_runs,slave.log,36a14abee081e1404ee572d1e9f3606fff08a2d40f1afaf1c989c8ed693d0ff9,22,ptp4l[350.778]: port 2: defaultDS.priority1 probably misconfigured,350.778,2,defaultDS.priority1 probably misconfigured,ptp4l printed timestamp basis not established; no numeric join to detector/capture clocks
20260913_s11_act4,s11_runs,slave.log,36a14abee081e1404ee572d1e9f3606fff08a2d40f1afaf1c989c8ed693d0ff9,27,ptp4l[351.528]: port 2: master state recommended in slave only mode,351.528,2,master state recommended in slave only mode,ptp4l printed timestamp basis not established; no numeric join to detector/capture clocks
20260913_s11_act4,s11_runs,slave.log,36a14abee081e1404ee572d1e9f3606fff08a2d40f1afaf1c989c8ed693d0ff9,28,ptp4l[351.529]: port 2: defaultDS.priority1 probably misconfigured,351.529,2,defaultDS.priority1 probably misconfigured,ptp4l printed timestamp basis not established; no numeric join to detector/capture clocks
20260913_s11_act4,s11_runs,slave.log,36a14abee081e1404ee572d1e9f3606fff08a2d40f1afaf1c989c8ed693d0ff9,33,ptp4l[352.278]: port 2: master state recommended in slave only mode,352.278,2,master state recommended in slave only mode,ptp4l printed timestamp basis not established; no numeric join to detector/capture clocks
20260913_s11_act4,s11_runs,slave.log,36a14abee081e1404ee572d1e9f3606fff08a2d40f1afaf1c989c8ed693d0ff9,34,ptp4l[352.279]: port 2: defaultDS.priority1 probably misconfigured,352.279,2,defaultDS.priority1 probably misconfigured,ptp4l printed timestamp basis not established; no numeric join to detector/capture clocks
20260913_s11_act4,s11_runs,slave.log,36a14abee081e1404ee572d1e9f3606fff08a2d40f1afaf1c989c8ed693d0ff9,39,ptp4l[353.279]: port 2: master state recommended in slave only mode,353.279,2,master state recommended in slave only mode,ptp4l printed timestamp basis not established; no numeric join to detector/capture clocks
20260913_s11_act4,s11_runs,slave.log,36a14abee081e1404ee572d1e9f3606fff08a2d40f1afaf1c989c8ed693d0ff9,40,ptp4l[353.280]: port 2: defaultDS.priority1 probably misconfigured,353.280,2,defaultDS.priority1 probably misconfigured,ptp4l printed timestamp basis not established; no numeric join to detector/capture clocks
20260913_s11_act4,s11_runs,slave.log,36a14abee081e1404ee572d1e9f3606fff08a2d40f1afaf1c989c8ed693d0ff9,45,ptp4l[354.031]: port 2: master state recommended in slave only mode,354.031,2,master state recommended in slave only mode,ptp4l printed timestamp basis not established; no numeric join to detector/capture clocks
20260913_s11_act4,s11_runs,slave.log,36a14abee081e1404ee572d1e9f3606fff08a2d40f1afaf1c989c8ed693d0ff9,46,ptp4l[354.034]: port 2: defaultDS.priority1 probably misconfigured,354.034,2,defaultDS.priority1 probably misconfigured,ptp4l printed timestamp basis not established; no numeric join to detector/capture clocks
20260913_s11_act4,s11_runs,slave.log,36a14abee081e1404ee572d1e9f3606fff08a2d40f1afaf1c989c8ed693d0ff9,51,ptp4l[355.029]: port 2: master state recommended in slave only mode,355.029,2,master state recommended in slave only mode,ptp4l printed timestamp basis not established; no numeric join to detector/capture clocks
20260913_s11_act4,s11_runs,slave.log,36a14abee081e1404ee572d1e9f3606fff08a2d40f1afaf1c989c8ed693d0ff9,52,ptp4l[355.030]: port 2: defaultDS.priority1 probably misconfigured,355.030,2,defaultDS.priority1 probably misconfigured,ptp4l printed timestamp basis not established; no numeric join to detector/capture clocks
20260913_s11_act4,s11_runs,slave.log,36a14abee081e1404ee572d1e9f3606fff08a2d40f1afaf1c989c8ed693d0ff9,57,ptp4l[355.783]: port 2: master state recommended in slave only mode,355.783,2,master state recommended in slave only mode,ptp4l printed timestamp basis not established; no numeric join to detector/capture clocks
20260913_s11_act4,s11_runs,slave.log,36a14abee081e1404ee572d1e9f3606fff08a2d40f1afaf1c989c8ed693d0ff9,58,ptp4l[355.786]: port 2: defaultDS.priority1 probably misconfigured,355.786,2,defaultDS.priority1 probably misconfigured,ptp4l printed timestamp basis not established; no numeric join to detector/capture clocks
20260913_s11_act4,s11_runs,slave.log,36a14abee081e1404ee572d1e9f3606fff08a2d40f1afaf1c989c8ed693d0ff9,63,ptp4l[356.534]: port 2: master state recommended in slave only mode,356.534,2,master state recommended in slave only mode,ptp4l printed timestamp basis not established; no numeric join to detector/capture clocks
20260913_s11_act4,s11_runs,slave.log,36a14abee081e1404ee572d1e9f3606fff08a2d40f1afaf1c989c8ed693d0ff9,64,ptp4l[356.537]: port 2: defaultDS.priority1 probably misconfigured,356.537,2,defaultDS.priority1 probably misconfigured,ptp4l printed timestamp basis not established; no numeric join to detector/capture clocks
20260913_s11_act4,s11_runs,slave.log,36a14abee081e1404ee572d1e9f3606fff08a2d40f1afaf1c989c8ed693d0ff9,69,ptp4l[357.530]: port 2: master state recommended in slave only mode,357.530,2,master state recommended in slave only mode,ptp4l printed timestamp basis not established; no numeric join to detector/capture clocks
20260913_s11_act4,s11_runs,slave.log,36a14abee081e1404ee572d1e9f3606fff08a2d40f1afaf1c989c8ed693d0ff9,70,ptp4l[357.531]: port 2: defaultDS.priority1 probably misconfigured,357.531,2,defaultDS.priority1 probably misconfigured,ptp4l printed timestamp basis not established; no numeric join to detector/capture clocks
20260913_s11_act4,s11_runs,slave.log,36a14abee081e1404ee572d1e9f3606fff08a2d40f1afaf1c989c8ed693d0ff9,75,ptp4l[358.281]: port 2: master state recommended in slave only mode,358.281,2,master state recommended in slave only mode,ptp4l printed timestamp basis not established; no numeric join to detector/capture clocks
20260913_s11_act4,s11_runs,slave.log,36a14abee081e1404ee572d1e9f3606fff08a2d40f1afaf1c989c8ed693d0ff9,76,ptp4l[358.282]: port 2: defaultDS.priority1 probably misconfigured,358.282,2,defaultDS.priority1 probably misconfigured,ptp4l printed timestamp basis not established; no numeric join to detector/capture clocks
20260913_s11_act4,s11_runs,slave.log,36a14abee081e1404ee572d1e9f3606fff08a2d40f1afaf1c989c8ed693d0ff9,81,ptp4l[359.281]: port 2: master state recommended in slave only mode,359.281,2,master state recommended in slave only mode,ptp4l printed timestamp basis not established; no numeric join to detector/capture clocks
20260913_s11_act4,s11_runs,slave.log,36a14abee081e1404ee572d1e9f3606fff08a2d40f1afaf1c989c8ed693d0ff9,82,ptp4l[359.282]: port 2: defaultDS.priority1 probably misconfigured,359.282,2,defaultDS.priority1 probably misconfigured,ptp4l printed timestamp basis not established; no numeric join to detector/capture clocks
20260913_s11_act4,s11_runs,slave.log,36a14abee081e1404ee572d1e9f3606fff08a2d40f1afaf1c989c8ed693d0ff9,87,ptp4l[360.035]: port 2: master state recommended in slave only mode,360.035,2,master state recommended in slave only mode,ptp4l printed timestamp basis not established; no numeric join to detector/capture clocks
20260913_s11_act4,s11_runs,slave.log,36a14abee081e1404ee572d1e9f3606fff08a2d40f1afaf1c989c8ed693d0ff9,88,ptp4l[360.037]: port 2: defaultDS.priority1 probably misconfigured,360.037,2,defaultDS.priority1 probably misconfigured,ptp4l printed timestamp basis not established; no numeric join to detector/capture clocks
20260913_s11_act4,s11_runs,slave.log,36a14abee081e1404ee572d1e9f3606fff08a2d40f1afaf1c989c8ed693d0ff9,93,ptp4l[360.786]: port 2: master state recommended in slave only mode,360.786,2,master state recommended in slave only mode,ptp4l printed timestamp basis not established; no numeric join to detector/capture clocks
20260913_s11_act4,s11_runs,slave.log,36a14abee081e1404ee572d1e9f3606fff08a2d40f1afaf1c989c8ed693d0ff9,94,ptp4l[360.789]: port 2: defaultDS.priority1 probably misconfigured,360.789,2,defaultDS.priority1 probably misconfigured,ptp4l printed timestamp basis not established; no numeric join to detector/capture clocks
20260913_s11_act4,s11_runs,slave.log,36a14abee081e1404ee572d1e9f3606fff08a2d40f1afaf1c989c8ed693d0ff9,99,ptp4l[361.786]: port 2: master state recommended in slave only mode,361.786,2,master state recommended in slave only mode,ptp4l printed timestamp basis not established; no numeric join to detector/capture clocks
20260913_s11_act4,s11_runs,slave.log,36a14abee081e1404ee572d1e9f3606fff08a2d40f1afaf1c989c8ed693d0ff9,100,ptp4l[361.789]: port 2: defaultDS.priority1 probably misconfigured,361.789,2,defaultDS.priority1 probably misconfigured,ptp4l printed timestamp basis not established; no numeric join to detector/capture clocks
20260913_s11_act4,s11_runs,slave.log,36a14abee081e1404ee572d1e9f3606fff08a2d40f1afaf1c989c8ed693d0ff9,105,ptp4l[362.533]: port 2: master state recommended in slave only mode,362.533,2,master state recommended in slave only mode,ptp4l printed timestamp basis not established; no numeric join to detector/capture clocks
20260913_s11_act4,s11_runs,slave.log,36a14abee081e1404ee572d1e9f3606fff08a2d40f1afaf1c989c8ed693d0ff9,106,ptp4l[362.534]: port 2: defaultDS.priority1 probably misconfigured,362.534,2,defaultDS.priority1 probably misconfigured,ptp4l printed timestamp basis not established; no numeric join to detector/capture clocks
20260913_s11_act4,s11_runs,slave.log,36a14abee081e1404ee572d1e9f3606fff08a2d40f1afaf1c989c8ed693d0ff9,111,ptp4l[363.533]: port 2: master state recommended in slave only mode,363.533,2,master state recommended in slave only mode,ptp4l printed timestamp basis not established; no numeric join to detector/capture clocks
20260913_s11_act4,s11_runs,slave.log,36a14abee081e1404ee572d1e9f3606fff08a2d40f1afaf1c989c8ed693d0ff9,112,ptp4l[363.534]: port 2: defaultDS.priority1 probably misconfigured,363.534,2,defaultDS.priority1 probably misconfigured,ptp4l printed timestamp basis not established; no numeric join to detector/capture clocks
20260913_s11_act4,s11_runs,slave.log,36a14abee081e1404ee572d1e9f3606fff08a2d40f1afaf1c989c8ed693d0ff9,117,ptp4l[364.287]: port 2: master state recommended in slave only mode,364.287,2,master state recommended in slave only mode,ptp4l printed timestamp basis not established; no numeric join to detector/capture clocks
20260913_s11_act4,s11_runs,slave.log,36a14abee081e1404ee572d1e9f3606fff08a2d40f1afaf1c989c8ed693d0ff9,118,ptp4l[364.289]: port 2: defaultDS.priority1 probably misconfigured,364.289,2,defaultDS.priority1 probably misconfigured,ptp4l printed timestamp basis not established; no numeric join to detector/capture clocks
20260913_s11_act4,s11_runs,slave.log,36a14abee081e1404ee572d1e9f3606fff08a2d40f1afaf1c989c8ed693d0ff9,123,ptp4l[365.288]: port 2: master state recommended in slave only mode,365.288,2,master state recommended in slave only mode,ptp4l printed timestamp basis not established; no numeric join to detector/capture clocks
20260913_s11_act4,s11_runs,slave.log,36a14abee081e1404ee572d1e9f3606fff08a2d40f1afaf1c989c8ed693d0ff9,124,ptp4l[365.291]: port 2: defaultDS.priority1 probably misconfigured,365.291,2,defaultDS.priority1 probably misconfigured,ptp4l printed timestamp basis not established; no numeric join to detector/capture clocks
20260913_s11_act4,s11_runs,slave.log,36a14abee081e1404ee572d1e9f3606fff08a2d40f1afaf1c989c8ed693d0ff9,130,ptp4l[366.289]: port 2: master state recommended in slave only mode,366.289,2,master state recommended in slave only mode,ptp4l printed timestamp basis not established; no numeric join to detector/capture clocks
20260913_s11_act4,s11_runs,slave.log,36a14abee081e1404ee572d1e9f3606fff08a2d40f1afaf1c989c8ed693d0ff9,131,ptp4l[366.291]: port 2: defaultDS.priority1 probably misconfigured,366.291,2,defaultDS.priority1 probably misconfigured,ptp4l printed timestamp basis not established; no numeric join to detector/capture clocks
20260913_s11_act4,s11_runs,slave.log,36a14abee081e1404ee572d1e9f3606fff08a2d40f1afaf1c989c8ed693d0ff9,134,ptp4l[366.942]: port 1: link down,366.942,1,link down,ptp4l printed timestamp basis not established; no numeric join to detector/capture clocks
20260913_s11_act4,s11_runs,slave.log,36a14abee081e1404ee572d1e9f3606fff08a2d40f1afaf1c989c8ed693d0ff9,135,ptp4l[366.943]: port 1: UNCALIBRATED to FAULTY on FAULT_DETECTED (FT_UNSPECIFIED),366.943,1,UNCALIBRATED to FAULTY on FAULT_DETECTED (FT_UNSPECIFIED),ptp4l printed timestamp basis not established; no numeric join to detector/capture clocks
20260913_s11_act4,s11_runs,slave.log,36a14abee081e1404ee572d1e9f3606fff08a2d40f1afaf1c989c8ed693d0ff9,137,ptp4l[366.989]: port 1: assuming the grand master role,366.989,1,assuming the grand master role,ptp4l printed timestamp basis not established; no numeric join to detector/capture clocks
20260913_s11_act4,s11_runs,slave.log,36a14abee081e1404ee572d1e9f3606fff08a2d40f1afaf1c989c8ed693d0ff9,138,ptp4l[366.991]: port 1: master state recommended in slave only mode,366.991,1,master state recommended in slave only mode,ptp4l printed timestamp basis not established; no numeric join to detector/capture clocks
20260913_s11_act4,s11_runs,slave.log,36a14abee081e1404ee572d1e9f3606fff08a2d40f1afaf1c989c8ed693d0ff9,139,ptp4l[366.992]: port 1: defaultDS.priority1 probably misconfigured,366.992,1,defaultDS.priority1 probably misconfigured,ptp4l printed timestamp basis not established; no numeric join to detector/capture clocks
20260913_s11_act4,s11_runs,slave.log,36a14abee081e1404ee572d1e9f3606fff08a2d40f1afaf1c989c8ed693d0ff9,141,ptp4l[367.039]: port 1: master state recommended in slave only mode,367.039,1,master state recommended in slave only mode,ptp4l printed timestamp basis not established; no numeric join to detector/capture clocks
20260913_s11_act4,s11_runs,slave.log,36a14abee081e1404ee572d1e9f3606fff08a2d40f1afaf1c989c8ed693d0ff9,142,ptp4l[367.040]: port 1: defaultDS.priority1 probably misconfigured,367.040,1,defaultDS.priority1 probably misconfigured,ptp4l printed timestamp basis not established; no numeric join to detector/capture clocks
20260913_s11_act4,s11_runs,slave.log,36a14abee081e1404ee572d1e9f3606fff08a2d40f1afaf1c989c8ed693d0ff9,144,ptp4l[367.043]: port 2: LISTENING to UNCALIBRATED on RS_SLAVE,367.043,2,LISTENING to UNCALIBRATED on RS_SLAVE,ptp4l printed timestamp basis not established; no numeric join to detector/capture clocks
20260913_s11_act5,s11_runs,slave.log,94881fbe107b0c00497edc3cff2a134af0a1f6f67c559ba016e07ca036adcc49,1,ptp4l[444.905]: port 1: INITIALIZING to LISTENING on INIT_COMPLETE,444.905,1,INITIALIZING to LISTENING on INIT_COMPLETE,ptp4l printed timestamp basis not established; no numeric join to detector/capture clocks
20260913_s11_act5,s11_runs,slave.log,94881fbe107b0c00497edc3cff2a134af0a1f6f67c559ba016e07ca036adcc49,2,ptp4l[444.921]: port 2: INITIALIZING to LISTENING on INIT_COMPLETE,444.921,2,INITIALIZING to LISTENING on INIT_COMPLETE,ptp4l printed timestamp basis not established; no numeric join to detector/capture clocks
20260913_s11_act5,s11_runs,slave.log,94881fbe107b0c00497edc3cff2a134af0a1f6f67c559ba016e07ca036adcc49,3,ptp4l[444.925]: port 0: INITIALIZING to LISTENING on INIT_COMPLETE,444.925,0,INITIALIZING to LISTENING on INIT_COMPLETE,ptp4l printed timestamp basis not established; no numeric join to detector/capture clocks
20260913_s11_act5,s11_runs,slave.log,94881fbe107b0c00497edc3cff2a134af0a1f6f67c559ba016e07ca036adcc49,6,ptp4l[445.824]: port 2: new foreign master 2ae8b7.fffe.237a80-1,445.824,2,new foreign master 2ae8b7.fffe.237a80-1,ptp4l printed timestamp basis not established; no numeric join to detector/capture clocks
20260913_s11_act5,s11_runs,slave.log,94881fbe107b0c00497edc3cff2a134af0a1f6f67c559ba016e07ca036adcc49,7,ptp4l[445.916]: port 1: new foreign master 2210de.fffe.531104-1,445.916,1,new foreign master 2210de.fffe.531104-1,ptp4l printed timestamp basis not established; no numeric join to detector/capture clocks
20260913_s11_act5,s11_runs,slave.log,94881fbe107b0c00497edc3cff2a134af0a1f6f67c559ba016e07ca036adcc49,10,ptp4l[446.329]: port 2: LISTENING to UNCALIBRATED on RS_SLAVE,446.329,2,LISTENING to UNCALIBRATED on RS_SLAVE,ptp4l printed timestamp basis not established; no numeric join to detector/capture clocks
20260913_s11_act5,s11_runs,slave.log,94881fbe107b0c00497edc3cff2a134af0a1f6f67c559ba016e07ca036adcc49,13,ptp4l[446.421]: port 1: LISTENING to UNCALIBRATED on RS_SLAVE,446.421,1,LISTENING to UNCALIBRATED on RS_SLAVE,ptp4l printed timestamp basis not established; no numeric join to detector/capture clocks
20260913_s11_act5,s11_runs,slave.log,94881fbe107b0c00497edc3cff2a134af0a1f6f67c559ba016e07ca036adcc49,14,ptp4l[446.423]: port 2: master state recommended in slave only mode,446.423,2,master state recommended in slave only mode,ptp4l printed timestamp basis not established; no numeric join to detector/capture clocks
20260913_s11_act5,s11_runs,slave.log,94881fbe107b0c00497edc3cff2a134af0a1f6f67c559ba016e07ca036adcc49,15,ptp4l[446.426]: port 2: defaultDS.priority1 probably misconfigured,446.426,2,defaultDS.priority1 probably misconfigured,ptp4l printed timestamp basis not established; no numeric join to detector/capture clocks
20260913_s11_act5,s11_runs,slave.log,94881fbe107b0c00497edc3cff2a134af0a1f6f67c559ba016e07ca036adcc49,16,ptp4l[446.428]: port 2: UNCALIBRATED to LISTENING on RS_MASTER,446.428,2,UNCALIBRATED to LISTENING on RS_MASTER,ptp4l printed timestamp basis not established; no numeric join to detector/capture clocks
20260913_s11_act5,s11_runs,slave.log,94881fbe107b0c00497edc3cff2a134af0a1f6f67c559ba016e07ca036adcc49,21,ptp4l[447.579]: port 2: master state recommended in slave only mode,447.579,2,master state recommended in slave only mode,ptp4l printed timestamp basis not established; no numeric join to detector/capture clocks
20260913_s11_act5,s11_runs,slave.log,94881fbe107b0c00497edc3cff2a134af0a1f6f67c559ba016e07ca036adcc49,22,ptp4l[447.581]: port 2: defaultDS.priority1 probably misconfigured,447.581,2,defaultDS.priority1 probably misconfigured,ptp4l printed timestamp basis not established; no numeric join to detector/capture clocks
20260913_s11_act5,s11_runs,slave.log,94881fbe107b0c00497edc3cff2a134af0a1f6f67c559ba016e07ca036adcc49,27,ptp4l[448.578]: port 2: master state recommended in slave only mode,448.578,2,master state recommended in slave only mode,ptp4l printed timestamp basis not established; no numeric join to detector/capture clocks
20260913_s11_act5,s11_runs,slave.log,94881fbe107b0c00497edc3cff2a134af0a1f6f67c559ba016e07ca036adcc49,28,ptp4l[448.579]: port 2: defaultDS.priority1 probably misconfigured,448.579,2,defaultDS.priority1 probably misconfigured,ptp4l printed timestamp basis not established; no numeric join to detector/capture clocks
20260913_s11_act5,s11_runs,slave.log,94881fbe107b0c00497edc3cff2a134af0a1f6f67c559ba016e07ca036adcc49,33,ptp4l[449.327]: port 2: master state recommended in slave only mode,449.327,2,master state recommended in slave only mode,ptp4l printed timestamp basis not established; no numeric join to detector/capture clocks
20260913_s11_act5,s11_runs,slave.log,94881fbe107b0c00497edc3cff2a134af0a1f6f67c559ba016e07ca036adcc49,34,ptp4l[449.328]: port 2: defaultDS.priority1 probably misconfigured,449.328,2,defaultDS.priority1 probably misconfigured,ptp4l printed timestamp basis not established; no numeric join to detector/capture clocks
20260913_s11_act5,s11_runs,slave.log,94881fbe107b0c00497edc3cff2a134af0a1f6f67c559ba016e07ca036adcc49,39,ptp4l[450.328]: port 2: master state recommended in slave only mode,450.328,2,master state recommended in slave only mode,ptp4l printed timestamp basis not established; no numeric join to detector/capture clocks
20260913_s11_act5,s11_runs,slave.log,94881fbe107b0c00497edc3cff2a134af0a1f6f67c559ba016e07ca036adcc49,40,ptp4l[450.328]: port 2: defaultDS.priority1 probably misconfigured,450.328,2,defaultDS.priority1 probably misconfigured,ptp4l printed timestamp basis not established; no numeric join to detector/capture clocks
20260913_s11_act5,s11_runs,slave.log,94881fbe107b0c00497edc3cff2a134af0a1f6f67c559ba016e07ca036adcc49,45,ptp4l[451.082]: port 2: master state recommended in slave only mode,451.082,2,master state recommended in slave only mode,ptp4l printed timestamp basis not established; no numeric join to detector/capture clocks
20260913_s11_act5,s11_runs,slave.log,94881fbe107b0c00497edc3cff2a134af0a1f6f67c559ba016e07ca036adcc49,46,ptp4l[451.084]: port 2: defaultDS.priority1 probably misconfigured,451.084,2,defaultDS.priority1 probably misconfigured,ptp4l printed timestamp basis not established; no numeric join to detector/capture clocks
20260913_s11_act5,s11_runs,slave.log,94881fbe107b0c00497edc3cff2a134af0a1f6f67c559ba016e07ca036adcc49,51,ptp4l[452.079]: port 2: master state recommended in slave only mode,452.079,2,master state recommended in slave only mode,ptp4l printed timestamp basis not established; no numeric join to detector/capture clocks
20260913_s11_act5,s11_runs,slave.log,94881fbe107b0c00497edc3cff2a134af0a1f6f67c559ba016e07ca036adcc49,52,ptp4l[452.080]: port 2: defaultDS.priority1 probably misconfigured,452.080,2,defaultDS.priority1 probably misconfigured,ptp4l printed timestamp basis not established; no numeric join to detector/capture clocks
20260913_s11_act5,s11_runs,slave.log,94881fbe107b0c00497edc3cff2a134af0a1f6f67c559ba016e07ca036adcc49,57,ptp4l[452.832]: port 2: master state recommended in slave only mode,452.832,2,master state recommended in slave only mode,ptp4l printed timestamp basis not established; no numeric join to detector/capture clocks
20260913_s11_act5,s11_runs,slave.log,94881fbe107b0c00497edc3cff2a134af0a1f6f67c559ba016e07ca036adcc49,58,ptp4l[452.834]: port 2: defaultDS.priority1 probably misconfigured,452.834,2,defaultDS.priority1 probably misconfigured,ptp4l printed timestamp basis not established; no numeric join to detector/capture clocks
20260913_s11_act5,s11_runs,slave.log,94881fbe107b0c00497edc3cff2a134af0a1f6f67c559ba016e07ca036adcc49,63,ptp4l[453.831]: port 2: master state recommended in slave only mode,453.831,2,master state recommended in slave only mode,ptp4l printed timestamp basis not established; no numeric join to detector/capture clocks
20260913_s11_act5,s11_runs,slave.log,94881fbe107b0c00497edc3cff2a134af0a1f6f67c559ba016e07ca036adcc49,64,ptp4l[453.832]: port 2: defaultDS.priority1 probably misconfigured,453.832,2,defaultDS.priority1 probably misconfigured,ptp4l printed timestamp basis not established; no numeric join to detector/capture clocks
20260913_s11_act5,s11_runs,slave.log,94881fbe107b0c00497edc3cff2a134af0a1f6f67c559ba016e07ca036adcc49,69,ptp4l[454.829]: port 2: master state recommended in slave only mode,454.829,2,master state recommended in slave only mode,ptp4l printed timestamp basis not established; no numeric join to detector/capture clocks
20260913_s11_act5,s11_runs,slave.log,94881fbe107b0c00497edc3cff2a134af0a1f6f67c559ba016e07ca036adcc49,70,ptp4l[454.830]: port 2: defaultDS.priority1 probably misconfigured,454.830,2,defaultDS.priority1 probably misconfigured,ptp4l printed timestamp basis not established; no numeric join to detector/capture clocks
20260913_s11_act5,s11_runs,slave.log,94881fbe107b0c00497edc3cff2a134af0a1f6f67c559ba016e07ca036adcc49,75,ptp4l[455.580]: port 2: master state recommended in slave only mode,455.580,2,master state recommended in slave only mode,ptp4l printed timestamp basis not established; no numeric join to detector/capture clocks
20260913_s11_act5,s11_runs,slave.log,94881fbe107b0c00497edc3cff2a134af0a1f6f67c559ba016e07ca036adcc49,76,ptp4l[455.581]: port 2: defaultDS.priority1 probably misconfigured,455.581,2,defaultDS.priority1 probably misconfigured,ptp4l printed timestamp basis not established; no numeric join to detector/capture clocks
20260913_s11_act5,s11_runs,slave.log,94881fbe107b0c00497edc3cff2a134af0a1f6f67c559ba016e07ca036adcc49,81,ptp4l[456.334]: port 2: master state recommended in slave only mode,456.334,2,master state recommended in slave only mode,ptp4l printed timestamp basis not established; no numeric join to detector/capture clocks
20260913_s11_act5,s11_runs,slave.log,94881fbe107b0c00497edc3cff2a134af0a1f6f67c559ba016e07ca036adcc49,82,ptp4l[456.336]: port 2: defaultDS.priority1 probably misconfigured,456.336,2,defaultDS.priority1 probably misconfigured,ptp4l printed timestamp basis not established; no numeric join to detector/capture clocks
20260913_s11_act5,s11_runs,slave.log,94881fbe107b0c00497edc3cff2a134af0a1f6f67c559ba016e07ca036adcc49,87,ptp4l[457.332]: port 2: master state recommended in slave only mode,457.332,2,master state recommended in slave only mode,ptp4l printed timestamp basis not established; no numeric join to detector/capture clocks
20260913_s11_act5,s11_runs,slave.log,94881fbe107b0c00497edc3cff2a134af0a1f6f67c559ba016e07ca036adcc49,88,ptp4l[457.334]: port 2: defaultDS.priority1 probably misconfigured,457.334,2,defaultDS.priority1 probably misconfigured,ptp4l printed timestamp basis not established; no numeric join to detector/capture clocks
20260913_s11_act5,s11_runs,slave.log,94881fbe107b0c00497edc3cff2a134af0a1f6f67c559ba016e07ca036adcc49,93,ptp4l[458.335]: port 2: master state recommended in slave only mode,458.335,2,master state recommended in slave only mode,ptp4l printed timestamp basis not established; no numeric join to detector/capture clocks
20260913_s11_act5,s11_runs,slave.log,94881fbe107b0c00497edc3cff2a134af0a1f6f67c559ba016e07ca036adcc49,94,ptp4l[458.337]: port 2: defaultDS.priority1 probably misconfigured,458.337,2,defaultDS.priority1 probably misconfigured,ptp4l printed timestamp basis not established; no numeric join to detector/capture clocks
20260913_s11_act5,s11_runs,slave.log,94881fbe107b0c00497edc3cff2a134af0a1f6f67c559ba016e07ca036adcc49,99,ptp4l[459.096]: port 2: master state recommended in slave only mode,459.096,2,master state recommended in slave only mode,ptp4l printed timestamp basis not established; no numeric join to detector/capture clocks
20260913_s11_act5,s11_runs,slave.log,94881fbe107b0c00497edc3cff2a134af0a1f6f67c559ba016e07ca036adcc49,100,ptp4l[459.098]: port 2: defaultDS.priority1 probably misconfigured,459.098,2,defaultDS.priority1 probably misconfigured,ptp4l printed timestamp basis not established; no numeric join to detector/capture clocks
20260913_s11_act5,s11_runs,slave.log,94881fbe107b0c00497edc3cff2a134af0a1f6f67c559ba016e07ca036adcc49,105,ptp4l[459.844]: port 2: master state recommended in slave only mode,459.844,2,master state recommended in slave only mode,ptp4l printed timestamp basis not established; no numeric join to detector/capture clocks
20260913_s11_act5,s11_runs,slave.log,94881fbe107b0c00497edc3cff2a134af0a1f6f67c559ba016e07ca036adcc49,106,ptp4l[459.845]: port 2: defaultDS.priority1 probably misconfigured,459.845,2,defaultDS.priority1 probably misconfigured,ptp4l printed timestamp basis not established; no numeric join to detector/capture clocks
20260913_s11_act5,s11_runs,slave.log,94881fbe107b0c00497edc3cff2a134af0a1f6f67c559ba016e07ca036adcc49,111,ptp4l[460.847]: port 2: master state recommended in slave only mode,460.847,2,master state recommended in slave only mode,ptp4l printed timestamp basis not established; no numeric join to detector/capture clocks
20260913_s11_act5,s11_runs,slave.log,94881fbe107b0c00497edc3cff2a134af0a1f6f67c559ba016e07ca036adcc49,112,ptp4l[460.850]: port 2: defaultDS.priority1 probably misconfigured,460.850,2,defaultDS.priority1 probably misconfigured,ptp4l printed timestamp basis not established; no numeric join to detector/capture clocks
20260913_s11_act5,s11_runs,slave.log,94881fbe107b0c00497edc3cff2a134af0a1f6f67c559ba016e07ca036adcc49,117,ptp4l[461.598]: port 2: master state recommended in slave only mode,461.598,2,master state recommended in slave only mode,ptp4l printed timestamp basis not established; no numeric join to detector/capture clocks
20260913_s11_act5,s11_runs,slave.log,94881fbe107b0c00497edc3cff2a134af0a1f6f67c559ba016e07ca036adcc49,118,ptp4l[461.601]: port 2: defaultDS.priority1 probably misconfigured,461.601,2,defaultDS.priority1 probably misconfigured,ptp4l printed timestamp basis not established; no numeric join to detector/capture clocks
20260913_s11_act5,s11_runs,slave.log,94881fbe107b0c00497edc3cff2a134af0a1f6f67c559ba016e07ca036adcc49,124,ptp4l[462.598]: port 2: master state recommended in slave only mode,462.598,2,master state recommended in slave only mode,ptp4l printed timestamp basis not established; no numeric join to detector/capture clocks
20260913_s11_act5,s11_runs,slave.log,94881fbe107b0c00497edc3cff2a134af0a1f6f67c559ba016e07ca036adcc49,125,ptp4l[462.600]: port 2: defaultDS.priority1 probably misconfigured,462.600,2,defaultDS.priority1 probably misconfigured,ptp4l printed timestamp basis not established; no numeric join to detector/capture clocks
20260913_s11_act5,s11_runs,slave.log,94881fbe107b0c00497edc3cff2a134af0a1f6f67c559ba016e07ca036adcc49,130,ptp4l[463.599]: port 2: master state recommended in slave only mode,463.599,2,master state recommended in slave only mode,ptp4l printed timestamp basis not established; no numeric join to detector/capture clocks
20260913_s11_act5,s11_runs,slave.log,94881fbe107b0c00497edc3cff2a134af0a1f6f67c559ba016e07ca036adcc49,131,ptp4l[463.602]: port 2: defaultDS.priority1 probably misconfigured,463.602,2,defaultDS.priority1 probably misconfigured,ptp4l printed timestamp basis not established; no numeric join to detector/capture clocks
20260913_s11_act5,s11_runs,slave.log,94881fbe107b0c00497edc3cff2a134af0a1f6f67c559ba016e07ca036adcc49,136,ptp4l[464.367]: port 2: master state recommended in slave only mode,464.367,2,master state recommended in slave only mode,ptp4l printed timestamp basis not established; no numeric join to detector/capture clocks
20260913_s11_act5,s11_runs,slave.log,94881fbe107b0c00497edc3cff2a134af0a1f6f67c559ba016e07ca036adcc49,137,ptp4l[464.373]: port 2: defaultDS.priority1 probably misconfigured,464.373,2,defaultDS.priority1 probably misconfigured,ptp4l printed timestamp basis not established; no numeric join to detector/capture clocks
20260913_s11_act5,s11_runs,slave.log,94881fbe107b0c00497edc3cff2a134af0a1f6f67c559ba016e07ca036adcc49,142,ptp4l[465.350]: port 2: master state recommended in slave only mode,465.350,2,master state recommended in slave only mode,ptp4l printed timestamp basis not established; no numeric join to detector/capture clocks
20260913_s11_act5,s11_runs,slave.log,94881fbe107b0c00497edc3cff2a134af0a1f6f67c559ba016e07ca036adcc49,143,ptp4l[465.353]: port 2: defaultDS.priority1 probably misconfigured,465.353,2,defaultDS.priority1 probably misconfigured,ptp4l printed timestamp basis not established; no numeric join to detector/capture clocks
20260913_s11_act5,s11_runs,slave.log,94881fbe107b0c00497edc3cff2a134af0a1f6f67c559ba016e07ca036adcc49,148,ptp4l[466.098]: port 2: master state recommended in slave only mode,466.098,2,master state recommended in slave only mode,ptp4l printed timestamp basis not established; no numeric join to detector/capture clocks
20260913_s11_act5,s11_runs,slave.log,94881fbe107b0c00497edc3cff2a134af0a1f6f67c559ba016e07ca036adcc49,149,ptp4l[466.099]: port 2: defaultDS.priority1 probably misconfigured,466.099,2,defaultDS.priority1 probably misconfigured,ptp4l printed timestamp basis not established; no numeric join to detector/capture clocks
20260913_s11_act5,s11_runs,slave.log,94881fbe107b0c00497edc3cff2a134af0a1f6f67c559ba016e07ca036adcc49,152,ptp4l[466.997]: port 1: link down,466.997,1,link down,ptp4l printed timestamp basis not established; no numeric join to detector/capture clocks
20260913_s11_act5,s11_runs,slave.log,94881fbe107b0c00497edc3cff2a134af0a1f6f67c559ba016e07ca036adcc49,153,ptp4l[466.997]: port 1: UNCALIBRATED to FAULTY on FAULT_DETECTED (FT_UNSPECIFIED),466.997,1,UNCALIBRATED to FAULTY on FAULT_DETECTED (FT_UNSPECIFIED),ptp4l printed timestamp basis not established; no numeric join to detector/capture clocks
20260913_s11_act5,s11_runs,slave.log,94881fbe107b0c00497edc3cff2a134af0a1f6f67c559ba016e07ca036adcc49,155,ptp4l[467.049]: port 1: assuming the grand master role,467.049,1,assuming the grand master role,ptp4l printed timestamp basis not established; no numeric join to detector/capture clocks
20260913_s11_act5,s11_runs,slave.log,94881fbe107b0c00497edc3cff2a134af0a1f6f67c559ba016e07ca036adcc49,156,ptp4l[467.050]: port 1: master state recommended in slave only mode,467.050,1,master state recommended in slave only mode,ptp4l printed timestamp basis not established; no numeric join to detector/capture clocks
20260913_s11_act5,s11_runs,slave.log,94881fbe107b0c00497edc3cff2a134af0a1f6f67c559ba016e07ca036adcc49,157,ptp4l[467.051]: port 1: defaultDS.priority1 probably misconfigured,467.051,1,defaultDS.priority1 probably misconfigured,ptp4l printed timestamp basis not established; no numeric join to detector/capture clocks
20260913_s11_act5,s11_runs,slave.log,94881fbe107b0c00497edc3cff2a134af0a1f6f67c559ba016e07ca036adcc49,159,ptp4l[467.100]: port 1: master state recommended in slave only mode,467.100,1,master state recommended in slave only mode,ptp4l printed timestamp basis not established; no numeric join to detector/capture clocks
20260913_s11_act5,s11_runs,slave.log,94881fbe107b0c00497edc3cff2a134af0a1f6f67c559ba016e07ca036adcc49,160,ptp4l[467.101]: port 1: defaultDS.priority1 probably misconfigured,467.101,1,defaultDS.priority1 probably misconfigured,ptp4l printed timestamp basis not established; no numeric join to detector/capture clocks
20260913_s11_act5,s11_runs,slave.log,94881fbe107b0c00497edc3cff2a134af0a1f6f67c559ba016e07ca036adcc49,162,ptp4l[467.103]: port 2: LISTENING to UNCALIBRATED on RS_SLAVE,467.103,2,LISTENING to UNCALIBRATED on RS_SLAVE,ptp4l printed timestamp basis not established; no numeric join to detector/capture clocks
20260913_s11_noact1,s11_runs,slave.log,aed98a4ba5b51f50c3079680ff9d3977b60637d69b99ec68def9042d927a0645,1,ptp4l[104.816]: port 1: INITIALIZING to LISTENING on INIT_COMPLETE,104.816,1,INITIALIZING to LISTENING on INIT_COMPLETE,ptp4l printed timestamp basis not established; no numeric join to detector/capture clocks
20260913_s11_noact1,s11_runs,slave.log,aed98a4ba5b51f50c3079680ff9d3977b60637d69b99ec68def9042d927a0645,2,ptp4l[104.860]: port 2: INITIALIZING to LISTENING on INIT_COMPLETE,104.860,2,INITIALIZING to LISTENING on INIT_COMPLETE,ptp4l printed timestamp basis not established; no numeric join to detector/capture clocks
20260913_s11_noact1,s11_runs,slave.log,aed98a4ba5b51f50c3079680ff9d3977b60637d69b99ec68def9042d927a0645,3,ptp4l[104.860]: port 0: INITIALIZING to LISTENING on INIT_COMPLETE,104.860,0,INITIALIZING to LISTENING on INIT_COMPLETE,ptp4l printed timestamp basis not established; no numeric join to detector/capture clocks
20260913_s11_noact1,s11_runs,slave.log,aed98a4ba5b51f50c3079680ff9d3977b60637d69b99ec68def9042d927a0645,6,ptp4l[105.801]: port 1: new foreign master 8e80fa.fffe.a180a9-1,105.801,1,new foreign master 8e80fa.fffe.a180a9-1,ptp4l printed timestamp basis not established; no numeric join to detector/capture clocks
20260913_s11_noact1,s11_runs,slave.log,aed98a4ba5b51f50c3079680ff9d3977b60637d69b99ec68def9042d927a0645,7,ptp4l[105.805]: port 2: new foreign master 720678.fffe.c41420-1,105.805,2,new foreign master 720678.fffe.c41420-1,ptp4l printed timestamp basis not established; no numeric join to detector/capture clocks
20260913_s11_noact1,s11_runs,slave.log,aed98a4ba5b51f50c3079680ff9d3977b60637d69b99ec68def9042d927a0645,10,ptp4l[106.305]: port 1: LISTENING to UNCALIBRATED on RS_SLAVE,106.305,1,LISTENING to UNCALIBRATED on RS_SLAVE,ptp4l printed timestamp basis not established; no numeric join to detector/capture clocks
20260913_s11_noact1,s11_runs,slave.log,aed98a4ba5b51f50c3079680ff9d3977b60637d69b99ec68def9042d927a0645,13,ptp4l[106.310]: port 2: master state recommended in slave only mode,106.310,2,master state recommended in slave only mode,ptp4l printed timestamp basis not established; no numeric join to detector/capture clocks
20260913_s11_noact1,s11_runs,slave.log,aed98a4ba5b51f50c3079680ff9d3977b60637d69b99ec68def9042d927a0645,14,ptp4l[106.312]: port 2: defaultDS.priority1 probably misconfigured,106.312,2,defaultDS.priority1 probably misconfigured,ptp4l printed timestamp basis not established; no numeric join to detector/capture clocks
20260913_s11_noact1,s11_runs,slave.log,aed98a4ba5b51f50c3079680ff9d3977b60637d69b99ec68def9042d927a0645,19,ptp4l[107.059]: port 2: master state recommended in slave only mode,107.059,2,master state recommended in slave only mode,ptp4l printed timestamp basis not established; no numeric join to detector/capture clocks
20260913_s11_noact1,s11_runs,slave.log,aed98a4ba5b51f50c3079680ff9d3977b60637d69b99ec68def9042d927a0645,20,ptp4l[107.061]: port 2: defaultDS.priority1 probably misconfigured,107.061,2,defaultDS.priority1 probably misconfigured,ptp4l printed timestamp basis not established; no numeric join to detector/capture clocks
20260913_s11_noact1,s11_runs,slave.log,aed98a4ba5b51f50c3079680ff9d3977b60637d69b99ec68def9042d927a0645,25,ptp4l[108.057]: port 2: master state recommended in slave only mode,108.057,2,master state recommended in slave only mode,ptp4l printed timestamp basis not established; no numeric join to detector/capture clocks
20260913_s11_noact1,s11_runs,slave.log,aed98a4ba5b51f50c3079680ff9d3977b60637d69b99ec68def9042d927a0645,26,ptp4l[108.058]: port 2: defaultDS.priority1 probably misconfigured,108.058,2,defaultDS.priority1 probably misconfigured,ptp4l printed timestamp basis not established; no numeric join to detector/capture clocks
20260913_s11_noact1,s11_runs,slave.log,aed98a4ba5b51f50c3079680ff9d3977b60637d69b99ec68def9042d927a0645,31,ptp4l[109.058]: port 2: master state recommended in slave only mode,109.058,2,master state recommended in slave only mode,ptp4l printed timestamp basis not established; no numeric join to detector/capture clocks
20260913_s11_noact1,s11_runs,slave.log,aed98a4ba5b51f50c3079680ff9d3977b60637d69b99ec68def9042d927a0645,32,ptp4l[109.058]: port 2: defaultDS.priority1 probably misconfigured,109.058,2,defaultDS.priority1 probably misconfigured,ptp4l printed timestamp basis not established; no numeric join to detector/capture clocks
20260913_s11_noact1,s11_runs,slave.log,aed98a4ba5b51f50c3079680ff9d3977b60637d69b99ec68def9042d927a0645,37,ptp4l[109.811]: port 2: master state recommended in slave only mode,109.811,2,master state recommended in slave only mode,ptp4l printed timestamp basis not established; no numeric join to detector/capture clocks
20260913_s11_noact1,s11_runs,slave.log,aed98a4ba5b51f50c3079680ff9d3977b60637d69b99ec68def9042d927a0645,38,ptp4l[109.815]: port 2: defaultDS.priority1 probably misconfigured,109.815,2,defaultDS.priority1 probably misconfigured,ptp4l printed timestamp basis not established; no numeric join to detector/capture clocks
20260913_s11_noact1,s11_runs,slave.log,aed98a4ba5b51f50c3079680ff9d3977b60637d69b99ec68def9042d927a0645,43,ptp4l[110.809]: port 2: master state recommended in slave only mode,110.809,2,master state recommended in slave only mode,ptp4l printed timestamp basis not established; no numeric join to detector/capture clocks
20260913_s11_noact1,s11_runs,slave.log,aed98a4ba5b51f50c3079680ff9d3977b60637d69b99ec68def9042d927a0645,44,ptp4l[110.809]: port 2: defaultDS.priority1 probably misconfigured,110.809,2,defaultDS.priority1 probably misconfigured,ptp4l printed timestamp basis not established; no numeric join to detector/capture clocks
20260913_s11_noact1,s11_runs,slave.log,aed98a4ba5b51f50c3079680ff9d3977b60637d69b99ec68def9042d927a0645,49,ptp4l[111.812]: port 2: master state recommended in slave only mode,111.812,2,master state recommended in slave only mode,ptp4l printed timestamp basis not established; no numeric join to detector/capture clocks
20260913_s11_noact1,s11_runs,slave.log,aed98a4ba5b51f50c3079680ff9d3977b60637d69b99ec68def9042d927a0645,50,ptp4l[111.814]: port 2: defaultDS.priority1 probably misconfigured,111.814,2,defaultDS.priority1 probably misconfigured,ptp4l printed timestamp basis not established; no numeric join to detector/capture clocks
20260913_s11_noact1,s11_runs,slave.log,aed98a4ba5b51f50c3079680ff9d3977b60637d69b99ec68def9042d927a0645,55,ptp4l[112.562]: port 2: master state recommended in slave only mode,112.562,2,master state recommended in slave only mode,ptp4l printed timestamp basis not established; no numeric join to detector/capture clocks
20260913_s11_noact1,s11_runs,slave.log,aed98a4ba5b51f50c3079680ff9d3977b60637d69b99ec68def9042d927a0645,56,ptp4l[112.564]: port 2: defaultDS.priority1 probably misconfigured,112.564,2,defaultDS.priority1 probably misconfigured,ptp4l printed timestamp basis not established; no numeric join to detector/capture clocks
20260913_s11_noact1,s11_runs,slave.log,aed98a4ba5b51f50c3079680ff9d3977b60637d69b99ec68def9042d927a0645,61,ptp4l[113.560]: port 2: master state recommended in slave only mode,113.560,2,master state recommended in slave only mode,ptp4l printed timestamp basis not established; no numeric join to detector/capture clocks
20260913_s11_noact1,s11_runs,slave.log,aed98a4ba5b51f50c3079680ff9d3977b60637d69b99ec68def9042d927a0645,62,ptp4l[113.561]: port 2: defaultDS.priority1 probably misconfigured,113.561,2,defaultDS.priority1 probably misconfigured,ptp4l printed timestamp basis not established; no numeric join to detector/capture clocks
20260913_s11_noact1,s11_runs,slave.log,aed98a4ba5b51f50c3079680ff9d3977b60637d69b99ec68def9042d927a0645,67,ptp4l[114.560]: port 2: master state recommended in slave only mode,114.560,2,master state recommended in slave only mode,ptp4l printed timestamp basis not established; no numeric join to detector/capture clocks
20260913_s11_noact1,s11_runs,slave.log,aed98a4ba5b51f50c3079680ff9d3977b60637d69b99ec68def9042d927a0645,68,ptp4l[114.561]: port 2: defaultDS.priority1 probably misconfigured,114.561,2,defaultDS.priority1 probably misconfigured,ptp4l printed timestamp basis not established; no numeric join to detector/capture clocks
20260913_s11_noact1,s11_runs,slave.log,aed98a4ba5b51f50c3079680ff9d3977b60637d69b99ec68def9042d927a0645,73,ptp4l[115.310]: port 2: master state recommended in slave only mode,115.310,2,master state recommended in slave only mode,ptp4l printed timestamp basis not established; no numeric join to detector/capture clocks
20260913_s11_noact1,s11_runs,slave.log,aed98a4ba5b51f50c3079680ff9d3977b60637d69b99ec68def9042d927a0645,74,ptp4l[115.311]: port 2: defaultDS.priority1 probably misconfigured,115.311,2,defaultDS.priority1 probably misconfigured,ptp4l printed timestamp basis not established; no numeric join to detector/capture clocks
20260913_s11_noact1,s11_runs,slave.log,aed98a4ba5b51f50c3079680ff9d3977b60637d69b99ec68def9042d927a0645,79,ptp4l[116.314]: port 2: master state recommended in slave only mode,116.314,2,master state recommended in slave only mode,ptp4l printed timestamp basis not established; no numeric join to detector/capture clocks
20260913_s11_noact1,s11_runs,slave.log,aed98a4ba5b51f50c3079680ff9d3977b60637d69b99ec68def9042d927a0645,80,ptp4l[116.316]: port 2: defaultDS.priority1 probably misconfigured,116.316,2,defaultDS.priority1 probably misconfigured,ptp4l printed timestamp basis not established; no numeric join to detector/capture clocks
20260913_s11_noact1,s11_runs,slave.log,aed98a4ba5b51f50c3079680ff9d3977b60637d69b99ec68def9042d927a0645,85,ptp4l[117.063]: port 2: master state recommended in slave only mode,117.063,2,master state recommended in slave only mode,ptp4l printed timestamp basis not established; no numeric join to detector/capture clocks
20260913_s11_noact1,s11_runs,slave.log,aed98a4ba5b51f50c3079680ff9d3977b60637d69b99ec68def9042d927a0645,86,ptp4l[117.064]: port 2: defaultDS.priority1 probably misconfigured,117.064,2,defaultDS.priority1 probably misconfigured,ptp4l printed timestamp basis not established; no numeric join to detector/capture clocks
20260913_s11_noact1,s11_runs,slave.log,aed98a4ba5b51f50c3079680ff9d3977b60637d69b99ec68def9042d927a0645,91,ptp4l[118.066]: port 2: master state recommended in slave only mode,118.066,2,master state recommended in slave only mode,ptp4l printed timestamp basis not established; no numeric join to detector/capture clocks
20260913_s11_noact1,s11_runs,slave.log,aed98a4ba5b51f50c3079680ff9d3977b60637d69b99ec68def9042d927a0645,92,ptp4l[118.069]: port 2: defaultDS.priority1 probably misconfigured,118.069,2,defaultDS.priority1 probably misconfigured,ptp4l printed timestamp basis not established; no numeric join to detector/capture clocks
20260913_s11_noact1,s11_runs,slave.log,aed98a4ba5b51f50c3079680ff9d3977b60637d69b99ec68def9042d927a0645,97,ptp4l[118.813]: port 2: master state recommended in slave only mode,118.813,2,master state recommended in slave only mode,ptp4l printed timestamp basis not established; no numeric join to detector/capture clocks
20260913_s11_noact1,s11_runs,slave.log,aed98a4ba5b51f50c3079680ff9d3977b60637d69b99ec68def9042d927a0645,98,ptp4l[118.814]: port 2: defaultDS.priority1 probably misconfigured,118.814,2,defaultDS.priority1 probably misconfigured,ptp4l printed timestamp basis not established; no numeric join to detector/capture clocks
20260913_s11_noact1,s11_runs,slave.log,aed98a4ba5b51f50c3079680ff9d3977b60637d69b99ec68def9042d927a0645,103,ptp4l[119.817]: port 2: master state recommended in slave only mode,119.817,2,master state recommended in slave only mode,ptp4l printed timestamp basis not established; no numeric join to detector/capture clocks
20260913_s11_noact1,s11_runs,slave.log,aed98a4ba5b51f50c3079680ff9d3977b60637d69b99ec68def9042d927a0645,104,ptp4l[119.819]: port 2: defaultDS.priority1 probably misconfigured,119.819,2,defaultDS.priority1 probably misconfigured,ptp4l printed timestamp basis not established; no numeric join to detector/capture clocks
20260913_s11_noact1,s11_runs,slave.log,aed98a4ba5b51f50c3079680ff9d3977b60637d69b99ec68def9042d927a0645,109,ptp4l[120.815]: port 2: master state recommended in slave only mode,120.815,2,master state recommended in slave only mode,ptp4l printed timestamp basis not established; no numeric join to detector/capture clocks
20260913_s11_noact1,s11_runs,slave.log,aed98a4ba5b51f50c3079680ff9d3977b60637d69b99ec68def9042d927a0645,110,ptp4l[120.817]: port 2: defaultDS.priority1 probably misconfigured,120.817,2,defaultDS.priority1 probably misconfigured,ptp4l printed timestamp basis not established; no numeric join to detector/capture clocks
20260913_s11_noact1,s11_runs,slave.log,aed98a4ba5b51f50c3079680ff9d3977b60637d69b99ec68def9042d927a0645,115,ptp4l[121.818]: port 2: master state recommended in slave only mode,121.818,2,master state recommended in slave only mode,ptp4l printed timestamp basis not established; no numeric join to detector/capture clocks
20260913_s11_noact1,s11_runs,slave.log,aed98a4ba5b51f50c3079680ff9d3977b60637d69b99ec68def9042d927a0645,116,ptp4l[121.820]: port 2: defaultDS.priority1 probably misconfigured,121.820,2,defaultDS.priority1 probably misconfigured,ptp4l printed timestamp basis not established; no numeric join to detector/capture clocks
20260913_s11_noact1,s11_runs,slave.log,aed98a4ba5b51f50c3079680ff9d3977b60637d69b99ec68def9042d927a0645,122,ptp4l[122.568]: port 2: master state recommended in slave only mode,122.568,2,master state recommended in slave only mode,ptp4l printed timestamp basis not established; no numeric join to detector/capture clocks
20260913_s11_noact1,s11_runs,slave.log,aed98a4ba5b51f50c3079680ff9d3977b60637d69b99ec68def9042d927a0645,123,ptp4l[122.570]: port 2: defaultDS.priority1 probably misconfigured,122.570,2,defaultDS.priority1 probably misconfigured,ptp4l printed timestamp basis not established; no numeric join to detector/capture clocks
20260913_s11_noact1,s11_runs,slave.log,aed98a4ba5b51f50c3079680ff9d3977b60637d69b99ec68def9042d927a0645,128,ptp4l[123.569]: port 2: master state recommended in slave only mode,123.569,2,master state recommended in slave only mode,ptp4l printed timestamp basis not established; no numeric join to detector/capture clocks
20260913_s11_noact1,s11_runs,slave.log,aed98a4ba5b51f50c3079680ff9d3977b60637d69b99ec68def9042d927a0645,129,ptp4l[123.571]: port 2: defaultDS.priority1 probably misconfigured,123.571,2,defaultDS.priority1 probably misconfigured,ptp4l printed timestamp basis not established; no numeric join to detector/capture clocks
20260913_s11_noact1,s11_runs,slave.log,aed98a4ba5b51f50c3079680ff9d3977b60637d69b99ec68def9042d927a0645,134,ptp4l[124.320]: port 2: master state recommended in slave only mode,124.320,2,master state recommended in slave only mode,ptp4l printed timestamp basis not established; no numeric join to detector/capture clocks
20260913_s11_noact1,s11_runs,slave.log,aed98a4ba5b51f50c3079680ff9d3977b60637d69b99ec68def9042d927a0645,135,ptp4l[124.322]: port 2: defaultDS.priority1 probably misconfigured,124.322,2,defaultDS.priority1 probably misconfigured,ptp4l printed timestamp basis not established; no numeric join to detector/capture clocks
20260913_s11_noact1,s11_runs,slave.log,aed98a4ba5b51f50c3079680ff9d3977b60637d69b99ec68def9042d927a0645,140,ptp4l[125.316]: port 2: master state recommended in slave only mode,125.316,2,master state recommended in slave only mode,ptp4l printed timestamp basis not established; no numeric join to detector/capture clocks
20260913_s11_noact1,s11_runs,slave.log,aed98a4ba5b51f50c3079680ff9d3977b60637d69b99ec68def9042d927a0645,141,ptp4l[125.317]: port 2: defaultDS.priority1 probably misconfigured,125.317,2,defaultDS.priority1 probably misconfigured,ptp4l printed timestamp basis not established; no numeric join to detector/capture clocks
20260913_s11_noact1,s11_runs,slave.log,aed98a4ba5b51f50c3079680ff9d3977b60637d69b99ec68def9042d927a0645,146,ptp4l[126.067]: port 2: master state recommended in slave only mode,126.067,2,master state recommended in slave only mode,ptp4l printed timestamp basis not established; no numeric join to detector/capture clocks
20260913_s11_noact1,s11_runs,slave.log,aed98a4ba5b51f50c3079680ff9d3977b60637d69b99ec68def9042d927a0645,147,ptp4l[126.068]: port 2: defaultDS.priority1 probably misconfigured,126.068,2,defaultDS.priority1 probably misconfigured,ptp4l printed timestamp basis not established; no numeric join to detector/capture clocks
20260913_s11_noact1,s11_runs,slave.log,aed98a4ba5b51f50c3079680ff9d3977b60637d69b99ec68def9042d927a0645,152,ptp4l[127.072]: port 2: master state recommended in slave only mode,127.072,2,master state recommended in slave only mode,ptp4l printed timestamp basis not established; no numeric join to detector/capture clocks
20260913_s11_noact1,s11_runs,slave.log,aed98a4ba5b51f50c3079680ff9d3977b60637d69b99ec68def9042d927a0645,153,ptp4l[127.074]: port 2: defaultDS.priority1 probably misconfigured,127.074,2,defaultDS.priority1 probably misconfigured,ptp4l printed timestamp basis not established; no numeric join to detector/capture clocks
20260913_s11_noact1,s11_runs,slave.log,aed98a4ba5b51f50c3079680ff9d3977b60637d69b99ec68def9042d927a0645,158,ptp4l[127.821]: port 2: master state recommended in slave only mode,127.821,2,master state recommended in slave only mode,ptp4l printed timestamp basis not established; no numeric join to detector/capture clocks
20260913_s11_noact1,s11_runs,slave.log,aed98a4ba5b51f50c3079680ff9d3977b60637d69b99ec68def9042d927a0645,159,ptp4l[127.824]: port 2: defaultDS.priority1 probably misconfigured,127.824,2,defaultDS.priority1 probably misconfigured,ptp4l printed timestamp basis not established; no numeric join to detector/capture clocks
20260913_s11_noact1,s11_runs,slave.log,aed98a4ba5b51f50c3079680ff9d3977b60637d69b99ec68def9042d927a0645,164,ptp4l[128.821]: port 2: master state recommended in slave only mode,128.821,2,master state recommended in slave only mode,ptp4l printed timestamp basis not established; no numeric join to detector/capture clocks
20260913_s11_noact1,s11_runs,slave.log,aed98a4ba5b51f50c3079680ff9d3977b60637d69b99ec68def9042d927a0645,165,ptp4l[128.824]: port 2: defaultDS.priority1 probably misconfigured,128.824,2,defaultDS.priority1 probably misconfigured,ptp4l printed timestamp basis not established; no numeric join to detector/capture clocks
20260913_s11_noact1,s11_runs,slave.log,aed98a4ba5b51f50c3079680ff9d3977b60637d69b99ec68def9042d927a0645,170,ptp4l[129.573]: port 2: master state recommended in slave only mode,129.573,2,master state recommended in slave only mode,ptp4l printed timestamp basis not established; no numeric join to detector/capture clocks
20260913_s11_noact1,s11_runs,slave.log,aed98a4ba5b51f50c3079680ff9d3977b60637d69b99ec68def9042d927a0645,171,ptp4l[129.575]: port 2: defaultDS.priority1 probably misconfigured,129.575,2,defaultDS.priority1 probably misconfigured,ptp4l printed timestamp basis not established; no numeric join to detector/capture clocks
20260913_s11_noact1,s11_runs,slave.log,aed98a4ba5b51f50c3079680ff9d3977b60637d69b99ec68def9042d927a0645,176,ptp4l[130.570]: port 2: master state recommended in slave only mode,130.570,2,master state recommended in slave only mode,ptp4l printed timestamp basis not established; no numeric join to detector/capture clocks
20260913_s11_noact1,s11_runs,slave.log,aed98a4ba5b51f50c3079680ff9d3977b60637d69b99ec68def9042d927a0645,177,ptp4l[130.571]: port 2: defaultDS.priority1 probably misconfigured,130.571,2,defaultDS.priority1 probably misconfigured,ptp4l printed timestamp basis not established; no numeric join to detector/capture clocks
20260913_s11_noact1,s11_runs,slave.log,aed98a4ba5b51f50c3079680ff9d3977b60637d69b99ec68def9042d927a0645,182,ptp4l[131.574]: port 2: master state recommended in slave only mode,131.574,2,master state recommended in slave only mode,ptp4l printed timestamp basis not established; no numeric join to detector/capture clocks
20260913_s11_noact1,s11_runs,slave.log,aed98a4ba5b51f50c3079680ff9d3977b60637d69b99ec68def9042d927a0645,183,ptp4l[131.577]: port 2: defaultDS.priority1 probably misconfigured,131.577,2,defaultDS.priority1 probably misconfigured,ptp4l printed timestamp basis not established; no numeric join to detector/capture clocks
20260913_s11_noact1,s11_runs,slave.log,aed98a4ba5b51f50c3079680ff9d3977b60637d69b99ec68def9042d927a0645,188,ptp4l[132.325]: port 2: master state recommended in slave only mode,132.325,2,master state recommended in slave only mode,ptp4l printed timestamp basis not established; no numeric join to detector/capture clocks
20260913_s11_noact1,s11_runs,slave.log,aed98a4ba5b51f50c3079680ff9d3977b60637d69b99ec68def9042d927a0645,189,ptp4l[132.327]: port 2: defaultDS.priority1 probably misconfigured,132.327,2,defaultDS.priority1 probably misconfigured,ptp4l printed timestamp basis not established; no numeric join to detector/capture clocks
20260913_s11_noact1,s11_runs,slave.log,aed98a4ba5b51f50c3079680ff9d3977b60637d69b99ec68def9042d927a0645,194,ptp4l[133.322]: port 2: master state recommended in slave only mode,133.322,2,master state recommended in slave only mode,ptp4l printed timestamp basis not established; no numeric join to detector/capture clocks
20260913_s11_noact1,s11_runs,slave.log,aed98a4ba5b51f50c3079680ff9d3977b60637d69b99ec68def9042d927a0645,195,ptp4l[133.323]: port 2: defaultDS.priority1 probably misconfigured,133.323,2,defaultDS.priority1 probably misconfigured,ptp4l printed timestamp basis not established; no numeric join to detector/capture clocks
20260913_s11_noact1,s11_runs,slave.log,aed98a4ba5b51f50c3079680ff9d3977b60637d69b99ec68def9042d927a0645,200,ptp4l[134.326]: port 2: master state recommended in slave only mode,134.326,2,master state recommended in slave only mode,ptp4l printed timestamp basis not established; no numeric join to detector/capture clocks
20260913_s11_noact1,s11_runs,slave.log,aed98a4ba5b51f50c3079680ff9d3977b60637d69b99ec68def9042d927a0645,201,ptp4l[134.329]: port 2: defaultDS.priority1 probably misconfigured,134.329,2,defaultDS.priority1 probably misconfigured,ptp4l printed timestamp basis not established; no numeric join to detector/capture clocks
20260913_s11_noact1,s11_runs,slave.log,aed98a4ba5b51f50c3079680ff9d3977b60637d69b99ec68def9042d927a0645,206,ptp4l[135.075]: port 2: master state recommended in slave only mode,135.075,2,master state recommended in slave only mode,ptp4l printed timestamp basis not established; no numeric join to detector/capture clocks
20260913_s11_noact1,s11_runs,slave.log,aed98a4ba5b51f50c3079680ff9d3977b60637d69b99ec68def9042d927a0645,207,ptp4l[135.077]: port 2: defaultDS.priority1 probably misconfigured,135.077,2,defaultDS.priority1 probably misconfigured,ptp4l printed timestamp basis not established; no numeric join to detector/capture clocks
20260913_s11_noact1,s11_runs,slave.log,aed98a4ba5b51f50c3079680ff9d3977b60637d69b99ec68def9042d927a0645,212,ptp4l[136.073]: port 2: master state recommended in slave only mode,136.073,2,master state recommended in slave only mode,ptp4l printed timestamp basis not established; no numeric join to detector/capture clocks
20260913_s11_noact1,s11_runs,slave.log,aed98a4ba5b51f50c3079680ff9d3977b60637d69b99ec68def9042d927a0645,213,ptp4l[136.074]: port 2: defaultDS.priority1 probably misconfigured,136.074,2,defaultDS.priority1 probably misconfigured,ptp4l printed timestamp basis not established; no numeric join to detector/capture clocks
20260913_s11_noact1,s11_runs,slave.log,aed98a4ba5b51f50c3079680ff9d3977b60637d69b99ec68def9042d927a0645,218,ptp4l[136.825]: port 2: master state recommended in slave only mode,136.825,2,master state recommended in slave only mode,ptp4l printed timestamp basis not established; no numeric join to detector/capture clocks
20260913_s11_noact1,s11_runs,slave.log,aed98a4ba5b51f50c3079680ff9d3977b60637d69b99ec68def9042d927a0645,219,ptp4l[136.826]: port 2: defaultDS.priority1 probably misconfigured,136.826,2,defaultDS.priority1 probably misconfigured,ptp4l printed timestamp basis not established; no numeric join to detector/capture clocks
20260913_s11_noact1,s11_runs,slave.log,aed98a4ba5b51f50c3079680ff9d3977b60637d69b99ec68def9042d927a0645,224,ptp4l[137.829]: port 2: master state recommended in slave only mode,137.829,2,master state recommended in slave only mode,ptp4l printed timestamp basis not established; no numeric join to detector/capture clocks
20260913_s11_noact1,s11_runs,slave.log,aed98a4ba5b51f50c3079680ff9d3977b60637d69b99ec68def9042d927a0645,225,ptp4l[137.831]: port 2: defaultDS.priority1 probably misconfigured,137.831,2,defaultDS.priority1 probably misconfigured,ptp4l printed timestamp basis not established; no numeric join to detector/capture clocks
20260913_s11_noact1,s11_runs,slave.log,aed98a4ba5b51f50c3079680ff9d3977b60637d69b99ec68def9042d927a0645,231,ptp4l[138.830]: port 2: master state recommended in slave only mode,138.830,2,master state recommended in slave only mode,ptp4l printed timestamp basis not established; no numeric join to detector/capture clocks
20260913_s11_noact1,s11_runs,slave.log,aed98a4ba5b51f50c3079680ff9d3977b60637d69b99ec68def9042d927a0645,232,ptp4l[138.832]: port 2: defaultDS.priority1 probably misconfigured,138.832,2,defaultDS.priority1 probably misconfigured,ptp4l printed timestamp basis not established; no numeric join to detector/capture clocks
20260913_s11_noact1,s11_runs,slave.log,aed98a4ba5b51f50c3079680ff9d3977b60637d69b99ec68def9042d927a0645,237,ptp4l[139.578]: port 2: master state recommended in slave only mode,139.578,2,master state recommended in slave only mode,ptp4l printed timestamp basis not established; no numeric join to detector/capture clocks
20260913_s11_noact1,s11_runs,slave.log,aed98a4ba5b51f50c3079680ff9d3977b60637d69b99ec68def9042d927a0645,238,ptp4l[139.580]: port 2: defaultDS.priority1 probably misconfigured,139.580,2,defaultDS.priority1 probably misconfigured,ptp4l printed timestamp basis not established; no numeric join to detector/capture clocks
20260913_s11_noact1,s11_runs,slave.log,aed98a4ba5b51f50c3079680ff9d3977b60637d69b99ec68def9042d927a0645,243,ptp4l[140.577]: port 2: master state recommended in slave only mode,140.577,2,master state recommended in slave only mode,ptp4l printed timestamp basis not established; no numeric join to detector/capture clocks
20260913_s11_noact1,s11_runs,slave.log,aed98a4ba5b51f50c3079680ff9d3977b60637d69b99ec68def9042d927a0645,244,ptp4l[140.577]: port 2: defaultDS.priority1 probably misconfigured,140.577,2,defaultDS.priority1 probably misconfigured,ptp4l printed timestamp basis not established; no numeric join to detector/capture clocks
20260913_s11_noact1,s11_runs,slave.log,aed98a4ba5b51f50c3079680ff9d3977b60637d69b99ec68def9042d927a0645,249,ptp4l[141.331]: port 2: master state recommended in slave only mode,141.331,2,master state recommended in slave only mode,ptp4l printed timestamp basis not established; no numeric join to detector/capture clocks
20260913_s11_noact1,s11_runs,slave.log,aed98a4ba5b51f50c3079680ff9d3977b60637d69b99ec68def9042d927a0645,250,ptp4l[141.334]: port 2: defaultDS.priority1 probably misconfigured,141.334,2,defaultDS.priority1 probably misconfigured,ptp4l printed timestamp basis not established; no numeric join to detector/capture clocks
20260913_s11_noact1,s11_runs,slave.log,aed98a4ba5b51f50c3079680ff9d3977b60637d69b99ec68def9042d927a0645,255,ptp4l[142.331]: port 2: master state recommended in slave only mode,142.331,2,master state recommended in slave only mode,ptp4l printed timestamp basis not established; no numeric join to detector/capture clocks
20260913_s11_noact1,s11_runs,slave.log,aed98a4ba5b51f50c3079680ff9d3977b60637d69b99ec68def9042d927a0645,256,ptp4l[142.333]: port 2: defaultDS.priority1 probably misconfigured,142.333,2,defaultDS.priority1 probably misconfigured,ptp4l printed timestamp basis not established; no numeric join to detector/capture clocks
20260913_s11_noact1,s11_runs,slave.log,aed98a4ba5b51f50c3079680ff9d3977b60637d69b99ec68def9042d927a0645,261,ptp4l[143.081]: port 2: master state recommended in slave only mode,143.081,2,master state recommended in slave only mode,ptp4l printed timestamp basis not established; no numeric join to detector/capture clocks
20260913_s11_noact1,s11_runs,slave.log,aed98a4ba5b51f50c3079680ff9d3977b60637d69b99ec68def9042d927a0645,262,ptp4l[143.084]: port 2: defaultDS.priority1 probably misconfigured,143.084,2,defaultDS.priority1 probably misconfigured,ptp4l printed timestamp basis not established; no numeric join to detector/capture clocks
20260913_s11_noact1,s11_runs,slave.log,aed98a4ba5b51f50c3079680ff9d3977b60637d69b99ec68def9042d927a0645,267,ptp4l[143.832]: port 2: master state recommended in slave only mode,143.832,2,master state recommended in slave only mode,ptp4l printed timestamp basis not established; no numeric join to detector/capture clocks
20260913_s11_noact1,s11_runs,slave.log,aed98a4ba5b51f50c3079680ff9d3977b60637d69b99ec68def9042d927a0645,268,ptp4l[143.835]: port 2: defaultDS.priority1 probably misconfigured,143.835,2,defaultDS.priority1 probably misconfigured,ptp4l printed timestamp basis not established; no numeric join to detector/capture clocks
20260913_s11_noact1,s11_runs,slave.log,aed98a4ba5b51f50c3079680ff9d3977b60637d69b99ec68def9042d927a0645,273,ptp4l[144.833]: port 2: master state recommended in slave only mode,144.833,2,master state recommended in slave only mode,ptp4l printed timestamp basis not established; no numeric join to detector/capture clocks
20260913_s11_noact1,s11_runs,slave.log,aed98a4ba5b51f50c3079680ff9d3977b60637d69b99ec68def9042d927a0645,274,ptp4l[144.836]: port 2: defaultDS.priority1 probably misconfigured,144.836,2,defaultDS.priority1 probably misconfigured,ptp4l printed timestamp basis not established; no numeric join to detector/capture clocks
20260913_s11_noact1,s11_runs,slave.log,aed98a4ba5b51f50c3079680ff9d3977b60637d69b99ec68def9042d927a0645,279,ptp4l[145.830]: port 2: master state recommended in slave only mode,145.830,2,master state recommended in slave only mode,ptp4l printed timestamp basis not established; no numeric join to detector/capture clocks
20260913_s11_noact1,s11_runs,slave.log,aed98a4ba5b51f50c3079680ff9d3977b60637d69b99ec68def9042d927a0645,280,ptp4l[145.830]: port 2: defaultDS.priority1 probably misconfigured,145.830,2,defaultDS.priority1 probably misconfigured,ptp4l printed timestamp basis not established; no numeric join to detector/capture clocks
20260913_s11_noact1,s11_runs,slave.log,aed98a4ba5b51f50c3079680ff9d3977b60637d69b99ec68def9042d927a0645,285,ptp4l[146.584]: port 2: master state recommended in slave only mode,146.584,2,master state recommended in slave only mode,ptp4l printed timestamp basis not established; no numeric join to detector/capture clocks
20260913_s11_noact1,s11_runs,slave.log,aed98a4ba5b51f50c3079680ff9d3977b60637d69b99ec68def9042d927a0645,286,ptp4l[146.587]: port 2: defaultDS.priority1 probably misconfigured,146.587,2,defaultDS.priority1 probably misconfigured,ptp4l printed timestamp basis not established; no numeric join to detector/capture clocks
20260913_s11_noact1,s11_runs,slave.log,aed98a4ba5b51f50c3079680ff9d3977b60637d69b99ec68def9042d927a0645,291,ptp4l[147.582]: port 2: master state recommended in slave only mode,147.582,2,master state recommended in slave only mode,ptp4l printed timestamp basis not established; no numeric join to detector/capture clocks
20260913_s11_noact1,s11_runs,slave.log,aed98a4ba5b51f50c3079680ff9d3977b60637d69b99ec68def9042d927a0645,292,ptp4l[147.582]: port 2: defaultDS.priority1 probably misconfigured,147.582,2,defaultDS.priority1 probably misconfigured,ptp4l printed timestamp basis not established; no numeric join to detector/capture clocks
20260913_s11_noact1,s11_runs,slave.log,aed98a4ba5b51f50c3079680ff9d3977b60637d69b99ec68def9042d927a0645,297,ptp4l[148.335]: port 2: master state recommended in slave only mode,148.335,2,master state recommended in slave only mode,ptp4l printed timestamp basis not established; no numeric join to detector/capture clocks
20260913_s11_noact1,s11_runs,slave.log,aed98a4ba5b51f50c3079680ff9d3977b60637d69b99ec68def9042d927a0645,298,ptp4l[148.337]: port 2: defaultDS.priority1 probably misconfigured,148.337,2,defaultDS.priority1 probably misconfigured,ptp4l printed timestamp basis not established; no numeric join to detector/capture clocks
20260913_s11_noact1,s11_runs,slave.log,aed98a4ba5b51f50c3079680ff9d3977b60637d69b99ec68def9042d927a0645,303,ptp4l[149.336]: port 2: master state recommended in slave only mode,149.336,2,master state recommended in slave only mode,ptp4l printed timestamp basis not established; no numeric join to detector/capture clocks
20260913_s11_noact1,s11_runs,slave.log,aed98a4ba5b51f50c3079680ff9d3977b60637d69b99ec68def9042d927a0645,304,ptp4l[149.338]: port 2: defaultDS.priority1 probably misconfigured,149.338,2,defaultDS.priority1 probably misconfigured,ptp4l printed timestamp basis not established; no numeric join to detector/capture clocks
20260913_s11_noact1,s11_runs,slave.log,aed98a4ba5b51f50c3079680ff9d3977b60637d69b99ec68def9042d927a0645,309,ptp4l[150.086]: port 2: master state recommended in slave only mode,150.086,2,master state recommended in slave only mode,ptp4l printed timestamp basis not established; no numeric join to detector/capture clocks
20260913_s11_noact1,s11_runs,slave.log,aed98a4ba5b51f50c3079680ff9d3977b60637d69b99ec68def9042d927a0645,310,ptp4l[150.088]: port 2: defaultDS.priority1 probably misconfigured,150.088,2,defaultDS.priority1 probably misconfigured,ptp4l printed timestamp basis not established; no numeric join to detector/capture clocks
20260913_s11_noact1,s11_runs,slave.log,aed98a4ba5b51f50c3079680ff9d3977b60637d69b99ec68def9042d927a0645,315,ptp4l[151.083]: port 2: master state recommended in slave only mode,151.083,2,master state recommended in slave only mode,ptp4l printed timestamp basis not established; no numeric join to detector/capture clocks
20260913_s11_noact1,s11_runs,slave.log,aed98a4ba5b51f50c3079680ff9d3977b60637d69b99ec68def9042d927a0645,316,ptp4l[151.084]: port 2: defaultDS.priority1 probably misconfigured,151.084,2,defaultDS.priority1 probably misconfigured,ptp4l printed timestamp basis not established; no numeric join to detector/capture clocks
20260913_s11_noact1,s11_runs,slave.log,aed98a4ba5b51f50c3079680ff9d3977b60637d69b99ec68def9042d927a0645,321,ptp4l[151.838]: port 2: master state recommended in slave only mode,151.838,2,master state recommended in slave only mode,ptp4l printed timestamp basis not established; no numeric join to detector/capture clocks
20260913_s11_noact1,s11_runs,slave.log,aed98a4ba5b51f50c3079680ff9d3977b60637d69b99ec68def9042d927a0645,322,ptp4l[151.840]: port 2: defaultDS.priority1 probably misconfigured,151.840,2,defaultDS.priority1 probably misconfigured,ptp4l printed timestamp basis not established; no numeric join to detector/capture clocks
20260913_s11_noact2,s11_runs,slave.log,a01f1d2c5e114ae049917dc122b109c3d667e8fbf994318bb86affb17bc91c79,1,ptp4l[201.984]: port 1: INITIALIZING to LISTENING on INIT_COMPLETE,201.984,1,INITIALIZING to LISTENING on INIT_COMPLETE,ptp4l printed timestamp basis not established; no numeric join to detector/capture clocks
20260913_s11_noact2,s11_runs,slave.log,a01f1d2c5e114ae049917dc122b109c3d667e8fbf994318bb86affb17bc91c79,2,ptp4l[202.024]: port 2: INITIALIZING to LISTENING on INIT_COMPLETE,202.024,2,INITIALIZING to LISTENING on INIT_COMPLETE,ptp4l printed timestamp basis not established; no numeric join to detector/capture clocks
20260913_s11_noact2,s11_runs,slave.log,a01f1d2c5e114ae049917dc122b109c3d667e8fbf994318bb86affb17bc91c79,3,ptp4l[202.027]: port 0: INITIALIZING to LISTENING on INIT_COMPLETE,202.027,0,INITIALIZING to LISTENING on INIT_COMPLETE,ptp4l printed timestamp basis not established; no numeric join to detector/capture clocks
20260913_s11_noact2,s11_runs,slave.log,a01f1d2c5e114ae049917dc122b109c3d667e8fbf994318bb86affb17bc91c79,5,ptp4l[202.885]: port 2: new foreign master fed15c.fffe.39f01b-1,202.885,2,new foreign master fed15c.fffe.39f01b-1,ptp4l printed timestamp basis not established; no numeric join to detector/capture clocks
20260913_s11_noact2,s11_runs,slave.log,a01f1d2c5e114ae049917dc122b109c3d667e8fbf994318bb86affb17bc91c79,7,ptp4l[203.051]: port 1: new foreign master da4561.fffe.09dcea-1,203.051,1,new foreign master da4561.fffe.09dcea-1,ptp4l printed timestamp basis not established; no numeric join to detector/capture clocks
20260913_s11_noact2,s11_runs,slave.log,a01f1d2c5e114ae049917dc122b109c3d667e8fbf994318bb86affb17bc91c79,10,ptp4l[203.389]: port 2: LISTENING to UNCALIBRATED on RS_SLAVE,203.389,2,LISTENING to UNCALIBRATED on RS_SLAVE,ptp4l printed timestamp basis not established; no numeric join to detector/capture clocks
20260913_s11_noact2,s11_runs,slave.log,a01f1d2c5e114ae049917dc122b109c3d667e8fbf994318bb86affb17bc91c79,13,ptp4l[203.551]: port 1: LISTENING to UNCALIBRATED on RS_SLAVE,203.551,1,LISTENING to UNCALIBRATED on RS_SLAVE,ptp4l printed timestamp basis not established; no numeric join to detector/capture clocks
20260913_s11_noact2,s11_runs,slave.log,a01f1d2c5e114ae049917dc122b109c3d667e8fbf994318bb86affb17bc91c79,14,ptp4l[203.553]: port 2: master state recommended in slave only mode,203.553,2,master state recommended in slave only mode,ptp4l printed timestamp basis not established; no numeric join to detector/capture clocks
20260913_s11_noact2,s11_runs,slave.log,a01f1d2c5e114ae049917dc122b109c3d667e8fbf994318bb86affb17bc91c79,15,ptp4l[203.554]: port 2: defaultDS.priority1 probably misconfigured,203.554,2,defaultDS.priority1 probably misconfigured,ptp4l printed timestamp basis not established; no numeric join to detector/capture clocks
20260913_s11_noact2,s11_runs,slave.log,a01f1d2c5e114ae049917dc122b109c3d667e8fbf994318bb86affb17bc91c79,16,ptp4l[203.555]: port 2: UNCALIBRATED to LISTENING on RS_MASTER,203.555,2,UNCALIBRATED to LISTENING on RS_MASTER,ptp4l printed timestamp basis not established; no numeric join to detector/capture clocks
20260913_s11_noact2,s11_runs,slave.log,a01f1d2c5e114ae049917dc122b109c3d667e8fbf994318bb86affb17bc91c79,21,ptp4l[204.890]: port 2: master state recommended in slave only mode,204.890,2,master state recommended in slave only mode,ptp4l printed timestamp basis not established; no numeric join to detector/capture clocks
20260913_s11_noact2,s11_runs,slave.log,a01f1d2c5e114ae049917dc122b109c3d667e8fbf994318bb86affb17bc91c79,22,ptp4l[204.892]: port 2: defaultDS.priority1 probably misconfigured,204.892,2,defaultDS.priority1 probably misconfigured,ptp4l printed timestamp basis not established; no numeric join to detector/capture clocks
20260913_s11_noact2,s11_runs,slave.log,a01f1d2c5e114ae049917dc122b109c3d667e8fbf994318bb86affb17bc91c79,27,ptp4l[205.890]: port 2: master state recommended in slave only mode,205.890,2,master state recommended in slave only mode,ptp4l printed timestamp basis not established; no numeric join to detector/capture clocks
20260913_s11_noact2,s11_runs,slave.log,a01f1d2c5e114ae049917dc122b109c3d667e8fbf994318bb86affb17bc91c79,28,ptp4l[205.890]: port 2: defaultDS.priority1 probably misconfigured,205.890,2,defaultDS.priority1 probably misconfigured,ptp4l printed timestamp basis not established; no numeric join to detector/capture clocks
20260913_s11_noact2,s11_runs,slave.log,a01f1d2c5e114ae049917dc122b109c3d667e8fbf994318bb86affb17bc91c79,33,ptp4l[206.644]: port 2: master state recommended in slave only mode,206.644,2,master state recommended in slave only mode,ptp4l printed timestamp basis not established; no numeric join to detector/capture clocks
20260913_s11_noact2,s11_runs,slave.log,a01f1d2c5e114ae049917dc122b109c3d667e8fbf994318bb86affb17bc91c79,34,ptp4l[206.645]: port 2: defaultDS.priority1 probably misconfigured,206.645,2,defaultDS.priority1 probably misconfigured,ptp4l printed timestamp basis not established; no numeric join to detector/capture clocks
20260913_s11_noact2,s11_runs,slave.log,a01f1d2c5e114ae049917dc122b109c3d667e8fbf994318bb86affb17bc91c79,39,ptp4l[207.646]: port 2: master state recommended in slave only mode,207.646,2,master state recommended in slave only mode,ptp4l printed timestamp basis not established; no numeric join to detector/capture clocks
20260913_s11_noact2,s11_runs,slave.log,a01f1d2c5e114ae049917dc122b109c3d667e8fbf994318bb86affb17bc91c79,40,ptp4l[207.647]: port 2: defaultDS.priority1 probably misconfigured,207.647,2,defaultDS.priority1 probably misconfigured,ptp4l printed timestamp basis not established; no numeric join to detector/capture clocks
20260913_s11_noact2,s11_runs,slave.log,a01f1d2c5e114ae049917dc122b109c3d667e8fbf994318bb86affb17bc91c79,45,ptp4l[208.396]: port 2: master state recommended in slave only mode,208.396,2,master state recommended in slave only mode,ptp4l printed timestamp basis not established; no numeric join to detector/capture clocks
20260913_s11_noact2,s11_runs,slave.log,a01f1d2c5e114ae049917dc122b109c3d667e8fbf994318bb86affb17bc91c79,46,ptp4l[208.397]: port 2: defaultDS.priority1 probably misconfigured,208.397,2,defaultDS.priority1 probably misconfigured,ptp4l printed timestamp basis not established; no numeric join to detector/capture clocks
20260913_s11_noact2,s11_runs,slave.log,a01f1d2c5e114ae049917dc122b109c3d667e8fbf994318bb86affb17bc91c79,51,ptp4l[209.403]: port 2: master state recommended in slave only mode,209.403,2,master state recommended in slave only mode,ptp4l printed timestamp basis not established; no numeric join to detector/capture clocks
20260913_s11_noact2,s11_runs,slave.log,a01f1d2c5e114ae049917dc122b109c3d667e8fbf994318bb86affb17bc91c79,52,ptp4l[209.405]: port 2: defaultDS.priority1 probably misconfigured,209.405,2,defaultDS.priority1 probably misconfigured,ptp4l printed timestamp basis not established; no numeric join to detector/capture clocks
20260913_s11_noact2,s11_runs,slave.log,a01f1d2c5e114ae049917dc122b109c3d667e8fbf994318bb86affb17bc91c79,57,ptp4l[210.153]: port 2: master state recommended in slave only mode,210.153,2,master state recommended in slave only mode,ptp4l printed timestamp basis not established; no numeric join to detector/capture clocks
20260913_s11_noact2,s11_runs,slave.log,a01f1d2c5e114ae049917dc122b109c3d667e8fbf994318bb86affb17bc91c79,58,ptp4l[210.155]: port 2: defaultDS.priority1 probably misconfigured,210.155,2,defaultDS.priority1 probably misconfigured,ptp4l printed timestamp basis not established; no numeric join to detector/capture clocks
20260913_s11_noact2,s11_runs,slave.log,a01f1d2c5e114ae049917dc122b109c3d667e8fbf994318bb86affb17bc91c79,63,ptp4l[210.902]: port 2: master state recommended in slave only mode,210.902,2,master state recommended in slave only mode,ptp4l printed timestamp basis not established; no numeric join to detector/capture clocks
20260913_s11_noact2,s11_runs,slave.log,a01f1d2c5e114ae049917dc122b109c3d667e8fbf994318bb86affb17bc91c79,64,ptp4l[210.903]: port 2: defaultDS.priority1 probably misconfigured,210.903,2,defaultDS.priority1 probably misconfigured,ptp4l printed timestamp basis not established; no numeric join to detector/capture clocks
20260913_s11_noact2,s11_runs,slave.log,a01f1d2c5e114ae049917dc122b109c3d667e8fbf994318bb86affb17bc91c79,69,ptp4l[211.902]: port 2: master state recommended in slave only mode,211.902,2,master state recommended in slave only mode,ptp4l printed timestamp basis not established; no numeric join to detector/capture clocks
20260913_s11_noact2,s11_runs,slave.log,a01f1d2c5e114ae049917dc122b109c3d667e8fbf994318bb86affb17bc91c79,70,ptp4l[211.903]: port 2: defaultDS.priority1 probably misconfigured,211.903,2,defaultDS.priority1 probably misconfigured,ptp4l printed timestamp basis not established; no numeric join to detector/capture clocks
20260913_s11_noact2,s11_runs,slave.log,a01f1d2c5e114ae049917dc122b109c3d667e8fbf994318bb86affb17bc91c79,75,ptp4l[212.653]: port 2: master state recommended in slave only mode,212.653,2,master state recommended in slave only mode,ptp4l printed timestamp basis not established; no numeric join to detector/capture clocks
20260913_s11_noact2,s11_runs,slave.log,a01f1d2c5e114ae049917dc122b109c3d667e8fbf994318bb86affb17bc91c79,76,ptp4l[212.654]: port 2: defaultDS.priority1 probably misconfigured,212.654,2,defaultDS.priority1 probably misconfigured,ptp4l printed timestamp basis not established; no numeric join to detector/capture clocks
20260913_s11_noact2,s11_runs,slave.log,a01f1d2c5e114ae049917dc122b109c3d667e8fbf994318bb86affb17bc91c79,81,ptp4l[213.656]: port 2: master state recommended in slave only mode,213.656,2,master state recommended in slave only mode,ptp4l printed timestamp basis not established; no numeric join to detector/capture clocks
20260913_s11_noact2,s11_runs,slave.log,a01f1d2c5e114ae049917dc122b109c3d667e8fbf994318bb86affb17bc91c79,82,ptp4l[213.658]: port 2: defaultDS.priority1 probably misconfigured,213.658,2,defaultDS.priority1 probably misconfigured,ptp4l printed timestamp basis not established; no numeric join to detector/capture clocks
20260913_s11_noact2,s11_runs,slave.log,a01f1d2c5e114ae049917dc122b109c3d667e8fbf994318bb86affb17bc91c79,87,ptp4l[214.407]: port 2: master state recommended in slave only mode,214.407,2,master state recommended in slave only mode,ptp4l printed timestamp basis not established; no numeric join to detector/capture clocks
20260913_s11_noact2,s11_runs,slave.log,a01f1d2c5e114ae049917dc122b109c3d667e8fbf994318bb86affb17bc91c79,88,ptp4l[214.410]: port 2: defaultDS.priority1 probably misconfigured,214.410,2,defaultDS.priority1 probably misconfigured,ptp4l printed timestamp basis not established; no numeric join to detector/capture clocks
20260913_s11_noact2,s11_runs,slave.log,a01f1d2c5e114ae049917dc122b109c3d667e8fbf994318bb86affb17bc91c79,93,ptp4l[215.407]: port 2: master state recommended in slave only mode,215.407,2,master state recommended in slave only mode,ptp4l printed timestamp basis not established; no numeric join to detector/capture clocks
20260913_s11_noact2,s11_runs,slave.log,a01f1d2c5e114ae049917dc122b109c3d667e8fbf994318bb86affb17bc91c79,94,ptp4l[215.407]: port 2: defaultDS.priority1 probably misconfigured,215.407,2,defaultDS.priority1 probably misconfigured,ptp4l printed timestamp basis not established; no numeric join to detector/capture clocks
20260913_s11_noact2,s11_runs,slave.log,a01f1d2c5e114ae049917dc122b109c3d667e8fbf994318bb86affb17bc91c79,99,ptp4l[216.408]: port 2: master state recommended in slave only mode,216.408,2,master state recommended in slave only mode,ptp4l printed timestamp basis not established; no numeric join to detector/capture clocks
20260913_s11_noact2,s11_runs,slave.log,a01f1d2c5e114ae049917dc122b109c3d667e8fbf994318bb86affb17bc91c79,100,ptp4l[216.409]: port 2: defaultDS.priority1 probably misconfigured,216.409,2,defaultDS.priority1 probably misconfigured,ptp4l printed timestamp basis not established; no numeric join to detector/capture clocks
20260913_s11_noact2,s11_runs,slave.log,a01f1d2c5e114ae049917dc122b109c3d667e8fbf994318bb86affb17bc91c79,105,ptp4l[217.159]: port 2: master state recommended in slave only mode,217.159,2,master state recommended in slave only mode,ptp4l printed timestamp basis not established; no numeric join to detector/capture clocks
20260913_s11_noact2,s11_runs,slave.log,a01f1d2c5e114ae049917dc122b109c3d667e8fbf994318bb86affb17bc91c79,106,ptp4l[217.161]: port 2: defaultDS.priority1 probably misconfigured,217.161,2,defaultDS.priority1 probably misconfigured,ptp4l printed timestamp basis not established; no numeric join to detector/capture clocks
20260913_s11_noact2,s11_runs,slave.log,a01f1d2c5e114ae049917dc122b109c3d667e8fbf994318bb86affb17bc91c79,111,ptp4l[217.909]: port 2: master state recommended in slave only mode,217.909,2,master state recommended in slave only mode,ptp4l printed timestamp basis not established; no numeric join to detector/capture clocks
20260913_s11_noact2,s11_runs,slave.log,a01f1d2c5e114ae049917dc122b109c3d667e8fbf994318bb86affb17bc91c79,112,ptp4l[217.910]: port 2: defaultDS.priority1 probably misconfigured,217.910,2,defaultDS.priority1 probably misconfigured,ptp4l printed timestamp basis not established; no numeric join to detector/capture clocks
20260913_s11_noact2,s11_runs,slave.log,a01f1d2c5e114ae049917dc122b109c3d667e8fbf994318bb86affb17bc91c79,117,ptp4l[218.663]: port 2: master state recommended in slave only mode,218.663,2,master state recommended in slave only mode,ptp4l printed timestamp basis not established; no numeric join to detector/capture clocks
20260913_s11_noact2,s11_runs,slave.log,a01f1d2c5e114ae049917dc122b109c3d667e8fbf994318bb86affb17bc91c79,118,ptp4l[218.665]: port 2: defaultDS.priority1 probably misconfigured,218.665,2,defaultDS.priority1 probably misconfigured,ptp4l printed timestamp basis not established; no numeric join to detector/capture clocks
20260913_s11_noact2,s11_runs,slave.log,a01f1d2c5e114ae049917dc122b109c3d667e8fbf994318bb86affb17bc91c79,123,ptp4l[219.663]: port 2: master state recommended in slave only mode,219.663,2,master state recommended in slave only mode,ptp4l printed timestamp basis not established; no numeric join to detector/capture clocks
20260913_s11_noact2,s11_runs,slave.log,a01f1d2c5e114ae049917dc122b109c3d667e8fbf994318bb86affb17bc91c79,124,ptp4l[219.665]: port 2: defaultDS.priority1 probably misconfigured,219.665,2,defaultDS.priority1 probably misconfigured,ptp4l printed timestamp basis not established; no numeric join to detector/capture clocks
20260913_s11_noact2,s11_runs,slave.log,a01f1d2c5e114ae049917dc122b109c3d667e8fbf994318bb86affb17bc91c79,130,ptp4l[220.411]: port 2: master state recommended in slave only mode,220.411,2,master state recommended in slave only mode,ptp4l printed timestamp basis not established; no numeric join to detector/capture clocks
20260913_s11_noact2,s11_runs,slave.log,a01f1d2c5e114ae049917dc122b109c3d667e8fbf994318bb86affb17bc91c79,131,ptp4l[220.412]: port 2: defaultDS.priority1 probably misconfigured,220.412,2,defaultDS.priority1 probably misconfigured,ptp4l printed timestamp basis not established; no numeric join to detector/capture clocks
20260913_s11_noact2,s11_runs,slave.log,a01f1d2c5e114ae049917dc122b109c3d667e8fbf994318bb86affb17bc91c79,136,ptp4l[221.414]: port 2: master state recommended in slave only mode,221.414,2,master state recommended in slave only mode,ptp4l printed timestamp basis not established; no numeric join to detector/capture clocks
20260913_s11_noact2,s11_runs,slave.log,a01f1d2c5e114ae049917dc122b109c3d667e8fbf994318bb86affb17bc91c79,137,ptp4l[221.416]: port 2: defaultDS.priority1 probably misconfigured,221.416,2,defaultDS.priority1 probably misconfigured,ptp4l printed timestamp basis not established; no numeric join to detector/capture clocks
20260913_s11_noact2,s11_runs,slave.log,a01f1d2c5e114ae049917dc122b109c3d667e8fbf994318bb86affb17bc91c79,142,ptp4l[222.162]: port 2: master state recommended in slave only mode,222.162,2,master state recommended in slave only mode,ptp4l printed timestamp basis not established; no numeric join to detector/capture clocks
20260913_s11_noact2,s11_runs,slave.log,a01f1d2c5e114ae049917dc122b109c3d667e8fbf994318bb86affb17bc91c79,143,ptp4l[222.162]: port 2: defaultDS.priority1 probably misconfigured,222.162,2,defaultDS.priority1 probably misconfigured,ptp4l printed timestamp basis not established; no numeric join to detector/capture clocks
20260913_s11_noact2,s11_runs,slave.log,a01f1d2c5e114ae049917dc122b109c3d667e8fbf994318bb86affb17bc91c79,148,ptp4l[223.162]: port 2: master state recommended in slave only mode,223.162,2,master state recommended in slave only mode,ptp4l printed timestamp basis not established; no numeric join to detector/capture clocks
20260913_s11_noact2,s11_runs,slave.log,a01f1d2c5e114ae049917dc122b109c3d667e8fbf994318bb86affb17bc91c79,149,ptp4l[223.162]: port 2: defaultDS.priority1 probably misconfigured,223.162,2,defaultDS.priority1 probably misconfigured,ptp4l printed timestamp basis not established; no numeric join to detector/capture clocks
20260913_s11_noact2,s11_runs,slave.log,a01f1d2c5e114ae049917dc122b109c3d667e8fbf994318bb86affb17bc91c79,154,ptp4l[223.913]: port 2: master state recommended in slave only mode,223.913,2,master state recommended in slave only mode,ptp4l printed timestamp basis not established; no numeric join to detector/capture clocks
20260913_s11_noact2,s11_runs,slave.log,a01f1d2c5e114ae049917dc122b109c3d667e8fbf994318bb86affb17bc91c79,155,ptp4l[223.914]: port 2: defaultDS.priority1 probably misconfigured,223.914,2,defaultDS.priority1 probably misconfigured,ptp4l printed timestamp basis not established; no numeric join to detector/capture clocks
20260913_s11_noact2,s11_runs,slave.log,a01f1d2c5e114ae049917dc122b109c3d667e8fbf994318bb86affb17bc91c79,160,ptp4l[224.917]: port 2: master state recommended in slave only mode,224.917,2,master state recommended in slave only mode,ptp4l printed timestamp basis not established; no numeric join to detector/capture clocks
20260913_s11_noact2,s11_runs,slave.log,a01f1d2c5e114ae049917dc122b109c3d667e8fbf994318bb86affb17bc91c79,161,ptp4l[224.919]: port 2: defaultDS.priority1 probably misconfigured,224.919,2,defaultDS.priority1 probably misconfigured,ptp4l printed timestamp basis not established; no numeric join to detector/capture clocks
20260913_s11_noact2,s11_runs,slave.log,a01f1d2c5e114ae049917dc122b109c3d667e8fbf994318bb86affb17bc91c79,166,ptp4l[225.667]: port 2: master state recommended in slave only mode,225.667,2,master state recommended in slave only mode,ptp4l printed timestamp basis not established; no numeric join to detector/capture clocks
20260913_s11_noact2,s11_runs,slave.log,a01f1d2c5e114ae049917dc122b109c3d667e8fbf994318bb86affb17bc91c79,167,ptp4l[225.669]: port 2: defaultDS.priority1 probably misconfigured,225.669,2,defaultDS.priority1 probably misconfigured,ptp4l printed timestamp basis not established; no numeric join to detector/capture clocks
20260913_s11_noact2,s11_runs,slave.log,a01f1d2c5e114ae049917dc122b109c3d667e8fbf994318bb86affb17bc91c79,172,ptp4l[226.418]: port 2: master state recommended in slave only mode,226.418,2,master state recommended in slave only mode,ptp4l printed timestamp basis not established; no numeric join to detector/capture clocks
20260913_s11_noact2,s11_runs,slave.log,a01f1d2c5e114ae049917dc122b109c3d667e8fbf994318bb86affb17bc91c79,173,ptp4l[226.420]: port 2: defaultDS.priority1 probably misconfigured,226.420,2,defaultDS.priority1 probably misconfigured,ptp4l printed timestamp basis not established; no numeric join to detector/capture clocks
20260913_s11_noact2,s11_runs,slave.log,a01f1d2c5e114ae049917dc122b109c3d667e8fbf994318bb86affb17bc91c79,178,ptp4l[227.415]: port 2: master state recommended in slave only mode,227.415,2,master state recommended in slave only mode,ptp4l printed timestamp basis not established; no numeric join to detector/capture clocks
20260913_s11_noact2,s11_runs,slave.log,a01f1d2c5e114ae049917dc122b109c3d667e8fbf994318bb86affb17bc91c79,179,ptp4l[227.416]: port 2: defaultDS.priority1 probably misconfigured,227.416,2,defaultDS.priority1 probably misconfigured,ptp4l printed timestamp basis not established; no numeric join to detector/capture clocks
20260913_s11_noact2,s11_runs,slave.log,a01f1d2c5e114ae049917dc122b109c3d667e8fbf994318bb86affb17bc91c79,184,ptp4l[228.171]: port 2: master state recommended in slave only mode,228.171,2,master state recommended in slave only mode,ptp4l printed timestamp basis not established; no numeric join to detector/capture clocks
20260913_s11_noact2,s11_runs,slave.log,a01f1d2c5e114ae049917dc122b109c3d667e8fbf994318bb86affb17bc91c79,185,ptp4l[228.173]: port 2: defaultDS.priority1 probably misconfigured,228.173,2,defaultDS.priority1 probably misconfigured,ptp4l printed timestamp basis not established; no numeric join to detector/capture clocks
20260913_s11_noact2,s11_runs,slave.log,a01f1d2c5e114ae049917dc122b109c3d667e8fbf994318bb86affb17bc91c79,190,ptp4l[229.166]: port 2: master state recommended in slave only mode,229.166,2,master state recommended in slave only mode,ptp4l printed timestamp basis not established; no numeric join to detector/capture clocks
20260913_s11_noact2,s11_runs,slave.log,a01f1d2c5e114ae049917dc122b109c3d667e8fbf994318bb86affb17bc91c79,191,ptp4l[229.167]: port 2: defaultDS.priority1 probably misconfigured,229.167,2,defaultDS.priority1 probably misconfigured,ptp4l printed timestamp basis not established; no numeric join to detector/capture clocks
20260913_s11_noact2,s11_runs,slave.log,a01f1d2c5e114ae049917dc122b109c3d667e8fbf994318bb86affb17bc91c79,196,ptp4l[230.171]: port 2: master state recommended in slave only mode,230.171,2,master state recommended in slave only mode,ptp4l printed timestamp basis not established; no numeric join to detector/capture clocks
20260913_s11_noact2,s11_runs,slave.log,a01f1d2c5e114ae049917dc122b109c3d667e8fbf994318bb86affb17bc91c79,197,ptp4l[230.173]: port 2: defaultDS.priority1 probably misconfigured,230.173,2,defaultDS.priority1 probably misconfigured,ptp4l printed timestamp basis not established; no numeric join to detector/capture clocks
20260913_s11_noact2,s11_runs,slave.log,a01f1d2c5e114ae049917dc122b109c3d667e8fbf994318bb86affb17bc91c79,202,ptp4l[231.172]: port 2: master state recommended in slave only mode,231.172,2,master state recommended in slave only mode,ptp4l printed timestamp basis not established; no numeric join to detector/capture clocks
20260913_s11_noact2,s11_runs,slave.log,a01f1d2c5e114ae049917dc122b109c3d667e8fbf994318bb86affb17bc91c79,203,ptp4l[231.174]: port 2: defaultDS.priority1 probably misconfigured,231.174,2,defaultDS.priority1 probably misconfigured,ptp4l printed timestamp basis not established; no numeric join to detector/capture clocks
20260913_s11_noact2,s11_runs,slave.log,a01f1d2c5e114ae049917dc122b109c3d667e8fbf994318bb86affb17bc91c79,208,ptp4l[231.919]: port 2: master state recommended in slave only mode,231.919,2,master state recommended in slave only mode,ptp4l printed timestamp basis not established; no numeric join to detector/capture clocks
20260913_s11_noact2,s11_runs,slave.log,a01f1d2c5e114ae049917dc122b109c3d667e8fbf994318bb86affb17bc91c79,209,ptp4l[231.920]: port 2: defaultDS.priority1 probably misconfigured,231.920,2,defaultDS.priority1 probably misconfigured,ptp4l printed timestamp basis not established; no numeric join to detector/capture clocks
20260913_s11_noact2,s11_runs,slave.log,a01f1d2c5e114ae049917dc122b109c3d667e8fbf994318bb86affb17bc91c79,214,ptp4l[232.922]: port 2: master state recommended in slave only mode,232.922,2,master state recommended in slave only mode,ptp4l printed timestamp basis not established; no numeric join to detector/capture clocks
20260913_s11_noact2,s11_runs,slave.log,a01f1d2c5e114ae049917dc122b109c3d667e8fbf994318bb86affb17bc91c79,215,ptp4l[232.925]: port 2: defaultDS.priority1 probably misconfigured,232.925,2,defaultDS.priority1 probably misconfigured,ptp4l printed timestamp basis not established; no numeric join to detector/capture clocks
20260913_s11_noact2,s11_runs,slave.log,a01f1d2c5e114ae049917dc122b109c3d667e8fbf994318bb86affb17bc91c79,220,ptp4l[233.669]: port 2: master state recommended in slave only mode,233.669,2,master state recommended in slave only mode,ptp4l printed timestamp basis not established; no numeric join to detector/capture clocks
20260913_s11_noact2,s11_runs,slave.log,a01f1d2c5e114ae049917dc122b109c3d667e8fbf994318bb86affb17bc91c79,221,ptp4l[233.670]: port 2: defaultDS.priority1 probably misconfigured,233.670,2,defaultDS.priority1 probably misconfigured,ptp4l printed timestamp basis not established; no numeric join to detector/capture clocks
20260913_s11_noact2,s11_runs,slave.log,a01f1d2c5e114ae049917dc122b109c3d667e8fbf994318bb86affb17bc91c79,226,ptp4l[234.424]: port 2: master state recommended in slave only mode,234.424,2,master state recommended in slave only mode,ptp4l printed timestamp basis not established; no numeric join to detector/capture clocks
20260913_s11_noact2,s11_runs,slave.log,a01f1d2c5e114ae049917dc122b109c3d667e8fbf994318bb86affb17bc91c79,227,ptp4l[234.427]: port 2: defaultDS.priority1 probably misconfigured,234.427,2,defaultDS.priority1 probably misconfigured,ptp4l printed timestamp basis not established; no numeric join to detector/capture clocks
20260913_s11_noact2,s11_runs,slave.log,a01f1d2c5e114ae049917dc122b109c3d667e8fbf994318bb86affb17bc91c79,232,ptp4l[235.173]: port 2: master state recommended in slave only mode,235.173,2,master state recommended in slave only mode,ptp4l printed timestamp basis not established; no numeric join to detector/capture clocks
20260913_s11_noact2,s11_runs,slave.log,a01f1d2c5e114ae049917dc122b109c3d667e8fbf994318bb86affb17bc91c79,233,ptp4l[235.175]: port 2: defaultDS.priority1 probably misconfigured,235.175,2,defaultDS.priority1 probably misconfigured,ptp4l printed timestamp basis not established; no numeric join to detector/capture clocks
20260913_s11_noact2,s11_runs,slave.log,a01f1d2c5e114ae049917dc122b109c3d667e8fbf994318bb86affb17bc91c79,239,ptp4l[236.174]: port 2: master state recommended in slave only mode,236.174,2,master state recommended in slave only mode,ptp4l printed timestamp basis not established; no numeric join to detector/capture clocks
20260913_s11_noact2,s11_runs,slave.log,a01f1d2c5e114ae049917dc122b109c3d667e8fbf994318bb86affb17bc91c79,240,ptp4l[236.176]: port 2: defaultDS.priority1 probably misconfigured,236.176,2,defaultDS.priority1 probably misconfigured,ptp4l printed timestamp basis not established; no numeric join to detector/capture clocks
20260913_s11_noact2,s11_runs,slave.log,a01f1d2c5e114ae049917dc122b109c3d667e8fbf994318bb86affb17bc91c79,245,ptp4l[237.174]: port 2: master state recommended in slave only mode,237.174,2,master state recommended in slave only mode,ptp4l printed timestamp basis not established; no numeric join to detector/capture clocks
20260913_s11_noact2,s11_runs,slave.log,a01f1d2c5e114ae049917dc122b109c3d667e8fbf994318bb86affb17bc91c79,246,ptp4l[237.176]: port 2: defaultDS.priority1 probably misconfigured,237.176,2,defaultDS.priority1 probably misconfigured,ptp4l printed timestamp basis not established; no numeric join to detector/capture clocks
20260913_s11_noact2,s11_runs,slave.log,a01f1d2c5e114ae049917dc122b109c3d667e8fbf994318bb86affb17bc91c79,251,ptp4l[237.927]: port 2: master state recommended in slave only mode,237.927,2,master state recommended in slave only mode,ptp4l printed timestamp basis not established; no numeric join to detector/capture clocks
20260913_s11_noact2,s11_runs,slave.log,a01f1d2c5e114ae049917dc122b109c3d667e8fbf994318bb86affb17bc91c79,252,ptp4l[237.929]: port 2: defaultDS.priority1 probably misconfigured,237.929,2,defaultDS.priority1 probably misconfigured,ptp4l printed timestamp basis not established; no numeric join to detector/capture clocks
20260913_s11_noact2,s11_runs,slave.log,a01f1d2c5e114ae049917dc122b109c3d667e8fbf994318bb86affb17bc91c79,257,ptp4l[238.924]: port 2: master state recommended in slave only mode,238.924,2,master state recommended in slave only mode,ptp4l printed timestamp basis not established; no numeric join to detector/capture clocks
20260913_s11_noact2,s11_runs,slave.log,a01f1d2c5e114ae049917dc122b109c3d667e8fbf994318bb86affb17bc91c79,258,ptp4l[238.925]: port 2: defaultDS.priority1 probably misconfigured,238.925,2,defaultDS.priority1 probably misconfigured,ptp4l printed timestamp basis not established; no numeric join to detector/capture clocks
20260913_s11_noact2,s11_runs,slave.log,a01f1d2c5e114ae049917dc122b109c3d667e8fbf994318bb86affb17bc91c79,263,ptp4l[239.929]: port 2: master state recommended in slave only mode,239.929,2,master state recommended in slave only mode,ptp4l printed timestamp basis not established; no numeric join to detector/capture clocks
20260913_s11_noact2,s11_runs,slave.log,a01f1d2c5e114ae049917dc122b109c3d667e8fbf994318bb86affb17bc91c79,264,ptp4l[239.932]: port 2: defaultDS.priority1 probably misconfigured,239.932,2,defaultDS.priority1 probably misconfigured,ptp4l printed timestamp basis not established; no numeric join to detector/capture clocks
20260913_s11_noact2,s11_runs,slave.log,a01f1d2c5e114ae049917dc122b109c3d667e8fbf994318bb86affb17bc91c79,269,ptp4l[240.682]: port 2: master state recommended in slave only mode,240.682,2,master state recommended in slave only mode,ptp4l printed timestamp basis not established; no numeric join to detector/capture clocks
20260913_s11_noact2,s11_runs,slave.log,a01f1d2c5e114ae049917dc122b109c3d667e8fbf994318bb86affb17bc91c79,270,ptp4l[240.684]: port 2: defaultDS.priority1 probably misconfigured,240.684,2,defaultDS.priority1 probably misconfigured,ptp4l printed timestamp basis not established; no numeric join to detector/capture clocks
20260913_s11_noact2,s11_runs,slave.log,a01f1d2c5e114ae049917dc122b109c3d667e8fbf994318bb86affb17bc91c79,275,ptp4l[241.429]: port 2: master state recommended in slave only mode,241.429,2,master state recommended in slave only mode,ptp4l printed timestamp basis not established; no numeric join to detector/capture clocks
20260913_s11_noact2,s11_runs,slave.log,a01f1d2c5e114ae049917dc122b109c3d667e8fbf994318bb86affb17bc91c79,276,ptp4l[241.430]: port 2: defaultDS.priority1 probably misconfigured,241.430,2,defaultDS.priority1 probably misconfigured,ptp4l printed timestamp basis not established; no numeric join to detector/capture clocks
20260913_s11_noact2,s11_runs,slave.log,a01f1d2c5e114ae049917dc122b109c3d667e8fbf994318bb86affb17bc91c79,281,ptp4l[242.433]: port 2: master state recommended in slave only mode,242.433,2,master state recommended in slave only mode,ptp4l printed timestamp basis not established; no numeric join to detector/capture clocks
20260913_s11_noact2,s11_runs,slave.log,a01f1d2c5e114ae049917dc122b109c3d667e8fbf994318bb86affb17bc91c79,282,ptp4l[242.436]: port 2: defaultDS.priority1 probably misconfigured,242.436,2,defaultDS.priority1 probably misconfigured,ptp4l printed timestamp basis not established; no numeric join to detector/capture clocks
20260913_s11_noact2,s11_runs,slave.log,a01f1d2c5e114ae049917dc122b109c3d667e8fbf994318bb86affb17bc91c79,287,ptp4l[243.184]: port 2: master state recommended in slave only mode,243.184,2,master state recommended in slave only mode,ptp4l printed timestamp basis not established; no numeric join to detector/capture clocks
20260913_s11_noact2,s11_runs,slave.log,a01f1d2c5e114ae049917dc122b109c3d667e8fbf994318bb86affb17bc91c79,288,ptp4l[243.186]: port 2: defaultDS.priority1 probably misconfigured,243.186,2,defaultDS.priority1 probably misconfigured,ptp4l printed timestamp basis not established; no numeric join to detector/capture clocks
20260913_s11_noact2,s11_runs,slave.log,a01f1d2c5e114ae049917dc122b109c3d667e8fbf994318bb86affb17bc91c79,293,ptp4l[244.184]: port 2: master state recommended in slave only mode,244.184,2,master state recommended in slave only mode,ptp4l printed timestamp basis not established; no numeric join to detector/capture clocks
20260913_s11_noact2,s11_runs,slave.log,a01f1d2c5e114ae049917dc122b109c3d667e8fbf994318bb86affb17bc91c79,294,ptp4l[244.187]: port 2: defaultDS.priority1 probably misconfigured,244.187,2,defaultDS.priority1 probably misconfigured,ptp4l printed timestamp basis not established; no numeric join to detector/capture clocks
20260913_s11_noact2,s11_runs,slave.log,a01f1d2c5e114ae049917dc122b109c3d667e8fbf994318bb86affb17bc91c79,299,ptp4l[245.183]: port 2: master state recommended in slave only mode,245.183,2,master state recommended in slave only mode,ptp4l printed timestamp basis not established; no numeric join to detector/capture clocks
20260913_s11_noact2,s11_runs,slave.log,a01f1d2c5e114ae049917dc122b109c3d667e8fbf994318bb86affb17bc91c79,300,ptp4l[245.184]: port 2: defaultDS.priority1 probably misconfigured,245.184,2,defaultDS.priority1 probably misconfigured,ptp4l printed timestamp basis not established; no numeric join to detector/capture clocks
20260913_s11_noact2,s11_runs,slave.log,a01f1d2c5e114ae049917dc122b109c3d667e8fbf994318bb86affb17bc91c79,305,ptp4l[245.934]: port 2: master state recommended in slave only mode,245.934,2,master state recommended in slave only mode,ptp4l printed timestamp basis not established; no numeric join to detector/capture clocks
20260913_s11_noact2,s11_runs,slave.log,a01f1d2c5e114ae049917dc122b109c3d667e8fbf994318bb86affb17bc91c79,306,ptp4l[245.936]: port 2: defaultDS.priority1 probably misconfigured,245.936,2,defaultDS.priority1 probably misconfigured,ptp4l printed timestamp basis not established; no numeric join to detector/capture clocks
20260913_s11_noact2,s11_runs,slave.log,a01f1d2c5e114ae049917dc122b109c3d667e8fbf994318bb86affb17bc91c79,311,ptp4l[246.937]: port 2: master state recommended in slave only mode,246.937,2,master state recommended in slave only mode,ptp4l printed timestamp basis not established; no numeric join to detector/capture clocks
20260913_s11_noact2,s11_runs,slave.log,a01f1d2c5e114ae049917dc122b109c3d667e8fbf994318bb86affb17bc91c79,312,ptp4l[246.939]: port 2: defaultDS.priority1 probably misconfigured,246.939,2,defaultDS.priority1 probably misconfigured,ptp4l printed timestamp basis not established; no numeric join to detector/capture clocks
20260913_s11_noact2,s11_runs,slave.log,a01f1d2c5e114ae049917dc122b109c3d667e8fbf994318bb86affb17bc91c79,317,ptp4l[247.684]: port 2: master state recommended in slave only mode,247.684,2,master state recommended in slave only mode,ptp4l printed timestamp basis not established; no numeric join to detector/capture clocks
20260913_s11_noact2,s11_runs,slave.log,a01f1d2c5e114ae049917dc122b109c3d667e8fbf994318bb86affb17bc91c79,318,ptp4l[247.684]: port 2: defaultDS.priority1 probably misconfigured,247.684,2,defaultDS.priority1 probably misconfigured,ptp4l printed timestamp basis not established; no numeric join to detector/capture clocks
20260913_s11_noact2,s11_runs,slave.log,a01f1d2c5e114ae049917dc122b109c3d667e8fbf994318bb86affb17bc91c79,323,ptp4l[248.438]: port 2: master state recommended in slave only mode,248.438,2,master state recommended in slave only mode,ptp4l printed timestamp basis not established; no numeric join to detector/capture clocks
20260913_s11_noact2,s11_runs,slave.log,a01f1d2c5e114ae049917dc122b109c3d667e8fbf994318bb86affb17bc91c79,324,ptp4l[248.440]: port 2: defaultDS.priority1 probably misconfigured,248.440,2,defaultDS.priority1 probably misconfigured,ptp4l printed timestamp basis not established; no numeric join to detector/capture clocks
20260913_s11_noact2,s11_runs,slave.log,a01f1d2c5e114ae049917dc122b109c3d667e8fbf994318bb86affb17bc91c79,329,ptp4l[249.439]: port 2: master state recommended in slave only mode,249.439,2,master state recommended in slave only mode,ptp4l printed timestamp basis not established; no numeric join to detector/capture clocks
20260913_s11_noact2,s11_runs,slave.log,a01f1d2c5e114ae049917dc122b109c3d667e8fbf994318bb86affb17bc91c79,330,ptp4l[249.441]: port 2: defaultDS.priority1 probably misconfigured,249.441,2,defaultDS.priority1 probably misconfigured,ptp4l printed timestamp basis not established; no numeric join to detector/capture clocks
20260913_s11_noact3,s11_runs,slave.log,7d08d8496bccf2ab670b870ce97dc978ad9eef49f0ba8f34ab07303f66576d74,1,ptp4l[299.488]: port 1: INITIALIZING to LISTENING on INIT_COMPLETE,299.488,1,INITIALIZING to LISTENING on INIT_COMPLETE,ptp4l printed timestamp basis not established; no numeric join to detector/capture clocks
20260913_s11_noact3,s11_runs,slave.log,7d08d8496bccf2ab670b870ce97dc978ad9eef49f0ba8f34ab07303f66576d74,2,ptp4l[299.536]: port 2: INITIALIZING to LISTENING on INIT_COMPLETE,299.536,2,INITIALIZING to LISTENING on INIT_COMPLETE,ptp4l printed timestamp basis not established; no numeric join to detector/capture clocks
20260913_s11_noact3,s11_runs,slave.log,7d08d8496bccf2ab670b870ce97dc978ad9eef49f0ba8f34ab07303f66576d74,3,ptp4l[299.537]: port 0: INITIALIZING to LISTENING on INIT_COMPLETE,299.537,0,INITIALIZING to LISTENING on INIT_COMPLETE,ptp4l printed timestamp basis not established; no numeric join to detector/capture clocks
20260913_s11_noact3,s11_runs,slave.log,7d08d8496bccf2ab670b870ce97dc978ad9eef49f0ba8f34ab07303f66576d74,4,ptp4l[300.339]: port 1: new foreign master 52105f.fffe.27d9ab-1,300.339,1,new foreign master 52105f.fffe.27d9ab-1,ptp4l printed timestamp basis not established; no numeric join to detector/capture clocks
20260913_s11_noact3,s11_runs,slave.log,7d08d8496bccf2ab670b870ce97dc978ad9eef49f0ba8f34ab07303f66576d74,7,ptp4l[300.636]: port 2: new foreign master 0afc01.fffe.7bf54d-1,300.636,2,new foreign master 0afc01.fffe.7bf54d-1,ptp4l printed timestamp basis not established; no numeric join to detector/capture clocks
20260913_s11_noact3,s11_runs,slave.log,7d08d8496bccf2ab670b870ce97dc978ad9eef49f0ba8f34ab07303f66576d74,10,ptp4l[300.841]: port 1: LISTENING to UNCALIBRATED on RS_SLAVE,300.841,1,LISTENING to UNCALIBRATED on RS_SLAVE,ptp4l printed timestamp basis not established; no numeric join to detector/capture clocks
20260913_s11_noact3,s11_runs,slave.log,7d08d8496bccf2ab670b870ce97dc978ad9eef49f0ba8f34ab07303f66576d74,13,ptp4l[301.138]: port 2: master state recommended in slave only mode,301.138,2,master state recommended in slave only mode,ptp4l printed timestamp basis not established; no numeric join to detector/capture clocks
20260913_s11_noact3,s11_runs,slave.log,7d08d8496bccf2ab670b870ce97dc978ad9eef49f0ba8f34ab07303f66576d74,14,ptp4l[301.139]: port 2: defaultDS.priority1 probably misconfigured,301.139,2,defaultDS.priority1 probably misconfigured,ptp4l printed timestamp basis not established; no numeric join to detector/capture clocks
20260913_s11_noact3,s11_runs,slave.log,7d08d8496bccf2ab670b870ce97dc978ad9eef49f0ba8f34ab07303f66576d74,19,ptp4l[301.893]: port 2: master state recommended in slave only mode,301.893,2,master state recommended in slave only mode,ptp4l printed timestamp basis not established; no numeric join to detector/capture clocks
20260913_s11_noact3,s11_runs,slave.log,7d08d8496bccf2ab670b870ce97dc978ad9eef49f0ba8f34ab07303f66576d74,20,ptp4l[301.895]: port 2: defaultDS.priority1 probably misconfigured,301.895,2,defaultDS.priority1 probably misconfigured,ptp4l printed timestamp basis not established; no numeric join to detector/capture clocks
20260913_s11_noact3,s11_runs,slave.log,7d08d8496bccf2ab670b870ce97dc978ad9eef49f0ba8f34ab07303f66576d74,25,ptp4l[302.645]: port 2: master state recommended in slave only mode,302.645,2,master state recommended in slave only mode,ptp4l printed timestamp basis not established; no numeric join to detector/capture clocks
20260913_s11_noact3,s11_runs,slave.log,7d08d8496bccf2ab670b870ce97dc978ad9eef49f0ba8f34ab07303f66576d74,26,ptp4l[302.648]: port 2: defaultDS.priority1 probably misconfigured,302.648,2,defaultDS.priority1 probably misconfigured,ptp4l printed timestamp basis not established; no numeric join to detector/capture clocks
20260913_s11_noact3,s11_runs,slave.log,7d08d8496bccf2ab670b870ce97dc978ad9eef49f0ba8f34ab07303f66576d74,31,ptp4l[303.646]: port 2: master state recommended in slave only mode,303.646,2,master state recommended in slave only mode,ptp4l printed timestamp basis not established; no numeric join to detector/capture clocks
20260913_s11_noact3,s11_runs,slave.log,7d08d8496bccf2ab670b870ce97dc978ad9eef49f0ba8f34ab07303f66576d74,32,ptp4l[303.649]: port 2: defaultDS.priority1 probably misconfigured,303.649,2,defaultDS.priority1 probably misconfigured,ptp4l printed timestamp basis not established; no numeric join to detector/capture clocks
20260913_s11_noact3,s11_runs,slave.log,7d08d8496bccf2ab670b870ce97dc978ad9eef49f0ba8f34ab07303f66576d74,37,ptp4l[304.396]: port 2: master state recommended in slave only mode,304.396,2,master state recommended in slave only mode,ptp4l printed timestamp basis not established; no numeric join to detector/capture clocks
20260913_s11_noact3,s11_runs,slave.log,7d08d8496bccf2ab670b870ce97dc978ad9eef49f0ba8f34ab07303f66576d74,38,ptp4l[304.398]: port 2: defaultDS.priority1 probably misconfigured,304.398,2,defaultDS.priority1 probably misconfigured,ptp4l printed timestamp basis not established; no numeric join to detector/capture clocks
20260913_s11_noact3,s11_runs,slave.log,7d08d8496bccf2ab670b870ce97dc978ad9eef49f0ba8f34ab07303f66576d74,43,ptp4l[305.393]: port 2: master state recommended in slave only mode,305.393,2,master state recommended in slave only mode,ptp4l printed timestamp basis not established; no numeric join to detector/capture clocks
20260913_s11_noact3,s11_runs,slave.log,7d08d8496bccf2ab670b870ce97dc978ad9eef49f0ba8f34ab07303f66576d74,44,ptp4l[305.394]: port 2: defaultDS.priority1 probably misconfigured,305.394,2,defaultDS.priority1 probably misconfigured,ptp4l printed timestamp basis not established; no numeric join to detector/capture clocks
20260913_s11_noact3,s11_runs,slave.log,7d08d8496bccf2ab670b870ce97dc978ad9eef49f0ba8f34ab07303f66576d74,49,ptp4l[306.394]: port 2: master state recommended in slave only mode,306.394,2,master state recommended in slave only mode,ptp4l printed timestamp basis not established; no numeric join to detector/capture clocks
20260913_s11_noact3,s11_runs,slave.log,7d08d8496bccf2ab670b870ce97dc978ad9eef49f0ba8f34ab07303f66576d74,50,ptp4l[306.395]: port 2: defaultDS.priority1 probably misconfigured,306.395,2,defaultDS.priority1 probably misconfigured,ptp4l printed timestamp basis not established; no numeric join to detector/capture clocks
20260913_s11_noact3,s11_runs,slave.log,7d08d8496bccf2ab670b870ce97dc978ad9eef49f0ba8f34ab07303f66576d74,55,ptp4l[307.144]: port 2: master state recommended in slave only mode,307.144,2,master state recommended in slave only mode,ptp4l printed timestamp basis not established; no numeric join to detector/capture clocks
20260913_s11_noact3,s11_runs,slave.log,7d08d8496bccf2ab670b870ce97dc978ad9eef49f0ba8f34ab07303f66576d74,56,ptp4l[307.145]: port 2: defaultDS.priority1 probably misconfigured,307.145,2,defaultDS.priority1 probably misconfigured,ptp4l printed timestamp basis not established; no numeric join to detector/capture clocks
20260913_s11_noact3,s11_runs,slave.log,7d08d8496bccf2ab670b870ce97dc978ad9eef49f0ba8f34ab07303f66576d74,61,ptp4l[307.898]: port 2: master state recommended in slave only mode,307.898,2,master state recommended in slave only mode,ptp4l printed timestamp basis not established; no numeric join to detector/capture clocks
20260913_s11_noact3,s11_runs,slave.log,7d08d8496bccf2ab670b870ce97dc978ad9eef49f0ba8f34ab07303f66576d74,62,ptp4l[307.901]: port 2: defaultDS.priority1 probably misconfigured,307.901,2,defaultDS.priority1 probably misconfigured,ptp4l printed timestamp basis not established; no numeric join to detector/capture clocks
20260913_s11_noact3,s11_runs,slave.log,7d08d8496bccf2ab670b870ce97dc978ad9eef49f0ba8f34ab07303f66576d74,67,ptp4l[308.900]: port 2: master state recommended in slave only mode,308.900,2,master state recommended in slave only mode,ptp4l printed timestamp basis not established; no numeric join to detector/capture clocks
20260913_s11_noact3,s11_runs,slave.log,7d08d8496bccf2ab670b870ce97dc978ad9eef49f0ba8f34ab07303f66576d74,68,ptp4l[308.902]: port 2: defaultDS.priority1 probably misconfigured,308.902,2,defaultDS.priority1 probably misconfigured,ptp4l printed timestamp basis not established; no numeric join to detector/capture clocks
20260913_s11_noact3,s11_runs,slave.log,7d08d8496bccf2ab670b870ce97dc978ad9eef49f0ba8f34ab07303f66576d74,73,ptp4l[309.896]: port 2: master state recommended in slave only mode,309.896,2,master state recommended in slave only mode,ptp4l printed timestamp basis not established; no numeric join to detector/capture clocks
20260913_s11_noact3,s11_runs,slave.log,7d08d8496bccf2ab670b870ce97dc978ad9eef49f0ba8f34ab07303f66576d74,74,ptp4l[309.897]: port 2: defaultDS.priority1 probably misconfigured,309.897,2,defaultDS.priority1 probably misconfigured,ptp4l printed timestamp basis not established; no numeric join to detector/capture clocks
20260913_s11_noact3,s11_runs,slave.log,7d08d8496bccf2ab670b870ce97dc978ad9eef49f0ba8f34ab07303f66576d74,79,ptp4l[310.897]: port 2: master state recommended in slave only mode,310.897,2,master state recommended in slave only mode,ptp4l printed timestamp basis not established; no numeric join to detector/capture clocks
20260913_s11_noact3,s11_runs,slave.log,7d08d8496bccf2ab670b870ce97dc978ad9eef49f0ba8f34ab07303f66576d74,80,ptp4l[310.898]: port 2: defaultDS.priority1 probably misconfigured,310.898,2,defaultDS.priority1 probably misconfigured,ptp4l printed timestamp basis not established; no numeric join to detector/capture clocks
20260913_s11_noact3,s11_runs,slave.log,7d08d8496bccf2ab670b870ce97dc978ad9eef49f0ba8f34ab07303f66576d74,85,ptp4l[311.897]: port 2: master state recommended in slave only mode,311.897,2,master state recommended in slave only mode,ptp4l printed timestamp basis not established; no numeric join to detector/capture clocks
20260913_s11_noact3,s11_runs,slave.log,7d08d8496bccf2ab670b870ce97dc978ad9eef49f0ba8f34ab07303f66576d74,86,ptp4l[311.898]: port 2: defaultDS.priority1 probably misconfigured,311.898,2,defaultDS.priority1 probably misconfigured,ptp4l printed timestamp basis not established; no numeric join to detector/capture clocks
20260913_s11_noact3,s11_runs,slave.log,7d08d8496bccf2ab670b870ce97dc978ad9eef49f0ba8f34ab07303f66576d74,91,ptp4l[312.651]: port 2: master state recommended in slave only mode,312.651,2,master state recommended in slave only mode,ptp4l printed timestamp basis not established; no numeric join to detector/capture clocks
20260913_s11_noact3,s11_runs,slave.log,7d08d8496bccf2ab670b870ce97dc978ad9eef49f0ba8f34ab07303f66576d74,92,ptp4l[312.654]: port 2: defaultDS.priority1 probably misconfigured,312.654,2,defaultDS.priority1 probably misconfigured,ptp4l printed timestamp basis not established; no numeric join to detector/capture clocks
20260913_s11_noact3,s11_runs,slave.log,7d08d8496bccf2ab670b870ce97dc978ad9eef49f0ba8f34ab07303f66576d74,97,ptp4l[313.652]: port 2: master state recommended in slave only mode,313.652,2,master state recommended in slave only mode,ptp4l printed timestamp basis not established; no numeric join to detector/capture clocks
20260913_s11_noact3,s11_runs,slave.log,7d08d8496bccf2ab670b870ce97dc978ad9eef49f0ba8f34ab07303f66576d74,98,ptp4l[313.654]: port 2: defaultDS.priority1 probably misconfigured,313.654,2,defaultDS.priority1 probably misconfigured,ptp4l printed timestamp basis not established; no numeric join to detector/capture clocks
20260913_s11_noact3,s11_runs,slave.log,7d08d8496bccf2ab670b870ce97dc978ad9eef49f0ba8f34ab07303f66576d74,103,ptp4l[314.399]: port 2: master state recommended in slave only mode,314.399,2,master state recommended in slave only mode,ptp4l printed timestamp basis not established; no numeric join to detector/capture clocks
20260913_s11_noact3,s11_runs,slave.log,7d08d8496bccf2ab670b870ce97dc978ad9eef49f0ba8f34ab07303f66576d74,104,ptp4l[314.400]: port 2: defaultDS.priority1 probably misconfigured,314.400,2,defaultDS.priority1 probably misconfigured,ptp4l printed timestamp basis not established; no numeric join to detector/capture clocks
20260913_s11_noact3,s11_runs,slave.log,7d08d8496bccf2ab670b870ce97dc978ad9eef49f0ba8f34ab07303f66576d74,109,ptp4l[315.399]: port 2: master state recommended in slave only mode,315.399,2,master state recommended in slave only mode,ptp4l printed timestamp basis not established; no numeric join to detector/capture clocks
20260913_s11_noact3,s11_runs,slave.log,7d08d8496bccf2ab670b870ce97dc978ad9eef49f0ba8f34ab07303f66576d74,110,ptp4l[315.400]: port 2: defaultDS.priority1 probably misconfigured,315.400,2,defaultDS.priority1 probably misconfigured,ptp4l printed timestamp basis not established; no numeric join to detector/capture clocks
20260913_s11_noact3,s11_runs,slave.log,7d08d8496bccf2ab670b870ce97dc978ad9eef49f0ba8f34ab07303f66576d74,115,ptp4l[316.403]: port 2: master state recommended in slave only mode,316.403,2,master state recommended in slave only mode,ptp4l printed timestamp basis not established; no numeric join to detector/capture clocks
20260913_s11_noact3,s11_runs,slave.log,7d08d8496bccf2ab670b870ce97dc978ad9eef49f0ba8f34ab07303f66576d74,116,ptp4l[316.406]: port 2: defaultDS.priority1 probably misconfigured,316.406,2,defaultDS.priority1 probably misconfigured,ptp4l printed timestamp basis not established; no numeric join to detector/capture clocks
20260913_s11_noact3,s11_runs,slave.log,7d08d8496bccf2ab670b870ce97dc978ad9eef49f0ba8f34ab07303f66576d74,122,ptp4l[317.404]: port 2: master state recommended in slave only mode,317.404,2,master state recommended in slave only mode,ptp4l printed timestamp basis not established; no numeric join to detector/capture clocks
20260913_s11_noact3,s11_runs,slave.log,7d08d8496bccf2ab670b870ce97dc978ad9eef49f0ba8f34ab07303f66576d74,123,ptp4l[317.406]: port 2: defaultDS.priority1 probably misconfigured,317.406,2,defaultDS.priority1 probably misconfigured,ptp4l printed timestamp basis not established; no numeric join to detector/capture clocks
20260913_s11_noact3,s11_runs,slave.log,7d08d8496bccf2ab670b870ce97dc978ad9eef49f0ba8f34ab07303f66576d74,128,ptp4l[318.155]: port 2: master state recommended in slave only mode,318.155,2,master state recommended in slave only mode,ptp4l printed timestamp basis not established; no numeric join to detector/capture clocks
20260913_s11_noact3,s11_runs,slave.log,7d08d8496bccf2ab670b870ce97dc978ad9eef49f0ba8f34ab07303f66576d74,129,ptp4l[318.157]: port 2: defaultDS.priority1 probably misconfigured,318.157,2,defaultDS.priority1 probably misconfigured,ptp4l printed timestamp basis not established; no numeric join to detector/capture clocks
20260913_s11_noact3,s11_runs,slave.log,7d08d8496bccf2ab670b870ce97dc978ad9eef49f0ba8f34ab07303f66576d74,134,ptp4l[319.153]: port 2: master state recommended in slave only mode,319.153,2,master state recommended in slave only mode,ptp4l printed timestamp basis not established; no numeric join to detector/capture clocks
20260913_s11_noact3,s11_runs,slave.log,7d08d8496bccf2ab670b870ce97dc978ad9eef49f0ba8f34ab07303f66576d74,135,ptp4l[319.154]: port 2: defaultDS.priority1 probably misconfigured,319.154,2,defaultDS.priority1 probably misconfigured,ptp4l printed timestamp basis not established; no numeric join to detector/capture clocks
20260913_s11_noact3,s11_runs,slave.log,7d08d8496bccf2ab670b870ce97dc978ad9eef49f0ba8f34ab07303f66576d74,140,ptp4l[320.155]: port 2: master state recommended in slave only mode,320.155,2,master state recommended in slave only mode,ptp4l printed timestamp basis not established; no numeric join to detector/capture clocks
20260913_s11_noact3,s11_runs,slave.log,7d08d8496bccf2ab670b870ce97dc978ad9eef49f0ba8f34ab07303f66576d74,141,ptp4l[320.158]: port 2: defaultDS.priority1 probably misconfigured,320.158,2,defaultDS.priority1 probably misconfigured,ptp4l printed timestamp basis not established; no numeric join to detector/capture clocks
20260913_s11_noact3,s11_runs,slave.log,7d08d8496bccf2ab670b870ce97dc978ad9eef49f0ba8f34ab07303f66576d74,146,ptp4l[320.906]: port 2: master state recommended in slave only mode,320.906,2,master state recommended in slave only mode,ptp4l printed timestamp basis not established; no numeric join to detector/capture clocks
20260913_s11_noact3,s11_runs,slave.log,7d08d8496bccf2ab670b870ce97dc978ad9eef49f0ba8f34ab07303f66576d74,147,ptp4l[320.908]: port 2: defaultDS.priority1 probably misconfigured,320.908,2,defaultDS.priority1 probably misconfigured,ptp4l printed timestamp basis not established; no numeric join to detector/capture clocks
20260913_s11_noact3,s11_runs,slave.log,7d08d8496bccf2ab670b870ce97dc978ad9eef49f0ba8f34ab07303f66576d74,152,ptp4l[321.653]: port 2: master state recommended in slave only mode,321.653,2,master state recommended in slave only mode,ptp4l printed timestamp basis not established; no numeric join to detector/capture clocks
20260913_s11_noact3,s11_runs,slave.log,7d08d8496bccf2ab670b870ce97dc978ad9eef49f0ba8f34ab07303f66576d74,153,ptp4l[321.654]: port 2: defaultDS.priority1 probably misconfigured,321.654,2,defaultDS.priority1 probably misconfigured,ptp4l printed timestamp basis not established; no numeric join to detector/capture clocks
20260913_s11_noact3,s11_runs,slave.log,7d08d8496bccf2ab670b870ce97dc978ad9eef49f0ba8f34ab07303f66576d74,158,ptp4l[322.653]: port 2: master state recommended in slave only mode,322.653,2,master state recommended in slave only mode,ptp4l printed timestamp basis not established; no numeric join to detector/capture clocks
20260913_s11_noact3,s11_runs,slave.log,7d08d8496bccf2ab670b870ce97dc978ad9eef49f0ba8f34ab07303f66576d74,159,ptp4l[322.654]: port 2: defaultDS.priority1 probably misconfigured,322.654,2,defaultDS.priority1 probably misconfigured,ptp4l printed timestamp basis not established; no numeric join to detector/capture clocks
20260913_s11_noact3,s11_runs,slave.log,7d08d8496bccf2ab670b870ce97dc978ad9eef49f0ba8f34ab07303f66576d74,164,ptp4l[323.656]: port 2: master state recommended in slave only mode,323.656,2,master state recommended in slave only mode,ptp4l printed timestamp basis not established; no numeric join to detector/capture clocks
20260913_s11_noact3,s11_runs,slave.log,7d08d8496bccf2ab670b870ce97dc978ad9eef49f0ba8f34ab07303f66576d74,165,ptp4l[323.658]: port 2: defaultDS.priority1 probably misconfigured,323.658,2,defaultDS.priority1 probably misconfigured,ptp4l printed timestamp basis not established; no numeric join to detector/capture clocks
20260913_s11_noact3,s11_runs,slave.log,7d08d8496bccf2ab670b870ce97dc978ad9eef49f0ba8f34ab07303f66576d74,170,ptp4l[324.408]: port 2: master state recommended in slave only mode,324.408,2,master state recommended in slave only mode,ptp4l printed timestamp basis not established; no numeric join to detector/capture clocks
20260913_s11_noact3,s11_runs,slave.log,7d08d8496bccf2ab670b870ce97dc978ad9eef49f0ba8f34ab07303f66576d74,171,ptp4l[324.410]: port 2: defaultDS.priority1 probably misconfigured,324.410,2,defaultDS.priority1 probably misconfigured,ptp4l printed timestamp basis not established; no numeric join to detector/capture clocks
20260913_s11_noact3,s11_runs,slave.log,7d08d8496bccf2ab670b870ce97dc978ad9eef49f0ba8f34ab07303f66576d74,176,ptp4l[325.158]: port 2: master state recommended in slave only mode,325.158,2,master state recommended in slave only mode,ptp4l printed timestamp basis not established; no numeric join to detector/capture clocks
20260913_s11_noact3,s11_runs,slave.log,7d08d8496bccf2ab670b870ce97dc978ad9eef49f0ba8f34ab07303f66576d74,177,ptp4l[325.160]: port 2: defaultDS.priority1 probably misconfigured,325.160,2,defaultDS.priority1 probably misconfigured,ptp4l printed timestamp basis not established; no numeric join to detector/capture clocks
20260913_s11_noact3,s11_runs,slave.log,7d08d8496bccf2ab670b870ce97dc978ad9eef49f0ba8f34ab07303f66576d74,182,ptp4l[326.159]: port 2: master state recommended in slave only mode,326.159,2,master state recommended in slave only mode,ptp4l printed timestamp basis not established; no numeric join to detector/capture clocks
20260913_s11_noact3,s11_runs,slave.log,7d08d8496bccf2ab670b870ce97dc978ad9eef49f0ba8f34ab07303f66576d74,183,ptp4l[326.161]: port 2: defaultDS.priority1 probably misconfigured,326.161,2,defaultDS.priority1 probably misconfigured,ptp4l printed timestamp basis not established; no numeric join to detector/capture clocks
20260913_s11_noact3,s11_runs,slave.log,7d08d8496bccf2ab670b870ce97dc978ad9eef49f0ba8f34ab07303f66576d74,188,ptp4l[326.909]: port 2: master state recommended in slave only mode,326.909,2,master state recommended in slave only mode,ptp4l printed timestamp basis not established; no numeric join to detector/capture clocks
20260913_s11_noact3,s11_runs,slave.log,7d08d8496bccf2ab670b870ce97dc978ad9eef49f0ba8f34ab07303f66576d74,189,ptp4l[326.911]: port 2: defaultDS.priority1 probably misconfigured,326.911,2,defaultDS.priority1 probably misconfigured,ptp4l printed timestamp basis not established; no numeric join to detector/capture clocks
20260913_s11_noact3,s11_runs,slave.log,7d08d8496bccf2ab670b870ce97dc978ad9eef49f0ba8f34ab07303f66576d74,194,ptp4l[327.906]: port 2: master state recommended in slave only mode,327.906,2,master state recommended in slave only mode,ptp4l printed timestamp basis not established; no numeric join to detector/capture clocks
20260913_s11_noact3,s11_runs,slave.log,7d08d8496bccf2ab670b870ce97dc978ad9eef49f0ba8f34ab07303f66576d74,195,ptp4l[327.907]: port 2: defaultDS.priority1 probably misconfigured,327.907,2,defaultDS.priority1 probably misconfigured,ptp4l printed timestamp basis not established; no numeric join to detector/capture clocks
20260913_s11_noact3,s11_runs,slave.log,7d08d8496bccf2ab670b870ce97dc978ad9eef49f0ba8f34ab07303f66576d74,200,ptp4l[328.910]: port 2: master state recommended in slave only mode,328.910,2,master state recommended in slave only mode,ptp4l printed timestamp basis not established; no numeric join to detector/capture clocks
20260913_s11_noact3,s11_runs,slave.log,7d08d8496bccf2ab670b870ce97dc978ad9eef49f0ba8f34ab07303f66576d74,201,ptp4l[328.913]: port 2: defaultDS.priority1 probably misconfigured,328.913,2,defaultDS.priority1 probably misconfigured,ptp4l printed timestamp basis not established; no numeric join to detector/capture clocks
20260913_s11_noact3,s11_runs,slave.log,7d08d8496bccf2ab670b870ce97dc978ad9eef49f0ba8f34ab07303f66576d74,206,ptp4l[329.661]: port 2: master state recommended in slave only mode,329.661,2,master state recommended in slave only mode,ptp4l printed timestamp basis not established; no numeric join to detector/capture clocks
20260913_s11_noact3,s11_runs,slave.log,7d08d8496bccf2ab670b870ce97dc978ad9eef49f0ba8f34ab07303f66576d74,207,ptp4l[329.663]: port 2: defaultDS.priority1 probably misconfigured,329.663,2,defaultDS.priority1 probably misconfigured,ptp4l printed timestamp basis not established; no numeric join to detector/capture clocks
20260913_s11_noact3,s11_runs,slave.log,7d08d8496bccf2ab670b870ce97dc978ad9eef49f0ba8f34ab07303f66576d74,212,ptp4l[330.661]: port 2: master state recommended in slave only mode,330.661,2,master state recommended in slave only mode,ptp4l printed timestamp basis not established; no numeric join to detector/capture clocks
20260913_s11_noact3,s11_runs,slave.log,7d08d8496bccf2ab670b870ce97dc978ad9eef49f0ba8f34ab07303f66576d74,213,ptp4l[330.664]: port 2: defaultDS.priority1 probably misconfigured,330.664,2,defaultDS.priority1 probably misconfigured,ptp4l printed timestamp basis not established; no numeric join to detector/capture clocks
20260913_s11_noact3,s11_runs,slave.log,7d08d8496bccf2ab670b870ce97dc978ad9eef49f0ba8f34ab07303f66576d74,218,ptp4l[331.412]: port 2: master state recommended in slave only mode,331.412,2,master state recommended in slave only mode,ptp4l printed timestamp basis not established; no numeric join to detector/capture clocks
20260913_s11_noact3,s11_runs,slave.log,7d08d8496bccf2ab670b870ce97dc978ad9eef49f0ba8f34ab07303f66576d74,219,ptp4l[331.414]: port 2: defaultDS.priority1 probably misconfigured,331.414,2,defaultDS.priority1 probably misconfigured,ptp4l printed timestamp basis not established; no numeric join to detector/capture clocks
20260913_s11_noact3,s11_runs,slave.log,7d08d8496bccf2ab670b870ce97dc978ad9eef49f0ba8f34ab07303f66576d74,224,ptp4l[332.412]: port 2: master state recommended in slave only mode,332.412,2,master state recommended in slave only mode,ptp4l printed timestamp basis not established; no numeric join to detector/capture clocks
20260913_s11_noact3,s11_runs,slave.log,7d08d8496bccf2ab670b870ce97dc978ad9eef49f0ba8f34ab07303f66576d74,225,ptp4l[332.415]: port 2: defaultDS.priority1 probably misconfigured,332.415,2,defaultDS.priority1 probably misconfigured,ptp4l printed timestamp basis not established; no numeric join to detector/capture clocks
20260913_s11_noact3,s11_runs,slave.log,7d08d8496bccf2ab670b870ce97dc978ad9eef49f0ba8f34ab07303f66576d74,231,ptp4l[333.159]: port 2: master state recommended in slave only mode,333.159,2,master state recommended in slave only mode,ptp4l printed timestamp basis not established; no numeric join to detector/capture clocks
20260913_s11_noact3,s11_runs,slave.log,7d08d8496bccf2ab670b870ce97dc978ad9eef49f0ba8f34ab07303f66576d74,232,ptp4l[333.160]: port 2: defaultDS.priority1 probably misconfigured,333.160,2,defaultDS.priority1 probably misconfigured,ptp4l printed timestamp basis not established; no numeric join to detector/capture clocks
20260913_s11_noact3,s11_runs,slave.log,7d08d8496bccf2ab670b870ce97dc978ad9eef49f0ba8f34ab07303f66576d74,237,ptp4l[334.166]: port 2: master state recommended in slave only mode,334.166,2,master state recommended in slave only mode,ptp4l printed timestamp basis not established; no numeric join to detector/capture clocks
20260913_s11_noact3,s11_runs,slave.log,7d08d8496bccf2ab670b870ce97dc978ad9eef49f0ba8f34ab07303f66576d74,238,ptp4l[334.168]: port 2: defaultDS.priority1 probably misconfigured,334.168,2,defaultDS.priority1 probably misconfigured,ptp4l printed timestamp basis not established; no numeric join to detector/capture clocks
20260913_s11_noact3,s11_runs,slave.log,7d08d8496bccf2ab670b870ce97dc978ad9eef49f0ba8f34ab07303f66576d74,243,ptp4l[334.917]: port 2: master state recommended in slave only mode,334.917,2,master state recommended in slave only mode,ptp4l printed timestamp basis not established; no numeric join to detector/capture clocks
20260913_s11_noact3,s11_runs,slave.log,7d08d8496bccf2ab670b870ce97dc978ad9eef49f0ba8f34ab07303f66576d74,244,ptp4l[334.919]: port 2: defaultDS.priority1 probably misconfigured,334.919,2,defaultDS.priority1 probably misconfigured,ptp4l printed timestamp basis not established; no numeric join to detector/capture clocks
20260913_s11_noact3,s11_runs,slave.log,7d08d8496bccf2ab670b870ce97dc978ad9eef49f0ba8f34ab07303f66576d74,249,ptp4l[335.667]: port 2: master state recommended in slave only mode,335.667,2,master state recommended in slave only mode,ptp4l printed timestamp basis not established; no numeric join to detector/capture clocks
20260913_s11_noact3,s11_runs,slave.log,7d08d8496bccf2ab670b870ce97dc978ad9eef49f0ba8f34ab07303f66576d74,250,ptp4l[335.670]: port 2: defaultDS.priority1 probably misconfigured,335.670,2,defaultDS.priority1 probably misconfigured,ptp4l printed timestamp basis not established; no numeric join to detector/capture clocks
20260913_s11_noact3,s11_runs,slave.log,7d08d8496bccf2ab670b870ce97dc978ad9eef49f0ba8f34ab07303f66576d74,255,ptp4l[336.667]: port 2: master state recommended in slave only mode,336.667,2,master state recommended in slave only mode,ptp4l printed timestamp basis not established; no numeric join to detector/capture clocks
20260913_s11_noact3,s11_runs,slave.log,7d08d8496bccf2ab670b870ce97dc978ad9eef49f0ba8f34ab07303f66576d74,256,ptp4l[336.667]: port 2: defaultDS.priority1 probably misconfigured,336.667,2,defaultDS.priority1 probably misconfigured,ptp4l printed timestamp basis not established; no numeric join to detector/capture clocks
20260913_s11_noact3,s11_runs,slave.log,7d08d8496bccf2ab670b870ce97dc978ad9eef49f0ba8f34ab07303f66576d74,261,ptp4l[337.422]: port 2: master state recommended in slave only mode,337.422,2,master state recommended in slave only mode,ptp4l printed timestamp basis not established; no numeric join to detector/capture clocks
20260913_s11_noact3,s11_runs,slave.log,7d08d8496bccf2ab670b870ce97dc978ad9eef49f0ba8f34ab07303f66576d74,262,ptp4l[337.425]: port 2: defaultDS.priority1 probably misconfigured,337.425,2,defaultDS.priority1 probably misconfigured,ptp4l printed timestamp basis not established; no numeric join to detector/capture clocks
20260913_s11_noact3,s11_runs,slave.log,7d08d8496bccf2ab670b870ce97dc978ad9eef49f0ba8f34ab07303f66576d74,267,ptp4l[338.175]: port 2: master state recommended in slave only mode,338.175,2,master state recommended in slave only mode,ptp4l printed timestamp basis not established; no numeric join to detector/capture clocks
20260913_s11_noact3,s11_runs,slave.log,7d08d8496bccf2ab670b870ce97dc978ad9eef49f0ba8f34ab07303f66576d74,268,ptp4l[338.177]: port 2: defaultDS.priority1 probably misconfigured,338.177,2,defaultDS.priority1 probably misconfigured,ptp4l printed timestamp basis not established; no numeric join to detector/capture clocks
20260913_s11_noact3,s11_runs,slave.log,7d08d8496bccf2ab670b870ce97dc978ad9eef49f0ba8f34ab07303f66576d74,273,ptp4l[338.922]: port 2: master state recommended in slave only mode,338.922,2,master state recommended in slave only mode,ptp4l printed timestamp basis not established; no numeric join to detector/capture clocks
20260913_s11_noact3,s11_runs,slave.log,7d08d8496bccf2ab670b870ce97dc978ad9eef49f0ba8f34ab07303f66576d74,274,ptp4l[338.923]: port 2: defaultDS.priority1 probably misconfigured,338.923,2,defaultDS.priority1 probably misconfigured,ptp4l printed timestamp basis not established; no numeric join to detector/capture clocks
20260913_s11_noact3,s11_runs,slave.log,7d08d8496bccf2ab670b870ce97dc978ad9eef49f0ba8f34ab07303f66576d74,279,ptp4l[339.924]: port 2: master state recommended in slave only mode,339.924,2,master state recommended in slave only mode,ptp4l printed timestamp basis not established; no numeric join to detector/capture clocks
20260913_s11_noact3,s11_runs,slave.log,7d08d8496bccf2ab670b870ce97dc978ad9eef49f0ba8f34ab07303f66576d74,280,ptp4l[339.924]: port 2: defaultDS.priority1 probably misconfigured,339.924,2,defaultDS.priority1 probably misconfigured,ptp4l printed timestamp basis not established; no numeric join to detector/capture clocks
20260913_s11_noact3,s11_runs,slave.log,7d08d8496bccf2ab670b870ce97dc978ad9eef49f0ba8f34ab07303f66576d74,285,ptp4l[340.928]: port 2: master state recommended in slave only mode,340.928,2,master state recommended in slave only mode,ptp4l printed timestamp basis not established; no numeric join to detector/capture clocks
20260913_s11_noact3,s11_runs,slave.log,7d08d8496bccf2ab670b870ce97dc978ad9eef49f0ba8f34ab07303f66576d74,286,ptp4l[340.931]: port 2: defaultDS.priority1 probably misconfigured,340.931,2,defaultDS.priority1 probably misconfigured,ptp4l printed timestamp basis not established; no numeric join to detector/capture clocks
20260913_s11_noact3,s11_runs,slave.log,7d08d8496bccf2ab670b870ce97dc978ad9eef49f0ba8f34ab07303f66576d74,291,ptp4l[341.929]: port 2: master state recommended in slave only mode,341.929,2,master state recommended in slave only mode,ptp4l printed timestamp basis not established; no numeric join to detector/capture clocks
20260913_s11_noact3,s11_runs,slave.log,7d08d8496bccf2ab670b870ce97dc978ad9eef49f0ba8f34ab07303f66576d74,292,ptp4l[341.932]: port 2: defaultDS.priority1 probably misconfigured,341.932,2,defaultDS.priority1 probably misconfigured,ptp4l printed timestamp basis not established; no numeric join to detector/capture clocks
20260913_s11_noact3,s11_runs,slave.log,7d08d8496bccf2ab670b870ce97dc978ad9eef49f0ba8f34ab07303f66576d74,297,ptp4l[342.680]: port 2: master state recommended in slave only mode,342.680,2,master state recommended in slave only mode,ptp4l printed timestamp basis not established; no numeric join to detector/capture clocks
20260913_s11_noact3,s11_runs,slave.log,7d08d8496bccf2ab670b870ce97dc978ad9eef49f0ba8f34ab07303f66576d74,298,ptp4l[342.682]: port 2: defaultDS.priority1 probably misconfigured,342.682,2,defaultDS.priority1 probably misconfigured,ptp4l printed timestamp basis not established; no numeric join to detector/capture clocks
20260913_s11_noact3,s11_runs,slave.log,7d08d8496bccf2ab670b870ce97dc978ad9eef49f0ba8f34ab07303f66576d74,303,ptp4l[343.677]: port 2: master state recommended in slave only mode,343.677,2,master state recommended in slave only mode,ptp4l printed timestamp basis not established; no numeric join to detector/capture clocks
20260913_s11_noact3,s11_runs,slave.log,7d08d8496bccf2ab670b870ce97dc978ad9eef49f0ba8f34ab07303f66576d74,304,ptp4l[343.678]: port 2: defaultDS.priority1 probably misconfigured,343.678,2,defaultDS.priority1 probably misconfigured,ptp4l printed timestamp basis not established; no numeric join to detector/capture clocks
20260913_s11_noact3,s11_runs,slave.log,7d08d8496bccf2ab670b870ce97dc978ad9eef49f0ba8f34ab07303f66576d74,309,ptp4l[344.682]: port 2: master state recommended in slave only mode,344.682,2,master state recommended in slave only mode,ptp4l printed timestamp basis not established; no numeric join to detector/capture clocks
20260913_s11_noact3,s11_runs,slave.log,7d08d8496bccf2ab670b870ce97dc978ad9eef49f0ba8f34ab07303f66576d74,310,ptp4l[344.685]: port 2: defaultDS.priority1 probably misconfigured,344.685,2,defaultDS.priority1 probably misconfigured,ptp4l printed timestamp basis not established; no numeric join to detector/capture clocks
20260913_s11_noact3,s11_runs,slave.log,7d08d8496bccf2ab670b870ce97dc978ad9eef49f0ba8f34ab07303f66576d74,315,ptp4l[345.428]: port 2: master state recommended in slave only mode,345.428,2,master state recommended in slave only mode,ptp4l printed timestamp basis not established; no numeric join to detector/capture clocks
20260913_s11_noact3,s11_runs,slave.log,7d08d8496bccf2ab670b870ce97dc978ad9eef49f0ba8f34ab07303f66576d74,316,ptp4l[345.429]: port 2: defaultDS.priority1 probably misconfigured,345.429,2,defaultDS.priority1 probably misconfigured,ptp4l printed timestamp basis not established; no numeric join to detector/capture clocks
20260913_s11_noact3,s11_runs,slave.log,7d08d8496bccf2ab670b870ce97dc978ad9eef49f0ba8f34ab07303f66576d74,321,ptp4l[346.433]: port 2: master state recommended in slave only mode,346.433,2,master state recommended in slave only mode,ptp4l printed timestamp basis not established; no numeric join to detector/capture clocks
20260913_s11_noact3,s11_runs,slave.log,7d08d8496bccf2ab670b870ce97dc978ad9eef49f0ba8f34ab07303f66576d74,322,ptp4l[346.435]: port 2: defaultDS.priority1 probably misconfigured,346.435,2,defaultDS.priority1 probably misconfigured,ptp4l printed timestamp basis not established; no numeric join to detector/capture clocks
20260913_s11_noact4,s11_runs,slave.log,c32b9c4d78b913ba4fb3f69231c5a116bf5a4f5d417bd8d360d9e06f7ef4a4e4,1,ptp4l[396.476]: port 1: INITIALIZING to LISTENING on INIT_COMPLETE,396.476,1,INITIALIZING to LISTENING on INIT_COMPLETE,ptp4l printed timestamp basis not established; no numeric join to detector/capture clocks
20260913_s11_noact4,s11_runs,slave.log,c32b9c4d78b913ba4fb3f69231c5a116bf5a4f5d417bd8d360d9e06f7ef4a4e4,2,ptp4l[396.500]: port 2: INITIALIZING to LISTENING on INIT_COMPLETE,396.500,2,INITIALIZING to LISTENING on INIT_COMPLETE,ptp4l printed timestamp basis not established; no numeric join to detector/capture clocks
20260913_s11_noact4,s11_runs,slave.log,c32b9c4d78b913ba4fb3f69231c5a116bf5a4f5d417bd8d360d9e06f7ef4a4e4,3,ptp4l[396.501]: port 0: INITIALIZING to LISTENING on INIT_COMPLETE,396.501,0,INITIALIZING to LISTENING on INIT_COMPLETE,ptp4l printed timestamp basis not established; no numeric join to detector/capture clocks
20260913_s11_noact4,s11_runs,slave.log,c32b9c4d78b913ba4fb3f69231c5a116bf5a4f5d417bd8d360d9e06f7ef4a4e4,4,ptp4l[397.261]: port 1: new foreign master 9227f5.fffe.c74206-1,397.261,1,new foreign master 9227f5.fffe.c74206-1,ptp4l printed timestamp basis not established; no numeric join to detector/capture clocks
20260913_s11_noact4,s11_runs,slave.log,c32b9c4d78b913ba4fb3f69231c5a116bf5a4f5d417bd8d360d9e06f7ef4a4e4,7,ptp4l[397.690]: port 2: new foreign master 5241b4.fffe.d4c11c-1,397.690,2,new foreign master 5241b4.fffe.d4c11c-1,ptp4l printed timestamp basis not established; no numeric join to detector/capture clocks
20260913_s11_noact4,s11_runs,slave.log,c32b9c4d78b913ba4fb3f69231c5a116bf5a4f5d417bd8d360d9e06f7ef4a4e4,10,ptp4l[398.015]: port 1: LISTENING to UNCALIBRATED on RS_SLAVE,398.015,1,LISTENING to UNCALIBRATED on RS_SLAVE,ptp4l printed timestamp basis not established; no numeric join to detector/capture clocks
20260913_s11_noact4,s11_runs,slave.log,c32b9c4d78b913ba4fb3f69231c5a116bf5a4f5d417bd8d360d9e06f7ef4a4e4,13,ptp4l[398.193]: port 2: master state recommended in slave only mode,398.193,2,master state recommended in slave only mode,ptp4l printed timestamp basis not established; no numeric join to detector/capture clocks
20260913_s11_noact4,s11_runs,slave.log,c32b9c4d78b913ba4fb3f69231c5a116bf5a4f5d417bd8d360d9e06f7ef4a4e4,14,ptp4l[398.194]: port 2: defaultDS.priority1 probably misconfigured,398.194,2,defaultDS.priority1 probably misconfigured,ptp4l printed timestamp basis not established; no numeric join to detector/capture clocks
20260913_s11_noact4,s11_runs,slave.log,c32b9c4d78b913ba4fb3f69231c5a116bf5a4f5d417bd8d360d9e06f7ef4a4e4,19,ptp4l[398.697]: port 2: master state recommended in slave only mode,398.697,2,master state recommended in slave only mode,ptp4l printed timestamp basis not established; no numeric join to detector/capture clocks
20260913_s11_noact4,s11_runs,slave.log,c32b9c4d78b913ba4fb3f69231c5a116bf5a4f5d417bd8d360d9e06f7ef4a4e4,20,ptp4l[398.700]: port 2: defaultDS.priority1 probably misconfigured,398.700,2,defaultDS.priority1 probably misconfigured,ptp4l printed timestamp basis not established; no numeric join to detector/capture clocks
20260913_s11_noact4,s11_runs,slave.log,c32b9c4d78b913ba4fb3f69231c5a116bf5a4f5d417bd8d360d9e06f7ef4a4e4,25,ptp4l[399.445]: port 2: master state recommended in slave only mode,399.445,2,master state recommended in slave only mode,ptp4l printed timestamp basis not established; no numeric join to detector/capture clocks
20260913_s11_noact4,s11_runs,slave.log,c32b9c4d78b913ba4fb3f69231c5a116bf5a4f5d417bd8d360d9e06f7ef4a4e4,26,ptp4l[399.446]: port 2: defaultDS.priority1 probably misconfigured,399.446,2,defaultDS.priority1 probably misconfigured,ptp4l printed timestamp basis not established; no numeric join to detector/capture clocks
20260913_s11_noact4,s11_runs,slave.log,c32b9c4d78b913ba4fb3f69231c5a116bf5a4f5d417bd8d360d9e06f7ef4a4e4,31,ptp4l[400.448]: port 2: master state recommended in slave only mode,400.448,2,master state recommended in slave only mode,ptp4l printed timestamp basis not established; no numeric join to detector/capture clocks
20260913_s11_noact4,s11_runs,slave.log,c32b9c4d78b913ba4fb3f69231c5a116bf5a4f5d417bd8d360d9e06f7ef4a4e4,32,ptp4l[400.450]: port 2: defaultDS.priority1 probably misconfigured,400.450,2,defaultDS.priority1 probably misconfigured,ptp4l printed timestamp basis not established; no numeric join to detector/capture clocks
20260913_s11_noact4,s11_runs,slave.log,c32b9c4d78b913ba4fb3f69231c5a116bf5a4f5d417bd8d360d9e06f7ef4a4e4,37,ptp4l[401.449]: port 2: master state recommended in slave only mode,401.449,2,master state recommended in slave only mode,ptp4l printed timestamp basis not established; no numeric join to detector/capture clocks
20260913_s11_noact4,s11_runs,slave.log,c32b9c4d78b913ba4fb3f69231c5a116bf5a4f5d417bd8d360d9e06f7ef4a4e4,38,ptp4l[401.450]: port 2: defaultDS.priority1 probably misconfigured,401.450,2,defaultDS.priority1 probably misconfigured,ptp4l printed timestamp basis not established; no numeric join to detector/capture clocks
20260913_s11_noact4,s11_runs,slave.log,c32b9c4d78b913ba4fb3f69231c5a116bf5a4f5d417bd8d360d9e06f7ef4a4e4,43,ptp4l[402.202]: port 2: master state recommended in slave only mode,402.202,2,master state recommended in slave only mode,ptp4l printed timestamp basis not established; no numeric join to detector/capture clocks
20260913_s11_noact4,s11_runs,slave.log,c32b9c4d78b913ba4fb3f69231c5a116bf5a4f5d417bd8d360d9e06f7ef4a4e4,44,ptp4l[402.205]: port 2: defaultDS.priority1 probably misconfigured,402.205,2,defaultDS.priority1 probably misconfigured,ptp4l printed timestamp basis not established; no numeric join to detector/capture clocks
20260913_s11_noact4,s11_runs,slave.log,c32b9c4d78b913ba4fb3f69231c5a116bf5a4f5d417bd8d360d9e06f7ef4a4e4,49,ptp4l[403.200]: port 2: master state recommended in slave only mode,403.200,2,master state recommended in slave only mode,ptp4l printed timestamp basis not established; no numeric join to detector/capture clocks
20260913_s11_noact4,s11_runs,slave.log,c32b9c4d78b913ba4fb3f69231c5a116bf5a4f5d417bd8d360d9e06f7ef4a4e4,50,ptp4l[403.201]: port 2: defaultDS.priority1 probably misconfigured,403.201,2,defaultDS.priority1 probably misconfigured,ptp4l printed timestamp basis not established; no numeric join to detector/capture clocks
20260913_s11_noact4,s11_runs,slave.log,c32b9c4d78b913ba4fb3f69231c5a116bf5a4f5d417bd8d360d9e06f7ef4a4e4,55,ptp4l[403.950]: port 2: master state recommended in slave only mode,403.950,2,master state recommended in slave only mode,ptp4l printed timestamp basis not established; no numeric join to detector/capture clocks
20260913_s11_noact4,s11_runs,slave.log,c32b9c4d78b913ba4fb3f69231c5a116bf5a4f5d417bd8d360d9e06f7ef4a4e4,56,ptp4l[403.951]: port 2: defaultDS.priority1 probably misconfigured,403.951,2,defaultDS.priority1 probably misconfigured,ptp4l printed timestamp basis not established; no numeric join to detector/capture clocks
20260913_s11_noact4,s11_runs,slave.log,c32b9c4d78b913ba4fb3f69231c5a116bf5a4f5d417bd8d360d9e06f7ef4a4e4,61,ptp4l[404.701]: port 2: master state recommended in slave only mode,404.701,2,master state recommended in slave only mode,ptp4l printed timestamp basis not established; no numeric join to detector/capture clocks
20260913_s11_noact4,s11_runs,slave.log,c32b9c4d78b913ba4fb3f69231c5a116bf5a4f5d417bd8d360d9e06f7ef4a4e4,62,ptp4l[404.702]: port 2: defaultDS.priority1 probably misconfigured,404.702,2,defaultDS.priority1 probably misconfigured,ptp4l printed timestamp basis not established; no numeric join to detector/capture clocks
20260913_s11_noact4,s11_runs,slave.log,c32b9c4d78b913ba4fb3f69231c5a116bf5a4f5d417bd8d360d9e06f7ef4a4e4,67,ptp4l[405.706]: port 2: master state recommended in slave only mode,405.706,2,master state recommended in slave only mode,ptp4l printed timestamp basis not established; no numeric join to detector/capture clocks
20260913_s11_noact4,s11_runs,slave.log,c32b9c4d78b913ba4fb3f69231c5a116bf5a4f5d417bd8d360d9e06f7ef4a4e4,68,ptp4l[405.708]: port 2: defaultDS.priority1 probably misconfigured,405.708,2,defaultDS.priority1 probably misconfigured,ptp4l printed timestamp basis not established; no numeric join to detector/capture clocks
20260913_s11_noact4,s11_runs,slave.log,c32b9c4d78b913ba4fb3f69231c5a116bf5a4f5d417bd8d360d9e06f7ef4a4e4,73,ptp4l[406.706]: port 2: master state recommended in slave only mode,406.706,2,master state recommended in slave only mode,ptp4l printed timestamp basis not established; no numeric join to detector/capture clocks
20260913_s11_noact4,s11_runs,slave.log,c32b9c4d78b913ba4fb3f69231c5a116bf5a4f5d417bd8d360d9e06f7ef4a4e4,74,ptp4l[406.709]: port 2: defaultDS.priority1 probably misconfigured,406.709,2,defaultDS.priority1 probably misconfigured,ptp4l printed timestamp basis not established; no numeric join to detector/capture clocks
20260913_s11_noact4,s11_runs,slave.log,c32b9c4d78b913ba4fb3f69231c5a116bf5a4f5d417bd8d360d9e06f7ef4a4e4,79,ptp4l[407.456]: port 2: master state recommended in slave only mode,407.456,2,master state recommended in slave only mode,ptp4l printed timestamp basis not established; no numeric join to detector/capture clocks
20260913_s11_noact4,s11_runs,slave.log,c32b9c4d78b913ba4fb3f69231c5a116bf5a4f5d417bd8d360d9e06f7ef4a4e4,80,ptp4l[407.457]: port 2: defaultDS.priority1 probably misconfigured,407.457,2,defaultDS.priority1 probably misconfigured,ptp4l printed timestamp basis not established; no numeric join to detector/capture clocks
20260913_s11_noact4,s11_runs,slave.log,c32b9c4d78b913ba4fb3f69231c5a116bf5a4f5d417bd8d360d9e06f7ef4a4e4,85,ptp4l[408.455]: port 2: master state recommended in slave only mode,408.455,2,master state recommended in slave only mode,ptp4l printed timestamp basis not established; no numeric join to detector/capture clocks
20260913_s11_noact4,s11_runs,slave.log,c32b9c4d78b913ba4fb3f69231c5a116bf5a4f5d417bd8d360d9e06f7ef4a4e4,86,ptp4l[408.455]: port 2: defaultDS.priority1 probably misconfigured,408.455,2,defaultDS.priority1 probably misconfigured,ptp4l printed timestamp basis not established; no numeric join to detector/capture clocks
20260913_s11_noact4,s11_runs,slave.log,c32b9c4d78b913ba4fb3f69231c5a116bf5a4f5d417bd8d360d9e06f7ef4a4e4,91,ptp4l[409.206]: port 2: master state recommended in slave only mode,409.206,2,master state recommended in slave only mode,ptp4l printed timestamp basis not established; no numeric join to detector/capture clocks
20260913_s11_noact4,s11_runs,slave.log,c32b9c4d78b913ba4fb3f69231c5a116bf5a4f5d417bd8d360d9e06f7ef4a4e4,92,ptp4l[409.207]: port 2: defaultDS.priority1 probably misconfigured,409.207,2,defaultDS.priority1 probably misconfigured,ptp4l printed timestamp basis not established; no numeric join to detector/capture clocks
20260913_s11_noact4,s11_runs,slave.log,c32b9c4d78b913ba4fb3f69231c5a116bf5a4f5d417bd8d360d9e06f7ef4a4e4,97,ptp4l[409.956]: port 2: master state recommended in slave only mode,409.956,2,master state recommended in slave only mode,ptp4l printed timestamp basis not established; no numeric join to detector/capture clocks
20260913_s11_noact4,s11_runs,slave.log,c32b9c4d78b913ba4fb3f69231c5a116bf5a4f5d417bd8d360d9e06f7ef4a4e4,98,ptp4l[409.957]: port 2: defaultDS.priority1 probably misconfigured,409.957,2,defaultDS.priority1 probably misconfigured,ptp4l printed timestamp basis not established; no numeric join to detector/capture clocks
20260913_s11_noact4,s11_runs,slave.log,c32b9c4d78b913ba4fb3f69231c5a116bf5a4f5d417bd8d360d9e06f7ef4a4e4,103,ptp4l[410.706]: port 2: master state recommended in slave only mode,410.706,2,master state recommended in slave only mode,ptp4l printed timestamp basis not established; no numeric join to detector/capture clocks
20260913_s11_noact4,s11_runs,slave.log,c32b9c4d78b913ba4fb3f69231c5a116bf5a4f5d417bd8d360d9e06f7ef4a4e4,104,ptp4l[410.707]: port 2: defaultDS.priority1 probably misconfigured,410.707,2,defaultDS.priority1 probably misconfigured,ptp4l printed timestamp basis not established; no numeric join to detector/capture clocks
20260913_s11_noact4,s11_runs,slave.log,c32b9c4d78b913ba4fb3f69231c5a116bf5a4f5d417bd8d360d9e06f7ef4a4e4,109,ptp4l[411.710]: port 2: master state recommended in slave only mode,411.710,2,master state recommended in slave only mode,ptp4l printed timestamp basis not established; no numeric join to detector/capture clocks
20260913_s11_noact4,s11_runs,slave.log,c32b9c4d78b913ba4fb3f69231c5a116bf5a4f5d417bd8d360d9e06f7ef4a4e4,110,ptp4l[411.713]: port 2: defaultDS.priority1 probably misconfigured,411.713,2,defaultDS.priority1 probably misconfigured,ptp4l printed timestamp basis not established; no numeric join to detector/capture clocks
20260913_s11_noact4,s11_runs,slave.log,c32b9c4d78b913ba4fb3f69231c5a116bf5a4f5d417bd8d360d9e06f7ef4a4e4,115,ptp4l[412.461]: port 2: master state recommended in slave only mode,412.461,2,master state recommended in slave only mode,ptp4l printed timestamp basis not established; no numeric join to detector/capture clocks
20260913_s11_noact4,s11_runs,slave.log,c32b9c4d78b913ba4fb3f69231c5a116bf5a4f5d417bd8d360d9e06f7ef4a4e4,116,ptp4l[412.463]: port 2: defaultDS.priority1 probably misconfigured,412.463,2,defaultDS.priority1 probably misconfigured,ptp4l printed timestamp basis not established; no numeric join to detector/capture clocks
20260913_s11_noact4,s11_runs,slave.log,c32b9c4d78b913ba4fb3f69231c5a116bf5a4f5d417bd8d360d9e06f7ef4a4e4,121,ptp4l[413.208]: port 2: master state recommended in slave only mode,413.208,2,master state recommended in slave only mode,ptp4l printed timestamp basis not established; no numeric join to detector/capture clocks
20260913_s11_noact4,s11_runs,slave.log,c32b9c4d78b913ba4fb3f69231c5a116bf5a4f5d417bd8d360d9e06f7ef4a4e4,122,ptp4l[413.208]: port 2: defaultDS.priority1 probably misconfigured,413.208,2,defaultDS.priority1 probably misconfigured,ptp4l printed timestamp basis not established; no numeric join to detector/capture clocks
20260913_s11_noact4,s11_runs,slave.log,c32b9c4d78b913ba4fb3f69231c5a116bf5a4f5d417bd8d360d9e06f7ef4a4e4,128,ptp4l[414.213]: port 2: master state recommended in slave only mode,414.213,2,master state recommended in slave only mode,ptp4l printed timestamp basis not established; no numeric join to detector/capture clocks
20260913_s11_noact4,s11_runs,slave.log,c32b9c4d78b913ba4fb3f69231c5a116bf5a4f5d417bd8d360d9e06f7ef4a4e4,129,ptp4l[414.215]: port 2: defaultDS.priority1 probably misconfigured,414.215,2,defaultDS.priority1 probably misconfigured,ptp4l printed timestamp basis not established; no numeric join to detector/capture clocks
20260913_s11_noact4,s11_runs,slave.log,c32b9c4d78b913ba4fb3f69231c5a116bf5a4f5d417bd8d360d9e06f7ef4a4e4,134,ptp4l[414.959]: port 2: master state recommended in slave only mode,414.959,2,master state recommended in slave only mode,ptp4l printed timestamp basis not established; no numeric join to detector/capture clocks
20260913_s11_noact4,s11_runs,slave.log,c32b9c4d78b913ba4fb3f69231c5a116bf5a4f5d417bd8d360d9e06f7ef4a4e4,135,ptp4l[414.960]: port 2: defaultDS.priority1 probably misconfigured,414.960,2,defaultDS.priority1 probably misconfigured,ptp4l printed timestamp basis not established; no numeric join to detector/capture clocks
20260913_s11_noact4,s11_runs,slave.log,c32b9c4d78b913ba4fb3f69231c5a116bf5a4f5d417bd8d360d9e06f7ef4a4e4,140,ptp4l[415.710]: port 2: master state recommended in slave only mode,415.710,2,master state recommended in slave only mode,ptp4l printed timestamp basis not established; no numeric join to detector/capture clocks
20260913_s11_noact4,s11_runs,slave.log,c32b9c4d78b913ba4fb3f69231c5a116bf5a4f5d417bd8d360d9e06f7ef4a4e4,141,ptp4l[415.711]: port 2: defaultDS.priority1 probably misconfigured,415.711,2,defaultDS.priority1 probably misconfigured,ptp4l printed timestamp basis not established; no numeric join to detector/capture clocks
20260913_s11_noact4,s11_runs,slave.log,c32b9c4d78b913ba4fb3f69231c5a116bf5a4f5d417bd8d360d9e06f7ef4a4e4,146,ptp4l[416.710]: port 2: master state recommended in slave only mode,416.710,2,master state recommended in slave only mode,ptp4l printed timestamp basis not established; no numeric join to detector/capture clocks
20260913_s11_noact4,s11_runs,slave.log,c32b9c4d78b913ba4fb3f69231c5a116bf5a4f5d417bd8d360d9e06f7ef4a4e4,147,ptp4l[416.711]: port 2: defaultDS.priority1 probably misconfigured,416.711,2,defaultDS.priority1 probably misconfigured,ptp4l printed timestamp basis not established; no numeric join to detector/capture clocks
20260913_s11_noact4,s11_runs,slave.log,c32b9c4d78b913ba4fb3f69231c5a116bf5a4f5d417bd8d360d9e06f7ef4a4e4,152,ptp4l[417.461]: port 2: master state recommended in slave only mode,417.461,2,master state recommended in slave only mode,ptp4l printed timestamp basis not established; no numeric join to detector/capture clocks
20260913_s11_noact4,s11_runs,slave.log,c32b9c4d78b913ba4fb3f69231c5a116bf5a4f5d417bd8d360d9e06f7ef4a4e4,153,ptp4l[417.462]: port 2: defaultDS.priority1 probably misconfigured,417.462,2,defaultDS.priority1 probably misconfigured,ptp4l printed timestamp basis not established; no numeric join to detector/capture clocks
20260913_s11_noact4,s11_runs,slave.log,c32b9c4d78b913ba4fb3f69231c5a116bf5a4f5d417bd8d360d9e06f7ef4a4e4,158,ptp4l[418.214]: port 2: master state recommended in slave only mode,418.214,2,master state recommended in slave only mode,ptp4l printed timestamp basis not established; no numeric join to detector/capture clocks
20260913_s11_noact4,s11_runs,slave.log,c32b9c4d78b913ba4fb3f69231c5a116bf5a4f5d417bd8d360d9e06f7ef4a4e4,159,ptp4l[418.216]: port 2: defaultDS.priority1 probably misconfigured,418.216,2,defaultDS.priority1 probably misconfigured,ptp4l printed timestamp basis not established; no numeric join to detector/capture clocks
20260913_s11_noact4,s11_runs,slave.log,c32b9c4d78b913ba4fb3f69231c5a116bf5a4f5d417bd8d360d9e06f7ef4a4e4,164,ptp4l[418.964]: port 2: master state recommended in slave only mode,418.964,2,master state recommended in slave only mode,ptp4l printed timestamp basis not established; no numeric join to detector/capture clocks
20260913_s11_noact4,s11_runs,slave.log,c32b9c4d78b913ba4fb3f69231c5a116bf5a4f5d417bd8d360d9e06f7ef4a4e4,165,ptp4l[418.967]: port 2: defaultDS.priority1 probably misconfigured,418.967,2,defaultDS.priority1 probably misconfigured,ptp4l printed timestamp basis not established; no numeric join to detector/capture clocks
20260913_s11_noact4,s11_runs,slave.log,c32b9c4d78b913ba4fb3f69231c5a116bf5a4f5d417bd8d360d9e06f7ef4a4e4,170,ptp4l[419.965]: port 2: master state recommended in slave only mode,419.965,2,master state recommended in slave only mode,ptp4l printed timestamp basis not established; no numeric join to detector/capture clocks
20260913_s11_noact4,s11_runs,slave.log,c32b9c4d78b913ba4fb3f69231c5a116bf5a4f5d417bd8d360d9e06f7ef4a4e4,171,ptp4l[419.967]: port 2: defaultDS.priority1 probably misconfigured,419.967,2,defaultDS.priority1 probably misconfigured,ptp4l printed timestamp basis not established; no numeric join to detector/capture clocks
20260913_s11_noact4,s11_runs,slave.log,c32b9c4d78b913ba4fb3f69231c5a116bf5a4f5d417bd8d360d9e06f7ef4a4e4,176,ptp4l[420.962]: port 2: master state recommended in slave only mode,420.962,2,master state recommended in slave only mode,ptp4l printed timestamp basis not established; no numeric join to detector/capture clocks
20260913_s11_noact4,s11_runs,slave.log,c32b9c4d78b913ba4fb3f69231c5a116bf5a4f5d417bd8d360d9e06f7ef4a4e4,177,ptp4l[420.963]: port 2: defaultDS.priority1 probably misconfigured,420.963,2,defaultDS.priority1 probably misconfigured,ptp4l printed timestamp basis not established; no numeric join to detector/capture clocks
20260913_s11_noact4,s11_runs,slave.log,c32b9c4d78b913ba4fb3f69231c5a116bf5a4f5d417bd8d360d9e06f7ef4a4e4,182,ptp4l[421.716]: port 2: master state recommended in slave only mode,421.716,2,master state recommended in slave only mode,ptp4l printed timestamp basis not established; no numeric join to detector/capture clocks
20260913_s11_noact4,s11_runs,slave.log,c32b9c4d78b913ba4fb3f69231c5a116bf5a4f5d417bd8d360d9e06f7ef4a4e4,183,ptp4l[421.718]: port 2: defaultDS.priority1 probably misconfigured,421.718,2,defaultDS.priority1 probably misconfigured,ptp4l printed timestamp basis not established; no numeric join to detector/capture clocks
20260913_s11_noact4,s11_runs,slave.log,c32b9c4d78b913ba4fb3f69231c5a116bf5a4f5d417bd8d360d9e06f7ef4a4e4,188,ptp4l[422.716]: port 2: master state recommended in slave only mode,422.716,2,master state recommended in slave only mode,ptp4l printed timestamp basis not established; no numeric join to detector/capture clocks
20260913_s11_noact4,s11_runs,slave.log,c32b9c4d78b913ba4fb3f69231c5a116bf5a4f5d417bd8d360d9e06f7ef4a4e4,189,ptp4l[422.718]: port 2: defaultDS.priority1 probably misconfigured,422.718,2,defaultDS.priority1 probably misconfigured,ptp4l printed timestamp basis not established; no numeric join to detector/capture clocks
20260913_s11_noact4,s11_runs,slave.log,c32b9c4d78b913ba4fb3f69231c5a116bf5a4f5d417bd8d360d9e06f7ef4a4e4,194,ptp4l[423.466]: port 2: master state recommended in slave only mode,423.466,2,master state recommended in slave only mode,ptp4l printed timestamp basis not established; no numeric join to detector/capture clocks
20260913_s11_noact4,s11_runs,slave.log,c32b9c4d78b913ba4fb3f69231c5a116bf5a4f5d417bd8d360d9e06f7ef4a4e4,195,ptp4l[423.469]: port 2: defaultDS.priority1 probably misconfigured,423.469,2,defaultDS.priority1 probably misconfigured,ptp4l printed timestamp basis not established; no numeric join to detector/capture clocks
20260913_s11_noact4,s11_runs,slave.log,c32b9c4d78b913ba4fb3f69231c5a116bf5a4f5d417bd8d360d9e06f7ef4a4e4,200,ptp4l[424.468]: port 2: master state recommended in slave only mode,424.468,2,master state recommended in slave only mode,ptp4l printed timestamp basis not established; no numeric join to detector/capture clocks
20260913_s11_noact4,s11_runs,slave.log,c32b9c4d78b913ba4fb3f69231c5a116bf5a4f5d417bd8d360d9e06f7ef4a4e4,201,ptp4l[424.470]: port 2: defaultDS.priority1 probably misconfigured,424.470,2,defaultDS.priority1 probably misconfigured,ptp4l printed timestamp basis not established; no numeric join to detector/capture clocks
20260913_s11_noact4,s11_runs,slave.log,c32b9c4d78b913ba4fb3f69231c5a116bf5a4f5d417bd8d360d9e06f7ef4a4e4,206,ptp4l[425.468]: port 2: master state recommended in slave only mode,425.468,2,master state recommended in slave only mode,ptp4l printed timestamp basis not established; no numeric join to detector/capture clocks
20260913_s11_noact4,s11_runs,slave.log,c32b9c4d78b913ba4fb3f69231c5a116bf5a4f5d417bd8d360d9e06f7ef4a4e4,207,ptp4l[425.470]: port 2: defaultDS.priority1 probably misconfigured,425.470,2,defaultDS.priority1 probably misconfigured,ptp4l printed timestamp basis not established; no numeric join to detector/capture clocks
20260913_s11_noact4,s11_runs,slave.log,c32b9c4d78b913ba4fb3f69231c5a116bf5a4f5d417bd8d360d9e06f7ef4a4e4,212,ptp4l[426.215]: port 2: master state recommended in slave only mode,426.215,2,master state recommended in slave only mode,ptp4l printed timestamp basis not established; no numeric join to detector/capture clocks
20260913_s11_noact4,s11_runs,slave.log,c32b9c4d78b913ba4fb3f69231c5a116bf5a4f5d417bd8d360d9e06f7ef4a4e4,213,ptp4l[426.216]: port 2: defaultDS.priority1 probably misconfigured,426.216,2,defaultDS.priority1 probably misconfigured,ptp4l printed timestamp basis not established; no numeric join to detector/capture clocks
20260913_s11_noact4,s11_runs,slave.log,c32b9c4d78b913ba4fb3f69231c5a116bf5a4f5d417bd8d360d9e06f7ef4a4e4,218,ptp4l[427.216]: port 2: master state recommended in slave only mode,427.216,2,master state recommended in slave only mode,ptp4l printed timestamp basis not established; no numeric join to detector/capture clocks
20260913_s11_noact4,s11_runs,slave.log,c32b9c4d78b913ba4fb3f69231c5a116bf5a4f5d417bd8d360d9e06f7ef4a4e4,219,ptp4l[427.217]: port 2: defaultDS.priority1 probably misconfigured,427.217,2,defaultDS.priority1 probably misconfigured,ptp4l printed timestamp basis not established; no numeric join to detector/capture clocks
20260913_s11_noact4,s11_runs,slave.log,c32b9c4d78b913ba4fb3f69231c5a116bf5a4f5d417bd8d360d9e06f7ef4a4e4,224,ptp4l[428.216]: port 2: master state recommended in slave only mode,428.216,2,master state recommended in slave only mode,ptp4l printed timestamp basis not established; no numeric join to detector/capture clocks
20260913_s11_noact4,s11_runs,slave.log,c32b9c4d78b913ba4fb3f69231c5a116bf5a4f5d417bd8d360d9e06f7ef4a4e4,225,ptp4l[428.217]: port 2: defaultDS.priority1 probably misconfigured,428.217,2,defaultDS.priority1 probably misconfigured,ptp4l printed timestamp basis not established; no numeric join to detector/capture clocks
20260913_s11_noact4,s11_runs,slave.log,c32b9c4d78b913ba4fb3f69231c5a116bf5a4f5d417bd8d360d9e06f7ef4a4e4,230,ptp4l[429.219]: port 2: master state recommended in slave only mode,429.219,2,master state recommended in slave only mode,ptp4l printed timestamp basis not established; no numeric join to detector/capture clocks
20260913_s11_noact4,s11_runs,slave.log,c32b9c4d78b913ba4fb3f69231c5a116bf5a4f5d417bd8d360d9e06f7ef4a4e4,231,ptp4l[429.222]: port 2: defaultDS.priority1 probably misconfigured,429.222,2,defaultDS.priority1 probably misconfigured,ptp4l printed timestamp basis not established; no numeric join to detector/capture clocks
20260913_s11_noact4,s11_runs,slave.log,c32b9c4d78b913ba4fb3f69231c5a116bf5a4f5d417bd8d360d9e06f7ef4a4e4,236,ptp4l[429.970]: port 2: master state recommended in slave only mode,429.970,2,master state recommended in slave only mode,ptp4l printed timestamp basis not established; no numeric join to detector/capture clocks
20260913_s11_noact4,s11_runs,slave.log,c32b9c4d78b913ba4fb3f69231c5a116bf5a4f5d417bd8d360d9e06f7ef4a4e4,237,ptp4l[429.972]: port 2: defaultDS.priority1 probably misconfigured,429.972,2,defaultDS.priority1 probably misconfigured,ptp4l printed timestamp basis not established; no numeric join to detector/capture clocks
20260913_s11_noact4,s11_runs,slave.log,c32b9c4d78b913ba4fb3f69231c5a116bf5a4f5d417bd8d360d9e06f7ef4a4e4,243,ptp4l[430.717]: port 2: master state recommended in slave only mode,430.717,2,master state recommended in slave only mode,ptp4l printed timestamp basis not established; no numeric join to detector/capture clocks
20260913_s11_noact4,s11_runs,slave.log,c32b9c4d78b913ba4fb3f69231c5a116bf5a4f5d417bd8d360d9e06f7ef4a4e4,244,ptp4l[430.718]: port 2: defaultDS.priority1 probably misconfigured,430.718,2,defaultDS.priority1 probably misconfigured,ptp4l printed timestamp basis not established; no numeric join to detector/capture clocks
20260913_s11_noact4,s11_runs,slave.log,c32b9c4d78b913ba4fb3f69231c5a116bf5a4f5d417bd8d360d9e06f7ef4a4e4,249,ptp4l[431.717]: port 2: master state recommended in slave only mode,431.717,2,master state recommended in slave only mode,ptp4l printed timestamp basis not established; no numeric join to detector/capture clocks
20260913_s11_noact4,s11_runs,slave.log,c32b9c4d78b913ba4fb3f69231c5a116bf5a4f5d417bd8d360d9e06f7ef4a4e4,250,ptp4l[431.718]: port 2: defaultDS.priority1 probably misconfigured,431.718,2,defaultDS.priority1 probably misconfigured,ptp4l printed timestamp basis not established; no numeric join to detector/capture clocks
20260913_s11_noact4,s11_runs,slave.log,c32b9c4d78b913ba4fb3f69231c5a116bf5a4f5d417bd8d360d9e06f7ef4a4e4,255,ptp4l[432.472]: port 2: master state recommended in slave only mode,432.472,2,master state recommended in slave only mode,ptp4l printed timestamp basis not established; no numeric join to detector/capture clocks
20260913_s11_noact4,s11_runs,slave.log,c32b9c4d78b913ba4fb3f69231c5a116bf5a4f5d417bd8d360d9e06f7ef4a4e4,256,ptp4l[432.474]: port 2: defaultDS.priority1 probably misconfigured,432.474,2,defaultDS.priority1 probably misconfigured,ptp4l printed timestamp basis not established; no numeric join to detector/capture clocks
20260913_s11_noact4,s11_runs,slave.log,c32b9c4d78b913ba4fb3f69231c5a116bf5a4f5d417bd8d360d9e06f7ef4a4e4,261,ptp4l[433.473]: port 2: master state recommended in slave only mode,433.473,2,master state recommended in slave only mode,ptp4l printed timestamp basis not established; no numeric join to detector/capture clocks
20260913_s11_noact4,s11_runs,slave.log,c32b9c4d78b913ba4fb3f69231c5a116bf5a4f5d417bd8d360d9e06f7ef4a4e4,262,ptp4l[433.475]: port 2: defaultDS.priority1 probably misconfigured,433.475,2,defaultDS.priority1 probably misconfigured,ptp4l printed timestamp basis not established; no numeric join to detector/capture clocks
20260913_s11_noact4,s11_runs,slave.log,c32b9c4d78b913ba4fb3f69231c5a116bf5a4f5d417bd8d360d9e06f7ef4a4e4,267,ptp4l[434.222]: port 2: master state recommended in slave only mode,434.222,2,master state recommended in slave only mode,ptp4l printed timestamp basis not established; no numeric join to detector/capture clocks
20260913_s11_noact4,s11_runs,slave.log,c32b9c4d78b913ba4fb3f69231c5a116bf5a4f5d417bd8d360d9e06f7ef4a4e4,268,ptp4l[434.224]: port 2: defaultDS.priority1 probably misconfigured,434.224,2,defaultDS.priority1 probably misconfigured,ptp4l printed timestamp basis not established; no numeric join to detector/capture clocks
20260913_s11_noact4,s11_runs,slave.log,c32b9c4d78b913ba4fb3f69231c5a116bf5a4f5d417bd8d360d9e06f7ef4a4e4,273,ptp4l[435.220]: port 2: master state recommended in slave only mode,435.220,2,master state recommended in slave only mode,ptp4l printed timestamp basis not established; no numeric join to detector/capture clocks
20260913_s11_noact4,s11_runs,slave.log,c32b9c4d78b913ba4fb3f69231c5a116bf5a4f5d417bd8d360d9e06f7ef4a4e4,274,ptp4l[435.221]: port 2: defaultDS.priority1 probably misconfigured,435.221,2,defaultDS.priority1 probably misconfigured,ptp4l printed timestamp basis not established; no numeric join to detector/capture clocks
20260913_s11_noact4,s11_runs,slave.log,c32b9c4d78b913ba4fb3f69231c5a116bf5a4f5d417bd8d360d9e06f7ef4a4e4,279,ptp4l[435.973]: port 2: master state recommended in slave only mode,435.973,2,master state recommended in slave only mode,ptp4l printed timestamp basis not established; no numeric join to detector/capture clocks
20260913_s11_noact4,s11_runs,slave.log,c32b9c4d78b913ba4fb3f69231c5a116bf5a4f5d417bd8d360d9e06f7ef4a4e4,280,ptp4l[435.975]: port 2: defaultDS.priority1 probably misconfigured,435.975,2,defaultDS.priority1 probably misconfigured,ptp4l printed timestamp basis not established; no numeric join to detector/capture clocks
20260913_s11_noact4,s11_runs,slave.log,c32b9c4d78b913ba4fb3f69231c5a116bf5a4f5d417bd8d360d9e06f7ef4a4e4,285,ptp4l[436.724]: port 2: master state recommended in slave only mode,436.724,2,master state recommended in slave only mode,ptp4l printed timestamp basis not established; no numeric join to detector/capture clocks
20260913_s11_noact4,s11_runs,slave.log,c32b9c4d78b913ba4fb3f69231c5a116bf5a4f5d417bd8d360d9e06f7ef4a4e4,286,ptp4l[436.727]: port 2: defaultDS.priority1 probably misconfigured,436.727,2,defaultDS.priority1 probably misconfigured,ptp4l printed timestamp basis not established; no numeric join to detector/capture clocks
20260913_s11_noact4,s11_runs,slave.log,c32b9c4d78b913ba4fb3f69231c5a116bf5a4f5d417bd8d360d9e06f7ef4a4e4,291,ptp4l[437.725]: port 2: master state recommended in slave only mode,437.725,2,master state recommended in slave only mode,ptp4l printed timestamp basis not established; no numeric join to detector/capture clocks
20260913_s11_noact4,s11_runs,slave.log,c32b9c4d78b913ba4fb3f69231c5a116bf5a4f5d417bd8d360d9e06f7ef4a4e4,292,ptp4l[437.727]: port 2: defaultDS.priority1 probably misconfigured,437.727,2,defaultDS.priority1 probably misconfigured,ptp4l printed timestamp basis not established; no numeric join to detector/capture clocks
20260913_s11_noact4,s11_runs,slave.log,c32b9c4d78b913ba4fb3f69231c5a116bf5a4f5d417bd8d360d9e06f7ef4a4e4,297,ptp4l[438.475]: port 2: master state recommended in slave only mode,438.475,2,master state recommended in slave only mode,ptp4l printed timestamp basis not established; no numeric join to detector/capture clocks
20260913_s11_noact4,s11_runs,slave.log,c32b9c4d78b913ba4fb3f69231c5a116bf5a4f5d417bd8d360d9e06f7ef4a4e4,298,ptp4l[438.477]: port 2: defaultDS.priority1 probably misconfigured,438.477,2,defaultDS.priority1 probably misconfigured,ptp4l printed timestamp basis not established; no numeric join to detector/capture clocks
20260913_s11_noact4,s11_runs,slave.log,c32b9c4d78b913ba4fb3f69231c5a116bf5a4f5d417bd8d360d9e06f7ef4a4e4,303,ptp4l[439.476]: port 2: master state recommended in slave only mode,439.476,2,master state recommended in slave only mode,ptp4l printed timestamp basis not established; no numeric join to detector/capture clocks
20260913_s11_noact4,s11_runs,slave.log,c32b9c4d78b913ba4fb3f69231c5a116bf5a4f5d417bd8d360d9e06f7ef4a4e4,304,ptp4l[439.478]: port 2: defaultDS.priority1 probably misconfigured,439.478,2,defaultDS.priority1 probably misconfigured,ptp4l printed timestamp basis not established; no numeric join to detector/capture clocks
20260913_s11_noact4,s11_runs,slave.log,c32b9c4d78b913ba4fb3f69231c5a116bf5a4f5d417bd8d360d9e06f7ef4a4e4,309,ptp4l[440.226]: port 2: master state recommended in slave only mode,440.226,2,master state recommended in slave only mode,ptp4l printed timestamp basis not established; no numeric join to detector/capture clocks
20260913_s11_noact4,s11_runs,slave.log,c32b9c4d78b913ba4fb3f69231c5a116bf5a4f5d417bd8d360d9e06f7ef4a4e4,310,ptp4l[440.228]: port 2: defaultDS.priority1 probably misconfigured,440.228,2,defaultDS.priority1 probably misconfigured,ptp4l printed timestamp basis not established; no numeric join to detector/capture clocks
20260913_s11_noact4,s11_runs,slave.log,c32b9c4d78b913ba4fb3f69231c5a116bf5a4f5d417bd8d360d9e06f7ef4a4e4,315,ptp4l[441.226]: port 2: master state recommended in slave only mode,441.226,2,master state recommended in slave only mode,ptp4l printed timestamp basis not established; no numeric join to detector/capture clocks
20260913_s11_noact4,s11_runs,slave.log,c32b9c4d78b913ba4fb3f69231c5a116bf5a4f5d417bd8d360d9e06f7ef4a4e4,316,ptp4l[441.228]: port 2: defaultDS.priority1 probably misconfigured,441.228,2,defaultDS.priority1 probably misconfigured,ptp4l printed timestamp basis not established; no numeric join to detector/capture clocks
20260913_s11_noact4,s11_runs,slave.log,c32b9c4d78b913ba4fb3f69231c5a116bf5a4f5d417bd8d360d9e06f7ef4a4e4,321,ptp4l[441.977]: port 2: master state recommended in slave only mode,441.977,2,master state recommended in slave only mode,ptp4l printed timestamp basis not established; no numeric join to detector/capture clocks
20260913_s11_noact4,s11_runs,slave.log,c32b9c4d78b913ba4fb3f69231c5a116bf5a4f5d417bd8d360d9e06f7ef4a4e4,322,ptp4l[441.979]: port 2: defaultDS.priority1 probably misconfigured,441.979,2,defaultDS.priority1 probably misconfigured,ptp4l printed timestamp basis not established; no numeric join to detector/capture clocks
20260913_s11_noact4,s11_runs,slave.log,c32b9c4d78b913ba4fb3f69231c5a116bf5a4f5d417bd8d360d9e06f7ef4a4e4,327,ptp4l[442.975]: port 2: master state recommended in slave only mode,442.975,2,master state recommended in slave only mode,ptp4l printed timestamp basis not established; no numeric join to detector/capture clocks
20260913_s11_noact4,s11_runs,slave.log,c32b9c4d78b913ba4fb3f69231c5a116bf5a4f5d417bd8d360d9e06f7ef4a4e4,328,ptp4l[442.976]: port 2: defaultDS.priority1 probably misconfigured,442.976,2,defaultDS.priority1 probably misconfigured,ptp4l printed timestamp basis not established; no numeric join to detector/capture clocks
20260913_s11_noact4,s11_runs,slave.log,c32b9c4d78b913ba4fb3f69231c5a116bf5a4f5d417bd8d360d9e06f7ef4a4e4,333,ptp4l[443.725]: port 2: master state recommended in slave only mode,443.725,2,master state recommended in slave only mode,ptp4l printed timestamp basis not established; no numeric join to detector/capture clocks
20260913_s11_noact4,s11_runs,slave.log,c32b9c4d78b913ba4fb3f69231c5a116bf5a4f5d417bd8d360d9e06f7ef4a4e4,334,ptp4l[443.726]: port 2: defaultDS.priority1 probably misconfigured,443.726,2,defaultDS.priority1 probably misconfigured,ptp4l printed timestamp basis not established; no numeric join to detector/capture clocks
20260913_s11_noact5,s11_runs,slave.log,f33311dad6699cc02d776bfea88828238729fb5292ec2ee5d3654dd85517f78e,1,ptp4l[494.020]: port 1: INITIALIZING to LISTENING on INIT_COMPLETE,494.020,1,INITIALIZING to LISTENING on INIT_COMPLETE,ptp4l printed timestamp basis not established; no numeric join to detector/capture clocks
20260913_s11_noact5,s11_runs,slave.log,f33311dad6699cc02d776bfea88828238729fb5292ec2ee5d3654dd85517f78e,2,ptp4l[494.044]: port 2: INITIALIZING to LISTENING on INIT_COMPLETE,494.044,2,INITIALIZING to LISTENING on INIT_COMPLETE,ptp4l printed timestamp basis not established; no numeric join to detector/capture clocks
20260913_s11_noact5,s11_runs,slave.log,f33311dad6699cc02d776bfea88828238729fb5292ec2ee5d3654dd85517f78e,3,ptp4l[494.045]: port 0: INITIALIZING to LISTENING on INIT_COMPLETE,494.045,0,INITIALIZING to LISTENING on INIT_COMPLETE,ptp4l printed timestamp basis not established; no numeric join to detector/capture clocks
20260913_s11_noact5,s11_runs,slave.log,f33311dad6699cc02d776bfea88828238729fb5292ec2ee5d3654dd85517f78e,4,ptp4l[494.861]: port 1: new foreign master d29c93.fffe.3b22d7-1,494.861,1,new foreign master d29c93.fffe.3b22d7-1,ptp4l printed timestamp basis not established; no numeric join to detector/capture clocks
20260913_s11_noact5,s11_runs,slave.log,f33311dad6699cc02d776bfea88828238729fb5292ec2ee5d3654dd85517f78e,5,ptp4l[494.887]: port 2: new foreign master 9a4e12.fffe.00c490-1,494.887,2,new foreign master 9a4e12.fffe.00c490-1,ptp4l printed timestamp basis not established; no numeric join to detector/capture clocks
20260913_s11_noact5,s11_runs,slave.log,f33311dad6699cc02d776bfea88828238729fb5292ec2ee5d3654dd85517f78e,10,ptp4l[495.363]: port 1: LISTENING to UNCALIBRATED on RS_SLAVE,495.363,1,LISTENING to UNCALIBRATED on RS_SLAVE,ptp4l printed timestamp basis not established; no numeric join to detector/capture clocks
20260913_s11_noact5,s11_runs,slave.log,f33311dad6699cc02d776bfea88828238729fb5292ec2ee5d3654dd85517f78e,13,ptp4l[495.390]: port 2: master state recommended in slave only mode,495.390,2,master state recommended in slave only mode,ptp4l printed timestamp basis not established; no numeric join to detector/capture clocks
20260913_s11_noact5,s11_runs,slave.log,f33311dad6699cc02d776bfea88828238729fb5292ec2ee5d3654dd85517f78e,14,ptp4l[495.391]: port 2: defaultDS.priority1 probably misconfigured,495.391,2,defaultDS.priority1 probably misconfigured,ptp4l printed timestamp basis not established; no numeric join to detector/capture clocks
20260913_s11_noact5,s11_runs,slave.log,f33311dad6699cc02d776bfea88828238729fb5292ec2ee5d3654dd85517f78e,19,ptp4l[496.392]: port 2: master state recommended in slave only mode,496.392,2,master state recommended in slave only mode,ptp4l printed timestamp basis not established; no numeric join to detector/capture clocks
20260913_s11_noact5,s11_runs,slave.log,f33311dad6699cc02d776bfea88828238729fb5292ec2ee5d3654dd85517f78e,20,ptp4l[496.393]: port 2: defaultDS.priority1 probably misconfigured,496.393,2,defaultDS.priority1 probably misconfigured,ptp4l printed timestamp basis not established; no numeric join to detector/capture clocks
20260913_s11_noact5,s11_runs,slave.log,f33311dad6699cc02d776bfea88828238729fb5292ec2ee5d3654dd85517f78e,25,ptp4l[497.147]: port 2: master state recommended in slave only mode,497.147,2,master state recommended in slave only mode,ptp4l printed timestamp basis not established; no numeric join to detector/capture clocks
20260913_s11_noact5,s11_runs,slave.log,f33311dad6699cc02d776bfea88828238729fb5292ec2ee5d3654dd85517f78e,26,ptp4l[497.149]: port 2: defaultDS.priority1 probably misconfigured,497.149,2,defaultDS.priority1 probably misconfigured,ptp4l printed timestamp basis not established; no numeric join to detector/capture clocks
20260913_s11_noact5,s11_runs,slave.log,f33311dad6699cc02d776bfea88828238729fb5292ec2ee5d3654dd85517f78e,31,ptp4l[498.148]: port 2: master state recommended in slave only mode,498.148,2,master state recommended in slave only mode,ptp4l printed timestamp basis not established; no numeric join to detector/capture clocks
20260913_s11_noact5,s11_runs,slave.log,f33311dad6699cc02d776bfea88828238729fb5292ec2ee5d3654dd85517f78e,32,ptp4l[498.151]: port 2: defaultDS.priority1 probably misconfigured,498.151,2,defaultDS.priority1 probably misconfigured,ptp4l printed timestamp basis not established; no numeric join to detector/capture clocks
20260913_s11_noact5,s11_runs,slave.log,f33311dad6699cc02d776bfea88828238729fb5292ec2ee5d3654dd85517f78e,37,ptp4l[498.895]: port 2: master state recommended in slave only mode,498.895,2,master state recommended in slave only mode,ptp4l printed timestamp basis not established; no numeric join to detector/capture clocks
20260913_s11_noact5,s11_runs,slave.log,f33311dad6699cc02d776bfea88828238729fb5292ec2ee5d3654dd85517f78e,38,ptp4l[498.896]: port 2: defaultDS.priority1 probably misconfigured,498.896,2,defaultDS.priority1 probably misconfigured,ptp4l printed timestamp basis not established; no numeric join to detector/capture clocks
20260913_s11_noact5,s11_runs,slave.log,f33311dad6699cc02d776bfea88828238729fb5292ec2ee5d3654dd85517f78e,43,ptp4l[499.897]: port 2: master state recommended in slave only mode,499.897,2,master state recommended in slave only mode,ptp4l printed timestamp basis not established; no numeric join to detector/capture clocks
20260913_s11_noact5,s11_runs,slave.log,f33311dad6699cc02d776bfea88828238729fb5292ec2ee5d3654dd85517f78e,44,ptp4l[499.897]: port 2: defaultDS.priority1 probably misconfigured,499.897,2,defaultDS.priority1 probably misconfigured,ptp4l printed timestamp basis not established; no numeric join to detector/capture clocks
20260913_s11_noact5,s11_runs,slave.log,f33311dad6699cc02d776bfea88828238729fb5292ec2ee5d3654dd85517f78e,49,ptp4l[500.647]: port 2: master state recommended in slave only mode,500.647,2,master state recommended in slave only mode,ptp4l printed timestamp basis not established; no numeric join to detector/capture clocks
20260913_s11_noact5,s11_runs,slave.log,f33311dad6699cc02d776bfea88828238729fb5292ec2ee5d3654dd85517f78e,50,ptp4l[500.647]: port 2: defaultDS.priority1 probably misconfigured,500.647,2,defaultDS.priority1 probably misconfigured,ptp4l printed timestamp basis not established; no numeric join to detector/capture clocks
20260913_s11_noact5,s11_runs,slave.log,f33311dad6699cc02d776bfea88828238729fb5292ec2ee5d3654dd85517f78e,55,ptp4l[501.648]: port 2: master state recommended in slave only mode,501.648,2,master state recommended in slave only mode,ptp4l printed timestamp basis not established; no numeric join to detector/capture clocks
20260913_s11_noact5,s11_runs,slave.log,f33311dad6699cc02d776bfea88828238729fb5292ec2ee5d3654dd85517f78e,56,ptp4l[501.648]: port 2: defaultDS.priority1 probably misconfigured,501.648,2,defaultDS.priority1 probably misconfigured,ptp4l printed timestamp basis not established; no numeric join to detector/capture clocks
20260913_s11_noact5,s11_runs,slave.log,f33311dad6699cc02d776bfea88828238729fb5292ec2ee5d3654dd85517f78e,61,ptp4l[502.652]: port 2: master state recommended in slave only mode,502.652,2,master state recommended in slave only mode,ptp4l printed timestamp basis not established; no numeric join to detector/capture clocks
20260913_s11_noact5,s11_runs,slave.log,f33311dad6699cc02d776bfea88828238729fb5292ec2ee5d3654dd85517f78e,62,ptp4l[502.654]: port 2: defaultDS.priority1 probably misconfigured,502.654,2,defaultDS.priority1 probably misconfigured,ptp4l printed timestamp basis not established; no numeric join to detector/capture clocks
20260913_s11_noact5,s11_runs,slave.log,f33311dad6699cc02d776bfea88828238729fb5292ec2ee5d3654dd85517f78e,67,ptp4l[503.403]: port 2: master state recommended in slave only mode,503.403,2,master state recommended in slave only mode,ptp4l printed timestamp basis not established; no numeric join to detector/capture clocks
20260913_s11_noact5,s11_runs,slave.log,f33311dad6699cc02d776bfea88828238729fb5292ec2ee5d3654dd85517f78e,68,ptp4l[503.405]: port 2: defaultDS.priority1 probably misconfigured,503.405,2,defaultDS.priority1 probably misconfigured,ptp4l printed timestamp basis not established; no numeric join to detector/capture clocks
20260913_s11_noact5,s11_runs,slave.log,f33311dad6699cc02d776bfea88828238729fb5292ec2ee5d3654dd85517f78e,73,ptp4l[504.400]: port 2: master state recommended in slave only mode,504.400,2,master state recommended in slave only mode,ptp4l printed timestamp basis not established; no numeric join to detector/capture clocks
20260913_s11_noact5,s11_runs,slave.log,f33311dad6699cc02d776bfea88828238729fb5292ec2ee5d3654dd85517f78e,74,ptp4l[504.400]: port 2: defaultDS.priority1 probably misconfigured,504.400,2,defaultDS.priority1 probably misconfigured,ptp4l printed timestamp basis not established; no numeric join to detector/capture clocks
20260913_s11_noact5,s11_runs,slave.log,f33311dad6699cc02d776bfea88828238729fb5292ec2ee5d3654dd85517f78e,79,ptp4l[505.150]: port 2: master state recommended in slave only mode,505.150,2,master state recommended in slave only mode,ptp4l printed timestamp basis not established; no numeric join to detector/capture clocks
20260913_s11_noact5,s11_runs,slave.log,f33311dad6699cc02d776bfea88828238729fb5292ec2ee5d3654dd85517f78e,80,ptp4l[505.151]: port 2: defaultDS.priority1 probably misconfigured,505.151,2,defaultDS.priority1 probably misconfigured,ptp4l printed timestamp basis not established; no numeric join to detector/capture clocks
20260913_s11_noact5,s11_runs,slave.log,f33311dad6699cc02d776bfea88828238729fb5292ec2ee5d3654dd85517f78e,85,ptp4l[506.151]: port 2: master state recommended in slave only mode,506.151,2,master state recommended in slave only mode,ptp4l printed timestamp basis not established; no numeric join to detector/capture clocks
20260913_s11_noact5,s11_runs,slave.log,f33311dad6699cc02d776bfea88828238729fb5292ec2ee5d3654dd85517f78e,86,ptp4l[506.152]: port 2: defaultDS.priority1 probably misconfigured,506.152,2,defaultDS.priority1 probably misconfigured,ptp4l printed timestamp basis not established; no numeric join to detector/capture clocks
20260913_s11_noact5,s11_runs,slave.log,f33311dad6699cc02d776bfea88828238729fb5292ec2ee5d3654dd85517f78e,91,ptp4l[506.906]: port 2: master state recommended in slave only mode,506.906,2,master state recommended in slave only mode,ptp4l printed timestamp basis not established; no numeric join to detector/capture clocks
20260913_s11_noact5,s11_runs,slave.log,f33311dad6699cc02d776bfea88828238729fb5292ec2ee5d3654dd85517f78e,92,ptp4l[506.908]: port 2: defaultDS.priority1 probably misconfigured,506.908,2,defaultDS.priority1 probably misconfigured,ptp4l printed timestamp basis not established; no numeric join to detector/capture clocks
20260913_s11_noact5,s11_runs,slave.log,f33311dad6699cc02d776bfea88828238729fb5292ec2ee5d3654dd85517f78e,97,ptp4l[507.907]: port 2: master state recommended in slave only mode,507.907,2,master state recommended in slave only mode,ptp4l printed timestamp basis not established; no numeric join to detector/capture clocks
20260913_s11_noact5,s11_runs,slave.log,f33311dad6699cc02d776bfea88828238729fb5292ec2ee5d3654dd85517f78e,98,ptp4l[507.909]: port 2: defaultDS.priority1 probably misconfigured,507.909,2,defaultDS.priority1 probably misconfigured,ptp4l printed timestamp basis not established; no numeric join to detector/capture clocks
20260913_s11_noact5,s11_runs,slave.log,f33311dad6699cc02d776bfea88828238729fb5292ec2ee5d3654dd85517f78e,103,ptp4l[508.654]: port 2: master state recommended in slave only mode,508.654,2,master state recommended in slave only mode,ptp4l printed timestamp basis not established; no numeric join to detector/capture clocks
20260913_s11_noact5,s11_runs,slave.log,f33311dad6699cc02d776bfea88828238729fb5292ec2ee5d3654dd85517f78e,104,ptp4l[508.655]: port 2: defaultDS.priority1 probably misconfigured,508.655,2,defaultDS.priority1 probably misconfigured,ptp4l printed timestamp basis not established; no numeric join to detector/capture clocks
20260913_s11_noact5,s11_runs,slave.log,f33311dad6699cc02d776bfea88828238729fb5292ec2ee5d3654dd85517f78e,109,ptp4l[509.408]: port 2: master state recommended in slave only mode,509.408,2,master state recommended in slave only mode,ptp4l printed timestamp basis not established; no numeric join to detector/capture clocks
20260913_s11_noact5,s11_runs,slave.log,f33311dad6699cc02d776bfea88828238729fb5292ec2ee5d3654dd85517f78e,110,ptp4l[509.410]: port 2: defaultDS.priority1 probably misconfigured,509.410,2,defaultDS.priority1 probably misconfigured,ptp4l printed timestamp basis not established; no numeric join to detector/capture clocks
20260913_s11_noact5,s11_runs,slave.log,f33311dad6699cc02d776bfea88828238729fb5292ec2ee5d3654dd85517f78e,115,ptp4l[510.408]: port 2: master state recommended in slave only mode,510.408,2,master state recommended in slave only mode,ptp4l printed timestamp basis not established; no numeric join to detector/capture clocks
20260913_s11_noact5,s11_runs,slave.log,f33311dad6699cc02d776bfea88828238729fb5292ec2ee5d3654dd85517f78e,116,ptp4l[510.411]: port 2: defaultDS.priority1 probably misconfigured,510.411,2,defaultDS.priority1 probably misconfigured,ptp4l printed timestamp basis not established; no numeric join to detector/capture clocks
20260913_s11_noact5,s11_runs,slave.log,f33311dad6699cc02d776bfea88828238729fb5292ec2ee5d3654dd85517f78e,121,ptp4l[511.407]: port 2: master state recommended in slave only mode,511.407,2,master state recommended in slave only mode,ptp4l printed timestamp basis not established; no numeric join to detector/capture clocks
20260913_s11_noact5,s11_runs,slave.log,f33311dad6699cc02d776bfea88828238729fb5292ec2ee5d3654dd85517f78e,122,ptp4l[511.408]: port 2: defaultDS.priority1 probably misconfigured,511.408,2,defaultDS.priority1 probably misconfigured,ptp4l printed timestamp basis not established; no numeric join to detector/capture clocks
20260913_s11_noact5,s11_runs,slave.log,f33311dad6699cc02d776bfea88828238729fb5292ec2ee5d3654dd85517f78e,128,ptp4l[512.160]: port 2: master state recommended in slave only mode,512.160,2,master state recommended in slave only mode,ptp4l printed timestamp basis not established; no numeric join to detector/capture clocks
20260913_s11_noact5,s11_runs,slave.log,f33311dad6699cc02d776bfea88828238729fb5292ec2ee5d3654dd85517f78e,129,ptp4l[512.162]: port 2: defaultDS.priority1 probably misconfigured,512.162,2,defaultDS.priority1 probably misconfigured,ptp4l printed timestamp basis not established; no numeric join to detector/capture clocks
20260913_s11_noact5,s11_runs,slave.log,f33311dad6699cc02d776bfea88828238729fb5292ec2ee5d3654dd85517f78e,134,ptp4l[513.161]: port 2: master state recommended in slave only mode,513.161,2,master state recommended in slave only mode,ptp4l printed timestamp basis not established; no numeric join to detector/capture clocks
20260913_s11_noact5,s11_runs,slave.log,f33311dad6699cc02d776bfea88828238729fb5292ec2ee5d3654dd85517f78e,135,ptp4l[513.163]: port 2: defaultDS.priority1 probably misconfigured,513.163,2,defaultDS.priority1 probably misconfigured,ptp4l printed timestamp basis not established; no numeric join to detector/capture clocks
20260913_s11_noact5,s11_runs,slave.log,f33311dad6699cc02d776bfea88828238729fb5292ec2ee5d3654dd85517f78e,140,ptp4l[514.161]: port 2: master state recommended in slave only mode,514.161,2,master state recommended in slave only mode,ptp4l printed timestamp basis not established; no numeric join to detector/capture clocks
20260913_s11_noact5,s11_runs,slave.log,f33311dad6699cc02d776bfea88828238729fb5292ec2ee5d3654dd85517f78e,141,ptp4l[514.162]: port 2: defaultDS.priority1 probably misconfigured,514.162,2,defaultDS.priority1 probably misconfigured,ptp4l printed timestamp basis not established; no numeric join to detector/capture clocks
20260913_s11_noact5,s11_runs,slave.log,f33311dad6699cc02d776bfea88828238729fb5292ec2ee5d3654dd85517f78e,146,ptp4l[515.163]: port 2: master state recommended in slave only mode,515.163,2,master state recommended in slave only mode,ptp4l printed timestamp basis not established; no numeric join to detector/capture clocks
20260913_s11_noact5,s11_runs,slave.log,f33311dad6699cc02d776bfea88828238729fb5292ec2ee5d3654dd85517f78e,147,ptp4l[515.166]: port 2: defaultDS.priority1 probably misconfigured,515.166,2,defaultDS.priority1 probably misconfigured,ptp4l printed timestamp basis not established; no numeric join to detector/capture clocks
20260913_s11_noact5,s11_runs,slave.log,f33311dad6699cc02d776bfea88828238729fb5292ec2ee5d3654dd85517f78e,152,ptp4l[515.909]: port 2: master state recommended in slave only mode,515.909,2,master state recommended in slave only mode,ptp4l printed timestamp basis not established; no numeric join to detector/capture clocks
20260913_s11_noact5,s11_runs,slave.log,f33311dad6699cc02d776bfea88828238729fb5292ec2ee5d3654dd85517f78e,153,ptp4l[515.910]: port 2: defaultDS.priority1 probably misconfigured,515.910,2,defaultDS.priority1 probably misconfigured,ptp4l printed timestamp basis not established; no numeric join to detector/capture clocks
20260913_s11_noact5,s11_runs,slave.log,f33311dad6699cc02d776bfea88828238729fb5292ec2ee5d3654dd85517f78e,158,ptp4l[516.911]: port 2: master state recommended in slave only mode,516.911,2,master state recommended in slave only mode,ptp4l printed timestamp basis not established; no numeric join to detector/capture clocks
20260913_s11_noact5,s11_runs,slave.log,f33311dad6699cc02d776bfea88828238729fb5292ec2ee5d3654dd85517f78e,159,ptp4l[516.911]: port 2: defaultDS.priority1 probably misconfigured,516.911,2,defaultDS.priority1 probably misconfigured,ptp4l printed timestamp basis not established; no numeric join to detector/capture clocks
20260913_s11_noact5,s11_runs,slave.log,f33311dad6699cc02d776bfea88828238729fb5292ec2ee5d3654dd85517f78e,164,ptp4l[517.661]: port 2: master state recommended in slave only mode,517.661,2,master state recommended in slave only mode,ptp4l printed timestamp basis not established; no numeric join to detector/capture clocks
20260913_s11_noact5,s11_runs,slave.log,f33311dad6699cc02d776bfea88828238729fb5292ec2ee5d3654dd85517f78e,165,ptp4l[517.661]: port 2: defaultDS.priority1 probably misconfigured,517.661,2,defaultDS.priority1 probably misconfigured,ptp4l printed timestamp basis not established; no numeric join to detector/capture clocks
20260913_s11_noact5,s11_runs,slave.log,f33311dad6699cc02d776bfea88828238729fb5292ec2ee5d3654dd85517f78e,170,ptp4l[518.661]: port 2: master state recommended in slave only mode,518.661,2,master state recommended in slave only mode,ptp4l printed timestamp basis not established; no numeric join to detector/capture clocks
20260913_s11_noact5,s11_runs,slave.log,f33311dad6699cc02d776bfea88828238729fb5292ec2ee5d3654dd85517f78e,171,ptp4l[518.662]: port 2: defaultDS.priority1 probably misconfigured,518.662,2,defaultDS.priority1 probably misconfigured,ptp4l printed timestamp basis not established; no numeric join to detector/capture clocks
20260913_s11_noact5,s11_runs,slave.log,f33311dad6699cc02d776bfea88828238729fb5292ec2ee5d3654dd85517f78e,176,ptp4l[519.662]: port 2: master state recommended in slave only mode,519.662,2,master state recommended in slave only mode,ptp4l printed timestamp basis not established; no numeric join to detector/capture clocks
20260913_s11_noact5,s11_runs,slave.log,f33311dad6699cc02d776bfea88828238729fb5292ec2ee5d3654dd85517f78e,177,ptp4l[519.663]: port 2: defaultDS.priority1 probably misconfigured,519.663,2,defaultDS.priority1 probably misconfigured,ptp4l printed timestamp basis not established; no numeric join to detector/capture clocks
20260913_s11_noact5,s11_runs,slave.log,f33311dad6699cc02d776bfea88828238729fb5292ec2ee5d3654dd85517f78e,182,ptp4l[520.417]: port 2: master state recommended in slave only mode,520.417,2,master state recommended in slave only mode,ptp4l printed timestamp basis not established; no numeric join to detector/capture clocks
20260913_s11_noact5,s11_runs,slave.log,f33311dad6699cc02d776bfea88828238729fb5292ec2ee5d3654dd85517f78e,183,ptp4l[520.419]: port 2: defaultDS.priority1 probably misconfigured,520.419,2,defaultDS.priority1 probably misconfigured,ptp4l printed timestamp basis not established; no numeric join to detector/capture clocks
20260913_s11_noact5,s11_runs,slave.log,f33311dad6699cc02d776bfea88828238729fb5292ec2ee5d3654dd85517f78e,188,ptp4l[521.417]: port 2: master state recommended in slave only mode,521.417,2,master state recommended in slave only mode,ptp4l printed timestamp basis not established; no numeric join to detector/capture clocks
20260913_s11_noact5,s11_runs,slave.log,f33311dad6699cc02d776bfea88828238729fb5292ec2ee5d3654dd85517f78e,189,ptp4l[521.419]: port 2: defaultDS.priority1 probably misconfigured,521.419,2,defaultDS.priority1 probably misconfigured,ptp4l printed timestamp basis not established; no numeric join to detector/capture clocks
20260913_s11_noact5,s11_runs,slave.log,f33311dad6699cc02d776bfea88828238729fb5292ec2ee5d3654dd85517f78e,194,ptp4l[522.414]: port 2: master state recommended in slave only mode,522.414,2,master state recommended in slave only mode,ptp4l printed timestamp basis not established; no numeric join to detector/capture clocks
20260913_s11_noact5,s11_runs,slave.log,f33311dad6699cc02d776bfea88828238729fb5292ec2ee5d3654dd85517f78e,195,ptp4l[522.415]: port 2: defaultDS.priority1 probably misconfigured,522.415,2,defaultDS.priority1 probably misconfigured,ptp4l printed timestamp basis not established; no numeric join to detector/capture clocks
20260913_s11_noact5,s11_runs,slave.log,f33311dad6699cc02d776bfea88828238729fb5292ec2ee5d3654dd85517f78e,200,ptp4l[523.165]: port 2: master state recommended in slave only mode,523.165,2,master state recommended in slave only mode,ptp4l printed timestamp basis not established; no numeric join to detector/capture clocks
20260913_s11_noact5,s11_runs,slave.log,f33311dad6699cc02d776bfea88828238729fb5292ec2ee5d3654dd85517f78e,201,ptp4l[523.168]: port 2: defaultDS.priority1 probably misconfigured,523.168,2,defaultDS.priority1 probably misconfigured,ptp4l printed timestamp basis not established; no numeric join to detector/capture clocks
20260913_s11_noact5,s11_runs,slave.log,f33311dad6699cc02d776bfea88828238729fb5292ec2ee5d3654dd85517f78e,206,ptp4l[524.165]: port 2: master state recommended in slave only mode,524.165,2,master state recommended in slave only mode,ptp4l printed timestamp basis not established; no numeric join to detector/capture clocks
20260913_s11_noact5,s11_runs,slave.log,f33311dad6699cc02d776bfea88828238729fb5292ec2ee5d3654dd85517f78e,207,ptp4l[524.166]: port 2: defaultDS.priority1 probably misconfigured,524.166,2,defaultDS.priority1 probably misconfigured,ptp4l printed timestamp basis not established; no numeric join to detector/capture clocks
20260913_s11_noact5,s11_runs,slave.log,f33311dad6699cc02d776bfea88828238729fb5292ec2ee5d3654dd85517f78e,212,ptp4l[524.919]: port 2: master state recommended in slave only mode,524.919,2,master state recommended in slave only mode,ptp4l printed timestamp basis not established; no numeric join to detector/capture clocks
20260913_s11_noact5,s11_runs,slave.log,f33311dad6699cc02d776bfea88828238729fb5292ec2ee5d3654dd85517f78e,213,ptp4l[524.921]: port 2: defaultDS.priority1 probably misconfigured,524.921,2,defaultDS.priority1 probably misconfigured,ptp4l printed timestamp basis not established; no numeric join to detector/capture clocks
20260913_s11_noact5,s11_runs,slave.log,f33311dad6699cc02d776bfea88828238729fb5292ec2ee5d3654dd85517f78e,218,ptp4l[525.920]: port 2: master state recommended in slave only mode,525.920,2,master state recommended in slave only mode,ptp4l printed timestamp basis not established; no numeric join to detector/capture clocks
20260913_s11_noact5,s11_runs,slave.log,f33311dad6699cc02d776bfea88828238729fb5292ec2ee5d3654dd85517f78e,219,ptp4l[525.922]: port 2: defaultDS.priority1 probably misconfigured,525.922,2,defaultDS.priority1 probably misconfigured,ptp4l printed timestamp basis not established; no numeric join to detector/capture clocks
20260913_s11_noact5,s11_runs,slave.log,f33311dad6699cc02d776bfea88828238729fb5292ec2ee5d3654dd85517f78e,224,ptp4l[526.921]: port 2: master state recommended in slave only mode,526.921,2,master state recommended in slave only mode,ptp4l printed timestamp basis not established; no numeric join to detector/capture clocks
20260913_s11_noact5,s11_runs,slave.log,f33311dad6699cc02d776bfea88828238729fb5292ec2ee5d3654dd85517f78e,225,ptp4l[526.923]: port 2: defaultDS.priority1 probably misconfigured,526.923,2,defaultDS.priority1 probably misconfigured,ptp4l printed timestamp basis not established; no numeric join to detector/capture clocks
20260913_s11_noact5,s11_runs,slave.log,f33311dad6699cc02d776bfea88828238729fb5292ec2ee5d3654dd85517f78e,231,ptp4l[527.669]: port 2: master state recommended in slave only mode,527.669,2,master state recommended in slave only mode,ptp4l printed timestamp basis not established; no numeric join to detector/capture clocks
20260913_s11_noact5,s11_runs,slave.log,f33311dad6699cc02d776bfea88828238729fb5292ec2ee5d3654dd85517f78e,232,ptp4l[527.671]: port 2: defaultDS.priority1 probably misconfigured,527.671,2,defaultDS.priority1 probably misconfigured,ptp4l printed timestamp basis not established; no numeric join to detector/capture clocks
20260913_s11_noact5,s11_runs,slave.log,f33311dad6699cc02d776bfea88828238729fb5292ec2ee5d3654dd85517f78e,237,ptp4l[528.672]: port 2: master state recommended in slave only mode,528.672,2,master state recommended in slave only mode,ptp4l printed timestamp basis not established; no numeric join to detector/capture clocks
20260913_s11_noact5,s11_runs,slave.log,f33311dad6699cc02d776bfea88828238729fb5292ec2ee5d3654dd85517f78e,238,ptp4l[528.674]: port 2: defaultDS.priority1 probably misconfigured,528.674,2,defaultDS.priority1 probably misconfigured,ptp4l printed timestamp basis not established; no numeric join to detector/capture clocks
20260913_s11_noact5,s11_runs,slave.log,f33311dad6699cc02d776bfea88828238729fb5292ec2ee5d3654dd85517f78e,243,ptp4l[529.673]: port 2: master state recommended in slave only mode,529.673,2,master state recommended in slave only mode,ptp4l printed timestamp basis not established; no numeric join to detector/capture clocks
20260913_s11_noact5,s11_runs,slave.log,f33311dad6699cc02d776bfea88828238729fb5292ec2ee5d3654dd85517f78e,244,ptp4l[529.675]: port 2: defaultDS.priority1 probably misconfigured,529.675,2,defaultDS.priority1 probably misconfigured,ptp4l printed timestamp basis not established; no numeric join to detector/capture clocks
20260913_s11_noact5,s11_runs,slave.log,f33311dad6699cc02d776bfea88828238729fb5292ec2ee5d3654dd85517f78e,249,ptp4l[530.423]: port 2: master state recommended in slave only mode,530.423,2,master state recommended in slave only mode,ptp4l printed timestamp basis not established; no numeric join to detector/capture clocks
20260913_s11_noact5,s11_runs,slave.log,f33311dad6699cc02d776bfea88828238729fb5292ec2ee5d3654dd85517f78e,250,ptp4l[530.426]: port 2: defaultDS.priority1 probably misconfigured,530.426,2,defaultDS.priority1 probably misconfigured,ptp4l printed timestamp basis not established; no numeric join to detector/capture clocks
20260913_s11_noact5,s11_runs,slave.log,f33311dad6699cc02d776bfea88828238729fb5292ec2ee5d3654dd85517f78e,255,ptp4l[531.425]: port 2: master state recommended in slave only mode,531.425,2,master state recommended in slave only mode,ptp4l printed timestamp basis not established; no numeric join to detector/capture clocks
20260913_s11_noact5,s11_runs,slave.log,f33311dad6699cc02d776bfea88828238729fb5292ec2ee5d3654dd85517f78e,256,ptp4l[531.427]: port 2: defaultDS.priority1 probably misconfigured,531.427,2,defaultDS.priority1 probably misconfigured,ptp4l printed timestamp basis not established; no numeric join to detector/capture clocks
20260913_s11_noact5,s11_runs,slave.log,f33311dad6699cc02d776bfea88828238729fb5292ec2ee5d3654dd85517f78e,261,ptp4l[532.175]: port 2: master state recommended in slave only mode,532.175,2,master state recommended in slave only mode,ptp4l printed timestamp basis not established; no numeric join to detector/capture clocks
20260913_s11_noact5,s11_runs,slave.log,f33311dad6699cc02d776bfea88828238729fb5292ec2ee5d3654dd85517f78e,262,ptp4l[532.177]: port 2: defaultDS.priority1 probably misconfigured,532.177,2,defaultDS.priority1 probably misconfigured,ptp4l printed timestamp basis not established; no numeric join to detector/capture clocks
20260913_s11_noact5,s11_runs,slave.log,f33311dad6699cc02d776bfea88828238729fb5292ec2ee5d3654dd85517f78e,267,ptp4l[533.173]: port 2: master state recommended in slave only mode,533.173,2,master state recommended in slave only mode,ptp4l printed timestamp basis not established; no numeric join to detector/capture clocks
20260913_s11_noact5,s11_runs,slave.log,f33311dad6699cc02d776bfea88828238729fb5292ec2ee5d3654dd85517f78e,268,ptp4l[533.175]: port 2: defaultDS.priority1 probably misconfigured,533.175,2,defaultDS.priority1 probably misconfigured,ptp4l printed timestamp basis not established; no numeric join to detector/capture clocks
20260913_s11_noact5,s11_runs,slave.log,f33311dad6699cc02d776bfea88828238729fb5292ec2ee5d3654dd85517f78e,273,ptp4l[533.926]: port 2: master state recommended in slave only mode,533.926,2,master state recommended in slave only mode,ptp4l printed timestamp basis not established; no numeric join to detector/capture clocks
20260913_s11_noact5,s11_runs,slave.log,f33311dad6699cc02d776bfea88828238729fb5292ec2ee5d3654dd85517f78e,274,ptp4l[533.928]: port 2: defaultDS.priority1 probably misconfigured,533.928,2,defaultDS.priority1 probably misconfigured,ptp4l printed timestamp basis not established; no numeric join to detector/capture clocks
20260913_s11_noact5,s11_runs,slave.log,f33311dad6699cc02d776bfea88828238729fb5292ec2ee5d3654dd85517f78e,279,ptp4l[534.923]: port 2: master state recommended in slave only mode,534.923,2,master state recommended in slave only mode,ptp4l printed timestamp basis not established; no numeric join to detector/capture clocks
20260913_s11_noact5,s11_runs,slave.log,f33311dad6699cc02d776bfea88828238729fb5292ec2ee5d3654dd85517f78e,280,ptp4l[534.924]: port 2: defaultDS.priority1 probably misconfigured,534.924,2,defaultDS.priority1 probably misconfigured,ptp4l printed timestamp basis not established; no numeric join to detector/capture clocks
20260913_s11_noact5,s11_runs,slave.log,f33311dad6699cc02d776bfea88828238729fb5292ec2ee5d3654dd85517f78e,285,ptp4l[535.674]: port 2: master state recommended in slave only mode,535.674,2,master state recommended in slave only mode,ptp4l printed timestamp basis not established; no numeric join to detector/capture clocks
20260913_s11_noact5,s11_runs,slave.log,f33311dad6699cc02d776bfea88828238729fb5292ec2ee5d3654dd85517f78e,286,ptp4l[535.675]: port 2: defaultDS.priority1 probably misconfigured,535.675,2,defaultDS.priority1 probably misconfigured,ptp4l printed timestamp basis not established; no numeric join to detector/capture clocks
20260913_s11_noact5,s11_runs,slave.log,f33311dad6699cc02d776bfea88828238729fb5292ec2ee5d3654dd85517f78e,291,ptp4l[536.677]: port 2: master state recommended in slave only mode,536.677,2,master state recommended in slave only mode,ptp4l printed timestamp basis not established; no numeric join to detector/capture clocks
20260913_s11_noact5,s11_runs,slave.log,f33311dad6699cc02d776bfea88828238729fb5292ec2ee5d3654dd85517f78e,292,ptp4l[536.680]: port 2: defaultDS.priority1 probably misconfigured,536.680,2,defaultDS.priority1 probably misconfigured,ptp4l printed timestamp basis not established; no numeric join to detector/capture clocks
20260913_s11_noact5,s11_runs,slave.log,f33311dad6699cc02d776bfea88828238729fb5292ec2ee5d3654dd85517f78e,297,ptp4l[537.678]: port 2: master state recommended in slave only mode,537.678,2,master state recommended in slave only mode,ptp4l printed timestamp basis not established; no numeric join to detector/capture clocks
20260913_s11_noact5,s11_runs,slave.log,f33311dad6699cc02d776bfea88828238729fb5292ec2ee5d3654dd85517f78e,298,ptp4l[537.681]: port 2: defaultDS.priority1 probably misconfigured,537.681,2,defaultDS.priority1 probably misconfigured,ptp4l printed timestamp basis not established; no numeric join to detector/capture clocks
20260913_s11_noact5,s11_runs,slave.log,f33311dad6699cc02d776bfea88828238729fb5292ec2ee5d3654dd85517f78e,303,ptp4l[538.429]: port 2: master state recommended in slave only mode,538.429,2,master state recommended in slave only mode,ptp4l printed timestamp basis not established; no numeric join to detector/capture clocks
20260913_s11_noact5,s11_runs,slave.log,f33311dad6699cc02d776bfea88828238729fb5292ec2ee5d3654dd85517f78e,304,ptp4l[538.432]: port 2: defaultDS.priority1 probably misconfigured,538.432,2,defaultDS.priority1 probably misconfigured,ptp4l printed timestamp basis not established; no numeric join to detector/capture clocks
20260913_s11_noact5,s11_runs,slave.log,f33311dad6699cc02d776bfea88828238729fb5292ec2ee5d3654dd85517f78e,309,ptp4l[539.179]: port 2: master state recommended in slave only mode,539.179,2,master state recommended in slave only mode,ptp4l printed timestamp basis not established; no numeric join to detector/capture clocks
20260913_s11_noact5,s11_runs,slave.log,f33311dad6699cc02d776bfea88828238729fb5292ec2ee5d3654dd85517f78e,310,ptp4l[539.182]: port 2: defaultDS.priority1 probably misconfigured,539.182,2,defaultDS.priority1 probably misconfigured,ptp4l printed timestamp basis not established; no numeric join to detector/capture clocks
20260913_s11_noact5,s11_runs,slave.log,f33311dad6699cc02d776bfea88828238729fb5292ec2ee5d3654dd85517f78e,315,ptp4l[540.176]: port 2: master state recommended in slave only mode,540.176,2,master state recommended in slave only mode,ptp4l printed timestamp basis not established; no numeric join to detector/capture clocks
20260913_s11_noact5,s11_runs,slave.log,f33311dad6699cc02d776bfea88828238729fb5292ec2ee5d3654dd85517f78e,316,ptp4l[540.177]: port 2: defaultDS.priority1 probably misconfigured,540.177,2,defaultDS.priority1 probably misconfigured,ptp4l printed timestamp basis not established; no numeric join to detector/capture clocks
20260913_s11_noact5,s11_runs,slave.log,f33311dad6699cc02d776bfea88828238729fb5292ec2ee5d3654dd85517f78e,321,ptp4l[540.930]: port 2: master state recommended in slave only mode,540.930,2,master state recommended in slave only mode,ptp4l printed timestamp basis not established; no numeric join to detector/capture clocks
20260913_s11_noact5,s11_runs,slave.log,f33311dad6699cc02d776bfea88828238729fb5292ec2ee5d3654dd85517f78e,322,ptp4l[540.933]: port 2: defaultDS.priority1 probably misconfigured,540.933,2,defaultDS.priority1 probably misconfigured,ptp4l printed timestamp basis not established; no numeric join to detector/capture clocks
