t_s,scenario,offset_ns,measured_offset_ns,path_delay_ns,pdv_ns,freq_error_ppb,synce_ql,ptp_seq_id,ptp_msg_type,msg_rate_hz,grandmaster_identity,grandmaster_priority1,grandmaster_clock_class,grandmaster_clock_accuracy,offset_scaled_log_variance,grandmaster_priority2,steps_removed,time_source,gnss_available,holdover,attack_flag,fault_flag,run_id,label,capture_id,attack_family
0.0,sync_followup_session,5757.0,5757.0,0.0,-1518186055.0,0.0,1,59311,Sync,1.0,unknown,128,248,254,65535,128,0,160,True,True,False,False,0,H0,sync_followup_session,sync_follow_up
0.009146,sync_followup_session,5757.0,5757.0,0.0,-1518186055.0,0.0,1,63746,Delay_Req,2.0,unknown,128,248,254,65535,128,0,160,True,True,False,False,0,H0,sync_followup_session,sync_follow_up
0.009351,sync_followup_session,-10002.0,-10002.0,15759.0,-1518170296.0,0.0,1,63746,Delay_Resp,3.0,unknown,128,248,254,65535,128,0,160,True,False,False,False,0,H0,sync_followup_session,sync_follow_up
0.063823,sync_followup_session,-10002.0,-10002.0,15759.0,-1518170296.0,0.0,1,62424,Announce,4.0,fcaf6afffe02babe,128,6,33,65535,120,2,32,True,False,False,False,0,H0,sync_followup_session,sync_follow_up
0.063853,sync_followup_session,3754.0,3754.0,15759.0,-1518170296.0,0.0,1,59312,Sync,5.0,fcaf6afffe02babe,128,6,33,65535,120,2,32,True,False,False,False,0,H0,sync_followup_session,sync_follow_up
0.089903,sync_followup_session,3754.0,3754.0,15759.0,-1518170296.0,0.0,1,63747,Delay_Req,6.0,fcaf6afffe02babe,128,6,33,65535,120,2,32,True,False,False,False,0,H0,sync_followup_session,sync_follow_up
0.090088,sync_followup_session,-3620.0,-3620.0,23133.0,-1518162922.0,0.0,1,63747,Delay_Resp,7.0,fcaf6afffe02babe,128,6,33,65535,120,2,32,True,False,False,False,0,H0,sync_followup_session,sync_follow_up
0.119975,sync_followup_session,-21180.0,-21180.0,23133.0,-1518162922.0,0.0,1,59313,Sync,8.0,fcaf6afffe02babe,128,6,33,65535,120,2,32,True,False,False,False,0,H0,sync_followup_session,sync_follow_up
0.182589,sync_followup_session,-21180.0,-21180.0,23133.0,-1518162922.0,0.0,1,63748,Delay_Req,9.0,fcaf6afffe02babe,128,6,33,65535,120,2,32,True,False,False,False,0,H0,sync_followup_session,sync_follow_up
0.182776,sync_followup_session,-8620.0,-8620.0,10573.0,-1518175482.0,0.0,1,63748,Delay_Resp,10.0,fcaf6afffe02babe,128,6,33,65535,120,2,32,True,False,False,False,0,H0,sync_followup_session,sync_follow_up
0.18404,sync_followup_session,-8620.0,-8620.0,10573.0,-1518175482.0,0.0,1,62425,Announce,11.0,fcaf6afffe02babe,128,6,33,65535,120,2,32,True,False,False,False,0,H0,sync_followup_session,sync_follow_up
0.184071,sync_followup_session,8908.0,8908.0,10573.0,-1518175482.0,0.0,1,59314,Sync,12.0,fcaf6afffe02babe,128,6,33,65535,120,2,32,True,False,False,False,0,H0,sync_followup_session,sync_follow_up
0.189768,sync_followup_session,8908.0,8908.0,10573.0,-1518175482.0,0.0,1,63749,Delay_Req,13.0,fcaf6afffe02babe,128,6,33,65535,120,2,32,True,False,False,False,0,H0,sync_followup_session,sync_follow_up
0.189952,sync_followup_session,-2966.0,-2966.0,22447.0,-1518163608.0,0.0,1,63749,Delay_Resp,14.0,fcaf6afffe02babe,128,6,33,65535,120,2,32,True,False,False,False,0,H0,sync_followup_session,sync_follow_up
0.247999,sync_followup_session,-20466.0,-20466.0,22447.0,-1518163608.0,0.0,1,59315,Sync,15.0,fcaf6afffe02babe,128,6,33,65535,120,2,32,True,False,False,False,0,H0,sync_followup_session,sync_follow_up
0.308944,sync_followup_session,-20466.0,-20466.0,22447.0,-1518163608.0,0.0,1,63750,Delay_Req,16.0,fcaf6afffe02babe,128,6,33,65535,120,2,32,True,False,False,False,0,H0,sync_followup_session,sync_follow_up
0.309179,sync_followup_session,-9204.0,-9204.0,11185.0,-1518174870.0,0.0,1,63750,Delay_Resp,17.0,fcaf6afffe02babe,128,6,33,65535,120,2,32,True,False,False,False,0,H0,sync_followup_session,sync_follow_up
0.312061,sync_followup_session,-9204.0,-9204.0,11185.0,-1518174870.0,0.0,1,62426,Announce,18.0,fcaf6afffe02babe,128,6,33,65535,120,2,32,True,False,False,False,0,H0,sync_followup_session,sync_follow_up
0.312092,sync_followup_session,7988.0,7988.0,11185.0,-1518174870.0,0.0,1,59316,Sync,19.0,fcaf6afffe02babe,128,6,33,65535,120,2,32,True,False,False,False,0,H0,sync_followup_session,sync_follow_up
0.344066,sync_followup_session,7988.0,7988.0,11185.0,-1518174870.0,0.0,1,63751,Delay_Req,20.0,fcaf6afffe02babe,128,6,33,65535,120,2,32,True,False,False,False,0,H0,sync_followup_session,sync_follow_up
0.34425,sync_followup_session,-566.0,-566.0,19739.0,-1518166316.0,0.0,1,63751,Delay_Resp,21.0,fcaf6afffe02babe,128,6,33,65535,120,2,32,True,False,False,False,0,H0,sync_followup_session,sync_follow_up
0.375978,sync_followup_session,-18338.0,-18338.0,19739.0,-1518166316.0,0.0,1,59317,Sync,22.0,fcaf6afffe02babe,128,6,33,65535,120,2,32,True,False,False,False,0,H0,sync_followup_session,sync_follow_up
0.40657,sync_followup_session,-18338.0,-18338.0,19739.0,-1518166316.0,0.0,1,63752,Delay_Req,23.0,fcaf6afffe02babe,128,6,33,65535,120,2,32,True,False,False,False,0,H0,sync_followup_session,sync_follow_up
0.406803,sync_followup_session,-10646.0,-10646.0,12047.0,-1518174008.0,0.0,1,63752,Delay_Resp,24.0,fcaf6afffe02babe,128,6,33,65535,120,2,32,True,False,False,False,0,H0,sync_followup_session,sync_follow_up
0.432067,sync_followup_session,-10646.0,-10646.0,12047.0,-1518174008.0,0.0,1,62427,Announce,25.0,fcaf6afffe02babe,128,6,33,65535,120,2,32,True,False,False,False,0,H0,sync_followup_session,sync_follow_up
0.432098,sync_followup_session,7538.0,7538.0,12047.0,-1518174008.0,0.0,1,59318,Sync,26.0,fcaf6afffe02babe,128,6,33,65535,120,2,32,True,False,False,False,0,H0,sync_followup_session,sync_follow_up
0.495018,sync_followup_session,7538.0,7538.0,12047.0,-1518174008.0,0.0,1,63753,Delay_Req,27.0,fcaf6afffe02babe,128,6,33,65535,120,2,32,True,False,False,False,0,H0,sync_followup_session,sync_follow_up
0.495242,sync_followup_session,-1700.0,-1700.0,21285.0,-1518164770.0,0.0,1,63753,Delay_Resp,28.0,fcaf6afffe02babe,128,6,33,65535,120,2,32,True,False,False,False,0,H0,sync_followup_session,sync_follow_up
0.495932,sync_followup_session,-19436.0,-19436.0,21285.0,-1518164770.0,0.0,1,59319,Sync,29.0,fcaf6afffe02babe,128,6,33,65535,120,2,32,True,False,False,False,0,H0,sync_followup_session,sync_follow_up
0.560084,sync_followup_session,-19436.0,-19436.0,21285.0,-1518164770.0,0.0,1,62428,Announce,30.0,fcaf6afffe02babe,128,6,33,65535,120,2,32,True,False,False,False,0,H0,sync_followup_session,sync_follow_up
0.56011,sync_followup_session,-19684.0,-19684.0,21285.0,-1518164770.0,0.0,1,59320,Sync,31.0,fcaf6afffe02babe,128,6,33,65535,120,2,32,True,False,False,False,0,H0,sync_followup_session,sync_follow_up
0.574562,sync_followup_session,-19684.0,-19684.0,21285.0,-1518164770.0,0.0,1,63754,Delay_Req,32.0,fcaf6afffe02babe,128,6,33,65535,120,2,32,True,False,False,False,0,H0,sync_followup_session,sync_follow_up
0.574778,sync_followup_session,-10068.0,-10068.0,11669.0,-1518174386.0,0.0,1,63754,Delay_Resp,33.0,fcaf6afffe02babe,128,6,33,65535,120,2,32,True,False,False,False,0,H0,sync_followup_session,sync_follow_up
0.623922,sync_followup_session,-9544.0,-9544.0,11669.0,-1518174386.0,0.0,1,59321,Sync,34.0,fcaf6afffe02babe,128,6,33,65535,120,2,32,True,False,False,False,0,H0,sync_followup_session,sync_follow_up
0.687584,sync_followup_session,-9544.0,-9544.0,11669.0,-1518174386.0,0.0,1,63755,Delay_Req,35.0,fcaf6afffe02babe,128,6,33,65535,120,2,32,True,False,False,False,0,H0,sync_followup_session,sync_follow_up
0.687872,sync_followup_session,-10524.0,-10524.0,12649.0,-1518173406.0,0.0,1,63755,Delay_Resp,36.0,fcaf6afffe02babe,128,6,33,65535,120,2,32,True,False,False,False,0,H0,sync_followup_session,sync_follow_up
0.688606,sync_followup_session,-10524.0,-10524.0,12649.0,-1518173406.0,0.0,1,62429,Announce,37.0,fcaf6afffe02babe,128,6,33,65535,120,2,32,True,False,False,False,0,H0,sync_followup_session,sync_follow_up
0.688647,sync_followup_session,-10120.0,-10120.0,12649.0,-1518173406.0,0.0,1,59322,Sync,38.0,fcaf6afffe02babe,128,6,33,65535,120,2,32,True,False,False,False,0,H0,sync_followup_session,sync_follow_up
0.744255,sync_followup_session,-11240.0,-11240.0,12649.0,-1518173406.0,0.0,1,59323,Sync,39.0,fcaf6afffe02babe,128,6,33,65535,120,2,32,True,False,False,False,0,H0,sync_followup_session,sync_follow_up
0.775964,sync_followup_session,-11240.0,-11240.0,12649.0,-1518173406.0,0.0,1,63756,Delay_Req,40.0,fcaf6afffe02babe,128,6,33,65535,120,2,32,True,False,False,False,0,H0,sync_followup_session,sync_follow_up
0.776263,sync_followup_session,-9278.0,-9278.0,10687.0,-1518175368.0,0.0,1,63756,Delay_Resp,41.0,fcaf6afffe02babe,128,6,33,65535,120,2,32,True,False,False,False,0,H0,sync_followup_session,sync_follow_up
0.803556,sync_followup_session,-9278.0,-9278.0,10687.0,-1518175368.0,0.0,1,63757,Delay_Req,42.0,fcaf6afffe02babe,128,6,33,65535,120,2,32,True,False,False,False,0,H0,sync_followup_session,sync_follow_up
0.803769,sync_followup_session,-10042.0,-10042.0,11451.0,-1518174604.0,0.0,1,63757,Delay_Resp,43.0,fcaf6afffe02babe,128,6,33,65535,120,2,32,True,False,False,False,0,H0,sync_followup_session,sync_follow_up
0.808741,sync_followup_session,-10042.0,-10042.0,11451.0,-1518174604.0,0.0,1,62430,Announce,44.0,fcaf6afffe02babe,128,6,33,65535,120,2,32,True,False,False,False,0,H0,sync_followup_session,sync_follow_up
0.808796,sync_followup_session,-9454.0,-9454.0,11451.0,-1518174604.0,0.0,1,59324,Sync,45.0,fcaf6afffe02babe,128,6,33,65535,120,2,32,True,False,False,False,0,H0,sync_followup_session,sync_follow_up
0.872266,sync_followup_session,-9282.0,-9282.0,11451.0,-1518174604.0,0.0,1,59325,Sync,46.0,fcaf6afffe02babe,128,6,33,65535,120,2,32,True,False,False,False,0,H0,sync_followup_session,sync_follow_up
0.921861,sync_followup_session,-9282.0,-9282.0,11451.0,-1518174604.0,0.0,1,63758,Delay_Req,47.0,fcaf6afffe02babe,128,6,33,65535,120,2,32,True,False,False,False,0,H0,sync_followup_session,sync_follow_up
0.922057,sync_followup_session,-10132.0,-10132.0,12301.0,-1518173754.0,0.0,1,63758,Delay_Resp,48.0,fcaf6afffe02babe,128,6,33,65535,120,2,32,True,False,False,False,0,H0,sync_followup_session,sync_follow_up
0.936754,sync_followup_session,-10132.0,-10132.0,12301.0,-1518173754.0,0.0,1,62431,Announce,49.0,fcaf6afffe02babe,128,6,33,65535,120,2,32,True,False,False,False,0,H0,sync_followup_session,sync_follow_up
0.936808,sync_followup_session,-10508.0,-10508.0,12301.0,-1518173754.0,0.0,1,59326,Sync,50.0,fcaf6afffe02babe,128,6,33,65535,120,2,32,True,False,False,False,0,H0,sync_followup_session,sync_follow_up
0.999987,sync_followup_session,-10244.0,-10244.0,12301.0,-1518173754.0,0.0,1,59327,Sync,51.0,fcaf6afffe02babe,128,6,33,65535,120,2,32,True,False,False,False,0,H0,sync_followup_session,sync_follow_up
1.036184,sync_followup_session,-10244.0,-10244.0,12301.0,-1518173754.0,0.0,1,63759,Delay_Req,49.0,fcaf6afffe02babe,128,6,33,65535,120,2,32,True,False,False,False,0,H0,sync_followup_session,sync_follow_up
1.036386,sync_followup_session,-10186.0,-10186.0,12243.0,-1518173812.0,0.0,1,63759,Delay_Resp,50.0,fcaf6afffe02babe,128,6,33,65535,120,2,32,True,False,False,False,0,H0,sync_followup_session,sync_follow_up
1.063951,sync_followup_session,-10186.0,-10186.0,12243.0,-1518173812.0,0.0,1,62432,Announce,49.0,fcaf6afffe02babe,128,6,33,65535,120,2,32,True,False,False,False,0,H0,sync_followup_session,sync_follow_up
1.063976,sync_followup_session,-10086.0,-10086.0,12243.0,-1518173812.0,0.0,1,59328,Sync,50.0,fcaf6afffe02babe,128,6,33,65535,120,2,32,True,False,False,False,0,H0,sync_followup_session,sync_follow_up
1.111937,sync_followup_session,-10086.0,-10086.0,12243.0,-1518173812.0,0.0,1,63760,Delay_Req,49.0,fcaf6afffe02babe,128,6,33,65535,120,2,32,True,False,False,False,0,H0,sync_followup_session,sync_follow_up
1.112177,sync_followup_session,-10396.0,-10396.0,12553.0,-1518173502.0,0.0,1,63760,Delay_Resp,50.0,fcaf6afffe02babe,128,6,33,65535,120,2,32,True,False,False,False,0,H0,sync_followup_session,sync_follow_up
1.119955,sync_followup_session,-10888.0,-10888.0,12553.0,-1518173502.0,0.0,1,59329,Sync,51.0,fcaf6afffe02babe,128,6,33,65535,120,2,32,True,False,False,False,0,H0,sync_followup_session,sync_follow_up
1.14189,sync_followup_session,-10888.0,-10888.0,12553.0,-1518173502.0,0.0,1,63761,Delay_Req,51.0,fcaf6afffe02babe,128,6,33,65535,120,2,32,True,False,False,False,0,H0,sync_followup_session,sync_follow_up
1.142087,sync_followup_session,-10780.0,-10780.0,12445.0,-1518173610.0,0.0,1,63761,Delay_Resp,52.0,fcaf6afffe02babe,128,6,33,65535,120,2,32,True,False,False,False,0,H0,sync_followup_session,sync_follow_up
1.163222,sync_followup_session,-10780.0,-10780.0,12445.0,-1518173610.0,0.0,1,63762,Delay_Req,53.0,fcaf6afffe02babe,128,6,33,65535,120,2,32,True,False,False,False,0,H0,sync_followup_session,sync_follow_up
1.16339,sync_followup_session,-12224.0,-12224.0,13889.0,-1518172166.0,0.0,1,63762,Delay_Resp,54.0,fcaf6afffe02babe,128,6,33,65535,120,2,32,True,False,False,False,0,H0,sync_followup_session,sync_follow_up
1.175739,sync_followup_session,-12224.0,-12224.0,13889.0,-1518172166.0,0.0,1,63763,Delay_Req,55.0,fcaf6afffe02babe,128,6,33,65535,120,2,32,True,False,False,False,0,H0,sync_followup_session,sync_follow_up
1.175978,sync_followup_session,-10870.0,-10870.0,12535.0,-1518173520.0,0.0,1,63763,Delay_Resp,56.0,fcaf6afffe02babe,128,6,33,65535,120,2,32,True,False,False,False,0,H0,sync_followup_session,sync_follow_up
1.184131,sync_followup_session,-10870.0,-10870.0,12535.0,-1518173520.0,0.0,1,62433,Announce,53.0,fcaf6afffe02babe,128,6,33,65535,120,2,32,True,False,False,False,0,H0,sync_followup_session,sync_follow_up
1.184161,sync_followup_session,6046.0,6046.0,12535.0,-1518173520.0,0.0,1,59330,Sync,54.0,fcaf6afffe02babe,128,6,33,65535,120,2,32,True,False,False,False,0,H0,sync_followup_session,sync_follow_up
1.234849,sync_followup_session,6046.0,6046.0,12535.0,-1518173520.0,0.0,1,63764,Delay_Req,53.0,fcaf6afffe02babe,128,6,33,65535,120,2,32,True,False,False,False,0,H0,sync_followup_session,sync_follow_up
1.235081,sync_followup_session,-3076.0,-3076.0,21657.0,-1518164398.0,0.0,1,63764,Delay_Resp,54.0,fcaf6afffe02babe,128,6,33,65535,120,2,32,True,False,False,False,0,H0,sync_followup_session,sync_follow_up
1.247928,sync_followup_session,-17728.0,-17728.0,21657.0,-1518164398.0,0.0,1,59331,Sync,55.0,fcaf6afffe02babe,128,6,33,65535,120,2,32,True,False,False,False,0,H0,sync_followup_session,sync_follow_up
1.30967,sync_followup_session,-17728.0,-17728.0,21657.0,-1518164398.0,0.0,1,63765,Delay_Req,53.0,fcaf6afffe02babe,128,6,33,65535,120,2,32,True,False,False,False,0,H0,sync_followup_session,sync_follow_up
1.309869,sync_followup_session,-7526.0,-7526.0,11455.0,-1518174600.0,0.0,1,63765,Delay_Resp,54.0,fcaf6afffe02babe,128,6,33,65535,120,2,32,True,False,False,False,0,H0,sync_followup_session,sync_follow_up
1.312034,sync_followup_session,-7526.0,-7526.0,11455.0,-1518174600.0,0.0,1,62434,Announce,55.0,fcaf6afffe02babe,128,6,33,65535,120,2,32,True,False,False,False,0,H0,sync_followup_session,sync_follow_up
1.312064,sync_followup_session,7698.0,7698.0,11455.0,-1518174600.0,0.0,1,59332,Sync,55.0,fcaf6afffe02babe,128,6,33,65535,120,2,32,True,False,False,False,0,H0,sync_followup_session,sync_follow_up
1.320931,sync_followup_session,7698.0,7698.0,11455.0,-1518174600.0,0.0,1,63766,Delay_Req,55.0,fcaf6afffe02babe,128,6,33,65535,120,2,32,True,False,False,False,0,H0,sync_followup_session,sync_follow_up
1.321102,sync_followup_session,-838.0,-838.0,19991.0,-1518166064.0,0.0,1,63766,Delay_Resp,56.0,fcaf6afffe02babe,128,6,33,65535,120,2,32,True,False,False,False,0,H0,sync_followup_session,sync_follow_up
1.351503,sync_followup_session,-838.0,-838.0,19991.0,-1518166064.0,0.0,1,63767,Delay_Req,55.0,fcaf6afffe02babe,128,6,33,65535,120,2,32,True,False,False,False,0,H0,sync_followup_session,sync_follow_up
1.351709,sync_followup_session,-412.0,-412.0,19565.0,-1518166490.0,0.0,1,63767,Delay_Resp,56.0,fcaf6afffe02babe,128,6,33,65535,120,2,32,True,False,False,False,0,H0,sync_followup_session,sync_follow_up
1.375952,sync_followup_session,-17496.0,-17496.0,19565.0,-1518166490.0,0.0,1,59333,Sync,57.0,fcaf6afffe02babe,128,6,33,65535,120,2,32,True,False,False,False,0,H0,sync_followup_session,sync_follow_up
1.417959,sync_followup_session,-17496.0,-17496.0,19565.0,-1518166490.0,0.0,1,63768,Delay_Req,55.0,fcaf6afffe02babe,128,6,33,65535,120,2,32,True,False,False,False,0,H0,sync_followup_session,sync_follow_up
1.418106,sync_followup_session,-9552.0,-9552.0,11621.0,-1518174434.0,0.0,1,63768,Delay_Resp,56.0,fcaf6afffe02babe,128,6,33,65535,120,2,32,True,False,False,False,0,H0,sync_followup_session,sync_follow_up
1.432092,sync_followup_session,-9552.0,-9552.0,11621.0,-1518174434.0,0.0,1,62435,Announce,56.0,fcaf6afffe02babe,128,6,33,65535,120,2,32,True,False,False,False,0,H0,sync_followup_session,sync_follow_up
1.432122,sync_followup_session,7316.0,7316.0,11621.0,-1518174434.0,0.0,1,59334,Sync,56.0,fcaf6afffe02babe,128,6,33,65535,120,2,32,True,False,False,False,0,H0,sync_followup_session,sync_follow_up
1.438639,sync_followup_session,7316.0,7316.0,11621.0,-1518174434.0,0.0,1,63769,Delay_Req,57.0,fcaf6afffe02babe,128,6,33,65535,120,2,32,True,False,False,False,0,H0,sync_followup_session,sync_follow_up
1.438838,sync_followup_session,-2240.0,-2240.0,21177.0,-1518164878.0,0.0,1,63769,Delay_Resp,58.0,fcaf6afffe02babe,128,6,33,65535,120,2,32,True,False,False,False,0,H0,sync_followup_session,sync_follow_up
1.440649,sync_followup_session,-2240.0,-2240.0,21177.0,-1518164878.0,0.0,1,63770,Delay_Req,59.0,fcaf6afffe02babe,128,6,33,65535,120,2,32,True,False,False,False,0,H0,sync_followup_session,sync_follow_up
1.440848,sync_followup_session,-3370.0,-3370.0,22307.0,-1518163748.0,0.0,1,63770,Delay_Resp,60.0,fcaf6afffe02babe,128,6,33,65535,120,2,32,True,False,False,False,0,H0,sync_followup_session,sync_follow_up
1.4555,sync_followup_session,-3370.0,-3370.0,22307.0,-1518163748.0,0.0,1,63771,Delay_Req,61.0,fcaf6afffe02babe,128,6,33,65535,120,2,32,True,False,False,False,0,H0,sync_followup_session,sync_follow_up
1.455654,sync_followup_session,-1100.0,-1100.0,20037.0,-1518166018.0,0.0,1,63771,Delay_Resp,62.0,fcaf6afffe02babe,128,6,33,65535,120,2,32,True,False,False,False,0,H0,sync_followup_session,sync_follow_up
1.496022,sync_followup_session,-17620.0,-17620.0,20037.0,-1518166018.0,0.0,1,59335,Sync,60.0,fcaf6afffe02babe,128,6,33,65535,120,2,32,True,False,False,False,0,H0,sync_followup_session,sync_follow_up
1.528361,sync_followup_session,-17620.0,-17620.0,20037.0,-1518166018.0,0.0,1,63772,Delay_Req,61.0,fcaf6afffe02babe,128,6,33,65535,120,2,32,True,False,False,False,0,H0,sync_followup_session,sync_follow_up
1.528584,sync_followup_session,-8986.0,-8986.0,11403.0,-1518174652.0,0.0,1,63772,Delay_Resp,62.0,fcaf6afffe02babe,128,6,33,65535,120,2,32,True,False,False,False,0,H0,sync_followup_session,sync_follow_up
1.560274,sync_followup_session,-8986.0,-8986.0,11403.0,-1518174652.0,0.0,1,62436,Announce,61.0,fcaf6afffe02babe,128,6,33,65535,120,2,32,True,False,False,False,0,H0,sync_followup_session,sync_follow_up
1.560311,sync_followup_session,-9802.0,-9802.0,11403.0,-1518174652.0,0.0,1,59336,Sync,62.0,fcaf6afffe02babe,128,6,33,65535,120,2,32,True,False,False,False,0,H0,sync_followup_session,sync_follow_up
1.56652,sync_followup_session,-9802.0,-9802.0,11403.0,-1518174652.0,0.0,1,63773,Delay_Req,63.0,fcaf6afffe02babe,128,6,33,65535,120,2,32,True,False,False,False,0,H0,sync_followup_session,sync_follow_up
1.566736,sync_followup_session,-11722.0,-11722.0,13323.0,-1518172732.0,0.0,1,63773,Delay_Resp,64.0,fcaf6afffe02babe,128,6,33,65535,120,2,32,True,False,False,False,0,H0,sync_followup_session,sync_follow_up
1.602821,sync_followup_session,-11722.0,-11722.0,13323.0,-1518172732.0,0.0,1,63774,Delay_Req,63.0,fcaf6afffe02babe,128,6,33,65535,120,2,32,True,False,False,False,0,H0,sync_followup_session,sync_follow_up
1.603052,sync_followup_session,-11292.0,-11292.0,12893.0,-1518173162.0,0.0,1,63774,Delay_Resp,64.0,fcaf6afffe02babe,128,6,33,65535,120,2,32,True,False,False,False,0,H0,sync_followup_session,sync_follow_up
1.624025,sync_followup_session,-11340.0,-11340.0,12893.0,-1518173162.0,0.0,1,59337,Sync,64.0,fcaf6afffe02babe,128,6,33,65535,120,2,32,True,False,False,False,0,H0,sync_followup_session,sync_follow_up
1.669105,sync_followup_session,-11340.0,-11340.0,12893.0,-1518173162.0,0.0,1,63775,Delay_Req,65.0,fcaf6afffe02babe,128,6,33,65535,120,2,32,True,False,False,False,0,H0,sync_followup_session,sync_follow_up
1.669305,sync_followup_session,-11926.0,-11926.0,13479.0,-1518172576.0,0.0,1,63775,Delay_Resp,66.0,fcaf6afffe02babe,128,6,33,65535,120,2,32,True,False,False,False,0,H0,sync_followup_session,sync_follow_up
1.688132,sync_followup_session,-11926.0,-11926.0,13479.0,-1518172576.0,0.0,1,62437,Announce,65.0,fcaf6afffe02babe,128,6,33,65535,120,2,32,True,False,False,False,0,H0,sync_followup_session,sync_follow_up
1.68817,sync_followup_session,-11666.0,-11666.0,13479.0,-1518172576.0,0.0,1,59338,Sync,66.0,fcaf6afffe02babe,128,6,33,65535,120,2,32,True,False,False,False,0,H0,sync_followup_session,sync_follow_up
1.700992,sync_followup_session,-11666.0,-11666.0,13479.0,-1518172576.0,0.0,1,63776,Delay_Req,65.0,fcaf6afffe02babe,128,6,33,65535,120,2,32,True,False,False,False,0,H0,sync_followup_session,sync_follow_up
1.70119,sync_followup_session,-10932.0,-10932.0,12745.0,-1518173310.0,0.0,1,63776,Delay_Resp,66.0,fcaf6afffe02babe,128,6,33,65535,120,2,32,True,False,False,False,0,H0,sync_followup_session,sync_follow_up
1.744086,sync_followup_session,-10476.0,-10476.0,12745.0,-1518173310.0,0.0,1,59339,Sync,67.0,fcaf6afffe02babe,128,6,33,65535,120,2,32,True,False,False,False,0,H0,sync_followup_session,sync_follow_up
1.755291,sync_followup_session,-10476.0,-10476.0,12745.0,-1518173310.0,0.0,1,63777,Delay_Req,67.0,fcaf6afffe02babe,128,6,33,65535,120,2,32,True,False,False,False,0,H0,sync_followup_session,sync_follow_up
1.755491,sync_followup_session,-10774.0,-10774.0,13043.0,-1518173012.0,0.0,1,63777,Delay_Resp,68.0,fcaf6afffe02babe,128,6,33,65535,120,2,32,True,False,False,False,0,H0,sync_followup_session,sync_follow_up
1.808202,sync_followup_session,-10774.0,-10774.0,13043.0,-1518173012.0,0.0,1,62438,Announce,65.0,fcaf6afffe02babe,128,6,33,65535,120,2,32,True,False,False,False,0,H0,sync_followup_session,sync_follow_up
1.808227,sync_followup_session,-10946.0,-10946.0,13043.0,-1518173012.0,0.0,1,59340,Sync,66.0,fcaf6afffe02babe,128,6,33,65535,120,2,32,True,False,False,False,0,H0,sync_followup_session,sync_follow_up
1.872203,sync_followup_session,-11522.0,-11522.0,13043.0,-1518173012.0,0.0,1,59341,Sync,65.0,fcaf6afffe02babe,128,6,33,65535,120,2,32,True,False,False,False,0,H0,sync_followup_session,sync_follow_up
1.87555,sync_followup_session,-11522.0,-11522.0,13043.0,-1518173012.0,0.0,1,63778,Delay_Req,65.0,fcaf6afffe02babe,128,6,33,65535,120,2,32,True,False,False,False,0,H0,sync_followup_session,sync_follow_up
1.875786,sync_followup_session,-9798.0,-9798.0,11319.0,-1518174736.0,0.0,1,63778,Delay_Resp,66.0,fcaf6afffe02babe,128,6,33,65535,120,2,32,True,False,False,False,0,H0,sync_followup_session,sync_follow_up
1.936203,sync_followup_session,-9798.0,-9798.0,11319.0,-1518174736.0,0.0,1,62439,Announce,65.0,fcaf6afffe02babe,128,6,33,65535,120,2,32,True,False,False,False,0,H0,sync_followup_session,sync_follow_up
1.936227,sync_followup_session,-9530.0,-9530.0,11319.0,-1518174736.0,0.0,1,59342,Sync,66.0,fcaf6afffe02babe,128,6,33,65535,120,2,32,True,False,False,False,0,H0,sync_followup_session,sync_follow_up
1.957436,sync_followup_session,-9530.0,-9530.0,11319.0,-1518174736.0,0.0,1,63779,Delay_Req,65.0,fcaf6afffe02babe,128,6,33,65535,120,2,32,True,False,False,False,0,H0,sync_followup_session,sync_follow_up
1.95767,sync_followup_session,-11412.0,-11412.0,13201.0,-1518172854.0,0.0,1,63779,Delay_Resp,66.0,fcaf6afffe02babe,128,6,33,65535,120,2,32,True,False,False,False,0,H0,sync_followup_session,sync_follow_up
1.982392,sync_followup_session,-11412.0,-11412.0,13201.0,-1518172854.0,0.0,1,63780,Delay_Req,67.0,fcaf6afffe02babe,128,6,33,65535,120,2,32,True,False,False,False,0,H0,sync_followup_session,sync_follow_up
1.982565,sync_followup_session,-12052.0,-12052.0,13841.0,-1518172214.0,0.0,1,63780,Delay_Resp,68.0,fcaf6afffe02babe,128,6,33,65535,120,2,32,True,False,False,False,0,H0,sync_followup_session,sync_follow_up
2.000035,sync_followup_session,-12380.0,-12380.0,13841.0,-1518172214.0,0.0,1,59343,Sync,68.0,fcaf6afffe02babe,128,6,33,65535,120,2,32,True,False,False,False,0,H0,sync_followup_session,sync_follow_up
2.053594,sync_followup_session,-12380.0,-12380.0,13841.0,-1518172214.0,0.0,1,63781,Delay_Req,67.0,fcaf6afffe02babe,128,6,33,65535,120,2,32,True,False,False,False,0,H0,sync_followup_session,sync_follow_up
2.053794,sync_followup_session,-12460.0,-12460.0,13921.0,-1518172134.0,0.0,1,63781,Delay_Resp,68.0,fcaf6afffe02babe,128,6,33,65535,120,2,32,True,False,False,False,0,H0,sync_followup_session,sync_follow_up
2.063922,sync_followup_session,-12460.0,-12460.0,13921.0,-1518172134.0,0.0,1,62440,Announce,69.0,fcaf6afffe02babe,128,6,33,65535,120,2,32,True,False,False,False,0,H0,sync_followup_session,sync_follow_up
2.063948,sync_followup_session,-12428.0,-12428.0,13921.0,-1518172134.0,0.0,1,59344,Sync,70.0,fcaf6afffe02babe,128,6,33,65535,120,2,32,True,False,False,False,0,H0,sync_followup_session,sync_follow_up
2.079985,sync_followup_session,-12428.0,-12428.0,13921.0,-1518172134.0,0.0,1,63782,Delay_Req,69.0,fcaf6afffe02babe,128,6,33,65535,120,2,32,True,False,False,False,0,H0,sync_followup_session,sync_follow_up
2.080175,sync_followup_session,-9658.0,-9658.0,11151.0,-1518174904.0,0.0,1,63782,Delay_Resp,70.0,fcaf6afffe02babe,128,6,33,65535,120,2,32,True,False,False,False,0,H0,sync_followup_session,sync_follow_up
2.120057,sync_followup_session,-9550.0,-9550.0,11151.0,-1518174904.0,0.0,1,59345,Sync,68.0,fcaf6afffe02babe,128,6,33,65535,120,2,32,True,False,False,False,0,H0,sync_followup_session,sync_follow_up
2.12818,sync_followup_session,-9550.0,-9550.0,11151.0,-1518174904.0,0.0,1,63783,Delay_Req,69.0,fcaf6afffe02babe,128,6,33,65535,120,2,32,True,False,False,False,0,H0,sync_followup_session,sync_follow_up
2.128365,sync_followup_session,-11318.0,-11318.0,12919.0,-1518173136.0,0.0,1,63783,Delay_Resp,70.0,fcaf6afffe02babe,128,6,33,65535,120,2,32,True,False,False,False,0,H0,sync_followup_session,sync_follow_up
2.184254,sync_followup_session,-11318.0,-11318.0,12919.0,-1518173136.0,0.0,1,62441,Announce,63.0,fcaf6afffe02babe,128,6,33,65535,120,2,32,True,False,False,False,0,H0,sync_followup_session,sync_follow_up
2.18429,sync_followup_session,-11290.0,-11290.0,12919.0,-1518173136.0,0.0,1,59346,Sync,64.0,fcaf6afffe02babe,128,6,33,65535,120,2,32,True,False,False,False,0,H0,sync_followup_session,sync_follow_up
2.18452,sync_followup_session,-11290.0,-11290.0,12919.0,-1518173136.0,0.0,1,63784,Delay_Req,65.0,fcaf6afffe02babe,128,6,33,65535,120,2,32,True,False,False,False,0,H0,sync_followup_session,sync_follow_up
2.18469,sync_followup_session,-11948.0,-11948.0,13577.0,-1518172478.0,0.0,1,63784,Delay_Resp,66.0,fcaf6afffe02babe,128,6,33,65535,120,2,32,True,False,False,False,0,H0,sync_followup_session,sync_follow_up
2.245228,sync_followup_session,-11948.0,-11948.0,13577.0,-1518172478.0,0.0,1,63785,Delay_Req,65.0,fcaf6afffe02babe,128,6,33,65535,120,2,32,True,False,False,False,0,H0,sync_followup_session,sync_follow_up
2.245449,sync_followup_session,-9710.0,-9710.0,11339.0,-1518174716.0,0.0,1,63785,Delay_Resp,66.0,fcaf6afffe02babe,128,6,33,65535,120,2,32,True,False,False,False,0,H0,sync_followup_session,sync_follow_up
2.248004,sync_followup_session,-9174.0,-9174.0,11339.0,-1518174716.0,0.0,1,59347,Sync,66.0,fcaf6afffe02babe,128,6,33,65535,120,2,32,True,False,False,False,0,H0,sync_followup_session,sync_follow_up
2.312231,sync_followup_session,-9174.0,-9174.0,11339.0,-1518174716.0,0.0,1,62442,Announce,63.0,fcaf6afffe02babe,128,6,33,65535,120,2,32,True,False,False,False,0,H0,sync_followup_session,sync_follow_up
2.312269,sync_followup_session,-9530.0,-9530.0,11339.0,-1518174716.0,0.0,1,59348,Sync,64.0,fcaf6afffe02babe,128,6,33,65535,120,2,32,True,False,False,False,0,H0,sync_followup_session,sync_follow_up
2.360668,sync_followup_session,-9530.0,-9530.0,11339.0,-1518174716.0,0.0,1,63786,Delay_Req,61.0,fcaf6afffe02babe,128,6,33,65535,120,2,32,True,False,False,False,0,H0,sync_followup_session,sync_follow_up
2.360866,sync_followup_session,-11626.0,-11626.0,13435.0,-1518172620.0,0.0,1,63786,Delay_Resp,62.0,fcaf6afffe02babe,128,6,33,65535,120,2,32,True,False,False,False,0,H0,sync_followup_session,sync_follow_up
2.371189,sync_followup_session,-11626.0,-11626.0,13435.0,-1518172620.0,0.0,1,63787,Delay_Req,63.0,fcaf6afffe02babe,128,6,33,65535,120,2,32,True,False,False,False,0,H0,sync_followup_session,sync_follow_up
2.371435,sync_followup_session,-12078.0,-12078.0,13887.0,-1518172168.0,0.0,1,63787,Delay_Resp,64.0,fcaf6afffe02babe,128,6,33,65535,120,2,32,True,False,False,False,0,H0,sync_followup_session,sync_follow_up
2.372883,sync_followup_session,-12078.0,-12078.0,13887.0,-1518172168.0,0.0,1,63788,Delay_Req,65.0,fcaf6afffe02babe,128,6,33,65535,120,2,32,True,False,False,False,0,H0,sync_followup_session,sync_follow_up
2.37314,sync_followup_session,-11536.0,-11536.0,13345.0,-1518172710.0,0.0,1,63788,Delay_Resp,66.0,fcaf6afffe02babe,128,6,33,65535,120,2,32,True,False,False,False,0,H0,sync_followup_session,sync_follow_up
2.376005,sync_followup_session,-11668.0,-11668.0,13345.0,-1518172710.0,0.0,1,59349,Sync,66.0,fcaf6afffe02babe,128,6,33,65535,120,2,32,True,False,False,False,0,H0,sync_followup_session,sync_follow_up
2.380154,sync_followup_session,-11668.0,-11668.0,13345.0,-1518172710.0,0.0,1,63789,Delay_Req,67.0,fcaf6afffe02babe,128,6,33,65535,120,2,32,True,False,False,False,0,H0,sync_followup_session,sync_follow_up
2.380355,sync_followup_session,-9346.0,-9346.0,11023.0,-1518175032.0,0.0,1,63789,Delay_Resp,68.0,fcaf6afffe02babe,128,6,33,65535,120,2,32,True,False,False,False,0,H0,sync_followup_session,sync_follow_up
2.421243,sync_followup_session,-9346.0,-9346.0,11023.0,-1518175032.0,0.0,1,63790,Delay_Req,67.0,fcaf6afffe02babe,128,6,33,65535,120,2,32,True,False,False,False,0,H0,sync_followup_session,sync_follow_up
2.4214,sync_followup_session,-9348.0,-9348.0,11025.0,-1518175030.0,0.0,1,63790,Delay_Resp,68.0,fcaf6afffe02babe,128,6,33,65535,120,2,32,True,False,False,False,0,H0,sync_followup_session,sync_follow_up
2.432149,sync_followup_session,-9348.0,-9348.0,11025.0,-1518175030.0,0.0,1,62443,Announce,67.0,fcaf6afffe02babe,128,6,33,65535,120,2,32,True,False,False,False,0,H0,sync_followup_session,sync_follow_up
2.43218,sync_followup_session,8256.0,8256.0,11025.0,-1518175030.0,0.0,1,59350,Sync,68.0,fcaf6afffe02babe,128,6,33,65535,120,2,32,True,False,False,False,0,H0,sync_followup_session,sync_follow_up
2.489385,sync_followup_session,8256.0,8256.0,11025.0,-1518175030.0,0.0,1,63791,Delay_Req,63.0,fcaf6afffe02babe,128,6,33,65535,120,2,32,True,False,False,False,0,H0,sync_followup_session,sync_follow_up
2.489607,sync_followup_session,-528.0,-528.0,19809.0,-1518166246.0,0.0,1,63791,Delay_Resp,64.0,fcaf6afffe02babe,128,6,33,65535,120,2,32,True,False,False,False,0,H0,sync_followup_session,sync_follow_up
2.496217,sync_followup_session,-18188.0,-18188.0,19809.0,-1518166246.0,0.0,1,59351,Sync,64.0,fcaf6afffe02babe,128,6,33,65535,120,2,32,True,False,False,False,0,H0,sync_followup_session,sync_follow_up
2.560505,sync_followup_session,-18188.0,-18188.0,19809.0,-1518166246.0,0.0,1,62444,Announce,61.0,fcaf6afffe02babe,128,6,33,65535,120,2,32,True,False,False,False,0,H0,sync_followup_session,sync_follow_up
2.560548,sync_followup_session,-16680.0,-16680.0,19809.0,-1518166246.0,0.0,1,59352,Sync,62.0,fcaf6afffe02babe,128,6,33,65535,120,2,32,True,False,False,False,0,H0,sync_followup_session,sync_follow_up
2.568209,sync_followup_session,-16680.0,-16680.0,19809.0,-1518166246.0,0.0,1,63792,Delay_Req,61.0,fcaf6afffe02babe,128,6,33,65535,120,2,32,True,False,False,False,0,H0,sync_followup_session,sync_follow_up
2.568374,sync_followup_session,-8814.0,-8814.0,11943.0,-1518174112.0,0.0,1,63792,Delay_Resp,62.0,fcaf6afffe02babe,128,6,33,65535,120,2,32,True,False,False,False,0,H0,sync_followup_session,sync_follow_up
2.610994,sync_followup_session,-8814.0,-8814.0,11943.0,-1518174112.0,0.0,1,63793,Delay_Req,61.0,fcaf6afffe02babe,128,6,33,65535,120,2,32,True,False,False,False,0,H0,sync_followup_session,sync_follow_up
2.611213,sync_followup_session,-10410.0,-10410.0,13539.0,-1518172516.0,0.0,1,63793,Delay_Resp,62.0,fcaf6afffe02babe,128,6,33,65535,120,2,32,True,False,False,False,0,H0,sync_followup_session,sync_follow_up
2.62416,sync_followup_session,-11782.0,-11782.0,13539.0,-1518172516.0,0.0,1,59353,Sync,62.0,fcaf6afffe02babe,128,6,33,65535,120,2,32,True,False,False,False,0,H0,sync_followup_session,sync_follow_up
2.637671,sync_followup_session,-11782.0,-11782.0,13539.0,-1518172516.0,0.0,1,63794,Delay_Req,63.0,fcaf6afffe02babe,128,6,33,65535,120,2,32,True,False,False,False,0,H0,sync_followup_session,sync_follow_up
2.637869,sync_followup_session,-11162.0,-11162.0,12919.0,-1518173136.0,0.0,1,63794,Delay_Resp,64.0,fcaf6afffe02babe,128,6,33,65535,120,2,32,True,False,False,False,0,H0,sync_followup_session,sync_follow_up
2.688533,sync_followup_session,-11162.0,-11162.0,12919.0,-1518173136.0,0.0,1,62445,Announce,61.0,fcaf6afffe02babe,128,6,33,65535,120,2,32,True,False,False,False,0,H0,sync_followup_session,sync_follow_up
2.688575,sync_followup_session,-11298.0,-11298.0,12919.0,-1518173136.0,0.0,1,59354,Sync,62.0,fcaf6afffe02babe,128,6,33,65535,120,2,32,True,False,False,False,0,H0,sync_followup_session,sync_follow_up
2.74419,sync_followup_session,-10550.0,-10550.0,12919.0,-1518173136.0,0.0,1,59355,Sync,60.0,fcaf6afffe02babe,128,6,33,65535,120,2,32,True,False,False,False,0,H0,sync_followup_session,sync_follow_up
2.74597,sync_followup_session,-10550.0,-10550.0,12919.0,-1518173136.0,0.0,1,63795,Delay_Req,61.0,fcaf6afffe02babe,128,6,33,65535,120,2,32,True,False,False,False,0,H0,sync_followup_session,sync_follow_up
2.746155,sync_followup_session,-9040.0,-9040.0,11409.0,-1518174646.0,0.0,1,63795,Delay_Resp,62.0,fcaf6afffe02babe,128,6,33,65535,120,2,32,True,False,False,False,0,H0,sync_followup_session,sync_follow_up
2.808519,sync_followup_session,-9040.0,-9040.0,11409.0,-1518174646.0,0.0,1,62446,Announce,59.0,fcaf6afffe02babe,128,6,33,65535,120,2,32,True,False,False,False,0,H0,sync_followup_session,sync_follow_up
2.808561,sync_followup_session,-9436.0,-9436.0,11409.0,-1518174646.0,0.0,1,59356,Sync,60.0,fcaf6afffe02babe,128,6,33,65535,120,2,32,True,False,False,False,0,H0,sync_followup_session,sync_follow_up
2.808939,sync_followup_session,-9436.0,-9436.0,11409.0,-1518174646.0,0.0,1,63796,Delay_Req,61.0,fcaf6afffe02babe,128,6,33,65535,120,2,32,True,False,False,False,0,H0,sync_followup_session,sync_follow_up
2.809155,sync_followup_session,-10490.0,-10490.0,12463.0,-1518173592.0,0.0,1,63796,Delay_Resp,62.0,fcaf6afffe02babe,128,6,33,65535,120,2,32,True,False,False,False,0,H0,sync_followup_session,sync_follow_up
2.835948,sync_followup_session,-10490.0,-10490.0,12463.0,-1518173592.0,0.0,1,63797,Delay_Req,63.0,fcaf6afffe02babe,128,6,33,65535,120,2,32,True,False,False,False,0,H0,sync_followup_session,sync_follow_up
2.836168,sync_followup_session,-10122.0,-10122.0,12095.0,-1518173960.0,0.0,1,63797,Delay_Resp,64.0,fcaf6afffe02babe,128,6,33,65535,120,2,32,True,False,False,False,0,H0,sync_followup_session,sync_follow_up
2.87218,sync_followup_session,-10726.0,-10726.0,12095.0,-1518173960.0,0.0,1,59357,Sync,65.0,fcaf6afffe02babe,128,6,33,65535,120,2,32,True,False,False,False,0,H0,sync_followup_session,sync_follow_up
2.936175,sync_followup_session,-10726.0,-10726.0,12095.0,-1518173960.0,0.0,1,62447,Announce,63.0,fcaf6afffe02babe,128,6,33,65535,120,2,32,True,False,False,False,0,H0,sync_followup_session,sync_follow_up
2.936197,sync_followup_session,-10506.0,-10506.0,12095.0,-1518173960.0,0.0,1,59358,Sync,64.0,fcaf6afffe02babe,128,6,33,65535,120,2,32,True,False,False,False,0,H0,sync_followup_session,sync_follow_up
2.946662,sync_followup_session,-10506.0,-10506.0,12095.0,-1518173960.0,0.0,1,63798,Delay_Req,63.0,fcaf6afffe02babe,128,6,33,65535,120,2,32,True,False,False,False,0,H0,sync_followup_session,sync_follow_up
2.946949,sync_followup_session,-12766.0,-12766.0,14355.0,-1518171700.0,0.0,1,63798,Delay_Resp,64.0,fcaf6afffe02babe,128,6,33,65535,120,2,32,True,False,False,False,0,H0,sync_followup_session,sync_follow_up
2.968921,sync_followup_session,-12766.0,-12766.0,14355.0,-1518171700.0,0.0,1,63799,Delay_Req,63.0,fcaf6afffe02babe,128,6,33,65535,120,2,32,True,False,False,False,0,H0,sync_followup_session,sync_follow_up
2.969149,sync_followup_session,-10630.0,-10630.0,12219.0,-1518173836.0,0.0,1,63799,Delay_Resp,64.0,fcaf6afffe02babe,128,6,33,65535,120,2,32,True,False,False,False,0,H0,sync_followup_session,sync_follow_up
3.000038,sync_followup_session,-10214.0,-10214.0,12219.0,-1518173836.0,0.0,1,59359,Sync,62.0,fcaf6afffe02babe,128,6,33,65535,120,2,32,True,False,False,False,0,H0,sync_followup_session,sync_follow_up
3.063962,sync_followup_session,-10214.0,-10214.0,12219.0,-1518173836.0,0.0,1,62448,Announce,59.0,fcaf6afffe02babe,128,6,33,65535,120,2,32,True,False,False,False,0,H0,sync_followup_session,sync_follow_up
3.063993,sync_followup_session,7234.0,7234.0,12219.0,-1518173836.0,0.0,1,59360,Sync,60.0,fcaf6afffe02babe,128,6,33,65535,120,2,32,True,False,False,False,0,H0,sync_followup_session,sync_follow_up
3.069862,sync_followup_session,7234.0,7234.0,12219.0,-1518173836.0,0.0,1,63800,Delay_Req,61.0,fcaf6afffe02babe,128,6,33,65535,120,2,32,True,False,False,False,0,H0,sync_followup_session,sync_follow_up
3.070034,sync_followup_session,-1402.0,-1402.0,20855.0,-1518165200.0,0.0,1,63800,Delay_Resp,62.0,fcaf6afffe02babe,128,6,33,65535,120,2,32,True,False,False,False,0,H0,sync_followup_session,sync_follow_up
3.080669,sync_followup_session,-1402.0,-1402.0,20855.0,-1518165200.0,0.0,1,63801,Delay_Req,61.0,fcaf6afffe02babe,128,6,33,65535,120,2,32,True,False,False,False,0,H0,sync_followup_session,sync_follow_up
3.080865,sync_followup_session,-542.0,-542.0,19995.0,-1518166060.0,0.0,1,63801,Delay_Resp,62.0,fcaf6afffe02babe,128,6,33,65535,120,2,32,True,False,False,False,0,H0,sync_followup_session,sync_follow_up
3.081558,sync_followup_session,-542.0,-542.0,19995.0,-1518166060.0,0.0,1,63802,Delay_Req,63.0,fcaf6afffe02babe,128,6,33,65535,120,2,32,True,False,False,False,0,H0,sync_followup_session,sync_follow_up
3.081708,sync_followup_session,-22.0,-22.0,19475.0,-1518166580.0,0.0,1,63802,Delay_Resp,64.0,fcaf6afffe02babe,128,6,33,65535,120,2,32,True,False,False,False,0,H0,sync_followup_session,sync_follow_up
3.088501,sync_followup_session,-22.0,-22.0,19475.0,-1518166580.0,0.0,1,63803,Delay_Req,65.0,fcaf6afffe02babe,128,6,33,65535,120,2,32,True,False,False,False,0,H0,sync_followup_session,sync_follow_up
3.088698,sync_followup_session,-2110.0,-2110.0,21563.0,-1518164492.0,0.0,1,63803,Delay_Resp,66.0,fcaf6afffe02babe,128,6,33,65535,120,2,32,True,False,False,False,0,H0,sync_followup_session,sync_follow_up
3.120032,sync_followup_session,-18238.0,-18238.0,21563.0,-1518164492.0,0.0,1,59361,Sync,67.0,fcaf6afffe02babe,128,6,33,65535,120,2,32,True,False,False,False,0,H0,sync_followup_session,sync_follow_up
3.125691,sync_followup_session,-18238.0,-18238.0,21563.0,-1518164492.0,0.0,1,63804,Delay_Req,67.0,fcaf6afffe02babe,128,6,33,65535,120,2,32,True,False,False,False,0,H0,sync_followup_session,sync_follow_up
3.125855,sync_followup_session,-10190.0,-10190.0,13515.0,-1518172540.0,0.0,1,63804,Delay_Resp,68.0,fcaf6afffe02babe,128,6,33,65535,120,2,32,True,False,False,False,0,H0,sync_followup_session,sync_follow_up
3.184128,sync_followup_session,-10190.0,-10190.0,13515.0,-1518172540.0,0.0,1,62449,Announce,67.0,fcaf6afffe02babe,128,6,33,65535,120,2,32,True,False,False,False,0,H0,sync_followup_session,sync_follow_up
3.184158,sync_followup_session,5134.0,5134.0,13515.0,-1518172540.0,0.0,1,59362,Sync,68.0,fcaf6afffe02babe,128,6,33,65535,120,2,32,True,False,False,False,0,H0,sync_followup_session,sync_follow_up
3.227277,sync_followup_session,5134.0,5134.0,13515.0,-1518172540.0,0.0,1,63805,Delay_Req,65.0,fcaf6afffe02babe,128,6,33,65535,120,2,32,True,False,False,False,0,H0,sync_followup_session,sync_follow_up
3.227483,sync_followup_session,-3964.0,-3964.0,22613.0,-1518163442.0,0.0,1,63805,Delay_Resp,66.0,fcaf6afffe02babe,128,6,33,65535,120,2,32,True,False,False,False,0,H0,sync_followup_session,sync_follow_up
3.248037,sync_followup_session,-20856.0,-20856.0,22613.0,-1518163442.0,0.0,1,59363,Sync,64.0,fcaf6afffe02babe,128,6,33,65535,120,2,32,True,False,False,False,0,H0,sync_followup_session,sync_follow_up
3.312182,sync_followup_session,-20856.0,-20856.0,22613.0,-1518163442.0,0.0,1,62450,Announce,65.0,fcaf6afffe02babe,128,6,33,65535,120,2,32,True,False,False,False,0,H0,sync_followup_session,sync_follow_up
3.312211,sync_followup_session,-3748.0,-3748.0,22613.0,-1518163442.0,0.0,1,59364,Sync,66.0,fcaf6afffe02babe,128,6,33,65535,120,2,32,True,False,False,False,0,H0,sync_followup_session,sync_follow_up
3.320798,sync_followup_session,-3748.0,-3748.0,22613.0,-1518163442.0,0.0,1,63806,Delay_Req,65.0,fcaf6afffe02babe,128,6,33,65535,120,2,32,True,False,False,False,0,H0,sync_followup_session,sync_follow_up
3.320994,sync_followup_session,-2170.0,-2170.0,21035.0,-1518165020.0,0.0,1,63806,Delay_Resp,66.0,fcaf6afffe02babe,128,6,33,65535,120,2,32,True,False,False,False,0,H0,sync_followup_session,sync_follow_up
3.376059,sync_followup_session,-19142.0,-19142.0,21035.0,-1518165020.0,0.0,1,59365,Sync,60.0,fcaf6afffe02babe,128,6,33,65535,120,2,32,True,False,False,False,0,H0,sync_followup_session,sync_follow_up
3.432188,sync_followup_session,-19142.0,-19142.0,21035.0,-1518165020.0,0.0,1,62451,Announce,55.0,fcaf6afffe02babe,128,6,33,65535,120,2,32,True,False,False,False,0,H0,sync_followup_session,sync_follow_up
3.432218,sync_followup_session,-2014.0,-2014.0,21035.0,-1518165020.0,0.0,1,59366,Sync,56.0,fcaf6afffe02babe,128,6,33,65535,120,2,32,True,False,False,False,0,H0,sync_followup_session,sync_follow_up
3.436632,sync_followup_session,-2014.0,-2014.0,21035.0,-1518165020.0,0.0,1,63807,Delay_Req,57.0,fcaf6afffe02babe,128,6,33,65535,120,2,32,True,False,False,False,0,H0,sync_followup_session,sync_follow_up
3.436872,sync_followup_session,-3230.0,-3230.0,22251.0,-1518163804.0,0.0,1,63807,Delay_Resp,58.0,fcaf6afffe02babe,128,6,33,65535,120,2,32,True,False,False,False,0,H0,sync_followup_session,sync_follow_up
3.489508,sync_followup_session,-3230.0,-3230.0,22251.0,-1518163804.0,0.0,1,63808,Delay_Req,58.0,fcaf6afffe02babe,128,6,33,65535,120,2,32,True,False,False,False,0,H0,sync_followup_session,sync_follow_up
3.489701,sync_followup_session,278.0,278.0,18743.0,-1518167312.0,0.0,1,63808,Delay_Resp,58.0,fcaf6afffe02babe,128,6,33,65535,120,2,32,True,False,False,False,0,H0,sync_followup_session,sync_follow_up
3.490854,sync_followup_session,278.0,278.0,18743.0,-1518167312.0,0.0,1,63809,Delay_Req,59.0,fcaf6afffe02babe,128,6,33,65535,120,2,32,True,False,False,False,0,H0,sync_followup_session,sync_follow_up
3.491048,sync_followup_session,-682.0,-682.0,19703.0,-1518166352.0,0.0,1,63809,Delay_Resp,60.0,fcaf6afffe02babe,128,6,33,65535,120,2,32,True,False,False,False,0,H0,sync_followup_session,sync_follow_up
3.496007,sync_followup_session,-18230.0,-18230.0,19703.0,-1518166352.0,0.0,1,59367,Sync,61.0,fcaf6afffe02babe,128,6,33,65535,120,2,32,True,False,False,False,0,H0,sync_followup_session,sync_follow_up
3.560137,sync_followup_session,-18230.0,-18230.0,19703.0,-1518166352.0,0.0,1,62452,Announce,61.0,fcaf6afffe02babe,128,6,33,65535,120,2,32,True,False,False,False,0,H0,sync_followup_session,sync_follow_up
3.560168,sync_followup_session,-194.0,-194.0,19703.0,-1518166352.0,0.0,1,59368,Sync,62.0,fcaf6afffe02babe,128,6,33,65535,120,2,32,True,False,False,False,0,H0,sync_followup_session,sync_follow_up
3.576495,sync_followup_session,-194.0,-194.0,19703.0,-1518166352.0,0.0,1,63810,Delay_Req,59.0,fcaf6afffe02babe,128,6,33,65535,120,2,32,True,False,False,False,0,H0,sync_followup_session,sync_follow_up
3.576696,sync_followup_session,-2932.0,-2932.0,22441.0,-1518163614.0,0.0,1,63810,Delay_Resp,60.0,fcaf6afffe02babe,128,6,33,65535,120,2,32,True,False,False,False,0,H0,sync_followup_session,sync_follow_up
3.618922,sync_followup_session,-2932.0,-2932.0,22441.0,-1518163614.0,0.0,1,63811,Delay_Req,59.0,fcaf6afffe02babe,128,6,33,65535,120,2,32,True,False,False,False,0,H0,sync_followup_session,sync_follow_up
3.619111,sync_followup_session,-1178.0,-1178.0,20687.0,-1518165368.0,0.0,1,63811,Delay_Resp,60.0,fcaf6afffe02babe,128,6,33,65535,120,2,32,True,False,False,False,0,H0,sync_followup_session,sync_follow_up
3.624022,sync_followup_session,-19002.0,-19002.0,20687.0,-1518165368.0,0.0,1,59369,Sync,61.0,fcaf6afffe02babe,128,6,33,65535,120,2,32,True,False,False,False,0,H0,sync_followup_session,sync_follow_up
3.647701,sync_followup_session,-19002.0,-19002.0,20687.0,-1518165368.0,0.0,1,63812,Delay_Req,59.0,fcaf6afffe02babe,128,6,33,65535,120,2,32,True,False,False,False,0,H0,sync_followup_session,sync_follow_up
3.647897,sync_followup_session,-11920.0,-11920.0,13605.0,-1518172450.0,0.0,1,63812,Delay_Resp,60.0,fcaf6afffe02babe,128,6,33,65535,120,2,32,True,False,False,False,0,H0,sync_followup_session,sync_follow_up
3.688178,sync_followup_session,-11920.0,-11920.0,13605.0,-1518172450.0,0.0,1,62453,Announce,61.0,fcaf6afffe02babe,128,6,33,65535,120,2,32,True,False,False,False,0,H0,sync_followup_session,sync_follow_up
3.68821,sync_followup_session,6060.0,6060.0,13605.0,-1518172450.0,0.0,1,59370,Sync,62.0,fcaf6afffe02babe,128,6,33,65535,120,2,32,True,False,False,False,0,H0,sync_followup_session,sync_follow_up
3.735775,sync_followup_session,6060.0,6060.0,13605.0,-1518172450.0,0.0,1,63813,Delay_Req,61.0,fcaf6afffe02babe,128,6,33,65535,120,2,32,True,False,False,False,0,H0,sync_followup_session,sync_follow_up
3.735948,sync_followup_session,46.0,46.0,19619.0,-1518166436.0,0.0,1,63813,Delay_Resp,62.0,fcaf6afffe02babe,128,6,33,65535,120,2,32,True,False,False,False,0,H0,sync_followup_session,sync_follow_up
3.744048,sync_followup_session,-17410.0,-17410.0,19619.0,-1518166436.0,0.0,1,59371,Sync,63.0,fcaf6afffe02babe,128,6,33,65535,120,2,32,True,False,False,False,0,H0,sync_followup_session,sync_follow_up
3.808207,sync_followup_session,-17410.0,-17410.0,19619.0,-1518166436.0,0.0,1,62454,Announce,61.0,fcaf6afffe02babe,128,6,33,65535,120,2,32,True,False,False,False,0,H0,sync_followup_session,sync_follow_up
3.808231,sync_followup_session,-17910.0,-17910.0,19619.0,-1518166436.0,0.0,1,59372,Sync,62.0,fcaf6afffe02babe,128,6,33,65535,120,2,32,True,False,False,False,0,H0,sync_followup_session,sync_follow_up
3.83469,sync_followup_session,-17910.0,-17910.0,19619.0,-1518166436.0,0.0,1,63814,Delay_Req,59.0,fcaf6afffe02babe,128,6,33,65535,120,2,32,True,False,False,False,0,H0,sync_followup_session,sync_follow_up
3.834895,sync_followup_session,-8720.0,-8720.0,10429.0,-1518175626.0,0.0,1,63814,Delay_Resp,60.0,fcaf6afffe02babe,128,6,33,65535,120,2,32,True,False,False,False,0,H0,sync_followup_session,sync_follow_up
3.857605,sync_followup_session,-8720.0,-8720.0,10429.0,-1518175626.0,0.0,1,63815,Delay_Req,59.0,fcaf6afffe02babe,128,6,33,65535,120,2,32,True,False,False,False,0,H0,sync_followup_session,sync_follow_up
3.857794,sync_followup_session,-9882.0,-9882.0,11591.0,-1518174464.0,0.0,1,63815,Delay_Resp,60.0,fcaf6afffe02babe,128,6,33,65535,120,2,32,True,False,False,False,0,H0,sync_followup_session,sync_follow_up
3.872013,sync_followup_session,-9426.0,-9426.0,11591.0,-1518174464.0,0.0,1,59373,Sync,61.0,fcaf6afffe02babe,128,6,33,65535,120,2,32,True,False,False,False,0,H0,sync_followup_session,sync_follow_up
3.936205,sync_followup_session,-9426.0,-9426.0,11591.0,-1518174464.0,0.0,1,62455,Announce,59.0,fcaf6afffe02babe,128,6,33,65535,120,2,32,True,False,False,False,0,H0,sync_followup_session,sync_follow_up
3.936232,sync_followup_session,-9990.0,-9990.0,11591.0,-1518174464.0,0.0,1,59374,Sync,60.0,fcaf6afffe02babe,128,6,33,65535,120,2,32,True,False,False,False,0,H0,sync_followup_session,sync_follow_up
3.939812,sync_followup_session,-9990.0,-9990.0,11591.0,-1518174464.0,0.0,1,63816,Delay_Req,61.0,fcaf6afffe02babe,128,6,33,65535,120,2,32,True,False,False,False,0,H0,sync_followup_session,sync_follow_up
3.940011,sync_followup_session,-11680.0,-11680.0,13281.0,-1518172774.0,0.0,1,63816,Delay_Resp,62.0,fcaf6afffe02babe,128,6,33,65535,120,2,32,True,False,False,False,0,H0,sync_followup_session,sync_follow_up
4.000019,sync_followup_session,-10288.0,-10288.0,13281.0,-1518172774.0,0.0,1,59375,Sync,59.0,fcaf6afffe02babe,128,6,33,65535,120,2,32,True,False,False,False,0,H0,sync_followup_session,sync_follow_up
4.025693,sync_followup_session,-10288.0,-10288.0,13281.0,-1518172774.0,0.0,1,63817,Delay_Req,59.0,fcaf6afffe02babe,128,6,33,65535,120,2,32,True,False,False,False,0,H0,sync_followup_session,sync_follow_up
4.025904,sync_followup_session,-9578.0,-9578.0,12571.0,-1518173484.0,0.0,1,63817,Delay_Resp,60.0,fcaf6afffe02babe,128,6,33,65535,120,2,32,True,False,False,False,0,H0,sync_followup_session,sync_follow_up
4.032472,sync_followup_session,-9578.0,-9578.0,12571.0,-1518173484.0,0.0,1,63818,Delay_Req,61.0,fcaf6afffe02babe,128,6,33,65535,120,2,32,True,False,False,False,0,H0,sync_followup_session,sync_follow_up
4.032666,sync_followup_session,-10888.0,-10888.0,13881.0,-1518172174.0,0.0,1,63818,Delay_Resp,62.0,fcaf6afffe02babe,128,6,33,65535,120,2,32,True,False,False,False,0,H0,sync_followup_session,sync_follow_up
4.056162,sync_followup_session,-10888.0,-10888.0,13881.0,-1518172174.0,0.0,1,62456,Announce,63.0,fcaf6afffe02babe,128,6,33,65535,120,2,32,True,False,False,False,0,H0,sync_followup_session,sync_follow_up
4.056192,sync_followup_session,4924.0,4924.0,13881.0,-1518172174.0,0.0,1,59376,Sync,64.0,fcaf6afffe02babe,128,6,33,65535,120,2,32,True,False,False,False,0,H0,sync_followup_session,sync_follow_up
4.060449,sync_followup_session,4924.0,4924.0,13881.0,-1518172174.0,0.0,1,63819,Delay_Req,65.0,fcaf6afffe02babe,128,6,33,65535,120,2,32,True,False,False,False,0,H0,sync_followup_session,sync_follow_up
4.060663,sync_followup_session,-302.0,-302.0,19107.0,-1518166948.0,0.0,1,63819,Delay_Resp,66.0,fcaf6afffe02babe,128,6,33,65535,120,2,32,True,False,False,False,0,H0,sync_followup_session,sync_follow_up
4.120047,sync_followup_session,-16638.0,-16638.0,19107.0,-1518166948.0,0.0,1,59377,Sync,56.0,fcaf6afffe02babe,128,6,33,65535,120,2,32,True,False,False,False,0,H0,sync_followup_session,sync_follow_up
4.171091,sync_followup_session,-16638.0,-16638.0,19107.0,-1518166948.0,0.0,1,63820,Delay_Req,55.0,fcaf6afffe02babe,128,6,33,65535,120,2,32,True,False,False,False,0,H0,sync_followup_session,sync_follow_up
4.171318,sync_followup_session,-11952.0,-11952.0,14421.0,-1518171634.0,0.0,1,63820,Delay_Resp,56.0,fcaf6afffe02babe,128,6,33,65535,120,2,32,True,False,False,False,0,H0,sync_followup_session,sync_follow_up
4.184119,sync_followup_session,-11952.0,-11952.0,14421.0,-1518171634.0,0.0,1,62457,Announce,57.0,fcaf6afffe02babe,128,6,33,65535,120,2,32,True,False,False,False,0,H0,sync_followup_session,sync_follow_up
4.184149,sync_followup_session,4264.0,4264.0,14421.0,-1518171634.0,0.0,1,59378,Sync,57.0,fcaf6afffe02babe,128,6,33,65535,120,2,32,True,False,False,False,0,H0,sync_followup_session,sync_follow_up
4.221319,sync_followup_session,4264.0,4264.0,14421.0,-1518171634.0,0.0,1,63821,Delay_Req,57.0,fcaf6afffe02babe,128,6,33,65535,120,2,32,True,False,False,False,0,H0,sync_followup_session,sync_follow_up
4.221483,sync_followup_session,-2356.0,-2356.0,21041.0,-1518165014.0,0.0,1,63821,Delay_Resp,58.0,fcaf6afffe02babe,128,6,33,65535,120,2,32,True,False,False,False,0,H0,sync_followup_session,sync_follow_up
4.248041,sync_followup_session,-18728.0,-18728.0,21041.0,-1518165014.0,0.0,1,59379,Sync,56.0,fcaf6afffe02babe,128,6,33,65535,120,2,32,True,False,False,False,0,H0,sync_followup_session,sync_follow_up
4.267702,sync_followup_session,-18728.0,-18728.0,21041.0,-1518165014.0,0.0,1,63822,Delay_Req,57.0,fcaf6afffe02babe,128,6,33,65535,120,2,32,True,False,False,False,0,H0,sync_followup_session,sync_follow_up
4.267917,sync_followup_session,-10234.0,-10234.0,12547.0,-1518173508.0,0.0,1,63822,Delay_Resp,58.0,fcaf6afffe02babe,128,6,33,65535,120,2,32,True,False,False,False,0,H0,sync_followup_session,sync_follow_up
4.312179,sync_followup_session,-10234.0,-10234.0,12547.0,-1518173508.0,0.0,1,62458,Announce,59.0,fcaf6afffe02babe,128,6,33,65535,120,2,32,True,False,False,False,0,H0,sync_followup_session,sync_follow_up
4.312209,sync_followup_session,6922.0,6922.0,12547.0,-1518173508.0,0.0,1,59380,Sync,59.0,fcaf6afffe02babe,128,6,33,65535,120,2,32,True,False,False,False,0,H0,sync_followup_session,sync_follow_up
4.32873,sync_followup_session,6922.0,6922.0,12547.0,-1518173508.0,0.0,1,63823,Delay_Req,57.0,fcaf6afffe02babe,128,6,33,65535,120,2,32,True,False,False,False,0,H0,sync_followup_session,sync_follow_up
4.328911,sync_followup_session,206.0,206.0,19263.0,-1518166792.0,0.0,1,63823,Delay_Resp,58.0,fcaf6afffe02babe,128,6,33,65535,120,2,32,True,False,False,False,0,H0,sync_followup_session,sync_follow_up
4.376045,sync_followup_session,-15726.0,-15726.0,19263.0,-1518166792.0,0.0,1,59381,Sync,59.0,fcaf6afffe02babe,128,6,33,65535,120,2,32,True,False,False,False,0,H0,sync_followup_session,sync_follow_up
4.382048,sync_followup_session,-15726.0,-15726.0,19263.0,-1518166792.0,0.0,1,63824,Delay_Req,59.0,fcaf6afffe02babe,128,6,33,65535,120,2,32,True,False,False,False,0,H0,sync_followup_session,sync_follow_up
4.382265,sync_followup_session,-10036.0,-10036.0,13573.0,-1518172482.0,0.0,1,63824,Delay_Resp,60.0,fcaf6afffe02babe,128,6,33,65535,120,2,32,True,False,False,False,0,H0,sync_followup_session,sync_follow_up
4.432626,sync_followup_session,-10036.0,-10036.0,13573.0,-1518172482.0,0.0,1,62459,Announce,59.0,fcaf6afffe02babe,128,6,33,65535,120,2,32,True,False,False,False,0,H0,sync_followup_session,sync_follow_up
4.432669,sync_followup_session,-10652.0,-10652.0,13573.0,-1518172482.0,0.0,1,59382,Sync,60.0,fcaf6afffe02babe,128,6,33,65535,120,2,32,True,False,False,False,0,H0,sync_followup_session,sync_follow_up
4.480258,sync_followup_session,-10652.0,-10652.0,13573.0,-1518172482.0,0.0,1,63825,Delay_Req,59.0,fcaf6afffe02babe,128,6,33,65535,120,2,32,True,False,False,False,0,H0,sync_followup_session,sync_follow_up
4.480478,sync_followup_session,-11848.0,-11848.0,14769.0,-1518171286.0,0.0,1,63825,Delay_Resp,60.0,fcaf6afffe02babe,128,6,33,65535,120,2,32,True,False,False,False,0,H0,sync_followup_session,sync_follow_up
4.496206,sync_followup_session,-12968.0,-12968.0,14769.0,-1518171286.0,0.0,1,59383,Sync,56.0,fcaf6afffe02babe,128,6,33,65535,120,2,32,True,False,False,False,0,H0,sync_followup_session,sync_follow_up
4.560514,sync_followup_session,-12968.0,-12968.0,14769.0,-1518171286.0,0.0,1,62460,Announce,55.0,fcaf6afffe02babe,128,6,33,65535,120,2,32,True,False,False,False,0,H0,sync_followup_session,sync_follow_up
4.560556,sync_followup_session,-13224.0,-13224.0,14769.0,-1518171286.0,0.0,1,59384,Sync,56.0,fcaf6afffe02babe,128,6,33,65535,120,2,32,True,False,False,False,0,H0,sync_followup_session,sync_follow_up
4.588703,sync_followup_session,-13224.0,-13224.0,14769.0,-1518171286.0,0.0,1,63826,Delay_Req,55.0,fcaf6afffe02babe,128,6,33,65535,120,2,32,True,False,False,False,0,H0,sync_followup_session,sync_follow_up
4.588899,sync_followup_session,-10560.0,-10560.0,12105.0,-1518173950.0,0.0,1,63826,Delay_Resp,56.0,fcaf6afffe02babe,128,6,33,65535,120,2,32,True,False,False,False,0,H0,sync_followup_session,sync_follow_up
4.624201,sync_followup_session,-9248.0,-9248.0,12105.0,-1518173950.0,0.0,1,59385,Sync,54.0,fcaf6afffe02babe,128,6,33,65535,120,2,32,True,False,False,False,0,H0,sync_followup_session,sync_follow_up
4.688539,sync_followup_session,-9248.0,-9248.0,12105.0,-1518173950.0,0.0,1,62461,Announce,51.0,fcaf6afffe02babe,128,6,33,65535,120,2,32,True,False,False,False,0,H0,sync_followup_session,sync_follow_up
4.68858,sync_followup_session,-10744.0,-10744.0,12105.0,-1518173950.0,0.0,1,59386,Sync,52.0,fcaf6afffe02babe,128,6,33,65535,120,2,32,True,False,False,False,0,H0,sync_followup_session,sync_follow_up
4.712284,sync_followup_session,-10744.0,-10744.0,12105.0,-1518173950.0,0.0,1,63827,Delay_Req,53.0,fcaf6afffe02babe,128,6,33,65535,120,2,32,True,False,False,False,0,H0,sync_followup_session,sync_follow_up
4.712462,sync_followup_session,-9830.0,-9830.0,11191.0,-1518174864.0,0.0,1,63827,Delay_Resp,54.0,fcaf6afffe02babe,128,6,33,65535,120,2,32,True,False,False,False,0,H0,sync_followup_session,sync_follow_up
4.737957,sync_followup_session,-9830.0,-9830.0,11191.0,-1518174864.0,0.0,1,63828,Delay_Req,53.0,fcaf6afffe02babe,128,6,33,65535,120,2,32,True,False,False,False,0,H0,sync_followup_session,sync_follow_up
4.73815,sync_followup_session,-11496.0,-11496.0,12857.0,-1518173198.0,0.0,1,63828,Delay_Resp,54.0,fcaf6afffe02babe,128,6,33,65535,120,2,32,True,False,False,False,0,H0,sync_followup_session,sync_follow_up
4.744204,sync_followup_session,-10892.0,-10892.0,12857.0,-1518173198.0,0.0,1,59387,Sync,54.0,fcaf6afffe02babe,128,6,33,65535,120,2,32,True,False,False,False,0,H0,sync_followup_session,sync_follow_up
4.789406,sync_followup_session,-10892.0,-10892.0,12857.0,-1518173198.0,0.0,1,63829,Delay_Req,55.0,fcaf6afffe02babe,128,6,33,65535,120,2,32,True,False,False,False,0,H0,sync_followup_session,sync_follow_up
4.789647,sync_followup_session,-11436.0,-11436.0,13401.0,-1518172654.0,0.0,1,63829,Delay_Resp,56.0,fcaf6afffe02babe,128,6,33,65535,120,2,32,True,False,False,False,0,H0,sync_followup_session,sync_follow_up
4.808563,sync_followup_session,-11436.0,-11436.0,13401.0,-1518172654.0,0.0,1,62462,Announce,55.0,fcaf6afffe02babe,128,6,33,65535,120,2,32,True,False,False,False,0,H0,sync_followup_session,sync_follow_up
4.808604,sync_followup_session,-11892.0,-11892.0,13401.0,-1518172654.0,0.0,1,59388,Sync,56.0,fcaf6afffe02babe,128,6,33,65535,120,2,32,True,False,False,False,0,H0,sync_followup_session,sync_follow_up
4.872211,sync_followup_session,-10660.0,-10660.0,13401.0,-1518172654.0,0.0,1,59389,Sync,52.0,fcaf6afffe02babe,128,6,33,65535,120,2,32,True,False,False,False,0,H0,sync_followup_session,sync_follow_up
4.890019,sync_followup_session,-10660.0,-10660.0,13401.0,-1518172654.0,0.0,1,63830,Delay_Req,53.0,fcaf6afffe02babe,128,6,33,65535,120,2,32,True,False,False,False,0,H0,sync_followup_session,sync_follow_up
4.890211,sync_followup_session,-10768.0,-10768.0,13509.0,-1518172546.0,0.0,1,63830,Delay_Resp,54.0,fcaf6afffe02babe,128,6,33,65535,120,2,32,True,False,False,False,0,H0,sync_followup_session,sync_follow_up
4.936568,sync_followup_session,-10768.0,-10768.0,13509.0,-1518172546.0,0.0,1,62463,Announce,53.0,fcaf6afffe02babe,128,6,33,65535,120,2,32,True,False,False,False,0,H0,sync_followup_session,sync_follow_up
4.93661,sync_followup_session,-11800.0,-11800.0,13509.0,-1518172546.0,0.0,1,59390,Sync,54.0,fcaf6afffe02babe,128,6,33,65535,120,2,32,True,False,False,False,0,H0,sync_followup_session,sync_follow_up
5.000238,sync_followup_session,-11160.0,-11160.0,13509.0,-1518172546.0,0.0,1,59391,Sync,52.0,fcaf6afffe02babe,128,6,33,65535,120,2,32,True,False,False,False,0,H0,sync_followup_session,sync_follow_up
5.001599,sync_followup_session,-11160.0,-11160.0,13509.0,-1518172546.0,0.0,1,63831,Delay_Req,53.0,fcaf6afffe02babe,128,6,33,65535,120,2,32,True,False,False,False,0,H0,sync_followup_session,sync_follow_up
5.001828,sync_followup_session,-9230.0,-9230.0,11579.0,-1518174476.0,0.0,1,63831,Delay_Resp,54.0,fcaf6afffe02babe,128,6,33,65535,120,2,32,True,False,False,False,0,H0,sync_followup_session,sync_follow_up
5.016679,sync_followup_session,-9230.0,-9230.0,11579.0,-1518174476.0,0.0,1,63832,Delay_Req,55.0,fcaf6afffe02babe,128,6,33,65535,120,2,32,True,False,False,False,0,H0,sync_followup_session,sync_follow_up
5.016885,sync_followup_session,-8466.0,-8466.0,10815.0,-1518175240.0,0.0,1,63832,Delay_Resp,56.0,fcaf6afffe02babe,128,6,33,65535,120,2,32,True,False,False,False,0,H0,sync_followup_session,sync_follow_up
5.063965,sync_followup_session,-8466.0,-8466.0,10815.0,-1518175240.0,0.0,1,62464,Announce,49.0,fcaf6afffe02babe,128,6,33,65535,120,2,32,True,False,False,False,0,H0,sync_followup_session,sync_follow_up
5.064006,sync_followup_session,-9546.0,-9546.0,10815.0,-1518175240.0,0.0,1,59392,Sync,50.0,fcaf6afffe02babe,128,6,33,65535,120,2,32,True,False,False,False,0,H0,sync_followup_session,sync_follow_up
5.091329,sync_followup_session,-9546.0,-9546.0,10815.0,-1518175240.0,0.0,1,63833,Delay_Req,51.0,fcaf6afffe02babe,128,6,33,65535,120,2,32,True,False,False,False,0,H0,sync_followup_session,sync_follow_up
5.091584,sync_followup_session,-9370.0,-9370.0,10639.0,-1518175416.0,0.0,1,63833,Delay_Resp,52.0,fcaf6afffe02babe,128,6,33,65535,120,2,32,True,False,False,False,0,H0,sync_followup_session,sync_follow_up
5.12002,sync_followup_session,-8454.0,-8454.0,10639.0,-1518175416.0,0.0,1,59393,Sync,53.0,fcaf6afffe02babe,128,6,33,65535,120,2,32,True,False,False,False,0,H0,sync_followup_session,sync_follow_up
5.184083,sync_followup_session,-8454.0,-8454.0,10639.0,-1518175416.0,0.0,1,62465,Announce,51.0,fcaf6afffe02babe,128,6,33,65535,120,2,32,True,False,False,False,0,H0,sync_followup_session,sync_follow_up
5.184114,sync_followup_session,8706.0,8706.0,10639.0,-1518175416.0,0.0,1,59394,Sync,52.0,fcaf6afffe02babe,128,6,33,65535,120,2,32,True,False,False,False,0,H0,sync_followup_session,sync_follow_up
5.205316,sync_followup_session,8706.0,8706.0,10639.0,-1518175416.0,0.0,1,63834,Delay_Req,51.0,fcaf6afffe02babe,128,6,33,65535,120,2,32,True,False,False,False,0,H0,sync_followup_session,sync_follow_up
5.205557,sync_followup_session,-3698.0,-3698.0,23043.0,-1518163012.0,0.0,1,63834,Delay_Resp,52.0,fcaf6afffe02babe,128,6,33,65535,120,2,32,True,False,False,False,0,H0,sync_followup_session,sync_follow_up
5.242498,sync_followup_session,-3698.0,-3698.0,23043.0,-1518163012.0,0.0,1,63835,Delay_Req,51.0,fcaf6afffe02babe,128,6,33,65535,120,2,32,True,False,False,False,0,H0,sync_followup_session,sync_follow_up
5.242704,sync_followup_session,18.0,18.0,19327.0,-1518166728.0,0.0,1,63835,Delay_Resp,52.0,fcaf6afffe02babe,128,6,33,65535,120,2,32,True,False,False,False,0,H0,sync_followup_session,sync_follow_up
5.248015,sync_followup_session,-17798.0,-17798.0,19327.0,-1518166728.0,0.0,1,59395,Sync,53.0,fcaf6afffe02babe,128,6,33,65535,120,2,32,True,False,False,False,0,H0,sync_followup_session,sync_follow_up
5.312177,sync_followup_session,-17798.0,-17798.0,19327.0,-1518166728.0,0.0,1,62466,Announce,51.0,fcaf6afffe02babe,128,6,33,65535,120,2,32,True,False,False,False,0,H0,sync_followup_session,sync_follow_up
5.312207,sync_followup_session,178.0,178.0,19327.0,-1518166728.0,0.0,1,59396,Sync,51.0,fcaf6afffe02babe,128,6,33,65535,120,2,32,True,False,False,False,0,H0,sync_followup_session,sync_follow_up
5.313689,sync_followup_session,178.0,178.0,19327.0,-1518166728.0,0.0,1,63836,Delay_Req,51.0,fcaf6afffe02babe,128,6,33,65535,120,2,32,True,False,False,False,0,H0,sync_followup_session,sync_follow_up
5.313874,sync_followup_session,-2040.0,-2040.0,21545.0,-1518164510.0,0.0,1,63836,Delay_Resp,52.0,fcaf6afffe02babe,128,6,33,65535,120,2,32,True,False,False,False,0,H0,sync_followup_session,sync_follow_up
5.376007,sync_followup_session,-18376.0,-18376.0,21545.0,-1518164510.0,0.0,1,59397,Sync,51.0,fcaf6afffe02babe,128,6,33,65535,120,2,32,True,False,False,False,0,H0,sync_followup_session,sync_follow_up
5.432116,sync_followup_session,-18376.0,-18376.0,21545.0,-1518164510.0,0.0,1,62467,Announce,49.0,fcaf6afffe02babe,128,6,33,65535,120,2,32,True,False,False,False,0,H0,sync_followup_session,sync_follow_up
5.432146,sync_followup_session,-2916.0,-2916.0,21545.0,-1518164510.0,0.0,1,59398,Sync,50.0,fcaf6afffe02babe,128,6,33,65535,120,2,32,True,False,False,False,0,H0,sync_followup_session,sync_follow_up
5.436744,sync_followup_session,-2916.0,-2916.0,21545.0,-1518164510.0,0.0,1,63837,Delay_Req,49.0,fcaf6afffe02babe,128,6,33,65535,120,2,32,True,False,False,False,0,H0,sync_followup_session,sync_follow_up
5.436949,sync_followup_session,-890.0,-890.0,19519.0,-1518166536.0,0.0,1,63837,Delay_Resp,50.0,fcaf6afffe02babe,128,6,33,65535,120,2,32,True,False,False,False,0,H0,sync_followup_session,sync_follow_up
5.496037,sync_followup_session,-16222.0,-16222.0,19519.0,-1518166536.0,0.0,1,59399,Sync,49.0,fcaf6afffe02babe,128,6,33,65535,120,2,32,True,False,False,False,0,H0,sync_followup_session,sync_follow_up
5.54618,sync_followup_session,-16222.0,-16222.0,19519.0,-1518166536.0,0.0,1,63838,Delay_Req,49.0,fcaf6afffe02babe,128,6,33,65535,120,2,32,True,False,False,False,0,H0,sync_followup_session,sync_follow_up
5.546379,sync_followup_session,-9546.0,-9546.0,12843.0,-1518173212.0,0.0,1,63838,Delay_Resp,50.0,fcaf6afffe02babe,128,6,33,65535,120,2,32,True,False,False,False,0,H0,sync_followup_session,sync_follow_up
5.560129,sync_followup_session,-9546.0,-9546.0,12843.0,-1518173212.0,0.0,1,62468,Announce,51.0,fcaf6afffe02babe,128,6,33,65535,120,2,32,True,False,False,False,0,H0,sync_followup_session,sync_follow_up
5.56016,sync_followup_session,6798.0,6798.0,12843.0,-1518173212.0,0.0,1,59400,Sync,52.0,fcaf6afffe02babe,128,6,33,65535,120,2,32,True,False,False,False,0,H0,sync_followup_session,sync_follow_up
5.615814,sync_followup_session,6798.0,6798.0,12843.0,-1518173212.0,0.0,1,63839,Delay_Req,49.0,fcaf6afffe02babe,128,6,33,65535,120,2,32,True,False,False,False,0,H0,sync_followup_session,sync_follow_up
5.61604,sync_followup_session,-3362.0,-3362.0,23003.0,-1518163052.0,0.0,1,63839,Delay_Resp,50.0,fcaf6afffe02babe,128,6,33,65535,120,2,32,True,False,False,False,0,H0,sync_followup_session,sync_follow_up
5.624046,sync_followup_session,-21258.0,-21258.0,23003.0,-1518163052.0,0.0,1,59401,Sync,51.0,fcaf6afffe02babe,128,6,33,65535,120,2,32,True,False,False,False,0,H0,sync_followup_session,sync_follow_up
5.65047,sync_followup_session,-21258.0,-21258.0,23003.0,-1518163052.0,0.0,1,63840,Delay_Req,51.0,fcaf6afffe02babe,128,6,33,65535,120,2,32,True,False,False,False,0,H0,sync_followup_session,sync_follow_up
5.650661,sync_followup_session,-8664.0,-8664.0,10409.0,-1518175646.0,0.0,1,63840,Delay_Resp,52.0,fcaf6afffe02babe,128,6,33,65535,120,2,32,True,False,False,False,0,H0,sync_followup_session,sync_follow_up
5.688162,sync_followup_session,-8664.0,-8664.0,10409.0,-1518175646.0,0.0,1,62469,Announce,53.0,fcaf6afffe02babe,128,6,33,65535,120,2,32,True,False,False,False,0,H0,sync_followup_session,sync_follow_up
5.688191,sync_followup_session,8688.0,8688.0,10409.0,-1518175646.0,0.0,1,59402,Sync,54.0,fcaf6afffe02babe,128,6,33,65535,120,2,32,True,False,False,False,0,H0,sync_followup_session,sync_follow_up
5.744042,sync_followup_session,-8680.0,-8680.0,10409.0,-1518175646.0,0.0,1,59403,Sync,49.0,fcaf6afffe02babe,128,6,33,65535,120,2,32,True,False,False,False,0,H0,sync_followup_session,sync_follow_up
5.767616,sync_followup_session,-8680.0,-8680.0,10409.0,-1518175646.0,0.0,1,63841,Delay_Req,49.0,fcaf6afffe02babe,128,6,33,65535,120,2,32,True,False,False,False,0,H0,sync_followup_session,sync_follow_up
5.767837,sync_followup_session,-12346.0,-12346.0,14075.0,-1518171980.0,0.0,1,63841,Delay_Resp,50.0,fcaf6afffe02babe,128,6,33,65535,120,2,32,True,False,False,False,0,H0,sync_followup_session,sync_follow_up
5.808154,sync_followup_session,-12346.0,-12346.0,14075.0,-1518171980.0,0.0,1,62470,Announce,49.0,fcaf6afffe02babe,128,6,33,65535,120,2,32,True,False,False,False,0,H0,sync_followup_session,sync_follow_up
5.808185,sync_followup_session,5338.0,5338.0,14075.0,-1518171980.0,0.0,1,59404,Sync,50.0,fcaf6afffe02babe,128,6,33,65535,120,2,32,True,False,False,False,0,H0,sync_followup_session,sync_follow_up
5.863293,sync_followup_session,5338.0,5338.0,14075.0,-1518171980.0,0.0,1,63842,Delay_Req,49.0,fcaf6afffe02babe,128,6,33,65535,120,2,32,True,False,False,False,0,H0,sync_followup_session,sync_follow_up
5.863617,sync_followup_session,-2072.0,-2072.0,21485.0,-1518164570.0,0.0,1,63842,Delay_Resp,50.0,fcaf6afffe02babe,128,6,33,65535,120,2,32,True,False,False,False,0,H0,sync_followup_session,sync_follow_up
5.87206,sync_followup_session,-20164.0,-20164.0,21485.0,-1518164570.0,0.0,1,59405,Sync,51.0,fcaf6afffe02babe,128,6,33,65535,120,2,32,True,False,False,False,0,H0,sync_followup_session,sync_follow_up
5.901574,sync_followup_session,-20164.0,-20164.0,21485.0,-1518164570.0,0.0,1,63843,Delay_Req,49.0,fcaf6afffe02babe,128,6,33,65535,120,2,32,True,False,False,False,0,H0,sync_followup_session,sync_follow_up
5.901811,sync_followup_session,-11818.0,-11818.0,13139.0,-1518172916.0,0.0,1,63843,Delay_Resp,50.0,fcaf6afffe02babe,128,6,33,65535,120,2,32,True,False,False,False,0,H0,sync_followup_session,sync_follow_up
5.936816,sync_followup_session,-11818.0,-11818.0,13139.0,-1518172916.0,0.0,1,62471,Announce,49.0,fcaf6afffe02babe,128,6,33,65535,120,2,32,True,False,False,False,0,H0,sync_followup_session,sync_follow_up
5.93687,sync_followup_session,-11106.0,-11106.0,13139.0,-1518172916.0,0.0,1,59406,Sync,50.0,fcaf6afffe02babe,128,6,33,65535,120,2,32,True,False,False,False,0,H0,sync_followup_session,sync_follow_up
5.970452,sync_followup_session,-11106.0,-11106.0,13139.0,-1518172916.0,0.0,1,63844,Delay_Req,51.0,fcaf6afffe02babe,128,6,33,65535,120,2,32,True,False,False,False,0,H0,sync_followup_session,sync_follow_up
5.970597,sync_followup_session,-9350.0,-9350.0,11383.0,-1518174672.0,0.0,1,63844,Delay_Resp,52.0,fcaf6afffe02babe,128,6,33,65535,120,2,32,True,False,False,False,0,H0,sync_followup_session,sync_follow_up
5.992173,sync_followup_session,-9350.0,-9350.0,11383.0,-1518174672.0,0.0,1,63845,Delay_Req,53.0,fcaf6afffe02babe,128,6,33,65535,120,2,32,True,False,False,False,0,H0,sync_followup_session,sync_follow_up
5.992349,sync_followup_session,-8632.0,-8632.0,10665.0,-1518175390.0,0.0,1,63845,Delay_Resp,54.0,fcaf6afffe02babe,128,6,33,65535,120,2,32,True,False,False,False,0,H0,sync_followup_session,sync_follow_up
6.000346,sync_followup_session,-9340.0,-9340.0,10665.0,-1518175390.0,0.0,1,59407,Sync,54.0,fcaf6afffe02babe,128,6,33,65535,120,2,32,True,False,False,False,0,H0,sync_followup_session,sync_follow_up
6.00277,sync_followup_session,-9340.0,-9340.0,10665.0,-1518175390.0,0.0,1,63846,Delay_Req,53.0,fcaf6afffe02babe,128,6,33,65535,120,2,32,True,False,False,False,0,H0,sync_followup_session,sync_follow_up
6.002984,sync_followup_session,-11600.0,-11600.0,12925.0,-1518173130.0,0.0,1,63846,Delay_Resp,54.0,fcaf6afffe02babe,128,6,33,65535,120,2,32,True,False,False,False,0,H0,sync_followup_session,sync_follow_up
6.056256,sync_followup_session,-11600.0,-11600.0,12925.0,-1518173130.0,0.0,1,62472,Announce,53.0,fcaf6afffe02babe,128,6,33,65535,120,2,32,True,False,False,False,0,H0,sync_followup_session,sync_follow_up
6.05628,sync_followup_session,-11272.0,-11272.0,12925.0,-1518173130.0,0.0,1,59408,Sync,54.0,fcaf6afffe02babe,128,6,33,65535,120,2,32,True,False,False,False,0,H0,sync_followup_session,sync_follow_up
6.066862,sync_followup_session,-11272.0,-11272.0,12925.0,-1518173130.0,0.0,1,63847,Delay_Req,53.0,fcaf6afffe02babe,128,6,33,65535,120,2,32,True,False,False,False,0,H0,sync_followup_session,sync_follow_up
6.06704,sync_followup_session,-9046.0,-9046.0,10699.0,-1518175356.0,0.0,1,63847,Delay_Resp,54.0,fcaf6afffe02babe,128,6,33,65535,120,2,32,True,False,False,False,0,H0,sync_followup_session,sync_follow_up
6.103128,sync_followup_session,-9046.0,-9046.0,10699.0,-1518175356.0,0.0,1,63848,Delay_Req,53.0,fcaf6afffe02babe,128,6,33,65535,120,2,32,True,False,False,False,0,H0,sync_followup_session,sync_follow_up
6.103336,sync_followup_session,-10222.0,-10222.0,11875.0,-1518174180.0,0.0,1,63848,Delay_Resp,54.0,fcaf6afffe02babe,128,6,33,65535,120,2,32,True,False,False,False,0,H0,sync_followup_session,sync_follow_up
6.120092,sync_followup_session,-9718.0,-9718.0,11875.0,-1518174180.0,0.0,1,59409,Sync,54.0,fcaf6afffe02babe,128,6,33,65535,120,2,32,True,False,False,False,0,H0,sync_followup_session,sync_follow_up
6.18424,sync_followup_session,-9718.0,-9718.0,11875.0,-1518174180.0,0.0,1,62473,Announce,53.0,fcaf6afffe02babe,128,6,33,65535,120,2,32,True,False,False,False,0,H0,sync_followup_session,sync_follow_up
6.18427,sync_followup_session,7434.0,7434.0,11875.0,-1518174180.0,0.0,1,59410,Sync,54.0,fcaf6afffe02babe,128,6,33,65535,120,2,32,True,False,False,False,0,H0,sync_followup_session,sync_follow_up
6.21866,sync_followup_session,7434.0,7434.0,11875.0,-1518174180.0,0.0,1,63849,Delay_Req,53.0,fcaf6afffe02babe,128,6,33,65535,120,2,32,True,False,False,False,0,H0,sync_followup_session,sync_follow_up
6.218842,sync_followup_session,-2984.0,-2984.0,22293.0,-1518163762.0,0.0,1,63849,Delay_Resp,54.0,fcaf6afffe02babe,128,6,33,65535,120,2,32,True,False,False,False,0,H0,sync_followup_session,sync_follow_up
6.241228,sync_followup_session,-2984.0,-2984.0,22293.0,-1518163762.0,0.0,1,63850,Delay_Req,55.0,fcaf6afffe02babe,128,6,33,65535,120,2,32,True,False,False,False,0,H0,sync_followup_session,sync_follow_up
6.241425,sync_followup_session,-3046.0,-3046.0,22355.0,-1518163700.0,0.0,1,63850,Delay_Resp,56.0,fcaf6afffe02babe,128,6,33,65535,120,2,32,True,False,False,False,0,H0,sync_followup_session,sync_follow_up
6.248095,sync_followup_session,-20122.0,-20122.0,22355.0,-1518163700.0,0.0,1,59411,Sync,54.0,fcaf6afffe02babe,128,6,33,65535,120,2,32,True,False,False,False,0,H0,sync_followup_session,sync_follow_up
6.312251,sync_followup_session,-20122.0,-20122.0,22355.0,-1518163700.0,0.0,1,62474,Announce,53.0,fcaf6afffe02babe,128,6,33,65535,120,2,32,True,False,False,False,0,H0,sync_followup_session,sync_follow_up
6.31228,sync_followup_session,-3070.0,-3070.0,22355.0,-1518163700.0,0.0,1,59412,Sync,54.0,fcaf6afffe02babe,128,6,33,65535,120,2,32,True,False,False,False,0,H0,sync_followup_session,sync_follow_up
6.343337,sync_followup_session,-3070.0,-3070.0,22355.0,-1518163700.0,0.0,1,63851,Delay_Req,53.0,fcaf6afffe02babe,128,6,33,65535,120,2,32,True,False,False,False,0,H0,sync_followup_session,sync_follow_up
6.343525,sync_followup_session,-2464.0,-2464.0,21749.0,-1518164306.0,0.0,1,63851,Delay_Resp,54.0,fcaf6afffe02babe,128,6,33,65535,120,2,32,True,False,False,False,0,H0,sync_followup_session,sync_follow_up
6.37606,sync_followup_session,-19080.0,-19080.0,21749.0,-1518164306.0,0.0,1,59413,Sync,54.0,fcaf6afffe02babe,128,6,33,65535,120,2,32,True,False,False,False,0,H0,sync_followup_session,sync_follow_up
6.380976,sync_followup_session,-19080.0,-19080.0,21749.0,-1518164306.0,0.0,1,63852,Delay_Req,55.0,fcaf6afffe02babe,128,6,33,65535,120,2,32,True,False,False,False,0,H0,sync_followup_session,sync_follow_up
6.3812,sync_followup_session,-10662.0,-10662.0,13331.0,-1518172724.0,0.0,1,63852,Delay_Resp,56.0,fcaf6afffe02babe,128,6,33,65535,120,2,32,True,False,False,False,0,H0,sync_followup_session,sync_follow_up
6.432213,sync_followup_session,-10662.0,-10662.0,13331.0,-1518172724.0,0.0,1,62475,Announce,55.0,fcaf6afffe02babe,128,6,33,65535,120,2,32,True,False,False,False,0,H0,sync_followup_session,sync_follow_up
6.432244,sync_followup_session,6238.0,6238.0,13331.0,-1518172724.0,0.0,1,59414,Sync,56.0,fcaf6afffe02babe,128,6,33,65535,120,2,32,True,False,False,False,0,H0,sync_followup_session,sync_follow_up
6.432727,sync_followup_session,6238.0,6238.0,13331.0,-1518172724.0,0.0,1,63853,Delay_Req,57.0,fcaf6afffe02babe,128,6,33,65535,120,2,32,True,False,False,False,0,H0,sync_followup_session,sync_follow_up
6.43292,sync_followup_session,-218.0,-218.0,19787.0,-1518166268.0,0.0,1,63853,Delay_Resp,58.0,fcaf6afffe02babe,128,6,33,65535,120,2,32,True,False,False,False,0,H0,sync_followup_session,sync_follow_up
6.459346,sync_followup_session,-218.0,-218.0,19787.0,-1518166268.0,0.0,1,63854,Delay_Req,57.0,fcaf6afffe02babe,128,6,33,65535,120,2,32,True,False,False,False,0,H0,sync_followup_session,sync_follow_up
6.459541,sync_followup_session,-1434.0,-1434.0,21003.0,-1518165052.0,0.0,1,63854,Delay_Resp,58.0,fcaf6afffe02babe,128,6,33,65535,120,2,32,True,False,False,False,0,H0,sync_followup_session,sync_follow_up
6.466586,sync_followup_session,-1434.0,-1434.0,21003.0,-1518165052.0,0.0,1,63855,Delay_Req,59.0,fcaf6afffe02babe,128,6,33,65535,120,2,32,True,False,False,False,0,H0,sync_followup_session,sync_follow_up
6.466768,sync_followup_session,300.0,300.0,19269.0,-1518166786.0,0.0,1,63855,Delay_Resp,60.0,fcaf6afffe02babe,128,6,33,65535,120,2,32,True,False,False,False,0,H0,sync_followup_session,sync_follow_up
6.496064,sync_followup_session,-16684.0,-16684.0,19269.0,-1518166786.0,0.0,1,59415,Sync,60.0,fcaf6afffe02babe,128,6,33,65535,120,2,32,True,False,False,False,0,H0,sync_followup_session,sync_follow_up
6.50764,sync_followup_session,-16684.0,-16684.0,19269.0,-1518166786.0,0.0,1,63856,Delay_Req,61.0,fcaf6afffe02babe,128,6,33,65535,120,2,32,True,False,False,False,0,H0,sync_followup_session,sync_follow_up
6.507835,sync_followup_session,-10350.0,-10350.0,12935.0,-1518173120.0,0.0,1,63856,Delay_Resp,62.0,fcaf6afffe02babe,128,6,33,65535,120,2,32,True,False,False,False,0,H0,sync_followup_session,sync_follow_up
6.560169,sync_followup_session,-10350.0,-10350.0,12935.0,-1518173120.0,0.0,1,62476,Announce,59.0,fcaf6afffe02babe,128,6,33,65535,120,2,32,True,False,False,False,0,H0,sync_followup_session,sync_follow_up
6.560199,sync_followup_session,5978.0,5978.0,12935.0,-1518173120.0,0.0,1,59416,Sync,60.0,fcaf6afffe02babe,128,6,33,65535,120,2,32,True,False,False,False,0,H0,sync_followup_session,sync_follow_up
6.605442,sync_followup_session,5978.0,5978.0,12935.0,-1518173120.0,0.0,1,63857,Delay_Req,61.0,fcaf6afffe02babe,128,6,33,65535,120,2,32,True,False,False,False,0,H0,sync_followup_session,sync_follow_up
6.60562,sync_followup_session,-1980.0,-1980.0,20893.0,-1518165162.0,0.0,1,63857,Delay_Resp,62.0,fcaf6afffe02babe,128,6,33,65535,120,2,32,True,False,False,False,0,H0,sync_followup_session,sync_follow_up
6.624021,sync_followup_session,-17484.0,-17484.0,20893.0,-1518165162.0,0.0,1,59417,Sync,61.0,fcaf6afffe02babe,128,6,33,65535,120,2,32,True,False,False,False,0,H0,sync_followup_session,sync_follow_up
6.644543,sync_followup_session,-17484.0,-17484.0,20893.0,-1518165162.0,0.0,1,63858,Delay_Req,61.0,fcaf6afffe02babe,128,6,33,65535,120,2,32,True,False,False,False,0,H0,sync_followup_session,sync_follow_up
6.644761,sync_followup_session,-10700.0,-10700.0,14109.0,-1518171946.0,0.0,1,63858,Delay_Resp,62.0,fcaf6afffe02babe,128,6,33,65535,120,2,32,True,False,False,False,0,H0,sync_followup_session,sync_follow_up
6.688149,sync_followup_session,-10700.0,-10700.0,14109.0,-1518171946.0,0.0,1,62477,Announce,61.0,fcaf6afffe02babe,128,6,33,65535,120,2,32,True,False,False,False,0,H0,sync_followup_session,sync_follow_up
6.688179,sync_followup_session,4516.0,4516.0,14109.0,-1518171946.0,0.0,1,59418,Sync,61.0,fcaf6afffe02babe,128,6,33,65535,120,2,32,True,False,False,False,0,H0,sync_followup_session,sync_follow_up
6.695298,sync_followup_session,4516.0,4516.0,14109.0,-1518171946.0,0.0,1,63859,Delay_Req,61.0,fcaf6afffe02babe,128,6,33,65535,120,2,32,True,False,False,False,0,H0,sync_followup_session,sync_follow_up
6.695494,sync_followup_session,26.0,26.0,18599.0,-1518167456.0,0.0,1,63859,Delay_Resp,62.0,fcaf6afffe02babe,128,6,33,65535,120,2,32,True,False,False,False,0,H0,sync_followup_session,sync_follow_up
6.744031,sync_followup_session,-15526.0,-15526.0,18599.0,-1518167456.0,0.0,1,59419,Sync,63.0,fcaf6afffe02babe,128,6,33,65535,120,2,32,True,False,False,False,0,H0,sync_followup_session,sync_follow_up
6.804024,sync_followup_session,-15526.0,-15526.0,18599.0,-1518167456.0,0.0,1,63860,Delay_Req,61.0,fcaf6afffe02babe,128,6,33,65535,120,2,32,True,False,False,False,0,H0,sync_followup_session,sync_follow_up
6.804196,sync_followup_session,-10310.0,-10310.0,13383.0,-1518172672.0,0.0,1,63860,Delay_Resp,62.0,fcaf6afffe02babe,128,6,33,65535,120,2,32,True,False,False,False,0,H0,sync_followup_session,sync_follow_up
6.80819,sync_followup_session,-10310.0,-10310.0,13383.0,-1518172672.0,0.0,1,62478,Announce,61.0,fcaf6afffe02babe,128,6,33,65535,120,2,32,True,False,False,False,0,H0,sync_followup_session,sync_follow_up
6.808221,sync_followup_session,6058.0,6058.0,13383.0,-1518172672.0,0.0,1,59420,Sync,62.0,fcaf6afffe02babe,128,6,33,65535,120,2,32,True,False,False,False,0,H0,sync_followup_session,sync_follow_up
6.871996,sync_followup_session,-11478.0,-11478.0,13383.0,-1518172672.0,0.0,1,59421,Sync,61.0,fcaf6afffe02babe,128,6,33,65535,120,2,32,True,False,False,False,0,H0,sync_followup_session,sync_follow_up
6.918367,sync_followup_session,-11478.0,-11478.0,13383.0,-1518172672.0,0.0,1,63861,Delay_Req,59.0,fcaf6afffe02babe,128,6,33,65535,120,2,32,True,False,False,False,0,H0,sync_followup_session,sync_follow_up
6.918559,sync_followup_session,-9470.0,-9470.0,11375.0,-1518174680.0,0.0,1,63861,Delay_Resp,60.0,fcaf6afffe02babe,128,6,33,65535,120,2,32,True,False,False,False,0,H0,sync_followup_session,sync_follow_up
6.936161,sync_followup_session,-9470.0,-9470.0,11375.0,-1518174680.0,0.0,1,62479,Announce,61.0,fcaf6afffe02babe,128,6,33,65535,120,2,32,True,False,False,False,0,H0,sync_followup_session,sync_follow_up
6.936192,sync_followup_session,8858.0,8858.0,11375.0,-1518174680.0,0.0,1,59422,Sync,62.0,fcaf6afffe02babe,128,6,33,65535,120,2,32,True,False,False,False,0,H0,sync_followup_session,sync_follow_up
7.000022,sync_followup_session,-8814.0,-8814.0,11375.0,-1518174680.0,0.0,1,59423,Sync,57.0,fcaf6afffe02babe,128,6,33,65535,120,2,32,True,False,False,False,0,H0,sync_followup_session,sync_follow_up
7.019231,sync_followup_session,-8814.0,-8814.0,11375.0,-1518174680.0,0.0,1,63862,Delay_Req,55.0,fcaf6afffe02babe,128,6,33,65535,120,2,32,True,False,False,False,0,H0,sync_followup_session,sync_follow_up
7.019426,sync_followup_session,-10154.0,-10154.0,12715.0,-1518173340.0,0.0,1,63862,Delay_Resp,56.0,fcaf6afffe02babe,128,6,33,65535,120,2,32,True,False,False,False,0,H0,sync_followup_session,sync_follow_up
7.064088,sync_followup_session,-10154.0,-10154.0,12715.0,-1518173340.0,0.0,1,62480,Announce,55.0,fcaf6afffe02babe,128,6,33,65535,120,2,32,True,False,False,False,0,H0,sync_followup_session,sync_follow_up
7.064117,sync_followup_session,6122.0,6122.0,12715.0,-1518173340.0,0.0,1,59424,Sync,56.0,fcaf6afffe02babe,128,6,33,65535,120,2,32,True,False,False,False,0,H0,sync_followup_session,sync_follow_up
7.097677,sync_followup_session,6122.0,6122.0,12715.0,-1518173340.0,0.0,1,63863,Delay_Req,55.0,fcaf6afffe02babe,128,6,33,65535,120,2,32,True,False,False,False,0,H0,sync_followup_session,sync_follow_up
7.097872,sync_followup_session,-1244.0,-1244.0,20081.0,-1518165974.0,0.0,1,63863,Delay_Resp,56.0,fcaf6afffe02babe,128,6,33,65535,120,2,32,True,False,False,False,0,H0,sync_followup_session,sync_follow_up
7.110258,sync_followup_session,-1244.0,-1244.0,20081.0,-1518165974.0,0.0,1,63864,Delay_Req,55.0,fcaf6afffe02babe,128,6,33,65535,120,2,32,True,False,False,False,0,H0,sync_followup_session,sync_follow_up
7.11041,sync_followup_session,-2946.0,-2946.0,21783.0,-1518164272.0,0.0,1,63864,Delay_Resp,56.0,fcaf6afffe02babe,128,6,33,65535,120,2,32,True,False,False,False,0,H0,sync_followup_session,sync_follow_up
7.119994,sync_followup_session,-19682.0,-19682.0,21783.0,-1518164272.0,0.0,1,59425,Sync,57.0,fcaf6afffe02babe,128,6,33,65535,120,2,32,True,False,False,False,0,H0,sync_followup_session,sync_follow_up
7.132574,sync_followup_session,-19682.0,-19682.0,21783.0,-1518164272.0,0.0,1,63865,Delay_Req,57.0,fcaf6afffe02babe,128,6,33,65535,120,2,32,True,False,False,False,0,H0,sync_followup_session,sync_follow_up
7.132794,sync_followup_session,-10096.0,-10096.0,12197.0,-1518173858.0,0.0,1,63865,Delay_Resp,58.0,fcaf6afffe02babe,128,6,33,65535,120,2,32,True,False,False,False,0,H0,sync_followup_session,sync_follow_up
7.184119,sync_followup_session,-10096.0,-10096.0,12197.0,-1518173858.0,0.0,1,62481,Announce,59.0,fcaf6afffe02babe,128,6,33,65535,120,2,32,True,False,False,False,0,H0,sync_followup_session,sync_follow_up
7.184149,sync_followup_session,7120.0,7120.0,12197.0,-1518173858.0,0.0,1,59426,Sync,60.0,fcaf6afffe02babe,128,6,33,65535,120,2,32,True,False,False,False,0,H0,sync_followup_session,sync_follow_up
7.21448,sync_followup_session,7120.0,7120.0,12197.0,-1518173858.0,0.0,1,63866,Delay_Req,59.0,fcaf6afffe02babe,128,6,33,65535,120,2,32,True,False,False,False,0,H0,sync_followup_session,sync_follow_up
7.214686,sync_followup_session,-2258.0,-2258.0,21575.0,-1518164480.0,0.0,1,63866,Delay_Resp,60.0,fcaf6afffe02babe,128,6,33,65535,120,2,32,True,False,False,False,0,H0,sync_followup_session,sync_follow_up
7.24739,sync_followup_session,-2258.0,-2258.0,21575.0,-1518164480.0,0.0,1,63867,Delay_Req,57.0,fcaf6afffe02babe,128,6,33,65535,120,2,32,True,False,False,False,0,H0,sync_followup_session,sync_follow_up
7.247586,sync_followup_session,-3476.0,-3476.0,22793.0,-1518163262.0,0.0,1,63867,Delay_Resp,58.0,fcaf6afffe02babe,128,6,33,65535,120,2,32,True,False,False,False,0,H0,sync_followup_session,sync_follow_up
7.247993,sync_followup_session,-20624.0,-20624.0,22793.0,-1518163262.0,0.0,1,59427,Sync,59.0,fcaf6afffe02babe,128,6,33,65535,120,2,32,True,False,False,False,0,H0,sync_followup_session,sync_follow_up
7.268378,sync_followup_session,-20624.0,-20624.0,22793.0,-1518163262.0,0.0,1,63868,Delay_Req,59.0,fcaf6afffe02babe,128,6,33,65535,120,2,32,True,False,False,False,0,H0,sync_followup_session,sync_follow_up
7.268594,sync_followup_session,-9702.0,-9702.0,11871.0,-1518174184.0,0.0,1,63868,Delay_Resp,60.0,fcaf6afffe02babe,128,6,33,65535,120,2,32,True,False,False,False,0,H0,sync_followup_session,sync_follow_up
7.298648,sync_followup_session,-9702.0,-9702.0,11871.0,-1518174184.0,0.0,1,63869,Delay_Req,61.0,fcaf6afffe02babe,128,6,33,65535,120,2,32,True,False,False,False,0,H0,sync_followup_session,sync_follow_up
7.298867,sync_followup_session,-11850.0,-11850.0,14019.0,-1518172036.0,0.0,1,63869,Delay_Resp,62.0,fcaf6afffe02babe,128,6,33,65535,120,2,32,True,False,False,False,0,H0,sync_followup_session,sync_follow_up
7.312118,sync_followup_session,-11850.0,-11850.0,14019.0,-1518172036.0,0.0,1,62482,Announce,63.0,fcaf6afffe02babe,128,6,33,65535,120,2,32,True,False,False,False,0,H0,sync_followup_session,sync_follow_up
7.312147,sync_followup_session,4842.0,4842.0,14019.0,-1518172036.0,0.0,1,59428,Sync,64.0,fcaf6afffe02babe,128,6,33,65535,120,2,32,True,False,False,False,0,H0,sync_followup_session,sync_follow_up
7.367817,sync_followup_session,4842.0,4842.0,14019.0,-1518172036.0,0.0,1,63870,Delay_Req,61.0,fcaf6afffe02babe,128,6,33,65535,120,2,32,True,False,False,False,0,H0,sync_followup_session,sync_follow_up
7.367987,sync_followup_session,-1368.0,-1368.0,20229.0,-1518165826.0,0.0,1,63870,Delay_Resp,62.0,fcaf6afffe02babe,128,6,33,65535,120,2,32,True,False,False,False,0,H0,sync_followup_session,sync_follow_up
7.369671,sync_followup_session,-1368.0,-1368.0,20229.0,-1518165826.0,0.0,1,63871,Delay_Req,63.0,fcaf6afffe02babe,128,6,33,65535,120,2,32,True,False,False,False,0,H0,sync_followup_session,sync_follow_up
7.369865,sync_followup_session,-2398.0,-2398.0,21259.0,-1518164796.0,0.0,1,63871,Delay_Resp,64.0,fcaf6afffe02babe,128,6,33,65535,120,2,32,True,False,False,False,0,H0,sync_followup_session,sync_follow_up
7.376066,sync_followup_session,-19610.0,-19610.0,21259.0,-1518164796.0,0.0,1,59429,Sync,64.0,fcaf6afffe02babe,128,6,33,65535,120,2,32,True,False,False,False,0,H0,sync_followup_session,sync_follow_up
7.432423,sync_followup_session,-19610.0,-19610.0,21259.0,-1518164796.0,0.0,1,62483,Announce,61.0,fcaf6afffe02babe,128,6,33,65535,120,2,32,True,False,False,False,0,H0,sync_followup_session,sync_follow_up
7.432454,sync_followup_session,-1962.0,-1962.0,21259.0,-1518164796.0,0.0,1,59430,Sync,62.0,fcaf6afffe02babe,128,6,33,65535,120,2,32,True,False,False,False,0,H0,sync_followup_session,sync_follow_up
7.461399,sync_followup_session,-1962.0,-1962.0,21259.0,-1518164796.0,0.0,1,63872,Delay_Req,59.0,fcaf6afffe02babe,128,6,33,65535,120,2,32,True,False,False,False,0,H0,sync_followup_session,sync_follow_up
7.46159,sync_followup_session,-3604.0,-3604.0,22901.0,-1518163154.0,0.0,1,63872,Delay_Resp,60.0,fcaf6afffe02babe,128,6,33,65535,120,2,32,True,False,False,False,0,H0,sync_followup_session,sync_follow_up
7.49632,sync_followup_session,-19532.0,-19532.0,22901.0,-1518163154.0,0.0,1,59431,Sync,58.0,fcaf6afffe02babe,128,6,33,65535,120,2,32,True,False,False,False,0,H0,sync_followup_session,sync_follow_up
7.560242,sync_followup_session,-19532.0,-19532.0,22901.0,-1518163154.0,0.0,1,62484,Announce,55.0,fcaf6afffe02babe,128,6,33,65535,120,2,32,True,False,False,False,0,H0,sync_followup_session,sync_follow_up
7.560273,sync_followup_session,-3800.0,-3800.0,22901.0,-1518163154.0,0.0,1,59432,Sync,56.0,fcaf6afffe02babe,128,6,33,65535,120,2,32,True,False,False,False,0,H0,sync_followup_session,sync_follow_up
7.577863,sync_followup_session,-3800.0,-3800.0,22901.0,-1518163154.0,0.0,1,63873,Delay_Req,57.0,fcaf6afffe02babe,128,6,33,65535,120,2,32,True,False,False,False,0,H0,sync_followup_session,sync_follow_up
7.578022,sync_followup_session,-2386.0,-2386.0,21487.0,-1518164568.0,0.0,1,63873,Delay_Resp,58.0,fcaf6afffe02babe,128,6,33,65535,120,2,32,True,False,False,False,0,H0,sync_followup_session,sync_follow_up
7.618222,sync_followup_session,-2386.0,-2386.0,21487.0,-1518164568.0,0.0,1,63874,Delay_Req,57.0,fcaf6afffe02babe,128,6,33,65535,120,2,32,True,False,False,False,0,H0,sync_followup_session,sync_follow_up
7.618418,sync_followup_session,-1056.0,-1056.0,20157.0,-1518165898.0,0.0,1,63874,Delay_Resp,58.0,fcaf6afffe02babe,128,6,33,65535,120,2,32,True,False,False,False,0,H0,sync_followup_session,sync_follow_up
7.624088,sync_followup_session,-18312.0,-18312.0,20157.0,-1518165898.0,0.0,1,59433,Sync,58.0,fcaf6afffe02babe,128,6,33,65535,120,2,32,True,False,False,False,0,H0,sync_followup_session,sync_follow_up
7.688228,sync_followup_session,-18312.0,-18312.0,20157.0,-1518165898.0,0.0,1,62485,Announce,55.0,fcaf6afffe02babe,128,6,33,65535,120,2,32,True,False,False,False,0,H0,sync_followup_session,sync_follow_up
7.688259,sync_followup_session,-484.0,-484.0,20157.0,-1518165898.0,0.0,1,59434,Sync,56.0,fcaf6afffe02babe,128,6,33,65535,120,2,32,True,False,False,False,0,H0,sync_followup_session,sync_follow_up
7.738557,sync_followup_session,-484.0,-484.0,20157.0,-1518165898.0,0.0,1,63875,Delay_Req,55.0,fcaf6afffe02babe,128,6,33,65535,120,2,32,True,False,False,False,0,H0,sync_followup_session,sync_follow_up
7.738749,sync_followup_session,-2374.0,-2374.0,22047.0,-1518164008.0,0.0,1,63875,Delay_Resp,56.0,fcaf6afffe02babe,128,6,33,65535,120,2,32,True,False,False,False,0,H0,sync_followup_session,sync_follow_up
7.74406,sync_followup_session,-20310.0,-20310.0,22047.0,-1518164008.0,0.0,1,59435,Sync,56.0,fcaf6afffe02babe,128,6,33,65535,120,2,32,True,False,False,False,0,H0,sync_followup_session,sync_follow_up
7.78615,sync_followup_session,-20310.0,-20310.0,22047.0,-1518164008.0,0.0,1,63876,Delay_Req,57.0,fcaf6afffe02babe,128,6,33,65535,120,2,32,True,False,False,False,0,H0,sync_followup_session,sync_follow_up
7.786347,sync_followup_session,-11982.0,-11982.0,13719.0,-1518172336.0,0.0,1,63876,Delay_Resp,58.0,fcaf6afffe02babe,128,6,33,65535,120,2,32,True,False,False,False,0,H0,sync_followup_session,sync_follow_up
7.808206,sync_followup_session,-11982.0,-11982.0,13719.0,-1518172336.0,0.0,1,62486,Announce,56.0,fcaf6afffe02babe,128,6,33,65535,120,2,32,True,False,False,False,0,H0,sync_followup_session,sync_follow_up
7.808238,sync_followup_session,6178.0,6178.0,13719.0,-1518172336.0,0.0,1,59436,Sync,56.0,fcaf6afffe02babe,128,6,33,65535,120,2,32,True,False,False,False,0,H0,sync_followup_session,sync_follow_up
7.822534,sync_followup_session,6178.0,6178.0,13719.0,-1518172336.0,0.0,1,63877,Delay_Req,57.0,fcaf6afffe02babe,128,6,33,65535,120,2,32,True,False,False,False,0,H0,sync_followup_session,sync_follow_up
7.822728,sync_followup_session,-1340.0,-1340.0,21237.0,-1518164818.0,0.0,1,63877,Delay_Resp,58.0,fcaf6afffe02babe,128,6,33,65535,120,2,32,True,False,False,False,0,H0,sync_followup_session,sync_follow_up
7.833818,sync_followup_session,-1340.0,-1340.0,21237.0,-1518164818.0,0.0,1,63878,Delay_Req,59.0,fcaf6afffe02babe,128,6,33,65535,120,2,32,True,False,False,False,0,H0,sync_followup_session,sync_follow_up
7.833983,sync_followup_session,-212.0,-212.0,20109.0,-1518165946.0,0.0,1,63878,Delay_Resp,60.0,fcaf6afffe02babe,128,6,33,65535,120,2,32,True,False,False,False,0,H0,sync_followup_session,sync_follow_up
7.872149,sync_followup_session,-18080.0,-18080.0,20109.0,-1518165946.0,0.0,1,59437,Sync,60.0,fcaf6afffe02babe,128,6,33,65535,120,2,32,True,False,False,False,0,H0,sync_followup_session,sync_follow_up
7.909296,sync_followup_session,-18080.0,-18080.0,20109.0,-1518165946.0,0.0,1,63879,Delay_Req,61.0,fcaf6afffe02babe,128,6,33,65535,120,2,32,True,False,False,False,0,H0,sync_followup_session,sync_follow_up
7.9095,sync_followup_session,-11112.0,-11112.0,13141.0,-1518172914.0,0.0,1,63879,Delay_Resp,62.0,fcaf6afffe02babe,128,6,33,65535,120,2,32,True,False,False,False,0,H0,sync_followup_session,sync_follow_up
7.936229,sync_followup_session,-11112.0,-11112.0,13141.0,-1518172914.0,0.0,1,62487,Announce,59.0,fcaf6afffe02babe,128,6,33,65535,120,2,32,True,False,False,False,0,H0,sync_followup_session,sync_follow_up
7.936259,sync_followup_session,5916.0,5916.0,13141.0,-1518172914.0,0.0,1,59438,Sync,60.0,fcaf6afffe02babe,128,6,33,65535,120,2,32,True,False,False,False,0,H0,sync_followup_session,sync_follow_up
7.963813,sync_followup_session,5916.0,5916.0,13141.0,-1518172914.0,0.0,1,63880,Delay_Req,61.0,fcaf6afffe02babe,128,6,33,65535,120,2,32,True,False,False,False,0,H0,sync_followup_session,sync_follow_up
7.964011,sync_followup_session,-1258.0,-1258.0,20315.0,-1518165740.0,0.0,1,63880,Delay_Resp,62.0,fcaf6afffe02babe,128,6,33,65535,120,2,32,True,False,False,False,0,H0,sync_followup_session,sync_follow_up
8.000034,sync_followup_session,-17658.0,-17658.0,20315.0,-1518165740.0,0.0,1,59439,Sync,62.0,fcaf6afffe02babe,128,6,33,65535,120,2,32,True,False,False,False,0,H0,sync_followup_session,sync_follow_up
8.023013,sync_followup_session,-17658.0,-17658.0,20315.0,-1518165740.0,0.0,1,63881,Delay_Req,61.0,fcaf6afffe02babe,128,6,33,65535,120,2,32,True,False,False,False,0,H0,sync_followup_session,sync_follow_up
8.023213,sync_followup_session,-11890.0,-11890.0,14547.0,-1518171508.0,0.0,1,63881,Delay_Resp,62.0,fcaf6afffe02babe,128,6,33,65535,120,2,32,True,False,False,False,0,H0,sync_followup_session,sync_follow_up
8.064111,sync_followup_session,-11890.0,-11890.0,14547.0,-1518171508.0,0.0,1,62488,Announce,62.0,fcaf6afffe02babe,128,6,33,65535,120,2,32,True,False,False,False,0,H0,sync_followup_session,sync_follow_up
8.064143,sync_followup_session,5838.0,5838.0,14547.0,-1518171508.0,0.0,1,59440,Sync,62.0,fcaf6afffe02babe,128,6,33,65535,120,2,32,True,False,False,False,0,H0,sync_followup_session,sync_follow_up
8.066867,sync_followup_session,5838.0,5838.0,14547.0,-1518171508.0,0.0,1,63882,Delay_Req,63.0,fcaf6afffe02babe,128,6,33,65535,120,2,32,True,False,False,False,0,H0,sync_followup_session,sync_follow_up
8.067098,sync_followup_session,-586.0,-586.0,20971.0,-1518165084.0,0.0,1,63882,Delay_Resp,64.0,fcaf6afffe02babe,128,6,33,65535,120,2,32,True,False,False,False,0,H0,sync_followup_session,sync_follow_up
8.101924,sync_followup_session,-586.0,-586.0,20971.0,-1518165084.0,0.0,1,63883,Delay_Req,63.0,fcaf6afffe02babe,128,6,33,65535,120,2,32,True,False,False,False,0,H0,sync_followup_session,sync_follow_up
8.102119,sync_followup_session,-984.0,-984.0,21369.0,-1518164686.0,0.0,1,63883,Delay_Resp,64.0,fcaf6afffe02babe,128,6,33,65535,120,2,32,True,False,False,False,0,H0,sync_followup_session,sync_follow_up
8.120075,sync_followup_session,-984.0,-984.0,21369.0,-1518164686.0,0.0,1,63884,Delay_Req,62.0,fcaf6afffe02babe,128,6,33,65535,120,2,32,True,False,False,False,0,H0,sync_followup_session,sync_follow_up
8.120097,sync_followup_session,-20192.0,-20192.0,21369.0,-1518164686.0,0.0,1,59441,Sync,63.0,fcaf6afffe02babe,128,6,33,65535,120,2,32,True,False,False,False,0,H0,sync_followup_session,sync_follow_up
8.120266,sync_followup_session,-9582.0,-9582.0,10759.0,-1518175296.0,0.0,1,63884,Delay_Resp,64.0,fcaf6afffe02babe,128,6,33,65535,120,2,32,True,False,False,False,0,H0,sync_followup_session,sync_follow_up
8.140686,sync_followup_session,-9582.0,-9582.0,10759.0,-1518175296.0,0.0,1,63885,Delay_Req,63.0,fcaf6afffe02babe,128,6,33,65535,120,2,32,True,False,False,False,0,H0,sync_followup_session,sync_follow_up
8.140873,sync_followup_session,-11894.0,-11894.0,13071.0,-1518172984.0,0.0,1,63885,Delay_Resp,64.0,fcaf6afffe02babe,128,6,33,65535,120,2,32,True,False,False,False,0,H0,sync_followup_session,sync_follow_up
8.184224,sync_followup_session,-11894.0,-11894.0,13071.0,-1518172984.0,0.0,1,62489,Announce,63.0,fcaf6afffe02babe,128,6,33,65535,120,2,32,True,False,False,False,0,H0,sync_followup_session,sync_follow_up
8.184254,sync_followup_session,6214.0,6214.0,13071.0,-1518172984.0,0.0,1,59442,Sync,64.0,fcaf6afffe02babe,128,6,33,65535,120,2,32,True,False,False,False,0,H0,sync_followup_session,sync_follow_up
8.192135,sync_followup_session,6214.0,6214.0,13071.0,-1518172984.0,0.0,1,63886,Delay_Req,65.0,fcaf6afffe02babe,128,6,33,65535,120,2,32,True,False,False,False,0,H0,sync_followup_session,sync_follow_up
8.192374,sync_followup_session,-1888.0,-1888.0,21173.0,-1518164882.0,0.0,1,63886,Delay_Resp,66.0,fcaf6afffe02babe,128,6,33,65535,120,2,32,True,False,False,False,0,H0,sync_followup_session,sync_follow_up
8.235054,sync_followup_session,-1888.0,-1888.0,21173.0,-1518164882.0,0.0,1,63887,Delay_Req,65.0,fcaf6afffe02babe,128,6,33,65535,120,2,32,True,False,False,False,0,H0,sync_followup_session,sync_follow_up
8.235292,sync_followup_session,-1290.0,-1290.0,20575.0,-1518165480.0,0.0,1,63887,Delay_Resp,66.0,fcaf6afffe02babe,128,6,33,65535,120,2,32,True,False,False,False,0,H0,sync_followup_session,sync_follow_up
8.243405,sync_followup_session,-1290.0,-1290.0,20575.0,-1518165480.0,0.0,1,63888,Delay_Req,67.0,fcaf6afffe02babe,128,6,33,65535,120,2,32,True,False,False,False,0,H0,sync_followup_session,sync_follow_up
8.243602,sync_followup_session,-2048.0,-2048.0,21333.0,-1518164722.0,0.0,1,63888,Delay_Resp,68.0,fcaf6afffe02babe,128,6,33,65535,120,2,32,True,False,False,False,0,H0,sync_followup_session,sync_follow_up
8.24806,sync_followup_session,-19268.0,-19268.0,21333.0,-1518164722.0,0.0,1,59443,Sync,66.0,fcaf6afffe02babe,128,6,33,65535,120,2,32,True,False,False,False,0,H0,sync_followup_session,sync_follow_up
8.308415,sync_followup_session,-19268.0,-19268.0,21333.0,-1518164722.0,0.0,1,63889,Delay_Req,63.0,fcaf6afffe02babe,128,6,33,65535,120,2,32,True,False,False,False,0,H0,sync_followup_session,sync_follow_up
8.308635,sync_followup_session,-10908.0,-10908.0,12973.0,-1518173082.0,0.0,1,63889,Delay_Resp,64.0,fcaf6afffe02babe,128,6,33,65535,120,2,32,True,False,False,False,0,H0,sync_followup_session,sync_follow_up
8.31221,sync_followup_session,-10908.0,-10908.0,12973.0,-1518173082.0,0.0,1,62490,Announce,63.0,fcaf6afffe02babe,128,6,33,65535,120,2,32,True,False,False,False,0,H0,sync_followup_session,sync_follow_up
8.312241,sync_followup_session,6604.0,6604.0,12973.0,-1518173082.0,0.0,1,59444,Sync,64.0,fcaf6afffe02babe,128,6,33,65535,120,2,32,True,False,False,False,0,H0,sync_followup_session,sync_follow_up
8.376096,sync_followup_session,-11420.0,-11420.0,12973.0,-1518173082.0,0.0,1,59445,Sync,60.0,fcaf6afffe02babe,128,6,33,65535,120,2,32,True,False,False,False,0,H0,sync_followup_session,sync_follow_up
8.384239,sync_followup_session,-11420.0,-11420.0,12973.0,-1518173082.0,0.0,1,63890,Delay_Req,61.0,fcaf6afffe02babe,128,6,33,65535,120,2,32,True,False,False,False,0,H0,sync_followup_session,sync_follow_up
8.384456,sync_followup_session,-9526.0,-9526.0,11079.0,-1518174976.0,0.0,1,63890,Delay_Resp,62.0,fcaf6afffe02babe,128,6,33,65535,120,2,32,True,False,False,False,0,H0,sync_followup_session,sync_follow_up
8.432282,sync_followup_session,-9526.0,-9526.0,11079.0,-1518174976.0,0.0,1,62491,Announce,63.0,fcaf6afffe02babe,128,6,33,65535,120,2,32,True,False,False,False,0,H0,sync_followup_session,sync_follow_up
8.432304,sync_followup_session,-9734.0,-9734.0,11079.0,-1518174976.0,0.0,1,59446,Sync,64.0,fcaf6afffe02babe,128,6,33,65535,120,2,32,True,False,False,False,0,H0,sync_followup_session,sync_follow_up
8.479515,sync_followup_session,-9734.0,-9734.0,11079.0,-1518174976.0,0.0,1,63891,Delay_Req,61.0,fcaf6afffe02babe,128,6,33,65535,120,2,32,True,False,False,False,0,H0,sync_followup_session,sync_follow_up
8.479737,sync_followup_session,-12750.0,-12750.0,14095.0,-1518171960.0,0.0,1,63891,Delay_Resp,62.0,fcaf6afffe02babe,128,6,33,65535,120,2,32,True,False,False,False,0,H0,sync_followup_session,sync_follow_up
8.496071,sync_followup_session,-12138.0,-12138.0,14095.0,-1518171960.0,0.0,1,59447,Sync,63.0,fcaf6afffe02babe,128,6,33,65535,120,2,32,True,False,False,False,0,H0,sync_followup_session,sync_follow_up
8.520355,sync_followup_session,-12138.0,-12138.0,14095.0,-1518171960.0,0.0,1,63892,Delay_Req,63.0,fcaf6afffe02babe,128,6,33,65535,120,2,32,True,False,False,False,0,H0,sync_followup_session,sync_follow_up
8.52057,sync_followup_session,-11406.0,-11406.0,13363.0,-1518172692.0,0.0,1,63892,Delay_Resp,64.0,fcaf6afffe02babe,128,6,33,65535,120,2,32,True,False,False,False,0,H0,sync_followup_session,sync_follow_up
8.560218,sync_followup_session,-11406.0,-11406.0,13363.0,-1518172692.0,0.0,1,62492,Announce,65.0,fcaf6afffe02babe,128,6,33,65535,120,2,32,True,False,False,False,0,H0,sync_followup_session,sync_follow_up
8.560249,sync_followup_session,6246.0,6246.0,13363.0,-1518172692.0,0.0,1,59448,Sync,65.0,fcaf6afffe02babe,128,6,33,65535,120,2,32,True,False,False,False,0,H0,sync_followup_session,sync_follow_up
8.617478,sync_followup_session,6246.0,6246.0,13363.0,-1518172692.0,0.0,1,63893,Delay_Req,63.0,fcaf6afffe02babe,128,6,33,65535,120,2,32,True,False,False,False,0,H0,sync_followup_session,sync_follow_up
8.61855,sync_followup_session,-1972.0,-1972.0,21581.0,-1518164474.0,0.0,1,63893,Delay_Resp,62.0,fcaf6afffe02babe,128,6,33,65535,120,2,32,True,False,False,False,0,H0,sync_followup_session,sync_follow_up
8.624284,sync_followup_session,-20128.0,-20128.0,21581.0,-1518164474.0,0.0,1,59449,Sync,62.0,fcaf6afffe02babe,128,6,33,65535,120,2,32,True,False,False,False,0,H0,sync_followup_session,sync_follow_up
8.646928,sync_followup_session,-20128.0,-20128.0,21581.0,-1518164474.0,0.0,1,63894,Delay_Req,63.0,fcaf6afffe02babe,128,6,33,65535,120,2,32,True,False,False,False,0,H0,sync_followup_session,sync_follow_up
8.647162,sync_followup_session,-8646.0,-8646.0,10099.0,-1518175956.0,0.0,1,63894,Delay_Resp,64.0,fcaf6afffe02babe,128,6,33,65535,120,2,32,True,False,False,False,0,H0,sync_followup_session,sync_follow_up
8.688584,sync_followup_session,-8646.0,-8646.0,10099.0,-1518175956.0,0.0,1,62493,Announce,63.0,fcaf6afffe02babe,128,6,33,65535,120,2,32,True,False,False,False,0,H0,sync_followup_session,sync_follow_up
8.688625,sync_followup_session,-7382.0,-7382.0,10099.0,-1518175956.0,0.0,1,59450,Sync,64.0,fcaf6afffe02babe,128,6,33,65535,120,2,32,True,False,False,False,0,H0,sync_followup_session,sync_follow_up
8.735506,sync_followup_session,-7382.0,-7382.0,10099.0,-1518175956.0,0.0,1,63895,Delay_Req,65.0,fcaf6afffe02babe,128,6,33,65535,120,2,32,True,False,False,False,0,H0,sync_followup_session,sync_follow_up
8.735744,sync_followup_session,-11782.0,-11782.0,14499.0,-1518171556.0,0.0,1,63895,Delay_Resp,66.0,fcaf6afffe02babe,128,6,33,65535,120,2,32,True,False,False,False,0,H0,sync_followup_session,sync_follow_up
8.744314,sync_followup_session,-13058.0,-13058.0,14499.0,-1518171556.0,0.0,1,59451,Sync,64.0,fcaf6afffe02babe,128,6,33,65535,120,2,32,True,False,False,False,0,H0,sync_followup_session,sync_follow_up
8.805307,sync_followup_session,-13058.0,-13058.0,14499.0,-1518171556.0,0.0,1,63896,Delay_Req,63.0,fcaf6afffe02babe,128,6,33,65535,120,2,32,True,False,False,False,0,H0,sync_followup_session,sync_follow_up
8.805515,sync_followup_session,-12482.0,-12482.0,13923.0,-1518172132.0,0.0,1,63896,Delay_Resp,64.0,fcaf6afffe02babe,128,6,33,65535,120,2,32,True,False,False,False,0,H0,sync_followup_session,sync_follow_up
8.808563,sync_followup_session,-12482.0,-12482.0,13923.0,-1518172132.0,0.0,1,62494,Announce,63.0,fcaf6afffe02babe,128,6,33,65535,120,2,32,True,False,False,False,0,H0,sync_followup_session,sync_follow_up
8.808605,sync_followup_session,-11918.0,-11918.0,13923.0,-1518172132.0,0.0,1,59452,Sync,64.0,fcaf6afffe02babe,128,6,33,65535,120,2,32,True,False,False,False,0,H0,sync_followup_session,sync_follow_up
8.872252,sync_followup_session,-11506.0,-11506.0,13923.0,-1518172132.0,0.0,1,59453,Sync,60.0,fcaf6afffe02babe,128,6,33,65535,120,2,32,True,False,False,False,0,H0,sync_followup_session,sync_follow_up
8.889212,sync_followup_session,-11506.0,-11506.0,13923.0,-1518172132.0,0.0,1,63897,Delay_Req,61.0,fcaf6afffe02babe,128,6,33,65535,120,2,32,True,False,False,False,0,H0,sync_followup_session,sync_follow_up
8.889465,sync_followup_session,-10866.0,-10866.0,13283.0,-1518172772.0,0.0,1,63897,Delay_Resp,62.0,fcaf6afffe02babe,128,6,33,65535,120,2,32,True,False,False,False,0,H0,sync_followup_session,sync_follow_up
8.93658,sync_followup_session,-10866.0,-10866.0,13283.0,-1518172772.0,0.0,1,62495,Announce,59.0,fcaf6afffe02babe,128,6,33,65535,120,2,32,True,False,False,False,0,H0,sync_followup_session,sync_follow_up
8.93662,sync_followup_session,-10998.0,-10998.0,13283.0,-1518172772.0,0.0,1,59454,Sync,60.0,fcaf6afffe02babe,128,6,33,65535,120,2,32,True,False,False,False,0,H0,sync_followup_session,sync_follow_up
9.000276,sync_followup_session,-10494.0,-10494.0,13283.0,-1518172772.0,0.0,1,59455,Sync,58.0,fcaf6afffe02babe,128,6,33,65535,120,2,32,True,False,False,False,0,H0,sync_followup_session,sync_follow_up
9.006598,sync_followup_session,-10494.0,-10494.0,13283.0,-1518172772.0,0.0,1,63898,Delay_Req,59.0,fcaf6afffe02babe,128,6,33,65535,120,2,32,True,False,False,False,0,H0,sync_followup_session,sync_follow_up
9.006811,sync_followup_session,-10060.0,-10060.0,12849.0,-1518173206.0,0.0,1,63898,Delay_Resp,60.0,fcaf6afffe02babe,128,6,33,65535,120,2,32,True,False,False,False,0,H0,sync_followup_session,sync_follow_up
9.032382,sync_followup_session,-10060.0,-10060.0,12849.0,-1518173206.0,0.0,1,63899,Delay_Req,59.0,fcaf6afffe02babe,128,6,33,65535,120,2,32,True,False,False,False,0,H0,sync_followup_session,sync_follow_up
9.032587,sync_followup_session,-11232.0,-11232.0,14021.0,-1518172034.0,0.0,1,63899,Delay_Resp,60.0,fcaf6afffe02babe,128,6,33,65535,120,2,32,True,False,False,False,0,H0,sync_followup_session,sync_follow_up
9.036044,sync_followup_session,-11232.0,-11232.0,14021.0,-1518172034.0,0.0,1,63900,Delay_Req,61.0,fcaf6afffe02babe,128,6,33,65535,120,2,32,True,False,False,False,0,H0,sync_followup_session,sync_follow_up
9.036258,sync_followup_session,-10056.0,-10056.0,12845.0,-1518173210.0,0.0,1,63900,Delay_Resp,62.0,fcaf6afffe02babe,128,6,33,65535,120,2,32,True,False,False,False,0,H0,sync_followup_session,sync_follow_up
9.056164,sync_followup_session,-10056.0,-10056.0,12845.0,-1518173210.0,0.0,1,62496,Announce,63.0,fcaf6afffe02babe,128,6,33,65535,120,2,32,True,False,False,False,0,H0,sync_followup_session,sync_follow_up
9.056195,sync_followup_session,6180.0,6180.0,12845.0,-1518173210.0,0.0,1,59456,Sync,64.0,fcaf6afffe02babe,128,6,33,65535,120,2,32,True,False,False,False,0,H0,sync_followup_session,sync_follow_up
9.106799,sync_followup_session,6180.0,6180.0,12845.0,-1518173210.0,0.0,1,63901,Delay_Req,59.0,fcaf6afffe02babe,128,6,33,65535,120,2,32,True,False,False,False,0,H0,sync_followup_session,sync_follow_up
9.107012,sync_followup_session,-1306.0,-1306.0,20331.0,-1518165724.0,0.0,1,63901,Delay_Resp,60.0,fcaf6afffe02babe,128,6,33,65535,120,2,32,True,False,False,False,0,H0,sync_followup_session,sync_follow_up
9.120136,sync_followup_session,-18838.0,-18838.0,20331.0,-1518165724.0,0.0,1,59457,Sync,59.0,fcaf6afffe02babe,128,6,33,65535,120,2,32,True,False,False,False,0,H0,sync_followup_session,sync_follow_up
9.184211,sync_followup_session,-18838.0,-18838.0,20331.0,-1518165724.0,0.0,1,62497,Announce,57.0,fcaf6afffe02babe,128,6,33,65535,120,2,32,True,False,False,False,0,H0,sync_followup_session,sync_follow_up
9.184242,sync_followup_session,-1162.0,-1162.0,20331.0,-1518165724.0,0.0,1,59458,Sync,57.0,fcaf6afffe02babe,128,6,33,65535,120,2,32,True,False,False,False,0,H0,sync_followup_session,sync_follow_up
9.194858,sync_followup_session,-1162.0,-1162.0,20331.0,-1518165724.0,0.0,1,63902,Delay_Req,55.0,fcaf6afffe02babe,128,6,33,65535,120,2,32,True,False,False,False,0,H0,sync_followup_session,sync_follow_up
9.195095,sync_followup_session,-1456.0,-1456.0,20625.0,-1518165430.0,0.0,1,63902,Delay_Resp,56.0,fcaf6afffe02babe,128,6,33,65535,120,2,32,True,False,False,False,0,H0,sync_followup_session,sync_follow_up
9.248137,sync_followup_session,-16168.0,-16168.0,20625.0,-1518165430.0,0.0,1,59459,Sync,52.0,fcaf6afffe02babe,128,6,33,65535,120,2,32,True,False,False,False,0,H0,sync_followup_session,sync_follow_up
9.312238,sync_followup_session,-16168.0,-16168.0,20625.0,-1518165430.0,0.0,1,62498,Announce,50.0,fcaf6afffe02babe,128,6,33,65535,120,2,32,True,False,False,False,0,H0,sync_followup_session,sync_follow_up
9.312269,sync_followup_session,-1152.0,-1152.0,20625.0,-1518165430.0,0.0,1,59460,Sync,50.0,fcaf6afffe02babe,128,6,33,65535,120,2,32,True,False,False,False,0,H0,sync_followup_session,sync_follow_up
9.318996,sync_followup_session,-1152.0,-1152.0,20625.0,-1518165430.0,0.0,1,63903,Delay_Req,51.0,fcaf6afffe02babe,128,6,33,65535,120,2,32,True,False,False,False,0,H0,sync_followup_session,sync_follow_up
9.319204,sync_followup_session,-56.0,-56.0,19529.0,-1518166526.0,0.0,1,63903,Delay_Resp,52.0,fcaf6afffe02babe,128,6,33,65535,120,2,32,True,False,False,False,0,H0,sync_followup_session,sync_follow_up
9.358994,sync_followup_session,-56.0,-56.0,19529.0,-1518166526.0,0.0,1,63904,Delay_Req,53.0,fcaf6afffe02babe,128,6,33,65535,120,2,32,True,False,False,False,0,H0,sync_followup_session,sync_follow_up
9.359207,sync_followup_session,-2444.0,-2444.0,21917.0,-1518164138.0,0.0,1,63904,Delay_Resp,54.0,fcaf6afffe02babe,128,6,33,65535,120,2,32,True,False,False,False,0,H0,sync_followup_session,sync_follow_up
9.376037,sync_followup_session,-19836.0,-19836.0,21917.0,-1518164138.0,0.0,1,59461,Sync,55.0,fcaf6afffe02babe,128,6,33,65535,120,2,32,True,False,False,False,0,H0,sync_followup_session,sync_follow_up
9.376278,sync_followup_session,-19836.0,-19836.0,21917.0,-1518164138.0,0.0,1,63905,Delay_Req,55.0,fcaf6afffe02babe,128,6,33,65535,120,2,32,True,False,False,False,0,H0,sync_followup_session,sync_follow_up
9.376439,sync_followup_session,-9814.0,-9814.0,11895.0,-1518174160.0,0.0,1,63905,Delay_Resp,56.0,fcaf6afffe02babe,128,6,33,65535,120,2,32,True,False,False,False,0,H0,sync_followup_session,sync_follow_up
9.427106,sync_followup_session,-9814.0,-9814.0,11895.0,-1518174160.0,0.0,1,63906,Delay_Req,55.0,fcaf6afffe02babe,128,6,33,65535,120,2,32,True,False,False,False,0,H0,sync_followup_session,sync_follow_up
9.42735,sync_followup_session,-11464.0,-11464.0,13545.0,-1518172510.0,0.0,1,63906,Delay_Resp,56.0,fcaf6afffe02babe,128,6,33,65535,120,2,32,True,False,False,False,0,H0,sync_followup_session,sync_follow_up
9.432264,sync_followup_session,-11464.0,-11464.0,13545.0,-1518172510.0,0.0,1,62499,Announce,57.0,fcaf6afffe02babe,128,6,33,65535,120,2,32,True,False,False,False,0,H0,sync_followup_session,sync_follow_up
9.432294,sync_followup_session,5128.0,5128.0,13545.0,-1518172510.0,0.0,1,59462,Sync,57.0,fcaf6afffe02babe,128,6,33,65535,120,2,32,True,False,False,False,0,H0,sync_followup_session,sync_follow_up
9.496046,sync_followup_session,-11872.0,-11872.0,13545.0,-1518172510.0,0.0,1,59463,Sync,55.0,fcaf6afffe02babe,128,6,33,65535,120,2,32,True,False,False,False,0,H0,sync_followup_session,sync_follow_up
9.518549,sync_followup_session,-11872.0,-11872.0,13545.0,-1518172510.0,0.0,1,63907,Delay_Req,55.0,fcaf6afffe02babe,128,6,33,65535,120,2,32,True,False,False,False,0,H0,sync_followup_session,sync_follow_up
9.518728,sync_followup_session,-8812.0,-8812.0,10485.0,-1518175570.0,0.0,1,63907,Delay_Resp,56.0,fcaf6afffe02babe,128,6,33,65535,120,2,32,True,False,False,False,0,H0,sync_followup_session,sync_follow_up
9.56018,sync_followup_session,-8812.0,-8812.0,10485.0,-1518175570.0,0.0,1,62500,Announce,55.0,fcaf6afffe02babe,128,6,33,65535,120,2,32,True,False,False,False,0,H0,sync_followup_session,sync_follow_up
9.560193,sync_followup_session,-9176.0,-9176.0,10485.0,-1518175570.0,0.0,1,59464,Sync,56.0,fcaf6afffe02babe,128,6,33,65535,120,2,32,True,False,False,False,0,H0,sync_followup_session,sync_follow_up
9.612291,sync_followup_session,-9176.0,-9176.0,10485.0,-1518175570.0,0.0,1,63908,Delay_Req,55.0,fcaf6afffe02babe,128,6,33,65535,120,2,32,True,False,False,False,0,H0,sync_followup_session,sync_follow_up
9.612502,sync_followup_session,-10028.0,-10028.0,11337.0,-1518174718.0,0.0,1,63908,Delay_Resp,56.0,fcaf6afffe02babe,128,6,33,65535,120,2,32,True,False,False,False,0,H0,sync_followup_session,sync_follow_up
9.624024,sync_followup_session,-9148.0,-9148.0,11337.0,-1518174718.0,0.0,1,59465,Sync,55.0,fcaf6afffe02babe,128,6,33,65535,120,2,32,True,False,False,False,0,H0,sync_followup_session,sync_follow_up
9.68814,sync_followup_session,-9148.0,-9148.0,11337.0,-1518174718.0,0.0,1,62501,Announce,53.0,fcaf6afffe02babe,128,6,33,65535,120,2,32,True,False,False,False,0,H0,sync_followup_session,sync_follow_up
9.688165,sync_followup_session,-9996.0,-9996.0,11337.0,-1518174718.0,0.0,1,59466,Sync,54.0,fcaf6afffe02babe,128,6,33,65535,120,2,32,True,False,False,False,0,H0,sync_followup_session,sync_follow_up
9.725298,sync_followup_session,-9996.0,-9996.0,11337.0,-1518174718.0,0.0,1,63909,Delay_Req,53.0,fcaf6afffe02babe,128,6,33,65535,120,2,32,True,False,False,False,0,H0,sync_followup_session,sync_follow_up
9.725485,sync_followup_session,-11908.0,-11908.0,13249.0,-1518172806.0,0.0,1,63909,Delay_Resp,54.0,fcaf6afffe02babe,128,6,33,65535,120,2,32,True,False,False,False,0,H0,sync_followup_session,sync_follow_up
9.729407,sync_followup_session,-11908.0,-11908.0,13249.0,-1518172806.0,0.0,1,63910,Delay_Req,55.0,fcaf6afffe02babe,128,6,33,65535,120,2,32,True,False,False,False,0,H0,sync_followup_session,sync_follow_up
9.729612,sync_followup_session,-9998.0,-9998.0,11339.0,-1518174716.0,0.0,1,63910,Delay_Resp,56.0,fcaf6afffe02babe,128,6,33,65535,120,2,32,True,False,False,False,0,H0,sync_followup_session,sync_follow_up
9.74406,sync_followup_session,-9422.0,-9422.0,11339.0,-1518174716.0,0.0,1,59467,Sync,55.0,fcaf6afffe02babe,128,6,33,65535,120,2,32,True,False,False,False,0,H0,sync_followup_session,sync_follow_up
9.808213,sync_followup_session,-9422.0,-9422.0,11339.0,-1518174716.0,0.0,1,62502,Announce,53.0,fcaf6afffe02babe,128,6,33,65535,120,2,32,True,False,False,False,0,H0,sync_followup_session,sync_follow_up
9.808226,sync_followup_session,-9594.0,-9594.0,11339.0,-1518174716.0,0.0,1,59468,Sync,54.0,fcaf6afffe02babe,128,6,33,65535,120,2,32,True,False,False,False,0,H0,sync_followup_session,sync_follow_up
9.812682,sync_followup_session,-9594.0,-9594.0,11339.0,-1518174716.0,0.0,1,63911,Delay_Req,53.0,fcaf6afffe02babe,128,6,33,65535,120,2,32,True,False,False,False,0,H0,sync_followup_session,sync_follow_up
9.812825,sync_followup_session,-12180.0,-12180.0,13925.0,-1518172130.0,0.0,1,63911,Delay_Resp,54.0,fcaf6afffe02babe,128,6,33,65535,120,2,32,True,False,False,False,0,H0,sync_followup_session,sync_follow_up
9.857627,sync_followup_session,-12180.0,-12180.0,13925.0,-1518172130.0,0.0,1,63912,Delay_Req,55.0,fcaf6afffe02babe,128,6,33,65535,120,2,32,True,False,False,False,0,H0,sync_followup_session,sync_follow_up
9.857863,sync_followup_session,-9628.0,-9628.0,11373.0,-1518174682.0,0.0,1,63912,Delay_Resp,56.0,fcaf6afffe02babe,128,6,33,65535,120,2,32,True,False,False,False,0,H0,sync_followup_session,sync_follow_up
9.872054,sync_followup_session,-9860.0,-9860.0,11373.0,-1518174682.0,0.0,1,59469,Sync,57.0,fcaf6afffe02babe,128,6,33,65535,120,2,32,True,False,False,False,0,H0,sync_followup_session,sync_follow_up
9.913017,sync_followup_session,-9860.0,-9860.0,11373.0,-1518174682.0,0.0,1,63913,Delay_Req,55.0,fcaf6afffe02babe,128,6,33,65535,120,2,32,True,False,False,False,0,H0,sync_followup_session,sync_follow_up
9.913227,sync_followup_session,-11554.0,-11554.0,13067.0,-1518172988.0,0.0,1,63913,Delay_Resp,56.0,fcaf6afffe02babe,128,6,33,65535,120,2,32,True,False,False,False,0,H0,sync_followup_session,sync_follow_up
9.936192,sync_followup_session,-11554.0,-11554.0,13067.0,-1518172988.0,0.0,1,62503,Announce,57.0,fcaf6afffe02babe,128,6,33,65535,120,2,32,True,False,False,False,0,H0,sync_followup_session,sync_follow_up
9.936203,sync_followup_session,-11838.0,-11838.0,13067.0,-1518172988.0,0.0,1,59470,Sync,58.0,fcaf6afffe02babe,128,6,33,65535,120,2,32,True,False,False,False,0,H0,sync_followup_session,sync_follow_up
9.964245,sync_followup_session,-11838.0,-11838.0,13067.0,-1518172988.0,0.0,1,63914,Delay_Req,57.0,fcaf6afffe02babe,128,6,33,65535,120,2,32,True,False,False,False,0,H0,sync_followup_session,sync_follow_up
9.964478,sync_followup_session,-8828.0,-8828.0,10057.0,-1518175998.0,0.0,1,63914,Delay_Resp,58.0,fcaf6afffe02babe,128,6,33,65535,120,2,32,True,False,False,False,0,H0,sync_followup_session,sync_follow_up
9.983204,sync_followup_session,-8828.0,-8828.0,10057.0,-1518175998.0,0.0,1,63915,Delay_Req,59.0,fcaf6afffe02babe,128,6,33,65535,120,2,32,True,False,False,False,0,H0,sync_followup_session,sync_follow_up
9.983382,sync_followup_session,-9948.0,-9948.0,11177.0,-1518174878.0,0.0,1,63915,Delay_Resp,60.0,fcaf6afffe02babe,128,6,33,65535,120,2,32,True,False,False,False,0,H0,sync_followup_session,sync_follow_up
10.000095,sync_followup_session,-9712.0,-9712.0,11177.0,-1518174878.0,0.0,1,59471,Sync,61.0,fcaf6afffe02babe,128,6,33,65535,120,2,32,True,False,False,False,0,H0,sync_followup_session,sync_follow_up
10.025482,sync_followup_session,-9712.0,-9712.0,11177.0,-1518174878.0,0.0,1,63916,Delay_Req,59.0,fcaf6afffe02babe,128,6,33,65535,120,2,32,True,False,False,False,0,H0,sync_followup_session,sync_follow_up
10.025693,sync_followup_session,-11060.0,-11060.0,12525.0,-1518173530.0,0.0,1,63916,Delay_Resp,60.0,fcaf6afffe02babe,128,6,33,65535,120,2,32,True,False,False,False,0,H0,sync_followup_session,sync_follow_up
10.044667,sync_followup_session,-11060.0,-11060.0,12525.0,-1518173530.0,0.0,1,63917,Delay_Req,57.0,fcaf6afffe02babe,128,6,33,65535,120,2,32,True,False,False,False,0,H0,sync_followup_session,sync_follow_up
10.044904,sync_followup_session,-11840.0,-11840.0,13305.0,-1518172750.0,0.0,1,63917,Delay_Resp,58.0,fcaf6afffe02babe,128,6,33,65535,120,2,32,True,False,False,False,0,H0,sync_followup_session,sync_follow_up
10.056225,sync_followup_session,-11840.0,-11840.0,13305.0,-1518172750.0,0.0,1,62504,Announce,57.0,fcaf6afffe02babe,128,6,33,65535,120,2,32,True,False,False,False,0,H0,sync_followup_session,sync_follow_up
10.056252,sync_followup_session,-11696.0,-11696.0,13305.0,-1518172750.0,0.0,1,59472,Sync,58.0,fcaf6afffe02babe,128,6,33,65535,120,2,32,True,False,False,False,0,H0,sync_followup_session,sync_follow_up
10.120093,sync_followup_session,-10624.0,-10624.0,13305.0,-1518172750.0,0.0,1,59473,Sync,57.0,fcaf6afffe02babe,128,6,33,65535,120,2,32,True,False,False,False,0,H0,sync_followup_session,sync_follow_up
10.147523,sync_followup_session,-10624.0,-10624.0,13305.0,-1518172750.0,0.0,1,63918,Delay_Req,57.0,fcaf6afffe02babe,128,6,33,65535,120,2,32,True,False,False,False,0,H0,sync_followup_session,sync_follow_up
10.147762,sync_followup_session,-8344.0,-8344.0,11025.0,-1518175030.0,0.0,1,63918,Delay_Resp,58.0,fcaf6afffe02babe,128,6,33,65535,120,2,32,True,False,False,False,0,H0,sync_followup_session,sync_follow_up
10.159085,sync_followup_session,-8344.0,-8344.0,11025.0,-1518175030.0,0.0,1,63919,Delay_Req,59.0,fcaf6afffe02babe,128,6,33,65535,120,2,32,True,False,False,False,0,H0,sync_followup_session,sync_follow_up
10.159304,sync_followup_session,-11982.0,-11982.0,14663.0,-1518171392.0,0.0,1,63919,Delay_Resp,60.0,fcaf6afffe02babe,128,6,33,65535,120,2,32,True,False,False,False,0,H0,sync_followup_session,sync_follow_up
10.184188,sync_followup_session,-11982.0,-11982.0,14663.0,-1518171392.0,0.0,1,62505,Announce,61.0,fcaf6afffe02babe,128,6,33,65535,120,2,32,True,False,False,False,0,H0,sync_followup_session,sync_follow_up
10.184201,sync_followup_session,-12614.0,-12614.0,14663.0,-1518171392.0,0.0,1,59474,Sync,62.0,fcaf6afffe02babe,128,6,33,65535,120,2,32,True,False,False,False,0,H0,sync_followup_session,sync_follow_up
10.24819,sync_followup_session,-11970.0,-11970.0,14663.0,-1518171392.0,0.0,1,59475,Sync,58.0,fcaf6afffe02babe,128,6,33,65535,120,2,32,True,False,False,False,0,H0,sync_followup_session,sync_follow_up
10.257219,sync_followup_session,-11970.0,-11970.0,14663.0,-1518171392.0,0.0,1,63920,Delay_Req,59.0,fcaf6afffe02babe,128,6,33,65535,120,2,32,True,False,False,False,0,H0,sync_followup_session,sync_follow_up
10.257384,sync_followup_session,-11622.0,-11622.0,14315.0,-1518171740.0,0.0,1,63920,Delay_Resp,60.0,fcaf6afffe02babe,128,6,33,65535,120,2,32,True,False,False,False,0,H0,sync_followup_session,sync_follow_up
10.272439,sync_followup_session,-11622.0,-11622.0,14315.0,-1518171740.0,0.0,1,63921,Delay_Req,61.0,fcaf6afffe02babe,128,6,33,65535,120,2,32,True,False,False,False,0,H0,sync_followup_session,sync_follow_up
10.272598,sync_followup_session,-9720.0,-9720.0,12413.0,-1518173642.0,0.0,1,63921,Delay_Resp,62.0,fcaf6afffe02babe,128,6,33,65535,120,2,32,True,False,False,False,0,H0,sync_followup_session,sync_follow_up
10.312237,sync_followup_session,-9720.0,-9720.0,12413.0,-1518173642.0,0.0,1,62506,Announce,63.0,fcaf6afffe02babe,128,6,33,65535,120,2,32,True,False,False,False,0,H0,sync_followup_session,sync_follow_up
10.312249,sync_followup_session,-11108.0,-11108.0,12413.0,-1518173642.0,0.0,1,59476,Sync,63.0,fcaf6afffe02babe,128,6,33,65535,120,2,32,True,False,False,False,0,H0,sync_followup_session,sync_follow_up
10.31632,sync_followup_session,-11108.0,-11108.0,12413.0,-1518173642.0,0.0,1,63922,Delay_Req,63.0,fcaf6afffe02babe,128,6,33,65535,120,2,32,True,False,False,False,0,H0,sync_followup_session,sync_follow_up
10.31656,sync_followup_session,-9998.0,-9998.0,11303.0,-1518174752.0,0.0,1,63922,Delay_Resp,64.0,fcaf6afffe02babe,128,6,33,65535,120,2,32,True,False,False,False,0,H0,sync_followup_session,sync_follow_up
10.376092,sync_followup_session,-8690.0,-8690.0,11303.0,-1518174752.0,0.0,1,59477,Sync,60.0,fcaf6afffe02babe,128,6,33,65535,120,2,32,True,False,False,False,0,H0,sync_followup_session,sync_follow_up
10.419592,sync_followup_session,-8690.0,-8690.0,11303.0,-1518174752.0,0.0,1,63923,Delay_Req,59.0,fcaf6afffe02babe,128,6,33,65535,120,2,32,True,False,False,False,0,H0,sync_followup_session,sync_follow_up
10.41982,sync_followup_session,-10820.0,-10820.0,13433.0,-1518172622.0,0.0,1,63923,Delay_Resp,60.0,fcaf6afffe02babe,128,6,33,65535,120,2,32,True,False,False,False,0,H0,sync_followup_session,sync_follow_up
10.432169,sync_followup_session,-10820.0,-10820.0,13433.0,-1518172622.0,0.0,1,62507,Announce,59.0,fcaf6afffe02babe,128,6,33,65535,120,2,32,True,False,False,False,0,H0,sync_followup_session,sync_follow_up
10.432182,sync_followup_session,-12144.0,-12144.0,13433.0,-1518172622.0,0.0,1,59478,Sync,60.0,fcaf6afffe02babe,128,6,33,65535,120,2,32,True,False,False,False,0,H0,sync_followup_session,sync_follow_up
10.468413,sync_followup_session,-12144.0,-12144.0,13433.0,-1518172622.0,0.0,1,63924,Delay_Req,59.0,fcaf6afffe02babe,128,6,33,65535,120,2,32,True,False,False,False,0,H0,sync_followup_session,sync_follow_up
10.468636,sync_followup_session,-8852.0,-8852.0,10141.0,-1518175914.0,0.0,1,63924,Delay_Resp,60.0,fcaf6afffe02babe,128,6,33,65535,120,2,32,True,False,False,False,0,H0,sync_followup_session,sync_follow_up
10.476904,sync_followup_session,-8852.0,-8852.0,10141.0,-1518175914.0,0.0,1,63925,Delay_Req,61.0,fcaf6afffe02babe,128,6,33,65535,120,2,32,True,False,False,False,0,H0,sync_followup_session,sync_follow_up
10.477146,sync_followup_session,-10632.0,-10632.0,11921.0,-1518174134.0,0.0,1,63925,Delay_Resp,62.0,fcaf6afffe02babe,128,6,33,65535,120,2,32,True,False,False,False,0,H0,sync_followup_session,sync_follow_up
10.496091,sync_followup_session,-9728.0,-9728.0,11921.0,-1518174134.0,0.0,1,59479,Sync,62.0,fcaf6afffe02babe,128,6,33,65535,120,2,32,True,False,False,False,0,H0,sync_followup_session,sync_follow_up
10.56023,sync_followup_session,-9728.0,-9728.0,11921.0,-1518174134.0,0.0,1,62508,Announce,59.0,fcaf6afffe02babe,128,6,33,65535,120,2,32,True,False,False,False,0,H0,sync_followup_session,sync_follow_up
10.560244,sync_followup_session,-9272.0,-9272.0,11921.0,-1518174134.0,0.0,1,59480,Sync,60.0,fcaf6afffe02babe,128,6,33,65535,120,2,32,True,False,False,False,0,H0,sync_followup_session,sync_follow_up
10.565715,sync_followup_session,-9272.0,-9272.0,11921.0,-1518174134.0,0.0,1,63926,Delay_Req,61.0,fcaf6afffe02babe,128,6,33,65535,120,2,32,True,False,False,False,0,H0,sync_followup_session,sync_follow_up
10.565878,sync_followup_session,-10550.0,-10550.0,13199.0,-1518172856.0,0.0,1,63926,Delay_Resp,62.0,fcaf6afffe02babe,128,6,33,65535,120,2,32,True,False,False,False,0,H0,sync_followup_session,sync_follow_up
10.624284,sync_followup_session,-11290.0,-11290.0,13199.0,-1518172856.0,0.0,1,59481,Sync,60.0,fcaf6afffe02babe,128,6,33,65535,120,2,32,True,False,False,False,0,H0,sync_followup_session,sync_follow_up
10.625026,sync_followup_session,-11290.0,-11290.0,13199.0,-1518172856.0,0.0,1,63927,Delay_Req,61.0,fcaf6afffe02babe,128,6,33,65535,120,2,32,True,False,False,False,0,H0,sync_followup_session,sync_follow_up
10.625237,sync_followup_session,-8494.0,-8494.0,10403.0,-1518175652.0,0.0,1,63927,Delay_Resp,62.0,fcaf6afffe02babe,128,6,33,65535,120,2,32,True,False,False,False,0,H0,sync_followup_session,sync_follow_up
10.68027,sync_followup_session,-8494.0,-8494.0,10403.0,-1518175652.0,0.0,1,63928,Delay_Req,63.0,fcaf6afffe02babe,128,6,33,65535,120,2,32,True,False,False,False,0,H0,sync_followup_session,sync_follow_up
10.680484,sync_followup_session,-10004.0,-10004.0,11913.0,-1518174142.0,0.0,1,63928,Delay_Resp,64.0,fcaf6afffe02babe,128,6,33,65535,120,2,32,True,False,False,False,0,H0,sync_followup_session,sync_follow_up
10.688572,sync_followup_session,-10004.0,-10004.0,11913.0,-1518174142.0,0.0,1,62509,Announce,63.0,fcaf6afffe02babe,128,6,33,65535,120,2,32,True,False,False,False,0,H0,sync_followup_session,sync_follow_up
10.688612,sync_followup_session,-10756.0,-10756.0,11913.0,-1518174142.0,0.0,1,59482,Sync,64.0,fcaf6afffe02babe,128,6,33,65535,120,2,32,True,False,False,False,0,H0,sync_followup_session,sync_follow_up
10.744281,sync_followup_session,-9888.0,-9888.0,11913.0,-1518174142.0,0.0,1,59483,Sync,60.0,fcaf6afffe02babe,128,6,33,65535,120,2,32,True,False,False,False,0,H0,sync_followup_session,sync_follow_up
10.790027,sync_followup_session,-9888.0,-9888.0,11913.0,-1518174142.0,0.0,1,63929,Delay_Req,61.0,fcaf6afffe02babe,128,6,33,65535,120,2,32,True,False,False,False,0,H0,sync_followup_session,sync_follow_up
10.790181,sync_followup_session,-10168.0,-10168.0,12193.0,-1518173862.0,0.0,1,63929,Delay_Resp,62.0,fcaf6afffe02babe,128,6,33,65535,120,2,32,True,False,False,False,0,H0,sync_followup_session,sync_follow_up
10.80857,sync_followup_session,-10168.0,-10168.0,12193.0,-1518173862.0,0.0,1,62510,Announce,61.0,fcaf6afffe02babe,128,6,33,65535,120,2,32,True,False,False,False,0,H0,sync_followup_session,sync_follow_up
10.808612,sync_followup_session,-10044.0,-10044.0,12193.0,-1518173862.0,0.0,1,59484,Sync,62.0,fcaf6afffe02babe,128,6,33,65535,120,2,32,True,False,False,False,0,H0,sync_followup_session,sync_follow_up
10.820049,sync_followup_session,-10044.0,-10044.0,12193.0,-1518173862.0,0.0,1,63930,Delay_Req,61.0,fcaf6afffe02babe,128,6,33,65535,120,2,32,True,False,False,False,0,H0,sync_followup_session,sync_follow_up
10.820264,sync_followup_session,-9276.0,-9276.0,11425.0,-1518174630.0,0.0,1,63930,Delay_Resp,62.0,fcaf6afffe02babe,128,6,33,65535,120,2,32,True,False,False,False,0,H0,sync_followup_session,sync_follow_up
10.872282,sync_followup_session,-9484.0,-9484.0,11425.0,-1518174630.0,0.0,1,59485,Sync,60.0,fcaf6afffe02babe,128,6,33,65535,120,2,32,True,False,False,False,0,H0,sync_followup_session,sync_follow_up
10.892647,sync_followup_session,-9484.0,-9484.0,11425.0,-1518174630.0,0.0,1,63931,Delay_Req,61.0,fcaf6afffe02babe,128,6,33,65535,120,2,32,True,False,False,False,0,H0,sync_followup_session,sync_follow_up
10.892866,sync_followup_session,-10880.0,-10880.0,12821.0,-1518173234.0,0.0,1,63931,Delay_Resp,62.0,fcaf6afffe02babe,128,6,33,65535,120,2,32,True,False,False,False,0,H0,sync_followup_session,sync_follow_up
10.926773,sync_followup_session,-10880.0,-10880.0,12821.0,-1518173234.0,0.0,1,63932,Delay_Req,61.0,fcaf6afffe02babe,128,6,33,65535,120,2,32,True,False,False,False,0,H0,sync_followup_session,sync_follow_up
10.92699,sync_followup_session,-8898.0,-8898.0,10839.0,-1518175216.0,0.0,1,63932,Delay_Resp,62.0,fcaf6afffe02babe,128,6,33,65535,120,2,32,True,False,False,False,0,H0,sync_followup_session,sync_follow_up
10.936602,sync_followup_session,-8898.0,-8898.0,10839.0,-1518175216.0,0.0,1,62511,Announce,61.0,fcaf6afffe02babe,128,6,33,65535,120,2,32,True,False,False,False,0,H0,sync_followup_session,sync_follow_up
10.936644,sync_followup_session,-9258.0,-9258.0,10839.0,-1518175216.0,0.0,1,59486,Sync,62.0,fcaf6afffe02babe,128,6,33,65535,120,2,32,True,False,False,False,0,H0,sync_followup_session,sync_follow_up
10.982797,sync_followup_session,-9258.0,-9258.0,10839.0,-1518175216.0,0.0,1,63933,Delay_Req,61.0,fcaf6afffe02babe,128,6,33,65535,120,2,32,True,False,False,False,0,H0,sync_followup_session,sync_follow_up
10.98302,sync_followup_session,-10168.0,-10168.0,11749.0,-1518174306.0,0.0,1,63933,Delay_Resp,62.0,fcaf6afffe02babe,128,6,33,65535,120,2,32,True,False,False,False,0,H0,sync_followup_session,sync_follow_up
11.000285,sync_followup_session,-6100.0,-6100.0,11749.0,-1518174306.0,0.0,1,59487,Sync,60.0,fcaf6afffe02babe,128,6,33,65535,120,2,32,True,False,False,False,0,H0,sync_followup_session,sync_follow_up
11.057635,sync_followup_session,-6100.0,-6100.0,11749.0,-1518174306.0,0.0,1,62512,Announce,55.0,fcaf6afffe02babe,128,6,33,65535,120,2,32,True,False,False,False,0,H0,sync_followup_session,sync_follow_up
11.057675,sync_followup_session,-9868.0,-9868.0,11749.0,-1518174306.0,0.0,1,59488,Sync,56.0,fcaf6afffe02babe,128,6,33,65535,120,2,32,True,False,False,False,0,H0,sync_followup_session,sync_follow_up
11.061861,sync_followup_session,-9868.0,-9868.0,11749.0,-1518174306.0,0.0,1,63934,Delay_Req,57.0,fcaf6afffe02babe,128,6,33,65535,120,2,32,True,False,False,False,0,H0,sync_followup_session,sync_follow_up
11.062077,sync_followup_session,-10690.0,-10690.0,12571.0,-1518173484.0,0.0,1,63934,Delay_Resp,58.0,fcaf6afffe02babe,128,6,33,65535,120,2,32,True,False,False,False,0,H0,sync_followup_session,sync_follow_up
11.12025,sync_followup_session,-2930.0,-2930.0,12571.0,-1518173484.0,0.0,1,59489,Sync,58.0,fcaf6afffe02babe,128,6,33,65535,120,2,32,True,False,False,False,0,H0,sync_followup_session,sync_follow_up
11.125207,sync_followup_session,-2930.0,-2930.0,12571.0,-1518173484.0,0.0,1,63935,Delay_Req,59.0,fcaf6afffe02babe,128,6,33,65535,120,2,32,True,False,False,False,0,H0,sync_followup_session,sync_follow_up
11.125424,sync_followup_session,-7382.0,-7382.0,17023.0,-1518169032.0,0.0,1,63935,Delay_Resp,60.0,fcaf6afffe02babe,128,6,33,65535,120,2,32,True,False,False,False,0,H0,sync_followup_session,sync_follow_up
11.153647,sync_followup_session,-7382.0,-7382.0,17023.0,-1518169032.0,0.0,1,63936,Delay_Req,59.0,fcaf6afffe02babe,128,6,33,65535,120,2,32,True,False,False,False,0,H0,sync_followup_session,sync_follow_up
11.153847,sync_followup_session,-7912.0,-7912.0,17553.0,-1518168502.0,0.0,1,63936,Delay_Resp,60.0,fcaf6afffe02babe,128,6,33,65535,120,2,32,True,False,False,False,0,H0,sync_followup_session,sync_follow_up
11.159003,sync_followup_session,-7912.0,-7912.0,17553.0,-1518168502.0,0.0,1,63937,Delay_Req,61.0,fcaf6afffe02babe,128,6,33,65535,120,2,32,True,False,False,False,0,H0,sync_followup_session,sync_follow_up
11.15926,sync_followup_session,-6458.0,-6458.0,16099.0,-1518169956.0,0.0,1,63937,Delay_Resp,61.0,fcaf6afffe02babe,128,6,33,65535,120,2,32,True,False,False,False,0,H0,sync_followup_session,sync_follow_up
11.184251,sync_followup_session,-6458.0,-6458.0,16099.0,-1518169956.0,0.0,1,62513,Announce,59.0,fcaf6afffe02babe,128,6,33,65535,120,2,32,True,False,False,False,0,H0,sync_followup_session,sync_follow_up
11.184279,sync_followup_session,3814.0,3814.0,16099.0,-1518169956.0,0.0,1,59490,Sync,60.0,fcaf6afffe02babe,128,6,33,65535,120,2,32,True,False,False,False,0,H0,sync_followup_session,sync_follow_up
11.248107,sync_followup_session,-10326.0,-10326.0,16099.0,-1518169956.0,0.0,1,59491,Sync,61.0,fcaf6afffe02babe,128,6,33,65535,120,2,32,True,False,False,False,0,H0,sync_followup_session,sync_follow_up
11.264619,sync_followup_session,-10326.0,-10326.0,16099.0,-1518169956.0,0.0,1,63938,Delay_Req,59.0,fcaf6afffe02babe,128,6,33,65535,120,2,32,True,False,False,False,0,H0,sync_followup_session,sync_follow_up
11.26484,sync_followup_session,-10268.0,-10268.0,16041.0,-1518170014.0,0.0,1,63938,Delay_Resp,60.0,fcaf6afffe02babe,128,6,33,65535,120,2,32,True,False,False,False,0,H0,sync_followup_session,sync_follow_up
11.312243,sync_followup_session,-10268.0,-10268.0,16041.0,-1518170014.0,0.0,1,62514,Announce,58.0,fcaf6afffe02babe,128,6,33,65535,120,2,32,True,False,False,False,0,H0,sync_followup_session,sync_follow_up
11.312269,sync_followup_session,3368.0,3368.0,16041.0,-1518170014.0,0.0,1,59492,Sync,58.0,fcaf6afffe02babe,128,6,33,65535,120,2,32,True,False,False,False,0,H0,sync_followup_session,sync_follow_up
11.372827,sync_followup_session,3368.0,3368.0,16041.0,-1518170014.0,0.0,1,63939,Delay_Req,57.0,fcaf6afffe02babe,128,6,33,65535,120,2,32,True,False,False,False,0,H0,sync_followup_session,sync_follow_up
11.373078,sync_followup_session,-3684.0,-3684.0,23093.0,-1518162962.0,0.0,1,63939,Delay_Resp,58.0,fcaf6afffe02babe,128,6,33,65535,120,2,32,True,False,False,False,0,H0,sync_followup_session,sync_follow_up
11.376104,sync_followup_session,-16900.0,-16900.0,23093.0,-1518162962.0,0.0,1,59493,Sync,58.0,fcaf6afffe02babe,128,6,33,65535,120,2,32,True,False,False,False,0,H0,sync_followup_session,sync_follow_up
11.432009,sync_followup_session,-16900.0,-16900.0,23093.0,-1518162962.0,0.0,1,63940,Delay_Req,57.0,fcaf6afffe02babe,128,6,33,65535,120,2,32,True,False,False,False,0,H0,sync_followup_session,sync_follow_up
11.4322,sync_followup_session,-16900.0,-16900.0,23093.0,-1518162962.0,0.0,1,62515,Announce,56.0,fcaf6afffe02babe,128,6,33,65535,120,2,32,True,False,False,False,0,H0,sync_followup_session,sync_follow_up
11.43222,sync_followup_session,-20744.0,-20744.0,23093.0,-1518162962.0,0.0,1,59494,Sync,57.0,fcaf6afffe02babe,128,6,33,65535,120,2,32,True,False,False,False,0,H0,sync_followup_session,sync_follow_up
11.432277,sync_followup_session,-12266.0,-12266.0,14615.0,-1518171440.0,0.0,1,63940,Delay_Resp,58.0,fcaf6afffe02babe,128,6,33,65535,120,2,32,True,False,False,False,0,H0,sync_followup_session,sync_follow_up
11.496077,sync_followup_session,-7746.0,-7746.0,14615.0,-1518171440.0,0.0,1,59495,Sync,55.0,fcaf6afffe02babe,128,6,33,65535,120,2,32,True,False,False,False,0,H0,sync_followup_session,sync_follow_up
11.513341,sync_followup_session,-7746.0,-7746.0,14615.0,-1518171440.0,0.0,1,63941,Delay_Req,55.0,fcaf6afffe02babe,128,6,33,65535,120,2,32,True,False,False,False,0,H0,sync_followup_session,sync_follow_up
11.513505,sync_followup_session,-8304.0,-8304.0,15173.0,-1518170882.0,0.0,1,63941,Delay_Resp,56.0,fcaf6afffe02babe,128,6,33,65535,120,2,32,True,False,False,False,0,H0,sync_followup_session,sync_follow_up
11.560303,sync_followup_session,-8304.0,-8304.0,15173.0,-1518170882.0,0.0,1,62516,Announce,55.0,fcaf6afffe02babe,128,6,33,65535,120,2,32,True,False,False,False,0,H0,sync_followup_session,sync_follow_up
11.560331,sync_followup_session,4644.0,4644.0,15173.0,-1518170882.0,0.0,1,59496,Sync,56.0,fcaf6afffe02babe,128,6,33,65535,120,2,32,True,False,False,False,0,H0,sync_followup_session,sync_follow_up
71.518339,sync_followup_session,2205340026.0,2205340026.0,751713171.0,-766472884.0,0.0,1,60408,Sync,127.0,fcaf6afffe02babe,128,6,33,65535,120,2,32,True,False,False,False,0,H0,sync_followup_session,sync_follow_up
71.560886,sync_followup_session,2205340026.0,2205340026.0,751713171.0,-766472884.0,0.0,1,62996,Announce,123.0,fcaf6afffe02babe,128,6,33,65535,120,2,32,True,False,False,False,0,H0,sync_followup_session,sync_follow_up
71.560896,sync_followup_session,-751711178.0,-751711178.0,751713171.0,-766472884.0,0.0,1,60456,Sync,124.0,fcaf6afffe02babe,128,6,33,65535,120,2,32,True,False,False,False,0,H0,sync_followup_session,sync_follow_up
71.578674,sync_followup_session,-751711178.0,-751711178.0,751713171.0,-766472884.0,0.0,1,64930,Delay_Req,122.0,fcaf6afffe02babe,128,6,33,65535,120,2,32,True,False,False,False,0,H0,sync_followup_session,sync_follow_up
71.578837,sync_followup_session,-9430.0,-9430.0,11423.0,-1518174632.0,0.0,1,64930,Delay_Resp,123.0,fcaf6afffe02babe,128,6,33,65535,120,2,32,True,False,False,False,0,H0,sync_followup_session,sync_follow_up
71.580465,sync_followup_session,-9430.0,-9430.0,11423.0,-1518174632.0,0.0,1,64931,Delay_Req,123.0,fcaf6afffe02babe,128,6,33,65535,120,2,32,True,False,False,False,0,H0,sync_followup_session,sync_follow_up
71.580666,sync_followup_session,-10974.0,-10974.0,12967.0,-1518173088.0,0.0,1,64931,Delay_Resp,124.0,fcaf6afffe02babe,128,6,33,65535,120,2,32,True,False,False,False,0,H0,sync_followup_session,sync_follow_up
71.585208,sync_followup_session,-10974.0,-10974.0,12967.0,-1518173088.0,0.0,1,64932,Delay_Req,125.0,fcaf6afffe02babe,128,6,33,65535,120,2,32,True,False,False,False,0,H0,sync_followup_session,sync_follow_up
71.585416,sync_followup_session,-12226.0,-12226.0,14219.0,-1518171836.0,0.0,1,64932,Delay_Resp,126.0,fcaf6afffe02babe,128,6,33,65535,120,2,32,True,False,False,False,0,H0,sync_followup_session,sync_follow_up
71.6248,sync_followup_session,-10518.0,-10518.0,14219.0,-1518171836.0,0.0,1,60457,Sync,125.0,fcaf6afffe02babe,128,6,33,65535,120,2,32,True,False,False,False,0,H0,sync_followup_session,sync_follow_up
71.679563,sync_followup_session,-10518.0,-10518.0,14219.0,-1518171836.0,0.0,1,64933,Delay_Req,118.0,fcaf6afffe02babe,128,6,33,65535,120,2,32,True,False,False,False,0,H0,sync_followup_session,sync_follow_up
71.679756,sync_followup_session,-10034.0,-10034.0,13735.0,-1518172320.0,0.0,1,64933,Delay_Resp,119.0,fcaf6afffe02babe,128,6,33,65535,120,2,32,True,False,False,False,0,H0,sync_followup_session,sync_follow_up
71.688898,sync_followup_session,-10034.0,-10034.0,13735.0,-1518172320.0,0.0,1,62997,Announce,120.0,fcaf6afffe02babe,128,6,33,65535,120,2,32,True,False,False,False,0,H0,sync_followup_session,sync_follow_up
71.688911,sync_followup_session,-11918.0,-11918.0,13735.0,-1518172320.0,0.0,1,60458,Sync,121.0,fcaf6afffe02babe,128,6,33,65535,120,2,32,True,False,False,False,0,H0,sync_followup_session,sync_follow_up
71.744811,sync_followup_session,-10138.0,-10138.0,13735.0,-1518172320.0,0.0,1,60459,Sync,116.0,fcaf6afffe02babe,128,6,33,65535,120,2,32,True,False,False,False,0,H0,sync_followup_session,sync_follow_up
71.746181,sync_followup_session,-10138.0,-10138.0,13735.0,-1518172320.0,0.0,1,64934,Delay_Req,116.0,fcaf6afffe02babe,128,6,33,65535,120,2,32,True,False,False,False,0,H0,sync_followup_session,sync_follow_up
71.746373,sync_followup_session,-10816.0,-10816.0,14413.0,-1518171642.0,0.0,1,64934,Delay_Resp,117.0,fcaf6afffe02babe,128,6,33,65535,120,2,32,True,False,False,False,0,H0,sync_followup_session,sync_follow_up
71.808912,sync_followup_session,-10816.0,-10816.0,14413.0,-1518171642.0,0.0,1,62998,Announce,105.0,fcaf6afffe02babe,128,6,33,65535,120,2,32,True,False,False,False,0,H0,sync_followup_session,sync_follow_up
71.808925,sync_followup_session,-12448.0,-12448.0,14413.0,-1518171642.0,0.0,1,60460,Sync,106.0,fcaf6afffe02babe,128,6,33,65535,120,2,32,True,False,False,False,0,H0,sync_followup_session,sync_follow_up
71.815743,sync_followup_session,-12448.0,-12448.0,14413.0,-1518171642.0,0.0,1,64935,Delay_Req,105.0,fcaf6afffe02babe,128,6,33,65535,120,2,32,True,False,False,False,0,H0,sync_followup_session,sync_follow_up
71.815967,sync_followup_session,-9656.0,-9656.0,11621.0,-1518174434.0,0.0,1,64935,Delay_Resp,106.0,fcaf6afffe02babe,128,6,33,65535,120,2,32,True,False,False,False,0,H0,sync_followup_session,sync_follow_up
71.872745,sync_followup_session,-9024.0,-9024.0,11621.0,-1518174434.0,0.0,1,60461,Sync,102.0,fcaf6afffe02babe,128,6,33,65535,120,2,32,True,False,False,False,0,H0,sync_followup_session,sync_follow_up
71.904809,sync_followup_session,-9024.0,-9024.0,11621.0,-1518174434.0,0.0,1,64936,Delay_Req,100.0,fcaf6afffe02babe,128,6,33,65535,120,2,32,True,False,False,False,0,H0,sync_followup_session,sync_follow_up
71.904974,sync_followup_session,-8358.0,-8358.0,10955.0,-1518175100.0,0.0,1,64936,Delay_Resp,101.0,fcaf6afffe02babe,128,6,33,65535,120,2,32,True,False,False,False,0,H0,sync_followup_session,sync_follow_up
71.936888,sync_followup_session,-8358.0,-8358.0,10955.0,-1518175100.0,0.0,1,62999,Announce,98.0,fcaf6afffe02babe,128,6,33,65535,120,2,32,True,False,False,False,0,H0,sync_followup_session,sync_follow_up
71.936901,sync_followup_session,-8994.0,-8994.0,10955.0,-1518175100.0,0.0,1,60462,Sync,99.0,fcaf6afffe02babe,128,6,33,65535,120,2,32,True,False,False,False,0,H0,sync_followup_session,sync_follow_up
71.987534,sync_followup_session,-8994.0,-8994.0,10955.0,-1518175100.0,0.0,1,64937,Delay_Req,94.0,fcaf6afffe02babe,128,6,33,65535,120,2,32,True,False,False,False,0,H0,sync_followup_session,sync_follow_up
71.987729,sync_followup_session,-11148.0,-11148.0,13109.0,-1518172946.0,0.0,1,64937,Delay_Resp,95.0,fcaf6afffe02babe,128,6,33,65535,120,2,32,True,False,False,False,0,H0,sync_followup_session,sync_follow_up
72.000768,sync_followup_session,-11396.0,-11396.0,13109.0,-1518172946.0,0.0,1,60463,Sync,95.0,fcaf6afffe02babe,128,6,33,65535,120,2,32,True,False,False,False,0,H0,sync_followup_session,sync_follow_up
72.064722,sync_followup_session,-11396.0,-11396.0,13109.0,-1518172946.0,0.0,1,63000,Announce,89.0,fcaf6afffe02babe,128,6,33,65535,120,2,32,True,False,False,False,0,H0,sync_followup_session,sync_follow_up
72.064734,sync_followup_session,-11928.0,-11928.0,13109.0,-1518172946.0,0.0,1,60464,Sync,90.0,fcaf6afffe02babe,128,6,33,65535,120,2,32,True,False,False,False,0,H0,sync_followup_session,sync_follow_up
72.10552,sync_followup_session,-11928.0,-11928.0,13109.0,-1518172946.0,0.0,1,64938,Delay_Req,86.0,fcaf6afffe02babe,128,6,33,65535,120,2,32,True,False,False,False,0,H0,sync_followup_session,sync_follow_up
72.105715,sync_followup_session,-11374.0,-11374.0,12555.0,-1518173500.0,0.0,1,64938,Delay_Resp,87.0,fcaf6afffe02babe,128,6,33,65535,120,2,32,True,False,False,False,0,H0,sync_followup_session,sync_follow_up
72.120789,sync_followup_session,-10154.0,-10154.0,12555.0,-1518173500.0,0.0,1,60465,Sync,85.0,fcaf6afffe02babe,128,6,33,65535,120,2,32,True,False,False,False,0,H0,sync_followup_session,sync_follow_up
72.121877,sync_followup_session,-10154.0,-10154.0,12555.0,-1518173500.0,0.0,1,64939,Delay_Req,85.0,fcaf6afffe02babe,128,6,33,65535,120,2,32,True,False,False,False,0,H0,sync_followup_session,sync_follow_up
72.122025,sync_followup_session,-9348.0,-9348.0,11749.0,-1518174306.0,0.0,1,64939,Delay_Resp,86.0,fcaf6afffe02babe,128,6,33,65535,120,2,32,True,False,False,False,0,H0,sync_followup_session,sync_follow_up
72.184914,sync_followup_session,-9348.0,-9348.0,11749.0,-1518174306.0,0.0,1,63001,Announce,78.0,fcaf6afffe02babe,128,6,33,65535,120,2,32,True,False,False,False,0,H0,sync_followup_session,sync_follow_up
72.184927,sync_followup_session,-10116.0,-10116.0,11749.0,-1518174306.0,0.0,1,60466,Sync,79.0,fcaf6afffe02babe,128,6,33,65535,120,2,32,True,False,False,False,0,H0,sync_followup_session,sync_follow_up
72.186563,sync_followup_session,-10116.0,-10116.0,11749.0,-1518174306.0,0.0,1,64940,Delay_Req,78.0,fcaf6afffe02babe,128,6,33,65535,120,2,32,True,False,False,False,0,H0,sync_followup_session,sync_follow_up
72.186753,sync_followup_session,-9566.0,-9566.0,11199.0,-1518174856.0,0.0,1,64940,Delay_Resp,79.0,fcaf6afffe02babe,128,6,33,65535,120,2,32,True,False,False,False,0,H0,sync_followup_session,sync_follow_up
72.248774,sync_followup_session,-9562.0,-9562.0,11199.0,-1518174856.0,0.0,1,60467,Sync,76.0,fcaf6afffe02babe,128,6,33,65535,120,2,32,True,False,False,False,0,H0,sync_followup_session,sync_follow_up
72.27828,sync_followup_session,-9562.0,-9562.0,11199.0,-1518174856.0,0.0,1,64941,Delay_Req,72.0,fcaf6afffe02babe,128,6,33,65535,120,2,32,True,False,False,False,0,H0,sync_followup_session,sync_follow_up
72.278468,sync_followup_session,-8590.0,-8590.0,10227.0,-1518175828.0,0.0,1,64941,Delay_Resp,73.0,fcaf6afffe02babe,128,6,33,65535,120,2,32,True,False,False,False,0,H0,sync_followup_session,sync_follow_up
72.307239,sync_followup_session,-8590.0,-8590.0,10227.0,-1518175828.0,0.0,1,64942,Delay_Req,71.0,fcaf6afffe02babe,128,6,33,65535,120,2,32,True,False,False,False,0,H0,sync_followup_session,sync_follow_up
72.307445,sync_followup_session,-11254.0,-11254.0,12891.0,-1518173164.0,0.0,1,64942,Delay_Resp,72.0,fcaf6afffe02babe,128,6,33,65535,120,2,32,True,False,False,False,0,H0,sync_followup_session,sync_follow_up
72.312919,sync_followup_session,-11254.0,-11254.0,12891.0,-1518173164.0,0.0,1,63002,Announce,73.0,fcaf6afffe02babe,128,6,33,65535,120,2,32,True,False,False,False,0,H0,sync_followup_session,sync_follow_up
72.312932,sync_followup_session,-10906.0,-10906.0,12891.0,-1518173164.0,0.0,1,60468,Sync,74.0,fcaf6afffe02babe,128,6,33,65535,120,2,32,True,False,False,False,0,H0,sync_followup_session,sync_follow_up
72.355431,sync_followup_session,-10906.0,-10906.0,12891.0,-1518173164.0,0.0,1,64943,Delay_Req,70.0,fcaf6afffe02babe,128,6,33,65535,120,2,32,True,False,False,False,0,H0,sync_followup_session,sync_follow_up
72.355652,sync_followup_session,-11224.0,-11224.0,13209.0,-1518172846.0,0.0,1,64943,Delay_Resp,70.0,fcaf6afffe02babe,128,6,33,65535,120,2,32,True,False,False,False,0,H0,sync_followup_session,sync_follow_up
72.376774,sync_followup_session,-11424.0,-11424.0,13209.0,-1518172846.0,0.0,1,60469,Sync,67.0,fcaf6afffe02babe,128,6,33,65535,120,2,32,True,False,False,False,0,H0,sync_followup_session,sync_follow_up
72.419229,sync_followup_session,-11424.0,-11424.0,13209.0,-1518172846.0,0.0,1,64944,Delay_Req,64.0,fcaf6afffe02babe,128,6,33,65535,120,2,32,True,False,False,False,0,H0,sync_followup_session,sync_follow_up
72.419451,sync_followup_session,-9914.0,-9914.0,11699.0,-1518174356.0,0.0,1,64944,Delay_Resp,64.0,fcaf6afffe02babe,128,6,33,65535,120,2,32,True,False,False,False,0,H0,sync_followup_session,sync_follow_up
72.426938,sync_followup_session,-9914.0,-9914.0,11699.0,-1518174356.0,0.0,1,64945,Delay_Req,65.0,fcaf6afffe02babe,128,6,33,65535,120,2,32,True,False,False,False,0,H0,sync_followup_session,sync_follow_up
72.427118,sync_followup_session,-10948.0,-10948.0,12733.0,-1518173322.0,0.0,1,64945,Delay_Resp,66.0,fcaf6afffe02babe,128,6,33,65535,120,2,32,True,False,False,False,0,H0,sync_followup_session,sync_follow_up
72.43284,sync_followup_session,-10948.0,-10948.0,12733.0,-1518173322.0,0.0,1,63003,Announce,67.0,fcaf6afffe02babe,128,6,33,65535,120,2,32,True,False,False,False,0,H0,sync_followup_session,sync_follow_up
72.432862,sync_followup_session,-11624.0,-11624.0,12733.0,-1518173322.0,0.0,1,60470,Sync,68.0,fcaf6afffe02babe,128,6,33,65535,120,2,32,True,False,False,False,0,H0,sync_followup_session,sync_follow_up
72.492174,sync_followup_session,-11624.0,-11624.0,12733.0,-1518173322.0,0.0,1,64946,Delay_Req,61.0,fcaf6afffe02babe,128,6,33,65535,120,2,32,True,False,False,False,0,H0,sync_followup_session,sync_follow_up
72.492366,sync_followup_session,-9142.0,-9142.0,10251.0,-1518175804.0,0.0,1,64946,Delay_Resp,62.0,fcaf6afffe02babe,128,6,33,65535,120,2,32,True,False,False,False,0,H0,sync_followup_session,sync_follow_up
72.496764,sync_followup_session,-8062.0,-8062.0,10251.0,-1518175804.0,0.0,1,60471,Sync,62.0,fcaf6afffe02babe,128,6,33,65535,120,2,32,True,False,False,False,0,H0,sync_followup_session,sync_follow_up
72.560961,sync_followup_session,-8062.0,-8062.0,10251.0,-1518175804.0,0.0,1,63004,Announce,57.0,fcaf6afffe02babe,128,6,33,65535,120,2,32,True,False,False,False,0,H0,sync_followup_session,sync_follow_up
72.560992,sync_followup_session,9050.0,9050.0,10251.0,-1518175804.0,0.0,1,60472,Sync,58.0,fcaf6afffe02babe,128,6,33,65535,120,2,32,True,False,False,False,0,H0,sync_followup_session,sync_follow_up
72.569598,sync_followup_session,9050.0,9050.0,10251.0,-1518175804.0,0.0,1,64947,Delay_Req,59.0,fcaf6afffe02babe,128,6,33,65535,120,2,32,True,False,False,False,0,H0,sync_followup_session,sync_follow_up
72.569798,sync_followup_session,-272.0,-272.0,19573.0,-1518166482.0,0.0,1,64947,Delay_Resp,60.0,fcaf6afffe02babe,128,6,33,65535,120,2,32,True,False,False,False,0,H0,sync_followup_session,sync_follow_up
72.62476,sync_followup_session,-17120.0,-17120.0,19573.0,-1518166482.0,0.0,1,60473,Sync,55.0,fcaf6afffe02babe,128,6,33,65535,120,2,32,True,False,False,False,0,H0,sync_followup_session,sync_follow_up
72.676325,sync_followup_session,-17120.0,-17120.0,19573.0,-1518166482.0,0.0,1,64948,Delay_Req,55.0,fcaf6afffe02babe,128,6,33,65535,120,2,32,True,False,False,False,0,H0,sync_followup_session,sync_follow_up
72.676521,sync_followup_session,-11022.0,-11022.0,13475.0,-1518172580.0,0.0,1,64948,Delay_Resp,56.0,fcaf6afffe02babe,128,6,33,65535,120,2,32,True,False,False,False,0,H0,sync_followup_session,sync_follow_up
72.688892,sync_followup_session,-11022.0,-11022.0,13475.0,-1518172580.0,0.0,1,63005,Announce,55.0,fcaf6afffe02babe,128,6,33,65535,120,2,32,True,False,False,False,0,H0,sync_followup_session,sync_follow_up
72.688923,sync_followup_session,6182.0,6182.0,13475.0,-1518172580.0,0.0,1,60474,Sync,54.0,fcaf6afffe02babe,128,6,33,65535,120,2,32,True,False,False,False,0,H0,sync_followup_session,sync_follow_up
72.701815,sync_followup_session,6182.0,6182.0,13475.0,-1518172580.0,0.0,1,64949,Delay_Req,55.0,fcaf6afffe02babe,128,6,33,65535,120,2,32,True,False,False,False,0,H0,sync_followup_session,sync_follow_up
72.702026,sync_followup_session,-1008.0,-1008.0,20665.0,-1518165390.0,0.0,1,64949,Delay_Resp,56.0,fcaf6afffe02babe,128,6,33,65535,120,2,32,True,False,False,False,0,H0,sync_followup_session,sync_follow_up
72.744814,sync_followup_session,-18300.0,-18300.0,20665.0,-1518165390.0,0.0,1,60475,Sync,56.0,fcaf6afffe02babe,128,6,33,65535,120,2,32,True,False,False,False,0,H0,sync_followup_session,sync_follow_up
72.752635,sync_followup_session,-18300.0,-18300.0,20665.0,-1518165390.0,0.0,1,64950,Delay_Req,55.0,fcaf6afffe02babe,128,6,33,65535,120,2,32,True,False,False,False,0,H0,sync_followup_session,sync_follow_up
72.752834,sync_followup_session,-10248.0,-10248.0,12613.0,-1518173442.0,0.0,1,64950,Delay_Resp,56.0,fcaf6afffe02babe,128,6,33,65535,120,2,32,True,False,False,False,0,H0,sync_followup_session,sync_follow_up
72.808901,sync_followup_session,-10248.0,-10248.0,12613.0,-1518173442.0,0.0,1,63006,Announce,57.0,fcaf6afffe02babe,128,6,33,65535,120,2,32,True,False,False,False,0,H0,sync_followup_session,sync_follow_up
72.808931,sync_followup_session,6352.0,6352.0,12613.0,-1518173442.0,0.0,1,60476,Sync,56.0,fcaf6afffe02babe,128,6,33,65535,120,2,32,True,False,False,False,0,H0,sync_followup_session,sync_follow_up
72.839939,sync_followup_session,6352.0,6352.0,12613.0,-1518173442.0,0.0,1,64951,Delay_Req,55.0,fcaf6afffe02babe,128,6,33,65535,120,2,32,True,False,False,False,0,H0,sync_followup_session,sync_follow_up
72.840143,sync_followup_session,-676.0,-676.0,19641.0,-1518166414.0,0.0,1,64951,Delay_Resp,56.0,fcaf6afffe02babe,128,6,33,65535,120,2,32,True,False,False,False,0,H0,sync_followup_session,sync_follow_up
72.872756,sync_followup_session,-17796.0,-17796.0,19641.0,-1518166414.0,0.0,1,60477,Sync,56.0,fcaf6afffe02babe,128,6,33,65535,120,2,32,True,False,False,False,0,H0,sync_followup_session,sync_follow_up
72.892544,sync_followup_session,-17796.0,-17796.0,19641.0,-1518166414.0,0.0,1,64952,Delay_Req,57.0,fcaf6afffe02babe,128,6,33,65535,120,2,32,True,False,False,False,0,H0,sync_followup_session,sync_follow_up
72.892764,sync_followup_session,-9052.0,-9052.0,10897.0,-1518175158.0,0.0,1,64952,Delay_Resp,58.0,fcaf6afffe02babe,128,6,33,65535,120,2,32,True,False,False,False,0,H0,sync_followup_session,sync_follow_up
72.936885,sync_followup_session,-9052.0,-9052.0,10897.0,-1518175158.0,0.0,1,63007,Announce,57.0,fcaf6afffe02babe,128,6,33,65535,120,2,32,True,False,False,False,0,H0,sync_followup_session,sync_follow_up
72.936915,sync_followup_session,8276.0,8276.0,10897.0,-1518175158.0,0.0,1,60478,Sync,56.0,fcaf6afffe02babe,128,6,33,65535,120,2,32,True,False,False,False,0,H0,sync_followup_session,sync_follow_up
72.984581,sync_followup_session,8276.0,8276.0,10897.0,-1518175158.0,0.0,1,64953,Delay_Req,57.0,fcaf6afffe02babe,128,6,33,65535,120,2,32,True,False,False,False,0,H0,sync_followup_session,sync_follow_up
72.98482,sync_followup_session,-122.0,-122.0,19295.0,-1518166760.0,0.0,1,64953,Delay_Resp,58.0,fcaf6afffe02babe,128,6,33,65535,120,2,32,True,False,False,False,0,H0,sync_followup_session,sync_follow_up
73.000784,sync_followup_session,-17578.0,-17578.0,19295.0,-1518166760.0,0.0,1,60479,Sync,56.0,fcaf6afffe02babe,128,6,33,65535,120,2,32,True,False,False,False,0,H0,sync_followup_session,sync_follow_up
73.064701,sync_followup_session,-17578.0,-17578.0,19295.0,-1518166760.0,0.0,1,63008,Announce,57.0,fcaf6afffe02babe,128,6,33,65535,120,2,32,True,False,False,False,0,H0,sync_followup_session,sync_follow_up
73.064733,sync_followup_session,1022.0,1022.0,19295.0,-1518166760.0,0.0,1,60480,Sync,57.0,fcaf6afffe02babe,128,6,33,65535,120,2,32,True,False,False,False,0,H0,sync_followup_session,sync_follow_up
73.103802,sync_followup_session,1022.0,1022.0,19295.0,-1518166760.0,0.0,1,64954,Delay_Req,57.0,fcaf6afffe02babe,128,6,33,65535,120,2,32,True,False,False,False,0,H0,sync_followup_session,sync_follow_up
73.104018,sync_followup_session,-2060.0,-2060.0,22377.0,-1518163678.0,0.0,1,64954,Delay_Resp,58.0,fcaf6afffe02babe,128,6,33,65535,120,2,32,True,False,False,False,0,H0,sync_followup_session,sync_follow_up
73.120792,sync_followup_session,-20324.0,-20324.0,22377.0,-1518163678.0,0.0,1,60481,Sync,56.0,fcaf6afffe02babe,128,6,33,65535,120,2,32,True,False,False,False,0,H0,sync_followup_session,sync_follow_up
73.184895,sync_followup_session,-20324.0,-20324.0,22377.0,-1518163678.0,0.0,1,63009,Announce,55.0,fcaf6afffe02babe,128,6,33,65535,120,2,32,True,False,False,False,0,H0,sync_followup_session,sync_follow_up
73.184925,sync_followup_session,-3668.0,-3668.0,22377.0,-1518163678.0,0.0,1,60482,Sync,55.0,fcaf6afffe02babe,128,6,33,65535,120,2,32,True,False,False,False,0,H0,sync_followup_session,sync_follow_up
73.224973,sync_followup_session,-3668.0,-3668.0,22377.0,-1518163678.0,0.0,1,64955,Delay_Req,53.0,fcaf6afffe02babe,128,6,33,65535,120,2,32,True,False,False,False,0,H0,sync_followup_session,sync_follow_up
73.225217,sync_followup_session,-3784.0,-3784.0,22493.0,-1518163562.0,0.0,1,64955,Delay_Resp,54.0,fcaf6afffe02babe,128,6,33,65535,120,2,32,True,False,False,False,0,H0,sync_followup_session,sync_follow_up
73.248798,sync_followup_session,-20196.0,-20196.0,22493.0,-1518163562.0,0.0,1,60483,Sync,54.0,fcaf6afffe02babe,128,6,33,65535,120,2,32,True,False,False,False,0,H0,sync_followup_session,sync_follow_up
73.28264,sync_followup_session,-20196.0,-20196.0,22493.0,-1518163562.0,0.0,1,64956,Delay_Req,53.0,fcaf6afffe02babe,128,6,33,65535,120,2,32,True,False,False,False,0,H0,sync_followup_session,sync_follow_up
73.282818,sync_followup_session,-11342.0,-11342.0,13639.0,-1518172416.0,0.0,1,64956,Delay_Resp,54.0,fcaf6afffe02babe,128,6,33,65535,120,2,32,True,False,False,False,0,H0,sync_followup_session,sync_follow_up
73.312854,sync_followup_session,-11342.0,-11342.0,13639.0,-1518172416.0,0.0,1,63010,Announce,53.0,fcaf6afffe02babe,128,6,33,65535,120,2,32,True,False,False,False,0,H0,sync_followup_session,sync_follow_up
73.312884,sync_followup_session,5294.0,5294.0,13639.0,-1518172416.0,0.0,1,60484,Sync,54.0,fcaf6afffe02babe,128,6,33,65535,120,2,32,True,False,False,False,0,H0,sync_followup_session,sync_follow_up
73.361528,sync_followup_session,5294.0,5294.0,13639.0,-1518172416.0,0.0,1,64957,Delay_Req,51.0,fcaf6afffe02babe,128,6,33,65535,120,2,32,True,False,False,False,0,H0,sync_followup_session,sync_follow_up
73.361744,sync_followup_session,-3388.0,-3388.0,22321.0,-1518163734.0,0.0,1,64957,Delay_Resp,52.0,fcaf6afffe02babe,128,6,33,65535,120,2,32,True,False,False,False,0,H0,sync_followup_session,sync_follow_up
73.376794,sync_followup_session,-20252.0,-20252.0,22321.0,-1518163734.0,0.0,1,60485,Sync,52.0,fcaf6afffe02babe,128,6,33,65535,120,2,32,True,False,False,False,0,H0,sync_followup_session,sync_follow_up
73.412173,sync_followup_session,-20252.0,-20252.0,22321.0,-1518163734.0,0.0,1,64958,Delay_Req,53.0,fcaf6afffe02babe,128,6,33,65535,120,2,32,True,False,False,False,0,H0,sync_followup_session,sync_follow_up
73.412345,sync_followup_session,-9324.0,-9324.0,11393.0,-1518174662.0,0.0,1,64958,Delay_Resp,54.0,fcaf6afffe02babe,128,6,33,65535,120,2,32,True,False,False,False,0,H0,sync_followup_session,sync_follow_up
73.432874,sync_followup_session,-9324.0,-9324.0,11393.0,-1518174662.0,0.0,1,63011,Announce,49.0,fcaf6afffe02babe,128,6,33,65535,120,2,32,True,False,False,False,0,H0,sync_followup_session,sync_follow_up
73.4329,sync_followup_session,-10036.0,-10036.0,11393.0,-1518174662.0,0.0,1,60486,Sync,50.0,fcaf6afffe02babe,128,6,33,65535,120,2,32,True,False,False,False,0,H0,sync_followup_session,sync_follow_up
73.496777,sync_followup_session,-8812.0,-8812.0,11393.0,-1518174662.0,0.0,1,60487,Sync,48.0,fcaf6afffe02babe,128,6,33,65535,120,2,32,True,False,False,False,0,H0,sync_followup_session,sync_follow_up
73.502784,sync_followup_session,-8812.0,-8812.0,11393.0,-1518174662.0,0.0,1,64959,Delay_Req,49.0,fcaf6afffe02babe,128,6,33,65535,120,2,32,True,False,False,False,0,H0,sync_followup_session,sync_follow_up
73.502943,sync_followup_session,-9112.0,-9112.0,11693.0,-1518174362.0,0.0,1,64959,Delay_Resp,50.0,fcaf6afffe02babe,128,6,33,65535,120,2,32,True,False,False,False,0,H0,sync_followup_session,sync_follow_up
73.560914,sync_followup_session,-9112.0,-9112.0,11693.0,-1518174362.0,0.0,1,63012,Announce,51.0,fcaf6afffe02babe,128,6,33,65535,120,2,32,True,False,False,False,0,H0,sync_followup_session,sync_follow_up
73.560939,sync_followup_session,-10280.0,-10280.0,11693.0,-1518174362.0,0.0,1,60488,Sync,52.0,fcaf6afffe02babe,128,6,33,65535,120,2,32,True,False,False,False,0,H0,sync_followup_session,sync_follow_up
73.618106,sync_followup_session,-10280.0,-10280.0,11693.0,-1518174362.0,0.0,1,64960,Delay_Req,49.0,fcaf6afffe02babe,128,6,33,65535,120,2,32,True,False,False,False,0,H0,sync_followup_session,sync_follow_up
73.618272,sync_followup_session,-12082.0,-12082.0,13495.0,-1518172560.0,0.0,1,64960,Delay_Resp,50.0,fcaf6afffe02babe,128,6,33,65535,120,2,32,True,False,False,False,0,H0,sync_followup_session,sync_follow_up
73.624805,sync_followup_session,-9654.0,-9654.0,13495.0,-1518172560.0,0.0,1,60489,Sync,50.0,fcaf6afffe02babe,128,6,33,65535,120,2,32,True,False,False,False,0,H0,sync_followup_session,sync_follow_up
73.682025,sync_followup_session,-9654.0,-9654.0,13495.0,-1518172560.0,0.0,1,64961,Delay_Req,49.0,fcaf6afffe02babe,128,6,33,65535,120,2,32,True,False,False,False,0,H0,sync_followup_session,sync_follow_up
73.682268,sync_followup_session,-10612.0,-10612.0,14453.0,-1518171602.0,0.0,1,64961,Delay_Resp,50.0,fcaf6afffe02babe,128,6,33,65535,120,2,32,True,False,False,False,0,H0,sync_followup_session,sync_follow_up
73.688907,sync_followup_session,-10612.0,-10612.0,14453.0,-1518171602.0,0.0,1,63013,Announce,50.0,fcaf6afffe02babe,128,6,33,65535,120,2,32,True,False,False,False,0,H0,sync_followup_session,sync_follow_up
73.688933,sync_followup_session,-12524.0,-12524.0,14453.0,-1518171602.0,0.0,1,60490,Sync,50.0,fcaf6afffe02babe,128,6,33,65535,120,2,32,True,False,False,False,0,H0,sync_followup_session,sync_follow_up
73.701298,sync_followup_session,-12524.0,-12524.0,14453.0,-1518171602.0,0.0,1,64962,Delay_Req,51.0,fcaf6afffe02babe,128,6,33,65535,120,2,32,True,False,False,False,0,H0,sync_followup_session,sync_follow_up
73.701537,sync_followup_session,-11928.0,-11928.0,13857.0,-1518172198.0,0.0,1,64962,Delay_Resp,52.0,fcaf6afffe02babe,128,6,33,65535,120,2,32,True,False,False,False,0,H0,sync_followup_session,sync_follow_up
73.744774,sync_followup_session,-12176.0,-12176.0,13857.0,-1518172198.0,0.0,1,60491,Sync,51.0,fcaf6afffe02babe,128,6,33,65535,120,2,32,True,False,False,False,0,H0,sync_followup_session,sync_follow_up
73.768807,sync_followup_session,-12176.0,-12176.0,13857.0,-1518172198.0,0.0,1,64963,Delay_Req,49.0,fcaf6afffe02babe,128,6,33,65535,120,2,32,True,False,False,False,0,H0,sync_followup_session,sync_follow_up
73.769047,sync_followup_session,-9916.0,-9916.0,11597.0,-1518174458.0,0.0,1,64963,Delay_Resp,50.0,fcaf6afffe02babe,128,6,33,65535,120,2,32,True,False,False,False,0,H0,sync_followup_session,sync_follow_up
73.80888,sync_followup_session,-9916.0,-9916.0,11597.0,-1518174458.0,0.0,1,63014,Announce,51.0,fcaf6afffe02babe,128,6,33,65535,120,2,32,True,False,False,False,0,H0,sync_followup_session,sync_follow_up
73.808905,sync_followup_session,-9488.0,-9488.0,11597.0,-1518174458.0,0.0,1,60492,Sync,51.0,fcaf6afffe02babe,128,6,33,65535,120,2,32,True,False,False,False,0,H0,sync_followup_session,sync_follow_up
73.851872,sync_followup_session,-9488.0,-9488.0,11597.0,-1518174458.0,0.0,1,64964,Delay_Req,49.0,fcaf6afffe02babe,128,6,33,65535,120,2,32,True,False,False,False,0,H0,sync_followup_session,sync_follow_up
73.852105,sync_followup_session,-8420.0,-8420.0,10529.0,-1518175526.0,0.0,1,64964,Delay_Resp,50.0,fcaf6afffe02babe,128,6,33,65535,120,2,32,True,False,False,False,0,H0,sync_followup_session,sync_follow_up
73.859608,sync_followup_session,-8420.0,-8420.0,10529.0,-1518175526.0,0.0,1,64965,Delay_Req,51.0,fcaf6afffe02babe,128,6,33,65535,120,2,32,True,False,False,False,0,H0,sync_followup_session,sync_follow_up
73.859842,sync_followup_session,-10932.0,-10932.0,13041.0,-1518173014.0,0.0,1,64965,Delay_Resp,52.0,fcaf6afffe02babe,128,6,33,65535,120,2,32,True,False,False,False,0,H0,sync_followup_session,sync_follow_up
73.872767,sync_followup_session,-11308.0,-11308.0,13041.0,-1518173014.0,0.0,1,60493,Sync,52.0,fcaf6afffe02babe,128,6,33,65535,120,2,32,True,False,False,False,0,H0,sync_followup_session,sync_follow_up
73.905358,sync_followup_session,-11308.0,-11308.0,13041.0,-1518173014.0,0.0,1,64966,Delay_Req,51.0,fcaf6afffe02babe,128,6,33,65535,120,2,32,True,False,False,False,0,H0,sync_followup_session,sync_follow_up
73.905574,sync_followup_session,-12334.0,-12334.0,14067.0,-1518171988.0,0.0,1,64966,Delay_Resp,52.0,fcaf6afffe02babe,128,6,33,65535,120,2,32,True,False,False,False,0,H0,sync_followup_session,sync_follow_up
73.936892,sync_followup_session,-12334.0,-12334.0,14067.0,-1518171988.0,0.0,1,63015,Announce,52.0,fcaf6afffe02babe,128,6,33,65535,120,2,32,True,False,False,False,0,H0,sync_followup_session,sync_follow_up
73.936917,sync_followup_session,-12026.0,-12026.0,14067.0,-1518171988.0,0.0,1,60494,Sync,52.0,fcaf6afffe02babe,128,6,33,65535,120,2,32,True,False,False,False,0,H0,sync_followup_session,sync_follow_up
73.986673,sync_followup_session,-12026.0,-12026.0,14067.0,-1518171988.0,0.0,1,64967,Delay_Req,51.0,fcaf6afffe02babe,128,6,33,65535,120,2,32,True,False,False,False,0,H0,sync_followup_session,sync_follow_up
73.986895,sync_followup_session,-11616.0,-11616.0,13657.0,-1518172398.0,0.0,1,64967,Delay_Resp,52.0,fcaf6afffe02babe,128,6,33,65535,120,2,32,True,False,False,False,0,H0,sync_followup_session,sync_follow_up
74.000785,sync_followup_session,-11460.0,-11460.0,13657.0,-1518172398.0,0.0,1,60495,Sync,52.0,fcaf6afffe02babe,128,6,33,65535,120,2,32,True,False,False,False,0,H0,sync_followup_session,sync_follow_up
74.014143,sync_followup_session,-11460.0,-11460.0,13657.0,-1518172398.0,0.0,1,64968,Delay_Req,53.0,fcaf6afffe02babe,128,6,33,65535,120,2,32,True,False,False,False,0,H0,sync_followup_session,sync_follow_up
74.014335,sync_followup_session,-8210.0,-8210.0,10407.0,-1518175648.0,0.0,1,64968,Delay_Resp,54.0,fcaf6afffe02babe,128,6,33,65535,120,2,32,True,False,False,False,0,H0,sync_followup_session,sync_follow_up
74.06474,sync_followup_session,-8210.0,-8210.0,10407.0,-1518175648.0,0.0,1,63016,Announce,53.0,fcaf6afffe02babe,128,6,33,65535,120,2,32,True,False,False,False,0,H0,sync_followup_session,sync_follow_up
74.064753,sync_followup_session,-8986.0,-8986.0,10407.0,-1518175648.0,0.0,1,60496,Sync,54.0,fcaf6afffe02babe,128,6,33,65535,120,2,32,True,False,False,False,0,H0,sync_followup_session,sync_follow_up
74.120796,sync_followup_session,-8746.0,-8746.0,10407.0,-1518175648.0,0.0,1,60497,Sync,52.0,fcaf6afffe02babe,128,6,33,65535,120,2,32,True,False,False,False,0,H0,sync_followup_session,sync_follow_up
74.120939,sync_followup_session,-8746.0,-8746.0,10407.0,-1518175648.0,0.0,1,64969,Delay_Req,53.0,fcaf6afffe02babe,128,6,33,65535,120,2,32,True,False,False,False,0,H0,sync_followup_session,sync_follow_up
74.121154,sync_followup_session,-11940.0,-11940.0,13601.0,-1518172454.0,0.0,1,64969,Delay_Resp,54.0,fcaf6afffe02babe,128,6,33,65535,120,2,32,True,False,False,False,0,H0,sync_followup_session,sync_follow_up
74.184906,sync_followup_session,-11940.0,-11940.0,13601.0,-1518172454.0,0.0,1,63017,Announce,54.0,fcaf6afffe02babe,128,6,33,65535,120,2,32,True,False,False,False,0,H0,sync_followup_session,sync_follow_up
74.184919,sync_followup_session,-11776.0,-11776.0,13601.0,-1518172454.0,0.0,1,60498,Sync,55.0,fcaf6afffe02babe,128,6,33,65535,120,2,32,True,False,False,False,0,H0,sync_followup_session,sync_follow_up
74.19922,sync_followup_session,-11776.0,-11776.0,13601.0,-1518172454.0,0.0,1,64970,Delay_Req,55.0,fcaf6afffe02babe,128,6,33,65535,120,2,32,True,False,False,False,0,H0,sync_followup_session,sync_follow_up
74.199445,sync_followup_session,-12640.0,-12640.0,14465.0,-1518171590.0,0.0,1,64970,Delay_Resp,56.0,fcaf6afffe02babe,128,6,33,65535,120,2,32,True,False,False,False,0,H0,sync_followup_session,sync_follow_up
74.248829,sync_followup_session,-11856.0,-11856.0,14465.0,-1518171590.0,0.0,1,60499,Sync,54.0,fcaf6afffe02babe,128,6,33,65535,120,2,32,True,False,False,False,0,H0,sync_followup_session,sync_follow_up
74.312483,sync_followup_session,-11856.0,-11856.0,14465.0,-1518171590.0,0.0,1,64971,Delay_Req,53.0,fcaf6afffe02babe,128,6,33,65535,120,2,32,True,False,False,False,0,H0,sync_followup_session,sync_follow_up
74.312955,sync_followup_session,-11856.0,-11856.0,14465.0,-1518171590.0,0.0,1,63018,Announce,52.0,fcaf6afffe02babe,128,6,33,65535,120,2,32,True,False,False,False,0,H0,sync_followup_session,sync_follow_up
74.31298,sync_followup_session,-11820.0,-11820.0,14465.0,-1518171590.0,0.0,1,60500,Sync,53.0,fcaf6afffe02babe,128,6,33,65535,120,2,32,True,False,False,False,0,H0,sync_followup_session,sync_follow_up
74.313036,sync_followup_session,-10902.0,-10902.0,13547.0,-1518172508.0,0.0,1,64971,Delay_Resp,54.0,fcaf6afffe02babe,128,6,33,65535,120,2,32,True,False,False,False,0,H0,sync_followup_session,sync_follow_up
74.318362,sync_followup_session,-10902.0,-10902.0,13547.0,-1518172508.0,0.0,1,64972,Delay_Req,55.0,fcaf6afffe02babe,128,6,33,65535,120,2,32,True,False,False,False,0,H0,sync_followup_session,sync_follow_up
74.318562,sync_followup_session,-11150.0,-11150.0,13795.0,-1518172260.0,0.0,1,64972,Delay_Resp,56.0,fcaf6afffe02babe,128,6,33,65535,120,2,32,True,False,False,False,0,H0,sync_followup_session,sync_follow_up
74.358233,sync_followup_session,-11150.0,-11150.0,13795.0,-1518172260.0,0.0,1,64973,Delay_Req,57.0,fcaf6afffe02babe,128,6,33,65535,120,2,32,True,False,False,False,0,H0,sync_followup_session,sync_follow_up
74.358324,sync_followup_session,-11150.0,-11150.0,13795.0,-1518172260.0,0.0,1,64974,Delay_Req,58.0,fcaf6afffe02babe,128,6,33,65535,120,2,32,True,False,False,False,0,H0,sync_followup_session,sync_follow_up
74.358469,sync_followup_session,-8500.0,-8500.0,11145.0,-1518174910.0,0.0,1,64973,Delay_Resp,59.0,fcaf6afffe02babe,128,6,33,65535,120,2,32,True,False,False,False,0,H0,sync_followup_session,sync_follow_up
74.358485,sync_followup_session,-9072.0,-9072.0,11717.0,-1518174338.0,0.0,1,64974,Delay_Resp,60.0,fcaf6afffe02babe,128,6,33,65535,120,2,32,True,False,False,False,0,H0,sync_followup_session,sync_follow_up
74.363044,sync_followup_session,-9072.0,-9072.0,11717.0,-1518174338.0,0.0,1,64975,Delay_Req,59.0,fcaf6afffe02babe,128,6,33,65535,120,2,32,True,False,False,False,0,H0,sync_followup_session,sync_follow_up
74.363301,sync_followup_session,-10678.0,-10678.0,13323.0,-1518172732.0,0.0,1,64975,Delay_Resp,60.0,fcaf6afffe02babe,128,6,33,65535,120,2,32,True,False,False,False,0,H0,sync_followup_session,sync_follow_up
74.376796,sync_followup_session,-11678.0,-11678.0,13323.0,-1518172732.0,0.0,1,60501,Sync,60.0,fcaf6afffe02babe,128,6,33,65535,120,2,32,True,False,False,False,0,H0,sync_followup_session,sync_follow_up
74.399082,sync_followup_session,-11678.0,-11678.0,13323.0,-1518172732.0,0.0,1,64976,Delay_Req,61.0,fcaf6afffe02babe,128,6,33,65535,120,2,32,True,False,False,False,0,H0,sync_followup_session,sync_follow_up
74.399287,sync_followup_session,-9310.0,-9310.0,10955.0,-1518175100.0,0.0,1,64976,Delay_Resp,62.0,fcaf6afffe02babe,128,6,33,65535,120,2,32,True,False,False,False,0,H0,sync_followup_session,sync_follow_up
74.432877,sync_followup_session,-9310.0,-9310.0,10955.0,-1518175100.0,0.0,1,63019,Announce,60.0,fcaf6afffe02babe,128,6,33,65535,120,2,32,True,False,False,False,0,H0,sync_followup_session,sync_follow_up
74.43289,sync_followup_session,-9514.0,-9514.0,10955.0,-1518175100.0,0.0,1,60502,Sync,61.0,fcaf6afffe02babe,128,6,33,65535,120,2,32,True,False,False,False,0,H0,sync_followup_session,sync_follow_up
74.433903,sync_followup_session,-9514.0,-9514.0,10955.0,-1518175100.0,0.0,1,64977,Delay_Req,61.0,fcaf6afffe02babe,128,6,33,65535,120,2,32,True,False,False,False,0,H0,sync_followup_session,sync_follow_up
74.434139,sync_followup_session,-9620.0,-9620.0,11061.0,-1518174994.0,0.0,1,64977,Delay_Resp,62.0,fcaf6afffe02babe,128,6,33,65535,120,2,32,True,False,False,False,0,H0,sync_followup_session,sync_follow_up
74.496842,sync_followup_session,-8648.0,-8648.0,11061.0,-1518174994.0,0.0,1,60503,Sync,62.0,fcaf6afffe02babe,128,6,33,65535,120,2,32,True,False,False,False,0,H0,sync_followup_session,sync_follow_up
74.54882,sync_followup_session,-8648.0,-8648.0,11061.0,-1518174994.0,0.0,1,64978,Delay_Req,61.0,fcaf6afffe02babe,128,6,33,65535,120,2,32,True,False,False,False,0,H0,sync_followup_session,sync_follow_up
74.549042,sync_followup_session,-11684.0,-11684.0,14097.0,-1518171958.0,0.0,1,64978,Delay_Resp,62.0,fcaf6afffe02babe,128,6,33,65535,120,2,32,True,False,False,False,0,H0,sync_followup_session,sync_follow_up
74.560953,sync_followup_session,-11684.0,-11684.0,14097.0,-1518171958.0,0.0,1,63020,Announce,61.0,fcaf6afffe02babe,128,6,33,65535,120,2,32,True,False,False,False,0,H0,sync_followup_session,sync_follow_up
74.560966,sync_followup_session,-12564.0,-12564.0,14097.0,-1518171958.0,0.0,1,60504,Sync,62.0,fcaf6afffe02babe,128,6,33,65535,120,2,32,True,False,False,False,0,H0,sync_followup_session,sync_follow_up
74.624801,sync_followup_session,-11284.0,-11284.0,14097.0,-1518171958.0,0.0,1,60505,Sync,61.0,fcaf6afffe02babe,128,6,33,65535,120,2,32,True,False,False,False,0,H0,sync_followup_session,sync_follow_up
74.66449,sync_followup_session,-11284.0,-11284.0,14097.0,-1518171958.0,0.0,1,64979,Delay_Req,61.0,fcaf6afffe02babe,128,6,33,65535,120,2,32,True,False,False,False,0,H0,sync_followup_session,sync_follow_up
74.664639,sync_followup_session,-10570.0,-10570.0,13383.0,-1518172672.0,0.0,1,64979,Delay_Resp,62.0,fcaf6afffe02babe,128,6,33,65535,120,2,32,True,False,False,False,0,H0,sync_followup_session,sync_follow_up
74.688944,sync_followup_session,-10570.0,-10570.0,13383.0,-1518172672.0,0.0,1,63021,Announce,59.0,fcaf6afffe02babe,128,6,33,65535,120,2,32,True,False,False,False,0,H0,sync_followup_session,sync_follow_up
74.688957,sync_followup_session,-11906.0,-11906.0,13383.0,-1518172672.0,0.0,1,60506,Sync,60.0,fcaf6afffe02babe,128,6,33,65535,120,2,32,True,False,False,False,0,H0,sync_followup_session,sync_follow_up
74.744801,sync_followup_session,-11462.0,-11462.0,13383.0,-1518172672.0,0.0,1,60507,Sync,58.0,fcaf6afffe02babe,128,6,33,65535,120,2,32,True,False,False,False,0,H0,sync_followup_session,sync_follow_up
74.745011,sync_followup_session,-11462.0,-11462.0,13383.0,-1518172672.0,0.0,1,64980,Delay_Req,59.0,fcaf6afffe02babe,128,6,33,65535,120,2,32,True,False,False,False,0,H0,sync_followup_session,sync_follow_up
74.745215,sync_followup_session,-11800.0,-11800.0,13721.0,-1518172334.0,0.0,1,64980,Delay_Resp,60.0,fcaf6afffe02babe,128,6,33,65535,120,2,32,True,False,False,False,0,H0,sync_followup_session,sync_follow_up
74.80938,sync_followup_session,-11800.0,-11800.0,13721.0,-1518172334.0,0.0,1,63022,Announce,57.0,fcaf6afffe02babe,128,6,33,65535,120,2,32,True,False,False,False,0,H0,sync_followup_session,sync_follow_up
74.809422,sync_followup_session,-12184.0,-12184.0,13721.0,-1518172334.0,0.0,1,60508,Sync,58.0,fcaf6afffe02babe,128,6,33,65535,120,2,32,True,False,False,False,0,H0,sync_followup_session,sync_follow_up
74.848344,sync_followup_session,-12184.0,-12184.0,13721.0,-1518172334.0,0.0,1,64981,Delay_Req,59.0,fcaf6afffe02babe,128,6,33,65535,120,2,32,True,False,False,False,0,H0,sync_followup_session,sync_follow_up
74.848568,sync_followup_session,-11576.0,-11576.0,13113.0,-1518172942.0,0.0,1,64981,Delay_Resp,60.0,fcaf6afffe02babe,128,6,33,65535,120,2,32,True,False,False,False,0,H0,sync_followup_session,sync_follow_up
74.873007,sync_followup_session,-10976.0,-10976.0,13113.0,-1518172942.0,0.0,1,60509,Sync,56.0,fcaf6afffe02babe,128,6,33,65535,120,2,32,True,False,False,False,0,H0,sync_followup_session,sync_follow_up
74.875127,sync_followup_session,-10976.0,-10976.0,13113.0,-1518172942.0,0.0,1,64982,Delay_Req,57.0,fcaf6afffe02babe,128,6,33,65535,120,2,32,True,False,False,False,0,H0,sync_followup_session,sync_follow_up
74.875277,sync_followup_session,-11484.0,-11484.0,13621.0,-1518172434.0,0.0,1,64982,Delay_Resp,58.0,fcaf6afffe02babe,128,6,33,65535,120,2,32,True,False,False,False,0,H0,sync_followup_session,sync_follow_up
74.937354,sync_followup_session,-11484.0,-11484.0,13621.0,-1518172434.0,0.0,1,63023,Announce,55.0,fcaf6afffe02babe,128,6,33,65535,120,2,32,True,False,False,False,0,H0,sync_followup_session,sync_follow_up
74.937396,sync_followup_session,-11068.0,-11068.0,13621.0,-1518172434.0,0.0,1,60510,Sync,56.0,fcaf6afffe02babe,128,6,33,65535,120,2,32,True,False,False,False,0,H0,sync_followup_session,sync_follow_up
74.997728,sync_followup_session,-11068.0,-11068.0,13621.0,-1518172434.0,0.0,1,64983,Delay_Req,55.0,fcaf6afffe02babe,128,6,33,65535,120,2,32,True,False,False,False,0,H0,sync_followup_session,sync_follow_up
74.997981,sync_followup_session,-9644.0,-9644.0,12197.0,-1518173858.0,0.0,1,64983,Delay_Resp,56.0,fcaf6afffe02babe,128,6,33,65535,120,2,32,True,False,False,False,0,H0,sync_followup_session,sync_follow_up
75.001035,sync_followup_session,-10584.0,-10584.0,12197.0,-1518173858.0,0.0,1,60511,Sync,56.0,fcaf6afffe02babe,128,6,33,65535,120,2,32,True,False,False,False,0,H0,sync_followup_session,sync_follow_up
75.064918,sync_followup_session,-10584.0,-10584.0,12197.0,-1518173858.0,0.0,1,63024,Announce,53.0,fcaf6afffe02babe,128,6,33,65535,120,2,32,True,False,False,False,0,H0,sync_followup_session,sync_follow_up
75.06496,sync_followup_session,-10600.0,-10600.0,12197.0,-1518173858.0,0.0,1,60512,Sync,54.0,fcaf6afffe02babe,128,6,33,65535,120,2,32,True,False,False,False,0,H0,sync_followup_session,sync_follow_up
75.092012,sync_followup_session,-10600.0,-10600.0,12197.0,-1518173858.0,0.0,1,64984,Delay_Req,55.0,fcaf6afffe02babe,128,6,33,65535,120,2,32,True,False,False,False,0,H0,sync_followup_session,sync_follow_up
75.092208,sync_followup_session,-9558.0,-9558.0,11155.0,-1518174900.0,0.0,1,64984,Delay_Resp,56.0,fcaf6afffe02babe,128,6,33,65535,120,2,32,True,False,False,False,0,H0,sync_followup_session,sync_follow_up
75.120612,sync_followup_session,-9558.0,-9558.0,11155.0,-1518174900.0,0.0,1,64985,Delay_Req,57.0,fcaf6afffe02babe,128,6,33,65535,120,2,32,True,False,False,False,0,H0,sync_followup_session,sync_follow_up
75.121021,sync_followup_session,-9370.0,-9370.0,11155.0,-1518174900.0,0.0,1,60513,Sync,56.0,fcaf6afffe02babe,128,6,33,65535,120,2,32,True,False,False,False,0,H0,sync_followup_session,sync_follow_up
75.121112,sync_followup_session,-12232.0,-12232.0,14017.0,-1518172038.0,0.0,1,64985,Delay_Resp,57.0,fcaf6afffe02babe,128,6,33,65535,120,2,32,True,False,False,False,0,H0,sync_followup_session,sync_follow_up
75.185336,sync_followup_session,-12232.0,-12232.0,14017.0,-1518172038.0,0.0,1,63025,Announce,55.0,fcaf6afffe02babe,128,6,33,65535,120,2,32,True,False,False,False,0,H0,sync_followup_session,sync_follow_up
75.185378,sync_followup_session,-11908.0,-11908.0,14017.0,-1518172038.0,0.0,1,60514,Sync,56.0,fcaf6afffe02babe,128,6,33,65535,120,2,32,True,False,False,False,0,H0,sync_followup_session,sync_follow_up
75.222625,sync_followup_session,-11908.0,-11908.0,14017.0,-1518172038.0,0.0,1,64986,Delay_Req,55.0,fcaf6afffe02babe,128,6,33,65535,120,2,32,True,False,False,False,0,H0,sync_followup_session,sync_follow_up
75.222788,sync_followup_session,-10872.0,-10872.0,12981.0,-1518173074.0,0.0,1,64986,Delay_Resp,56.0,fcaf6afffe02babe,128,6,33,65535,120,2,32,True,False,False,False,0,H0,sync_followup_session,sync_follow_up
75.249039,sync_followup_session,-10840.0,-10840.0,12981.0,-1518173074.0,0.0,1,60515,Sync,56.0,fcaf6afffe02babe,128,6,33,65535,120,2,32,True,False,False,False,0,H0,sync_followup_session,sync_follow_up
75.313569,sync_followup_session,-10840.0,-10840.0,12981.0,-1518173074.0,0.0,1,63026,Announce,53.0,fcaf6afffe02babe,128,6,33,65535,120,2,32,True,False,False,False,0,H0,sync_followup_session,sync_follow_up
75.313625,sync_followup_session,-10960.0,-10960.0,12981.0,-1518173074.0,0.0,1,60516,Sync,54.0,fcaf6afffe02babe,128,6,33,65535,120,2,32,True,False,False,False,0,H0,sync_followup_session,sync_follow_up
75.33253,sync_followup_session,-10960.0,-10960.0,12981.0,-1518173074.0,0.0,1,64987,Delay_Req,53.0,fcaf6afffe02babe,128,6,33,65535,120,2,32,True,False,False,False,0,H0,sync_followup_session,sync_follow_up
75.332767,sync_followup_session,-11598.0,-11598.0,13619.0,-1518172436.0,0.0,1,64987,Delay_Resp,54.0,fcaf6afffe02babe,128,6,33,65535,120,2,32,True,False,False,False,0,H0,sync_followup_session,sync_follow_up
75.361392,sync_followup_session,-11598.0,-11598.0,13619.0,-1518172436.0,0.0,1,64988,Delay_Req,51.0,fcaf6afffe02babe,128,6,33,65535,120,2,32,True,False,False,False,0,H0,sync_followup_session,sync_follow_up
75.361632,sync_followup_session,-11758.0,-11758.0,13779.0,-1518172276.0,0.0,1,64988,Delay_Resp,52.0,fcaf6afffe02babe,128,6,33,65535,120,2,32,True,False,False,False,0,H0,sync_followup_session,sync_follow_up
75.377155,sync_followup_session,-11326.0,-11326.0,13779.0,-1518172276.0,0.0,1,60517,Sync,50.0,fcaf6afffe02babe,128,6,33,65535,120,2,32,True,False,False,False,0,H0,sync_followup_session,sync_follow_up
75.432957,sync_followup_session,-11326.0,-11326.0,13779.0,-1518172276.0,0.0,1,63027,Announce,47.0,fcaf6afffe02babe,128,6,33,65535,120,2,32,True,False,False,False,0,H0,sync_followup_session,sync_follow_up
75.43297,sync_followup_session,-12450.0,-12450.0,13779.0,-1518172276.0,0.0,1,60518,Sync,48.0,fcaf6afffe02babe,128,6,33,65535,120,2,32,True,False,False,False,0,H0,sync_followup_session,sync_follow_up
75.453087,sync_followup_session,-12450.0,-12450.0,13779.0,-1518172276.0,0.0,1,64989,Delay_Req,47.0,fcaf6afffe02babe,128,6,33,65535,120,2,32,True,False,False,False,0,H0,sync_followup_session,sync_follow_up
75.453322,sync_followup_session,-10656.0,-10656.0,11985.0,-1518174070.0,0.0,1,64989,Delay_Resp,48.0,fcaf6afffe02babe,128,6,33,65535,120,2,32,True,False,False,False,0,H0,sync_followup_session,sync_follow_up
75.496834,sync_followup_session,-7692.0,-7692.0,11985.0,-1518174070.0,0.0,1,60519,Sync,49.0,fcaf6afffe02babe,128,6,33,65535,120,2,32,True,False,False,False,0,H0,sync_followup_session,sync_follow_up
75.560223,sync_followup_session,-7692.0,-7692.0,11985.0,-1518174070.0,0.0,1,64990,Delay_Req,47.0,fcaf6afffe02babe,128,6,33,65535,120,2,32,True,False,False,False,0,H0,sync_followup_session,sync_follow_up
75.56044,sync_followup_session,-7736.0,-7736.0,12029.0,-1518174026.0,0.0,1,64990,Delay_Resp,48.0,fcaf6afffe02babe,128,6,33,65535,120,2,32,True,False,False,False,0,H0,sync_followup_session,sync_follow_up
75.560924,sync_followup_session,-7736.0,-7736.0,12029.0,-1518174026.0,0.0,1,63028,Announce,49.0,fcaf6afffe02babe,128,6,33,65535,120,2,32,True,False,False,False,0,H0,sync_followup_session,sync_follow_up
75.560937,sync_followup_session,-10696.0,-10696.0,12029.0,-1518174026.0,0.0,1,60520,Sync,50.0,fcaf6afffe02babe,128,6,33,65535,120,2,32,True,False,False,False,0,H0,sync_followup_session,sync_follow_up
75.596002,sync_followup_session,-10696.0,-10696.0,12029.0,-1518174026.0,0.0,1,64991,Delay_Req,49.0,fcaf6afffe02babe,128,6,33,65535,120,2,32,True,False,False,False,0,H0,sync_followup_session,sync_follow_up
75.596237,sync_followup_session,-8734.0,-8734.0,10067.0,-1518175988.0,0.0,1,64991,Delay_Resp,50.0,fcaf6afffe02babe,128,6,33,65535,120,2,32,True,False,False,False,0,H0,sync_followup_session,sync_follow_up
75.624782,sync_followup_session,-8786.0,-8786.0,10067.0,-1518175988.0,0.0,1,60521,Sync,51.0,fcaf6afffe02babe,128,6,33,65535,120,2,32,True,False,False,False,0,H0,sync_followup_session,sync_follow_up
75.688955,sync_followup_session,-8786.0,-8786.0,10067.0,-1518175988.0,0.0,1,63029,Announce,48.0,fcaf6afffe02babe,128,6,33,65535,120,2,32,True,False,False,False,0,H0,sync_followup_session,sync_follow_up
75.688986,sync_followup_session,9186.0,9186.0,10067.0,-1518175988.0,0.0,1,60522,Sync,48.0,fcaf6afffe02babe,128,6,33,65535,120,2,32,True,False,False,False,0,H0,sync_followup_session,sync_follow_up
75.709008,sync_followup_session,9186.0,9186.0,10067.0,-1518175988.0,0.0,1,64992,Delay_Req,49.0,fcaf6afffe02babe,128,6,33,65535,120,2,32,True,False,False,False,0,H0,sync_followup_session,sync_follow_up
75.709212,sync_followup_session,-3468.0,-3468.0,22721.0,-1518163334.0,0.0,1,64992,Delay_Resp,50.0,fcaf6afffe02babe,128,6,33,65535,120,2,32,True,False,False,False,0,H0,sync_followup_session,sync_follow_up
75.744818,sync_followup_session,-20936.0,-20936.0,22721.0,-1518163334.0,0.0,1,60523,Sync,50.0,fcaf6afffe02babe,128,6,33,65535,120,2,32,True,False,False,False,0,H0,sync_followup_session,sync_follow_up
75.791494,sync_followup_session,-20936.0,-20936.0,22721.0,-1518163334.0,0.0,1,64993,Delay_Req,49.0,fcaf6afffe02babe,128,6,33,65535,120,2,32,True,False,False,False,0,H0,sync_followup_session,sync_follow_up
75.791698,sync_followup_session,-10574.0,-10574.0,12359.0,-1518173696.0,0.0,1,64993,Delay_Resp,50.0,fcaf6afffe02babe,128,6,33,65535,120,2,32,True,False,False,False,0,H0,sync_followup_session,sync_follow_up
75.80896,sync_followup_session,-10574.0,-10574.0,12359.0,-1518173696.0,0.0,1,63030,Announce,51.0,fcaf6afffe02babe,128,6,33,65535,120,2,32,True,False,False,False,0,H0,sync_followup_session,sync_follow_up
75.80899,sync_followup_session,7022.0,7022.0,12359.0,-1518173696.0,0.0,1,60524,Sync,52.0,fcaf6afffe02babe,128,6,33,65535,120,2,32,True,False,False,False,0,H0,sync_followup_session,sync_follow_up
75.872835,sync_followup_session,-9706.0,-9706.0,12359.0,-1518173696.0,0.0,1,60525,Sync,49.0,fcaf6afffe02babe,128,6,33,65535,120,2,32,True,False,False,False,0,H0,sync_followup_session,sync_follow_up
75.904589,sync_followup_session,-9706.0,-9706.0,12359.0,-1518173696.0,0.0,1,64994,Delay_Req,47.0,fcaf6afffe02babe,128,6,33,65535,120,2,32,True,False,False,False,0,H0,sync_followup_session,sync_follow_up
75.904778,sync_followup_session,-9474.0,-9474.0,12127.0,-1518173928.0,0.0,1,64994,Delay_Resp,48.0,fcaf6afffe02babe,128,6,33,65535,120,2,32,True,False,False,False,0,H0,sync_followup_session,sync_follow_up
75.937023,sync_followup_session,-9474.0,-9474.0,12127.0,-1518173928.0,0.0,1,63031,Announce,49.0,fcaf6afffe02babe,128,6,33,65535,120,2,32,True,False,False,False,0,H0,sync_followup_session,sync_follow_up
75.937053,sync_followup_session,7038.0,7038.0,12127.0,-1518173928.0,0.0,1,60526,Sync,50.0,fcaf6afffe02babe,128,6,33,65535,120,2,32,True,False,False,False,0,H0,sync_followup_session,sync_follow_up
76.000833,sync_followup_session,-9902.0,-9902.0,12127.0,-1518173928.0,0.0,1,60527,Sync,47.0,fcaf6afffe02babe,128,6,33,65535,120,2,32,True,False,False,False,0,H0,sync_followup_session,sync_follow_up
76.023104,sync_followup_session,-9902.0,-9902.0,12127.0,-1518173928.0,0.0,1,64995,Delay_Req,47.0,fcaf6afffe02babe,128,6,33,65535,120,2,32,True,False,False,False,0,H0,sync_followup_session,sync_follow_up
76.023277,sync_followup_session,-9882.0,-9882.0,12107.0,-1518173948.0,0.0,1,64995,Delay_Resp,48.0,fcaf6afffe02babe,128,6,33,65535,120,2,32,True,False,False,False,0,H0,sync_followup_session,sync_follow_up
76.037081,sync_followup_session,-9882.0,-9882.0,12107.0,-1518173948.0,0.0,1,64996,Delay_Req,49.0,fcaf6afffe02babe,128,6,33,65535,120,2,32,True,False,False,False,0,H0,sync_followup_session,sync_follow_up
76.03729,sync_followup_session,-9004.0,-9004.0,11229.0,-1518174826.0,0.0,1,64996,Delay_Resp,50.0,fcaf6afffe02babe,128,6,33,65535,120,2,32,True,False,False,False,0,H0,sync_followup_session,sync_follow_up
76.064822,sync_followup_session,-9004.0,-9004.0,11229.0,-1518174826.0,0.0,1,63032,Announce,51.0,fcaf6afffe02babe,128,6,33,65535,120,2,32,True,False,False,False,0,H0,sync_followup_session,sync_follow_up
76.064853,sync_followup_session,7692.0,7692.0,11229.0,-1518174826.0,0.0,1,60528,Sync,52.0,fcaf6afffe02babe,128,6,33,65535,120,2,32,True,False,False,False,0,H0,sync_followup_session,sync_follow_up
76.120828,sync_followup_session,-9764.0,-9764.0,11229.0,-1518174826.0,0.0,1,60529,Sync,48.0,fcaf6afffe02babe,128,6,33,65535,120,2,32,True,False,False,False,0,H0,sync_followup_session,sync_follow_up
76.145507,sync_followup_session,-9764.0,-9764.0,11229.0,-1518174826.0,0.0,1,64997,Delay_Req,47.0,fcaf6afffe02babe,128,6,33,65535,120,2,32,True,False,False,False,0,H0,sync_followup_session,sync_follow_up
76.145745,sync_followup_session,-11444.0,-11444.0,12909.0,-1518173146.0,0.0,1,64997,Delay_Resp,48.0,fcaf6afffe02babe,128,6,33,65535,120,2,32,True,False,False,False,0,H0,sync_followup_session,sync_follow_up
76.147494,sync_followup_session,-11444.0,-11444.0,12909.0,-1518173146.0,0.0,1,64998,Delay_Req,49.0,fcaf6afffe02babe,128,6,33,65535,120,2,32,True,False,False,False,0,H0,sync_followup_session,sync_follow_up
76.147689,sync_followup_session,-12120.0,-12120.0,13585.0,-1518172470.0,0.0,1,64998,Delay_Resp,50.0,fcaf6afffe02babe,128,6,33,65535,120,2,32,True,False,False,False,0,H0,sync_followup_session,sync_follow_up
76.184965,sync_followup_session,-12120.0,-12120.0,13585.0,-1518172470.0,0.0,1,63033,Announce,51.0,fcaf6afffe02babe,128,6,33,65535,120,2,32,True,False,False,False,0,H0,sync_followup_session,sync_follow_up
76.184993,sync_followup_session,5108.0,5108.0,13585.0,-1518172470.0,0.0,1,60530,Sync,52.0,fcaf6afffe02babe,128,6,33,65535,120,2,32,True,False,False,False,0,H0,sync_followup_session,sync_follow_up
76.211436,sync_followup_session,5108.0,5108.0,13585.0,-1518172470.0,0.0,1,64999,Delay_Req,51.0,fcaf6afffe02babe,128,6,33,65535,120,2,32,True,False,False,False,0,H0,sync_followup_session,sync_follow_up
76.211659,sync_followup_session,-310.0,-310.0,19003.0,-1518167052.0,0.0,1,64999,Delay_Resp,52.0,fcaf6afffe02babe,128,6,33,65535,120,2,32,True,False,False,False,0,H0,sync_followup_session,sync_follow_up
76.248819,sync_followup_session,-16210.0,-16210.0,19003.0,-1518167052.0,0.0,1,60531,Sync,51.0,fcaf6afffe02babe,128,6,33,65535,120,2,32,True,False,False,False,0,H0,sync_followup_session,sync_follow_up
76.312915,sync_followup_session,-16210.0,-16210.0,19003.0,-1518167052.0,0.0,1,63034,Announce,51.0,fcaf6afffe02babe,128,6,33,65535,120,2,32,True,False,False,False,0,H0,sync_followup_session,sync_follow_up
76.312946,sync_followup_session,474.0,474.0,19003.0,-1518167052.0,0.0,1,60532,Sync,52.0,fcaf6afffe02babe,128,6,33,65535,120,2,32,True,False,False,False,0,H0,sync_followup_session,sync_follow_up
76.316749,sync_followup_session,474.0,474.0,19003.0,-1518167052.0,0.0,1,65000,Delay_Req,51.0,fcaf6afffe02babe,128,6,33,65535,120,2,32,True,False,False,False,0,H0,sync_followup_session,sync_follow_up
76.316949,sync_followup_session,-152.0,-152.0,19629.0,-1518166426.0,0.0,1,65000,Delay_Resp,52.0,fcaf6afffe02babe,128,6,33,65535,120,2,32,True,False,False,False,0,H0,sync_followup_session,sync_follow_up
76.319961,sync_followup_session,-152.0,-152.0,19629.0,-1518166426.0,0.0,1,65001,Delay_Req,53.0,fcaf6afffe02babe,128,6,33,65535,120,2,32,True,False,False,False,0,H0,sync_followup_session,sync_follow_up
76.320112,sync_followup_session,-2182.0,-2182.0,21659.0,-1518164396.0,0.0,1,65001,Delay_Resp,54.0,fcaf6afffe02babe,128,6,33,65535,120,2,32,True,False,False,False,0,H0,sync_followup_session,sync_follow_up
76.376831,sync_followup_session,-19786.0,-19786.0,21659.0,-1518164396.0,0.0,1,60533,Sync,51.0,fcaf6afffe02babe,128,6,33,65535,120,2,32,True,False,False,False,0,H0,sync_followup_session,sync_follow_up
76.422868,sync_followup_session,-19786.0,-19786.0,21659.0,-1518164396.0,0.0,1,65002,Delay_Req,51.0,fcaf6afffe02babe,128,6,33,65535,120,2,32,True,False,False,False,0,H0,sync_followup_session,sync_follow_up
76.422997,sync_followup_session,-11118.0,-11118.0,12991.0,-1518173064.0,0.0,1,65002,Delay_Resp,52.0,fcaf6afffe02babe,128,6,33,65535,120,2,32,True,False,False,False,0,H0,sync_followup_session,sync_follow_up
76.43296,sync_followup_session,-11118.0,-11118.0,12991.0,-1518173064.0,0.0,1,63035,Announce,52.0,fcaf6afffe02babe,128,6,33,65535,120,2,32,True,False,False,False,0,H0,sync_followup_session,sync_follow_up
76.432991,sync_followup_session,6674.0,6674.0,12991.0,-1518173064.0,0.0,1,60534,Sync,52.0,fcaf6afffe02babe,128,6,33,65535,120,2,32,True,False,False,False,0,H0,sync_followup_session,sync_follow_up
76.496866,sync_followup_session,-10522.0,-10522.0,12991.0,-1518173064.0,0.0,1,60535,Sync,50.0,fcaf6afffe02babe,128,6,33,65535,120,2,32,True,False,False,False,0,H0,sync_followup_session,sync_follow_up
76.540029,sync_followup_session,-10522.0,-10522.0,12991.0,-1518173064.0,0.0,1,65003,Delay_Req,51.0,fcaf6afffe02babe,128,6,33,65535,120,2,32,True,False,False,False,0,H0,sync_followup_session,sync_follow_up
76.540286,sync_followup_session,-10886.0,-10886.0,13355.0,-1518172700.0,0.0,1,65003,Delay_Resp,52.0,fcaf6afffe02babe,128,6,33,65535,120,2,32,True,False,False,False,0,H0,sync_followup_session,sync_follow_up
76.560919,sync_followup_session,-10886.0,-10886.0,13355.0,-1518172700.0,0.0,1,63036,Announce,51.0,fcaf6afffe02babe,128,6,33,65535,120,2,32,True,False,False,False,0,H0,sync_followup_session,sync_follow_up
76.56095,sync_followup_session,5578.0,5578.0,13355.0,-1518172700.0,0.0,1,60536,Sync,50.0,fcaf6afffe02babe,128,6,33,65535,120,2,32,True,False,False,False,0,H0,sync_followup_session,sync_follow_up
76.598585,sync_followup_session,5578.0,5578.0,13355.0,-1518172700.0,0.0,1,65004,Delay_Req,49.0,fcaf6afffe02babe,128,6,33,65535,120,2,32,True,False,False,False,0,H0,sync_followup_session,sync_follow_up
76.598811,sync_followup_session,-1644.0,-1644.0,20577.0,-1518165478.0,0.0,1,65004,Delay_Resp,50.0,fcaf6afffe02babe,128,6,33,65535,120,2,32,True,False,False,False,0,H0,sync_followup_session,sync_follow_up
76.624925,sync_followup_session,-18300.0,-18300.0,20577.0,-1518165478.0,0.0,1,60537,Sync,50.0,fcaf6afffe02babe,128,6,33,65535,120,2,32,True,False,False,False,0,H0,sync_followup_session,sync_follow_up
76.673079,sync_followup_session,-18300.0,-18300.0,20577.0,-1518165478.0,0.0,1,65005,Delay_Req,51.0,fcaf6afffe02babe,128,6,33,65535,120,2,32,True,False,False,False,0,H0,sync_followup_session,sync_follow_up
76.673288,sync_followup_session,-10772.0,-10772.0,13049.0,-1518173006.0,0.0,1,65005,Delay_Resp,52.0,fcaf6afffe02babe,128,6,33,65535,120,2,32,True,False,False,False,0,H0,sync_followup_session,sync_follow_up
76.688981,sync_followup_session,-10772.0,-10772.0,13049.0,-1518173006.0,0.0,1,63037,Announce,52.0,fcaf6afffe02babe,128,6,33,65535,120,2,32,True,False,False,False,0,H0,sync_followup_session,sync_follow_up
76.689012,sync_followup_session,6380.0,6380.0,13049.0,-1518173006.0,0.0,1,60538,Sync,52.0,fcaf6afffe02babe,128,6,33,65535,120,2,32,True,False,False,False,0,H0,sync_followup_session,sync_follow_up
76.733027,sync_followup_session,6380.0,6380.0,13049.0,-1518173006.0,0.0,1,65006,Delay_Req,51.0,fcaf6afffe02babe,128,6,33,65535,120,2,32,True,False,False,False,0,H0,sync_followup_session,sync_follow_up
76.733237,sync_followup_session,-2926.0,-2926.0,22355.0,-1518163700.0,0.0,1,65006,Delay_Resp,52.0,fcaf6afffe02babe,128,6,33,65535,120,2,32,True,False,False,False,0,H0,sync_followup_session,sync_follow_up
76.744861,sync_followup_session,-20098.0,-20098.0,22355.0,-1518163700.0,0.0,1,60539,Sync,52.0,fcaf6afffe02babe,128,6,33,65535,120,2,32,True,False,False,False,0,H0,sync_followup_session,sync_follow_up
76.808996,sync_followup_session,-20098.0,-20098.0,22355.0,-1518163700.0,0.0,1,63038,Announce,49.0,fcaf6afffe02babe,128,6,33,65535,120,2,32,True,False,False,False,0,H0,sync_followup_session,sync_follow_up
76.809028,sync_followup_session,-1198.0,-1198.0,22355.0,-1518163700.0,0.0,1,60540,Sync,50.0,fcaf6afffe02babe,128,6,33,65535,120,2,32,True,False,False,False,0,H0,sync_followup_session,sync_follow_up
76.830885,sync_followup_session,-1198.0,-1198.0,22355.0,-1518163700.0,0.0,1,65007,Delay_Req,51.0,fcaf6afffe02babe,128,6,33,65535,120,2,32,True,False,False,False,0,H0,sync_followup_session,sync_follow_up
76.831089,sync_followup_session,-1580.0,-1580.0,22737.0,-1518163318.0,0.0,1,65007,Delay_Resp,52.0,fcaf6afffe02babe,128,6,33,65535,120,2,32,True,False,False,False,0,H0,sync_followup_session,sync_follow_up
76.872823,sync_followup_session,-19888.0,-19888.0,22737.0,-1518163318.0,0.0,1,60541,Sync,53.0,fcaf6afffe02babe,128,6,33,65535,120,2,32,True,False,False,False,0,H0,sync_followup_session,sync_follow_up
76.928222,sync_followup_session,-19888.0,-19888.0,22737.0,-1518163318.0,0.0,1,65008,Delay_Req,51.0,fcaf6afffe02babe,128,6,33,65535,120,2,32,True,False,False,False,0,H0,sync_followup_session,sync_follow_up
76.928452,sync_followup_session,-10174.0,-10174.0,13023.0,-1518173032.0,0.0,1,65008,Delay_Resp,52.0,fcaf6afffe02babe,128,6,33,65535,120,2,32,True,False,False,False,0,H0,sync_followup_session,sync_follow_up
76.936907,sync_followup_session,-10174.0,-10174.0,13023.0,-1518173032.0,0.0,1,63039,Announce,53.0,fcaf6afffe02babe,128,6,33,65535,120,2,32,True,False,False,False,0,H0,sync_followup_session,sync_follow_up
76.936938,sync_followup_session,6490.0,6490.0,13023.0,-1518173032.0,0.0,1,60542,Sync,54.0,fcaf6afffe02babe,128,6,33,65535,120,2,32,True,False,False,False,0,H0,sync_followup_session,sync_follow_up
76.955436,sync_followup_session,6490.0,6490.0,13023.0,-1518173032.0,0.0,1,65009,Delay_Req,53.0,fcaf6afffe02babe,128,6,33,65535,120,2,32,True,False,False,False,0,H0,sync_followup_session,sync_follow_up
76.955624,sync_followup_session,-1522.0,-1522.0,21035.0,-1518165020.0,0.0,1,65009,Delay_Resp,54.0,fcaf6afffe02babe,128,6,33,65535,120,2,32,True,False,False,False,0,H0,sync_followup_session,sync_follow_up
76.963542,sync_followup_session,-1522.0,-1522.0,21035.0,-1518165020.0,0.0,1,65010,Delay_Req,55.0,fcaf6afffe02babe,128,6,33,65535,120,2,32,True,False,False,False,0,H0,sync_followup_session,sync_follow_up
76.96376,sync_followup_session,-60.0,-60.0,19573.0,-1518166482.0,0.0,1,65010,Delay_Resp,56.0,fcaf6afffe02babe,128,6,33,65535,120,2,32,True,False,False,False,0,H0,sync_followup_session,sync_follow_up
77.001073,sync_followup_session,-17104.0,-17104.0,19573.0,-1518166482.0,0.0,1,60543,Sync,56.0,fcaf6afffe02babe,128,6,33,65535,120,2,32,True,False,False,False,0,H0,sync_followup_session,sync_follow_up
77.033367,sync_followup_session,-17104.0,-17104.0,19573.0,-1518166482.0,0.0,1,65011,Delay_Req,55.0,fcaf6afffe02babe,128,6,33,65535,120,2,32,True,False,False,False,0,H0,sync_followup_session,sync_follow_up
77.033582,sync_followup_session,-11210.0,-11210.0,13679.0,-1518172376.0,0.0,1,65011,Delay_Resp,56.0,fcaf6afffe02babe,128,6,33,65535,120,2,32,True,False,False,False,0,H0,sync_followup_session,sync_follow_up
77.064965,sync_followup_session,-11210.0,-11210.0,13679.0,-1518172376.0,0.0,1,63040,Announce,53.0,fcaf6afffe02babe,128,6,33,65535,120,2,32,True,False,False,False,0,H0,sync_followup_session,sync_follow_up
77.065007,sync_followup_session,-11950.0,-11950.0,13679.0,-1518172376.0,0.0,1,60544,Sync,54.0,fcaf6afffe02babe,128,6,33,65535,120,2,32,True,False,False,False,0,H0,sync_followup_session,sync_follow_up
77.0923,sync_followup_session,-11950.0,-11950.0,13679.0,-1518172376.0,0.0,1,65012,Delay_Req,55.0,fcaf6afffe02babe,128,6,33,65535,120,2,32,True,False,False,False,0,H0,sync_followup_session,sync_follow_up
77.092487,sync_followup_session,-10706.0,-10706.0,12435.0,-1518173620.0,0.0,1,65012,Delay_Resp,56.0,fcaf6afffe02babe,128,6,33,65535,120,2,32,True,False,False,False,0,H0,sync_followup_session,sync_follow_up
77.119602,sync_followup_session,-10706.0,-10706.0,12435.0,-1518173620.0,0.0,1,65013,Delay_Req,57.0,fcaf6afffe02babe,128,6,33,65535,120,2,32,True,False,False,False,0,H0,sync_followup_session,sync_follow_up
77.119799,sync_followup_session,-9478.0,-9478.0,11207.0,-1518174848.0,0.0,1,65013,Delay_Resp,58.0,fcaf6afffe02babe,128,6,33,65535,120,2,32,True,False,False,False,0,H0,sync_followup_session,sync_follow_up
77.121031,sync_followup_session,-9786.0,-9786.0,11207.0,-1518174848.0,0.0,1,60545,Sync,58.0,fcaf6afffe02babe,128,6,33,65535,120,2,32,True,False,False,False,0,H0,sync_followup_session,sync_follow_up
77.166623,sync_followup_session,-9786.0,-9786.0,11207.0,-1518174848.0,0.0,1,65014,Delay_Req,55.0,fcaf6afffe02babe,128,6,33,65535,120,2,32,True,False,False,False,0,H0,sync_followup_session,sync_follow_up
77.166755,sync_followup_session,-11500.0,-11500.0,12921.0,-1518173134.0,0.0,1,65014,Delay_Resp,56.0,fcaf6afffe02babe,128,6,33,65535,120,2,32,True,False,False,False,0,H0,sync_followup_session,sync_follow_up
77.185385,sync_followup_session,-11500.0,-11500.0,12921.0,-1518173134.0,0.0,1,63041,Announce,55.0,fcaf6afffe02babe,128,6,33,65535,120,2,32,True,False,False,False,0,H0,sync_followup_session,sync_follow_up
77.185426,sync_followup_session,-11324.0,-11324.0,12921.0,-1518173134.0,0.0,1,60546,Sync,56.0,fcaf6afffe02babe,128,6,33,65535,120,2,32,True,False,False,False,0,H0,sync_followup_session,sync_follow_up
77.198209,sync_followup_session,-11324.0,-11324.0,12921.0,-1518173134.0,0.0,1,65015,Delay_Req,57.0,fcaf6afffe02babe,128,6,33,65535,120,2,32,True,False,False,False,0,H0,sync_followup_session,sync_follow_up
77.19839,sync_followup_session,-12478.0,-12478.0,14075.0,-1518171980.0,0.0,1,65015,Delay_Resp,58.0,fcaf6afffe02babe,128,6,33,65535,120,2,32,True,False,False,False,0,H0,sync_followup_session,sync_follow_up
77.249084,sync_followup_session,-11978.0,-11978.0,14075.0,-1518171980.0,0.0,1,60547,Sync,56.0,fcaf6afffe02babe,128,6,33,65535,120,2,32,True,False,False,False,0,H0,sync_followup_session,sync_follow_up
77.268129,sync_followup_session,-11978.0,-11978.0,14075.0,-1518171980.0,0.0,1,65016,Delay_Req,57.0,fcaf6afffe02babe,128,6,33,65535,120,2,32,True,False,False,False,0,H0,sync_followup_session,sync_follow_up
77.268337,sync_followup_session,-12100.0,-12100.0,14197.0,-1518171858.0,0.0,1,65016,Delay_Resp,58.0,fcaf6afffe02babe,128,6,33,65535,120,2,32,True,False,False,False,0,H0,sync_followup_session,sync_follow_up
77.313403,sync_followup_session,-12100.0,-12100.0,14197.0,-1518171858.0,0.0,1,63042,Announce,57.0,fcaf6afffe02babe,128,6,33,65535,120,2,32,True,False,False,False,0,H0,sync_followup_session,sync_follow_up
77.313444,sync_followup_session,-12808.0,-12808.0,14197.0,-1518171858.0,0.0,1,60548,Sync,58.0,fcaf6afffe02babe,128,6,33,65535,120,2,32,True,False,False,False,0,H0,sync_followup_session,sync_follow_up
77.313683,sync_followup_session,-12808.0,-12808.0,14197.0,-1518171858.0,0.0,1,65017,Delay_Req,59.0,fcaf6afffe02babe,128,6,33,65535,120,2,32,True,False,False,False,0,H0,sync_followup_session,sync_follow_up
77.313815,sync_followup_session,-10542.0,-10542.0,11931.0,-1518174124.0,0.0,1,65017,Delay_Resp,60.0,fcaf6afffe02babe,128,6,33,65535,120,2,32,True,False,False,False,0,H0,sync_followup_session,sync_follow_up
77.377072,sync_followup_session,-10294.0,-10294.0,11931.0,-1518174124.0,0.0,1,60549,Sync,56.0,fcaf6afffe02babe,128,6,33,65535,120,2,32,True,False,False,False,0,H0,sync_followup_session,sync_follow_up
77.397169,sync_followup_session,-10294.0,-10294.0,11931.0,-1518174124.0,0.0,1,65018,Delay_Req,57.0,fcaf6afffe02babe,128,6,33,65535,120,2,32,True,False,False,False,0,H0,sync_followup_session,sync_follow_up
77.397338,sync_followup_session,-9464.0,-9464.0,11101.0,-1518174954.0,0.0,1,65018,Delay_Resp,58.0,fcaf6afffe02babe,128,6,33,65535,120,2,32,True,False,False,False,0,H0,sync_followup_session,sync_follow_up
77.434168,sync_followup_session,-9464.0,-9464.0,11101.0,-1518174954.0,0.0,1,63043,Announce,55.0,fcaf6afffe02babe,128,6,33,65535,120,2,32,True,False,False,False,0,H0,sync_followup_session,sync_follow_up
77.434242,sync_followup_session,-8308.0,-8308.0,11101.0,-1518174954.0,0.0,1,60550,Sync,56.0,fcaf6afffe02babe,128,6,33,65535,120,2,32,True,False,False,False,0,H0,sync_followup_session,sync_follow_up
77.444704,sync_followup_session,-8308.0,-8308.0,11101.0,-1518174954.0,0.0,1,65019,Delay_Req,57.0,fcaf6afffe02babe,128,6,33,65535,120,2,32,True,False,False,False,0,H0,sync_followup_session,sync_follow_up
77.444931,sync_followup_session,-8414.0,-8414.0,11207.0,-1518174848.0,0.0,1,65019,Delay_Resp,58.0,fcaf6afffe02babe,128,6,33,65535,120,2,32,True,False,False,False,0,H0,sync_followup_session,sync_follow_up
77.496822,sync_followup_session,-8690.0,-8690.0,11207.0,-1518174848.0,0.0,1,60551,Sync,59.0,fcaf6afffe02babe,128,6,33,65535,120,2,32,True,False,False,False,0,H0,sync_followup_session,sync_follow_up
77.504618,sync_followup_session,-8690.0,-8690.0,11207.0,-1518174848.0,0.0,1,65020,Delay_Req,59.0,fcaf6afffe02babe,128,6,33,65535,120,2,32,True,False,False,False,0,H0,sync_followup_session,sync_follow_up
77.504848,sync_followup_session,-12078.0,-12078.0,14595.0,-1518171460.0,0.0,1,65020,Delay_Resp,60.0,fcaf6afffe02babe,128,6,33,65535,120,2,32,True,False,False,False,0,H0,sync_followup_session,sync_follow_up
77.532462,sync_followup_session,-12078.0,-12078.0,14595.0,-1518171460.0,0.0,1,65021,Delay_Req,61.0,fcaf6afffe02babe,128,6,33,65535,120,2,32,True,False,False,False,0,H0,sync_followup_session,sync_follow_up
77.532686,sync_followup_session,-9786.0,-9786.0,12303.0,-1518173752.0,0.0,1,65021,Delay_Resp,62.0,fcaf6afffe02babe,128,6,33,65535,120,2,32,True,False,False,False,0,H0,sync_followup_session,sync_follow_up
77.560948,sync_followup_session,-9786.0,-9786.0,12303.0,-1518173752.0,0.0,1,63044,Announce,60.0,fcaf6afffe02babe,128,6,33,65535,120,2,32,True,False,False,False,0,H0,sync_followup_session,sync_follow_up
77.560961,sync_followup_session,-10346.0,-10346.0,12303.0,-1518173752.0,0.0,1,60552,Sync,60.0,fcaf6afffe02babe,128,6,33,65535,120,2,32,True,False,False,False,0,H0,sync_followup_session,sync_follow_up
77.568076,sync_followup_session,-10346.0,-10346.0,12303.0,-1518173752.0,0.0,1,65022,Delay_Req,61.0,fcaf6afffe02babe,128,6,33,65535,120,2,32,True,False,False,False,0,H0,sync_followup_session,sync_follow_up
77.56824,sync_followup_session,-10108.0,-10108.0,12065.0,-1518173990.0,0.0,1,65022,Delay_Resp,62.0,fcaf6afffe02babe,128,6,33,65535,120,2,32,True,False,False,False,0,H0,sync_followup_session,sync_follow_up
77.573817,sync_followup_session,-10108.0,-10108.0,12065.0,-1518173990.0,0.0,1,65023,Delay_Req,63.0,fcaf6afffe02babe,128,6,33,65535,120,2,32,True,False,False,False,0,H0,sync_followup_session,sync_follow_up
77.57404,sync_followup_session,-8594.0,-8594.0,10551.0,-1518175504.0,0.0,1,65023,Delay_Resp,64.0,fcaf6afffe02babe,128,6,33,65535,120,2,32,True,False,False,False,0,H0,sync_followup_session,sync_follow_up
77.601585,sync_followup_session,-8594.0,-8594.0,10551.0,-1518175504.0,0.0,1,65024,Delay_Req,63.0,fcaf6afffe02babe,128,6,33,65535,120,2,32,True,False,False,False,0,H0,sync_followup_session,sync_follow_up
77.601811,sync_followup_session,-9794.0,-9794.0,11751.0,-1518174304.0,0.0,1,65024,Delay_Resp,64.0,fcaf6afffe02babe,128,6,33,65535,120,2,32,True,False,False,False,0,H0,sync_followup_session,sync_follow_up
77.624835,sync_followup_session,-9862.0,-9862.0,11751.0,-1518174304.0,0.0,1,60553,Sync,65.0,fcaf6afffe02babe,128,6,33,65535,120,2,32,True,False,False,False,0,H0,sync_followup_session,sync_follow_up
77.637184,sync_followup_session,-9862.0,-9862.0,11751.0,-1518174304.0,0.0,1,65025,Delay_Req,65.0,fcaf6afffe02babe,128,6,33,65535,120,2,32,True,False,False,False,0,H0,sync_followup_session,sync_follow_up
77.637409,sync_followup_session,-10156.0,-10156.0,12045.0,-1518174010.0,0.0,1,65025,Delay_Resp,66.0,fcaf6afffe02babe,128,6,33,65535,120,2,32,True,False,False,False,0,H0,sync_followup_session,sync_follow_up
77.688977,sync_followup_session,-10156.0,-10156.0,12045.0,-1518174010.0,0.0,1,63045,Announce,65.0,fcaf6afffe02babe,128,6,33,65535,120,2,32,True,False,False,False,0,H0,sync_followup_session,sync_follow_up
77.68899,sync_followup_session,-9656.0,-9656.0,12045.0,-1518174010.0,0.0,1,60554,Sync,65.0,fcaf6afffe02babe,128,6,33,65535,120,2,32,True,False,False,False,0,H0,sync_followup_session,sync_follow_up
77.701477,sync_followup_session,-9656.0,-9656.0,12045.0,-1518174010.0,0.0,1,65026,Delay_Req,65.0,fcaf6afffe02babe,128,6,33,65535,120,2,32,True,False,False,False,0,H0,sync_followup_session,sync_follow_up
77.701624,sync_followup_session,-10774.0,-10774.0,13163.0,-1518172892.0,0.0,1,65026,Delay_Resp,66.0,fcaf6afffe02babe,128,6,33,65535,120,2,32,True,False,False,False,0,H0,sync_followup_session,sync_follow_up
77.745033,sync_followup_session,-10586.0,-10586.0,13163.0,-1518172892.0,0.0,1,60555,Sync,64.0,fcaf6afffe02babe,128,6,33,65535,120,2,32,True,False,False,False,0,H0,sync_followup_session,sync_follow_up
