wall_time,scenario,window_start_s,offset_abs_max_ns,pdv_std_ns,label,action,reason,decision_latency_s,end_to_end_latency_s,within_budget,protective_1of1,protective_2of3
2026-08-06T16:07:00.399185+00:00,mixed_pdv_loss_holdover,0.09608865699999569,38402.0,0.0,PENDING,safe_default,protective candidate awaiting temporal persistence,0.1901157599999692,0.1902100329999712,True,True,False
2026-08-06T16:07:00.757286+00:00,mixed_pdv_loss_holdover,0.2960886569999957,3735.0,0.0,UNKNOWN,safe_default,persistent out-of-distribution / novel; conservative safe response,0.24055219199999556,0.24065300400002343,True,True,True
2026-08-06T16:07:01.032869+00:00,mixed_pdv_loss_holdover,0.4960886569999957,3735.0,0.0,UNKNOWN,safe_default,persistent out-of-distribution / novel; conservative safe response,0.23715971500001842,0.23723107299997537,True,True,True
2026-08-06T16:07:01.934221+00:00,mixed_pdv_loss_holdover,1.4960886569999956,2136.0,0.0,UNKNOWN,safe_default,persistent out-of-distribution / novel; conservative safe response,0.3110319680000089,0.3111354600000027,True,True,True
2026-08-06T16:07:02.273888+00:00,mixed_pdv_loss_holdover,1.6960886569999956,4174.0,0.0,UNKNOWN,safe_default,persistent out-of-distribution / novel; conservative safe response,0.2559501250000267,0.2560622220000255,True,True,True
2026-08-06T16:07:02.610026+00:00,mixed_pdv_loss_holdover,1.8960886569999955,4174.0,0.0,UNKNOWN,safe_default,persistent out-of-distribution / novel; conservative safe response,0.2915752609999913,0.2917322929999955,True,True,True
2026-08-06T16:07:03.063414+00:00,mixed_pdv_loss_holdover,2.6960886569999962,1866.0,0.0,UNKNOWN,safe_default,persistent out-of-distribution / novel; conservative safe response,0.20878934000000982,0.20888888900003622,True,True,True
2026-08-06T16:07:03.287571+00:00,mixed_pdv_loss_holdover,2.8960886569999964,2305.0,0.0,UNKNOWN,safe_default,persistent out-of-distribution / novel; conservative safe response,0.19206343500002276,0.19213698100003285,True,True,True
2026-08-06T16:07:03.936244+00:00,mixed_pdv_loss_holdover,3.696088656999997,2256.0,0.0,UNKNOWN,safe_default,persistent out-of-distribution / novel; conservative safe response,0.16768475699996088,0.16775525100001687,True,True,True
2026-08-06T16:07:04.215369+00:00,mixed_pdv_loss_holdover,3.8960886569999973,2256.0,0.0,UNKNOWN,safe_default,persistent out-of-distribution / novel; conservative safe response,0.1435187600000063,0.14360701000003928,True,True,True
2026-08-06T16:07:04.459086+00:00,mixed_pdv_loss_holdover,4.0960886569999975,1782.0,0.0,UNKNOWN,safe_default,persistent out-of-distribution / novel; conservative safe response,0.20209436999999753,0.20215797800000246,True,True,True
2026-08-06T16:07:05.170631+00:00,mixed_pdv_loss_holdover,4.896088656999998,2656.0,0.0,UNKNOWN,safe_default,persistent out-of-distribution / novel; conservative safe response,0.20494424000003164,0.2050303690000419,True,True,True
2026-08-06T16:07:05.477156+00:00,mixed_pdv_loss_holdover,5.096088656999998,2656.0,0.0,UNKNOWN,safe_default,persistent out-of-distribution / novel; conservative safe response,0.1646040820000394,0.16467408500000147,True,True,True
2026-08-06T16:07:05.684745+00:00,mixed_pdv_loss_holdover,5.2960886569999985,2452.0,0.0,UNKNOWN,safe_default,persistent out-of-distribution / novel; conservative safe response,0.179615823000006,0.17968803100001196,True,True,True
2026-08-06T16:07:06.364051+00:00,mixed_pdv_loss_holdover,6.096088656999999,1603.0,0.0,UNKNOWN,safe_default,persistent out-of-distribution / novel; conservative safe response,0.1796177570000168,0.17970927599998276,True,True,True
2026-08-06T16:07:06.654477+00:00,mixed_pdv_loss_holdover,6.296088656999999,2503.0,0.0,UNKNOWN,safe_default,persistent out-of-distribution / novel; conservative safe response,0.18352234299999282,0.18359173199996803,True,True,True
2026-08-06T16:07:06.875965+00:00,mixed_pdv_loss_holdover,6.496088657,2503.0,0.0,UNKNOWN,safe_default,persistent out-of-distribution / novel; conservative safe response,0.1900888960000202,0.19016649700000698,True,True,True
2026-08-06T16:07:07.427007+00:00,mixed_pdv_loss_holdover,7.096088657,36598.0,0.0,UNKNOWN,safe_default,persistent out-of-distribution / novel; conservative safe response,0.19823146599998154,0.19830524899998636,True,True,True
2026-08-06T16:07:07.624956+00:00,mixed_pdv_loss_holdover,7.296088657,2753.0,0.0,UNKNOWN,safe_default,persistent out-of-distribution / novel; conservative safe response,0.16980436099998997,0.16987864600002922,True,True,True
2026-08-06T16:07:08.246266+00:00,mixed_pdv_loss_holdover,7.896088657000001,2278.0,0.0,UNKNOWN,safe_default,persistent out-of-distribution / novel; conservative safe response,0.21832990100000416,0.21843820899999855,True,True,True
2026-08-06T16:07:08.477708+00:00,mixed_pdv_loss_holdover,8.096088657000001,2579.0,0.0,UNKNOWN,safe_default,persistent out-of-distribution / novel; conservative safe response,0.2003027889999771,0.20040656800000534,True,True,True
2026-08-06T16:07:08.963644+00:00,mixed_pdv_loss_holdover,8.696088656999999,2578.0,0.0,UNKNOWN,safe_default,persistent out-of-distribution / novel; conservative safe response,0.19347954899996012,0.19357603499997822,True,True,True
2026-08-06T16:07:09.338415+00:00,mixed_pdv_loss_holdover,8.896088656999998,2199.0,0.0,UNKNOWN,safe_default,persistent out-of-distribution / novel; conservative safe response,0.21019797599996082,0.21031565599997748,True,True,True
2026-08-06T16:07:09.803944+00:00,mixed_pdv_loss_holdover,9.496088656999996,2041.0,0.0,UNKNOWN,safe_default,persistent out-of-distribution / novel; conservative safe response,0.19554535800000394,0.195619828999952,True,True,True
2026-08-06T16:07:10.375672+00:00,mixed_pdv_loss_holdover,10.096088656999994,2116.0,0.0,UNKNOWN,safe_default,persistent out-of-distribution / novel; conservative safe response,0.1892374939999968,0.1893237040000031,True,True,True
2026-08-06T16:07:10.729213+00:00,mixed_pdv_loss_holdover,10.296088656999993,2414.0,0.0,UNKNOWN,safe_default,persistent out-of-distribution / novel; conservative safe response,0.20051519100002224,0.20060080299998617,True,True,True
2026-08-06T16:07:11.187641+00:00,mixed_pdv_loss_holdover,10.896088656999991,2066.0,0.0,UNKNOWN,safe_default,persistent out-of-distribution / novel; conservative safe response,0.1892773170000055,0.18934410800000023,True,True,True
2026-08-06T16:07:11.487713+00:00,mixed_pdv_loss_holdover,11.09608865699999,1966.0,0.0,UNKNOWN,safe_default,persistent out-of-distribution / novel; conservative safe response,0.2024852380000084,0.20257153899996183,True,True,True
2026-08-06T16:07:11.744252+00:00,mixed_pdv_loss_holdover,11.29608865699999,3460.0,0.0,UNKNOWN,safe_default,persistent out-of-distribution / novel; conservative safe response,0.21488167000001113,0.21495781800001623,True,True,True
2026-08-06T16:07:12.250343+00:00,mixed_pdv_loss_holdover,11.896088656999988,3210.0,0.0,UNKNOWN,safe_default,persistent out-of-distribution / novel; conservative safe response,0.2145971289999693,0.2146707850000098,True,True,True
2026-08-06T16:07:12.470485+00:00,mixed_pdv_loss_holdover,12.096088656999987,2513.0,0.0,UNKNOWN,safe_default,persistent out-of-distribution / novel; conservative safe response,0.19381249499997466,0.19388946599997325,True,True,True
2026-08-06T16:07:12.708701+00:00,mixed_pdv_loss_holdover,12.296088656999986,2937.0,0.0,UNKNOWN,safe_default,persistent out-of-distribution / novel; conservative safe response,0.18994362500001216,0.19003416700002163,True,True,True
2026-08-06T16:07:12.932930+00:00,mixed_pdv_loss_holdover,12.496088656999985,2937.0,0.0,UNKNOWN,safe_default,persistent out-of-distribution / novel; conservative safe response,0.19494686300004105,0.1950189649999743,True,True,True
2026-08-06T16:07:13.588073+00:00,mixed_pdv_loss_holdover,13.296088656999983,3161.0,0.0,UNKNOWN,safe_default,persistent out-of-distribution / novel; conservative safe response,0.18798729500002764,0.18805728600000293,True,True,True
2026-08-06T16:07:13.852345+00:00,mixed_pdv_loss_holdover,13.496088656999982,2163.0,0.0,UNKNOWN,safe_default,persistent out-of-distribution / novel; conservative safe response,0.2248614629999679,0.22494320600003448,True,True,True
2026-08-06T16:07:14.382147+00:00,mixed_pdv_loss_holdover,14.09608865699998,1977.0,0.0,UNKNOWN,safe_default,persistent out-of-distribution / novel; conservative safe response,0.15738291100001334,0.15750196099997993,True,True,True
2026-08-06T16:07:14.563104+00:00,mixed_pdv_loss_holdover,14.296088656999979,3391.0,0.0,UNKNOWN,safe_default,persistent out-of-distribution / novel; conservative safe response,0.14430951599996433,0.14438484599997992,True,True,True
2026-08-06T16:07:15.123410+00:00,mixed_pdv_loss_holdover,14.896088656999977,3054.0,0.0,UNKNOWN,safe_default,persistent out-of-distribution / novel; conservative safe response,0.16425913300003003,0.16437477800002398,True,True,True
2026-08-06T16:07:15.446932+00:00,mixed_pdv_loss_holdover,15.096088656999976,3054.0,0.0,UNKNOWN,safe_default,persistent out-of-distribution / novel; conservative safe response,0.16016557899996542,0.1602453219999802,True,True,True
2026-08-06T16:07:15.664952+00:00,mixed_pdv_loss_holdover,15.296088656999975,2130.0,0.0,UNKNOWN,safe_default,persistent out-of-distribution / novel; conservative safe response,0.18776948999999377,0.187853629000017,True,True,True
2026-08-06T16:07:16.057017+00:00,mixed_pdv_loss_holdover,15.696088656999974,2518.0,0.0,UNKNOWN,safe_default,persistent out-of-distribution / novel; conservative safe response,0.21412897499999417,0.21420020400000794,True,True,True
2026-08-06T16:07:16.213283+00:00,mixed_pdv_loss_holdover,15.896088656999973,2518.0,0.0,UNKNOWN,safe_default,persistent out-of-distribution / novel; conservative safe response,0.12927129799999193,0.129379503999985,True,True,True
2026-08-06T16:07:16.804367+00:00,mixed_pdv_loss_holdover,16.496088656999973,1747.0,0.0,UNKNOWN,safe_default,persistent out-of-distribution / novel; conservative safe response,0.1530752429999893,0.15314096899999186,True,True,True
2026-08-06T16:07:16.991834+00:00,mixed_pdv_loss_holdover,16.696088656999972,1007.0,0.0,UNKNOWN,safe_default,persistent out-of-distribution / novel; conservative safe response,0.14931921799995962,0.14941097099995204,True,True,True
2026-08-06T16:07:17.541715+00:00,mixed_pdv_loss_holdover,17.29608865699997,1222.0,0.0,UNKNOWN,safe_default,persistent out-of-distribution / novel; conservative safe response,0.15189830200000642,0.15198049299999639,True,True,True
2026-08-06T16:07:17.899849+00:00,mixed_pdv_loss_holdover,17.49608865699997,3134.0,0.0,UNKNOWN,safe_default,persistent out-of-distribution / novel; conservative safe response,0.20137542100002292,0.20144892700000128,True,True,True
2026-08-06T16:07:18.125791+00:00,mixed_pdv_loss_holdover,17.69608865699997,3134.0,0.0,UNKNOWN,safe_default,persistent out-of-distribution / novel; conservative safe response,0.19394148200001382,0.19406183399996735,True,True,True
2026-08-06T16:07:18.759310+00:00,mixed_pdv_loss_holdover,18.496088656999966,2385.0,0.0,UNKNOWN,safe_default,persistent out-of-distribution / novel; conservative safe response,0.14728909000001522,0.14736361199999237,True,True,True
2026-08-06T16:07:18.974846+00:00,mixed_pdv_loss_holdover,18.696088656999965,1881.0,0.0,UNKNOWN,safe_default,persistent out-of-distribution / novel; conservative safe response,0.17207094400004053,0.17214707900001258,True,True,True
2026-08-06T16:07:19.422612+00:00,mixed_pdv_loss_holdover,19.096088656999964,2082.0,0.0,UNKNOWN,safe_default,persistent out-of-distribution / novel; conservative safe response,0.20267911799999183,0.20274553300004072,True,True,True
2026-08-06T16:07:19.627851+00:00,mixed_pdv_loss_holdover,19.296088656999963,1149.0,0.0,UNKNOWN,safe_default,persistent out-of-distribution / novel; conservative safe response,0.1719999929999858,0.1720727370000077,True,True,True
2026-08-06T16:07:20.162849+00:00,mixed_pdv_loss_holdover,19.89608865699996,3159.0,0.0,UNKNOWN,safe_default,persistent out-of-distribution / novel; conservative safe response,0.1876218060000383,0.1876995210000132,True,True,True
2026-08-06T16:07:20.518809+00:00,mixed_pdv_loss_holdover,20.09608865699996,3937.0,0.0,UNKNOWN,safe_default,persistent out-of-distribution / novel; conservative safe response,0.18162422199998218,0.1817105570000308,True,True,True
2026-08-06T16:07:20.911394+00:00,mixed_pdv_loss_holdover,20.696088656999958,2752.0,0.0,UNKNOWN,safe_default,persistent out-of-distribution / novel; conservative safe response,0.13166789199999585,0.13173828399999366,True,True,True
2026-08-06T16:07:21.231190+00:00,mixed_pdv_loss_holdover,20.896088656999957,2558.0,0.0,UNKNOWN,safe_default,persistent out-of-distribution / novel; conservative safe response,0.15748409500002936,0.15760170699996934,True,True,True
2026-08-06T16:07:21.422772+00:00,mixed_pdv_loss_holdover,21.096088656999957,2558.0,0.0,UNKNOWN,safe_default,persistent out-of-distribution / novel; conservative safe response,0.16540980899998203,0.16547817400004305,True,True,True
2026-08-06T16:07:21.925105+00:00,mixed_pdv_loss_holdover,21.696088656999954,1848.0,0.0,UNKNOWN,safe_default,persistent out-of-distribution / novel; conservative safe response,0.12697801199999503,0.1270651789999988,True,True,True
2026-08-06T16:07:22.100477+00:00,mixed_pdv_loss_holdover,21.896088656999954,1848.0,0.0,UNKNOWN,safe_default,persistent out-of-distribution / novel; conservative safe response,0.13607322499996144,0.13619382400003133,True,True,True
2026-08-06T16:07:22.446737+00:00,mixed_pdv_loss_holdover,22.096088656999953,1942.0,0.0,UNKNOWN,safe_default,persistent out-of-distribution / novel; conservative safe response,0.1829127330000233,0.18299996900003634,True,True,True
2026-08-06T16:07:22.649501+00:00,mixed_pdv_loss_holdover,22.296088656999952,1942.0,0.0,UNKNOWN,safe_default,persistent out-of-distribution / novel; conservative safe response,0.17213761800002203,0.17221130799998718,True,True,True
2026-08-06T16:07:23.344157+00:00,mixed_pdv_loss_holdover,23.09608865699995,2705.0,0.0,UNKNOWN,safe_default,persistent out-of-distribution / novel; conservative safe response,0.17851628099998607,0.17859047799998962,True,True,True
2026-08-06T16:07:23.609408+00:00,mixed_pdv_loss_holdover,23.29608865699995,2705.0,0.0,UNKNOWN,safe_default,persistent out-of-distribution / novel; conservative safe response,0.18864056200004597,0.18873040599999058,True,True,True
2026-08-06T16:07:23.807722+00:00,mixed_pdv_loss_holdover,23.496088656999948,1892.0,0.0,UNKNOWN,safe_default,persistent out-of-distribution / novel; conservative safe response,0.13719642099999874,0.13728667000003725,True,True,True
2026-08-06T16:07:24.360967+00:00,mixed_pdv_loss_holdover,24.096088656999946,1867.0,0.0,UNKNOWN,safe_default,persistent out-of-distribution / novel; conservative safe response,0.15819778600001655,0.15826877199998535,True,True,True
2026-08-06T16:07:24.597228+00:00,mixed_pdv_loss_holdover,24.296088656999945,1867.0,0.0,UNKNOWN,safe_default,persistent out-of-distribution / novel; conservative safe response,0.20612305499997774,0.2061885919999895,True,True,True
2026-08-06T16:07:24.945681+00:00,mixed_pdv_loss_holdover,24.496088656999945,1516.0,0.0,UNKNOWN,safe_default,persistent out-of-distribution / novel; conservative safe response,0.20552757199999405,0.20560401900002034,True,True,True
2026-08-06T16:07:25.298316+00:00,mixed_pdv_loss_holdover,25.096088656999942,2089.0,0.0,UNKNOWN,safe_default,persistent out-of-distribution / novel; conservative safe response,0.1552516489999789,0.1553244859999836,True,True,True
2026-08-06T16:07:25.627143+00:00,mixed_pdv_loss_holdover,25.29608865699994,2361.0,0.0,UNKNOWN,safe_default,persistent out-of-distribution / novel; conservative safe response,0.1694462929999645,0.1695983399999932,True,True,True
2026-08-06T16:07:25.810094+00:00,mixed_pdv_loss_holdover,25.49608865699994,2361.0,0.0,UNKNOWN,safe_default,persistent out-of-distribution / novel; conservative safe response,0.15265656299999364,0.15274390899998025,True,True,True
2026-08-06T16:07:26.356409+00:00,mixed_pdv_loss_holdover,26.09608865699994,2669.0,0.0,UNKNOWN,safe_default,persistent out-of-distribution / novel; conservative safe response,0.16837933600004362,0.16845181300004697,True,True,True
2026-08-06T16:07:26.684449+00:00,mixed_pdv_loss_holdover,26.296088656999938,2595.0,0.0,UNKNOWN,safe_default,persistent out-of-distribution / novel; conservative safe response,0.18073208399999885,0.18083355100003473,True,True,True
2026-08-06T16:07:26.847736+00:00,mixed_pdv_loss_holdover,26.496088656999937,1243.0,0.0,UNKNOWN,safe_default,persistent out-of-distribution / novel; conservative safe response,0.13743561700005102,0.13750290300004053,True,True,True
2026-08-06T16:07:27.465712+00:00,mixed_pdv_loss_holdover,27.296088656999935,2423.0,0.0,UNKNOWN,safe_default,persistent out-of-distribution / novel; conservative safe response,0.1184367200000338,0.11851129000001492,True,True,True
2026-08-06T16:07:27.766784+00:00,mixed_pdv_loss_holdover,27.496088656999934,2222.0,0.0,UNKNOWN,safe_default,persistent out-of-distribution / novel; conservative safe response,0.1515257889999475,0.15161122299997487,True,True,True
2026-08-06T16:07:27.980982+00:00,mixed_pdv_loss_holdover,27.696088656999933,2222.0,0.0,UNKNOWN,safe_default,persistent out-of-distribution / novel; conservative safe response,0.15578039599995464,0.15584430000001248,True,True,True
2026-08-06T16:07:28.494185+00:00,mixed_pdv_loss_holdover,28.29608865699993,1296.0,0.0,UNKNOWN,safe_default,persistent out-of-distribution / novel; conservative safe response,0.1402634419999913,0.14032814699999108,True,True,True
2026-08-06T16:07:28.820041+00:00,mixed_pdv_loss_holdover,28.49608865699993,1392.0,0.0,UNKNOWN,safe_default,persistent out-of-distribution / novel; conservative safe response,0.17999322899999015,0.18008899299996983,True,True,True
2026-08-06T16:07:29.000464+00:00,mixed_pdv_loss_holdover,28.69608865699993,2518.0,0.0,UNKNOWN,safe_default,persistent out-of-distribution / novel; conservative safe response,0.151661181999998,0.15173494000003984,True,True,True
2026-08-06T16:07:29.559266+00:00,mixed_pdv_loss_holdover,29.296088656999927,4084.0,0.0,UNKNOWN,safe_default,persistent out-of-distribution / novel; conservative safe response,0.18455515099998365,0.18462414399999716,True,True,True
2026-08-06T16:07:29.828738+00:00,mixed_pdv_loss_holdover,29.496088656999927,4084.0,0.0,UNKNOWN,safe_default,persistent out-of-distribution / novel; conservative safe response,0.12313555299999734,0.12320715699996754,True,True,True
2026-08-06T16:07:30.020488+00:00,mixed_pdv_loss_holdover,29.696088656999926,1480.0,0.0,UNKNOWN,safe_default,persistent out-of-distribution / novel; conservative safe response,0.15456386199997496,0.15466784899996355,True,True,True
2026-08-06T16:07:30.557173+00:00,mixed_pdv_loss_holdover,30.296088656999924,1179.0,0.0,UNKNOWN,safe_default,persistent out-of-distribution / novel; conservative safe response,0.162961193000001,0.1631120530000203,True,True,True
2026-08-06T16:07:30.842082+00:00,mixed_pdv_loss_holdover,30.496088656999923,2058.0,0.0,UNKNOWN,safe_default,persistent out-of-distribution / novel; conservative safe response,0.13904157599995415,0.13918069300001434,True,True,True
2026-08-06T16:07:31.090285+00:00,mixed_pdv_loss_holdover,30.696088656999923,2058.0,0.0,UNKNOWN,safe_default,persistent out-of-distribution / novel; conservative safe response,0.20434155399999554,0.20448432000000594,True,True,True
2026-08-06T16:07:31.701137+00:00,mixed_pdv_loss_holdover,31.49608865699992,2006.0,0.0,UNKNOWN,safe_default,persistent out-of-distribution / novel; conservative safe response,0.13561140299998442,0.13567872300001227,True,True,True
2026-08-06T16:07:31.997421+00:00,mixed_pdv_loss_holdover,31.69608865699992,2407.0,0.0,UNKNOWN,safe_default,persistent out-of-distribution / novel; conservative safe response,0.1387816060000091,0.13885133200000155,True,True,True
2026-08-06T16:07:32.191203+00:00,mixed_pdv_loss_holdover,31.89608865699992,2407.0,0.0,UNKNOWN,safe_default,persistent out-of-distribution / novel; conservative safe response,0.1494789669999932,0.14956410900003902,True,True,True
2026-08-06T16:07:32.791328+00:00,mixed_pdv_loss_holdover,32.49608865699992,3109.0,0.0,UNKNOWN,safe_default,persistent out-of-distribution / novel; conservative safe response,0.20306344800002307,0.2031333459999587,True,True,True
2026-08-06T16:07:33.124444+00:00,mixed_pdv_loss_holdover,32.696088656999926,3109.0,0.0,UNKNOWN,safe_default,persistent out-of-distribution / novel; conservative safe response,0.17707097700002805,0.17718125300001475,True,True,True
2026-08-06T16:07:33.590885+00:00,mixed_pdv_loss_holdover,33.296088656999935,2232.0,0.0,UNKNOWN,safe_default,persistent out-of-distribution / novel; conservative safe response,0.19407379500000843,0.19415990999999622,True,True,True
2026-08-06T16:07:34.136351+00:00,mixed_pdv_loss_holdover,33.89608865699994,2153.0,0.0,UNKNOWN,safe_default,persistent out-of-distribution / novel; conservative safe response,0.17176765499999647,0.17185223999996424,True,True,True
2026-08-06T16:07:34.394751+00:00,mixed_pdv_loss_holdover,34.096088656999946,1203.0,0.0,UNKNOWN,safe_default,persistent out-of-distribution / novel; conservative safe response,0.1391315489999556,0.139208114999974,True,True,True
2026-08-06T16:07:34.598196+00:00,mixed_pdv_loss_holdover,34.29608865699995,1203.0,0.0,UNKNOWN,safe_default,persistent out-of-distribution / novel; conservative safe response,0.1664176219999831,0.16648927800002866,True,True,True
2026-08-06T16:07:35.001830+00:00,mixed_pdv_loss_holdover,34.696088656999954,2205.0,0.0,UNKNOWN,safe_default,persistent out-of-distribution / novel; conservative safe response,0.15457750799998848,0.15465387400001873,True,True,True
2026-08-06T16:07:35.192875+00:00,mixed_pdv_loss_holdover,34.89608865699996,2205.0,0.0,UNKNOWN,safe_default,persistent out-of-distribution / novel; conservative safe response,0.16272624200001928,0.16280549300000757,True,True,True
2026-08-06T16:07:35.474006+00:00,mixed_pdv_loss_holdover,35.09608865699996,2279.0,0.0,UNKNOWN,safe_default,persistent out-of-distribution / novel; conservative safe response,0.14410668499999701,0.14422751399996514,True,True,True
2026-08-06T16:07:35.703615+00:00,mixed_pdv_loss_holdover,35.29608865699996,2279.0,0.0,UNKNOWN,safe_default,persistent out-of-distribution / novel; conservative safe response,0.184254382000006,0.18432802299997775,True,True,True
2026-08-06T16:07:36.300287+00:00,mixed_pdv_loss_holdover,36.096088656999974,3807.0,0.0,UNKNOWN,safe_default,persistent out-of-distribution / novel; conservative safe response,0.12609919099998024,0.12618263000001662,True,True,True
2026-08-06T16:07:36.623439+00:00,mixed_pdv_loss_holdover,36.29608865699998,3807.0,0.0,UNKNOWN,safe_default,persistent out-of-distribution / novel; conservative safe response,0.16403747599997587,0.16410448800002087,True,True,True
2026-08-06T16:07:36.815094+00:00,mixed_pdv_loss_holdover,36.49608865699998,3205.0,0.0,UNKNOWN,safe_default,persistent out-of-distribution / novel; conservative safe response,0.16283437200002027,0.16290268599999536,True,True,True
2026-08-06T16:07:37.377153+00:00,mixed_pdv_loss_holdover,37.09608865699999,1277.0,0.0,UNKNOWN,safe_default,persistent out-of-distribution / novel; conservative safe response,0.1903011329999913,0.19037724500003605,True,True,True
2026-08-06T16:07:37.685278+00:00,mixed_pdv_loss_holdover,37.29608865699999,1652.0,0.0,UNKNOWN,safe_default,persistent out-of-distribution / novel; conservative safe response,0.19419949100000622,0.19429943699998375,True,True,True
2026-08-06T16:07:37.875284+00:00,mixed_pdv_loss_holdover,37.496088656999994,1778.0,0.0,UNKNOWN,safe_default,persistent out-of-distribution / novel; conservative safe response,0.16367773500002158,0.1637526449999882,True,True,True
2026-08-06T16:07:38.382714+00:00,mixed_pdv_loss_holdover,38.096088657,2930.0,0.0,UNKNOWN,safe_default,persistent out-of-distribution / novel; conservative safe response,0.16014630000000807,0.160207478000018,True,True,True
2026-08-06T16:07:38.568208+00:00,mixed_pdv_loss_holdover,38.296088657000006,2930.0,0.0,UNKNOWN,safe_default,persistent out-of-distribution / novel; conservative safe response,0.1502714180000453,0.1503425089999837,True,True,True
2026-08-06T16:07:38.952456+00:00,mixed_pdv_loss_holdover,38.69608865700001,1478.0,0.0,UNKNOWN,safe_default,persistent out-of-distribution / novel; conservative safe response,0.1261711450000007,0.12623122100001183,True,True,True
2026-08-06T16:07:39.146650+00:00,mixed_pdv_loss_holdover,38.896088657000014,1478.0,0.0,UNKNOWN,safe_default,persistent out-of-distribution / novel; conservative safe response,0.15490338500001144,0.15496585500000037,True,True,True
2026-08-06T16:07:39.439322+00:00,mixed_pdv_loss_holdover,39.09608865700002,1025.0,0.0,UNKNOWN,safe_default,persistent out-of-distribution / novel; conservative safe response,0.1488777860000141,0.14894586299999446,True,True,True
2026-08-06T16:07:39.615508+00:00,mixed_pdv_loss_holdover,39.29608865700002,1877.0,0.0,UNKNOWN,safe_default,persistent out-of-distribution / novel; conservative safe response,0.1377621660000159,0.1378514670000186,True,True,True
2026-08-06T16:07:40.110565+00:00,mixed_pdv_loss_holdover,39.89608865700003,2253.0,0.0,UNKNOWN,safe_default,persistent out-of-distribution / novel; conservative safe response,0.14651572899998655,0.14660051200002044,True,True,True
2026-08-06T16:07:40.407898+00:00,mixed_pdv_loss_holdover,40.09608865700003,21449.0,0.0,UNKNOWN,safe_default,persistent out-of-distribution / novel; conservative safe response,0.14148048500004506,0.14154544899997745,True,True,True
2026-08-06T16:07:40.623014+00:00,mixed_pdv_loss_holdover,40.296088657000034,21449.0,0.0,UNKNOWN,safe_default,persistent out-of-distribution / novel; conservative safe response,0.15621035899999924,0.15628773399998863,True,True,True
2026-08-06T16:07:41.197323+00:00,mixed_pdv_loss_holdover,40.89608865700004,2778.0,0.0,UNKNOWN,safe_default,persistent out-of-distribution / novel; conservative safe response,0.2026767849999942,0.20274634400004743,True,True,True
2026-08-06T16:07:41.548056+00:00,mixed_pdv_loss_holdover,41.096088657000045,2778.0,0.0,UNKNOWN,safe_default,persistent out-of-distribution / novel; conservative safe response,0.20792518700000073,0.2079968479999934,True,True,True
2026-08-06T16:07:41.899140+00:00,mixed_pdv_loss_holdover,41.696088657000054,1077.0,0.0,UNKNOWN,safe_default,persistent out-of-distribution / novel; conservative safe response,0.14160121499998013,0.14166787200002773,True,True,True
2026-08-06T16:07:42.181004+00:00,mixed_pdv_loss_holdover,41.89608865700006,3554.0,0.0,UNKNOWN,safe_default,persistent out-of-distribution / novel; conservative safe response,0.13869528399999353,0.13875873199998523,True,True,True
2026-08-06T16:07:42.367282+00:00,mixed_pdv_loss_holdover,42.09608865700006,3554.0,0.0,UNKNOWN,safe_default,persistent out-of-distribution / novel; conservative safe response,0.1472066439999935,0.1472729930000014,True,True,True
2026-08-06T16:07:42.783346+00:00,mixed_pdv_loss_holdover,42.496088657000065,7306.0,0.0,UNKNOWN,safe_default,persistent out-of-distribution / novel; conservative safe response,0.1579461599999945,0.15801281000000245,True,True,True
2026-08-06T16:07:43.023836+00:00,mixed_pdv_loss_holdover,42.69608865700007,7306.0,0.0,UNKNOWN,safe_default,persistent out-of-distribution / novel; conservative safe response,0.1526037510000151,0.1526842040000247,True,True,True
2026-08-06T16:07:43.579791+00:00,mixed_pdv_loss_holdover,43.29608865700008,1926.0,0.0,UNKNOWN,safe_default,persistent out-of-distribution / novel; conservative safe response,0.18207788699999128,0.1821503350000171,True,True,True
2026-08-06T16:07:43.858518+00:00,mixed_pdv_loss_holdover,43.49608865700008,1926.0,0.0,UNKNOWN,safe_default,persistent out-of-distribution / novel; conservative safe response,0.23223019299996395,0.2323031409999885,True,True,True
2026-08-06T16:07:44.464927+00:00,mixed_pdv_loss_holdover,44.09608865700009,1101.0,0.0,UNKNOWN,safe_default,persistent out-of-distribution / novel; conservative safe response,0.24015897499998573,0.24024939399998857,True,True,True
2026-08-06T16:07:44.697854+00:00,mixed_pdv_loss_holdover,44.29608865700009,877.0,0.0,UNKNOWN,safe_default,persistent out-of-distribution / novel; conservative safe response,0.19815813700000717,0.19823250900003586,True,True,True
2026-08-06T16:07:45.166292+00:00,mixed_pdv_loss_holdover,44.8960886570001,2341.0,0.0,UNKNOWN,safe_default,persistent out-of-distribution / novel; conservative safe response,0.14505193299999064,0.14518437199996015,True,True,True
2026-08-06T16:07:45.403187+00:00,mixed_pdv_loss_holdover,45.0960886570001,2341.0,0.0,UNKNOWN,safe_default,persistent out-of-distribution / novel; conservative safe response,0.19137421499999618,0.19144566199997826,True,True,True
2026-08-06T16:07:45.963064+00:00,mixed_pdv_loss_holdover,45.69608865700011,2146.0,0.0,UNKNOWN,safe_default,persistent out-of-distribution / novel; conservative safe response,0.17741869900004303,0.17748881400001437,True,True,True
2026-08-06T16:07:46.327247+00:00,mixed_pdv_loss_holdover,45.896088657000114,4811.0,0.0,UNKNOWN,safe_default,persistent out-of-distribution / novel; conservative safe response,0.20299960800002737,0.2030823860000055,True,True,True
2026-08-06T16:07:46.759591+00:00,mixed_pdv_loss_holdover,46.49608865700012,2521.0,0.0,UNKNOWN,safe_default,persistent out-of-distribution / novel; conservative safe response,0.17237170099997456,0.172460405000038,True,True,True
2026-08-06T16:07:47.105195+00:00,mixed_pdv_loss_holdover,46.696088657000125,2521.0,0.0,UNKNOWN,safe_default,persistent out-of-distribution / novel; conservative safe response,0.19267972799997324,0.19275200499998846,True,True,True
2026-08-06T16:07:47.311415+00:00,mixed_pdv_loss_holdover,46.89608865700013,1193.0,0.0,UNKNOWN,safe_default,persistent out-of-distribution / novel; conservative safe response,0.1810733849999906,0.1811409580000145,True,True,True
2026-08-06T16:07:48.044298+00:00,mixed_pdv_loss_holdover,47.69608865700014,1962.0,0.0,UNKNOWN,safe_default,persistent out-of-distribution / novel; conservative safe response,0.2274357000000009,0.2275236660000246,True,True,True
2026-08-06T16:07:48.285247+00:00,mixed_pdv_loss_holdover,47.89608865700014,2802.0,0.0,UNKNOWN,safe_default,persistent out-of-distribution / novel; conservative safe response,0.2073271440000326,0.2074198760000172,True,True,True
2026-08-06T16:07:48.996261+00:00,mixed_pdv_loss_holdover,48.69608865700015,2335.0,0.0,UNKNOWN,safe_default,persistent out-of-distribution / novel; conservative safe response,0.22709596599997894,0.2271889009999768,True,True,True
2026-08-06T16:07:49.331250+00:00,mixed_pdv_loss_holdover,48.896088657000156,2335.0,0.0,UNKNOWN,safe_default,persistent out-of-distribution / novel; conservative safe response,0.1944652209999731,0.19455025299998852,True,True,True
2026-08-06T16:07:49.765615+00:00,mixed_pdv_loss_holdover,49.496088657000165,2302.0,0.0,UNKNOWN,safe_default,persistent out-of-distribution / novel; conservative safe response,0.18345182600000953,0.18354558400000087,True,True,True
2026-08-06T16:07:50.100897+00:00,mixed_pdv_loss_holdover,49.69608865700017,35483.0,0.0,UNKNOWN,safe_default,persistent out-of-distribution / novel; conservative safe response,0.22605073800002629,0.22612498799998093,True,True,True
2026-08-06T16:07:50.402712+00:00,mixed_pdv_loss_holdover,49.89608865700017,35483.0,0.0,UNKNOWN,safe_default,persistent out-of-distribution / novel; conservative safe response,0.2072003090000294,0.20729987300001085,True,True,True
2026-08-06T16:07:51.173202+00:00,mixed_pdv_loss_holdover,50.896088657000185,2555.0,0.0,UNKNOWN,safe_default,persistent out-of-distribution / novel; conservative safe response,0.16231952500004354,0.16239223500002709,True,True,True
2026-08-06T16:07:51.401668+00:00,mixed_pdv_loss_holdover,51.09608865700019,963.0,0.0,UNKNOWN,safe_default,persistent out-of-distribution / novel; conservative safe response,0.1783424359999799,0.17841281900001604,True,True,True
2026-08-06T16:07:51.998960+00:00,mixed_pdv_loss_holdover,51.696088657000196,2574.0,0.0,UNKNOWN,safe_default,persistent out-of-distribution / novel; conservative safe response,0.21326419700000088,0.2133528830000273,True,True,True
2026-08-06T16:07:52.347414+00:00,mixed_pdv_loss_holdover,51.8960886570002,3916.0,0.0,UNKNOWN,safe_default,persistent out-of-distribution / novel; conservative safe response,0.20281760900002155,0.202909907999981,True,True,True
2026-08-06T16:07:52.776567+00:00,mixed_pdv_loss_holdover,52.49608865700021,22995.0,0.0,UNKNOWN,safe_default,persistent out-of-distribution / novel; conservative safe response,0.17325144899996303,0.17331880600005434,True,True,True
2026-08-06T16:07:53.344563+00:00,mixed_pdv_loss_holdover,53.096088657000216,2119.0,0.0,UNKNOWN,safe_default,persistent out-of-distribution / novel; conservative safe response,0.1790515110000115,0.17912120700003697,True,True,True
2026-08-06T16:07:53.681704+00:00,mixed_pdv_loss_holdover,53.29608865700022,2920.0,0.0,UNKNOWN,safe_default,persistent out-of-distribution / novel; conservative safe response,0.18692371599996704,0.18699512599999935,True,True,True
2026-08-06T16:07:53.894216+00:00,mixed_pdv_loss_holdover,53.49608865700022,2920.0,0.0,UNKNOWN,safe_default,persistent out-of-distribution / novel; conservative safe response,0.1868156909999925,0.1868935559999727,True,True,True
2026-08-06T16:07:54.538919+00:00,mixed_pdv_loss_holdover,54.29608865700023,1989.0,0.0,UNKNOWN,safe_default,persistent out-of-distribution / novel; conservative safe response,0.15651315500002738,0.15658469099997774,True,True,True
2026-08-06T16:07:54.836892+00:00,mixed_pdv_loss_holdover,54.496088657000236,1363.0,0.0,UNKNOWN,safe_default,persistent out-of-distribution / novel; conservative safe response,0.1555808930000353,0.1556618980000053,True,True,True
2026-08-06T16:07:55.046477+00:00,mixed_pdv_loss_holdover,54.69608865700024,1986.0,0.0,UNKNOWN,safe_default,persistent out-of-distribution / novel; conservative safe response,0.17791176299999734,0.17796561900001961,True,True,True
2026-08-06T16:07:55.592547+00:00,mixed_pdv_loss_holdover,55.29608865700025,2565.0,0.0,UNKNOWN,safe_default,persistent out-of-distribution / novel; conservative safe response,0.16712273199999572,0.16718967100001692,True,True,True
2026-08-06T16:07:55.780677+00:00,mixed_pdv_loss_holdover,55.49608865700025,2565.0,0.0,UNKNOWN,safe_default,persistent out-of-distribution / novel; conservative safe response,0.160012461000008,0.16007577599998513,True,True,True
2026-08-06T16:07:56.305184+00:00,mixed_pdv_loss_holdover,56.09608865700026,2565.0,0.0,UNKNOWN,safe_default,persistent out-of-distribution / novel; conservative safe response,0.15147093199999517,0.15152705299999525,True,True,True
2026-08-06T16:07:56.606636+00:00,mixed_pdv_loss_holdover,56.29608865700026,3543.0,0.0,UNKNOWN,safe_default,persistent out-of-distribution / novel; conservative safe response,0.15235940799999526,0.1524223339999935,True,True,True
2026-08-06T16:07:56.829430+00:00,mixed_pdv_loss_holdover,56.496088657000264,3543.0,0.0,UNKNOWN,safe_default,persistent out-of-distribution / novel; conservative safe response,0.17449818500000447,0.1745686889999547,True,True,True
2026-08-06T16:07:57.416593+00:00,mixed_pdv_loss_holdover,57.09608865700027,2257.0,0.0,UNKNOWN,safe_default,persistent out-of-distribution / novel; conservative safe response,0.195760249999978,0.19582788999997547,True,True,True
2026-08-06T16:07:57.638623+00:00,mixed_pdv_loss_holdover,57.296088657000276,2257.0,0.0,UNKNOWN,safe_default,persistent out-of-distribution / novel; conservative safe response,0.19363751400004503,0.19371038000002727,True,True,True
2026-08-06T16:07:57.931677+00:00,mixed_pdv_loss_holdover,57.49608865700028,4244.0,0.0,UNKNOWN,safe_default,persistent out-of-distribution / novel; conservative safe response,0.17269730700002128,0.17278343999998924,True,True,True
2026-08-06T16:07:58.410406+00:00,mixed_pdv_loss_holdover,58.09608865700029,1727.0,0.0,UNKNOWN,safe_default,persistent out-of-distribution / novel; conservative safe response,0.20875691700001653,0.208822304000023,True,True,True
2026-08-06T16:07:58.817224+00:00,mixed_pdv_loss_holdover,58.49608865700029,2025.0,0.0,UNKNOWN,safe_default,persistent out-of-distribution / novel; conservative safe response,0.1577611199999751,0.15785201999995024,True,True,True
2026-08-06T16:07:59.009892+00:00,mixed_pdv_loss_holdover,58.696088657000296,1945.0,0.0,UNKNOWN,safe_default,persistent out-of-distribution / novel; conservative safe response,0.16869428600000447,0.16876234899996234,True,True,True
2026-08-06T16:07:59.290443+00:00,mixed_pdv_loss_holdover,58.8960886570003,1381.0,0.0,UNKNOWN,safe_default,persistent out-of-distribution / novel; conservative safe response,0.15152634800000442,0.15159671899999694,True,True,True
2026-08-06T16:07:59.487650+00:00,mixed_pdv_loss_holdover,59.0960886570003,2035.0,0.0,UNKNOWN,safe_default,persistent out-of-distribution / novel; conservative safe response,0.16885558199999195,0.16892043199999307,True,True,True
2026-08-06T16:08:00.113682+00:00,mixed_pdv_loss_holdover,59.89608865700031,2258.0,0.0,UNKNOWN,safe_default,persistent out-of-distribution / novel; conservative safe response,0.14426769100003867,0.1443545850000305,True,True,True
2026-08-06T16:08:00.389729+00:00,mixed_pdv_loss_holdover,60.096088657000315,1858.0,0.0,UNKNOWN,safe_default,persistent out-of-distribution / novel; conservative safe response,0.1401853370000481,0.14025206200000184,True,True,True
2026-08-06T16:08:00.566007+00:00,mixed_pdv_loss_holdover,60.29608865700032,1854.0,0.0,UNKNOWN,safe_default,persistent out-of-distribution / novel; conservative safe response,0.1334691630000293,0.13354050300000608,True,True,True
2026-08-06T16:08:01.096310+00:00,mixed_pdv_loss_holdover,60.89608865700033,7650.0,0.0,UNKNOWN,safe_default,persistent out-of-distribution / novel; conservative safe response,0.14475262600001315,0.14493907700000364,True,True,True
2026-08-06T16:08:01.389494+00:00,mixed_pdv_loss_holdover,61.09608865700033,7650.0,0.0,UNKNOWN,safe_default,persistent out-of-distribution / novel; conservative safe response,0.1381782929999531,0.13825351499997396,True,True,True
2026-08-06T16:08:01.589800+00:00,mixed_pdv_loss_holdover,61.29608865700033,2557.0,0.0,UNKNOWN,safe_default,persistent out-of-distribution / novel; conservative safe response,0.15651078299998744,0.1566350489999877,True,True,True
2026-08-06T16:08:01.987753+00:00,mixed_pdv_loss_holdover,61.69608865700034,3085.0,0.0,UNKNOWN,safe_default,persistent out-of-distribution / novel; conservative safe response,0.14612615900000492,0.14623488000000862,True,True,True
2026-08-06T16:08:02.176764+00:00,mixed_pdv_loss_holdover,61.89608865700034,3085.0,0.0,UNKNOWN,safe_default,persistent out-of-distribution / novel; conservative safe response,0.15889487100002953,0.15896194300000843,True,True,True
2026-08-06T16:08:02.576863+00:00,mixed_pdv_loss_holdover,62.29608865700035,1981.0,0.0,UNKNOWN,safe_default,persistent out-of-distribution / novel; conservative safe response,0.1436700219999807,0.14375714700003073,True,True,True
2026-08-06T16:08:02.772193+00:00,mixed_pdv_loss_holdover,62.49608865700035,3635.0,0.0,UNKNOWN,safe_default,persistent out-of-distribution / novel; conservative safe response,0.16970118700004377,0.169773575000022,True,True,True
2026-08-06T16:08:03.102649+00:00,mixed_pdv_loss_holdover,62.896088657000355,2031.0,0.0,UNKNOWN,safe_default,persistent out-of-distribution / novel; conservative safe response,0.12897591299997657,0.1290384559999893,True,True,True
2026-08-06T16:08:03.427410+00:00,mixed_pdv_loss_holdover,63.09608865700036,2031.0,0.0,UNKNOWN,safe_default,persistent out-of-distribution / novel; conservative safe response,0.18273865199995498,0.1828042999999866,True,True,True
2026-08-06T16:08:03.635300+00:00,mixed_pdv_loss_holdover,63.29608865700036,2855.0,0.0,UNKNOWN,safe_default,persistent out-of-distribution / novel; conservative safe response,0.18630033400000912,0.18637710699999843,True,True,True
2026-08-06T16:08:03.907938+00:00,mixed_pdv_loss_holdover,63.69608865700037,1880.0,0.0,UNKNOWN,safe_default,persistent out-of-distribution / novel; conservative safe response,0.11491790399998081,0.11498796199998651,True,True,True
2026-08-06T16:08:04.244291+00:00,mixed_pdv_loss_holdover,63.89608865700037,2505.0,0.0,UNKNOWN,safe_default,persistent out-of-distribution / novel; conservative safe response,0.18378465600000027,0.1838516889999937,True,True,True
2026-08-06T16:08:04.416241+00:00,mixed_pdv_loss_holdover,64.09608865700037,2505.0,0.0,UNKNOWN,safe_default,persistent out-of-distribution / novel; conservative safe response,0.14351479900000186,0.1436007689999883,True,True,True
2026-08-06T16:08:04.702305+00:00,mixed_pdv_loss_holdover,64.29608865700037,2428.0,0.0,UNKNOWN,safe_default,persistent out-of-distribution / novel; conservative safe response,0.13035946700000522,0.13044849300001715,True,True,True
2026-08-06T16:08:05.074212+00:00,mixed_pdv_loss_holdover,64.89608865700038,1853.0,0.0,UNKNOWN,safe_default,persistent out-of-distribution / novel; conservative safe response,0.11742502000004151,0.11751297399996474,True,True,True
2026-08-06T16:08:05.430127+00:00,mixed_pdv_loss_holdover,65.09608865700038,2080.0,0.0,UNKNOWN,safe_default,persistent out-of-distribution / novel; conservative safe response,0.20393508199998678,0.20399799099999427,True,True,True
2026-08-06T16:08:05.593589+00:00,mixed_pdv_loss_holdover,65.29608865700038,3080.0,0.0,UNKNOWN,safe_default,persistent out-of-distribution / novel; conservative safe response,0.13915419299996756,0.13922241000000213,True,True,True
2026-08-06T16:08:06.149428+00:00,mixed_pdv_loss_holdover,65.89608865700039,2153.0,0.0,UNKNOWN,safe_default,persistent out-of-distribution / novel; conservative safe response,0.17492062500002703,0.175002749999976,True,True,True
2026-08-06T16:08:06.490919+00:00,mixed_pdv_loss_holdover,66.0960886570004,3481.0,0.0,UNKNOWN,safe_default,persistent out-of-distribution / novel; conservative safe response,0.2045430329999931,0.20468174299998054,True,True,True
2026-08-06T16:08:06.699328+00:00,mixed_pdv_loss_holdover,66.2960886570004,3481.0,0.0,UNKNOWN,safe_default,persistent out-of-distribution / novel; conservative safe response,0.18370883200003618,0.1837980669999979,True,True,True
2026-08-06T16:08:07.381489+00:00,mixed_pdv_loss_holdover,67.09608865700041,1302.0,0.0,UNKNOWN,safe_default,persistent out-of-distribution / novel; conservative safe response,0.19603997399997297,0.19611617499998601,True,True,True
2026-08-06T16:08:07.739433+00:00,mixed_pdv_loss_holdover,67.29608865700041,1977.0,0.0,UNKNOWN,safe_default,persistent out-of-distribution / novel; conservative safe response,0.20775991799996518,0.20782871000000114,True,True,True
2026-08-06T16:08:08.151301+00:00,mixed_pdv_loss_holdover,67.89608865700042,2177.0,0.0,UNKNOWN,safe_default,persistent out-of-distribution / novel; conservative safe response,0.1939044499999909,0.1939943539999831,True,True,True
2026-08-06T16:08:08.453748+00:00,mixed_pdv_loss_holdover,68.09608865700042,2177.0,0.0,UNKNOWN,safe_default,persistent out-of-distribution / novel; conservative safe response,0.1578820230000133,0.15795090400001754,True,True,True
2026-08-06T16:08:08.677293+00:00,mixed_pdv_loss_holdover,68.29608865700042,1802.0,0.0,UNKNOWN,safe_default,persistent out-of-distribution / novel; conservative safe response,0.16624175399999785,0.1663251509999668,True,True,True
2026-08-06T16:08:09.335927+00:00,mixed_pdv_loss_holdover,69.09608865700044,1827.0,0.0,UNKNOWN,safe_default,persistent out-of-distribution / novel; conservative safe response,0.17357041399998252,0.17363077600003862,True,True,True
2026-08-06T16:08:09.672561+00:00,mixed_pdv_loss_holdover,69.29608865700044,1827.0,0.0,UNKNOWN,safe_default,persistent out-of-distribution / novel; conservative safe response,0.1866019299999948,0.18667070000003605,True,True,True
2026-08-06T16:08:09.874766+00:00,mixed_pdv_loss_holdover,69.49608865700044,576.0,0.0,UNKNOWN,safe_default,persistent out-of-distribution / novel; conservative safe response,0.16889761000004455,0.16896587999997337,True,True,True
2026-08-06T16:08:10.620568+00:00,mixed_pdv_loss_holdover,70.29608865700045,3053.0,0.0,UNKNOWN,safe_default,persistent out-of-distribution / novel; conservative safe response,0.2303184869999768,0.23038734800002203,True,True,True
2026-08-06T16:08:10.924176+00:00,mixed_pdv_loss_holdover,70.49608865700046,3053.0,0.0,UNKNOWN,safe_default,persistent out-of-distribution / novel; conservative safe response,0.1691428149999865,0.16921327800002928,True,True,True
2026-08-06T16:08:11.180878+00:00,mixed_pdv_loss_holdover,70.69608865700046,2426.0,0.0,UNKNOWN,safe_default,persistent out-of-distribution / novel; conservative safe response,0.20773435900002823,0.20780871800002387,True,True,True
2026-08-06T16:08:11.850533+00:00,mixed_pdv_loss_holdover,71.49608865700047,29523.0,0.0,UNKNOWN,safe_default,persistent out-of-distribution / novel; conservative safe response,0.22359198099997002,0.22368915699996705,True,True,True
2026-08-06T16:08:12.125969+00:00,mixed_pdv_loss_holdover,71.69608865700047,2026.0,0.0,UNKNOWN,safe_default,persistent out-of-distribution / novel; conservative safe response,0.24446993800000882,0.24453478300000597,True,True,True
2026-08-06T16:08:12.481695+00:00,mixed_pdv_loss_holdover,72.09608865700048,3028.0,0.0,UNKNOWN,safe_default,persistent out-of-distribution / novel; conservative safe response,0.20736508300001333,0.20745594499999243,True,True,True
2026-08-06T16:08:12.699340+00:00,mixed_pdv_loss_holdover,72.29608865700048,3028.0,0.0,UNKNOWN,safe_default,persistent out-of-distribution / novel; conservative safe response,0.18689060500003052,0.18695755099997768,True,True,True
2026-08-06T16:08:13.199939+00:00,mixed_pdv_loss_holdover,72.89608865700049,1926.0,0.0,UNKNOWN,safe_default,persistent out-of-distribution / novel; conservative safe response,0.2028115850000063,0.20287832500002878,True,True,True
2026-08-06T16:08:13.536983+00:00,mixed_pdv_loss_holdover,73.0960886570005,2965.0,0.0,UNKNOWN,safe_default,persistent out-of-distribution / novel; conservative safe response,0.19448597500002052,0.19457152500001484,True,True,True
2026-08-06T16:08:13.773911+00:00,mixed_pdv_loss_holdover,73.2960886570005,2965.0,0.0,UNKNOWN,safe_default,persistent out-of-distribution / novel; conservative safe response,0.204127131000007,0.20420687899996892,True,True,True
2026-08-06T16:08:14.425172+00:00,mixed_pdv_loss_holdover,74.09608865700051,2477.0,0.0,UNKNOWN,safe_default,persistent out-of-distribution / novel; conservative safe response,0.22914926700002525,0.22924651699997867,True,True,True
2026-08-06T16:08:14.674902+00:00,mixed_pdv_loss_holdover,74.29608865700051,2477.0,0.0,UNKNOWN,safe_default,persistent out-of-distribution / novel; conservative safe response,0.16462538799999038,0.16469582499996704,True,True,True
2026-08-06T16:08:14.906456+00:00,mixed_pdv_loss_holdover,74.49608865700051,1801.0,0.0,UNKNOWN,safe_default,persistent out-of-distribution / novel; conservative safe response,0.18308616799998845,0.1831632079999963,True,True,True
2026-08-06T16:08:15.608571+00:00,mixed_pdv_loss_holdover,75.29608865700052,2101.0,0.0,UNKNOWN,safe_default,persistent out-of-distribution / novel; conservative safe response,0.20879443800004083,0.20890698900001325,True,True,True
2026-08-06T16:08:15.825392+00:00,mixed_pdv_loss_holdover,75.49608865700053,2501.0,0.0,UNKNOWN,safe_default,persistent out-of-distribution / novel; conservative safe response,0.184810103000018,0.18489534200000435,True,True,True
2026-08-06T16:08:16.135912+00:00,mixed_pdv_loss_holdover,75.69608865700053,2901.0,0.0,UNKNOWN,safe_default,persistent out-of-distribution / novel; conservative safe response,0.16546103500002118,0.1655340479999836,True,True,True
2026-08-06T16:08:16.641456+00:00,mixed_pdv_loss_holdover,76.29608865700054,28196.0,0.0,UNKNOWN,safe_default,persistent out-of-distribution / novel; conservative safe response,0.22001728600002934,0.2201209010000298,True,True,True
2026-08-06T16:08:17.206842+00:00,mixed_pdv_loss_holdover,76.89608865700055,4624.0,0.0,UNKNOWN,safe_default,persistent out-of-distribution / novel; conservative safe response,0.19944636200000332,0.19951004399996464,True,True,True
2026-08-06T16:08:17.410741+00:00,mixed_pdv_loss_holdover,77.09608865700055,1696.0,0.0,UNKNOWN,safe_default,persistent out-of-distribution / novel; conservative safe response,0.1755756050000059,0.17564720900003294,True,True,True
2026-08-06T16:08:17.641344+00:00,mixed_pdv_loss_holdover,77.29608865700055,40741.0,0.0,UNKNOWN,safe_default,persistent out-of-distribution / novel; conservative safe response,0.18152752599996802,0.18164185300003055,True,True,True
2026-08-06T16:08:17.858522+00:00,mixed_pdv_loss_holdover,77.49608865700056,40741.0,0.0,UNKNOWN,safe_default,persistent out-of-distribution / novel; conservative safe response,0.18837490800001433,0.18845573799995918,True,True,True
2026-08-06T16:08:18.130677+00:00,mixed_pdv_loss_holdover,77.89608865700056,3586.0,0.0,UNKNOWN,safe_default,persistent out-of-distribution / novel; conservative safe response,0.1539283540000156,0.15399914500000023,True,True,True
2026-08-06T16:08:18.413989+00:00,mixed_pdv_loss_holdover,78.09608865700056,3159.0,0.0,UNKNOWN,safe_default,persistent out-of-distribution / novel; conservative safe response,0.14139962400003014,0.1414940759999581,True,True,True
2026-08-06T16:08:18.629579+00:00,mixed_pdv_loss_holdover,78.29608865700057,2407.0,0.0,UNKNOWN,safe_default,persistent out-of-distribution / novel; conservative safe response,0.17174085999999988,0.17182929699998795,True,True,True
2026-08-06T16:08:19.162695+00:00,mixed_pdv_loss_holdover,78.89608865700058,2207.0,0.0,UNKNOWN,safe_default,persistent out-of-distribution / novel; conservative safe response,0.17091351900000973,0.17098028800000975,True,True,True
2026-08-06T16:08:19.501442+00:00,mixed_pdv_loss_holdover,79.09608865700058,2206.0,0.0,UNKNOWN,safe_default,persistent out-of-distribution / novel; conservative safe response,0.18135292499999878,0.18142089500003067,True,True,True
2026-08-06T16:08:20.027738+00:00,mixed_pdv_loss_holdover,79.69608865700059,28247.0,0.0,UNKNOWN,safe_default,persistent out-of-distribution / novel; conservative safe response,0.19574503699999468,0.1958132990000081,True,True,True
2026-08-06T16:08:20.228964+00:00,mixed_pdv_loss_holdover,79.89608865700059,28247.0,0.0,UNKNOWN,safe_default,persistent out-of-distribution / novel; conservative safe response,0.17088734499998282,0.17095720899999378,True,True,True
2026-08-06T16:08:20.773814+00:00,mixed_pdv_loss_holdover,80.4960886570006,1529.0,0.0,UNKNOWN,safe_default,persistent out-of-distribution / novel; conservative safe response,0.18156883299997162,0.1816542099999765,True,True,True
2026-08-06T16:08:21.076770+00:00,mixed_pdv_loss_holdover,80.6960886570006,2230.0,0.0,UNKNOWN,safe_default,persistent out-of-distribution / novel; conservative safe response,0.215495293999993,0.21556635100000676,True,True,True
2026-08-06T16:08:21.295431+00:00,mixed_pdv_loss_holdover,80.8960886570006,2324.0,0.0,UNKNOWN,safe_default,persistent out-of-distribution / novel; conservative safe response,0.18842706700002054,0.1885007289999976,True,True,True
2026-08-06T16:08:21.773573+00:00,mixed_pdv_loss_holdover,81.49608865700061,2856.0,0.0,UNKNOWN,safe_default,persistent out-of-distribution / novel; conservative safe response,0.16645557300000746,0.16651851299997134,True,True,True
2026-08-06T16:08:22.004733+00:00,mixed_pdv_loss_holdover,81.69608865700062,2856.0,0.0,UNKNOWN,safe_default,persistent out-of-distribution / novel; conservative safe response,0.1825029729999983,0.18257171499999458,True,True,True
2026-08-06T16:08:22.389229+00:00,mixed_pdv_loss_holdover,82.09608865700062,3783.0,0.0,UNKNOWN,safe_default,persistent out-of-distribution / novel; conservative safe response,0.18301073999998607,0.18308459200000016,True,True,True
2026-08-06T16:08:22.605222+00:00,mixed_pdv_loss_holdover,82.29608865700062,2807.0,0.0,UNKNOWN,safe_default,persistent out-of-distribution / novel; conservative safe response,0.18268316300003562,0.1827519050000319,True,True,True
2026-08-06T16:08:22.977604+00:00,mixed_pdv_loss_holdover,82.49608865700063,2807.0,0.0,UNKNOWN,safe_default,persistent out-of-distribution / novel; conservative safe response,0.22180761000004168,0.2218711419999977,True,True,True
2026-08-06T16:08:23.182998+00:00,mixed_pdv_loss_holdover,82.69608865700063,2607.0,0.0,UNKNOWN,safe_default,persistent out-of-distribution / novel; conservative safe response,0.17760589499999924,0.17768905700000914,True,True,True
2026-08-06T16:08:23.928621+00:00,mixed_pdv_loss_holdover,83.69608865700064,2430.0,0.0,UNKNOWN,safe_default,persistent out-of-distribution / novel; conservative safe response,0.181012504000023,0.18108604700000797,True,True,True
2026-08-06T16:08:24.230814+00:00,mixed_pdv_loss_holdover,83.89608865700065,2430.0,0.0,UNKNOWN,safe_default,persistent out-of-distribution / novel; conservative safe response,0.18631806100000858,0.18641633999999385,True,True,True
2026-08-06T16:08:24.454740+00:00,mixed_pdv_loss_holdover,84.09608865700065,2656.0,0.0,UNKNOWN,safe_default,persistent out-of-distribution / novel; conservative safe response,0.19608033200000818,0.1961645849999627,True,True,True
2026-08-06T16:08:25.117831+00:00,mixed_pdv_loss_holdover,84.89608865700066,1603.0,0.0,UNKNOWN,safe_default,persistent out-of-distribution / novel; conservative safe response,0.16697908800000505,0.16705902500001457,True,True,True
2026-08-06T16:08:25.472254+00:00,mixed_pdv_loss_holdover,85.09608865700066,1603.0,0.0,UNKNOWN,safe_default,persistent out-of-distribution / novel; conservative safe response,0.21108489200003078,0.21115450999997165,True,True,True
2026-08-06T16:08:25.684160+00:00,mixed_pdv_loss_holdover,85.29608865700067,1878.0,0.0,UNKNOWN,safe_default,persistent out-of-distribution / novel; conservative safe response,0.18474128100001508,0.1848608850000346,True,True,True
2026-08-06T16:08:26.158958+00:00,mixed_pdv_loss_holdover,85.89608865700067,4282.0,0.0,UNKNOWN,safe_default,persistent out-of-distribution / novel; conservative safe response,0.1454047189999983,0.1454966660000423,True,True,True
2026-08-06T16:08:26.404776+00:00,mixed_pdv_loss_holdover,86.09608865700068,4282.0,0.0,UNKNOWN,safe_default,persistent out-of-distribution / novel; conservative safe response,0.19329408099997636,0.19339203800001314,True,True,True
2026-08-06T16:08:26.969940+00:00,mixed_pdv_loss_holdover,86.69608865700069,3079.0,0.0,UNKNOWN,safe_default,persistent out-of-distribution / novel; conservative safe response,0.1773482009999725,0.17742652599997655,True,True,True
2026-08-06T16:08:27.246175+00:00,mixed_pdv_loss_holdover,86.89608865700069,3079.0,0.0,UNKNOWN,safe_default,persistent out-of-distribution / novel; conservative safe response,0.1699619649999704,0.17004548900001737,True,True,True
2026-08-06T16:08:27.430359+00:00,mixed_pdv_loss_holdover,87.09608865700069,2579.0,0.0,UNKNOWN,safe_default,persistent out-of-distribution / novel; conservative safe response,0.15417525300000534,0.15426378600000135,True,True,True
2026-08-06T16:08:27.979777+00:00,mixed_pdv_loss_holdover,87.6960886570007,1177.0,0.0,UNKNOWN,safe_default,persistent out-of-distribution / novel; conservative safe response,0.17549995100000615,0.1755814740000119,True,True,True
2026-08-06T16:08:28.165569+00:00,mixed_pdv_loss_holdover,87.8960886570007,2103.0,0.0,UNKNOWN,safe_default,persistent out-of-distribution / novel; conservative safe response,0.15562074900003608,0.15568934499998477,True,True,True
2026-08-06T16:08:28.697728+00:00,mixed_pdv_loss_holdover,88.49608865700071,4807.0,0.0,UNKNOWN,safe_default,persistent out-of-distribution / novel; conservative safe response,0.13922165899998618,0.13931468999999197,True,True,True
2026-08-06T16:08:29.063367+00:00,mixed_pdv_loss_holdover,88.69608865700071,4807.0,0.0,UNKNOWN,safe_default,persistent out-of-distribution / novel; conservative safe response,0.19374124199998732,0.1938304599999583,True,True,True
2026-08-06T16:08:29.285488+00:00,mixed_pdv_loss_holdover,88.89608865700072,1702.0,0.0,UNKNOWN,safe_default,persistent out-of-distribution / novel; conservative safe response,0.18952409099995293,0.1895923810000113,True,True,True
2026-08-06T16:08:29.743604+00:00,mixed_pdv_loss_holdover,89.49608865700073,2821.0,0.0,UNKNOWN,safe_default,persistent out-of-distribution / novel; conservative safe response,0.16664246600004162,0.16671896700000843,True,True,True
2026-08-06T16:08:30.084604+00:00,mixed_pdv_loss_holdover,89.69608865700073,1919.0,0.0,UNKNOWN,safe_default,persistent out-of-distribution / novel; conservative safe response,0.18870311599999923,0.18877230099997178,True,True,True
2026-08-06T16:08:30.272734+00:00,mixed_pdv_loss_holdover,89.89608865700073,802.0,0.0,UNKNOWN,safe_default,persistent out-of-distribution / novel; conservative safe response,0.15955686200004493,0.15962514599999622,True,True,True
2026-08-06T16:08:30.764347+00:00,mixed_pdv_loss_holdover,90.49608865700074,2704.0,0.0,UNKNOWN,safe_default,persistent out-of-distribution / novel; conservative safe response,0.17249232299997175,0.17255960599999298,True,True,True
2026-08-06T16:08:31.069850+00:00,mixed_pdv_loss_holdover,90.69608865700074,2304.0,0.0,UNKNOWN,safe_default,persistent out-of-distribution / novel; conservative safe response,0.15652128099998208,0.15658585699998184,True,True,True
2026-08-06T16:08:31.253986+00:00,mixed_pdv_loss_holdover,90.89608865700075,2304.0,0.0,UNKNOWN,safe_default,persistent out-of-distribution / novel; conservative safe response,0.1571165520000477,0.15719394100000272,True,True,True
2026-08-06T16:08:31.771632+00:00,mixed_pdv_loss_holdover,91.49608865700075,1728.0,0.0,UNKNOWN,safe_default,persistent out-of-distribution / novel; conservative safe response,0.1545450269999833,0.15462451899998086,True,True,True
2026-08-06T16:08:31.974495+00:00,mixed_pdv_loss_holdover,91.69608865700076,3255.0,0.0,UNKNOWN,safe_default,persistent out-of-distribution / novel; conservative safe response,0.16654554799998778,0.16660752000001366,True,True,True
2026-08-06T16:08:32.397509+00:00,mixed_pdv_loss_holdover,92.09608865700076,2253.0,0.0,UNKNOWN,safe_default,persistent out-of-distribution / novel; conservative safe response,0.1588570730000356,0.15892835100004277,True,True,True
2026-08-06T16:08:32.594929+00:00,mixed_pdv_loss_holdover,92.29608865700077,2253.0,0.0,UNKNOWN,safe_default,persistent out-of-distribution / novel; conservative safe response,0.16563138800000843,0.1656924540000091,True,True,True
2026-08-06T16:08:33.131669+00:00,mixed_pdv_loss_holdover,92.89608865700077,3003.0,0.0,UNKNOWN,safe_default,persistent out-of-distribution / novel; conservative safe response,0.16291768600001433,0.16300167100001772,True,True,True
2026-08-06T16:08:33.473730+00:00,mixed_pdv_loss_holdover,93.09608865700078,3003.0,0.0,UNKNOWN,safe_default,persistent out-of-distribution / novel; conservative safe response,0.17204269100000147,0.17212777800000367,True,True,True
2026-08-06T16:08:33.751763+00:00,mixed_pdv_loss_holdover,93.29608865700078,2077.0,0.0,UNKNOWN,safe_default,persistent out-of-distribution / novel; conservative safe response,0.24587214700000004,0.24602700399998412,True,True,True
2026-08-06T16:08:34.541088+00:00,mixed_pdv_loss_holdover,94.2960886570008,2302.0,0.0,UNKNOWN,safe_default,persistent out-of-distribution / novel; conservative safe response,0.17449887899999794,0.1745660430000271,True,True,True
2026-08-06T16:08:34.869624+00:00,mixed_pdv_loss_holdover,94.4960886570008,2503.0,0.0,UNKNOWN,safe_default,persistent out-of-distribution / novel; conservative safe response,0.16675292600001512,0.1668075780000322,True,True,True
2026-08-06T16:08:35.034109+00:00,mixed_pdv_loss_holdover,94.6960886570008,2503.0,0.0,UNKNOWN,safe_default,persistent out-of-distribution / novel; conservative safe response,0.13839078500001278,0.1384581459999481,True,True,True
2026-08-06T16:08:35.588791+00:00,mixed_pdv_loss_holdover,95.29608865700081,2177.0,0.0,UNKNOWN,safe_default,persistent out-of-distribution / novel; conservative safe response,0.15926180799999656,0.1593294680000099,True,True,True
2026-08-06T16:08:35.782241+00:00,mixed_pdv_loss_holdover,95.49608865700081,2227.0,0.0,UNKNOWN,safe_default,persistent out-of-distribution / novel; conservative safe response,0.1442548600000464,0.14432412100001102,True,True,True
2026-08-06T16:08:36.357926+00:00,mixed_pdv_loss_holdover,96.09608865700082,42188.0,0.0,UNKNOWN,safe_default,persistent out-of-distribution / novel; conservative safe response,0.18414127699998062,0.1842361559999972,True,True,True
2026-08-06T16:08:36.644750+00:00,mixed_pdv_loss_holdover,96.29608865700082,2252.0,0.0,UNKNOWN,safe_default,persistent out-of-distribution / novel; conservative safe response,0.14374523799995131,0.14380827000002228,True,True,True
2026-08-06T16:08:36.836326+00:00,mixed_pdv_loss_holdover,96.49608865700083,2428.0,0.0,UNKNOWN,safe_default,persistent out-of-distribution / novel; conservative safe response,0.1523615540000378,0.15243081200003417,True,True,True
2026-08-06T16:08:37.366095+00:00,mixed_pdv_loss_holdover,97.09608865700083,3278.0,0.0,UNKNOWN,safe_default,persistent out-of-distribution / novel; conservative safe response,0.15589736999999104,0.1559664229999953,True,True,True
2026-08-06T16:08:37.547846+00:00,mixed_pdv_loss_holdover,97.29608865700084,3278.0,0.0,UNKNOWN,safe_default,persistent out-of-distribution / novel; conservative safe response,0.14479656400004615,0.14488002900003494,True,True,True
2026-08-06T16:08:37.968608+00:00,mixed_pdv_loss_holdover,97.69608865700084,29933.0,0.0,UNKNOWN,safe_default,persistent out-of-distribution / novel; conservative safe response,0.15880748000000722,0.15889394800001355,True,True,True
2026-08-06T16:08:38.158841+00:00,mixed_pdv_loss_holdover,97.89608865700085,29933.0,0.0,UNKNOWN,safe_default,persistent out-of-distribution / novel; conservative safe response,0.16589458499998955,0.1660000630000127,True,True,True
2026-08-06T16:08:38.407685+00:00,mixed_pdv_loss_holdover,98.09608865700085,29933.0,0.0,UNKNOWN,safe_default,persistent out-of-distribution / novel; conservative safe response,0.16222275399996988,0.1622952079999891,True,True,True
2026-08-06T16:08:38.585779+00:00,mixed_pdv_loss_holdover,98.29608865700085,1510.0,0.0,UNKNOWN,safe_default,persistent out-of-distribution / novel; conservative safe response,0.15551306699995848,0.1555789160000245,True,True,True
2026-08-06T16:08:38.986789+00:00,mixed_pdv_loss_holdover,98.69608865700086,1651.0,0.0,UNKNOWN,safe_default,persistent out-of-distribution / novel; conservative safe response,0.14503614100004825,0.14510128800003486,True,True,True
2026-08-06T16:08:39.175921+00:00,mixed_pdv_loss_holdover,98.89608865700086,1751.0,0.0,UNKNOWN,safe_default,persistent out-of-distribution / novel; conservative safe response,0.16547317499998826,0.1656265799999801,True,True,True
2026-08-06T16:08:39.723163+00:00,mixed_pdv_loss_holdover,99.49608865700087,2527.0,0.0,UNKNOWN,safe_default,persistent out-of-distribution / novel; conservative safe response,0.17350136199996768,0.17359442599996555,True,True,True
2026-08-06T16:08:40.040137+00:00,mixed_pdv_loss_holdover,99.69608865700087,2076.0,0.0,UNKNOWN,safe_default,persistent out-of-distribution / novel; conservative safe response,0.16914538999998285,0.16922203899997612,True,True,True
2026-08-06T16:08:40.282225+00:00,mixed_pdv_loss_holdover,99.89608865700087,1927.0,0.0,UNKNOWN,safe_default,persistent out-of-distribution / novel; conservative safe response,0.21396874000004118,0.21407510799997453,True,True,True
2026-08-06T16:08:40.696808+00:00,mixed_pdv_loss_holdover,100.29608865700088,2427.0,0.0,UNKNOWN,safe_default,persistent out-of-distribution / novel; conservative safe response,0.16114325600000257,0.16121119999996836,True,True,True
2026-08-06T16:08:41.111832+00:00,mixed_pdv_loss_holdover,100.89608865700089,1727.0,0.0,UNKNOWN,safe_default,persistent out-of-distribution / novel; conservative safe response,0.15834216000001788,0.15841990799998484,True,True,True
2026-08-06T16:08:41.464777+00:00,mixed_pdv_loss_holdover,101.09608865700089,1501.0,0.0,UNKNOWN,safe_default,persistent out-of-distribution / novel; conservative safe response,0.20080069799996636,0.20087274100001196,True,True,True
2026-08-06T16:08:41.676323+00:00,mixed_pdv_loss_holdover,101.2960886570009,1651.0,0.0,UNKNOWN,safe_default,persistent out-of-distribution / novel; conservative safe response,0.17268903500001898,0.17277638899997783,True,True,True
2026-08-06T16:08:42.369751+00:00,mixed_pdv_loss_holdover,102.0960886570009,2477.0,0.0,UNKNOWN,safe_default,persistent out-of-distribution / novel; conservative safe response,0.1861208660000102,0.186214619999987,True,True,True
2026-08-06T16:08:42.637213+00:00,mixed_pdv_loss_holdover,102.29608865700091,2902.0,0.0,UNKNOWN,safe_default,persistent out-of-distribution / novel; conservative safe response,0.12192643600002384,0.12210153500001297,True,True,True
2026-08-06T16:08:43.216373+00:00,mixed_pdv_loss_holdover,102.89608865700092,2002.0,0.0,UNKNOWN,safe_default,persistent out-of-distribution / novel; conservative safe response,0.1976398079999626,0.19772815600003923,True,True,True
2026-08-06T16:08:43.480599+00:00,mixed_pdv_loss_holdover,103.09608865700092,2002.0,0.0,UNKNOWN,safe_default,persistent out-of-distribution / novel; conservative safe response,0.22051496199998155,0.22061291400001437,True,True,True
2026-08-06T16:08:44.107095+00:00,mixed_pdv_loss_holdover,103.69608865700093,3802.0,0.0,UNKNOWN,safe_default,persistent out-of-distribution / novel; conservative safe response,0.312243618000025,0.31233166300000903,True,True,True
2026-08-06T16:08:44.455478+00:00,mixed_pdv_loss_holdover,103.89608865700093,3802.0,0.0,UNKNOWN,safe_default,persistent out-of-distribution / novel; conservative safe response,0.3033410670000194,0.3034336119999921,True,True,True
2026-08-06T16:08:44.865312+00:00,mixed_pdv_loss_holdover,104.09608865700093,3277.0,0.0,UNKNOWN,safe_default,persistent out-of-distribution / novel; conservative safe response,0.35173583699997835,0.3518274830000223,True,True,True
2026-08-06T16:08:45.573023+00:00,mixed_pdv_loss_holdover,105.09608865700095,2825.0,0.0,UNKNOWN,safe_default,persistent out-of-distribution / novel; conservative safe response,0.3397815999999807,0.33988294699997823,True,True,True
2026-08-06T16:08:45.937087+00:00,mixed_pdv_loss_holdover,105.29608865700095,2561.0,0.0,UNKNOWN,safe_default,persistent out-of-distribution / novel; conservative safe response,0.3166724120000026,0.3167644549999977,True,True,True
2026-08-06T16:08:46.458385+00:00,mixed_pdv_loss_holdover,105.89608865700096,3131.0,0.0,UNKNOWN,safe_default,persistent out-of-distribution / novel; conservative safe response,0.3466935079999871,0.3468301679999968,True,True,True
2026-08-06T16:08:47.161305+00:00,mixed_pdv_loss_holdover,106.69608865700097,2625.0,0.0,UNKNOWN,safe_default,persistent out-of-distribution / novel; conservative safe response,0.329773968999973,0.3298740099999691,True,True,True
2026-08-06T16:08:47.551058+00:00,mixed_pdv_loss_holdover,106.89608865700097,3527.0,0.0,UNKNOWN,safe_default,persistent out-of-distribution / novel; conservative safe response,0.3357927170000039,0.3358834539999975,True,True,True
2026-08-06T16:08:48.012233+00:00,mixed_pdv_loss_holdover,107.09608865700098,3527.0,0.0,UNKNOWN,safe_default,persistent out-of-distribution / novel; conservative safe response,0.39245446299997866,0.39254529900000534,True,True,True
2026-08-06T16:08:48.421402+00:00,mixed_pdv_loss_holdover,107.29608865700098,2751.0,0.0,UNKNOWN,safe_default,persistent out-of-distribution / novel; conservative safe response,0.342554449999966,0.34296130799998537,True,True,True
2026-08-06T16:08:48.786819+00:00,mixed_pdv_loss_holdover,108.296088657001,3752.0,0.0,UNKNOWN,safe_default,persistent out-of-distribution / novel; conservative safe response,0.27220120799995584,0.27230364899997994,True,True,True
2026-08-06T16:08:49.069719+00:00,mixed_pdv_loss_holdover,108.496088657001,3752.0,0.0,UNKNOWN,safe_default,persistent out-of-distribution / novel; conservative safe response,0.2380678359999706,0.23816297100000838,True,True,True
2026-08-06T16:08:49.595286+00:00,mixed_pdv_loss_holdover,109.096088657001,4752.0,0.0,UNKNOWN,safe_default,persistent out-of-distribution / novel; conservative safe response,0.33672947000002296,0.3368313080000007,True,True,True
2026-08-06T16:08:50.032059+00:00,mixed_pdv_loss_holdover,109.29608865700101,4752.0,0.0,UNKNOWN,safe_default,persistent out-of-distribution / novel; conservative safe response,0.38102346300001955,0.3811173959999792,True,True,True
2026-08-06T16:08:50.394258+00:00,mixed_pdv_loss_holdover,109.49608865700101,3526.0,0.0,UNKNOWN,safe_default,persistent out-of-distribution / novel; conservative safe response,0.31416529000000537,0.3142387159999771,True,True,True
2026-08-06T16:08:50.672357+00:00,mixed_pdv_loss_holdover,109.69608865700101,3526.0,0.0,UNKNOWN,safe_default,persistent out-of-distribution / novel; conservative safe response,0.2483609010000123,0.2484525319999875,True,True,True
2026-08-06T16:08:50.957776+00:00,mixed_pdv_loss_holdover,110.49608865700102,2801.0,0.0,UNKNOWN,safe_default,persistent out-of-distribution / novel; conservative safe response,0.24540011100003767,0.24548083799999176,True,True,True
2026-08-06T16:08:51.261799+00:00,mixed_pdv_loss_holdover,110.69608865700103,2276.0,0.0,UNKNOWN,safe_default,persistent out-of-distribution / novel; conservative safe response,0.2690550829999552,0.26913841000003913,True,True,True
2026-08-06T16:08:52.106310+00:00,mixed_pdv_loss_holdover,111.69608865700104,3126.0,0.0,UNKNOWN,safe_default,persistent out-of-distribution / novel; conservative safe response,0.3049266849999981,0.30503441700000167,True,True,True
2026-08-06T16:08:52.457559+00:00,mixed_pdv_loss_holdover,111.89608865700104,3126.0,0.0,UNKNOWN,safe_default,persistent out-of-distribution / novel; conservative safe response,0.30860696600001347,0.3086961920000135,True,True,True
2026-08-06T16:08:52.809807+00:00,mixed_pdv_loss_holdover,112.09608865700105,3002.0,0.0,UNKNOWN,safe_default,persistent out-of-distribution / novel; conservative safe response,0.30552699300000086,0.3056254230000377,True,True,True
2026-08-06T16:08:53.454648+00:00,mixed_pdv_loss_holdover,113.09608865700106,5111.0,0.0,UNKNOWN,safe_default,persistent out-of-distribution / novel; conservative safe response,0.24829304699994736,0.248363267000002,True,True,True
2026-08-06T16:08:53.778550+00:00,mixed_pdv_loss_holdover,113.29608865700106,5111.0,0.0,UNKNOWN,safe_default,persistent out-of-distribution / novel; conservative safe response,0.18705817299996852,0.1871447970000304,True,True,True
2026-08-06T16:08:54.601933+00:00,mixed_pdv_loss_holdover,114.29608865700108,2702.0,0.0,UNKNOWN,safe_default,persistent out-of-distribution / novel; conservative safe response,0.21097235000002001,0.21107377699996732,True,True,True
2026-08-06T16:08:54.974222+00:00,mixed_pdv_loss_holdover,114.49608865700108,2702.0,0.0,UNKNOWN,safe_default,persistent out-of-distribution / novel; conservative safe response,0.2427974240000026,0.24285273899999993,True,True,True
2026-08-06T16:08:55.280833+00:00,mixed_pdv_loss_holdover,114.69608865700108,1551.0,0.0,UNKNOWN,safe_default,persistent out-of-distribution / novel; conservative safe response,0.25992637799998874,0.26016433600000255,True,True,True
2026-08-06T16:08:55.972730+00:00,mixed_pdv_loss_holdover,115.4960886570011,3201.0,0.0,UNKNOWN,safe_default,persistent out-of-distribution / novel; conservative safe response,0.3047434410000278,0.3048580680000441,True,True,True
2026-08-06T16:08:56.332307+00:00,mixed_pdv_loss_holdover,115.6960886570011,4376.0,0.0,UNKNOWN,safe_default,persistent out-of-distribution / novel; conservative safe response,0.3173369039999443,0.31747803600001134,True,True,True
2026-08-06T16:08:56.669733+00:00,mixed_pdv_loss_holdover,115.8960886570011,4376.0,0.0,UNKNOWN,safe_default,persistent out-of-distribution / novel; conservative safe response,0.29306144600002426,0.29330700299999535,True,True,True
2026-08-06T16:08:56.972314+00:00,mixed_pdv_loss_holdover,116.0960886570011,37085.0,0.0,UNKNOWN,safe_default,persistent out-of-distribution / novel; conservative safe response,0.2675980569999865,0.2677517930000022,True,True,True
2026-08-06T16:08:57.315948+00:00,mixed_pdv_loss_holdover,116.89608865700112,2151.0,0.0,UNKNOWN,safe_default,persistent out-of-distribution / novel; conservative safe response,0.24924880000003213,0.24944064199996774,True,True,True
2026-08-06T16:08:57.631033+00:00,mixed_pdv_loss_holdover,117.09608865700112,3652.0,0.0,UNKNOWN,safe_default,persistent out-of-distribution / novel; conservative safe response,0.2720087870000043,0.27210710800000015,True,True,True
2026-08-06T16:08:57.950991+00:00,mixed_pdv_loss_holdover,117.29608865700112,3652.0,0.0,UNKNOWN,safe_default,persistent out-of-distribution / novel; conservative safe response,0.2776214119999736,0.27769642800001293,True,True,True
2026-08-06T16:08:58.292285+00:00,mixed_pdv_loss_holdover,117.49608865700112,3752.0,0.0,UNKNOWN,safe_default,persistent out-of-distribution / novel; conservative safe response,0.3018340090000038,0.3019319279999877,True,True,True
2026-08-06T16:08:58.619005+00:00,mixed_pdv_loss_holdover,118.09608865700113,5752.0,0.0,UNKNOWN,safe_default,persistent out-of-distribution / novel; conservative safe response,0.28475910200000953,0.28483171699997456,True,True,True
2026-08-06T16:08:58.961155+00:00,mixed_pdv_loss_holdover,118.29608865700114,26931.0,0.0,UNKNOWN,safe_default,persistent out-of-distribution / novel; conservative safe response,0.297270224999977,0.2975760869999817,True,True,True
2026-08-06T16:08:59.351171+00:00,mixed_pdv_loss_holdover,118.89608865700114,2451.0,0.0,UNKNOWN,safe_default,persistent out-of-distribution / novel; conservative safe response,0.22485442299995384,0.22494054000003416,True,True,True
2026-08-06T16:08:59.591389+00:00,mixed_pdv_loss_holdover,119.09608865700115,2451.0,0.0,UNKNOWN,safe_default,persistent out-of-distribution / novel; conservative safe response,0.21244439800000237,0.21251040999999304,True,True,True
2026-08-06T16:09:00.475507+00:00,mixed_pdv_loss_holdover,120.09608865700116,4827.0,0.0,UNKNOWN,safe_default,persistent out-of-distribution / novel; conservative safe response,0.2434175519999826,0.24367099599999165,True,True,True
2026-08-06T16:09:00.844603+00:00,mixed_pdv_loss_holdover,120.29608865700116,4827.0,0.0,UNKNOWN,safe_default,persistent out-of-distribution / novel; conservative safe response,0.31895900600000004,0.3190640230000099,True,True,True
2026-08-06T16:09:01.262149+00:00,mixed_pdv_loss_holdover,120.69608865700117,3226.0,0.0,UNKNOWN,safe_default,persistent out-of-distribution / novel; conservative safe response,0.296648059000006,0.29684969300001285,True,True,True
2026-08-06T16:09:01.609090+00:00,mixed_pdv_loss_holdover,120.89608865700117,3226.0,0.0,UNKNOWN,safe_default,persistent out-of-distribution / novel; conservative safe response,0.3044588669999939,0.3045341790000293,True,True,True
2026-08-06T16:09:02.242882+00:00,mixed_pdv_loss_holdover,121.89608865700119,2714.0,0.0,UNKNOWN,safe_default,persistent out-of-distribution / novel; conservative safe response,0.22961463299998286,0.22968274400000155,True,True,True
2026-08-06T16:09:02.522555+00:00,mixed_pdv_loss_holdover,122.09608865700119,1926.0,0.0,UNKNOWN,safe_default,persistent out-of-distribution / novel; conservative safe response,0.23331429199998865,0.23340680600000496,True,True,True
2026-08-06T16:09:03.229689+00:00,mixed_pdv_loss_holdover,122.8960886570012,1426.0,0.0,UNKNOWN,safe_default,persistent out-of-distribution / novel; conservative safe response,0.22878332699997372,0.228879040000038,True,True,True
2026-08-06T16:09:03.611059+00:00,mixed_pdv_loss_holdover,123.0960886570012,2501.0,0.0,UNKNOWN,safe_default,persistent out-of-distribution / novel; conservative safe response,0.24335805999999138,0.2434649759999843,True,True,True
2026-08-06T16:09:04.051540+00:00,mixed_pdv_loss_holdover,123.69608865700121,3601.0,0.0,UNKNOWN,safe_default,persistent out-of-distribution / novel; conservative safe response,0.23596584999995684,0.23605916200000365,True,True,True
2026-08-06T16:09:04.452668+00:00,mixed_pdv_loss_holdover,124.09608865700122,2651.0,0.0,UNKNOWN,safe_default,persistent out-of-distribution / novel; conservative safe response,0.2194862560000388,0.21958496999997124,True,True,True
2026-08-06T16:09:04.795956+00:00,mixed_pdv_loss_holdover,124.29608865700122,4477.0,0.0,UNKNOWN,safe_default,persistent out-of-distribution / novel; conservative safe response,0.28882458999999017,0.2889350039999954,True,True,True
2026-08-06T16:09:05.189314+00:00,mixed_pdv_loss_holdover,124.49608865700122,4477.0,0.0,UNKNOWN,safe_default,persistent out-of-distribution / novel; conservative safe response,0.3160503479999761,0.31619786700002805,True,True,True
2026-08-06T16:09:05.496419+00:00,mixed_pdv_loss_holdover,124.69608865700123,1825.0,0.0,UNKNOWN,safe_default,persistent out-of-distribution / novel; conservative safe response,0.26112781000000496,0.2612584269999729,True,True,True
2026-08-06T16:09:05.926597+00:00,mixed_pdv_loss_holdover,125.49608865700124,3726.0,0.0,UNKNOWN,safe_default,persistent out-of-distribution / novel; conservative safe response,0.2540260150000222,0.2541424289999554,True,True,True
2026-08-06T16:09:06.313068+00:00,mixed_pdv_loss_holdover,125.69608865700124,2851.0,0.0,UNKNOWN,safe_default,persistent out-of-distribution / novel; conservative safe response,0.3484238550000214,0.34851796600003127,True,True,True
2026-08-06T16:09:06.776624+00:00,mixed_pdv_loss_holdover,126.29608865700125,4601.0,0.0,UNKNOWN,safe_default,persistent out-of-distribution / novel; conservative safe response,0.28717948399997795,0.28728589700000384,True,True,True
2026-08-06T16:09:07.094413+00:00,mixed_pdv_loss_holdover,126.49608865700125,4601.0,0.0,UNKNOWN,safe_default,persistent out-of-distribution / novel; conservative safe response,0.264249092,0.2643307019999952,True,True,True
2026-08-06T16:09:07.551163+00:00,mixed_pdv_loss_holdover,127.09608865700126,35005.0,0.0,UNKNOWN,safe_default,persistent out-of-distribution / novel; conservative safe response,0.3015005139999971,0.30159412500000826,True,True,True
2026-08-06T16:09:07.896852+00:00,mixed_pdv_loss_holdover,127.29608865700126,2426.0,0.0,UNKNOWN,safe_default,persistent out-of-distribution / novel; conservative safe response,0.3024578829999882,0.3025423930000102,True,True,True
2026-08-06T16:09:08.233767+00:00,mixed_pdv_loss_holdover,127.69608865700127,4501.0,0.0,UNKNOWN,safe_default,persistent out-of-distribution / novel; conservative safe response,0.294643252999947,0.2947428639999998,True,True,True
2026-08-06T16:09:08.545781+00:00,mixed_pdv_loss_holdover,127.89608865700127,4501.0,0.0,UNKNOWN,safe_default,persistent out-of-distribution / novel; conservative safe response,0.251866654999958,0.2519610660000353,True,True,True
2026-08-06T16:09:09.124971+00:00,mixed_pdv_loss_holdover,128.69608865700124,29003.0,0.0,UNKNOWN,safe_default,persistent out-of-distribution / novel; conservative safe response,0.28137847900001134,0.281473286999983,True,True,True
2026-08-06T16:09:09.543523+00:00,mixed_pdv_loss_holdover,128.89608865700123,29003.0,0.0,UNKNOWN,safe_default,persistent out-of-distribution / novel; conservative safe response,0.34881721499999685,0.3489154250000297,True,True,True
2026-08-06T16:09:09.878342+00:00,mixed_pdv_loss_holdover,129.09608865700122,1967.0,0.0,UNKNOWN,safe_default,persistent out-of-distribution / novel; conservative safe response,0.2890437490000295,0.28912185599995155,True,True,True
2026-08-06T16:09:10.193117+00:00,mixed_pdv_loss_holdover,129.2960886570012,2533.0,0.0,UNKNOWN,safe_default,persistent out-of-distribution / novel; conservative safe response,0.2828793799999971,0.2829582879999748,True,True,True
2026-08-06T16:09:10.917085+00:00,mixed_pdv_loss_holdover,130.49608865700114,3326.0,0.0,UNKNOWN,safe_default,persistent out-of-distribution / novel; conservative safe response,0.29887079200000244,0.29898270199998933,True,True,True
2026-08-06T16:09:11.254462+00:00,mixed_pdv_loss_holdover,130.69608865700113,3326.0,0.0,UNKNOWN,safe_default,persistent out-of-distribution / novel; conservative safe response,0.2970536990000028,0.29717220999998517,True,True,True
2026-08-06T16:09:11.566834+00:00,mixed_pdv_loss_holdover,130.89608865700112,3101.0,0.0,UNKNOWN,safe_default,persistent out-of-distribution / novel; conservative safe response,0.26670425399998976,0.2668082630000299,True,True,True
2026-08-06T16:09:11.939043+00:00,mixed_pdv_loss_holdover,131.0960886570011,3901.0,0.0,UNKNOWN,safe_default,persistent out-of-distribution / novel; conservative safe response,0.29874657700003127,0.2988302850000082,True,True,True
2026-08-06T16:09:12.523722+00:00,mixed_pdv_loss_holdover,132.09608865700105,4151.0,0.0,UNKNOWN,safe_default,persistent out-of-distribution / novel; conservative safe response,0.29130562199998167,0.2914061299999844,True,True,True
2026-08-06T16:09:12.837858+00:00,mixed_pdv_loss_holdover,132.29608865700104,4151.0,0.0,UNKNOWN,safe_default,persistent out-of-distribution / novel; conservative safe response,0.26145848400000204,0.26154439000004004,True,True,True
2026-08-06T16:09:13.148771+00:00,mixed_pdv_loss_holdover,132.49608865700102,4376.0,0.0,UNKNOWN,safe_default,persistent out-of-distribution / novel; conservative safe response,0.2677776620000145,0.2679345750000266,True,True,True
2026-08-06T16:09:13.550328+00:00,mixed_pdv_loss_holdover,132.696088657001,4376.0,0.0,UNKNOWN,safe_default,persistent out-of-distribution / novel; conservative safe response,0.34345072500002516,0.34354493299997557,True,True,True
2026-08-06T16:09:14.056785+00:00,mixed_pdv_loss_holdover,133.29608865700098,2100.0,0.0,UNKNOWN,safe_default,persistent out-of-distribution / novel; conservative safe response,0.4283632149999903,0.4285014260000253,True,True,True
2026-08-06T16:09:14.433833+00:00,mixed_pdv_loss_holdover,133.49608865700097,2526.0,0.0,UNKNOWN,safe_default,persistent out-of-distribution / novel; conservative safe response,0.3075026739999771,0.30758187999998654,True,True,True
2026-08-06T16:09:14.823865+00:00,mixed_pdv_loss_holdover,133.89608865700094,1875.0,0.0,UNKNOWN,safe_default,persistent out-of-distribution / novel; conservative safe response,0.3223443830000292,0.3224431890000119,True,True,True
2026-08-06T16:09:15.240631+00:00,mixed_pdv_loss_holdover,134.09608865700093,2375.0,0.0,UNKNOWN,safe_default,persistent out-of-distribution / novel; conservative safe response,0.36538311399999657,0.36548602099998106,True,True,True
2026-08-06T16:09:15.647544+00:00,mixed_pdv_loss_holdover,134.6960886570009,3376.0,0.0,UNKNOWN,safe_default,persistent out-of-distribution / novel; conservative safe response,0.31677541299995937,0.31685311900002944,True,True,True
2026-08-06T16:09:15.957915+00:00,mixed_pdv_loss_holdover,135.09608865700088,1600.0,0.0,UNKNOWN,safe_default,persistent out-of-distribution / novel; conservative safe response,0.2589142969999898,0.2590249050000466,True,True,True
2026-08-06T16:09:16.274346+00:00,mixed_pdv_loss_holdover,135.29608865700087,1600.0,0.0,UNKNOWN,safe_default,persistent out-of-distribution / novel; conservative safe response,0.25873266700000386,0.25883047299998907,True,True,True
2026-08-06T16:09:16.900332+00:00,mixed_pdv_loss_holdover,136.4960886570008,3101.0,0.0,UNKNOWN,safe_default,persistent out-of-distribution / novel; conservative safe response,0.2663860780000391,0.2665037849999976,True,True,True
2026-08-06T16:09:17.184480+00:00,mixed_pdv_loss_holdover,136.6960886570008,3101.0,0.0,UNKNOWN,safe_default,persistent out-of-distribution / novel; conservative safe response,0.2187910590000115,0.21886386300002414,True,True,True
2026-08-06T16:09:17.417847+00:00,mixed_pdv_loss_holdover,136.89608865700077,39903.0,0.0,UNKNOWN,safe_default,persistent out-of-distribution / novel; conservative safe response,0.1986573309999926,0.19872603499999286,True,True,True
2026-08-06T16:09:17.716303+00:00,mixed_pdv_loss_holdover,137.09608865700076,39903.0,0.0,UNKNOWN,safe_default,persistent out-of-distribution / novel; conservative safe response,0.2716497540000091,0.27178086200001417,True,True,True
2026-08-06T16:09:18.790344+00:00,mixed_pdv_loss_holdover,138.2960886570007,2626.0,0.0,UNKNOWN,safe_default,persistent out-of-distribution / novel; conservative safe response,0.35574326099998643,0.3562140870000121,True,True,True
2026-08-06T16:09:19.116304+00:00,mixed_pdv_loss_holdover,138.49608865700068,2201.0,0.0,UNKNOWN,safe_default,persistent out-of-distribution / novel; conservative safe response,0.27301561499996296,0.27312102100000857,True,True,True
2026-08-06T16:09:19.418433+00:00,mixed_pdv_loss_holdover,138.69608865700067,2201.0,0.0,UNKNOWN,safe_default,persistent out-of-distribution / novel; conservative safe response,0.25906204099999286,0.25921394899995676,True,True,True
2026-08-06T16:09:19.692616+00:00,mixed_pdv_loss_holdover,138.89608865700066,2100.0,0.0,UNKNOWN,safe_default,persistent out-of-distribution / novel; conservative safe response,0.23248416199999156,0.23258636700001034,True,True,True
2026-08-06T16:09:20.015896+00:00,mixed_pdv_loss_holdover,139.69608865700062,951.0,0.0,UNKNOWN,safe_default,persistent out-of-distribution / novel; conservative safe response,0.15915745299997752,0.15923095700003387,True,True,True
2026-08-06T16:09:20.234677+00:00,mixed_pdv_loss_holdover,139.8960886570006,1426.0,0.0,UNKNOWN,safe_default,persistent out-of-distribution / novel; conservative safe response,0.16728614200002312,0.16735994600003323,True,True,True
2026-08-06T16:09:20.985857+00:00,mixed_pdv_loss_holdover,140.69608865700056,3051.0,0.0,UNKNOWN,safe_default,persistent out-of-distribution / novel; conservative safe response,0.22281878300003655,0.22290778699999692,True,True,True
2026-08-06T16:09:21.337754+00:00,mixed_pdv_loss_holdover,140.89608865700055,3051.0,0.0,UNKNOWN,safe_default,persistent out-of-distribution / novel; conservative safe response,0.21417478299997583,0.21426950799997257,True,True,True
2026-08-06T16:09:21.646729+00:00,mixed_pdv_loss_holdover,141.09608865700054,1750.0,0.0,UNKNOWN,safe_default,persistent out-of-distribution / novel; conservative safe response,0.24623463299997184,0.2463394600000015,True,True,True
2026-08-06T16:09:22.225470+00:00,mixed_pdv_loss_holdover,141.8960886570005,2175.0,0.0,UNKNOWN,safe_default,persistent out-of-distribution / novel; conservative safe response,0.2300767020000194,0.23014891999997644,True,True,True
2026-08-06T16:09:22.526014+00:00,mixed_pdv_loss_holdover,142.09608865700048,31284.0,0.0,UNKNOWN,safe_default,persistent out-of-distribution / novel; conservative safe response,0.2173783179999873,0.217515652999964,True,True,True
2026-08-06T16:09:22.833644+00:00,mixed_pdv_loss_holdover,142.29608865700047,31284.0,0.0,UNKNOWN,safe_default,persistent out-of-distribution / novel; conservative safe response,0.2716096600000242,0.2717516960000239,True,True,True
2026-08-06T16:09:23.459367+00:00,mixed_pdv_loss_holdover,143.09608865700042,2602.0,0.0,UNKNOWN,safe_default,persistent out-of-distribution / novel; conservative safe response,0.2378108510000061,0.2379027740000197,True,True,True
2026-08-06T16:09:23.781581+00:00,mixed_pdv_loss_holdover,143.2960886570004,2602.0,0.0,UNKNOWN,safe_default,persistent out-of-distribution / novel; conservative safe response,0.28700928100005285,0.2870906009999885,True,True,True
2026-08-06T16:09:24.396515+00:00,mixed_pdv_loss_holdover,143.89608865700038,2100.0,0.0,UNKNOWN,safe_default,persistent out-of-distribution / novel; conservative safe response,0.34482275999999956,0.34491898300001367,True,True,True
2026-08-06T16:09:24.771291+00:00,mixed_pdv_loss_holdover,144.09608865700037,2100.0,0.0,UNKNOWN,safe_default,persistent out-of-distribution / novel; conservative safe response,0.3196592989999658,0.3197554220000143,True,True,True
2026-08-06T16:09:25.267636+00:00,mixed_pdv_loss_holdover,144.69608865700033,2776.0,0.0,UNKNOWN,safe_default,persistent out-of-distribution / novel; conservative safe response,0.3329567129999873,0.333054336000032,True,True,True
2026-08-06T16:09:25.601493+00:00,mixed_pdv_loss_holdover,144.89608865700032,2402.0,0.0,UNKNOWN,safe_default,persistent out-of-distribution / novel; conservative safe response,0.2944769129999827,0.29457263399996236,True,True,True
2026-08-06T16:09:26.085520+00:00,mixed_pdv_loss_holdover,145.69608865700027,29507.0,0.0,UNKNOWN,safe_default,persistent out-of-distribution / novel; conservative safe response,0.2116493859999764,0.2117191009999715,True,True,True
2026-08-06T16:09:26.358828+00:00,mixed_pdv_loss_holdover,145.89608865700026,29507.0,0.0,UNKNOWN,safe_default,persistent out-of-distribution / novel; conservative safe response,0.2411178750000431,0.24122189900003832,True,True,True
2026-08-06T16:09:27.088531+00:00,mixed_pdv_loss_holdover,146.69608865700022,2500.0,0.0,UNKNOWN,safe_default,persistent out-of-distribution / novel; conservative safe response,0.29467403699999295,0.29477695899998935,True,True,True
2026-08-06T16:09:27.458231+00:00,mixed_pdv_loss_holdover,146.8960886570002,2500.0,0.0,UNKNOWN,safe_default,persistent out-of-distribution / novel; conservative safe response,0.3092485099999749,0.3093590339999537,True,True,True
2026-08-06T16:09:27.814331+00:00,mixed_pdv_loss_holdover,147.0960886570002,2351.0,0.0,UNKNOWN,safe_default,persistent out-of-distribution / novel; conservative safe response,0.3033051190000151,0.3033998399999973,True,True,True
2026-08-06T16:09:28.292968+00:00,mixed_pdv_loss_holdover,147.89608865700015,3202.0,0.0,UNKNOWN,safe_default,persistent out-of-distribution / novel; conservative safe response,0.2708799440000007,0.27121881499999745,True,True,True
2026-08-06T16:09:28.613768+00:00,mixed_pdv_loss_holdover,148.09608865700014,3202.0,0.0,UNKNOWN,safe_default,persistent out-of-distribution / novel; conservative safe response,0.2633586890000288,0.26343030399999634,True,True,True
2026-08-06T16:09:28.983371+00:00,mixed_pdv_loss_holdover,148.49608865700012,5377.0,0.0,UNKNOWN,safe_default,persistent out-of-distribution / novel; conservative safe response,0.2904558749999637,0.29055339600000707,True,True,True
2026-08-06T16:09:29.314843+00:00,mixed_pdv_loss_holdover,148.6960886570001,5377.0,0.0,UNKNOWN,safe_default,persistent out-of-distribution / novel; conservative safe response,0.2822796889999495,0.2823755079999728,True,True,True
2026-08-06T16:09:29.655735+00:00,mixed_pdv_loss_holdover,149.09608865700008,5851.0,0.0,UNKNOWN,safe_default,persistent out-of-distribution / novel; conservative safe response,0.2934541320000221,0.29354885199995806,True,True,True
2026-08-06T16:09:30.028019+00:00,mixed_pdv_loss_holdover,149.29608865700007,2426.0,0.0,UNKNOWN,safe_default,persistent out-of-distribution / novel; conservative safe response,0.3147055309999587,0.3147988489999989,True,True,True
2026-08-06T16:09:30.798240+00:00,mixed_pdv_loss_holdover,150.296088657,3962.0,0.0,UNKNOWN,safe_default,persistent out-of-distribution / novel; conservative safe response,0.33761556299998574,0.3377276859999938,True,True,True
2026-08-06T16:09:31.148671+00:00,mixed_pdv_loss_holdover,150.496088657,3962.0,0.0,UNKNOWN,safe_default,persistent out-of-distribution / novel; conservative safe response,0.2643197229999714,0.26442014100001643,True,True,True
2026-08-06T16:09:31.499332+00:00,mixed_pdv_loss_holdover,150.89608865699998,3276.0,0.0,UNKNOWN,safe_default,persistent out-of-distribution / novel; conservative safe response,0.31528401400004213,0.315388132999999,True,True,True
2026-08-06T16:09:31.868177+00:00,mixed_pdv_loss_holdover,151.09608865699997,3276.0,0.0,UNKNOWN,safe_default,persistent out-of-distribution / novel; conservative safe response,0.3169142930000248,0.3170211130000098,True,True,True
2026-08-06T16:09:32.374734+00:00,mixed_pdv_loss_holdover,151.89608865699992,1902.0,0.0,UNKNOWN,safe_default,persistent out-of-distribution / novel; conservative safe response,0.29470144799995523,0.2948053670000377,True,True,True
2026-08-06T16:09:32.712050+00:00,mixed_pdv_loss_holdover,152.0960886569999,2401.0,0.0,UNKNOWN,safe_default,persistent out-of-distribution / novel; conservative safe response,0.29488320300004034,0.29498480300003393,True,True,True
2026-08-06T16:09:33.063107+00:00,mixed_pdv_loss_holdover,152.4960886569999,4051.0,0.0,UNKNOWN,safe_default,persistent out-of-distribution / novel; conservative safe response,0.3104550180000274,0.3105510340000137,True,True,True
2026-08-06T16:09:33.478253+00:00,mixed_pdv_loss_holdover,152.69608865699988,3550.0,0.0,UNKNOWN,safe_default,persistent out-of-distribution / novel; conservative safe response,0.354212117999964,0.35431683699999894,True,True,True
2026-08-06T16:09:33.877609+00:00,mixed_pdv_loss_holdover,153.49608865699983,6252.0,0.0,UNKNOWN,safe_default,persistent out-of-distribution / novel; conservative safe response,0.23716298800002278,0.23724100300000828,True,True,True
2026-08-06T16:09:34.145094+00:00,mixed_pdv_loss_holdover,153.69608865699982,2363.0,0.0,UNKNOWN,safe_default,persistent out-of-distribution / novel; conservative safe response,0.21089091900000767,0.2109870360000059,True,True,True
2026-08-06T16:09:34.566782+00:00,mixed_pdv_loss_holdover,154.0960886569998,1601.0,0.0,UNKNOWN,safe_default,persistent out-of-distribution / novel; conservative safe response,0.2630832809999788,0.2631771970000045,True,True,True
2026-08-06T16:09:34.990513+00:00,mixed_pdv_loss_holdover,154.29608865699979,1601.0,0.0,UNKNOWN,safe_default,persistent out-of-distribution / novel; conservative safe response,0.34330368700000236,0.3434012039999743,True,True,True
2026-08-06T16:09:35.470576+00:00,mixed_pdv_loss_holdover,154.89608865699975,30730.0,0.0,UNKNOWN,safe_default,persistent out-of-distribution / novel; conservative safe response,0.3490623799999639,0.349165696,True,True,True
2026-08-06T16:09:35.880105+00:00,mixed_pdv_loss_holdover,155.09608865699974,30730.0,0.0,UNKNOWN,safe_default,persistent out-of-distribution / novel; conservative safe response,0.3279847119999886,0.3280763279999519,True,True,True
2026-08-06T16:09:36.222904+00:00,mixed_pdv_loss_holdover,155.6960886569997,3976.0,0.0,UNKNOWN,safe_default,persistent out-of-distribution / novel; conservative safe response,0.28133285699999533,0.28142037100002426,True,True,True
2026-08-06T16:09:36.535929+00:00,mixed_pdv_loss_holdover,155.8960886569997,2601.0,0.0,UNKNOWN,safe_default,persistent out-of-distribution / novel; conservative safe response,0.27299980100002585,0.27308201499999996,True,True,True
2026-08-06T16:09:36.811637+00:00,mixed_pdv_loss_holdover,156.29608865699967,2726.0,0.0,UNKNOWN,safe_default,persistent out-of-distribution / novel; conservative safe response,0.23540146300001652,0.2354841770000462,True,True,True
2026-08-06T16:09:37.035312+00:00,mixed_pdv_loss_holdover,156.49608865699966,2726.0,0.0,UNKNOWN,safe_default,persistent out-of-distribution / novel; conservative safe response,0.1914693150000062,0.19154972699999462,True,True,True
2026-08-06T16:09:37.416429+00:00,mixed_pdv_loss_holdover,157.09608865699963,3651.0,0.0,UNKNOWN,safe_default,persistent out-of-distribution / novel; conservative safe response,0.17345425399997794,0.17354026700002123,True,True,True
2026-08-06T16:09:37.702893+00:00,mixed_pdv_loss_holdover,157.29608865699961,3651.0,0.0,UNKNOWN,safe_default,persistent out-of-distribution / novel; conservative safe response,0.25196364499998936,0.25205316000000266,True,True,True
2026-08-06T16:09:38.193766+00:00,mixed_pdv_loss_holdover,157.6960886569996,3001.0,0.0,UNKNOWN,safe_default,persistent out-of-distribution / novel; conservative safe response,0.33126849800004265,0.3313565099999778,True,True,True
2026-08-06T16:09:38.643192+00:00,mixed_pdv_loss_holdover,157.89608865699958,3001.0,0.0,UNKNOWN,safe_default,persistent out-of-distribution / novel; conservative safe response,0.36268953999996256,0.36279375599997365,True,True,True
2026-08-06T16:09:39.088006+00:00,mixed_pdv_loss_holdover,158.09608865699957,3026.0,0.0,UNKNOWN,safe_default,persistent out-of-distribution / novel; conservative safe response,0.3515322060000017,0.3516372219999653,True,True,True
2026-08-06T16:09:39.519321+00:00,mixed_pdv_loss_holdover,158.29608865699956,38432.0,0.0,UNKNOWN,safe_default,persistent out-of-distribution / novel; conservative safe response,0.38247706200002085,0.3825850780000337,True,True,True
2026-08-06T16:09:39.937921+00:00,mixed_pdv_loss_holdover,158.69608865699954,2251.0,0.0,UNKNOWN,safe_default,persistent out-of-distribution / novel; conservative safe response,0.35996128200002886,0.36003729300000487,True,True,True
2026-08-06T16:09:40.313117+00:00,mixed_pdv_loss_holdover,158.89608865699952,2251.0,0.0,UNKNOWN,safe_default,persistent out-of-distribution / novel; conservative safe response,0.30483427399997254,0.3049289869999825,True,True,True
2026-08-06T16:09:40.571066+00:00,mixed_pdv_loss_holdover,159.4960886569995,1976.0,0.0,UNKNOWN,safe_default,persistent out-of-distribution / novel; conservative safe response,0.22108663300002718,0.22117874599996412,True,True,True
2026-08-06T16:09:40.804990+00:00,mixed_pdv_loss_holdover,159.69608865699948,2676.0,0.0,UNKNOWN,safe_default,persistent out-of-distribution / novel; conservative safe response,0.2022381020000239,0.20232711500000278,True,True,True
2026-08-06T16:09:41.043224+00:00,mixed_pdv_loss_holdover,160.29608865699944,4051.0,0.0,UNKNOWN,safe_default,persistent out-of-distribution / novel; conservative safe response,0.21104087500003743,0.21113988900003733,True,True,True
2026-08-06T16:09:41.323990+00:00,mixed_pdv_loss_holdover,160.49608865699943,4051.0,0.0,UNKNOWN,safe_default,persistent out-of-distribution / novel; conservative safe response,0.24554004999998824,0.2456483650000223,True,True,True
2026-08-06T16:09:41.701441+00:00,mixed_pdv_loss_holdover,161.2960886569994,1476.0,0.0,UNKNOWN,safe_default,persistent out-of-distribution / novel; conservative safe response,0.23268824199999472,0.23280915899999854,True,True,True
2026-08-06T16:09:42.029539+00:00,mixed_pdv_loss_holdover,161.49608865699938,5251.0,0.0,UNKNOWN,safe_default,persistent out-of-distribution / novel; conservative safe response,0.28893757299999834,0.28901958400001604,True,True,True
2026-08-06T16:09:42.476240+00:00,mixed_pdv_loss_holdover,162.09608865699934,4551.0,0.0,UNKNOWN,safe_default,persistent out-of-distribution / novel; conservative safe response,0.22038326099999495,0.22047007300000132,True,True,True
2026-08-06T16:09:42.745712+00:00,mixed_pdv_loss_holdover,162.29608865699933,4551.0,0.0,UNKNOWN,safe_default,persistent out-of-distribution / novel; conservative safe response,0.22261297699998295,0.2227067890000285,True,True,True
2026-08-06T16:09:43.057135+00:00,mixed_pdv_loss_holdover,162.6960886569993,2451.0,0.0,UNKNOWN,safe_default,persistent out-of-distribution / novel; conservative safe response,0.2058622229999969,0.20594743500004142,True,True,True
2026-08-06T16:09:43.301394+00:00,mixed_pdv_loss_holdover,162.8960886569993,2050.0,0.0,UNKNOWN,safe_default,persistent out-of-distribution / novel; conservative safe response,0.2131789510000317,0.21324736100001473,True,True,True
2026-08-06T16:09:43.513262+00:00,mixed_pdv_loss_holdover,163.09608865699929,2050.0,0.0,UNKNOWN,safe_default,persistent out-of-distribution / novel; conservative safe response,0.18513119800002187,0.18522200899997188,True,True,True
2026-08-06T16:09:43.769128+00:00,mixed_pdv_loss_holdover,163.29608865699927,1951.0,0.0,UNKNOWN,safe_default,persistent out-of-distribution / novel; conservative safe response,0.22414501600002268,0.22421622599995317,True,True,True
2026-08-06T16:09:44.281321+00:00,mixed_pdv_loss_holdover,163.89608865699924,3401.0,0.0,UNKNOWN,safe_default,persistent out-of-distribution / novel; conservative safe response,0.23450858100000005,0.23460259299997688,True,True,True
2026-08-06T16:09:44.598591+00:00,mixed_pdv_loss_holdover,164.09608865699923,3401.0,0.0,UNKNOWN,safe_default,persistent out-of-distribution / novel; conservative safe response,0.2694994279999605,0.2695747369999708,True,True,True
2026-08-06T16:09:45.117446+00:00,mixed_pdv_loss_holdover,164.6960886569992,3249.0,0.0,UNKNOWN,safe_default,persistent out-of-distribution / novel; conservative safe response,0.28397978499998544,0.28408099800003583,True,True,True
2026-08-06T16:09:45.369422+00:00,mixed_pdv_loss_holdover,164.89608865699918,5601.0,0.0,UNKNOWN,safe_default,persistent out-of-distribution / novel; conservative safe response,0.21608998599998586,0.21615899400001126,True,True,True
2026-08-06T16:09:45.626301+00:00,mixed_pdv_loss_holdover,165.09608865699917,5601.0,0.0,UNKNOWN,safe_default,persistent out-of-distribution / novel; conservative safe response,0.19626468699999577,0.19635919899997134,True,True,True
2026-08-06T16:09:45.873533+00:00,mixed_pdv_loss_holdover,165.29608865699916,2150.0,0.0,UNKNOWN,safe_default,persistent out-of-distribution / novel; conservative safe response,0.21013644399999976,0.21024045700005445,True,True,True
2026-08-06T16:09:46.091204+00:00,mixed_pdv_loss_holdover,165.69608865699914,1035.0,0.0,UNKNOWN,safe_default,persistent out-of-distribution / novel; conservative safe response,0.17035787599996866,0.1704325839999683,True,True,True
2026-08-06T16:09:46.336063+00:00,mixed_pdv_loss_holdover,165.89608865699913,1325.0,0.0,UNKNOWN,safe_default,persistent out-of-distribution / novel; conservative safe response,0.21287290499998335,0.2129640160000008,True,True,True
2026-08-06T16:09:46.916885+00:00,mixed_pdv_loss_holdover,166.4960886569991,2526.0,0.0,UNKNOWN,safe_default,persistent out-of-distribution / novel; conservative safe response,0.2628682100000219,0.2629661210000336,True,True,True
2026-08-06T16:09:47.231932+00:00,mixed_pdv_loss_holdover,166.69608865699908,4801.0,0.0,UNKNOWN,safe_default,persistent out-of-distribution / novel; conservative safe response,0.2725697759999548,0.2728501080000001,True,True,True
2026-08-06T16:09:47.878325+00:00,mixed_pdv_loss_holdover,167.49608865699904,4001.0,0.0,UNKNOWN,safe_default,persistent out-of-distribution / novel; conservative safe response,0.2453056279999828,0.24538083599998117,True,True,True
2026-08-06T16:09:48.191856+00:00,mixed_pdv_loss_holdover,167.69608865699902,5901.0,0.0,UNKNOWN,safe_default,persistent out-of-distribution / novel; conservative safe response,0.26767289600002186,0.268069238999999,True,True,True
2026-08-06T16:09:48.785369+00:00,mixed_pdv_loss_holdover,168.49608865699898,2126.0,0.0,UNKNOWN,safe_default,persistent out-of-distribution / novel; conservative safe response,0.20272081799998887,0.20281162899999572,True,True,True
2026-08-06T16:09:49.218710+00:00,mixed_pdv_loss_holdover,168.69608865699897,5026.0,0.0,UNKNOWN,safe_default,persistent out-of-distribution / novel; conservative safe response,0.2760978829999772,0.27618829300001835,True,True,True
2026-08-06T16:09:49.569502+00:00,mixed_pdv_loss_holdover,168.89608865699896,5026.0,0.0,UNKNOWN,safe_default,persistent out-of-distribution / novel; conservative safe response,0.3023152320000122,0.3024159419999819,True,True,True
2026-08-06T16:09:50.195982+00:00,mixed_pdv_loss_holdover,169.6960886569989,1830.0,0.0,UNKNOWN,safe_default,persistent out-of-distribution / novel; conservative safe response,0.34597325700002557,0.34607236699997657,True,True,True
2026-08-06T16:09:50.568756+00:00,mixed_pdv_loss_holdover,169.8960886569989,1929.0,0.0,UNKNOWN,safe_default,persistent out-of-distribution / novel; conservative safe response,0.31902769099997386,0.3191203999999743,True,True,True
2026-08-06T16:09:50.898065+00:00,mixed_pdv_loss_holdover,170.49608865699886,2224.0,0.0,UNKNOWN,safe_default,persistent out-of-distribution / novel; conservative safe response,0.22537559999994983,0.22552201499996727,True,True,True
2026-08-06T16:09:51.173742+00:00,mixed_pdv_loss_holdover,170.69608865699885,2224.0,0.0,UNKNOWN,safe_default,persistent out-of-distribution / novel; conservative safe response,0.23879322999999886,0.23886543600002597,True,True,True
2026-08-06T16:09:51.497291+00:00,mixed_pdv_loss_holdover,171.09608865699883,4301.0,0.0,UNKNOWN,safe_default,persistent out-of-distribution / novel; conservative safe response,0.19386868899999854,0.19398380100000168,True,True,True
2026-08-06T16:09:51.761403+00:00,mixed_pdv_loss_holdover,171.29608865699882,4301.0,0.0,UNKNOWN,safe_default,persistent out-of-distribution / novel; conservative safe response,0.21225077000002557,0.21235147999999526,True,True,True
2026-08-06T16:09:52.641373+00:00,mixed_pdv_loss_holdover,172.29608865699876,3950.0,0.0,UNKNOWN,safe_default,persistent out-of-distribution / novel; conservative safe response,0.2414069000000154,0.24152541199998723,True,True,True
2026-08-06T16:09:52.969112+00:00,mixed_pdv_loss_holdover,172.49608865699875,3950.0,0.0,UNKNOWN,safe_default,persistent out-of-distribution / novel; conservative safe response,0.2602709779999941,0.2603644829999894,True,True,True
2026-08-06T16:09:53.287375+00:00,mixed_pdv_loss_holdover,172.69608865699874,6176.0,0.0,UNKNOWN,safe_default,persistent out-of-distribution / novel; conservative safe response,0.27765236700003015,0.27773167399999465,True,True,True
2026-08-06T16:09:53.988047+00:00,mixed_pdv_loss_holdover,173.69608865699868,2100.0,0.0,UNKNOWN,safe_default,persistent out-of-distribution / novel; conservative safe response,0.1858122379999827,0.1859487499999659,True,True,True
2026-08-06T16:09:54.351250+00:00,mixed_pdv_loss_holdover,173.89608865699867,2100.0,0.0,UNKNOWN,safe_default,persistent out-of-distribution / novel; conservative safe response,0.2097867730000189,0.20989188199996534,True,True,True
2026-08-06T16:09:54.675612+00:00,mixed_pdv_loss_holdover,174.09608865699866,1425.0,0.0,UNKNOWN,safe_default,persistent out-of-distribution / novel; conservative safe response,0.26596351599999934,0.2665325669999561,True,True,True
2026-08-06T16:09:55.314305+00:00,mixed_pdv_loss_holdover,174.89608865699861,6050.0,0.0,UNKNOWN,safe_default,persistent out-of-distribution / novel; conservative safe response,0.2950528530000156,0.2951456619999817,True,True,True
2026-08-06T16:09:55.690205+00:00,mixed_pdv_loss_holdover,175.0960886569986,1700.0,0.0,UNKNOWN,safe_default,persistent out-of-distribution / novel; conservative safe response,0.31362155599998687,0.31372566499999266,True,True,True
2026-08-06T16:09:56.036648+00:00,mixed_pdv_loss_holdover,175.2960886569986,3401.0,0.0,UNKNOWN,safe_default,persistent out-of-distribution / novel; conservative safe response,0.2816107689999967,0.28170697799998834,True,True,True
2026-08-06T16:09:56.349141+00:00,mixed_pdv_loss_holdover,175.49608865699858,3601.0,0.0,UNKNOWN,safe_default,persistent out-of-distribution / novel; conservative safe response,0.24739239600000928,0.24749950499995066,True,True,True
2026-08-06T16:09:56.593272+00:00,mixed_pdv_loss_holdover,176.09608865699855,3100.0,0.0,UNKNOWN,safe_default,persistent out-of-distribution / novel; conservative safe response,0.21500783300001558,0.21510794100004205,True,True,True
2026-08-06T16:09:56.860352+00:00,mixed_pdv_loss_holdover,176.29608865699853,3100.0,0.0,UNKNOWN,safe_default,persistent out-of-distribution / novel; conservative safe response,0.23815087600002016,0.23824098400001503,True,True,True
2026-08-06T16:09:57.647372+00:00,mixed_pdv_loss_holdover,177.29608865699848,2076.0,0.0,UNKNOWN,safe_default,persistent out-of-distribution / novel; conservative safe response,0.25694943700000294,0.25704564500000515,True,True,True
2026-08-06T16:09:57.911942+00:00,mixed_pdv_loss_holdover,177.49608865699847,2550.0,0.0,UNKNOWN,safe_default,persistent out-of-distribution / novel; conservative safe response,0.21942328599999428,0.2194925919999946,True,True,True
2026-08-06T16:09:58.218984+00:00,mixed_pdv_loss_holdover,177.69608865699846,2550.0,0.0,UNKNOWN,safe_default,persistent out-of-distribution / novel; conservative safe response,0.2659278930000255,0.26602439999999206,True,True,True
2026-08-06T16:09:59.204277+00:00,mixed_pdv_loss_holdover,178.8960886569984,1925.0,0.0,UNKNOWN,safe_default,persistent out-of-distribution / novel; conservative safe response,0.22224336499999708,0.222352973999989,True,True,True
2026-08-06T16:09:59.528152+00:00,mixed_pdv_loss_holdover,179.09608865699838,2176.0,0.0,UNKNOWN,safe_default,persistent out-of-distribution / novel; conservative safe response,0.20602318400000286,0.20612069200001315,True,True,True
2026-08-06T16:09:59.790805+00:00,mixed_pdv_loss_holdover,179.29608865699836,2176.0,0.0,UNKNOWN,safe_default,persistent out-of-distribution / novel; conservative safe response,0.21980370800002902,0.21992951799995808,True,True,True
2026-08-06T16:10:00.491950+00:00,mixed_pdv_loss_holdover,180.09608865699832,2901.0,0.0,UNKNOWN,safe_default,persistent out-of-distribution / novel; conservative safe response,0.24793005000003632,0.2480024559999947,True,True,True
2026-08-06T16:10:00.820415+00:00,mixed_pdv_loss_holdover,180.2960886569983,2901.0,0.0,UNKNOWN,safe_default,persistent out-of-distribution / novel; conservative safe response,0.2458533800000282,0.24596098899996832,True,True,True
2026-08-06T16:10:01.225710+00:00,mixed_pdv_loss_holdover,180.69608865699828,2850.0,0.0,UNKNOWN,safe_default,persistent out-of-distribution / novel; conservative safe response,0.3291724460000296,0.32927245300004415,True,True,True
2026-08-06T16:10:01.582620+00:00,mixed_pdv_loss_holdover,180.89608865699827,3500.0,0.0,UNKNOWN,safe_default,persistent out-of-distribution / novel; conservative safe response,0.3023321250000208,0.3024321330000248,True,True,True
2026-08-06T16:10:01.978946+00:00,mixed_pdv_loss_holdover,181.49608865699824,2334.0,0.0,UNKNOWN,safe_default,persistent out-of-distribution / novel; conservative safe response,0.24715393100001393,0.24724293700001,True,True,True
2026-08-06T16:10:02.425387+00:00,mixed_pdv_loss_holdover,182.0960886569982,2576.0,0.0,UNKNOWN,safe_default,persistent out-of-distribution / novel; conservative safe response,0.23253960699997833,0.23262171200002513,True,True,True
2026-08-06T16:10:02.763911+00:00,mixed_pdv_loss_holdover,182.2960886569982,2576.0,0.0,UNKNOWN,safe_default,persistent out-of-distribution / novel; conservative safe response,0.23552358500000992,0.23570149699997955,True,True,True
2026-08-06T16:10:03.056432+00:00,mixed_pdv_loss_holdover,182.49608865699818,3526.0,0.0,UNKNOWN,safe_default,persistent out-of-distribution / novel; conservative safe response,0.2540709020000236,0.2541619080000146,True,True,True
2026-08-06T16:10:03.854911+00:00,mixed_pdv_loss_holdover,183.49608865699813,3326.0,0.0,UNKNOWN,safe_default,persistent out-of-distribution / novel; conservative safe response,0.24904894899998453,0.24913495399999874,True,True,True
2026-08-06T16:10:04.177828+00:00,mixed_pdv_loss_holdover,183.6960886569981,3775.0,0.0,UNKNOWN,safe_default,persistent out-of-distribution / novel; conservative safe response,0.20381373199995778,0.20413955399999395,True,True,True
2026-08-06T16:10:04.569529+00:00,mixed_pdv_loss_holdover,184.29608865699808,1925.0,0.0,UNKNOWN,safe_default,persistent out-of-distribution / novel; conservative safe response,0.18728627400003006,0.18734707800001615,True,True,True
2026-08-06T16:10:04.931965+00:00,mixed_pdv_loss_holdover,184.49608865699807,1026.0,0.0,UNKNOWN,safe_default,persistent out-of-distribution / novel; conservative safe response,0.20875145400003703,0.20884105900000804,True,True,True
2026-08-06T16:10:05.427292+00:00,mixed_pdv_loss_holdover,185.09608865699803,39070.0,0.0,UNKNOWN,safe_default,persistent out-of-distribution / novel; conservative safe response,0.21728227300002345,0.2174210819999871,True,True,True
2026-08-06T16:10:06.111370+00:00,mixed_pdv_loss_holdover,185.696088656998,6000.0,0.0,UNKNOWN,safe_default,persistent out-of-distribution / novel; conservative safe response,0.29036355400000957,0.29045535899996366,True,True,True
2026-08-06T16:10:06.383415+00:00,mixed_pdv_loss_holdover,185.896088656998,3651.0,0.0,UNKNOWN,safe_default,persistent out-of-distribution / novel; conservative safe response,0.2249415790000171,0.22503628399999798,True,True,True
2026-08-06T16:10:06.717207+00:00,mixed_pdv_loss_holdover,186.09608865699798,4026.0,0.0,UNKNOWN,safe_default,persistent out-of-distribution / novel; conservative safe response,0.2945954549999783,0.2946946609999941,True,True,True
2026-08-06T16:10:07.086729+00:00,mixed_pdv_loss_holdover,186.29608865699797,4026.0,0.0,UNKNOWN,safe_default,persistent out-of-distribution / novel; conservative safe response,0.32924122700001135,0.32933223300000236,True,True,True
2026-08-06T16:10:07.671869+00:00,mixed_pdv_loss_holdover,187.2960886569979,2475.0,0.0,UNKNOWN,safe_default,persistent out-of-distribution / novel; conservative safe response,0.24741162899999836,0.24749193400003833,True,True,True
2026-08-06T16:10:08.061054+00:00,mixed_pdv_loss_holdover,187.4960886569979,2475.0,0.0,UNKNOWN,safe_default,persistent out-of-distribution / novel; conservative safe response,0.323799504999954,0.3238863100000344,True,True,True
2026-08-06T16:10:08.419140+00:00,mixed_pdv_loss_holdover,187.6960886569979,4025.0,0.0,UNKNOWN,safe_default,persistent out-of-distribution / novel; conservative safe response,0.29965475200003766,0.29988236499997356,True,True,True
2026-08-06T16:10:08.743053+00:00,mixed_pdv_loss_holdover,187.89608865699788,4025.0,0.0,UNKNOWN,safe_default,persistent out-of-distribution / novel; conservative safe response,0.2820989379999901,0.2822051439999882,True,True,True
2026-08-06T16:10:09.154773+00:00,mixed_pdv_loss_holdover,188.69608865699783,2850.0,0.0,UNKNOWN,safe_default,persistent out-of-distribution / novel; conservative safe response,0.2423266510000417,0.24240885599999729,True,True,True
2026-08-06T16:10:09.520845+00:00,mixed_pdv_loss_holdover,188.89608865699782,2875.0,0.0,UNKNOWN,safe_default,persistent out-of-distribution / novel; conservative safe response,0.296995891999984,0.2971256989999915,True,True,True
2026-08-06T16:10:09.997626+00:00,mixed_pdv_loss_holdover,189.49608865699778,2476.0,0.0,UNKNOWN,safe_default,persistent out-of-distribution / novel; conservative safe response,0.32659336200003963,0.3266881679999756,True,True,True
2026-08-06T16:10:10.358249+00:00,mixed_pdv_loss_holdover,189.69608865699777,2476.0,0.0,UNKNOWN,safe_default,persistent out-of-distribution / novel; conservative safe response,0.31379804499999864,0.31423066799999333,True,True,True
2026-08-06T16:10:10.750154+00:00,mixed_pdv_loss_holdover,190.29608865699774,1776.0,0.0,UNKNOWN,safe_default,persistent out-of-distribution / novel; conservative safe response,0.25961935300000505,0.25972155800002383,True,True,True
2026-08-06T16:10:11.146724+00:00,mixed_pdv_loss_holdover,190.49608865699773,5376.0,0.0,UNKNOWN,safe_default,persistent out-of-distribution / novel; conservative safe response,0.3498865079999405,0.35006161700005123,True,True,True
2026-08-06T16:10:11.674092+00:00,mixed_pdv_loss_holdover,190.8960886569977,2676.0,0.0,UNKNOWN,safe_default,persistent out-of-distribution / novel; conservative safe response,0.43944180699998014,0.43958941400001095,True,True,True
2026-08-06T16:10:12.136161+00:00,mixed_pdv_loss_holdover,191.0960886569977,2425.0,0.0,UNKNOWN,safe_default,persistent out-of-distribution / novel; conservative safe response,0.3720099579999214,0.372109088000002,True,True,True
2026-08-06T16:10:12.713369+00:00,mixed_pdv_loss_holdover,192.09608865699764,4850.0,0.0,UNKNOWN,safe_default,persistent out-of-distribution / novel; conservative safe response,0.38039508099996056,0.3805283880000161,True,True,True
2026-08-06T16:10:13.173728+00:00,mixed_pdv_loss_holdover,192.29608865699763,4850.0,0.0,UNKNOWN,safe_default,persistent out-of-distribution / novel; conservative safe response,0.37396041900001364,0.3740640239999493,True,True,True
2026-08-06T16:10:13.581546+00:00,mixed_pdv_loss_holdover,192.8960886569976,2275.0,0.0,UNKNOWN,safe_default,persistent out-of-distribution / novel; conservative safe response,0.34975365099990086,0.35000706300002093,True,True,True
2026-08-06T16:10:14.005137+00:00,mixed_pdv_loss_holdover,193.09608865699758,2375.0,0.0,UNKNOWN,safe_default,persistent out-of-distribution / novel; conservative safe response,0.3433955529999366,0.3435247589999335,True,True,True
2026-08-06T16:10:14.799416+00:00,mixed_pdv_loss_holdover,194.2960886569975,3925.0,0.0,UNKNOWN,safe_default,persistent out-of-distribution / novel; conservative safe response,0.3256268650000038,0.3257263689999945,True,True,True
2026-08-06T16:10:16.592946+00:00,mixed_pdv_loss_holdover,194.4960886569975,4125.0,0.0,UNKNOWN,safe_default,persistent out-of-distribution / novel; conservative safe response,0.28448423300005743,0.2845941610000864,True,True,True
2026-08-06T16:10:16.841175+00:00,mixed_pdv_loss_holdover,196.69608865699738,0.0,0.0,healthy,safe_default,no anomaly above configured threshold,7.334800000080577e-05,8.453099997041136e-05,True,False,False
2026-08-06T16:10:16.975702+00:00,mixed_pdv_loss_holdover,196.89608865699736,0.0,0.0,healthy,safe_default,no anomaly above configured threshold,9.438600000066799e-05,0.00011191800001597585,True,False,False
2026-08-06T16:10:17.221727+00:00,mixed_pdv_loss_holdover,197.09608865699735,0.0,0.0,healthy,safe_default,no anomaly above configured threshold,5.5627000051572395e-05,6.567299999460374e-05,True,False,False
2026-08-06T16:10:17.361029+00:00,mixed_pdv_loss_holdover,197.29608865699734,0.0,0.0,healthy,safe_default,no anomaly above configured threshold,0.00011836199996650976,0.0001332400000819689,True,False,False
2026-08-06T16:10:17.646451+00:00,mixed_pdv_loss_holdover,197.49608865699733,0.0,0.0,healthy,safe_default,no anomaly above configured threshold,8.130900005198782e-05,9.789299997464695e-05,True,False,False
2026-08-06T16:10:17.798219+00:00,mixed_pdv_loss_holdover,197.69608865699732,0.0,0.0,healthy,safe_default,no anomaly above configured threshold,0.00010566299999936746,0.00012385799993808178,True,False,False
2026-08-06T16:10:18.046171+00:00,mixed_pdv_loss_holdover,197.8960886569973,0.0,0.0,healthy,safe_default,no anomaly above configured threshold,0.00010717899999690417,0.0001244269999460812,True,False,False
2026-08-06T16:10:18.206570+00:00,mixed_pdv_loss_holdover,198.0960886569973,0.0,0.0,healthy,safe_default,no anomaly above configured threshold,0.0001123920000054568,0.00013238700000783865,True,False,False
2026-08-06T16:10:18.467499+00:00,mixed_pdv_loss_holdover,198.29608865699728,0.0,0.0,healthy,safe_default,no anomaly above configured threshold,9.988300007535145e-05,0.0001163719999794921,True,False,False
2026-08-06T16:10:18.620466+00:00,mixed_pdv_loss_holdover,198.49608865699727,0.0,0.0,healthy,safe_default,no anomaly above configured threshold,0.00010841200003142148,0.0001257540000096924,True,False,False
2026-08-06T16:10:18.991309+00:00,mixed_pdv_loss_holdover,198.89608865699725,0.0,0.0,healthy,safe_default,no anomaly above configured threshold,8.329900003900548e-05,9.694499999568507e-05,True,False,False
2026-08-06T16:10:19.268715+00:00,mixed_pdv_loss_holdover,199.09608865699724,0.0,0.0,healthy,safe_default,no anomaly above configured threshold,7.514899994021107e-05,8.6804999909873e-05,True,False,False
2026-08-06T16:10:19.410669+00:00,mixed_pdv_loss_holdover,199.29608865699723,0.0,0.0,healthy,safe_default,no anomaly above configured threshold,0.0001493490000257225,0.0001700079999409354,True,False,False
2026-08-06T16:10:19.775683+00:00,mixed_pdv_loss_holdover,199.6960886569972,0.0,0.0,healthy,safe_default,no anomaly above configured threshold,7.2589999945194e-05,8.453099997041136e-05,True,False,False
2026-08-06T16:10:20.040566+00:00,mixed_pdv_loss_holdover,199.8960886569972,0.0,0.0,healthy,safe_default,no anomaly above configured threshold,0.00010177800004385062,0.000121961999980158,True,False,False
2026-08-06T16:10:20.191909+00:00,mixed_pdv_loss_holdover,200.09608865699718,0.0,0.0,healthy,safe_default,no anomaly above configured threshold,7.751699990876659e-05,9.021599998959573e-05,True,False,False
2026-08-06T16:10:20.451389+00:00,mixed_pdv_loss_holdover,200.29608865699717,0.0,0.0,healthy,safe_default,no anomaly above configured threshold,7.372699997176824e-05,8.576200002607948e-05,True,False,False
2026-08-06T16:10:20.580445+00:00,mixed_pdv_loss_holdover,200.49608865699716,0.0,0.0,healthy,safe_default,no anomaly above configured threshold,7.495900001686095e-05,8.708899997600383e-05,True,False,False
2026-08-06T16:10:20.830149+00:00,mixed_pdv_loss_holdover,200.69608865699715,0.0,0.0,healthy,safe_default,no anomaly above configured threshold,7.865199995649164e-05,9.095999996588944e-05,True,False,False
2026-08-06T16:10:20.983024+00:00,mixed_pdv_loss_holdover,200.89608865699714,0.0,0.0,healthy,safe_default,no anomaly above configured threshold,0.00010308800005986996,0.00011947000007239694,True,False,False
2026-08-06T16:10:21.242913+00:00,mixed_pdv_loss_holdover,201.09608865699713,0.0,0.0,healthy,safe_default,no anomaly above configured threshold,0.00010498899996491673,0.00012281900001198665,True,False,False
2026-08-06T16:10:21.366310+00:00,mixed_pdv_loss_holdover,201.2960886569971,0.0,0.0,healthy,safe_default,no anomaly above configured threshold,6.471300002885982e-05,7.602700009101682e-05,True,False,False
2026-08-06T16:10:21.637479+00:00,mixed_pdv_loss_holdover,201.4960886569971,0.0,0.0,healthy,safe_default,no anomaly above configured threshold,9.639000006700371e-05,0.0001131349999923259,True,False,False
2026-08-06T16:10:21.773594+00:00,mixed_pdv_loss_holdover,201.6960886569971,0.0,0.0,healthy,safe_default,no anomaly above configured threshold,6.091200009450404e-05,8.78829999919617e-05,True,False,False
2026-08-06T16:10:22.009331+00:00,mixed_pdv_loss_holdover,201.89608865699708,0.0,0.0,healthy,safe_default,no anomaly above configured threshold,5.882999994355487e-05,6.878499993945297e-05,True,False,False
2026-08-06T16:10:22.134172+00:00,mixed_pdv_loss_holdover,202.09608865699707,0.0,0.0,healthy,safe_default,no anomaly above configured threshold,5.312799999046547e-05,6.254100003388885e-05,True,False,False
2026-08-06T16:10:22.389440+00:00,mixed_pdv_loss_holdover,202.29608865699706,0.0,0.0,healthy,safe_default,no anomaly above configured threshold,0.00010028199994849274,0.00011865500005114882,True,False,False
2026-08-06T16:10:22.637568+00:00,mixed_pdv_loss_holdover,202.49608865699705,0.0,0.0,healthy,safe_default,no anomaly above configured threshold,0.00010580299999674025,0.00012381399994865205,True,False,False
2026-08-06T16:10:22.783918+00:00,mixed_pdv_loss_holdover,202.69608865699703,0.0,0.0,healthy,safe_default,no anomaly above configured threshold,9.946800003035605e-05,0.00011747799999284325,True,False,False
2026-08-06T16:10:23.046208+00:00,mixed_pdv_loss_holdover,202.89608865699702,0.0,0.0,healthy,safe_default,no anomaly above configured threshold,0.00010254500000428379,0.0001220950000515586,True,False,False
2026-08-06T16:10:23.210525+00:00,mixed_pdv_loss_holdover,203.096088656997,0.0,0.0,healthy,safe_default,no anomaly above configured threshold,7.340199999816832e-05,8.543900003132876e-05,True,False,False
2026-08-06T16:10:23.584573+00:00,mixed_pdv_loss_holdover,203.496088656997,0.0,0.0,healthy,safe_default,no anomaly above configured threshold,0.00010860800000500603,0.0001269820000970867,True,False,False
2026-08-06T16:10:23.831152+00:00,mixed_pdv_loss_holdover,203.69608865699698,0.0,0.0,healthy,safe_default,no anomaly above configured threshold,0.00013352299993130146,0.00015588799999477487,True,False,False
2026-08-06T16:10:23.968907+00:00,mixed_pdv_loss_holdover,203.89608865699697,0.0,0.0,healthy,safe_default,no anomaly above configured threshold,0.0001152340000771801,0.00013636699998187396,True,False,False
2026-08-06T16:10:24.238057+00:00,mixed_pdv_loss_holdover,204.09608865699695,0.0,0.0,healthy,safe_default,no anomaly above configured threshold,0.0001698180000175853,0.0001862120000168943,True,False,False
2026-08-06T16:10:24.381786+00:00,mixed_pdv_loss_holdover,204.29608865699694,0.0,0.0,healthy,safe_default,no anomaly above configured threshold,7.85600000199338e-05,8.993200003715174e-05,True,False,False
2026-08-06T16:10:24.615914+00:00,mixed_pdv_loss_holdover,204.49608865699693,0.0,0.0,healthy,safe_default,no anomaly above configured threshold,0.00010443000007853698,0.00012148799999067705,True,False,False
2026-08-06T16:10:24.769084+00:00,mixed_pdv_loss_holdover,204.69608865699692,0.0,0.0,healthy,safe_default,no anomaly above configured threshold,8.547699997052405e-05,9.798600001431623e-05,True,False,False
2026-08-06T16:10:25.047320+00:00,mixed_pdv_loss_holdover,204.8960886569969,0.0,0.0,healthy,safe_default,no anomaly above configured threshold,7.581099998787977e-05,8.832000003167195e-05,True,False,False
2026-08-06T16:10:25.190128+00:00,mixed_pdv_loss_holdover,205.0960886569969,0.0,0.0,healthy,safe_default,no anomaly above configured threshold,8.25399999939691e-05,9.552300002724223e-05,True,False,False
2026-08-06T16:10:25.446469+00:00,mixed_pdv_loss_holdover,205.2960886569969,0.0,0.0,healthy,safe_default,no anomaly above configured threshold,8.585599994148652e-05,9.87450000593526e-05,True,False,False
2026-08-06T16:10:25.571864+00:00,mixed_pdv_loss_holdover,205.49608865699687,0.0,0.0,healthy,safe_default,no anomaly above configured threshold,0.00010253499999635096,0.00012120300004880846,True,False,False
2026-08-06T16:10:25.839928+00:00,mixed_pdv_loss_holdover,205.69608865699686,0.0,0.0,healthy,safe_default,no anomaly above configured threshold,0.00011087400002907088,0.00013001700006043393,True,False,False
2026-08-06T16:10:25.954049+00:00,mixed_pdv_loss_holdover,205.89608865699685,0.0,0.0,healthy,safe_default,no anomaly above configured threshold,0.00012736299993321154,0.0001511489999757032,True,False,False
2026-08-06T16:10:26.224279+00:00,mixed_pdv_loss_holdover,206.09608865699684,0.0,0.0,healthy,safe_default,no anomaly above configured threshold,6.529300003421667e-05,7.656900004349154e-05,True,False,False
2026-08-06T16:10:26.378459+00:00,mixed_pdv_loss_holdover,206.29608865699683,0.0,0.0,healthy,safe_default,no anomaly above configured threshold,7.344200002989965e-05,8.528800003659853e-05,True,False,False
2026-08-06T16:10:26.623564+00:00,mixed_pdv_loss_holdover,206.49608865699682,0.0,0.0,healthy,safe_default,no anomaly above configured threshold,5.8374999980514986e-05,6.83250000292901e-05,True,False,False
2026-08-06T16:10:26.754109+00:00,mixed_pdv_loss_holdover,206.6960886569968,0.0,0.0,healthy,safe_default,no anomaly above configured threshold,6.642999994710408e-05,7.751699990876659e-05,True,False,False
2026-08-06T16:10:27.020261+00:00,mixed_pdv_loss_holdover,206.8960886569968,0.0,0.0,healthy,safe_default,no anomaly above configured threshold,6.898900005580799e-05,8.017100003598898e-05,True,False,False
2026-08-06T16:10:27.169132+00:00,mixed_pdv_loss_holdover,207.09608865699678,0.0,0.0,healthy,safe_default,no anomaly above configured threshold,0.00010878900002353475,0.00017237600002317777,True,False,False
2026-08-06T16:10:27.440334+00:00,mixed_pdv_loss_holdover,207.29608865699677,0.0,0.0,healthy,safe_default,no anomaly above configured threshold,9.467000006679882e-05,0.00011201099994195829,True,False,False
2026-08-06T16:10:27.594346+00:00,mixed_pdv_loss_holdover,207.49608865699676,0.0,0.0,healthy,safe_default,no anomaly above configured threshold,0.00011437999989993841,0.00013570299995535606,True,False,False
2026-08-06T16:10:27.857691+00:00,mixed_pdv_loss_holdover,207.69608865699675,0.0,0.0,healthy,safe_default,no anomaly above configured threshold,8.083400007308228e-05,9.315399995557527e-05,True,False,False
2026-08-06T16:10:28.009304+00:00,mixed_pdv_loss_holdover,207.89608865699674,0.0,0.0,healthy,safe_default,no anomaly above configured threshold,0.00013873400007469172,0.0001597719999608671,True,False,False
2026-08-06T16:10:28.250488+00:00,mixed_pdv_loss_holdover,208.09608865699673,0.0,0.0,healthy,safe_default,no anomaly above configured threshold,0.00015986700009307242,0.00018081000007441617,True,False,False
2026-08-06T16:10:28.376038+00:00,mixed_pdv_loss_holdover,208.29608865699672,0.0,0.0,healthy,safe_default,no anomaly above configured threshold,9.760700004335376e-05,0.0001132439999764756,True,False,False
2026-08-06T16:10:28.632846+00:00,mixed_pdv_loss_holdover,208.4960886569967,0.0,0.0,healthy,safe_default,no anomaly above configured threshold,0.00014006200001404068,0.00016119400004299678,True,False,False
2026-08-06T16:10:28.770395+00:00,mixed_pdv_loss_holdover,208.6960886569967,0.0,0.0,healthy,safe_default,no anomaly above configured threshold,9.402800003499578e-05,0.0001104540000369525,True,False,False
2026-08-06T16:10:29.031798+00:00,mixed_pdv_loss_holdover,208.89608865699668,0.0,0.0,healthy,safe_default,no anomaly above configured threshold,6.511200001568795e-05,7.612799993239605e-05,True,False,False
2026-08-06T16:10:29.153102+00:00,mixed_pdv_loss_holdover,209.09608865699667,0.0,0.0,healthy,safe_default,no anomaly above configured threshold,9.62909999771e-05,0.00011252000001604756,True,False,False
2026-08-06T16:10:29.411516+00:00,mixed_pdv_loss_holdover,209.29608865699666,0.0,0.0,healthy,safe_default,no anomaly above configured threshold,8.635699998649216e-05,0.00010002800001984724,True,False,False
2026-08-06T16:10:29.555268+00:00,mixed_pdv_loss_holdover,209.49608865699665,0.0,0.0,healthy,safe_default,no anomaly above configured threshold,0.00011694600004830136,0.00018235200002436613,True,False,False
2026-08-06T16:10:29.800366+00:00,mixed_pdv_loss_holdover,209.69608865699664,0.0,0.0,healthy,safe_default,no anomaly above configured threshold,9.983200004626269e-05,0.00011409300009290746,True,False,False
2026-08-06T16:10:30.079770+00:00,mixed_pdv_loss_holdover,209.89608865699662,0.0,0.0,healthy,safe_default,no anomaly above configured threshold,0.00010140500000943575,0.00012028999992708123,True,False,False
2026-08-06T16:10:30.219205+00:00,mixed_pdv_loss_holdover,210.0960886569966,0.0,0.0,healthy,safe_default,no anomaly above configured threshold,0.00011084700008723303,0.0001259940000863935,True,False,False
2026-08-06T16:10:30.610692+00:00,mixed_pdv_loss_holdover,210.4960886569966,0.0,0.0,healthy,safe_default,no anomaly above configured threshold,7.691400003295712e-05,8.989699995254341e-05,True,False,False
2026-08-06T16:10:30.843569+00:00,mixed_pdv_loss_holdover,210.69608865699658,0.0,0.0,healthy,safe_default,no anomaly above configured threshold,7.504599989260896e-05,8.684800002356496e-05,True,False,False
2026-08-06T16:10:30.971721+00:00,mixed_pdv_loss_holdover,210.89608865699657,0.0,0.0,healthy,safe_default,no anomaly above configured threshold,9.638899996389227e-05,0.00011320700002670492,True,False,False
2026-08-06T16:10:31.239616+00:00,mixed_pdv_loss_holdover,211.09608865699656,0.0,0.0,healthy,safe_default,no anomaly above configured threshold,7.189799998741364e-05,8.429100000739709e-05,True,False,False
2026-08-06T16:10:31.360520+00:00,mixed_pdv_loss_holdover,211.29608865699655,0.0,0.0,healthy,safe_default,no anomaly above configured threshold,0.00015077900002324895,0.00016671299999870826,True,False,False
2026-08-06T16:10:31.607256+00:00,mixed_pdv_loss_holdover,211.49608865699653,0.0,0.0,healthy,safe_default,no anomaly above configured threshold,9.609400001409085e-05,0.00011084699997354619,True,False,False
2026-08-06T16:10:31.747043+00:00,mixed_pdv_loss_holdover,211.69608865699652,0.0,0.0,healthy,safe_default,no anomaly above configured threshold,8.547100003397645e-05,0.0001012090000358512,True,False,False
2026-08-06T16:10:32.003559+00:00,mixed_pdv_loss_holdover,211.8960886569965,0.0,0.0,healthy,safe_default,no anomaly above configured threshold,0.00011143699998683587,0.00012982999999167077,True,False,False
2026-08-06T16:10:32.288153+00:00,mixed_pdv_loss_holdover,212.0960886569965,0.0,0.0,healthy,safe_default,no anomaly above configured threshold,0.00010415899998861278,0.00012166600004093198,True,False,False
2026-08-06T16:10:32.407784+00:00,mixed_pdv_loss_holdover,212.2960886569965,0.0,0.0,healthy,safe_default,no anomaly above configured threshold,7.239000001391105e-05,8.47830000338945e-05,True,False,False
2026-08-06T16:10:32.689400+00:00,mixed_pdv_loss_holdover,212.49608865699648,0.0,0.0,healthy,safe_default,no anomaly above configured threshold,0.00022444800003995624,0.0002821829999675174,True,False,False
2026-08-06T16:10:32.834633+00:00,mixed_pdv_loss_holdover,212.69608865699647,0.0,0.0,healthy,safe_default,no anomaly above configured threshold,0.00010730700000749493,0.00020241599997916637,True,False,False
2026-08-06T16:10:33.276185+00:00,mixed_pdv_loss_holdover,213.09608865699644,0.0,0.0,healthy,safe_default,no anomaly above configured threshold,7.278299995050475e-05,8.409400004438794e-05,True,False,False
2026-08-06T16:10:33.407465+00:00,mixed_pdv_loss_holdover,213.29608865699643,0.0,0.0,healthy,safe_default,no anomaly above configured threshold,7.514399999308807e-05,8.930699993925373e-05,True,False,False
2026-08-06T16:10:33.655240+00:00,mixed_pdv_loss_holdover,213.49608865699642,0.0,0.0,healthy,safe_default,no anomaly above configured threshold,0.0001060280000046987,0.00012648599999920407,True,False,False
2026-08-06T16:10:33.776959+00:00,mixed_pdv_loss_holdover,213.6960886569964,0.0,0.0,healthy,safe_default,no anomaly above configured threshold,6.894699993154063e-05,8.075000005192123e-05,True,False,False
2026-08-06T16:10:34.003682+00:00,mixed_pdv_loss_holdover,213.8960886569964,0.0,0.0,healthy,safe_default,no anomaly above configured threshold,0.00010327300003609707,0.00011596199999530654,True,False,False
2026-08-06T16:10:34.120467+00:00,mixed_pdv_loss_holdover,214.0960886569964,0.0,0.0,healthy,safe_default,no anomaly above configured threshold,6.609500007925817e-05,7.720899998275854e-05,True,False,False
2026-08-06T16:10:34.362117+00:00,mixed_pdv_loss_holdover,214.29608865699637,0.0,0.0,healthy,safe_default,no anomaly above configured threshold,8.075000005192123e-05,9.520800006157515e-05,True,False,False
2026-08-06T16:10:34.606073+00:00,mixed_pdv_loss_holdover,214.49608865699636,0.0,0.0,healthy,safe_default,no anomaly above configured threshold,0.00013592800007700134,0.00025493800001186173,True,False,False
2026-08-06T16:10:34.816017+00:00,mixed_pdv_loss_holdover,214.69608865699635,0.0,0.0,healthy,safe_default,no anomaly above configured threshold,0.00027657600003294647,0.00029772199991384696,True,False,False
2026-08-06T16:10:34.997742+00:00,mixed_pdv_loss_holdover,214.89608865699634,0.0,0.0,healthy,safe_default,no anomaly above configured threshold,0.0001065190000417715,0.00012550199994620925,True,False,False
2026-08-06T16:10:35.265306+00:00,mixed_pdv_loss_holdover,215.09608865699633,0.0,0.0,healthy,safe_default,no anomaly above configured threshold,0.0001040610000018205,0.00012294500004372821,True,False,False
2026-08-06T16:10:35.416845+00:00,mixed_pdv_loss_holdover,215.29608865699632,0.0,0.0,healthy,safe_default,no anomaly above configured threshold,7.107199996880809e-05,8.263399990937614e-05,True,False,False
2026-08-06T16:10:35.802813+00:00,mixed_pdv_loss_holdover,215.6960886569963,0.0,0.0,healthy,safe_default,no anomaly above configured threshold,9.097299994209607e-05,0.00011030500002107146,True,False,False
2026-08-06T16:10:35.938492+00:00,mixed_pdv_loss_holdover,215.89608865699628,0.0,0.0,healthy,safe_default,no anomaly above configured threshold,0.00015010499998879823,0.0001644149999719957,True,False,False
2026-08-06T16:10:36.183574+00:00,mixed_pdv_loss_holdover,216.09608865699627,0.0,0.0,healthy,safe_default,no anomaly above configured threshold,7.514700007504871e-05,8.74659999681171e-05,True,False,False
2026-08-06T16:10:36.444598+00:00,mixed_pdv_loss_holdover,216.29608865699626,0.0,0.0,healthy,safe_default,no anomaly above configured threshold,8.56660000181364e-05,0.00010329200006253814,True,False,False
2026-08-06T16:10:36.599816+00:00,mixed_pdv_loss_holdover,216.49608865699625,0.0,0.0,healthy,safe_default,no anomaly above configured threshold,6.993499994223384e-05,8.121200005462015e-05,True,False,False
2026-08-06T16:10:36.869358+00:00,mixed_pdv_loss_holdover,216.69608865699624,0.0,0.0,healthy,safe_default,no anomaly above configured threshold,7.478800000626507e-05,8.744700005536288e-05,True,False,False
2026-08-06T16:10:37.029633+00:00,mixed_pdv_loss_holdover,216.89608865699623,0.0,0.0,healthy,safe_default,no anomaly above configured threshold,0.00012075100005404238,0.00014188299996931164,True,False,False
2026-08-06T16:10:37.436363+00:00,mixed_pdv_loss_holdover,217.2960886569962,0.0,0.0,healthy,safe_default,no anomaly above configured threshold,6.670600009783811e-05,7.887799995387468e-05,True,False,False
2026-08-06T16:10:37.605217+00:00,mixed_pdv_loss_holdover,217.4960886569962,0.0,0.0,healthy,safe_default,no anomaly above configured threshold,0.00011023400008980389,0.0001264969999965615,True,False,False
2026-08-06T16:10:37.861114+00:00,mixed_pdv_loss_holdover,217.69608865699618,0.0,0.0,healthy,safe_default,no anomaly above configured threshold,7.634499991127086e-05,8.842099998673802e-05,True,False,False
2026-08-06T16:10:38.013148+00:00,mixed_pdv_loss_holdover,217.89608865699617,0.0,0.0,healthy,safe_default,no anomaly above configured threshold,0.0001201659999878757,0.00013896100006149936,True,False,False
2026-08-06T16:10:38.394635+00:00,mixed_pdv_loss_holdover,218.29608865699615,0.0,0.0,healthy,safe_default,no anomaly above configured threshold,0.00012104300003557,0.00014197999996667932,True,False,False
2026-08-06T16:10:38.655046+00:00,mixed_pdv_loss_holdover,218.49608865699614,0.0,0.0,healthy,safe_default,no anomaly above configured threshold,0.0001463620000095034,0.0001661300000250776,True,False,False
2026-08-06T16:10:38.804135+00:00,mixed_pdv_loss_holdover,218.69608865699612,0.0,0.0,healthy,safe_default,no anomaly above configured threshold,0.00010137200001736346,0.00012026399997466797,True,False,False
2026-08-06T16:10:39.062689+00:00,mixed_pdv_loss_holdover,218.8960886569961,0.0,0.0,healthy,safe_default,no anomaly above configured threshold,0.0001139340000690936,0.0001345790000186753,True,False,False
2026-08-06T16:10:39.191206+00:00,mixed_pdv_loss_holdover,219.0960886569961,0.0,0.0,healthy,safe_default,no anomaly above configured threshold,0.0001100389999919571,0.00013000100000226666,True,False,False
2026-08-06T16:10:39.481512+00:00,mixed_pdv_loss_holdover,219.2960886569961,0.0,0.0,healthy,safe_default,no anomaly above configured threshold,0.00010721499995725026,0.00012630200001240155,True,False,False
2026-08-06T16:10:39.615694+00:00,mixed_pdv_loss_holdover,219.49608865699608,0.0,0.0,healthy,safe_default,no anomaly above configured threshold,0.00011373999996067141,0.0001343839999208285,True,False,False
2026-08-06T16:10:39.992641+00:00,mixed_pdv_loss_holdover,219.89608865699606,0.0,0.0,healthy,safe_default,no anomaly above configured threshold,0.00012318500000674248,0.00014421999992464407,True,False,False
2026-08-06T16:10:40.264847+00:00,mixed_pdv_loss_holdover,220.09608865699605,0.0,0.0,healthy,safe_default,no anomaly above configured threshold,0.00011656399999537825,0.00013652600000568782,True,False,False
2026-08-06T16:10:40.405609+00:00,mixed_pdv_loss_holdover,220.29608865699603,0.0,0.0,healthy,safe_default,no anomaly above configured threshold,8.004599999367201e-05,9.241299994755536e-05,True,False,False
2026-08-06T16:10:40.642160+00:00,mixed_pdv_loss_holdover,220.49608865699602,0.0,0.0,healthy,safe_default,no anomaly above configured threshold,0.0002546470000197587,0.00027548599996407575,True,False,False
2026-08-06T16:10:40.781295+00:00,mixed_pdv_loss_holdover,220.696088656996,0.0,0.0,healthy,safe_default,no anomaly above configured threshold,0.00010555899996234075,0.00012289300002521486,True,False,False
2026-08-06T16:10:41.041691+00:00,mixed_pdv_loss_holdover,220.896088656996,0.0,0.0,healthy,safe_default,no anomaly above configured threshold,0.00011276600002929626,0.00013331200000266108,True,False,False
2026-08-06T16:10:41.194698+00:00,mixed_pdv_loss_holdover,221.096088656996,0.0,0.0,healthy,safe_default,no anomaly above configured threshold,0.00011997199999314034,0.00014120000003003952,True,False,False
2026-08-06T16:10:41.437489+00:00,mixed_pdv_loss_holdover,221.29608865699598,0.0,0.0,healthy,safe_default,no anomaly above configured threshold,0.00010195700008353015,0.00012026399997466797,True,False,False
2026-08-06T16:10:41.568590+00:00,mixed_pdv_loss_holdover,221.49608865699597,0.0,0.0,healthy,safe_default,no anomaly above configured threshold,7.322900000872323e-05,8.637500002350862e-05,True,False,False
2026-08-06T16:10:41.825568+00:00,mixed_pdv_loss_holdover,221.69608865699595,0.0,0.0,healthy,safe_default,no anomaly above configured threshold,0.0001003009999749338,0.00011792700001933554,True,False,False
2026-08-06T16:10:41.956156+00:00,mixed_pdv_loss_holdover,221.89608865699594,0.0,0.0,healthy,safe_default,no anomaly above configured threshold,0.0001461669999116566,0.00016720099995382043,True,False,False
2026-08-06T16:10:42.204926+00:00,mixed_pdv_loss_holdover,222.09608865699593,0.0,0.0,healthy,safe_default,no anomaly above configured threshold,0.00011325200000555924,0.0001345790000186753,True,False,False
2026-08-06T16:10:42.457350+00:00,mixed_pdv_loss_holdover,222.29608865699592,0.0,0.0,healthy,safe_default,no anomaly above configured threshold,0.00011159700000007433,0.0001307810000525933,True,False,False
2026-08-06T16:10:42.615151+00:00,mixed_pdv_loss_holdover,222.4960886569959,0.0,0.0,healthy,safe_default,no anomaly above configured threshold,0.0003726709999227751,0.00039273200002298836,True,False,False
2026-08-06T16:10:42.869070+00:00,mixed_pdv_loss_holdover,222.6960886569959,0.0,0.0,healthy,safe_default,no anomaly above configured threshold,0.00011374000007435825,0.00013428700003714766,True,False,False
2026-08-06T16:10:43.008181+00:00,mixed_pdv_loss_holdover,222.8960886569959,0.0,0.0,healthy,safe_default,no anomaly above configured threshold,0.00011743899995053653,0.00013818100001117273,True,False,False
2026-08-06T16:10:43.269612+00:00,mixed_pdv_loss_holdover,223.09608865699587,0.0,0.0,healthy,safe_default,no anomaly above configured threshold,0.0001557090000687822,0.00017713299996557907,True,False,False
2026-08-06T16:10:43.400609+00:00,mixed_pdv_loss_holdover,223.29608865699586,0.0,0.0,healthy,safe_default,no anomaly above configured threshold,0.00012084800005141005,0.00014197899997725472,True,False,False
2026-08-06T16:10:43.674194+00:00,mixed_pdv_loss_holdover,223.49608865699585,0.0,0.0,healthy,safe_default,no anomaly above configured threshold,0.00010799400001815229,0.00012737299994114437,True,False,False
2026-08-06T16:10:43.802375+00:00,mixed_pdv_loss_holdover,223.69608865699584,0.0,0.0,healthy,safe_default,no anomaly above configured threshold,0.00011568599995825934,0.00013516199999230594,True,False,False
2026-08-06T16:10:44.067461+00:00,mixed_pdv_loss_holdover,223.89608865699583,0.0,0.0,healthy,safe_default,no anomaly above configured threshold,0.00012493700000959507,0.00014606899992486433,True,False,False
2026-08-06T16:10:44.185616+00:00,mixed_pdv_loss_holdover,224.09608865699582,0.0,0.0,healthy,safe_default,no anomaly above configured threshold,9.221799996339541e-05,0.00011013599998932477,True,False,False
2026-08-06T16:10:44.417651+00:00,mixed_pdv_loss_holdover,224.2960886569958,0.0,0.0,healthy,safe_default,no anomaly above configured threshold,6.212799996774265e-05,7.400800006962527e-05,True,False,False
2026-08-06T16:10:44.571027+00:00,mixed_pdv_loss_holdover,224.4960886569958,0.0,0.0,healthy,safe_default,no anomaly above configured threshold,8.793300003162585e-05,0.00010409800006527803,True,False,False
2026-08-06T16:10:44.859825+00:00,mixed_pdv_loss_holdover,224.69608865699578,0.0,0.0,healthy,safe_default,no anomaly above configured threshold,0.0001180589999876247,0.00013951500000075612,True,False,False
2026-08-06T16:10:45.009690+00:00,mixed_pdv_loss_holdover,224.89608865699577,0.0,0.0,healthy,safe_default,no anomaly above configured threshold,7.812299998022354e-05,9.177799995541136e-05,True,False,False
2026-08-06T16:10:45.270484+00:00,mixed_pdv_loss_holdover,225.09608865699576,0.0,0.0,healthy,safe_default,no anomaly above configured threshold,0.00011436199997660879,0.00013396999997894454,True,False,False
2026-08-06T16:10:45.412261+00:00,mixed_pdv_loss_holdover,225.29608865699575,0.0,0.0,healthy,safe_default,no anomaly above configured threshold,0.00010974300005273108,0.00012924800000746473,True,False,False
2026-08-06T16:10:45.844656+00:00,mixed_pdv_loss_holdover,225.69608865699573,0.0,0.0,healthy,safe_default,no anomaly above configured threshold,0.0001223700000991812,0.0001437230000647105,True,False,False
2026-08-06T16:10:45.968919+00:00,mixed_pdv_loss_holdover,225.89608865699572,0.0,0.0,healthy,safe_default,no anomaly above configured threshold,0.0001642550000724441,0.00018642999998519372,True,False,False
2026-08-06T16:10:46.229651+00:00,mixed_pdv_loss_holdover,226.0960886569957,0.0,0.0,healthy,safe_default,no anomaly above configured threshold,0.0001222670000515791,0.00014546799991421722,True,False,False
2026-08-06T16:10:46.360341+00:00,mixed_pdv_loss_holdover,226.2960886569957,0.0,0.0,healthy,safe_default,no anomaly above configured threshold,0.00013458700004775892,0.00015727400000287162,True,False,False
2026-08-06T16:10:46.627644+00:00,mixed_pdv_loss_holdover,226.49608865699568,0.0,0.0,healthy,safe_default,no anomaly above configured threshold,0.00010399500001767592,0.00012452599992229807,True,False,False
2026-08-06T16:10:46.769972+00:00,mixed_pdv_loss_holdover,226.69608865699567,0.0,0.0,healthy,safe_default,no anomaly above configured threshold,7.288800009064289e-05,8.479600001010112e-05,True,False,False
2026-08-06T16:10:47.033130+00:00,mixed_pdv_loss_holdover,226.89608865699566,0.0,0.0,healthy,safe_default,no anomaly above configured threshold,0.00010779199999433331,0.00012565499991978868,True,False,False
2026-08-06T16:10:47.189503+00:00,mixed_pdv_loss_holdover,227.09608865699565,0.0,0.0,healthy,safe_default,no anomaly above configured threshold,8.572100000492355e-05,0.00010224900006505777,True,False,False
2026-08-06T16:10:47.438647+00:00,mixed_pdv_loss_holdover,227.29608865699564,0.0,0.0,healthy,safe_default,no anomaly above configured threshold,0.00012627099999917846,0.00014690600005451415,True,False,False
2026-08-06T16:10:47.581093+00:00,mixed_pdv_loss_holdover,227.49608865699562,0.0,0.0,healthy,safe_default,no anomaly above configured threshold,0.00012247300003309647,0.00013705000003483292,True,False,False
2026-08-06T16:10:47.880595+00:00,mixed_pdv_loss_holdover,227.6960886569956,0.0,0.0,healthy,safe_default,no anomaly above configured threshold,0.0001140549999263385,0.00013017200001286255,True,False,False
2026-08-06T16:10:48.018120+00:00,mixed_pdv_loss_holdover,227.8960886569956,0.0,0.0,healthy,safe_default,no anomaly above configured threshold,8.305099993322074e-05,0.000170415000070534,True,False,False
2026-08-06T16:10:48.412630+00:00,mixed_pdv_loss_holdover,228.29608865699558,0.0,0.0,healthy,safe_default,no anomaly above configured threshold,8.613099998910911e-05,0.00010050399998817738,True,False,False
2026-08-06T16:10:48.664588+00:00,mixed_pdv_loss_holdover,228.49608865699557,0.0,0.0,healthy,safe_default,no anomaly above configured threshold,7.206700001916033e-05,8.459100001800834e-05,True,False,False
2026-08-06T16:10:48.840136+00:00,mixed_pdv_loss_holdover,228.69608865699556,0.0,0.0,healthy,safe_default,no anomaly above configured threshold,7.576299992706481e-05,8.89030000053026e-05,True,False,False
2026-08-06T16:10:49.227340+00:00,mixed_pdv_loss_holdover,229.09608865699553,0.0,0.0,healthy,safe_default,no anomaly above configured threshold,7.637900000645459e-05,8.910899998681998e-05,True,False,False
2026-08-06T16:10:49.358870+00:00,mixed_pdv_loss_holdover,229.29608865699552,0.0,0.0,healthy,safe_default,no anomaly above configured threshold,0.00010409599997274199,0.00012267800002518925,True,False,False
2026-08-06T16:10:49.629075+00:00,mixed_pdv_loss_holdover,229.4960886569955,0.0,0.0,healthy,safe_default,no anomaly above configured threshold,6.61120000131632e-05,7.760999994843587e-05,True,False,False
2026-08-06T16:10:49.782686+00:00,mixed_pdv_loss_holdover,229.6960886569955,0.0,0.0,healthy,safe_default,no anomaly above configured threshold,7.299100002455816e-05,8.479600001010112e-05,True,False,False
2026-08-06T16:10:50.061959+00:00,mixed_pdv_loss_holdover,229.8960886569955,0.0,0.0,healthy,safe_default,no anomaly above configured threshold,0.00010840799996003625,0.00012709299994639878,True,False,False
2026-08-06T16:10:50.238456+00:00,mixed_pdv_loss_holdover,230.09608865699548,0.0,0.0,healthy,safe_default,no anomaly above configured threshold,7.319600001665094e-05,8.520699998371128e-05,True,False,False
2026-08-06T16:10:50.657149+00:00,mixed_pdv_loss_holdover,230.49608865699545,0.0,0.0,healthy,safe_default,no anomaly above configured threshold,0.00013160900005004805,0.00015481099990211078,True,False,False
2026-08-06T16:10:50.839987+00:00,mixed_pdv_loss_holdover,230.69608865699544,0.0,0.0,healthy,safe_default,no anomaly above configured threshold,0.00025521100008063513,0.00027348399999027606,True,False,False
2026-08-06T16:10:51.225045+00:00,mixed_pdv_loss_holdover,231.09608865699542,0.0,0.0,healthy,safe_default,no anomaly above configured threshold,0.00011087200005022169,0.00013037700000495533,True,False,False
2026-08-06T16:10:51.361079+00:00,mixed_pdv_loss_holdover,231.2960886569954,0.0,0.0,healthy,safe_default,no anomaly above configured threshold,8.315400009450968e-05,9.62939999453738e-05,True,False,False
2026-08-06T16:10:51.657695+00:00,mixed_pdv_loss_holdover,231.4960886569954,0.0,0.0,healthy,safe_default,no anomaly above configured threshold,0.00012298600006488414,0.00014536599996972654,True,False,False
2026-08-06T16:10:51.789752+00:00,mixed_pdv_loss_holdover,231.69608865699539,0.0,0.0,healthy,safe_default,no anomaly above configured threshold,9.588399996118824e-05,0.00011384900005850795,True,False,False
2026-08-06T16:10:52.064154+00:00,mixed_pdv_loss_holdover,231.89608865699537,0.0,0.0,healthy,safe_default,no anomaly above configured threshold,6.898699996327196e-05,8.192199993573013e-05,True,False,False
2026-08-06T16:10:52.190863+00:00,mixed_pdv_loss_holdover,232.09608865699536,0.0,0.0,healthy,safe_default,no anomaly above configured threshold,6.919300005847617e-05,8.212700004150975e-05,True,False,False
2026-08-06T16:10:52.441509+00:00,mixed_pdv_loss_holdover,232.29608865699535,0.0,0.0,healthy,safe_default,no anomaly above configured threshold,8.808199993382004e-05,0.00010173499993015866,True,False,False
2026-08-06T16:10:52.608269+00:00,mixed_pdv_loss_holdover,232.49608865699534,0.0,0.0,healthy,safe_default,no anomaly above configured threshold,0.00010317299995676876,0.00012093299994830886,True,False,False
2026-08-06T16:10:52.884839+00:00,mixed_pdv_loss_holdover,232.69608865699533,0.0,0.0,healthy,safe_default,no anomaly above configured threshold,0.00011918699999569071,0.0001390010000932307,True,False,False
2026-08-06T16:10:53.040426+00:00,mixed_pdv_loss_holdover,232.89608865699532,0.0,0.0,healthy,safe_default,no anomaly above configured threshold,0.00012319100005697692,0.00014454400002250622,True,False,False
2026-08-06T16:10:53.448522+00:00,mixed_pdv_loss_holdover,233.2960886569953,0.0,0.0,healthy,safe_default,no anomaly above configured threshold,0.00011631200004558195,0.00013704999992114608,True,False,False
2026-08-06T16:10:53.590988+00:00,mixed_pdv_loss_holdover,233.49608865699528,0.0,0.0,healthy,safe_default,no anomaly above configured threshold,0.0001115899999604153,0.00012965799999165029,True,False,False
2026-08-06T16:10:53.844347+00:00,mixed_pdv_loss_holdover,233.69608865699527,0.0,0.0,healthy,safe_default,no anomaly above configured threshold,0.00012175300003036682,0.0001447500000040236,True,False,False
2026-08-06T16:10:53.977948+00:00,mixed_pdv_loss_holdover,233.89608865699526,0.0,0.0,healthy,safe_default,no anomaly above configured threshold,0.00011364299996330374,0.0001906380000491481,True,False,False
2026-08-06T16:10:54.244916+00:00,mixed_pdv_loss_holdover,234.09608865699525,0.0,0.0,healthy,safe_default,no anomaly above configured threshold,0.00016435700001693476,0.0001877639999747771,True,False,False
2026-08-06T16:10:54.405454+00:00,mixed_pdv_loss_holdover,234.29608865699524,0.0,0.0,healthy,safe_default,no anomaly above configured threshold,7.658399999854737e-05,9.013400006097072e-05,True,False,False
2026-08-06T16:10:54.656360+00:00,mixed_pdv_loss_holdover,234.49608865699523,0.0,0.0,healthy,safe_default,no anomaly above configured threshold,0.00010717700001805497,0.0001267839999172793,True,False,False
2026-08-06T16:10:54.791923+00:00,mixed_pdv_loss_holdover,234.69608865699522,0.0,0.0,healthy,safe_default,no anomaly above configured threshold,0.00011508099998991383,0.00013807599998472142,True,False,False
2026-08-06T16:10:55.036144+00:00,mixed_pdv_loss_holdover,234.8960886569952,0.0,0.0,healthy,safe_default,no anomaly above configured threshold,9.947699993517745e-05,0.00011692900000070949,True,False,False
2026-08-06T16:10:55.162734+00:00,mixed_pdv_loss_holdover,235.0960886569952,0.0,0.0,healthy,safe_default,no anomaly above configured threshold,6.908999989718723e-05,8.171699994363735e-05,True,False,False
2026-08-06T16:10:55.430571+00:00,mixed_pdv_loss_holdover,235.29608865699518,0.0,0.0,healthy,safe_default,no anomaly above configured threshold,7.689199992455542e-05,9.105900005579315e-05,True,False,False
2026-08-06T16:10:55.582673+00:00,mixed_pdv_loss_holdover,235.49608865699517,0.0,0.0,healthy,safe_default,no anomaly above configured threshold,0.00010676600004444481,0.00021948500000235072,True,False,False
2026-08-06T16:10:55.867735+00:00,mixed_pdv_loss_holdover,235.69608865699516,0.0,0.0,healthy,safe_default,no anomaly above configured threshold,0.00011446499991052406,0.00013438000007681694,True,False,False
2026-08-06T16:10:55.989940+00:00,mixed_pdv_loss_holdover,235.89608865699515,0.0,0.0,healthy,safe_default,no anomaly above configured threshold,0.00012472999992496625,0.00014505799993003166,True,False,False
2026-08-06T16:10:56.272327+00:00,mixed_pdv_loss_holdover,236.09608865699514,0.0,0.0,healthy,safe_default,no anomaly above configured threshold,0.0001052249999702326,0.0001255519999858734,True,False,False
2026-08-06T16:10:56.436059+00:00,mixed_pdv_loss_holdover,236.29608865699512,0.0,0.0,healthy,safe_default,no anomaly above configured threshold,0.00012514200000168785,0.0003671079999776339,True,False,False
2026-08-06T16:10:56.813242+00:00,mixed_pdv_loss_holdover,236.6960886569951,0.0,0.0,healthy,safe_default,no anomaly above configured threshold,0.00019638600008420326,0.0002183560000048601,True,False,False
2026-08-06T16:10:56.937477+00:00,mixed_pdv_loss_holdover,236.8960886569951,0.0,0.0,healthy,safe_default,no anomaly above configured threshold,0.00014967600009185844,0.00017041399996742257,True,False,False
2026-08-06T16:10:57.233270+00:00,mixed_pdv_loss_holdover,237.09608865699508,0.0,0.0,healthy,safe_default,no anomaly above configured threshold,0.00011908400006177544,0.00013951300002190692,True,False,False
2026-08-06T16:10:57.363559+00:00,mixed_pdv_loss_holdover,237.29608865699507,0.0,0.0,healthy,safe_default,no anomaly above configured threshold,0.00012021400004869065,0.00014136100003270258,True,False,False
2026-08-06T16:10:57.596168+00:00,mixed_pdv_loss_holdover,237.49608865699506,0.0,0.0,healthy,safe_default,no anomaly above configured threshold,6.601000006867253e-05,7.822600002782565e-05,True,False,False
2026-08-06T16:10:57.832199+00:00,mixed_pdv_loss_holdover,237.69608865699504,0.0,0.0,healthy,safe_default,no anomaly above configured threshold,7.206700001916033e-05,8.541199997580406e-05,True,False,False
2026-08-06T16:10:57.948513+00:00,mixed_pdv_loss_holdover,237.89608865699503,0.0,0.0,healthy,safe_default,no anomaly above configured threshold,0.00020049300007940474,0.00022595199993702408,True,False,False
2026-08-06T16:10:58.225784+00:00,mixed_pdv_loss_holdover,238.09608865699502,0.0,0.0,healthy,safe_default,no anomaly above configured threshold,9.557599992149335e-05,0.00011374600001090585,True,False,False
2026-08-06T16:10:58.376946+00:00,mixed_pdv_loss_holdover,238.296088656995,0.0,0.0,healthy,safe_default,no anomaly above configured threshold,0.000114568000071813,0.00020757699996920564,True,False,False
2026-08-06T16:10:58.659466+00:00,mixed_pdv_loss_holdover,238.496088656995,0.0,0.0,healthy,safe_default,no anomaly above configured threshold,8.982600002127583e-05,0.00010348000000703905,True,False,False
2026-08-06T16:10:58.794758+00:00,mixed_pdv_loss_holdover,238.696088656995,0.0,0.0,healthy,safe_default,no anomaly above configured threshold,9.095600000819104e-05,0.00010871599999973114,True,False,False
2026-08-06T16:10:59.067979+00:00,mixed_pdv_loss_holdover,238.89608865699498,0.0,0.0,healthy,safe_default,no anomaly above configured threshold,8.879999995770049e-05,0.00010358299994095432,True,False,False
2026-08-06T16:10:59.221961+00:00,mixed_pdv_loss_holdover,239.09608865699497,0.0,0.0,healthy,safe_default,no anomaly above configured threshold,0.00010789399993882398,0.0001272970000627538,True,False,False
2026-08-06T16:10:59.617611+00:00,mixed_pdv_loss_holdover,239.49608865699494,0.0,0.0,healthy,safe_default,no anomaly above configured threshold,0.00020706299994799338,0.00023344700002780883,True,False,False
2026-08-06T16:10:59.752131+00:00,mixed_pdv_loss_holdover,239.69608865699493,0.0,0.0,healthy,safe_default,no anomaly above configured threshold,7.945800007291837e-05,9.311199994499475e-05,True,False,False
2026-08-06T16:11:00.026978+00:00,mixed_pdv_loss_holdover,239.89608865699492,0.0,0.0,healthy,safe_default,no anomaly above configured threshold,0.00011723600005097978,0.00013746000001901848,True,False,False
2026-08-06T16:11:00.144863+00:00,mixed_pdv_loss_holdover,240.0960886569949,0.0,0.0,healthy,safe_default,no anomaly above configured threshold,7.340100000874372e-05,8.664400002089678e-05,True,False,False
2026-08-06T16:11:00.389332+00:00,mixed_pdv_loss_holdover,240.2960886569949,0.0,0.0,healthy,safe_default,no anomaly above configured threshold,6.385400001818198e-05,7.60699999773351e-05,True,False,False
2026-08-06T16:11:00.665885+00:00,mixed_pdv_loss_holdover,240.49608865699489,0.0,0.0,healthy,safe_default,no anomaly above configured threshold,7.453099999565893e-05,8.849200003169244e-05,True,False,False
2026-08-06T16:11:00.788976+00:00,mixed_pdv_loss_holdover,240.69608865699487,0.0,0.0,healthy,safe_default,no anomaly above configured threshold,0.0001271940000151517,0.0001538850000315506,True,False,False
2026-08-06T16:11:01.071045+00:00,mixed_pdv_loss_holdover,240.89608865699486,0.0,0.0,healthy,safe_default,no anomaly above configured threshold,9.294900007716933e-05,0.00011103999997885694,True,False,False
2026-08-06T16:11:01.205821+00:00,mixed_pdv_loss_holdover,241.09608865699485,0.0,0.0,healthy,safe_default,no anomaly above configured threshold,0.00012328100001468556,0.00014516399994590756,True,False,False
2026-08-06T16:11:01.551558+00:00,mixed_pdv_loss_holdover,241.29608865699484,0.0,0.0,healthy,safe_default,no anomaly above configured threshold,0.00012620600000445847,0.00015036399997825356,True,False,False
2026-08-06T16:11:01.938894+00:00,mixed_pdv_loss_holdover,241.8960886569948,0.0,0.0,healthy,safe_default,no anomaly above configured threshold,0.00011894800002210104,0.00014039800009868486,True,False,False
2026-08-06T16:11:02.211440+00:00,mixed_pdv_loss_holdover,242.0960886569948,0.0,0.0,healthy,safe_default,no anomaly above configured threshold,9.251500000573287e-05,0.00011049800002638221,True,False,False
2026-08-06T16:11:02.372688+00:00,mixed_pdv_loss_holdover,242.29608865699478,0.0,0.0,healthy,safe_default,no anomaly above configured threshold,0.0002760290000196619,0.00030386999992515484,True,False,False
2026-08-06T16:11:02.644995+00:00,mixed_pdv_loss_holdover,242.49608865699477,0.0,0.0,healthy,safe_default,no anomaly above configured threshold,0.00011093199998413183,0.00013151400003152958,True,False,False
2026-08-06T16:11:02.768426+00:00,mixed_pdv_loss_holdover,242.69608865699476,0.0,0.0,healthy,safe_default,no anomaly above configured threshold,8.157299998856615e-05,9.57649999691057e-05,True,False,False
2026-08-06T16:11:03.035033+00:00,mixed_pdv_loss_holdover,242.89608865699475,0.0,0.0,healthy,safe_default,no anomaly above configured threshold,0.00010518999999931111,0.00012436400004389725,True,False,False
2026-08-06T16:11:03.197101+00:00,mixed_pdv_loss_holdover,243.09608865699474,0.0,0.0,healthy,safe_default,no anomaly above configured threshold,0.00012111500006994902,0.00014028999999027292,True,False,False
2026-08-06T16:11:03.485300+00:00,mixed_pdv_loss_holdover,243.29608865699473,0.0,0.0,healthy,safe_default,no anomaly above configured threshold,9.479000004830596e-05,0.00010952299999189563,True,False,False
2026-08-06T16:11:03.639291+00:00,mixed_pdv_loss_holdover,243.49608865699471,0.0,0.0,healthy,safe_default,no anomaly above configured threshold,0.00016899800004921417,0.00019207200000437297,True,False,False
2026-08-06T16:11:04.037660+00:00,mixed_pdv_loss_holdover,243.8960886569947,0.0,0.0,healthy,safe_default,no anomaly above configured threshold,9.804000001167879e-05,0.00011363999999502994,True,False,False
2026-08-06T16:11:04.187698+00:00,mixed_pdv_loss_holdover,244.09608865699468,0.0,0.0,healthy,safe_default,no anomaly above configured threshold,0.00011114799997358205,0.00013249000005544076,True,False,False
2026-08-06T16:11:04.458186+00:00,mixed_pdv_loss_holdover,244.29608865699467,0.0,0.0,healthy,safe_default,no anomaly above configured threshold,0.0001155900000640031,0.0001359560000082638,True,False,False
2026-08-06T16:11:04.613030+00:00,mixed_pdv_loss_holdover,244.49608865699466,0.0,0.0,healthy,safe_default,no anomaly above configured threshold,0.00011233999998694344,0.00013303100001849089,True,False,False
2026-08-06T16:11:04.898222+00:00,mixed_pdv_loss_holdover,244.69608865699465,0.0,0.0,healthy,safe_default,no anomaly above configured threshold,0.0001255569999329964,0.00014884799998071685,True,False,False
2026-08-06T16:11:05.041507+00:00,mixed_pdv_loss_holdover,244.89608865699464,0.0,0.0,healthy,safe_default,no anomaly above configured threshold,8.460700007617561e-05,9.868999995887862e-05,True,False,False
2026-08-06T16:11:05.454744+00:00,mixed_pdv_loss_holdover,245.2960886569946,0.0,0.0,healthy,safe_default,no anomaly above configured threshold,8.590700008426211e-05,0.00010074799990889005,True,False,False
2026-08-06T16:11:05.605168+00:00,mixed_pdv_loss_holdover,245.4960886569946,0.0,0.0,healthy,safe_default,no anomaly above configured threshold,0.00012187300001187396,0.00014169700000365992,True,False,False
2026-08-06T16:11:05.886575+00:00,mixed_pdv_loss_holdover,245.6960886569946,0.0,0.0,healthy,safe_default,no anomaly above configured threshold,7.420700001148361e-05,8.764000006067363e-05,True,False,False
2026-08-06T16:11:06.013545+00:00,mixed_pdv_loss_holdover,245.89608865699458,0.0,0.0,healthy,safe_default,no anomaly above configured threshold,0.00012707299993053311,0.00014960600003632862,True,False,False
2026-08-06T16:11:06.427619+00:00,mixed_pdv_loss_holdover,246.29608865699456,0.0,0.0,healthy,safe_default,no anomaly above configured threshold,0.00014050599997972313,0.00015978900000845897,True,False,False
2026-08-06T16:11:06.607593+00:00,mixed_pdv_loss_holdover,246.49608865699454,0.0,0.0,healthy,safe_default,no anomaly above configured threshold,9.424899997156899e-05,0.00011071500000525702,True,False,False
2026-08-06T16:11:06.897630+00:00,mixed_pdv_loss_holdover,246.69608865699453,0.0,0.0,healthy,safe_default,no anomaly above configured threshold,0.0001518810000789017,0.00032640300003095035,True,False,False
2026-08-06T16:11:07.046441+00:00,mixed_pdv_loss_holdover,246.89608865699452,0.0,0.0,healthy,safe_default,no anomaly above configured threshold,0.00010280599997258832,0.00012338900000941067,True,False,False
2026-08-06T16:11:07.594729+00:00,mixed_pdv_loss_holdover,247.4960886569945,0.0,0.0,healthy,safe_default,no anomaly above configured threshold,0.00013931399996636173,0.00016238900002463197,True,False,False
2026-08-06T16:11:07.857034+00:00,mixed_pdv_loss_holdover,247.69608865699448,0.0,0.0,healthy,safe_default,no anomaly above configured threshold,0.00012891400001535658,0.00015036399997825356,True,False,False
2026-08-06T16:11:07.998573+00:00,mixed_pdv_loss_holdover,247.89608865699446,0.0,0.0,healthy,safe_default,no anomaly above configured threshold,9.868300003290642e-05,0.00011347999998179148,True,False,False
2026-08-06T16:11:08.262595+00:00,mixed_pdv_loss_holdover,248.09608865699445,0.0,0.0,healthy,safe_default,no anomaly above configured threshold,0.00011967800003276352,0.00014167399990583363,True,False,False
2026-08-06T16:11:08.410241+00:00,mixed_pdv_loss_holdover,248.29608865699444,0.0,0.0,healthy,safe_default,no anomaly above configured threshold,9.798200005661784e-05,0.0001184789999797431,True,False,False
2026-08-06T16:11:08.763583+00:00,mixed_pdv_loss_holdover,248.69608865699442,0.0,0.0,healthy,safe_default,no anomaly above configured threshold,7.058699998196971e-05,8.288499998343468e-05,True,False,False
2026-08-06T16:11:08.996090+00:00,mixed_pdv_loss_holdover,248.8960886569944,0.0,0.0,healthy,safe_default,no anomaly above configured threshold,9.059900003194343e-05,0.00014539799997237424,True,False,False
2026-08-06T16:11:09.251706+00:00,mixed_pdv_loss_holdover,249.0960886569944,0.0,0.0,healthy,safe_default,no anomaly above configured threshold,0.00022889699994266266,0.00025459599999066995,True,False,False
2026-08-06T16:11:09.404541+00:00,mixed_pdv_loss_holdover,249.29608865699439,0.0,0.0,healthy,safe_default,no anomaly above configured threshold,0.0001041990000203441,0.00012459799995667709,True,False,False
2026-08-06T16:11:09.667055+00:00,mixed_pdv_loss_holdover,249.49608865699437,0.0,0.0,healthy,safe_default,no anomaly above configured threshold,0.00010579900003904186,0.00012589800007845042,True,False,False
2026-08-06T16:11:09.819005+00:00,mixed_pdv_loss_holdover,249.69608865699436,0.0,0.0,healthy,safe_default,no anomaly above configured threshold,0.00011719799999809766,0.00013729799991324398,True,False,False
2026-08-06T16:11:10.206079+00:00,mixed_pdv_loss_holdover,250.09608865699434,0.0,0.0,healthy,safe_default,no anomaly above configured threshold,0.00014249800005927682,0.00021309700002802856,True,False,False
2026-08-06T16:11:10.465140+00:00,mixed_pdv_loss_holdover,250.29608865699433,0.0,0.0,healthy,safe_default,no anomaly above configured threshold,8.079899998847395e-05,9.369800000058603e-05,True,False,False
2026-08-06T16:11:10.600263+00:00,mixed_pdv_loss_holdover,250.49608865699432,0.0,0.0,healthy,safe_default,no anomaly above configured threshold,9.369800000058603e-05,0.00010949800002890697,True,False,False
2026-08-06T16:11:10.859463+00:00,mixed_pdv_loss_holdover,250.6960886569943,0.0,0.0,healthy,safe_default,no anomaly above configured threshold,8.389900006022799e-05,9.929800000918476e-05,True,False,False
2026-08-06T16:11:10.987745+00:00,mixed_pdv_loss_holdover,250.8960886569943,0.0,0.0,healthy,safe_default,no anomaly above configured threshold,7.729799995104258e-05,9.129800002938282e-05,True,False,False
2026-08-06T16:11:11.240427+00:00,mixed_pdv_loss_holdover,251.09608865699428,0.0,0.0,healthy,safe_default,no anomaly above configured threshold,7.629800006725418e-05,8.87979999788513e-05,True,False,False
2026-08-06T16:11:11.386335+00:00,mixed_pdv_loss_holdover,251.29608865699427,0.0,0.0,healthy,safe_default,no anomaly above configured threshold,7.6099000011709e-05,8.889899993391737e-05,True,False,False
2026-08-06T16:11:11.621369+00:00,mixed_pdv_loss_holdover,251.49608865699426,0.0,0.0,healthy,safe_default,no anomaly above configured threshold,9.71980000485928e-05,0.00011449800001628319,True,False,False
2026-08-06T16:11:11.785704+00:00,mixed_pdv_loss_holdover,251.69608865699425,0.0,0.0,healthy,safe_default,no anomaly above configured threshold,0.00011669800005620345,0.0001397979999637755,True,False,False
2026-08-06T16:11:12.048447+00:00,mixed_pdv_loss_holdover,251.89608865699424,0.0,0.0,healthy,safe_default,no anomaly above configured threshold,0.00011659900007998658,0.00013709699999253644,True,False,False
2026-08-06T16:11:12.206996+00:00,mixed_pdv_loss_holdover,252.09608865699423,0.0,0.0,healthy,safe_default,no anomaly above configured threshold,8.919800006879086e-05,0.00010539799995967769,True,False,False
2026-08-06T16:11:12.472011+00:00,mixed_pdv_loss_holdover,252.29608865699421,0.0,0.0,healthy,safe_default,no anomaly above configured threshold,0.00013129800004207937,0.00015359799999714596,True,False,False
2026-08-06T16:11:12.638701+00:00,mixed_pdv_loss_holdover,252.4960886569942,0.0,0.0,healthy,safe_default,no anomaly above configured threshold,7.999899992228166e-05,9.369800000058603e-05,True,False,False
2026-08-06T16:11:13.044462+00:00,mixed_pdv_loss_holdover,252.89608865699418,0.0,0.0,healthy,safe_default,no anomaly above configured threshold,0.00035809500002415007,0.0003820929999847067,True,False,False
2026-08-06T16:11:13.166468+00:00,mixed_pdv_loss_holdover,253.09608865699417,0.0,0.0,healthy,safe_default,no anomaly above configured threshold,0.00012229799995111534,0.00014249799994558998,True,False,False
2026-08-06T16:11:13.471992+00:00,mixed_pdv_loss_holdover,253.29608865699416,0.0,0.0,healthy,safe_default,no anomaly above configured threshold,0.0006125910000491785,0.0006964890000062951,True,False,False
2026-08-06T16:11:13.613988+00:00,mixed_pdv_loss_holdover,253.49608865699415,0.0,0.0,healthy,safe_default,no anomaly above configured threshold,7.239900003241928e-05,8.509899998898618e-05,True,False,False
2026-08-06T16:11:13.967208+00:00,mixed_pdv_loss_holdover,253.89608865699412,0.0,0.0,healthy,safe_default,no anomaly above configured threshold,9.879800006729056e-05,0.00011499799995817739,True,False,False
2026-08-06T16:11:14.226537+00:00,mixed_pdv_loss_holdover,254.0960886569941,0.0,0.0,healthy,safe_default,no anomaly above configured threshold,0.00011389799999506067,0.00013419799995517678,True,False,False
2026-08-06T16:11:14.380928+00:00,mixed_pdv_loss_holdover,254.2960886569941,0.0,0.0,healthy,safe_default,no anomaly above configured threshold,0.00011179800003446871,0.00013159799993900378,True,False,False
2026-08-06T16:11:14.661994+00:00,mixed_pdv_loss_holdover,254.4960886569941,0.0,0.0,healthy,safe_default,no anomaly above configured threshold,0.00010939899993900326,0.00012929800004712888,True,False,False
2026-08-06T16:11:14.813074+00:00,mixed_pdv_loss_holdover,254.69608865699408,0.0,0.0,healthy,safe_default,no anomaly above configured threshold,8.169900002030772e-05,9.389799993186898e-05,True,False,False
2026-08-06T16:11:15.237942+00:00,mixed_pdv_loss_holdover,255.09608865699406,0.0,0.0,healthy,safe_default,no anomaly above configured threshold,9.779799995612848e-05,0.0001150980000375057,True,False,False
2026-08-06T16:11:15.377772+00:00,mixed_pdv_loss_holdover,255.29608865699404,0.0,0.0,healthy,safe_default,no anomaly above configured threshold,0.00010479800005214202,0.00012139800003296841,True,False,False
2026-08-06T16:11:15.640218+00:00,mixed_pdv_loss_holdover,255.49608865699403,0.0,0.0,healthy,safe_default,no anomaly above configured threshold,0.00011699799995312787,0.00013789700005872874,True,False,False
2026-08-06T16:11:15.764532+00:00,mixed_pdv_loss_holdover,255.69608865699402,0.0,0.0,healthy,safe_default,no anomaly above configured threshold,9.019899994200387e-05,0.00010399799998594972,True,False,False
2026-08-06T16:11:16.015349+00:00,mixed_pdv_loss_holdover,255.896088656994,0.0,0.0,healthy,safe_default,no anomaly above configured threshold,7.369900004050578e-05,8.599900002081995e-05,True,False,False
2026-08-06T16:11:16.175450+00:00,mixed_pdv_loss_holdover,256.096088656994,0.0,0.0,healthy,safe_default,no anomaly above configured threshold,8.099900003344374e-05,9.499800000867253e-05,True,False,False
2026-08-06T16:11:16.423598+00:00,mixed_pdv_loss_holdover,256.296088656994,0.0,0.0,healthy,safe_default,no anomaly above configured threshold,6.409900004200608e-05,7.599900004606752e-05,True,False,False
2026-08-06T16:11:16.541459+00:00,mixed_pdv_loss_holdover,256.496088656994,0.0,0.0,healthy,safe_default,no anomaly above configured threshold,0.00011669799994251662,0.00016449700001430756,True,False,False
2026-08-06T16:11:16.816339+00:00,mixed_pdv_loss_holdover,256.696088656994,0.0,0.0,healthy,safe_default,no anomaly above configured threshold,0.00011669799994251662,0.00013519800006633886,True,False,False
2026-08-06T16:11:16.964831+00:00,mixed_pdv_loss_holdover,256.896088656994,0.0,0.0,healthy,safe_default,no anomaly above configured threshold,9.050899996054795e-05,0.00010421000001770153,True,False,False
2026-08-06T16:11:17.226672+00:00,mixed_pdv_loss_holdover,257.09608865699397,0.0,0.0,healthy,safe_default,no anomaly above configured threshold,0.00010151000003588706,0.00012001199991118483,True,False,False
2026-08-06T16:11:17.403955+00:00,mixed_pdv_loss_holdover,257.29608865699396,0.0,0.0,healthy,safe_default,no anomaly above configured threshold,0.0001061109999227483,0.00012601299999914772,True,False,False
2026-08-06T16:11:17.672926+00:00,mixed_pdv_loss_holdover,257.49608865699395,0.0,0.0,healthy,safe_default,no anomaly above configured threshold,0.00011861199993745686,0.00013991399998758425,True,False,False
2026-08-06T16:11:17.802458+00:00,mixed_pdv_loss_holdover,257.69608865699394,0.0,0.0,healthy,safe_default,no anomaly above configured threshold,0.00010631099996771809,0.00012571299998853647,True,False,False
2026-08-06T16:11:18.063562+00:00,mixed_pdv_loss_holdover,257.8960886569939,0.0,0.0,healthy,safe_default,no anomaly above configured threshold,9.830999999849155e-05,0.00011871200001678517,True,False,False
2026-08-06T16:11:18.202544+00:00,mixed_pdv_loss_holdover,258.0960886569939,0.0,0.0,healthy,safe_default,no anomaly above configured threshold,0.00011191099997631682,0.00013221300002896896,True,False,False
2026-08-06T16:11:18.482863+00:00,mixed_pdv_loss_holdover,258.2960886569939,0.0,0.0,healthy,safe_default,no anomaly above configured threshold,0.0002024200000505516,0.00022122200005014747,True,False,False
2026-08-06T16:11:18.633010+00:00,mixed_pdv_loss_holdover,258.4960886569939,0.0,0.0,healthy,safe_default,no anomaly above configured threshold,8.570800002871692e-05,9.780999994291051e-05,True,False,False
2026-08-06T16:11:19.011901+00:00,mixed_pdv_loss_holdover,258.89608865699387,0.0,0.0,healthy,safe_default,no anomaly above configured threshold,0.0001145990000850361,0.00013399900001331844,True,False,False
2026-08-06T16:11:19.163231+00:00,mixed_pdv_loss_holdover,259.09608865699386,0.0,0.0,healthy,safe_default,no anomaly above configured threshold,7.539900002484501e-05,8.809899998141191e-05,True,False,False
2026-08-06T16:11:19.433356+00:00,mixed_pdv_loss_holdover,259.29608865699385,0.0,0.0,healthy,safe_default,no anomaly above configured threshold,0.0004744979999031784,0.000512097000068934,True,False,False
2026-08-06T16:11:19.593234+00:00,mixed_pdv_loss_holdover,259.49608865699383,0.0,0.0,healthy,safe_default,no anomaly above configured threshold,0.00011390000008759671,0.00013399900001331844,True,False,False
2026-08-06T16:11:19.836283+00:00,mixed_pdv_loss_holdover,259.6960886569938,0.0,0.0,healthy,safe_default,no anomaly above configured threshold,0.00010189900001478236,0.000119498999993084,True,False,False
2026-08-06T16:11:20.006830+00:00,mixed_pdv_loss_holdover,259.8960886569938,0.0,0.0,healthy,safe_default,no anomaly above configured threshold,0.00010249900003600487,0.00011829900006432581,True,False,False
2026-08-06T16:11:20.281560+00:00,mixed_pdv_loss_holdover,260.0960886569938,0.0,0.0,healthy,safe_default,no anomaly above configured threshold,7.639899990863341e-05,8.969900000010966e-05,True,False,False
2026-08-06T16:11:20.419758+00:00,mixed_pdv_loss_holdover,260.2960886569938,0.0,0.0,healthy,safe_default,no anomaly above configured threshold,8.589900005517848e-05,0.00010059900000669586,True,False,False
2026-08-06T16:11:20.804008+00:00,mixed_pdv_loss_holdover,260.69608865699377,0.0,0.0,healthy,safe_default,no anomaly above configured threshold,7.119899998997425e-05,8.269900001778296e-05,True,False,False
2026-08-06T16:11:21.047106+00:00,mixed_pdv_loss_holdover,260.89608865699375,0.0,0.0,healthy,safe_default,no anomaly above configured threshold,5.859899999904883e-05,6.95989999712765e-05,True,False,False
2026-08-06T16:11:21.146674+00:00,mixed_pdv_loss_holdover,261.09608865699374,0.0,0.0,healthy,safe_default,no anomaly above configured threshold,7.779899999604822e-05,8.899900001324568e-05,True,False,False
2026-08-06T16:11:21.388054+00:00,mixed_pdv_loss_holdover,261.29608865699373,0.0,0.0,healthy,safe_default,no anomaly above configured threshold,0.0001955989999942176,0.00021669899990683916,True,False,False
2026-08-06T16:11:21.642731+00:00,mixed_pdv_loss_holdover,261.4960886569937,0.0,0.0,healthy,safe_default,no anomaly above configured threshold,9.969899997486209e-05,0.00016969899991181592,True,False,False
2026-08-06T16:11:21.772409+00:00,mixed_pdv_loss_holdover,261.6960886569937,0.0,0.0,healthy,safe_default,no anomaly above configured threshold,0.00010429899998598557,0.00011729899995316373,True,False,False
2026-08-06T16:11:22.047788+00:00,mixed_pdv_loss_holdover,261.8960886569937,0.0,0.0,healthy,safe_default,no anomaly above configured threshold,0.0002025979999871197,0.00022889799993208726,True,False,False
2026-08-06T16:11:22.192815+00:00,mixed_pdv_loss_holdover,262.0960886569937,0.0,0.0,healthy,safe_default,no anomaly above configured threshold,0.00010179899993545405,0.00012109900001178175,True,False,False
2026-08-06T16:11:22.482471+00:00,mixed_pdv_loss_holdover,262.2960886569937,0.0,0.0,healthy,safe_default,no anomaly above configured threshold,0.00010009900006480166,0.00011789899997438624,True,False,False
2026-08-06T16:11:22.625675+00:00,mixed_pdv_loss_holdover,262.49608865699366,0.0,0.0,healthy,safe_default,no anomaly above configured threshold,0.00010519900001781934,0.00012409900000420748,True,False,False
2026-08-06T16:11:23.001064+00:00,mixed_pdv_loss_holdover,262.89608865699364,0.0,0.0,healthy,safe_default,no anomaly above configured threshold,8.379999997032428e-05,0.00010109999993801466,True,False,False
2026-08-06T16:11:23.270791+00:00,mixed_pdv_loss_holdover,263.09608865699363,0.0,0.0,healthy,safe_default,no anomaly above configured threshold,0.00011399900006381358,0.00013319900006081298,True,False,False
2026-08-06T16:11:23.388406+00:00,mixed_pdv_loss_holdover,263.2960886569936,0.0,0.0,healthy,safe_default,no anomaly above configured threshold,0.000102400000059788,0.00011989999995876133,True,False,False
2026-08-06T16:11:23.667569+00:00,mixed_pdv_loss_holdover,263.4960886569936,0.0,0.0,healthy,safe_default,no anomaly above configured threshold,0.0001049990000865364,0.00012419899996984896,True,False,False
2026-08-06T16:11:23.819978+00:00,mixed_pdv_loss_holdover,263.6960886569936,0.0,0.0,healthy,safe_default,no anomaly above configured threshold,7.139900003494404e-05,8.379899998089968e-05,True,False,False
2026-08-06T16:11:24.182592+00:00,mixed_pdv_loss_holdover,264.0960886569936,0.0,0.0,healthy,safe_default,no anomaly above configured threshold,0.0001348990000451522,0.0001553990000502381,True,False,False
2026-08-06T16:11:24.474086+00:00,mixed_pdv_loss_holdover,264.29608865699356,0.0,0.0,healthy,safe_default,no anomaly above configured threshold,0.00017369900001540373,0.00019389900000987836,True,False,False
2026-08-06T16:11:24.630519+00:00,mixed_pdv_loss_holdover,264.49608865699355,0.0,0.0,healthy,safe_default,no anomaly above configured threshold,8.850000006077607e-05,0.00010779900003399234,True,False,False
2026-08-06T16:11:25.031770+00:00,mixed_pdv_loss_holdover,264.8960886569935,0.0,0.0,healthy,safe_default,no anomaly above configured threshold,0.00011170100003710104,0.00013160099990727758,True,False,False
2026-08-06T16:11:25.178095+00:00,mixed_pdv_loss_holdover,265.0960886569935,0.0,0.0,healthy,safe_default,no anomaly above configured threshold,0.000176199999941673,0.0001948999999967782,True,False,False
2026-08-06T16:11:25.451693+00:00,mixed_pdv_loss_holdover,265.2960886569935,0.0,0.0,healthy,safe_default,no anomaly above configured threshold,0.0026938109999719018,0.0030128120000654235,True,False,False
2026-08-06T16:11:25.572380+00:00,mixed_pdv_loss_holdover,265.4960886569935,0.0,0.0,healthy,safe_default,no anomaly above configured threshold,0.00010489999999663269,0.00012379999998302083,True,False,False
2026-08-06T16:11:25.864400+00:00,mixed_pdv_loss_holdover,265.6960886569935,0.0,0.0,healthy,safe_default,no anomaly above configured threshold,0.00017679999996289553,0.00020019999999476568,True,False,False
2026-08-06T16:11:26.015997+00:00,mixed_pdv_loss_holdover,265.89608865699347,0.0,0.0,healthy,safe_default,no anomaly above configured threshold,0.00010710099991229072,0.00012620099994364864,True,False,False
2026-08-06T16:11:26.292590+00:00,mixed_pdv_loss_holdover,266.09608865699346,0.0,0.0,healthy,safe_default,no anomaly above configured threshold,0.0001362000000426633,0.00015700000005836046,True,False,False
2026-08-06T16:11:26.456400+00:00,mixed_pdv_loss_holdover,266.29608865699345,0.0,0.0,healthy,safe_default,no anomaly above configured threshold,0.00013079999996534752,0.00015050000001792796,True,False,False
2026-08-06T16:11:26.816438+00:00,mixed_pdv_loss_holdover,266.6960886569934,0.0,0.0,healthy,safe_default,no anomaly above configured threshold,6.900000005316542e-05,8.079999997789855e-05,True,False,False
2026-08-06T16:11:26.971765+00:00,mixed_pdv_loss_holdover,266.8960886569934,0.0,0.0,healthy,safe_default,no anomaly above configured threshold,9.9800000043615e-05,0.00012219999996432307,True,False,False
2026-08-06T16:11:27.223986+00:00,mixed_pdv_loss_holdover,267.0960886569934,0.0,0.0,healthy,safe_default,no anomaly above configured threshold,0.00011180100000274251,0.0001323010000078284,True,False,False
2026-08-06T16:11:27.372732+00:00,mixed_pdv_loss_holdover,267.2960886569934,0.0,0.0,healthy,safe_default,no anomaly above configured threshold,0.00010880000002089218,0.0001273000000310276,True,False,False
2026-08-06T16:11:27.652438+00:00,mixed_pdv_loss_holdover,267.4960886569934,0.0,0.0,healthy,safe_default,no anomaly above configured threshold,9.67000000855478e-05,0.00011150000000270666,True,False,False
2026-08-06T16:11:27.806819+00:00,mixed_pdv_loss_holdover,267.69608865699337,0.0,0.0,healthy,safe_default,no anomaly above configured threshold,0.00012150000009114592,0.00024330099995495402,True,False,False
2026-08-06T16:11:28.081069+00:00,mixed_pdv_loss_holdover,267.89608865699336,0.0,0.0,healthy,safe_default,no anomaly above configured threshold,0.00010800000006838673,0.00012819999994917453,True,False,False
2026-08-06T16:11:28.222745+00:00,mixed_pdv_loss_holdover,268.09608865699335,0.0,0.0,healthy,safe_default,no anomaly above configured threshold,0.00011829999994006357,0.00013810000007197232,True,False,False
2026-08-06T16:11:28.604566+00:00,mixed_pdv_loss_holdover,268.4960886569933,0.0,0.0,healthy,safe_default,no anomaly above configured threshold,8.880099994712509e-05,0.00010250100001485407,True,False,False
2026-08-06T16:11:28.889006+00:00,mixed_pdv_loss_holdover,268.6960886569933,0.0,0.0,healthy,safe_default,no anomaly above configured threshold,0.00010890099997595826,0.00012830100001792744,True,False,False
2026-08-06T16:11:29.030772+00:00,mixed_pdv_loss_holdover,268.8960886569933,0.0,0.0,healthy,safe_default,no anomaly above configured threshold,0.00013137600001300598,0.00045866499999647203,True,False,False
2026-08-06T16:11:29.426843+00:00,mixed_pdv_loss_holdover,269.2960886569933,0.0,0.0,healthy,safe_default,no anomaly above configured threshold,0.00012185699995370669,0.00013608300002942997,True,False,False
2026-08-06T16:11:29.553756+00:00,mixed_pdv_loss_holdover,269.49608865699327,0.0,0.0,healthy,safe_default,no anomaly above configured threshold,0.0008548849999669983,0.000918167000008907,True,False,False
2026-08-06T16:11:29.798525+00:00,mixed_pdv_loss_holdover,269.69608865699325,0.0,0.0,healthy,safe_default,no anomaly above configured threshold,0.00014539200003582664,0.0001670440000225426,True,False,False
2026-08-06T16:11:30.078348+00:00,mixed_pdv_loss_holdover,269.89608865699324,0.0,0.0,healthy,safe_default,no anomaly above configured threshold,0.00010839300000498042,0.00012482900001486996,True,False,False
2026-08-06T16:11:30.244046+00:00,mixed_pdv_loss_holdover,270.09608865699323,0.0,0.0,healthy,safe_default,no anomaly above configured threshold,0.0002579790000254434,0.0002797199999804434,True,False,False
2026-08-06T16:11:30.684252+00:00,mixed_pdv_loss_holdover,270.4960886569932,0.0,0.0,healthy,safe_default,no anomaly above configured threshold,0.00012617900006262062,0.00014989700002843165,True,False,False
2026-08-06T16:11:30.846679+00:00,mixed_pdv_loss_holdover,270.6960886569932,0.0,0.0,healthy,safe_default,no anomaly above configured threshold,0.00012389199991957867,0.0009468169999991005,True,False,False
2026-08-06T16:11:31.251496+00:00,mixed_pdv_loss_holdover,271.0960886569932,0.0,0.0,healthy,safe_default,no anomaly above configured threshold,0.00021718499999678897,0.00024337499996818224,True,False,False
2026-08-06T16:11:31.416136+00:00,mixed_pdv_loss_holdover,271.29608865699316,0.0,0.0,healthy,safe_default,no anomaly above configured threshold,0.00013447200001337478,0.00015507300008721359,True,False,False
2026-08-06T16:11:31.695227+00:00,mixed_pdv_loss_holdover,271.49608865699315,0.0,0.0,healthy,safe_default,no anomaly above configured threshold,0.00012919199991756614,0.0001521739999361671,True,False,False
2026-08-06T16:11:31.824455+00:00,mixed_pdv_loss_holdover,271.69608865699314,0.0,0.0,healthy,safe_default,no anomaly above configured threshold,0.00011987599998519727,0.00013964899994789448,True,False,False
2026-08-06T16:11:32.241139+00:00,mixed_pdv_loss_holdover,272.0960886569931,0.0,0.0,healthy,safe_default,no anomaly above configured threshold,8.483500005240785e-05,9.823499999583873e-05,True,False,False
2026-08-06T16:11:32.375372+00:00,mixed_pdv_loss_holdover,272.2960886569931,0.0,0.0,healthy,safe_default,no anomaly above configured threshold,0.00010689400005503558,0.00012482999989060772,True,False,False
2026-08-06T16:11:32.655898+00:00,mixed_pdv_loss_holdover,272.4960886569931,0.0,0.0,healthy,safe_default,no anomaly above configured threshold,0.00011050099999465601,0.00012977800008684426,True,False,False
2026-08-06T16:11:32.774547+00:00,mixed_pdv_loss_holdover,272.6960886569931,0.0,0.0,healthy,safe_default,no anomaly above configured threshold,8.318499999404594e-05,9.833800004344084e-05,True,False,False
2026-08-06T16:11:33.037923+00:00,mixed_pdv_loss_holdover,272.8960886569931,0.0,0.0,healthy,safe_default,no anomaly above configured threshold,0.00011625000001913577,0.00013658299997132417,True,False,False
2026-08-06T16:11:33.165083+00:00,mixed_pdv_loss_holdover,273.09608865699306,0.0,0.0,healthy,safe_default,no anomaly above configured threshold,0.00015065299999150739,0.00016841900003328192,True,False,False
2026-08-06T16:11:33.460053+00:00,mixed_pdv_loss_holdover,273.29608865699305,0.0,0.0,healthy,safe_default,no anomaly above configured threshold,0.00011317000007693423,0.0001354540000875204,True,False,False
2026-08-06T16:11:33.617810+00:00,mixed_pdv_loss_holdover,273.49608865699304,0.0,0.0,healthy,safe_default,no anomaly above configured threshold,0.00011080699994181487,0.00013165500001832697,True,False,False
2026-08-06T16:11:33.905674+00:00,mixed_pdv_loss_holdover,273.696088656993,0.0,0.0,healthy,safe_default,no anomaly above configured threshold,0.00010865100000501116,0.0001285729999835894,True,False,False
2026-08-06T16:11:34.067420+00:00,mixed_pdv_loss_holdover,273.896088656993,0.0,0.0,healthy,safe_default,no anomaly above configured threshold,0.0001382849999345126,0.00016029199991862697,True,False,False
2026-08-06T16:11:34.617172+00:00,mixed_pdv_loss_holdover,274.496088656993,0.0,0.0,healthy,safe_default,no anomaly above configured threshold,0.00015456000005542592,0.00017585000000508444,True,False,False
2026-08-06T16:11:34.873227+00:00,mixed_pdv_loss_holdover,274.69608865699297,0.0,0.0,healthy,safe_default,no anomaly above configured threshold,9.242900000572263e-05,0.00010737299999163952,True,False,False
2026-08-06T16:11:35.026387+00:00,mixed_pdv_loss_holdover,274.89608865699296,0.0,0.0,healthy,safe_default,no anomaly above configured threshold,0.00013666199993167538,0.00016136099998220743,True,False,False
2026-08-06T16:11:35.403671+00:00,mixed_pdv_loss_holdover,275.29608865699294,0.0,0.0,healthy,safe_default,no anomaly above configured threshold,0.00011114699998415745,0.00013176300001305208,True,False,False
2026-08-06T16:11:35.643189+00:00,mixed_pdv_loss_holdover,275.4960886569929,0.0,0.0,healthy,safe_default,no anomaly above configured threshold,7.675100005144486e-05,8.991699996840907e-05,True,False,False
2026-08-06T16:11:35.776553+00:00,mixed_pdv_loss_holdover,275.6960886569929,0.0,0.0,healthy,safe_default,no anomaly above configured threshold,0.0002243339999949967,0.00024474600002122315,True,False,False
2026-08-06T16:11:36.073192+00:00,mixed_pdv_loss_holdover,275.8960886569929,0.0,0.0,healthy,safe_default,no anomaly above configured threshold,0.00011849999998503336,0.00013998099996115343,True,False,False
2026-08-06T16:11:36.215277+00:00,mixed_pdv_loss_holdover,276.0960886569929,0.0,0.0,healthy,safe_default,no anomaly above configured threshold,0.00011320700002670492,0.00013499299996055925,True,False,False
2026-08-06T16:11:36.508321+00:00,mixed_pdv_loss_holdover,276.2960886569929,0.0,0.0,healthy,safe_default,no anomaly above configured threshold,0.0001226749999432286,0.00014598800009935076,True,False,False
2026-08-06T16:11:36.655717+00:00,mixed_pdv_loss_holdover,276.49608865699287,0.0,0.0,healthy,safe_default,no anomaly above configured threshold,0.00010414600001240615,0.00012532100004136737,True,False,False
2026-08-06T16:11:37.071267+00:00,mixed_pdv_loss_holdover,276.89608865699284,0.0,0.0,healthy,safe_default,no anomaly above configured threshold,0.00018294400001650502,0.00020833899998251582,True,False,False
2026-08-06T16:11:37.209849+00:00,mixed_pdv_loss_holdover,277.09608865699283,0.0,0.0,healthy,safe_default,no anomaly above configured threshold,0.00012159000004885456,0.0001381479999054136,True,False,False
2026-08-06T16:11:37.492848+00:00,mixed_pdv_loss_holdover,277.2960886569928,0.0,0.0,healthy,safe_default,no anomaly above configured threshold,0.0008616950000259749,0.0010492100000192295,True,False,False
2026-08-06T16:11:37.610343+00:00,mixed_pdv_loss_holdover,277.4960886569928,0.0,0.0,healthy,safe_default,no anomaly above configured threshold,0.0001183399999717949,0.00013723300003221084,True,False,False
2026-08-06T16:11:37.864480+00:00,mixed_pdv_loss_holdover,277.6960886569928,0.0,0.0,healthy,safe_default,no anomaly above configured threshold,0.00010990800001309253,0.00012971700004982267,True,False,False
2026-08-06T16:11:38.003018+00:00,mixed_pdv_loss_holdover,277.8960886569928,0.0,0.0,healthy,safe_default,no anomaly above configured threshold,0.00010422000002563436,0.00012257000003046414,True,False,False
2026-08-06T16:11:38.273627+00:00,mixed_pdv_loss_holdover,278.0960886569928,0.0,0.0,healthy,safe_default,no anomaly above configured threshold,8.262599999397935e-05,9.519699995053088e-05,True,False,False
2026-08-06T16:11:38.404503+00:00,mixed_pdv_loss_holdover,278.29608865699277,0.0,0.0,healthy,safe_default,no anomaly above configured threshold,0.0001516670000683007,0.00017366700001275603,True,False,False
2026-08-06T16:11:38.659766+00:00,mixed_pdv_loss_holdover,278.49608865699275,0.0,0.0,healthy,safe_default,no anomaly above configured threshold,7.045999996080354e-05,8.272699994904542e-05,True,False,False
2026-08-06T16:11:38.798367+00:00,mixed_pdv_loss_holdover,278.69608865699274,0.0,0.0,healthy,safe_default,no anomaly above configured threshold,0.00010685600000215345,0.00012662500000715227,True,False,False
2026-08-06T16:11:39.055495+00:00,mixed_pdv_loss_holdover,278.89608865699273,0.0,0.0,healthy,safe_default,no anomaly above configured threshold,0.0014637809999840101,0.0015249110000468136,True,False,False
2026-08-06T16:11:39.194681+00:00,mixed_pdv_loss_holdover,279.0960886569927,0.0,0.0,healthy,safe_default,no anomaly above configured threshold,0.00011841399998502311,0.0001391619999822069,True,False,False
2026-08-06T16:11:39.462858+00:00,mixed_pdv_loss_holdover,279.2960886569927,0.0,0.0,healthy,safe_default,no anomaly above configured threshold,0.00013147100003152445,0.00015525399999205547,True,False,False
2026-08-06T16:11:39.588890+00:00,mixed_pdv_loss_holdover,279.4960886569927,0.0,0.0,healthy,safe_default,no anomaly above configured threshold,0.00010414400003355695,0.0001228670000728016,True,False,False
2026-08-06T16:11:39.915291+00:00,mixed_pdv_loss_holdover,279.6960886569927,0.0,0.0,healthy,safe_default,no anomaly above configured threshold,0.00011355600008755573,0.00013349399989692756,True,False,False
2026-08-06T16:11:40.055172+00:00,mixed_pdv_loss_holdover,279.8960886569927,0.0,0.0,healthy,safe_default,no anomaly above configured threshold,7.589400001961621e-05,8.822300003430428e-05,True,False,False
2026-08-06T16:11:40.438918+00:00,mixed_pdv_loss_holdover,280.29608865699265,0.0,0.0,healthy,safe_default,no anomaly above configured threshold,0.00019392899991999002,0.00032116099998802383,True,False,False
2026-08-06T16:11:40.595399+00:00,mixed_pdv_loss_holdover,280.49608865699264,0.0,0.0,healthy,safe_default,no anomaly above configured threshold,0.00012116799996420013,0.0001421879999270459,True,False,False
2026-08-06T16:11:40.838303+00:00,mixed_pdv_loss_holdover,280.69608865699263,0.0,0.0,healthy,safe_default,no anomaly above configured threshold,8.337300005223369e-05,9.832900002493261e-05,True,False,False
2026-08-06T16:11:40.996164+00:00,mixed_pdv_loss_holdover,280.8960886569926,0.0,0.0,healthy,safe_default,no anomaly above configured threshold,0.00015411300000778283,0.00017897200007155334,True,False,False
2026-08-06T16:11:41.253268+00:00,mixed_pdv_loss_holdover,281.0960886569926,0.0,0.0,healthy,safe_default,no anomaly above configured threshold,7.368100000348932e-05,8.718800006590754e-05,True,False,False
2026-08-06T16:11:41.387839+00:00,mixed_pdv_loss_holdover,281.2960886569926,0.0,0.0,healthy,safe_default,no anomaly above configured threshold,5.71499999750813e-05,6.884300000820076e-05,True,False,False
2026-08-06T16:11:41.627274+00:00,mixed_pdv_loss_holdover,281.4960886569926,0.0,0.0,healthy,safe_default,no anomaly above configured threshold,0.00010109699996974086,0.00011359600000560022,True,False,False
2026-08-06T16:11:41.776097+00:00,mixed_pdv_loss_holdover,281.6960886569926,0.0,0.0,healthy,safe_default,no anomaly above configured threshold,6.803600001603627e-05,8.013199999368226e-05,True,False,False
2026-08-06T16:11:42.037471+00:00,mixed_pdv_loss_holdover,281.89608865699256,0.0,0.0,healthy,safe_default,no anomaly above configured threshold,0.00010228999997252686,0.00011618399992130435,True,False,False
2026-08-06T16:11:42.191942+00:00,mixed_pdv_loss_holdover,282.09608865699255,0.0,0.0,healthy,safe_default,no anomaly above configured threshold,0.00011044500001844426,0.000127157000065381,True,False,False
2026-08-06T16:11:42.452857+00:00,mixed_pdv_loss_holdover,282.29608865699254,0.0,0.0,healthy,safe_default,no anomaly above configured threshold,0.0001490050000256815,0.00016279700002996833,True,False,False
2026-08-06T16:11:42.579120+00:00,mixed_pdv_loss_holdover,282.4960886569925,0.0,0.0,healthy,safe_default,no anomaly above configured threshold,8.336200005487626e-05,9.715499993490084e-05,True,False,False
2026-08-06T16:11:42.866172+00:00,mixed_pdv_loss_holdover,282.6960886569925,0.0,0.0,healthy,safe_default,no anomaly above configured threshold,0.00016914100001486077,0.00019018299997242138,True,False,False
2026-08-06T16:11:42.996077+00:00,mixed_pdv_loss_holdover,282.8960886569925,0.0,0.0,healthy,safe_default,no anomaly above configured threshold,0.000218673999938801,0.00024324000003161927,True,False,False
2026-08-06T16:11:43.279810+00:00,mixed_pdv_loss_holdover,283.0960886569925,0.0,0.0,healthy,safe_default,no anomaly above configured threshold,0.0003720359999306311,0.0006892579999657755,True,False,False
2026-08-06T16:11:43.413517+00:00,mixed_pdv_loss_holdover,283.2960886569925,0.0,0.0,healthy,safe_default,no anomaly above configured threshold,0.00011365199998181197,0.00013447300000279938,True,False,False
2026-08-06T16:11:43.792397+00:00,mixed_pdv_loss_holdover,283.69608865699246,0.0,0.0,healthy,safe_default,no anomaly above configured threshold,8.297600004425476e-05,9.635399999297078e-05,True,False,False
2026-08-06T16:11:44.058662+00:00,mixed_pdv_loss_holdover,283.89608865699245,0.0,0.0,healthy,safe_default,no anomaly above configured threshold,6.70260000106282e-05,7.858200001464866e-05,True,False,False
2026-08-06T16:11:44.197036+00:00,mixed_pdv_loss_holdover,284.09608865699244,0.0,0.0,healthy,safe_default,no anomaly above configured threshold,7.365900000877446e-05,8.652100007111585e-05,True,False,False
2026-08-06T16:11:44.552877+00:00,mixed_pdv_loss_holdover,284.4960886569924,0.0,0.0,healthy,safe_default,no anomaly above configured threshold,7.4764000032701e-05,8.7627000084467e-05,True,False,False
2026-08-06T16:11:44.831246+00:00,mixed_pdv_loss_holdover,284.6960886569924,0.0,0.0,healthy,safe_default,no anomaly above configured threshold,9.405800005879428e-05,0.00011063800002375501,True,False,False
2026-08-06T16:11:44.999170+00:00,mixed_pdv_loss_holdover,284.8960886569924,0.0,0.0,healthy,safe_default,no anomaly above configured threshold,9.245000001101289e-05,0.00010671899997305445,True,False,False
2026-08-06T16:11:45.275000+00:00,mixed_pdv_loss_holdover,285.0960886569924,0.0,0.0,healthy,safe_default,no anomaly above configured threshold,0.00014519499995913066,0.00016598000001977198,True,False,False
2026-08-06T16:11:45.418454+00:00,mixed_pdv_loss_holdover,285.29608865699237,0.0,0.0,healthy,safe_default,no anomaly above configured threshold,0.00010794199999963894,0.0001262170000018159,True,False,False
2026-08-06T16:11:45.832087+00:00,mixed_pdv_loss_holdover,285.69608865699234,0.0,0.0,healthy,safe_default,no anomaly above configured threshold,0.000118584999995619,0.000138567999897532,True,False,False
2026-08-06T16:11:45.969089+00:00,mixed_pdv_loss_holdover,285.89608865699233,0.0,0.0,healthy,safe_default,no anomaly above configured threshold,0.00011918799998511531,0.00017210499993325357,True,False,False
2026-08-06T16:11:46.218459+00:00,mixed_pdv_loss_holdover,286.0960886569923,0.0,0.0,healthy,safe_default,no anomaly above configured threshold,0.00012011100000108854,0.0001416850000168779,True,False,False
2026-08-06T16:11:46.363255+00:00,mixed_pdv_loss_holdover,286.2960886569923,0.0,0.0,healthy,safe_default,no anomaly above configured threshold,7.846899995911372e-05,9.181399991575745e-05,True,False,False
2026-08-06T16:11:46.651249+00:00,mixed_pdv_loss_holdover,286.4960886569923,0.0,0.0,healthy,safe_default,no anomaly above configured threshold,9.723300001951429e-05,0.00011499400000047899,True,False,False
2026-08-06T16:11:46.777618+00:00,mixed_pdv_loss_holdover,286.6960886569923,0.0,0.0,healthy,safe_default,no anomaly above configured threshold,0.00010265199989589746,0.0001231210000014471,True,False,False
2026-08-06T16:11:47.017653+00:00,mixed_pdv_loss_holdover,286.8960886569923,0.0,0.0,healthy,safe_default,no anomaly above configured threshold,9.496899997429864e-05,0.00011362199995801348,True,False,False
2026-08-06T16:11:47.183949+00:00,mixed_pdv_loss_holdover,287.09608865699226,0.0,0.0,healthy,safe_default,no anomaly above configured threshold,0.00010820599993621727,0.0001277620000337265,True,False,False
2026-08-06T16:11:47.474255+00:00,mixed_pdv_loss_holdover,287.29608865699225,0.0,0.0,healthy,safe_default,no anomaly above configured threshold,0.00012094299995624169,0.00014220200000636396,True,False,False
2026-08-06T16:11:47.593693+00:00,mixed_pdv_loss_holdover,287.49608865699224,0.0,0.0,healthy,safe_default,no anomaly above configured threshold,9.898100006466848e-05,0.0001183360000140965,True,False,False
2026-08-06T16:11:47.848623+00:00,mixed_pdv_loss_holdover,287.69608865699223,0.0,0.0,healthy,safe_default,no anomaly above configured threshold,7.240500008265371e-05,8.494099995459692e-05,True,False,False
2026-08-06T16:11:47.986388+00:00,mixed_pdv_loss_holdover,287.8960886569922,0.0,0.0,healthy,safe_default,no anomaly above configured threshold,8.393799998884788e-05,9.817800003020238e-05,True,False,False
2026-08-06T16:11:48.249165+00:00,mixed_pdv_loss_holdover,288.0960886569922,0.0,0.0,healthy,safe_default,no anomaly above configured threshold,0.00011817400002200884,0.0001398240000298756,True,False,False
2026-08-06T16:11:48.399980+00:00,mixed_pdv_loss_holdover,288.2960886569922,0.0,0.0,healthy,safe_default,no anomaly above configured threshold,8.43950000444238e-05,9.752599999046652e-05,True,False,False
2026-08-06T16:11:48.657008+00:00,mixed_pdv_loss_holdover,288.4960886569922,0.0,0.0,healthy,safe_default,no anomaly above configured threshold,0.0001030380000202058,0.00012238400006481243,True,False,False
2026-08-06T16:11:48.806117+00:00,mixed_pdv_loss_holdover,288.6960886569922,0.0,0.0,healthy,safe_default,no anomaly above configured threshold,8.319299990944273e-05,0.00010013200005687395,True,False,False
2026-08-06T16:11:49.079426+00:00,mixed_pdv_loss_holdover,288.89608865699216,0.0,0.0,healthy,safe_default,no anomaly above configured threshold,6.183299990425439e-05,7.264900000336638e-05,True,False,False
2026-08-06T16:11:49.223683+00:00,mixed_pdv_loss_holdover,289.09608865699215,0.0,0.0,healthy,safe_default,no anomaly above configured threshold,9.437599999273516e-05,0.00011428499999510677,True,False,False
2026-08-06T16:11:49.596036+00:00,mixed_pdv_loss_holdover,289.49608865699213,0.0,0.0,healthy,safe_default,no anomaly above configured threshold,6.499099993106938e-05,7.590300003812445e-05,True,False,False
2026-08-06T16:11:49.866533+00:00,mixed_pdv_loss_holdover,289.6960886569921,0.0,0.0,healthy,safe_default,no anomaly above configured threshold,9.064300002137315e-05,0.00010768000004190981,True,False,False
2026-08-06T16:11:50.004556+00:00,mixed_pdv_loss_holdover,289.8960886569921,0.0,0.0,healthy,safe_default,no anomaly above configured threshold,9.969399991405226e-05,0.00011710800004038902,True,False,False
2026-08-06T16:11:50.262343+00:00,mixed_pdv_loss_holdover,290.0960886569921,0.0,0.0,healthy,safe_default,no anomaly above configured threshold,0.00010371300004408113,0.00012198699994314666,True,False,False
2026-08-06T16:11:50.400845+00:00,mixed_pdv_loss_holdover,290.2960886569921,0.0,0.0,healthy,safe_default,no anomaly above configured threshold,0.00047646699999859266,0.0005241139999725419,True,False,False
2026-08-06T16:11:50.661735+00:00,mixed_pdv_loss_holdover,290.4960886569921,0.0,0.0,healthy,safe_default,no anomaly above configured threshold,0.00011442899995017797,0.0001349030000028506,True,False,False
2026-08-06T16:11:50.825094+00:00,mixed_pdv_loss_holdover,290.69608865699206,0.0,0.0,healthy,safe_default,no anomaly above configured threshold,7.127799995032547e-05,8.314199999404082e-05,True,False,False
2026-08-06T16:11:51.198998+00:00,mixed_pdv_loss_holdover,291.09608865699204,0.0,0.0,healthy,safe_default,no anomaly above configured threshold,6.187999997564475e-05,7.40269999823795e-05,True,False,False
2026-08-06T16:11:51.438366+00:00,mixed_pdv_loss_holdover,291.296088656992,0.0,0.0,healthy,safe_default,no anomaly above configured threshold,8.119999995415128e-05,9.525899997697707e-05,True,False,False
2026-08-06T16:11:51.582924+00:00,mixed_pdv_loss_holdover,291.496088656992,0.0,0.0,healthy,safe_default,no anomaly above configured threshold,0.0002665530000740546,0.0003042350000441729,True,False,False
2026-08-06T16:11:51.851446+00:00,mixed_pdv_loss_holdover,291.696088656992,0.0,0.0,healthy,safe_default,no anomaly above configured threshold,6.628000005548529e-05,7.766100009121146e-05,True,False,False
2026-08-06T16:11:52.000224+00:00,mixed_pdv_loss_holdover,291.896088656992,0.0,0.0,healthy,safe_default,no anomaly above configured threshold,0.00013724500001899287,0.00015685100004247943,True,False,False
2026-08-06T16:11:52.261243+00:00,mixed_pdv_loss_holdover,292.096088656992,0.0,0.0,healthy,safe_default,no anomaly above configured threshold,9.331700005077437e-05,0.00011033499993118312,True,False,False
2026-08-06T16:11:52.431655+00:00,mixed_pdv_loss_holdover,292.29608865699197,0.0,0.0,healthy,safe_default,no anomaly above configured threshold,0.00010765799993350811,0.00012668499994106242,True,False,False
2026-08-06T16:11:52.785296+00:00,mixed_pdv_loss_holdover,292.69608865699195,0.0,0.0,healthy,safe_default,no anomaly above configured threshold,7.333400003517454e-05,8.52839999652133e-05,True,False,False
2026-08-06T16:11:53.052852+00:00,mixed_pdv_loss_holdover,292.89608865699194,0.0,0.0,healthy,safe_default,no anomaly above configured threshold,0.00010581100002582389,0.0001253099999303231,True,False,False
2026-08-06T16:11:53.214602+00:00,mixed_pdv_loss_holdover,293.0960886569919,0.0,0.0,healthy,safe_default,no anomaly above configured threshold,7.474699998510914e-05,8.803299999726732e-05,True,False,False
2026-08-06T16:11:53.576465+00:00,mixed_pdv_loss_holdover,293.4960886569919,0.0,0.0,healthy,safe_default,no anomaly above configured threshold,6.732500003181485e-05,7.914699995126284e-05,True,False,False
2026-08-06T16:11:53.850758+00:00,mixed_pdv_loss_holdover,293.6960886569919,0.0,0.0,healthy,safe_default,no anomaly above configured threshold,6.472000006851886e-05,7.584100001167826e-05,True,False,False
2026-08-06T16:11:53.966663+00:00,mixed_pdv_loss_holdover,293.8960886569919,0.0,0.0,healthy,safe_default,no anomaly above configured threshold,7.02300000057221e-05,8.235300003889279e-05,True,False,False
2026-08-06T16:11:54.218979+00:00,mixed_pdv_loss_holdover,294.09608865699187,0.0,0.0,healthy,safe_default,no anomaly above configured threshold,9.254999997665436e-05,0.00011027800007923361,True,False,False
2026-08-06T16:11:54.372764+00:00,mixed_pdv_loss_holdover,294.29608865699186,0.0,0.0,healthy,safe_default,no anomaly above configured threshold,0.00010086400004638563,0.00011969399997724395,True,False,False
2026-08-06T16:11:54.644053+00:00,mixed_pdv_loss_holdover,294.49608865699184,0.0,0.0,healthy,safe_default,no anomaly above configured threshold,0.0009681679999857806,0.000992308000036246,True,False,False
2026-08-06T16:11:54.815263+00:00,mixed_pdv_loss_holdover,294.69608865699183,0.0,0.0,healthy,safe_default,no anomaly above configured threshold,8.363599999938742e-05,9.855999996943865e-05,True,False,False
2026-08-06T16:11:55.223915+00:00,mixed_pdv_loss_holdover,295.0960886569918,0.0,0.0,healthy,safe_default,no anomaly above configured threshold,0.00011516300003222568,0.00013679300002422679,True,False,False
2026-08-06T16:11:55.479718+00:00,mixed_pdv_loss_holdover,295.2960886569918,0.0,0.0,healthy,safe_default,no anomaly above configured threshold,8.431900005234638e-05,9.853999995357299e-05,True,False,False
2026-08-06T16:11:55.639819+00:00,mixed_pdv_loss_holdover,295.4960886569918,0.0,0.0,healthy,safe_default,no anomaly above configured threshold,0.00011836700002731959,0.00013949799995316425,True,False,False
2026-08-06T16:11:56.020685+00:00,mixed_pdv_loss_holdover,295.89608865699176,0.0,0.0,healthy,safe_default,no anomaly above configured threshold,0.0001210499999615422,0.00014327799999591662,True,False,False
2026-08-06T16:11:56.179351+00:00,mixed_pdv_loss_holdover,296.09608865699175,0.0,0.0,healthy,safe_default,no anomaly above configured threshold,8.180100007848523e-05,9.471700002450234e-05,True,False,False
2026-08-06T16:11:56.441403+00:00,mixed_pdv_loss_holdover,296.29608865699174,0.0,0.0,healthy,safe_default,no anomaly above configured threshold,0.0001708119999648261,0.0001905359999909706,True,False,False
2026-08-06T16:11:56.585616+00:00,mixed_pdv_loss_holdover,296.49608865699173,0.0,0.0,healthy,safe_default,no anomaly above configured threshold,6.07749999517182e-05,7.26900000245223e-05,True,False,False
2026-08-06T16:11:56.853722+00:00,mixed_pdv_loss_holdover,296.6960886569917,0.0,0.0,healthy,safe_default,no anomaly above configured threshold,8.340299996234535e-05,9.68199999533681e-05,True,False,False
2026-08-06T16:11:57.011345+00:00,mixed_pdv_loss_holdover,296.8960886569917,0.0,0.0,healthy,safe_default,no anomaly above configured threshold,9.360100000321836e-05,0.0001122219999842855,True,False,False
2026-08-06T16:11:57.404032+00:00,mixed_pdv_loss_holdover,297.2960886569917,0.0,0.0,healthy,safe_default,no anomaly above configured threshold,0.0001115899999604153,0.00013066899998648296,True,False,False
2026-08-06T16:11:57.673071+00:00,mixed_pdv_loss_holdover,297.4960886569917,0.0,0.0,healthy,safe_default,no anomaly above configured threshold,0.00010532999999668391,0.00012470700005451363,True,False,False
2026-08-06T16:11:57.828608+00:00,mixed_pdv_loss_holdover,297.69608865699166,0.0,0.0,healthy,safe_default,no anomaly above configured threshold,9.807699996144947e-05,0.00011308099999496335,True,False,False
2026-08-06T16:11:58.218956+00:00,mixed_pdv_loss_holdover,298.09608865699164,0.0,0.0,healthy,safe_default,no anomaly above configured threshold,0.00010322900004666735,0.00012180900000657857,True,False,False
2026-08-06T16:11:58.484012+00:00,mixed_pdv_loss_holdover,298.2960886569916,0.0,0.0,healthy,safe_default,no anomaly above configured threshold,0.00011882700005116931,0.00014068600000882725,True,False,False
2026-08-06T16:11:58.600979+00:00,mixed_pdv_loss_holdover,298.4960886569916,0.0,0.0,healthy,safe_default,no anomaly above configured threshold,7.431699998505792e-05,8.683600003678293e-05,True,False,False
2026-08-06T16:11:58.861698+00:00,mixed_pdv_loss_holdover,298.6960886569916,0.0,0.0,healthy,safe_default,no anomaly above configured threshold,0.00011326399999234127,0.0001341280000133338,True,False,False
2026-08-06T16:11:58.986059+00:00,mixed_pdv_loss_holdover,298.8960886569916,0.0,0.0,healthy,safe_default,no anomaly above configured threshold,0.00014912999995431164,0.00016790899996976805,True,False,False
2026-08-06T16:11:59.222595+00:00,mixed_pdv_loss_holdover,299.0960886569916,0.0,0.0,healthy,safe_default,no anomaly above configured threshold,6.844600000022183e-05,8.1659999978001e-05,True,False,False
2026-08-06T16:11:59.352732+00:00,mixed_pdv_loss_holdover,299.29608865699157,0.0,0.0,healthy,safe_default,no anomaly above configured threshold,6.784999993669771e-05,7.977199993547401e-05,True,False,False
2026-08-06T16:11:59.627063+00:00,mixed_pdv_loss_holdover,299.49608865699156,0.0,0.0,healthy,safe_default,no anomaly above configured threshold,0.00013927800000601565,0.00015944399990530655,True,False,False
2026-08-06T16:11:59.800409+00:00,mixed_pdv_loss_holdover,299.69608865699155,0.0,0.0,healthy,safe_default,no anomaly above configured threshold,0.00010520399996494234,0.0001253699999779201,True,False,False
2026-08-06T16:12:00.056027+00:00,mixed_pdv_loss_holdover,299.89608865699154,0.0,0.0,healthy,safe_default,no anomaly above configured threshold,7.807500003309542e-05,9.029199998167314e-05,True,False,False
2026-08-06T16:12:00.241330+00:00,mixed_pdv_loss_holdover,300.0960886569915,0.0,0.0,healthy,safe_default,no anomaly above configured threshold,7.459899995865271e-05,8.67170000447004e-05,True,False,False
2026-08-06T16:12:00.644478+00:00,mixed_pdv_loss_holdover,300.4960886569915,0.0,0.0,healthy,safe_default,no anomaly above configured threshold,0.00010151699996185926,0.00012048899998262641,True,False,False
2026-08-06T16:12:00.776331+00:00,mixed_pdv_loss_holdover,300.6960886569915,0.0,0.0,healthy,safe_default,no anomaly above configured threshold,0.00011979400005657226,0.00014095200003794162,True,False,False
2026-08-06T16:12:01.018856+00:00,mixed_pdv_loss_holdover,300.8960886569915,0.0,0.0,healthy,safe_default,no anomaly above configured threshold,0.00011044699999729346,0.00013041099998645223,True,False,False
2026-08-06T16:12:01.145815+00:00,mixed_pdv_loss_holdover,301.09608865699147,0.0,0.0,healthy,safe_default,no anomaly above configured threshold,0.00010856000005787791,0.00012762900007601274,True,False,False
2026-08-06T16:12:01.405607+00:00,mixed_pdv_loss_holdover,301.29608865699146,0.0,0.0,healthy,safe_default,no anomaly above configured threshold,0.00014391900003829505,0.00016576999996686936,True,False,False
2026-08-06T16:12:01.556839+00:00,mixed_pdv_loss_holdover,301.49608865699145,0.0,0.0,healthy,safe_default,no anomaly above configured threshold,7.041999992907222e-05,8.184199998595432e-05,True,False,False
2026-08-06T16:12:01.807228+00:00,mixed_pdv_loss_holdover,301.69608865699144,0.0,0.0,healthy,safe_default,no anomaly above configured threshold,7.747200004359911e-05,8.968899999217683e-05,True,False,False
2026-08-06T16:12:01.954237+00:00,mixed_pdv_loss_holdover,301.8960886569914,0.0,0.0,healthy,safe_default,no anomaly above configured threshold,7.6180999940334e-05,9.276700006921601e-05,True,False,False
2026-08-06T16:12:02.204506+00:00,mixed_pdv_loss_holdover,302.0960886569914,0.0,0.0,healthy,safe_default,no anomaly above configured threshold,6.952000001092529e-05,8.133900007578632e-05,True,False,False
2026-08-06T16:12:02.469194+00:00,mixed_pdv_loss_holdover,302.2960886569914,0.0,0.0,healthy,safe_default,no anomaly above configured threshold,0.00011411200000566168,0.00013467100006891997,True,False,False
2026-08-06T16:12:02.585645+00:00,mixed_pdv_loss_holdover,302.4960886569914,0.0,0.0,healthy,safe_default,no anomaly above configured threshold,0.00010676300007617101,0.0001263279999648148,True,False,False
2026-08-06T16:12:02.866762+00:00,mixed_pdv_loss_holdover,302.6960886569914,0.0,0.0,healthy,safe_default,no anomaly above configured threshold,0.0001202700000249024,0.00013536599999497412,True,False,False
2026-08-06T16:12:03.028031+00:00,mixed_pdv_loss_holdover,302.89608865699137,0.0,0.0,healthy,safe_default,no anomaly above configured threshold,0.0001066570000602951,0.0001267159999542855,True,False,False
2026-08-06T16:12:03.400423+00:00,mixed_pdv_loss_holdover,303.29608865699134,0.0,0.0,healthy,safe_default,no anomaly above configured threshold,8.927700002914207e-05,0.0001070539999545872,True,False,False
2026-08-06T16:12:03.686221+00:00,mixed_pdv_loss_holdover,303.49608865699133,0.0,0.0,healthy,safe_default,no anomaly above configured threshold,0.00011579299996355985,0.0001369450000083816,True,False,False
2026-08-06T16:12:03.805121+00:00,mixed_pdv_loss_holdover,303.6960886569913,0.0,0.0,healthy,safe_default,no anomaly above configured threshold,7.309099999019963e-05,8.629799992831977e-05,True,False,False
2026-08-06T16:12:04.036675+00:00,mixed_pdv_loss_holdover,303.8960886569913,0.0,0.0,healthy,safe_default,no anomaly above configured threshold,0.00010645100007877772,0.00012502000004133151,True,False,False
2026-08-06T16:12:04.153771+00:00,mixed_pdv_loss_holdover,304.0960886569913,0.0,0.0,healthy,safe_default,no anomaly above configured threshold,0.00010059300007014826,0.00011945999995077727,True,False,False
2026-08-06T16:12:04.427644+00:00,mixed_pdv_loss_holdover,304.2960886569913,0.0,0.0,healthy,safe_default,no anomaly above configured threshold,7.646200003819104e-05,8.917299999211536e-05,True,False,False
2026-08-06T16:12:04.582747+00:00,mixed_pdv_loss_holdover,304.4960886569913,0.0,0.0,healthy,safe_default,no anomaly above configured threshold,0.00012075099994035554,0.00014011400003255403,True,False,False
2026-08-06T16:12:04.842227+00:00,mixed_pdv_loss_holdover,304.69608865699126,0.0,0.0,healthy,safe_default,no anomaly above configured threshold,0.00011072099994180462,0.0001316739999310812,True,False,False
2026-08-06T16:12:04.992975+00:00,mixed_pdv_loss_holdover,304.89608865699125,0.0,0.0,healthy,safe_default,no anomaly above configured threshold,8.520100004716369e-05,9.930200008057e-05,True,False,False
2026-08-06T16:12:05.242400+00:00,mixed_pdv_loss_holdover,305.09608865699124,0.0,0.0,healthy,safe_default,no anomaly above configured threshold,0.00014087799991102656,0.00016567799991662469,True,False,False
2026-08-06T16:12:05.383628+00:00,mixed_pdv_loss_holdover,305.29608865699123,0.0,0.0,healthy,safe_default,no anomaly above configured threshold,0.00010259399994083651,0.0001207930000646229,True,False,False
2026-08-06T16:12:05.643132+00:00,mixed_pdv_loss_holdover,305.4960886569912,0.0,0.0,healthy,safe_default,no anomaly above configured threshold,0.00012531900006251817,0.00014606500008085277,True,False,False
2026-08-06T16:12:05.774275+00:00,mixed_pdv_loss_holdover,305.6960886569912,0.0,0.0,healthy,safe_default,no anomaly above configured threshold,0.0001003309999987323,0.00011758699997699296,True,False,False
2026-08-06T16:12:06.279061+00:00,mixed_pdv_loss_holdover,305.8960886569912,1933.0,0.0,UNKNOWN,safe_default,persistent out-of-distribution / novel; conservative safe response,0.24095129400006954,0.24103483599992614,True,True,True
2026-08-06T16:12:06.567672+00:00,mixed_pdv_loss_holdover,306.0960886569912,2405.0,0.0,UNKNOWN,safe_default,persistent out-of-distribution / novel; conservative safe response,0.22916817899999842,0.22924342299995715,True,True,True
2026-08-06T16:12:06.903381+00:00,mixed_pdv_loss_holdover,306.49608865699116,1838.0,0.0,UNKNOWN,safe_default,persistent out-of-distribution / novel; conservative safe response,0.1879395809999096,0.18805320199999187,True,True,True
2026-08-06T16:12:07.165053+00:00,mixed_pdv_loss_holdover,306.69608865699115,1838.0,0.0,UNKNOWN,safe_default,persistent out-of-distribution / novel; conservative safe response,0.2307875999999851,0.23088292499994623,True,True,True
2026-08-06T16:12:07.941704+00:00,mixed_pdv_loss_holdover,307.4960886569911,1838.0,0.0,UNKNOWN,safe_default,persistent out-of-distribution / novel; conservative safe response,0.296698675000016,0.29679982799996196,True,True,True
2026-08-06T16:12:08.254517+00:00,mixed_pdv_loss_holdover,307.6960886569911,1838.0,0.0,UNKNOWN,safe_default,persistent out-of-distribution / novel; conservative safe response,0.2705725989999337,0.2706409159999339,True,True,True
2026-08-06T16:12:08.634951+00:00,mixed_pdv_loss_holdover,308.09608865699107,1838.0,0.0,UNKNOWN,safe_default,persistent out-of-distribution / novel; conservative safe response,0.2308084210000061,0.23091134499998134,True,True,True
2026-08-06T16:12:09.493494+00:00,mixed_pdv_loss_holdover,309.096088656991,1838.0,0.0,UNKNOWN,safe_default,persistent out-of-distribution / novel; conservative safe response,0.24593044200003078,0.24602376199993614,True,True,True
2026-08-06T16:12:09.819378+00:00,mixed_pdv_loss_holdover,309.296088656991,1838.0,0.0,UNKNOWN,safe_default,persistent out-of-distribution / novel; conservative safe response,0.2912898849999692,0.29138550599998325,True,True,True
2026-08-06T16:12:10.413723+00:00,mixed_pdv_loss_holdover,309.89608865699097,1838.0,0.0,UNKNOWN,safe_default,persistent out-of-distribution / novel; conservative safe response,0.31719300500003555,0.3175686739999719,True,True,True
2026-08-06T16:12:10.796757+00:00,mixed_pdv_loss_holdover,310.09608865699096,1838.0,0.0,UNKNOWN,safe_default,persistent out-of-distribution / novel; conservative safe response,0.3337838390000343,0.333856853000043,True,True,True
2026-08-06T16:12:11.233870+00:00,mixed_pdv_loss_holdover,310.6960886569909,1838.0,0.0,UNKNOWN,safe_default,persistent out-of-distribution / novel; conservative safe response,0.3072603059999892,0.30735552099997676,True,True,True
2026-08-06T16:12:11.579672+00:00,mixed_pdv_loss_holdover,310.8960886569909,1838.0,0.0,UNKNOWN,safe_default,persistent out-of-distribution / novel; conservative safe response,0.300087848999965,0.3002473749999126,True,True,True
2026-08-06T16:12:11.929821+00:00,mixed_pdv_loss_holdover,311.4960886569909,1838.0,0.0,UNKNOWN,safe_default,persistent out-of-distribution / novel; conservative safe response,0.2403319620000275,0.2404756839999891,True,True,True
2026-08-06T16:12:12.168808+00:00,mixed_pdv_loss_holdover,311.69608865699087,1838.0,0.0,UNKNOWN,safe_default,persistent out-of-distribution / novel; conservative safe response,0.20211447899998802,0.20218849000002592,True,True,True
2026-08-06T16:12:12.380963+00:00,mixed_pdv_loss_holdover,312.09608865699084,1838.0,0.0,UNKNOWN,safe_default,persistent out-of-distribution / novel; conservative safe response,0.15752019199999268,0.1575919020000356,True,True,True
2026-08-06T16:12:12.606733+00:00,mixed_pdv_loss_holdover,312.29608865699083,1838.0,0.0,UNKNOWN,safe_default,persistent out-of-distribution / novel; conservative safe response,0.18183774099998118,0.18191735200002768,True,True,True
2026-08-06T16:12:13.082248+00:00,mixed_pdv_loss_holdover,312.6960886569908,1838.0,0.0,UNKNOWN,safe_default,persistent out-of-distribution / novel; conservative safe response,0.23349498300001414,0.23358202499991876,True,True,True
2026-08-06T16:12:13.409369+00:00,mixed_pdv_loss_holdover,312.8960886569908,1838.0,0.0,UNKNOWN,safe_default,persistent out-of-distribution / novel; conservative safe response,0.2549090059999344,0.25500059399996644,True,True,True
2026-08-06T16:12:13.728250+00:00,mixed_pdv_loss_holdover,313.2960886569908,1838.0,0.0,UNKNOWN,safe_default,persistent out-of-distribution / novel; conservative safe response,0.2347166690000222,0.23482122799998706,True,True,True
2026-08-06T16:12:14.025519+00:00,mixed_pdv_loss_holdover,313.49608865699076,1838.0,0.0,UNKNOWN,safe_default,persistent out-of-distribution / novel; conservative safe response,0.2307424750000564,0.23084009299998343,True,True,True
2026-08-06T16:12:14.419487+00:00,mixed_pdv_loss_holdover,314.09608865699073,1838.0,0.0,UNKNOWN,safe_default,persistent out-of-distribution / novel; conservative safe response,0.21289957300007245,0.2130036259999315,True,True,True
2026-08-06T16:12:14.719600+00:00,mixed_pdv_loss_holdover,314.2960886569907,1838.0,0.0,UNKNOWN,safe_default,persistent out-of-distribution / novel; conservative safe response,0.22633759099994677,0.22643651599992154,True,True,True
2026-08-06T16:12:14.941544+00:00,mixed_pdv_loss_holdover,314.4960886569907,1838.0,0.0,UNKNOWN,safe_default,persistent out-of-distribution / novel; conservative safe response,0.1923210070000323,0.19241188900002726,True,True,True
2026-08-06T16:12:15.429740+00:00,mixed_pdv_loss_holdover,315.0960886569907,1838.0,0.0,UNKNOWN,safe_default,persistent out-of-distribution / novel; conservative safe response,0.20060794500000156,0.20069028099999286,True,True,True
2026-08-06T16:12:15.700578+00:00,mixed_pdv_loss_holdover,315.29608865699066,1838.0,0.0,UNKNOWN,safe_default,persistent out-of-distribution / novel; conservative safe response,0.23201200599999083,0.2320841890000338,True,True,True
2026-08-06T16:12:16.312997+00:00,mixed_pdv_loss_holdover,315.8960886569906,1838.0,0.0,UNKNOWN,safe_default,persistent out-of-distribution / novel; conservative safe response,0.27432255999997324,0.2744252840000172,True,True,True
2026-08-06T16:12:16.635257+00:00,mixed_pdv_loss_holdover,316.0960886569906,1838.0,0.0,UNKNOWN,safe_default,persistent out-of-distribution / novel; conservative safe response,0.27338095899995096,0.2734998189999942,True,True,True
2026-08-06T16:12:16.923346+00:00,mixed_pdv_loss_holdover,316.4960886569906,1838.0,0.0,UNKNOWN,safe_default,persistent out-of-distribution / novel; conservative safe response,0.227644957999928,0.22777172799999335,True,True,True
2026-08-06T16:12:17.233826+00:00,mixed_pdv_loss_holdover,316.6960886569906,1838.0,0.0,UNKNOWN,safe_default,persistent out-of-distribution / novel; conservative safe response,0.2671238949999406,0.2672090500000195,True,True,True
2026-08-06T16:12:17.811483+00:00,mixed_pdv_loss_holdover,317.49608865699054,1838.0,0.0,UNKNOWN,safe_default,persistent out-of-distribution / novel; conservative safe response,0.1843858330000785,0.18446698600007494,True,True,True
2026-08-06T16:12:18.114563+00:00,mixed_pdv_loss_holdover,317.6960886569905,1838.0,0.0,UNKNOWN,safe_default,persistent out-of-distribution / novel; conservative safe response,0.24993318300005285,0.2500194569998939,True,True,True
2026-08-06T16:12:18.958390+00:00,mixed_pdv_loss_holdover,318.4960886569905,1838.0,0.0,UNKNOWN,safe_default,persistent out-of-distribution / novel; conservative safe response,0.26239252400000623,0.2624989189999951,True,True,True
2026-08-06T16:12:19.325518+00:00,mixed_pdv_loss_holdover,318.69608865699047,1838.0,0.0,UNKNOWN,safe_default,persistent out-of-distribution / novel; conservative safe response,0.3245647790000703,0.32466322800007674,True,True,True
2026-08-06T16:12:20.092386+00:00,mixed_pdv_loss_holdover,319.6960886569904,1838.0,0.0,UNKNOWN,safe_default,persistent out-of-distribution / novel; conservative safe response,0.2525092839999843,0.2526073430000224,True,True,True
2026-08-06T16:12:20.360361+00:00,mixed_pdv_loss_holdover,319.8960886569904,1838.0,0.0,UNKNOWN,safe_default,persistent out-of-distribution / novel; conservative safe response,0.2332249139999476,0.23332171499998822,True,True,True
2026-08-06T16:12:20.734310+00:00,mixed_pdv_loss_holdover,320.2960886569904,1838.0,0.0,UNKNOWN,safe_default,persistent out-of-distribution / novel; conservative safe response,0.22286962099997254,0.22295959699999912,True,True,True
2026-08-06T16:12:20.992577+00:00,mixed_pdv_loss_holdover,320.49608865699037,1838.0,0.0,UNKNOWN,safe_default,persistent out-of-distribution / novel; conservative safe response,0.22261531000003743,0.2227118009999458,True,True,True
2026-08-06T16:12:21.815079+00:00,mixed_pdv_loss_holdover,321.4960886569903,1838.0,0.0,UNKNOWN,safe_default,persistent out-of-distribution / novel; conservative safe response,0.2407964129999982,0.24092172799998934,True,True,True
2026-08-06T16:12:22.228402+00:00,mixed_pdv_loss_holdover,321.6960886569903,1838.0,0.0,UNKNOWN,safe_default,persistent out-of-distribution / novel; conservative safe response,0.2763227839999445,0.2764267819999304,True,True,True
2026-08-06T16:12:22.484558+00:00,mixed_pdv_loss_holdover,321.8960886569903,1838.0,0.0,UNKNOWN,safe_default,persistent out-of-distribution / novel; conservative safe response,0.22020365100001982,0.22030968100000337,True,True,True
2026-08-06T16:12:23.011765+00:00,mixed_pdv_loss_holdover,322.69608865699024,1838.0,0.0,UNKNOWN,safe_default,persistent out-of-distribution / novel; conservative safe response,0.22482033100004628,0.2248969469999338,True,True,True
2026-08-06T16:12:23.339197+00:00,mixed_pdv_loss_holdover,322.89608865699023,1838.0,0.0,UNKNOWN,safe_default,persistent out-of-distribution / novel; conservative safe response,0.18001824999998917,0.1801027010000098,True,True,True
2026-08-06T16:12:23.548665+00:00,mixed_pdv_loss_holdover,323.0960886569902,1838.0,0.0,UNKNOWN,safe_default,persistent out-of-distribution / novel; conservative safe response,0.18417457900000045,0.1842752280000468,True,True,True
2026-08-06T16:12:24.313614+00:00,mixed_pdv_loss_holdover,323.8960886569902,1838.0,0.0,UNKNOWN,safe_default,persistent out-of-distribution / novel; conservative safe response,0.27905255600001055,0.2791404639999655,True,True,True
2026-08-06T16:12:24.633876+00:00,mixed_pdv_loss_holdover,324.09608865699016,1838.0,0.0,UNKNOWN,safe_default,persistent out-of-distribution / novel; conservative safe response,0.2772427620000144,0.27733361699995385,True,True,True
2026-08-06T16:12:24.963472+00:00,mixed_pdv_loss_holdover,324.29608865699015,1838.0,0.0,UNKNOWN,safe_default,persistent out-of-distribution / novel; conservative safe response,0.2859697750000123,0.28604569200001606,True,True,True
2026-08-06T16:12:25.262252+00:00,mixed_pdv_loss_holdover,324.49608865699014,1838.0,0.0,UNKNOWN,safe_default,persistent out-of-distribution / novel; conservative safe response,0.2578038460000016,0.25790060399992853,True,True,True
2026-08-06T16:12:25.553701+00:00,mixed_pdv_loss_holdover,325.0960886569901,1838.0,0.0,UNKNOWN,safe_default,persistent out-of-distribution / novel; conservative safe response,0.24579907800000456,0.24591976299996077,True,True,True
2026-08-06T16:12:25.789946+00:00,mixed_pdv_loss_holdover,325.2960886569901,1838.0,0.0,UNKNOWN,safe_default,persistent out-of-distribution / novel; conservative safe response,0.2011708270000554,0.20124628099995334,True,True,True
2026-08-06T16:12:26.027440+00:00,mixed_pdv_loss_holdover,325.4960886569901,1838.0,0.0,UNKNOWN,safe_default,persistent out-of-distribution / novel; conservative safe response,0.2041094600000406,0.20417172099996606,True,True,True
2026-08-06T16:12:26.251823+00:00,mixed_pdv_loss_holdover,325.69608865699007,1838.0,0.0,UNKNOWN,safe_default,persistent out-of-distribution / novel; conservative safe response,0.19403792900004646,0.19410808100008126,True,True,True
2026-08-06T16:12:26.858143+00:00,mixed_pdv_loss_holdover,326.49608865699,1838.0,0.0,UNKNOWN,safe_default,persistent out-of-distribution / novel; conservative safe response,0.2304723570000533,0.23066327700007605,True,True,True
2026-08-06T16:12:27.160811+00:00,mixed_pdv_loss_holdover,326.69608865699,1838.0,0.0,UNKNOWN,safe_default,persistent out-of-distribution / novel; conservative safe response,0.26560438100000283,0.26567523500000334,True,True,True
2026-08-06T16:12:27.601465+00:00,mixed_pdv_loss_holdover,327.09608865699,1838.0,0.0,UNKNOWN,safe_default,persistent out-of-distribution / novel; conservative safe response,0.2819293029999699,0.28203006699993693,True,True,True
2026-08-06T16:12:27.872645+00:00,mixed_pdv_loss_holdover,327.29608865699,1838.0,0.0,UNKNOWN,safe_default,persistent out-of-distribution / novel; conservative safe response,0.2267643179999368,0.22686447499995666,True,True,True
2026-08-06T16:12:28.261268+00:00,mixed_pdv_loss_holdover,327.89608865698995,1838.0,0.0,UNKNOWN,safe_default,persistent out-of-distribution / novel; conservative safe response,0.2073550710000518,0.20743349099996067,True,True,True
2026-08-06T16:12:28.534729+00:00,mixed_pdv_loss_holdover,328.09608865698993,1838.0,0.0,UNKNOWN,safe_default,persistent out-of-distribution / novel; conservative safe response,0.24193198000000393,0.24202472999991187,True,True,True
2026-08-06T16:12:29.277383+00:00,mixed_pdv_loss_holdover,328.8960886569899,1838.0,0.0,UNKNOWN,safe_default,persistent out-of-distribution / novel; conservative safe response,0.23698495899998306,0.23706119100006617,True,True,True
2026-08-06T16:12:29.599429+00:00,mixed_pdv_loss_holdover,329.0960886569899,1838.0,0.0,UNKNOWN,safe_default,persistent out-of-distribution / novel; conservative safe response,0.27499454499991316,0.2750852969999187,True,True,True
2026-08-06T16:12:29.988425+00:00,mixed_pdv_loss_holdover,329.49608865698985,1838.0,0.0,UNKNOWN,safe_default,persistent out-of-distribution / novel; conservative safe response,0.27655422800000906,0.27663345299993125,True,True,True
2026-08-06T16:12:30.292249+00:00,mixed_pdv_loss_holdover,329.69608865698984,1838.0,0.0,UNKNOWN,safe_default,persistent out-of-distribution / novel; conservative safe response,0.2585807539999223,0.25865462100000514,True,True,True
2026-08-06T16:12:30.891610+00:00,mixed_pdv_loss_holdover,330.4960886569898,1838.0,0.0,UNKNOWN,safe_default,persistent out-of-distribution / novel; conservative safe response,0.25637752099999034,0.2564671960000169,True,True,True
2026-08-06T16:12:31.139202+00:00,mixed_pdv_loss_holdover,330.6960886569898,1838.0,0.0,UNKNOWN,safe_default,persistent out-of-distribution / novel; conservative safe response,0.2039639370000259,0.204060252999966,True,True,True
2026-08-06T16:12:31.383189+00:00,mixed_pdv_loss_holdover,330.8960886569898,1838.0,0.0,UNKNOWN,safe_default,persistent out-of-distribution / novel; conservative safe response,0.20752946599998268,0.20761788400000114,True,True,True
2026-08-06T16:12:31.659330+00:00,mixed_pdv_loss_holdover,331.09608865698976,1838.0,0.0,UNKNOWN,safe_default,persistent out-of-distribution / novel; conservative safe response,0.2393037499999764,0.23937384099997416,True,True,True
2026-08-06T16:12:32.423282+00:00,mixed_pdv_loss_holdover,332.0960886569897,1838.0,0.0,UNKNOWN,safe_default,persistent out-of-distribution / novel; conservative safe response,0.2296286670000427,0.22971963899999537,True,True,True
2026-08-06T16:12:32.750941+00:00,mixed_pdv_loss_holdover,332.2960886569897,1838.0,0.0,UNKNOWN,safe_default,persistent out-of-distribution / novel; conservative safe response,0.23558449400002246,0.23568082299993875,True,True,True
2026-08-06T16:12:33.075803+00:00,mixed_pdv_loss_holdover,332.4960886569897,1838.0,0.0,UNKNOWN,safe_default,persistent out-of-distribution / novel; conservative safe response,0.2879521109999814,0.28805323799997495,True,True,True
2026-08-06T16:12:33.755310+00:00,mixed_pdv_loss_holdover,333.4960886569896,1838.0,0.0,UNKNOWN,safe_default,persistent out-of-distribution / novel; conservative safe response,0.17728942700000516,0.17736822599999869,True,True,True
2026-08-06T16:12:34.142276+00:00,mixed_pdv_loss_holdover,333.6960886569896,1838.0,0.0,UNKNOWN,safe_default,persistent out-of-distribution / novel; conservative safe response,0.20492736799997147,0.20501656499993715,True,True,True
2026-08-06T16:12:34.613648+00:00,mixed_pdv_loss_holdover,334.2960886569896,1838.0,0.0,UNKNOWN,safe_default,persistent out-of-distribution / novel; conservative safe response,0.22633352200000445,0.2264111670000375,True,True,True
2026-08-06T16:12:34.917286+00:00,mixed_pdv_loss_holdover,334.49608865698957,1838.0,0.0,UNKNOWN,safe_default,persistent out-of-distribution / novel; conservative safe response,0.23509591500010174,0.23518953099994633,True,True,True
2026-08-06T16:12:35.268256+00:00,mixed_pdv_loss_holdover,334.69608865698956,1838.0,0.0,UNKNOWN,safe_default,persistent out-of-distribution / novel; conservative safe response,0.27889963600000556,0.27900544900001023,True,True,True
2026-08-06T16:12:36.000351+00:00,mixed_pdv_loss_holdover,335.6960886569895,1838.0,0.0,UNKNOWN,safe_default,persistent out-of-distribution / novel; conservative safe response,0.22436611400007678,0.22446118300001672,True,True,True
2026-08-06T16:12:36.300599+00:00,mixed_pdv_loss_holdover,335.8960886569895,1838.0,0.0,UNKNOWN,safe_default,persistent out-of-distribution / novel; conservative safe response,0.18379834400002437,0.1838685830000486,True,True,True
2026-08-06T16:12:36.718126+00:00,mixed_pdv_loss_holdover,336.49608865698946,1838.0,0.0,UNKNOWN,safe_default,persistent out-of-distribution / novel; conservative safe response,0.1969216579999511,0.19700383700001112,True,True,True
2026-08-06T16:12:37.069431+00:00,mixed_pdv_loss_holdover,336.69608865698945,1838.0,0.0,UNKNOWN,safe_default,persistent out-of-distribution / novel; conservative safe response,0.24672067400001652,0.24683140399997683,True,True,True
2026-08-06T16:12:37.370819+00:00,mixed_pdv_loss_holdover,336.89608865698943,1838.0,0.0,UNKNOWN,safe_default,persistent out-of-distribution / novel; conservative safe response,0.26724645199999486,0.26733582899998964,True,True,True
2026-08-06T16:12:37.752063+00:00,mixed_pdv_loss_holdover,337.2960886569894,1838.0,0.0,UNKNOWN,safe_default,persistent out-of-distribution / novel; conservative safe response,0.2712322510000149,0.2714078819999486,True,True,True
2026-08-06T16:12:38.069903+00:00,mixed_pdv_loss_holdover,337.4960886569894,1838.0,0.0,UNKNOWN,safe_default,persistent out-of-distribution / novel; conservative safe response,0.26721568300001763,0.2673648699999376,True,True,True
2026-08-06T16:12:38.393012+00:00,mixed_pdv_loss_holdover,337.8960886569894,1838.0,0.0,UNKNOWN,safe_default,persistent out-of-distribution / novel; conservative safe response,0.2716331709999622,0.27170476699996016,True,True,True
2026-08-06T16:12:38.637631+00:00,mixed_pdv_loss_holdover,338.09608865698937,1838.0,0.0,UNKNOWN,safe_default,persistent out-of-distribution / novel; conservative safe response,0.21047072499993646,0.21054521999997178,True,True,True
2026-08-06T16:12:39.000351+00:00,mixed_pdv_loss_holdover,338.69608865698933,1838.0,0.0,UNKNOWN,safe_default,persistent out-of-distribution / novel; conservative safe response,0.14894227199999932,0.14900913500002844,True,True,True
2026-08-06T16:12:39.202642+00:00,mixed_pdv_loss_holdover,338.8960886569893,1838.0,0.0,UNKNOWN,safe_default,persistent out-of-distribution / novel; conservative safe response,0.16037265800002842,0.16044992999991337,True,True,True
2026-08-06T16:12:39.929275+00:00,mixed_pdv_loss_holdover,339.4960886569893,1838.0,0.0,UNKNOWN,safe_default,persistent out-of-distribution / novel; conservative safe response,0.25688246800007164,0.2570054269999673,True,True,True
2026-08-06T16:12:40.307595+00:00,mixed_pdv_loss_holdover,339.6960886569893,1838.0,0.0,UNKNOWN,safe_default,persistent out-of-distribution / novel; conservative safe response,0.2985916619999216,0.298672775,True,True,True
2026-08-06T16:12:40.750172+00:00,mixed_pdv_loss_holdover,340.29608865698924,1838.0,0.0,UNKNOWN,safe_default,persistent out-of-distribution / novel; conservative safe response,0.29481226000007155,0.29490505499995834,True,True,True
2026-08-06T16:12:41.187668+00:00,mixed_pdv_loss_holdover,340.6960886569892,1838.0,0.0,UNKNOWN,safe_default,persistent out-of-distribution / novel; conservative safe response,0.29206179799996335,0.29215582599999834,True,True,True
2026-08-06T16:12:41.574332+00:00,mixed_pdv_loss_holdover,340.8960886569892,1838.0,0.0,UNKNOWN,safe_default,persistent out-of-distribution / novel; conservative safe response,0.3281432889999678,0.32824235400005364,True,True,True
2026-08-06T16:12:41.964140+00:00,mixed_pdv_loss_holdover,341.4960886569892,1838.0,0.0,UNKNOWN,safe_default,persistent out-of-distribution / novel; conservative safe response,0.23177681100003156,0.2320735280000008,True,True,True
2026-08-06T16:12:42.252419+00:00,mixed_pdv_loss_holdover,341.69608865698916,1838.0,0.0,UNKNOWN,safe_default,persistent out-of-distribution / novel; conservative safe response,0.24347425700000258,0.24357430999998542,True,True,True
2026-08-06T16:12:42.958684+00:00,mixed_pdv_loss_holdover,342.4960886569891,1838.0,0.0,UNKNOWN,safe_default,persistent out-of-distribution / novel; conservative safe response,0.3189942889999884,0.31907571299996107,True,True,True
2026-08-06T16:12:43.301831+00:00,mixed_pdv_loss_holdover,342.6960886569891,1838.0,0.0,UNKNOWN,safe_default,persistent out-of-distribution / novel; conservative safe response,0.29412622300003477,0.2942054279999411,True,True,True
2026-08-06T16:12:43.653697+00:00,mixed_pdv_loss_holdover,343.0960886569891,1838.0,0.0,UNKNOWN,safe_default,persistent out-of-distribution / novel; conservative safe response,0.30197557700000743,0.30207751199998256,True,True,True
2026-08-06T16:12:44.017105+00:00,mixed_pdv_loss_holdover,343.29608865698907,1838.0,0.0,UNKNOWN,safe_default,persistent out-of-distribution / novel; conservative safe response,0.32111412500000824,0.3212538889999905,True,True,True
2026-08-06T16:12:44.440069+00:00,mixed_pdv_loss_holdover,343.89608865698904,1838.0,0.0,UNKNOWN,safe_default,persistent out-of-distribution / novel; conservative safe response,0.28558510900006695,0.2856907320000346,True,True,True
2026-08-06T16:12:44.826435+00:00,mixed_pdv_loss_holdover,344.496088656989,1838.0,0.0,UNKNOWN,safe_default,persistent out-of-distribution / novel; conservative safe response,0.21835453200003485,0.21844693900004586,True,True,True
2026-08-06T16:12:45.157532+00:00,mixed_pdv_loss_holdover,344.696088656989,1838.0,0.0,UNKNOWN,safe_default,persistent out-of-distribution / novel; conservative safe response,0.2210525159999861,0.22112977500000852,True,True,True
2026-08-06T16:12:45.441491+00:00,mixed_pdv_loss_holdover,344.896088656989,1838.0,0.0,UNKNOWN,safe_default,persistent out-of-distribution / novel; conservative safe response,0.2535558190000984,0.25362472400001934,True,True,True
2026-08-06T16:12:46.301782+00:00,mixed_pdv_loss_holdover,345.8960886569889,1838.0,0.0,UNKNOWN,safe_default,persistent out-of-distribution / novel; conservative safe response,0.30997290400000566,0.31010644000002685,True,True,True
2026-08-06T16:12:46.642198+00:00,mixed_pdv_loss_holdover,346.0960886569889,1838.0,0.0,UNKNOWN,safe_default,persistent out-of-distribution / novel; conservative safe response,0.29630836899991664,0.296416067999985,True,True,True
2026-08-06T16:12:46.969150+00:00,mixed_pdv_loss_holdover,346.2960886569889,1838.0,0.0,UNKNOWN,safe_default,persistent out-of-distribution / novel; conservative safe response,0.2625182259999974,0.26262661699990986,True,True,True
2026-08-06T16:12:47.415048+00:00,mixed_pdv_loss_holdover,346.6960886569889,1838.0,0.0,UNKNOWN,safe_default,persistent out-of-distribution / novel; conservative safe response,0.3599928499999123,0.36009063899996363,True,True,True
2026-08-06T16:12:47.676185+00:00,mixed_pdv_loss_holdover,346.89608865698887,1838.0,0.0,UNKNOWN,safe_default,persistent out-of-distribution / novel; conservative safe response,0.21009930900004292,0.2101952179999671,True,True,True
2026-08-06T16:12:48.183512+00:00,mixed_pdv_loss_holdover,347.8960886569888,1838.0,0.0,UNKNOWN,safe_default,persistent out-of-distribution / novel; conservative safe response,0.18057639300002393,0.18064547300002687,True,True,True
2026-08-06T16:12:48.515870+00:00,mixed_pdv_loss_holdover,348.0960886569888,1838.0,0.0,UNKNOWN,safe_default,persistent out-of-distribution / novel; conservative safe response,0.1712078799999972,0.1713295099999641,True,True,True
2026-08-06T16:12:49.005192+00:00,mixed_pdv_loss_holdover,348.69608865698876,1838.0,0.0,UNKNOWN,safe_default,persistent out-of-distribution / novel; conservative safe response,0.22254797400000825,0.22268176599993694,True,True,True
2026-08-06T16:12:49.351640+00:00,mixed_pdv_loss_holdover,348.89608865698875,1838.0,0.0,UNKNOWN,safe_default,persistent out-of-distribution / novel; conservative safe response,0.23057705299993358,0.23067036999998436,True,True,True
2026-08-06T16:12:49.675362+00:00,mixed_pdv_loss_holdover,349.09608865698874,1838.0,0.0,UNKNOWN,safe_default,persistent out-of-distribution / novel; conservative safe response,0.25572076800006016,0.2558082479999939,True,True,True
2026-08-06T16:12:50.242219+00:00,mixed_pdv_loss_holdover,349.8960886569887,1838.0,0.0,UNKNOWN,safe_default,persistent out-of-distribution / novel; conservative safe response,0.20536514799994166,0.20544895900002302,True,True,True
2026-08-06T16:12:50.519370+00:00,mixed_pdv_loss_holdover,350.0960886569887,1838.0,0.0,UNKNOWN,safe_default,persistent out-of-distribution / novel; conservative safe response,0.23768681499996092,0.23777606900000592,True,True,True
2026-08-06T16:12:50.860752+00:00,mixed_pdv_loss_holdover,350.49608865698866,1838.0,0.0,UNKNOWN,safe_default,persistent out-of-distribution / novel; conservative safe response,0.19532283499995629,0.19539388099997268,True,True,True
2026-08-06T16:12:51.086324+00:00,mixed_pdv_loss_holdover,350.69608865698865,1838.0,0.0,UNKNOWN,safe_default,persistent out-of-distribution / novel; conservative safe response,0.19555311999999958,0.19564167500004714,True,True,True
2026-08-06T16:12:51.910804+00:00,mixed_pdv_loss_holdover,351.4960886569886,1838.0,0.0,UNKNOWN,safe_default,persistent out-of-distribution / novel; conservative safe response,0.23877934700010428,0.23885375299994394,True,True,True
2026-08-06T16:12:52.259241+00:00,mixed_pdv_loss_holdover,351.6960886569886,1838.0,0.0,UNKNOWN,safe_default,persistent out-of-distribution / novel; conservative safe response,0.30762175899997146,0.30771753199996965,True,True,True
2026-08-06T16:12:52.916687+00:00,mixed_pdv_loss_holdover,352.49608865698855,1838.0,0.0,UNKNOWN,safe_default,persistent out-of-distribution / novel; conservative safe response,0.2944269809999014,0.29452682099997674,True,True,True
2026-08-06T16:12:53.256632+00:00,mixed_pdv_loss_holdover,352.69608865698854,1838.0,0.0,UNKNOWN,safe_default,persistent out-of-distribution / novel; conservative safe response,0.3059849229999827,0.30607982200001516,True,True,True
2026-08-06T16:12:53.569176+00:00,mixed_pdv_loss_holdover,352.8960886569885,1838.0,0.0,UNKNOWN,safe_default,persistent out-of-distribution / novel; conservative safe response,0.254257057000018,0.2543482539999786,True,True,True
2026-08-06T16:12:54.024741+00:00,mixed_pdv_loss_holdover,353.6960886569885,1838.0,0.0,UNKNOWN,safe_default,persistent out-of-distribution / novel; conservative safe response,0.22937104299990096,0.2294456380000156,True,True,True
2026-08-06T16:12:54.393256+00:00,mixed_pdv_loss_holdover,353.89608865698847,1838.0,0.0,UNKNOWN,safe_default,persistent out-of-distribution / novel; conservative safe response,0.28598414199996114,0.28610043399999086,True,True,True
2026-08-06T16:12:54.696115+00:00,mixed_pdv_loss_holdover,354.09608865698846,1838.0,0.0,UNKNOWN,safe_default,persistent out-of-distribution / novel; conservative safe response,0.25394804500001555,0.2540167409999867,True,True,True
2026-08-06T16:12:55.115932+00:00,mixed_pdv_loss_holdover,354.6960886569884,1838.0,0.0,UNKNOWN,safe_default,persistent out-of-distribution / novel; conservative safe response,0.24878171199998178,0.2488411059999862,True,True,True
2026-08-06T16:12:55.411701+00:00,mixed_pdv_loss_holdover,354.8960886569884,1838.0,0.0,UNKNOWN,safe_default,persistent out-of-distribution / novel; conservative safe response,0.2571768699999666,0.25731595399997786,True,True,True
2026-08-06T16:12:56.205866+00:00,mixed_pdv_loss_holdover,355.89608865698835,1838.0,0.0,UNKNOWN,safe_default,persistent out-of-distribution / novel; conservative safe response,0.19598730300003808,0.19606219299998884,True,True,True
2026-08-06T16:12:56.465441+00:00,mixed_pdv_loss_holdover,356.09608865698834,1838.0,0.0,UNKNOWN,safe_default,persistent out-of-distribution / novel; conservative safe response,0.2229340129999855,0.22302360000003318,True,True,True
2026-08-06T16:12:57.101708+00:00,mixed_pdv_loss_holdover,356.6960886569883,1838.0,0.0,UNKNOWN,safe_default,persistent out-of-distribution / novel; conservative safe response,0.284639754000068,0.2847386369999185,True,True,True
2026-08-06T16:12:57.443707+00:00,mixed_pdv_loss_holdover,356.8960886569883,1838.0,0.0,UNKNOWN,safe_default,persistent out-of-distribution / novel; conservative safe response,0.29651281099995686,0.296624591000068,True,True,True
2026-08-06T16:12:57.799538+00:00,mixed_pdv_loss_holdover,357.0960886569883,1838.0,0.0,UNKNOWN,safe_default,persistent out-of-distribution / novel; conservative safe response,0.3163715560000355,0.3165222300000323,True,True,True
2026-08-06T16:12:58.134370+00:00,mixed_pdv_loss_holdover,357.2960886569883,1838.0,0.0,UNKNOWN,safe_default,persistent out-of-distribution / novel; conservative safe response,0.29089966100002584,0.29100873899994895,True,True,True
2026-08-06T16:12:58.419184+00:00,mixed_pdv_loss_holdover,357.69608865698825,1838.0,0.0,UNKNOWN,safe_default,persistent out-of-distribution / novel; conservative safe response,0.24072028199998385,0.24081416299998182,True,True,True
2026-08-06T16:12:58.641100+00:00,mixed_pdv_loss_holdover,357.89608865698824,1838.0,0.0,UNKNOWN,safe_default,persistent out-of-distribution / novel; conservative safe response,0.18033035400003428,0.1804287339999746,True,True,True
2026-08-06T16:12:59.324758+00:00,mixed_pdv_loss_holdover,359.0960886569882,1838.0,0.0,UNKNOWN,safe_default,persistent out-of-distribution / novel; conservative safe response,0.17565760599995883,0.1757502850000492,True,True,True
2026-08-06T16:12:59.685277+00:00,mixed_pdv_loss_holdover,359.29608865698816,1838.0,0.0,UNKNOWN,safe_default,persistent out-of-distribution / novel; conservative safe response,0.23356891700007054,0.23366169600001285,True,True,True
2026-08-06T16:12:59.992602+00:00,mixed_pdv_loss_holdover,359.49608865698815,1838.0,0.0,UNKNOWN,safe_default,persistent out-of-distribution / novel; conservative safe response,0.2673744930000339,0.2674723709999398,True,True,True
2026-08-06T16:13:00.564056+00:00,mixed_pdv_loss_holdover,360.0960886569881,1838.0,0.0,UNKNOWN,safe_default,persistent out-of-distribution / novel; conservative safe response,0.2790630560000409,0.27916283199999725,True,True,True
2026-08-06T16:13:00.868161+00:00,mixed_pdv_loss_holdover,360.2960886569881,1838.0,0.0,UNKNOWN,safe_default,persistent out-of-distribution / novel; conservative safe response,0.25897732499993253,0.2590779010000688,True,True,True
2026-08-06T16:13:01.165115+00:00,mixed_pdv_loss_holdover,360.6960886569881,1838.0,0.0,UNKNOWN,safe_default,persistent out-of-distribution / novel; conservative safe response,0.2534652009999263,0.2535874689999673,True,True,True
2026-08-06T16:13:01.446247+00:00,mixed_pdv_loss_holdover,360.89608865698807,1838.0,0.0,UNKNOWN,safe_default,persistent out-of-distribution / novel; conservative safe response,0.2207438350000075,0.22090112599994427,True,True,True
2026-08-06T16:13:01.958158+00:00,mixed_pdv_loss_holdover,361.696088656988,1838.0,0.0,UNKNOWN,safe_default,persistent out-of-distribution / novel; conservative safe response,0.18115702699992653,0.1812347239999781,True,True,True
2026-08-06T16:13:02.301051+00:00,mixed_pdv_loss_holdover,361.896088656988,1838.0,0.0,UNKNOWN,safe_default,persistent out-of-distribution / novel; conservative safe response,0.22991245599996546,0.2300150170000279,True,True,True
2026-08-06T16:13:02.620638+00:00,mixed_pdv_loss_holdover,362.096088656988,1838.0,0.0,UNKNOWN,safe_default,persistent out-of-distribution / novel; conservative safe response,0.27279303500006336,0.2728995920000443,True,True,True
2026-08-06T16:13:03.166858+00:00,mixed_pdv_loss_holdover,362.69608865698797,1838.0,0.0,UNKNOWN,safe_default,persistent out-of-distribution / novel; conservative safe response,0.2895827790000567,0.2896723569999722,True,True,True
2026-08-06T16:13:03.895357+00:00,mixed_pdv_loss_holdover,362.89608865698796,1838.0,0.0,UNKNOWN,safe_default,persistent out-of-distribution / novel; conservative safe response,0.2666842840000072,0.26681459600001745,True,True,True
2026-08-06T16:13:04.183165+00:00,mixed_pdv_loss_holdover,363.29608865698793,1838.0,0.0,UNKNOWN,safe_default,persistent out-of-distribution / novel; conservative safe response,0.2399130530000093,0.24002299300002505,True,True,True
2026-08-06T16:13:04.481598+00:00,mixed_pdv_loss_holdover,363.4960886569879,1838.0,0.0,UNKNOWN,safe_default,persistent out-of-distribution / novel; conservative safe response,0.26124501399999644,0.2613372810000101,True,True,True
2026-08-06T16:13:05.202783+00:00,mixed_pdv_loss_holdover,364.49608865698787,1838.0,0.0,UNKNOWN,safe_default,persistent out-of-distribution / novel; conservative safe response,0.21839016699993863,0.21848003700006302,True,True,True
2026-08-06T16:13:05.665043+00:00,mixed_pdv_loss_holdover,364.69608865698785,1838.0,0.0,UNKNOWN,safe_default,persistent out-of-distribution / novel; conservative safe response,0.3506883940000307,0.35078125899997303,True,True,True
2026-08-06T16:13:06.125885+00:00,mixed_pdv_loss_holdover,364.89608865698784,1838.0,0.0,UNKNOWN,safe_default,persistent out-of-distribution / novel; conservative safe response,0.39077006399998027,0.39086981899993134,True,True,True
2026-08-06T16:13:06.960018+00:00,mixed_pdv_loss_holdover,366.0960886569878,1838.0,0.0,UNKNOWN,safe_default,persistent out-of-distribution / novel; conservative safe response,0.27106657100000575,0.2711689220000153,True,True,True
2026-08-06T16:13:07.227086+00:00,mixed_pdv_loss_holdover,366.29608865698776,1838.0,0.0,UNKNOWN,safe_default,persistent out-of-distribution / novel; conservative safe response,0.23047074700002668,0.23055023099993832,True,True,True
2026-08-06T16:13:07.456016+00:00,mixed_pdv_loss_holdover,366.49608865698775,1838.0,0.0,UNKNOWN,safe_default,persistent out-of-distribution / novel; conservative safe response,0.1732237730000179,0.17331174499997815,True,True,True
2026-08-06T16:13:07.666619+00:00,mixed_pdv_loss_holdover,366.69608865698774,1838.0,0.0,UNKNOWN,safe_default,persistent out-of-distribution / novel; conservative safe response,0.15450402199996915,0.15458151000007092,True,True,True
2026-08-06T16:13:08.430577+00:00,mixed_pdv_loss_holdover,367.6960886569877,1838.0,0.0,UNKNOWN,safe_default,persistent out-of-distribution / novel; conservative safe response,0.24722125299990694,0.24729145199989944,True,True,True
2026-08-06T16:13:08.806972+00:00,mixed_pdv_loss_holdover,367.8960886569877,1838.0,0.0,UNKNOWN,safe_default,persistent out-of-distribution / novel; conservative safe response,0.25659116399992854,0.2566850279999926,True,True,True
2026-08-06T16:13:09.141032+00:00,mixed_pdv_loss_holdover,368.09608865698766,1838.0,0.0,UNKNOWN,safe_default,persistent out-of-distribution / novel; conservative safe response,0.26801439700000174,0.2681168479999769,True,True,True
2026-08-06T16:13:09.832214+00:00,mixed_pdv_loss_holdover,369.0960886569876,1838.0,0.0,UNKNOWN,safe_default,persistent out-of-distribution / novel; conservative safe response,0.21762491800006956,0.21769925699993564,True,True,True
2026-08-06T16:13:10.133145+00:00,mixed_pdv_loss_holdover,369.2960886569876,1838.0,0.0,UNKNOWN,safe_default,persistent out-of-distribution / novel; conservative safe response,0.19122376200004965,0.19132176400000844,True,True,True
2026-08-06T16:13:10.407165+00:00,mixed_pdv_loss_holdover,369.4960886569876,1838.0,0.0,UNKNOWN,safe_default,persistent out-of-distribution / novel; conservative safe response,0.2450428679999277,0.24511079900003097,True,True,True
2026-08-06T16:13:11.014706+00:00,mixed_pdv_loss_holdover,370.29608865698754,1838.0,0.0,UNKNOWN,safe_default,persistent out-of-distribution / novel; conservative safe response,0.22050404300000537,0.22066731400002482,True,True,True
2026-08-06T16:13:11.343786+00:00,mixed_pdv_loss_holdover,370.4960886569875,1838.0,0.0,UNKNOWN,safe_default,persistent out-of-distribution / novel; conservative safe response,0.2392994040000076,0.2394440409999561,True,True,True
2026-08-06T16:13:11.669378+00:00,mixed_pdv_loss_holdover,370.6960886569875,1838.0,0.0,UNKNOWN,safe_default,persistent out-of-distribution / novel; conservative safe response,0.2948009079999565,0.29490009400001327,True,True,True
2026-08-06T16:13:12.308036+00:00,mixed_pdv_loss_holdover,371.49608865698747,1838.0,0.0,UNKNOWN,safe_default,persistent out-of-distribution / novel; conservative safe response,0.25647398800003884,0.25658480800007055,True,True,True
2026-08-06T16:13:12.653192+00:00,mixed_pdv_loss_holdover,371.69608865698746,1838.0,0.0,UNKNOWN,safe_default,persistent out-of-distribution / novel; conservative safe response,0.28210857999999917,0.2822071740000638,True,True,True
2026-08-06T16:13:12.907580+00:00,mixed_pdv_loss_holdover,371.89608865698744,1838.0,0.0,UNKNOWN,safe_default,persistent out-of-distribution / novel; conservative safe response,0.20793199900003856,0.2080206339999222,True,True,True
2026-08-06T16:13:13.164062+00:00,mixed_pdv_loss_holdover,372.09608865698743,1838.0,0.0,UNKNOWN,safe_default,persistent out-of-distribution / novel; conservative safe response,0.22193907100006527,0.22203539600002387,True,True,True
2026-08-06T16:13:14.068491+00:00,mixed_pdv_loss_holdover,373.29608865698737,1838.0,0.0,UNKNOWN,safe_default,persistent out-of-distribution / novel; conservative safe response,0.2538688539999612,0.25393510900005367,True,True,True
2026-08-06T16:13:14.404535+00:00,mixed_pdv_loss_holdover,373.49608865698735,1838.0,0.0,UNKNOWN,safe_default,persistent out-of-distribution / novel; conservative safe response,0.268929594000042,0.2690313430000515,True,True,True
2026-08-06T16:13:14.695526+00:00,mixed_pdv_loss_holdover,373.69608865698734,1838.0,0.0,UNKNOWN,safe_default,persistent out-of-distribution / novel; conservative safe response,0.2395171970000547,0.2396215100000063,True,True,True
2026-08-06T16:13:15.067045+00:00,mixed_pdv_loss_holdover,374.2960886569873,1838.0,0.0,UNKNOWN,safe_default,persistent out-of-distribution / novel; conservative safe response,0.22974638999994568,0.22982506799996827,True,True,True
2026-08-06T16:13:15.291068+00:00,mixed_pdv_loss_holdover,374.4960886569873,1838.0,0.0,UNKNOWN,safe_default,persistent out-of-distribution / novel; conservative safe response,0.1916715170000316,0.1917400690000477,True,True,True
2026-08-06T16:13:15.602123+00:00,mixed_pdv_loss_holdover,374.8960886569873,1838.0,0.0,UNKNOWN,safe_default,persistent out-of-distribution / novel; conservative safe response,0.14298899400000664,0.14305109299994,True,True,True
2026-08-06T16:13:15.776616+00:00,mixed_pdv_loss_holdover,375.09608865698726,1838.0,0.0,UNKNOWN,safe_default,persistent out-of-distribution / novel; conservative safe response,0.15232080099997347,0.15238900099996044,True,True,True
2026-08-06T16:13:16.267399+00:00,mixed_pdv_loss_holdover,375.49608865698724,1838.0,0.0,UNKNOWN,safe_default,persistent out-of-distribution / novel; conservative safe response,0.22040543200000684,0.22050173100001302,True,True,True
2026-08-06T16:13:16.561473+00:00,mixed_pdv_loss_holdover,375.69608865698723,1838.0,0.0,UNKNOWN,safe_default,persistent out-of-distribution / novel; conservative safe response,0.25651987600008397,0.256605076000028,True,True,True
2026-08-06T16:13:17.096991+00:00,mixed_pdv_loss_holdover,376.2960886569872,1838.0,0.0,UNKNOWN,safe_default,persistent out-of-distribution / novel; conservative safe response,0.25233511800001907,0.25242421700011164,True,True,True
2026-08-06T16:13:17.387607+00:00,mixed_pdv_loss_holdover,376.4960886569872,1838.0,0.0,UNKNOWN,safe_default,persistent out-of-distribution / novel; conservative safe response,0.23465819099999408,0.23475089099997604,True,True,True
2026-08-06T16:13:17.676123+00:00,mixed_pdv_loss_holdover,376.6960886569872,1838.0,0.0,UNKNOWN,safe_default,persistent out-of-distribution / novel; conservative safe response,0.2537752639999553,0.25385325499996725,True,True,True
2026-08-06T16:13:17.950314+00:00,mixed_pdv_loss_holdover,376.89608865698716,1838.0,0.0,UNKNOWN,safe_default,persistent out-of-distribution / novel; conservative safe response,0.22999048299993774,0.23008430699997007,True,True,True
2026-08-06T16:13:18.626980+00:00,mixed_pdv_loss_holdover,377.8960886569871,1838.0,0.0,UNKNOWN,safe_default,persistent out-of-distribution / novel; conservative safe response,0.21407118500007982,0.2141655070000752,True,True,True
2026-08-06T16:13:19.089579+00:00,mixed_pdv_loss_holdover,378.0960886569871,1838.0,0.0,UNKNOWN,safe_default,persistent out-of-distribution / novel; conservative safe response,0.2674863779999441,0.2675741540000445,True,True,True
2026-08-06T16:13:19.497011+00:00,mixed_pdv_loss_holdover,378.69608865698706,1838.0,0.0,UNKNOWN,safe_default,persistent out-of-distribution / novel; conservative safe response,0.2428956589999416,0.24297996199993577,True,True,True
2026-08-06T16:13:20.096603+00:00,mixed_pdv_loss_holdover,379.296088656987,1838.0,0.0,UNKNOWN,safe_default,persistent out-of-distribution / novel; conservative safe response,0.2376545200000919,0.23775231399997665,True,True,True
2026-08-06T16:13:20.373617+00:00,mixed_pdv_loss_holdover,379.496088656987,1838.0,0.0,UNKNOWN,safe_default,persistent out-of-distribution / novel; conservative safe response,0.23472678799998903,0.2348214060000373,True,True,True
2026-08-06T16:13:20.649103+00:00,mixed_pdv_loss_holdover,379.696088656987,1838.0,0.0,UNKNOWN,safe_default,persistent out-of-distribution / novel; conservative safe response,0.19860782500006735,0.1987014530000124,True,True,True
2026-08-06T16:13:21.018244+00:00,mixed_pdv_loss_holdover,380.29608865698697,1838.0,0.0,UNKNOWN,safe_default,persistent out-of-distribution / novel; conservative safe response,0.19535457799997857,0.19544255200003136,True,True,True
2026-08-06T16:13:21.300901+00:00,mixed_pdv_loss_holdover,380.49608865698696,1838.0,0.0,UNKNOWN,safe_default,persistent out-of-distribution / novel; conservative safe response,0.244707602999938,0.24478803799991056,True,True,True
2026-08-06T16:13:21.625043+00:00,mixed_pdv_loss_holdover,380.69608865698694,1838.0,0.0,UNKNOWN,safe_default,persistent out-of-distribution / novel; conservative safe response,0.2775223380000398,0.27761388300007184,True,True,True
2026-08-06T16:13:21.925838+00:00,mixed_pdv_loss_holdover,380.89608865698693,1838.0,0.0,UNKNOWN,safe_default,persistent out-of-distribution / novel; conservative safe response,0.2566627209999979,0.2567488099999764,True,True,True
2026-08-06T16:13:22.395910+00:00,mixed_pdv_loss_holdover,381.4960886569869,1838.0,0.0,UNKNOWN,safe_default,persistent out-of-distribution / novel; conservative safe response,0.2941199819999838,0.29435674600006223,True,True,True
2026-08-06T16:13:22.756700+00:00,mixed_pdv_loss_holdover,381.6960886569869,1838.0,0.0,UNKNOWN,safe_default,persistent out-of-distribution / novel; conservative safe response,0.3097563579999587,0.30983675699997093,True,True,True
2026-08-06T16:13:23.097312+00:00,mixed_pdv_loss_holdover,382.09608865698686,1838.0,0.0,UNKNOWN,safe_default,persistent out-of-distribution / novel; conservative safe response,0.2861862380000275,0.2863073369999256,True,True,True
2026-08-06T16:13:23.362258+00:00,mixed_pdv_loss_holdover,382.29608865698685,2726.0,0.0,UNKNOWN,safe_default,persistent out-of-distribution / novel; conservative safe response,0.23032948699994904,0.23039598700006536,True,True,True
2026-08-06T16:13:24.079011+00:00,mixed_pdv_loss_holdover,383.2960886569868,1635.0,0.0,UNKNOWN,safe_default,persistent out-of-distribution / novel; conservative safe response,0.2698731790000011,0.2699476790000972,True,True,True
2026-08-06T16:13:24.299917+00:00,mixed_pdv_loss_holdover,383.4960886569868,2750.0,0.0,UNKNOWN,safe_default,persistent out-of-distribution / novel; conservative safe response,0.1838504650000914,0.18403756400005022,True,True,True
2026-08-06T16:13:24.497789+00:00,mixed_pdv_loss_holdover,383.6960886569868,2750.0,0.0,UNKNOWN,safe_default,persistent out-of-distribution / novel; conservative safe response,0.16902168699994036,0.16913588600004914,True,True,True
2026-08-06T16:13:24.826155+00:00,mixed_pdv_loss_holdover,384.09608865698675,1600.0,0.0,UNKNOWN,safe_default,persistent out-of-distribution / novel; conservative safe response,0.16802039699996385,0.16809289700006502,True,True,True
2026-08-06T16:13:25.032070+00:00,mixed_pdv_loss_holdover,384.29608865698674,1600.0,0.0,UNKNOWN,safe_default,persistent out-of-distribution / novel; conservative safe response,0.1791651759999695,0.17925287600007778,True,True,True
2026-08-06T16:13:25.432445+00:00,mixed_pdv_loss_holdover,384.6960886569867,1600.0,0.0,UNKNOWN,safe_default,persistent out-of-distribution / novel; conservative safe response,0.1531246420000798,0.15318804100002126,True,True,True
2026-08-06T16:13:25.613191+00:00,mixed_pdv_loss_holdover,384.8960886569867,2275.0,0.0,UNKNOWN,safe_default,persistent out-of-distribution / novel; conservative safe response,0.15603926500000398,0.1561060639999141,True,True,True
2026-08-06T16:13:26.020566+00:00,mixed_pdv_loss_holdover,385.2960886569867,1575.0,0.0,UNKNOWN,safe_default,persistent out-of-distribution / novel; conservative safe response,0.16389669599993795,0.16396117600004345,True,True,True
2026-08-06T16:13:26.233666+00:00,mixed_pdv_loss_holdover,385.4960886569867,1575.0,0.0,UNKNOWN,safe_default,persistent out-of-distribution / novel; conservative safe response,0.18775075799999286,0.18784152599994286,True,True,True
2026-08-06T16:13:26.514129+00:00,mixed_pdv_loss_holdover,385.69608865698666,1575.0,0.0,UNKNOWN,safe_default,persistent out-of-distribution / novel; conservative safe response,0.14927515199997288,0.14934707300005812,True,True,True
2026-08-06T16:13:26.942313+00:00,mixed_pdv_loss_holdover,386.2960886569866,1575.0,0.0,UNKNOWN,safe_default,persistent out-of-distribution / novel; conservative safe response,0.14932018899992272,0.14938645400002315,True,True,True
2026-08-06T16:13:27.247883+00:00,mixed_pdv_loss_holdover,386.4960886569866,1575.0,0.0,UNKNOWN,safe_default,persistent out-of-distribution / novel; conservative safe response,0.1456004970000322,0.14569533200005935,True,True,True
2026-08-06T16:13:27.481291+00:00,mixed_pdv_loss_holdover,386.6960886569866,1575.0,0.0,UNKNOWN,safe_default,persistent out-of-distribution / novel; conservative safe response,0.19235898199997337,0.1924559000000272,True,True,True
2026-08-06T16:13:28.165428+00:00,mixed_pdv_loss_holdover,387.49608865698656,1575.0,0.0,UNKNOWN,safe_default,persistent out-of-distribution / novel; conservative safe response,0.18639658200004305,0.1864843739999742,True,True,True
2026-08-06T16:13:28.506189+00:00,mixed_pdv_loss_holdover,387.69608865698655,1575.0,0.0,UNKNOWN,safe_default,persistent out-of-distribution / novel; conservative safe response,0.17283558300005097,0.17290184900002714,True,True,True
2026-08-06T16:13:28.835706+00:00,mixed_pdv_loss_holdover,387.89608865698654,1575.0,0.0,UNKNOWN,safe_default,persistent out-of-distribution / novel; conservative safe response,0.29954388900000595,0.29967433700005586,True,True,True
2026-08-06T16:13:29.650364+00:00,mixed_pdv_loss_holdover,388.6960886569865,1575.0,0.0,UNKNOWN,safe_default,persistent out-of-distribution / novel; conservative safe response,0.38246999899990897,0.3826138390001006,True,True,True
2026-08-06T16:13:30.172489+00:00,mixed_pdv_loss_holdover,388.8960886569865,1575.0,0.0,UNKNOWN,safe_default,persistent out-of-distribution / novel; conservative safe response,0.42369492499994976,0.4237918440001067,True,True,True
2026-08-06T16:13:30.682516+00:00,mixed_pdv_loss_holdover,389.29608865698646,1575.0,0.0,UNKNOWN,safe_default,persistent out-of-distribution / novel; conservative safe response,0.43082788200001687,0.43095535399993423,True,True,True
2026-08-06T16:13:31.150041+00:00,mixed_pdv_loss_holdover,389.49608865698644,1575.0,0.0,UNKNOWN,safe_default,persistent out-of-distribution / novel; conservative safe response,0.376005550000059,0.3761017729999594,True,True,True
2026-08-06T16:13:31.640272+00:00,mixed_pdv_loss_holdover,390.0960886569864,1575.0,0.0,UNKNOWN,safe_default,persistent out-of-distribution / novel; conservative safe response,0.429542549999951,0.42964194900002894,True,True,True
2026-08-06T16:13:32.488459+00:00,mixed_pdv_loss_holdover,391.49608865698633,1575.0,0.0,UNKNOWN,safe_default,persistent out-of-distribution / novel; conservative safe response,0.3863836259999971,0.38648421499999586,True,True,True
2026-08-06T16:13:32.917590+00:00,mixed_pdv_loss_holdover,391.6960886569863,1575.0,0.0,UNKNOWN,safe_default,persistent out-of-distribution / novel; conservative safe response,0.35308872599989627,0.35319893700000193,True,True,True
2026-08-06T16:13:33.380287+00:00,mixed_pdv_loss_holdover,392.2960886569863,1575.0,0.0,UNKNOWN,safe_default,persistent out-of-distribution / novel; conservative safe response,0.39728974399997696,0.39737475799995536,True,True,True
2026-08-06T16:13:33.807657+00:00,mixed_pdv_loss_holdover,392.4960886569863,1575.0,0.0,UNKNOWN,safe_default,persistent out-of-distribution / novel; conservative safe response,0.3594108600000254,0.35951486999999815,True,True,True
2026-08-06T16:13:34.163211+00:00,mixed_pdv_loss_holdover,393.09608865698624,1575.0,0.0,UNKNOWN,safe_default,persistent out-of-distribution / novel; conservative safe response,0.264588936999985,0.2646922540000105,True,True,True
2026-08-06T16:13:34.468300+00:00,mixed_pdv_loss_holdover,393.2960886569862,1575.0,0.0,UNKNOWN,safe_default,persistent out-of-distribution / novel; conservative safe response,0.2613315370000464,0.26141956899994057,True,True,True
2026-08-06T16:13:35.076352+00:00,mixed_pdv_loss_holdover,394.29608865698617,1575.0,0.0,UNKNOWN,safe_default,persistent out-of-distribution / novel; conservative safe response,0.22147554800005764,0.2215479989999949,True,True,True
2026-08-06T16:13:35.404858+00:00,mixed_pdv_loss_holdover,394.49608865698616,1575.0,0.0,UNKNOWN,safe_default,persistent out-of-distribution / novel; conservative safe response,0.3045636269999932,0.30468312099992545,True,True,True
2026-08-06T16:13:36.108267+00:00,mixed_pdv_loss_holdover,395.2960886569861,1575.0,0.0,UNKNOWN,safe_default,persistent out-of-distribution / novel; conservative safe response,0.2968356239999821,0.2969597829999202,True,True,True
2026-08-06T16:13:36.476905+00:00,mixed_pdv_loss_holdover,395.4960886569861,1575.0,0.0,UNKNOWN,safe_default,persistent out-of-distribution / novel; conservative safe response,0.3136674969999831,0.31373726700007865,True,True,True
2026-08-06T16:13:36.834333+00:00,mixed_pdv_loss_holdover,395.6960886569861,1575.0,0.0,UNKNOWN,safe_default,persistent out-of-distribution / novel; conservative safe response,0.31734828599996945,0.31745200000000295,True,True,True
2026-08-06T16:13:37.130996+00:00,mixed_pdv_loss_holdover,396.29608865698606,1575.0,0.0,UNKNOWN,safe_default,persistent out-of-distribution / novel; conservative safe response,0.20553504199995132,0.20560906200000773,True,True,True
2026-08-06T16:13:37.369319+00:00,mixed_pdv_loss_holdover,396.49608865698605,1575.0,0.0,UNKNOWN,safe_default,persistent out-of-distribution / novel; conservative safe response,0.21059822899997016,0.2106893319999017,True,True,True
2026-08-06T16:13:38.189256+00:00,mixed_pdv_loss_holdover,397.296088656986,1575.0,0.0,UNKNOWN,safe_default,persistent out-of-distribution / novel; conservative safe response,0.3259917840000526,0.32606699500001923,True,True,True
2026-08-06T16:13:38.645645+00:00,mixed_pdv_loss_holdover,397.496088656986,1575.0,0.0,UNKNOWN,safe_default,persistent out-of-distribution / novel; conservative safe response,0.358268962000011,0.35837024199997813,True,True,True
2026-08-06T16:13:38.905009+00:00,mixed_pdv_loss_holdover,397.696088656986,1575.0,0.0,UNKNOWN,safe_default,persistent out-of-distribution / novel; conservative safe response,0.22899636399995416,0.2290942060000134,True,True,True
2026-08-06T16:13:39.157008+00:00,mixed_pdv_loss_holdover,397.89608865698597,1575.0,0.0,UNKNOWN,safe_default,persistent out-of-distribution / novel; conservative safe response,0.2195901390000472,0.21965933000001314,True,True,True
2026-08-06T16:13:39.853710+00:00,mixed_pdv_loss_holdover,399.0960886569859,1575.0,0.0,UNKNOWN,safe_default,persistent out-of-distribution / novel; conservative safe response,0.20091927700002543,0.20128031399997326,True,True,True
2026-08-06T16:13:40.189091+00:00,mixed_pdv_loss_holdover,399.2960886569859,1575.0,0.0,UNKNOWN,safe_default,persistent out-of-distribution / novel; conservative safe response,0.2955395839999255,0.29564467199998035,True,True,True
2026-08-06T16:13:40.588377+00:00,mixed_pdv_loss_holdover,399.69608865698586,1575.0,0.0,UNKNOWN,safe_default,persistent out-of-distribution / novel; conservative safe response,0.26982442899998205,0.2699465160000045,True,True,True
2026-08-06T16:13:40.868855+00:00,mixed_pdv_loss_holdover,399.89608865698585,1575.0,0.0,UNKNOWN,safe_default,persistent out-of-distribution / novel; conservative safe response,0.23883971199995813,0.2389683399999285,True,True,True
2026-08-06T16:13:41.233851+00:00,mixed_pdv_loss_holdover,400.29608865698583,1575.0,0.0,UNKNOWN,safe_default,persistent out-of-distribution / novel; conservative safe response,0.28370110100001966,0.2838546299999507,True,True,True
2026-08-06T16:13:41.546016+00:00,mixed_pdv_loss_holdover,400.4960886569858,1575.0,0.0,UNKNOWN,safe_default,persistent out-of-distribution / novel; conservative safe response,0.263617323999938,0.26406211899995924,True,True,True
2026-08-06T16:13:41.982989+00:00,mixed_pdv_loss_holdover,401.0960886569858,1575.0,0.0,UNKNOWN,safe_default,persistent out-of-distribution / novel; conservative safe response,0.26270492000003287,0.26279994900005477,True,True,True
2026-08-06T16:13:42.286016+00:00,mixed_pdv_loss_holdover,401.2960886569858,1575.0,0.0,UNKNOWN,safe_default,persistent out-of-distribution / novel; conservative safe response,0.2629173070000661,0.26303341499999533,True,True,True
2026-08-06T16:13:42.624630+00:00,mixed_pdv_loss_holdover,401.69608865698575,1575.0,0.0,UNKNOWN,safe_default,persistent out-of-distribution / novel; conservative safe response,0.29610985900001197,0.296208346999947,True,True,True
2026-08-06T16:13:42.908154+00:00,mixed_pdv_loss_holdover,401.89608865698574,1575.0,0.0,UNKNOWN,safe_default,persistent out-of-distribution / novel; conservative safe response,0.2438311910000266,0.24392226099996606,True,True,True
2026-08-06T16:13:43.323718+00:00,mixed_pdv_loss_holdover,402.4960886569857,1575.0,0.0,UNKNOWN,safe_default,persistent out-of-distribution / novel; conservative safe response,0.27686798599995655,0.2769497550000324,True,True,True
2026-08-06T16:13:43.683065+00:00,mixed_pdv_loss_holdover,402.6960886569857,1575.0,0.0,UNKNOWN,safe_default,persistent out-of-distribution / novel; conservative safe response,0.3103741690000561,0.3104678840001043,True,True,True
2026-08-06T16:13:44.001781+00:00,mixed_pdv_loss_holdover,402.8960886569857,1575.0,0.0,UNKNOWN,safe_default,persistent out-of-distribution / novel; conservative safe response,0.263808092999966,0.2638893079999889,True,True,True
2026-08-06T16:13:44.415542+00:00,mixed_pdv_loss_holdover,403.09608865698567,1575.0,0.0,UNKNOWN,safe_default,persistent out-of-distribution / novel; conservative safe response,0.37925557000005483,0.3793521260000716,True,True,True
2026-08-06T16:13:44.856807+00:00,mixed_pdv_loss_holdover,403.69608865698564,1575.0,0.0,UNKNOWN,safe_default,persistent out-of-distribution / novel; conservative safe response,0.3953013000000283,0.3953917049999518,True,True,True
2026-08-06T16:13:45.291243+00:00,mixed_pdv_loss_holdover,403.8960886569856,1575.0,0.0,UNKNOWN,safe_default,persistent out-of-distribution / novel; conservative safe response,0.3744819099999859,0.3745795080000107,True,True,True
2026-08-06T16:13:46.015976+00:00,mixed_pdv_loss_holdover,405.09608865698556,1575.0,0.0,UNKNOWN,safe_default,persistent out-of-distribution / novel; conservative safe response,0.3405675379999593,0.3406788360000519,True,True,True
2026-08-06T16:13:46.379768+00:00,mixed_pdv_loss_holdover,405.29608865698555,1575.0,0.0,UNKNOWN,safe_default,persistent out-of-distribution / novel; conservative safe response,0.3095530460000191,0.3097708039999816,True,True,True
2026-08-06T16:13:46.753093+00:00,mixed_pdv_loss_holdover,405.49608865698553,1575.0,0.0,UNKNOWN,safe_default,persistent out-of-distribution / novel; conservative safe response,0.32148055599998315,0.3215759509999998,True,True,True
2026-08-06T16:13:47.145493+00:00,mixed_pdv_loss_holdover,405.6960886569855,1575.0,0.0,UNKNOWN,safe_default,persistent out-of-distribution / novel; conservative safe response,0.33816292199992404,0.33826448000002074,True,True,True
2026-08-06T16:13:48.618066+00:00,mixed_pdv_loss_holdover,408.0960886569854,0.0,0.0,healthy,safe_default,no anomaly above configured threshold,0.000139467000053628,0.0001605670000799364,True,False,False
2026-08-06T16:13:48.856557+00:00,mixed_pdv_loss_holdover,408.2960886569854,0.0,0.0,healthy,safe_default,no anomaly above configured threshold,0.00010289199997259857,0.0001224860000093031,True,False,False
2026-08-06T16:13:48.988378+00:00,mixed_pdv_loss_holdover,408.49608865698536,0.0,0.0,healthy,safe_default,no anomaly above configured threshold,8.982899998954963e-05,0.00010228899998310226,True,False,False
2026-08-06T16:13:49.277109+00:00,mixed_pdv_loss_holdover,408.69608865698535,0.0,0.0,healthy,safe_default,no anomaly above configured threshold,0.00010463800003890356,0.00012261299991678243,True,False,False
2026-08-06T16:13:49.437564+00:00,mixed_pdv_loss_holdover,408.89608865698534,0.0,0.0,healthy,safe_default,no anomaly above configured threshold,0.00011568399997941015,0.00013596899998447043,True,False,False
2026-08-06T16:13:49.853418+00:00,mixed_pdv_loss_holdover,409.2960886569853,0.0,0.0,healthy,safe_default,no anomaly above configured threshold,0.00010753100002602878,0.00012627599994630145,True,False,False
2026-08-06T16:13:49.990795+00:00,mixed_pdv_loss_holdover,409.4960886569853,0.0,0.0,healthy,safe_default,no anomaly above configured threshold,0.00012466299995139707,0.00014431500005684939,True,False,False
2026-08-06T16:13:50.297080+00:00,mixed_pdv_loss_holdover,409.6960886569853,0.0,0.0,healthy,safe_default,no anomaly above configured threshold,7.72570000435735e-05,8.964599999217171e-05,True,False,False
2026-08-06T16:13:50.437245+00:00,mixed_pdv_loss_holdover,409.8960886569853,0.0,0.0,healthy,safe_default,no anomaly above configured threshold,7.977500001743465e-05,9.216399996603286e-05,True,False,False
2026-08-06T16:13:50.818352+00:00,mixed_pdv_loss_holdover,410.29608865698526,0.0,0.0,healthy,safe_default,no anomaly above configured threshold,7.373100004315347e-05,8.602000002611021e-05,True,False,False
2026-08-06T16:13:50.959752+00:00,mixed_pdv_loss_holdover,410.49608865698525,0.0,0.0,healthy,safe_default,no anomaly above configured threshold,7.000400000833906e-05,8.128599995416153e-05,True,False,False
2026-08-06T16:13:51.217938+00:00,mixed_pdv_loss_holdover,410.69608865698524,0.0,0.0,healthy,safe_default,no anomaly above configured threshold,0.00015796699995007657,0.000176894999981414,True,False,False
2026-08-06T16:13:51.336343+00:00,mixed_pdv_loss_holdover,410.8960886569852,0.0,0.0,healthy,safe_default,no anomaly above configured threshold,8.487299999160314e-05,9.735700007240666e-05,True,False,False
2026-08-06T16:13:51.609684+00:00,mixed_pdv_loss_holdover,411.0960886569852,0.0,0.0,healthy,safe_default,no anomaly above configured threshold,8.38670000575803e-05,9.755899998253881e-05,True,False,False
2026-08-06T16:13:51.880378+00:00,mixed_pdv_loss_holdover,411.2960886569852,0.0,0.0,healthy,safe_default,no anomaly above configured threshold,9.494099992934935e-05,0.0001092379999363402,True,False,False
2026-08-06T16:13:52.007330+00:00,mixed_pdv_loss_holdover,411.4960886569852,0.0,0.0,healthy,safe_default,no anomaly above configured threshold,7.769399996959692e-05,9.067600001344545e-05,True,False,False
2026-08-06T16:13:52.253256+00:00,mixed_pdv_loss_holdover,411.6960886569852,0.0,0.0,healthy,safe_default,no anomaly above configured threshold,9.18840000849741e-05,0.00010687999997571751,True,False,False
2026-08-06T16:13:52.404590+00:00,mixed_pdv_loss_holdover,411.89608865698517,0.0,0.0,healthy,safe_default,no anomaly above configured threshold,9.912999996686267e-05,0.00011976099995081313,True,False,False
2026-08-06T16:13:52.660758+00:00,mixed_pdv_loss_holdover,412.09608865698516,0.0,0.0,healthy,safe_default,no anomaly above configured threshold,0.0008642930000632987,0.0008894540000028428,True,False,False
2026-08-06T16:13:52.829780+00:00,mixed_pdv_loss_holdover,412.29608865698515,0.0,0.0,healthy,safe_default,no anomaly above configured threshold,0.0001490469999225752,0.00016857200000686134,True,False,False
2026-08-06T16:13:53.093374+00:00,mixed_pdv_loss_holdover,412.49608865698514,0.0,0.0,healthy,safe_default,no anomaly above configured threshold,0.00010070500002257177,0.00011649999999008287,True,False,False
2026-08-06T16:13:53.250405+00:00,mixed_pdv_loss_holdover,412.6960886569851,0.0,0.0,healthy,safe_default,no anomaly above configured threshold,0.00012344100002792402,0.00014406599996164005,True,False,False
2026-08-06T16:13:53.633855+00:00,mixed_pdv_loss_holdover,413.0960886569851,0.0,0.0,healthy,safe_default,no anomaly above configured threshold,0.00010392500007583294,0.00012092600002233667,True,False,False
2026-08-06T16:13:53.899558+00:00,mixed_pdv_loss_holdover,413.2960886569851,0.0,0.0,healthy,safe_default,no anomaly above configured threshold,0.00015915599999516417,0.00017877400000543275,True,False,False
2026-08-06T16:13:54.066438+00:00,mixed_pdv_loss_holdover,413.4960886569851,0.0,0.0,healthy,safe_default,no anomaly above configured threshold,0.0001032889999805775,0.00012149300005148689,True,False,False
2026-08-06T16:13:54.547433+00:00,mixed_pdv_loss_holdover,413.89608865698506,0.0,0.0,healthy,safe_default,no anomaly above configured threshold,9.806000002754445e-05,0.00011535800001638563,True,False,False
2026-08-06T16:13:54.706903+00:00,mixed_pdv_loss_holdover,414.09608865698505,0.0,0.0,healthy,safe_default,no anomaly above configured threshold,0.0001415070000803098,0.0003387320000456384,True,False,False
2026-08-06T16:13:55.263385+00:00,mixed_pdv_loss_holdover,414.696088656985,0.0,0.0,healthy,safe_default,no anomaly above configured threshold,0.00011040000003958994,0.00012809699990157242,True,False,False
2026-08-06T16:13:55.426944+00:00,mixed_pdv_loss_holdover,414.896088656985,0.0,0.0,healthy,safe_default,no anomaly above configured threshold,0.00010557399991739658,0.00012447699998574535,True,False,False
2026-08-06T16:13:55.720961+00:00,mixed_pdv_loss_holdover,415.096088656985,0.0,0.0,healthy,safe_default,no anomaly above configured threshold,9.752999994816491e-05,0.00011532700000316254,True,False,False
2026-08-06T16:13:55.888668+00:00,mixed_pdv_loss_holdover,415.296088656985,0.0,0.0,healthy,safe_default,no anomaly above configured threshold,0.0001417699999137767,0.0001646949999667413,True,False,False
2026-08-06T16:13:56.424902+00:00,mixed_pdv_loss_holdover,415.89608865698494,0.0,0.0,healthy,safe_default,no anomaly above configured threshold,0.0001541020000104254,0.00017521100005524204,True,False,False
2026-08-06T16:13:56.701744+00:00,mixed_pdv_loss_holdover,416.09608865698493,0.0,0.0,healthy,safe_default,no anomaly above configured threshold,0.00012133099994571239,0.0001411339999322081,True,False,False
2026-08-06T16:13:56.839263+00:00,mixed_pdv_loss_holdover,416.2960886569849,0.0,0.0,healthy,safe_default,no anomaly above configured threshold,0.0001447529999722974,0.00016656600007536326,True,False,False
2026-08-06T16:13:57.114220+00:00,mixed_pdv_loss_holdover,416.4960886569849,0.0,0.0,healthy,safe_default,no anomaly above configured threshold,0.0001069340000867669,0.0001249239999197016,True,False,False
2026-08-06T16:13:57.258433+00:00,mixed_pdv_loss_holdover,416.6960886569849,0.0,0.0,healthy,safe_default,no anomaly above configured threshold,0.00010733600004186883,0.0001271349999569793,True,False,False
2026-08-06T16:13:57.692932+00:00,mixed_pdv_loss_holdover,417.0960886569849,0.0,0.0,healthy,safe_default,no anomaly above configured threshold,0.0004598900000019057,0.00048650399992311577,True,False,False
2026-08-06T16:13:57.830186+00:00,mixed_pdv_loss_holdover,417.29608865698486,0.0,0.0,healthy,safe_default,no anomaly above configured threshold,0.00010880800004997582,0.00012690999994902086,True,False,False
2026-08-06T16:13:58.093872+00:00,mixed_pdv_loss_holdover,417.49608865698485,0.0,0.0,healthy,safe_default,no anomaly above configured threshold,0.0002046620001010524,0.0002291199999717719,True,False,False
2026-08-06T16:13:58.211076+00:00,mixed_pdv_loss_holdover,417.69608865698484,0.0,0.0,healthy,safe_default,no anomaly above configured threshold,0.0001009610000437533,0.00011886400000094,True,False,False
2026-08-06T16:13:58.491166+00:00,mixed_pdv_loss_holdover,417.89608865698483,0.0,0.0,healthy,safe_default,no anomaly above configured threshold,0.00011113499999737542,0.0001305060000049707,True,False,False
2026-08-06T16:13:58.622650+00:00,mixed_pdv_loss_holdover,418.0960886569848,0.0,0.0,healthy,safe_default,no anomaly above configured threshold,0.0002135650000809619,0.0003795830000399292,True,False,False
2026-08-06T16:13:58.900554+00:00,mixed_pdv_loss_holdover,418.2960886569848,0.0,0.0,healthy,safe_default,no anomaly above configured threshold,0.00010614600000735663,0.00012512499995409598,True,False,False
2026-08-06T16:13:59.064333+00:00,mixed_pdv_loss_holdover,418.4960886569848,0.0,0.0,healthy,safe_default,no anomaly above configured threshold,0.0001522000000022672,0.00016902400000162743,True,False,False
2026-08-06T16:13:59.449377+00:00,mixed_pdv_loss_holdover,418.8960886569848,0.0,0.0,healthy,safe_default,no anomaly above configured threshold,0.00010084699999879376,0.0001172800000404095,True,False,False
2026-08-06T16:13:59.575585+00:00,mixed_pdv_loss_holdover,419.09608865698476,0.0,0.0,healthy,safe_default,no anomaly above configured threshold,0.00011952900001688249,0.0001404619999902934,True,False,False
2026-08-06T16:13:59.834095+00:00,mixed_pdv_loss_holdover,419.29608865698475,0.0,0.0,healthy,safe_default,no anomaly above configured threshold,0.0001060319999623971,0.0001240290000623645,True,False,False
2026-08-06T16:14:00.080282+00:00,mixed_pdv_loss_holdover,419.49608865698474,0.0,0.0,healthy,safe_default,no anomaly above configured threshold,7.41329999982554e-05,8.635799997591675e-05,True,False,False
2026-08-06T16:14:00.203004+00:00,mixed_pdv_loss_holdover,419.6960886569847,0.0,0.0,healthy,safe_default,no anomaly above configured threshold,0.00014033499996912724,0.00015534900001057395,True,False,False
2026-08-06T16:14:00.436549+00:00,mixed_pdv_loss_holdover,419.8960886569847,0.0,0.0,healthy,safe_default,no anomaly above configured threshold,0.00012241700005688472,0.00013763200001903897,True,False,False
2026-08-06T16:14:00.596711+00:00,mixed_pdv_loss_holdover,420.0960886569847,0.0,0.0,healthy,safe_default,no anomaly above configured threshold,8.368100009192858e-05,9.699299994281319e-05,True,False,False
2026-08-06T16:14:00.838441+00:00,mixed_pdv_loss_holdover,420.2960886569847,0.0,0.0,healthy,safe_default,no anomaly above configured threshold,7.16690000217568e-05,8.718399999452231e-05,True,False,False
2026-08-06T16:14:00.969502+00:00,mixed_pdv_loss_holdover,420.4960886569847,0.0,0.0,healthy,safe_default,no anomaly above configured threshold,0.00010780299999169074,0.00012151700002505095,True,False,False
2026-08-06T16:14:01.242583+00:00,mixed_pdv_loss_holdover,420.69608865698467,0.0,0.0,healthy,safe_default,no anomaly above configured threshold,0.0001226029999088496,0.0001429200000302444,True,False,False
2026-08-06T16:14:01.388349+00:00,mixed_pdv_loss_holdover,420.89608865698466,0.0,0.0,healthy,safe_default,no anomaly above configured threshold,0.00010789000009481242,0.00012560599998323596,True,False,False
2026-08-06T16:14:01.643040+00:00,mixed_pdv_loss_holdover,421.09608865698465,0.0,0.0,healthy,safe_default,no anomaly above configured threshold,0.0012814740000521851,0.001308095999888792,True,False,False
2026-08-06T16:14:01.783835+00:00,mixed_pdv_loss_holdover,421.29608865698464,0.0,0.0,healthy,safe_default,no anomaly above configured threshold,0.0001378150000164169,0.00015502999997352163,True,False,False
2026-08-06T16:14:02.027063+00:00,mixed_pdv_loss_holdover,421.4960886569846,0.0,0.0,healthy,safe_default,no anomaly above configured threshold,9.056600003987114e-05,0.00010507599995435157,True,False,False
2026-08-06T16:14:02.293547+00:00,mixed_pdv_loss_holdover,421.6960886569846,0.0,0.0,healthy,safe_default,no anomaly above configured threshold,9.21680000374181e-05,0.00011008000001311302,True,False,False
2026-08-06T16:14:02.406822+00:00,mixed_pdv_loss_holdover,421.8960886569846,0.0,0.0,healthy,safe_default,no anomaly above configured threshold,0.00010347599993565382,0.00012198999991142045,True,False,False
2026-08-06T16:14:02.665260+00:00,mixed_pdv_loss_holdover,422.0960886569846,0.0,0.0,healthy,safe_default,no anomaly above configured threshold,7.90569999935542e-05,9.176800006116537e-05,True,False,False
2026-08-06T16:14:02.784017+00:00,mixed_pdv_loss_holdover,422.2960886569846,0.0,0.0,healthy,safe_default,no anomaly above configured threshold,0.0002490820000957683,0.00026359299999967334,True,False,False
2026-08-06T16:14:03.032653+00:00,mixed_pdv_loss_holdover,422.49608865698457,0.0,0.0,healthy,safe_default,no anomaly above configured threshold,8.155200009696273e-05,9.485999999014894e-05,True,False,False
2026-08-06T16:14:03.165054+00:00,mixed_pdv_loss_holdover,422.69608865698456,0.0,0.0,healthy,safe_default,no anomaly above configured threshold,8.315299999139825e-05,9.656099996391276e-05,True,False,False
2026-08-06T16:14:03.409174+00:00,mixed_pdv_loss_holdover,422.89608865698455,0.0,0.0,healthy,safe_default,no anomaly above configured threshold,7.654900002762588e-05,8.925700001327641e-05,True,False,False
2026-08-06T16:14:03.679711+00:00,mixed_pdv_loss_holdover,423.09608865698453,0.0,0.0,healthy,safe_default,no anomaly above configured threshold,6.524200000512792e-05,7.725000000391447e-05,True,False,False
2026-08-06T16:14:03.815111+00:00,mixed_pdv_loss_holdover,423.2960886569845,0.0,0.0,healthy,safe_default,no anomaly above configured threshold,7.294600004570384e-05,8.535500001016771e-05,True,False,False
2026-08-06T16:14:04.100026+00:00,mixed_pdv_loss_holdover,423.4960886569845,0.0,0.0,healthy,safe_default,no anomaly above configured threshold,0.0004064260000404829,0.0004925750000666085,True,False,False
2026-08-06T16:14:04.240625+00:00,mixed_pdv_loss_holdover,423.6960886569845,0.0,0.0,healthy,safe_default,no anomaly above configured threshold,0.0007432149999431203,0.0007706299999199473,True,False,False
2026-08-06T16:14:04.637275+00:00,mixed_pdv_loss_holdover,424.0960886569845,0.0,0.0,healthy,safe_default,no anomaly above configured threshold,0.0001013569999486208,0.00012056700006723986,True,False,False
2026-08-06T16:14:04.783232+00:00,mixed_pdv_loss_holdover,424.29608865698447,0.0,0.0,healthy,safe_default,no anomaly above configured threshold,0.00011786599998231395,0.00016739299996970658,True,False,False
2026-08-06T16:14:05.047516+00:00,mixed_pdv_loss_holdover,424.49608865698445,0.0,0.0,healthy,safe_default,no anomaly above configured threshold,0.00016958300000169402,0.00022240900000269903,True,False,False
2026-08-06T16:14:05.188196+00:00,mixed_pdv_loss_holdover,424.69608865698444,0.0,0.0,healthy,safe_default,no anomaly above configured threshold,0.00011585599997943063,0.0001355660000399439,True,False,False
2026-08-06T16:14:05.446701+00:00,mixed_pdv_loss_holdover,424.89608865698443,0.0,0.0,healthy,safe_default,no anomaly above configured threshold,7.913900003586605e-05,9.204400009821256e-05,True,False,False
2026-08-06T16:14:05.592270+00:00,mixed_pdv_loss_holdover,425.0960886569844,0.0,0.0,healthy,safe_default,no anomaly above configured threshold,0.0001026500000307351,0.0001206590000037977,True,False,False
2026-08-06T16:14:05.829363+00:00,mixed_pdv_loss_holdover,425.2960886569844,0.0,0.0,healthy,safe_default,no anomaly above configured threshold,8.505699997840566e-05,9.921699995629751e-05,True,False,False
2026-08-06T16:14:05.988534+00:00,mixed_pdv_loss_holdover,425.4960886569844,0.0,0.0,healthy,safe_default,no anomaly above configured threshold,0.0001526639999838153,0.00017250700000204233,True,False,False
2026-08-06T16:14:06.217716+00:00,mixed_pdv_loss_holdover,425.6960886569844,0.0,0.0,healthy,safe_default,no anomaly above configured threshold,8.006599989585084e-05,9.272900001633388e-05,True,False,False
2026-08-06T16:14:06.375945+00:00,mixed_pdv_loss_holdover,425.8960886569844,0.0,0.0,healthy,safe_default,no anomaly above configured threshold,0.00012692899997546192,0.00014746900001227914,True,False,False
2026-08-06T16:14:06.642666+00:00,mixed_pdv_loss_holdover,426.09608865698436,0.0,0.0,healthy,safe_default,no anomaly above configured threshold,0.00015145800000482268,0.0001724960000046849,True,False,False
2026-08-06T16:14:06.799571+00:00,mixed_pdv_loss_holdover,426.29608865698435,0.0,0.0,healthy,safe_default,no anomaly above configured threshold,0.0001058909999755997,0.00012443700006770086,True,False,False
2026-08-06T16:14:07.072626+00:00,mixed_pdv_loss_holdover,426.49608865698434,0.0,0.0,healthy,safe_default,no anomaly above configured threshold,0.0003995119999444796,0.00042413899996063265,True,False,False
2026-08-06T16:14:07.207361+00:00,mixed_pdv_loss_holdover,426.69608865698433,0.0,0.0,healthy,safe_default,no anomaly above configured threshold,9.661299998242612e-05,0.00010967399998662586,True,False,False
2026-08-06T16:14:07.514268+00:00,mixed_pdv_loss_holdover,426.8960886569843,0.0,0.0,healthy,safe_default,no anomaly above configured threshold,9.511700000075507e-05,0.0001101720000633577,True,False,False
2026-08-06T16:14:07.631611+00:00,mixed_pdv_loss_holdover,427.0960886569843,0.0,0.0,healthy,safe_default,no anomaly above configured threshold,7.38800000590345e-05,8.614399996531574e-05,True,False,False
2026-08-06T16:14:08.030501+00:00,mixed_pdv_loss_holdover,427.4960886569843,0.0,0.0,healthy,safe_default,no anomaly above configured threshold,7.547199993496179e-05,8.743599994431861e-05,True,False,False
2026-08-06T16:14:08.190756+00:00,mixed_pdv_loss_holdover,427.6960886569843,0.0,0.0,healthy,safe_default,no anomaly above configured threshold,7.90609999512526e-05,9.2420999976639e-05,True,False,False
2026-08-06T16:14:08.447440+00:00,mixed_pdv_loss_holdover,427.89608865698426,0.0,0.0,healthy,safe_default,no anomaly above configured threshold,9.072599993942276e-05,0.00010897000004206348,True,False,False
2026-08-06T16:14:08.593447+00:00,mixed_pdv_loss_holdover,428.09608865698425,0.0,0.0,healthy,safe_default,no anomaly above configured threshold,8.733599997867714e-05,0.00010478300009708619,True,False,False
2026-08-06T16:14:08.850731+00:00,mixed_pdv_loss_holdover,428.29608865698424,0.0,0.0,healthy,safe_default,no anomaly above configured threshold,9.760499995081773e-05,0.00011405500004002533,True,False,False
2026-08-06T16:14:08.978218+00:00,mixed_pdv_loss_holdover,428.4960886569842,0.0,0.0,healthy,safe_default,no anomaly above configured threshold,7.4773999926947e-05,8.76349999998638e-05,True,False,False
2026-08-06T16:14:09.257390+00:00,mixed_pdv_loss_holdover,428.6960886569842,0.0,0.0,healthy,safe_default,no anomaly above configured threshold,0.00014366000004883972,0.00016401900006712822,True,False,False
2026-08-06T16:14:09.431843+00:00,mixed_pdv_loss_holdover,428.8960886569842,0.0,0.0,healthy,safe_default,no anomaly above configured threshold,0.0001149900000427806,0.0001327520000131699,True,False,False
2026-08-06T16:14:09.725837+00:00,mixed_pdv_loss_holdover,429.0960886569842,0.0,0.0,healthy,safe_default,no anomaly above configured threshold,0.00015331999998124957,0.00017679500001577253,True,False,False
2026-08-06T16:14:09.860085+00:00,mixed_pdv_loss_holdover,429.2960886569842,0.0,0.0,healthy,safe_default,no anomaly above configured threshold,9.68110000485467e-05,0.00011436700003741862,True,False,False
2026-08-06T16:14:10.264569+00:00,mixed_pdv_loss_holdover,429.69608865698416,0.0,0.0,healthy,safe_default,no anomaly above configured threshold,8.608900009221543e-05,0.00010024899995642045,True,False,False
2026-08-06T16:14:10.435096+00:00,mixed_pdv_loss_holdover,429.89608865698415,0.0,0.0,healthy,safe_default,no anomaly above configured threshold,0.0001519229999757954,0.00017217899994648178,True,False,False
2026-08-06T16:14:10.728965+00:00,mixed_pdv_loss_holdover,430.09608865698414,0.0,0.0,healthy,safe_default,no anomaly above configured threshold,0.00015647100008209236,0.00017765699999472417,True,False,False
2026-08-06T16:14:10.896419+00:00,mixed_pdv_loss_holdover,430.2960886569841,0.0,0.0,healthy,safe_default,no anomaly above configured threshold,8.381600002849154e-05,9.818099999847618e-05,True,False,False
2026-08-06T16:14:11.275577+00:00,mixed_pdv_loss_holdover,430.6960886569841,0.0,0.0,healthy,safe_default,no anomaly above configured threshold,0.00010597499999676074,0.00012861099992278469,True,False,False
2026-08-06T16:14:11.427365+00:00,mixed_pdv_loss_holdover,430.8960886569841,0.0,0.0,healthy,safe_default,no anomaly above configured threshold,0.00011708699992141192,0.00013704700006655912,True,False,False
2026-08-06T16:14:11.711140+00:00,mixed_pdv_loss_holdover,431.0960886569841,0.0,0.0,healthy,safe_default,no anomaly above configured threshold,6.718600002386665e-05,7.932699998036696e-05,True,False,False
2026-08-06T16:14:11.845151+00:00,mixed_pdv_loss_holdover,431.29608865698407,0.0,0.0,healthy,safe_default,no anomaly above configured threshold,6.255599998894468e-05,7.387400000880007e-05,True,False,False
2026-08-06T16:14:12.224956+00:00,mixed_pdv_loss_holdover,431.69608865698405,0.0,0.0,healthy,safe_default,no anomaly above configured threshold,8.260300000983989e-05,9.439000007205323e-05,True,False,False
2026-08-06T16:14:12.378068+00:00,mixed_pdv_loss_holdover,431.89608865698403,0.0,0.0,healthy,safe_default,no anomaly above configured threshold,0.00011181200000009994,0.00013169399994694686,True,False,False
2026-08-06T16:14:12.659964+00:00,mixed_pdv_loss_holdover,432.096088656984,0.0,0.0,healthy,safe_default,no anomaly above configured threshold,0.0001851910000141288,0.0002064059999611345,True,False,False
2026-08-06T16:14:12.803604+00:00,mixed_pdv_loss_holdover,432.296088656984,0.0,0.0,healthy,safe_default,no anomaly above configured threshold,0.00013335700009520224,0.00015577099998154154,True,False,False
2026-08-06T16:14:13.062157+00:00,mixed_pdv_loss_holdover,432.496088656984,0.0,0.0,healthy,safe_default,no anomaly above configured threshold,0.00019745299994156085,0.0002293200000167417,True,False,False
2026-08-06T16:14:13.217993+00:00,mixed_pdv_loss_holdover,432.696088656984,0.0,0.0,healthy,safe_default,no anomaly above configured threshold,0.00013228499994966114,0.00015605700002652156,True,False,False
2026-08-06T16:14:13.479837+00:00,mixed_pdv_loss_holdover,432.896088656984,0.0,0.0,healthy,safe_default,no anomaly above configured threshold,0.00013259199999993143,0.000155647000042336,True,False,False
2026-08-06T16:14:13.615197+00:00,mixed_pdv_loss_holdover,433.09608865698397,0.0,0.0,healthy,safe_default,no anomaly above configured threshold,0.00012080800001967873,0.00014007199990828667,True,False,False
2026-08-06T16:14:13.888048+00:00,mixed_pdv_loss_holdover,433.29608865698395,0.0,0.0,healthy,safe_default,no anomaly above configured threshold,0.00015178300009210943,0.00017372800004977762,True,False,False
2026-08-06T16:14:14.002332+00:00,mixed_pdv_loss_holdover,433.49608865698394,0.0,0.0,healthy,safe_default,no anomaly above configured threshold,0.00011957699996401061,0.0001397949999955017,True,False,False
2026-08-06T16:14:14.245938+00:00,mixed_pdv_loss_holdover,433.69608865698393,0.0,0.0,healthy,safe_default,no anomaly above configured threshold,0.00010857900008431898,0.00012296199997763324,True,False,False
2026-08-06T16:14:14.397133+00:00,mixed_pdv_loss_holdover,433.8960886569839,0.0,0.0,healthy,safe_default,no anomaly above configured threshold,7.495200009088876e-05,8.720799996808637e-05,True,False,False
2026-08-06T16:14:14.641181+00:00,mixed_pdv_loss_holdover,434.0960886569839,0.0,0.0,healthy,safe_default,no anomaly above configured threshold,0.00010007100001985236,0.00011850500004584319,True,False,False
2026-08-06T16:14:14.774848+00:00,mixed_pdv_loss_holdover,434.2960886569839,0.0,0.0,healthy,safe_default,no anomaly above configured threshold,6.320199997844611e-05,7.454699994013936e-05,True,False,False
2026-08-06T16:14:15.017411+00:00,mixed_pdv_loss_holdover,434.4960886569839,0.0,0.0,healthy,safe_default,no anomaly above configured threshold,5.737699996188894e-05,6.768100001863786e-05,True,False,False
2026-08-06T16:14:15.163577+00:00,mixed_pdv_loss_holdover,434.6960886569839,0.0,0.0,healthy,safe_default,no anomaly above configured threshold,7.616699997470278e-05,9.384400004819327e-05,True,False,False
2026-08-06T16:14:15.413882+00:00,mixed_pdv_loss_holdover,434.89608865698386,0.0,0.0,healthy,safe_default,no anomaly above configured threshold,9.323799997673632e-05,0.0001084919999811973,True,False,False
2026-08-06T16:14:15.666359+00:00,mixed_pdv_loss_holdover,435.09608865698385,0.0,0.0,healthy,safe_default,no anomaly above configured threshold,7.576199993764021e-05,8.849100004226784e-05,True,False,False
2026-08-06T16:14:15.836726+00:00,mixed_pdv_loss_holdover,435.29608865698384,0.0,0.0,healthy,safe_default,no anomaly above configured threshold,8.101599996734876e-05,9.465200002978236e-05,True,False,False
2026-08-06T16:14:16.218658+00:00,mixed_pdv_loss_holdover,435.6960886569838,0.0,0.0,healthy,safe_default,no anomaly above configured threshold,8.314399997289001e-05,9.674899990841368e-05,True,False,False
2026-08-06T16:14:16.507628+00:00,mixed_pdv_loss_holdover,435.8960886569838,0.0,0.0,healthy,safe_default,no anomaly above configured threshold,0.00010864200010018976,0.00012869700003648177,True,False,False
2026-08-06T16:14:16.640852+00:00,mixed_pdv_loss_holdover,436.0960886569838,0.0,0.0,healthy,safe_default,no anomaly above configured threshold,0.00012254900002517388,0.00014230300007511687,True,False,False
2026-08-06T16:14:17.038517+00:00,mixed_pdv_loss_holdover,436.4960886569838,0.0,0.0,healthy,safe_default,no anomaly above configured threshold,0.00010660899999948015,0.00012048700000377721,True,False,False
2026-08-06T16:14:17.164137+00:00,mixed_pdv_loss_holdover,436.69608865698376,0.0,0.0,healthy,safe_default,no anomaly above configured threshold,7.190999997419567e-05,8.337600002050749e-05,True,False,False
2026-08-06T16:14:17.414350+00:00,mixed_pdv_loss_holdover,436.89608865698375,0.0,0.0,healthy,safe_default,no anomaly above configured threshold,6.838999991032324e-05,7.975500000156899e-05,True,False,False
2026-08-06T16:14:17.532937+00:00,mixed_pdv_loss_holdover,437.09608865698374,0.0,0.0,healthy,safe_default,no anomaly above configured threshold,7.915200001207268e-05,9.252800009562634e-05,True,False,False
2026-08-06T16:14:17.801021+00:00,mixed_pdv_loss_holdover,437.2960886569837,0.0,0.0,healthy,safe_default,no anomaly above configured threshold,7.392200006961502e-05,8.599000000231172e-05,True,False,False
2026-08-06T16:14:18.093310+00:00,mixed_pdv_loss_holdover,437.4960886569837,0.0,0.0,healthy,safe_default,no anomaly above configured threshold,0.00010784699998112046,0.00012536599990653485,True,False,False
2026-08-06T16:14:18.252489+00:00,mixed_pdv_loss_holdover,437.6960886569837,0.0,0.0,healthy,safe_default,no anomaly above configured threshold,0.00011675900009322504,0.00013873199998215568,True,False,False
2026-08-06T16:14:18.616407+00:00,mixed_pdv_loss_holdover,438.0960886569837,0.0,0.0,healthy,safe_default,no anomaly above configured threshold,7.361900009072997e-05,8.546799995201582e-05,True,False,False
2026-08-06T16:14:18.882091+00:00,mixed_pdv_loss_holdover,438.29608865698367,0.0,0.0,healthy,safe_default,no anomaly above configured threshold,9.923999994043697e-05,0.0001149359999317312,True,False,False
2026-08-06T16:14:19.022236+00:00,mixed_pdv_loss_holdover,438.49608865698366,0.0,0.0,healthy,safe_default,no anomaly above configured threshold,0.00011718200005361723,0.00013639299993428722,True,False,False
2026-08-06T16:14:19.310398+00:00,mixed_pdv_loss_holdover,438.69608865698365,0.0,0.0,healthy,safe_default,no anomaly above configured threshold,9.665699997185584e-05,0.00011344099993948475,True,False,False
2026-08-06T16:14:19.479050+00:00,mixed_pdv_loss_holdover,438.89608865698364,0.0,0.0,healthy,safe_default,no anomaly above configured threshold,9.463599997161509e-05,0.00010949800002890697,True,False,False
2026-08-06T16:14:19.841873+00:00,mixed_pdv_loss_holdover,439.2960886569836,0.0,0.0,healthy,safe_default,no anomaly above configured threshold,7.633600000644947e-05,8.857000000261905e-05,True,False,False
2026-08-06T16:14:19.993445+00:00,mixed_pdv_loss_holdover,439.4960886569836,0.0,0.0,healthy,safe_default,no anomaly above configured threshold,9.807399999317568e-05,0.00011576600002172199,True,False,False
2026-08-06T16:14:20.236894+00:00,mixed_pdv_loss_holdover,439.6960886569836,0.0,0.0,healthy,safe_default,no anomaly above configured threshold,0.00010803600002873281,0.00012570499995945283,True,False,False
2026-08-06T16:14:20.382373+00:00,mixed_pdv_loss_holdover,439.8960886569836,0.0,0.0,healthy,safe_default,no anomaly above configured threshold,0.00010157400004118244,0.00012075799998001457,True,False,False
2026-08-06T16:14:20.714614+00:00,mixed_pdv_loss_holdover,440.09608865698357,0.0,0.0,healthy,safe_default,no anomaly above configured threshold,0.0002836190000152783,0.0003045199999860415,True,False,False
2026-08-06T16:14:20.860887+00:00,mixed_pdv_loss_holdover,440.29608865698356,0.0,0.0,healthy,safe_default,no anomaly above configured threshold,0.00010359299994888715,0.00012075799998001457,True,False,False
2026-08-06T16:14:21.431555+00:00,mixed_pdv_loss_holdover,440.8960886569835,0.0,0.0,healthy,safe_default,no anomaly above configured threshold,7.472699996924348e-05,8.743400007915625e-05,True,False,False
2026-08-06T16:14:21.700137+00:00,mixed_pdv_loss_holdover,441.0960886569835,0.0,0.0,healthy,safe_default,no anomaly above configured threshold,0.00011294800003724959,0.00013362200002120517,True,False,False
2026-08-06T16:14:21.846022+00:00,mixed_pdv_loss_holdover,441.2960886569835,0.0,0.0,healthy,safe_default,no anomaly above configured threshold,0.0006297539999877699,0.0006532209999932093,True,False,False
2026-08-06T16:14:22.235934+00:00,mixed_pdv_loss_holdover,441.6960886569835,0.0,0.0,healthy,safe_default,no anomaly above configured threshold,0.00021895100007895962,0.00024101300004986115,True,False,False
2026-08-06T16:14:22.381660+00:00,mixed_pdv_loss_holdover,441.89608865698347,0.0,0.0,healthy,safe_default,no anomaly above configured threshold,0.00010775199996260199,0.00012676100004682667,True,False,False
2026-08-06T16:14:22.641689+00:00,mixed_pdv_loss_holdover,442.09608865698345,0.0,0.0,healthy,safe_default,no anomaly above configured threshold,7.524900001953938e-05,8.795400003691611e-05,True,False,False
2026-08-06T16:14:22.778014+00:00,mixed_pdv_loss_holdover,442.29608865698344,0.0,0.0,healthy,safe_default,no anomaly above configured threshold,0.00010469800008650054,0.00012351100008345384,True,False,False
2026-08-06T16:14:23.023550+00:00,mixed_pdv_loss_holdover,442.49608865698343,0.0,0.0,healthy,safe_default,no anomaly above configured threshold,6.878199997117918e-05,8.068799991178821e-05,True,False,False
2026-08-06T16:14:23.167923+00:00,mixed_pdv_loss_holdover,442.6960886569834,0.0,0.0,healthy,safe_default,no anomaly above configured threshold,7.439099999828613e-05,8.629700005258201e-05,True,False,False
2026-08-06T16:14:23.458195+00:00,mixed_pdv_loss_holdover,442.8960886569834,0.0,0.0,healthy,safe_default,no anomaly above configured threshold,0.00011414499999773398,0.0001345140000239553,True,False,False
2026-08-06T16:14:23.624179+00:00,mixed_pdv_loss_holdover,443.0960886569834,0.0,0.0,healthy,safe_default,no anomaly above configured threshold,0.00010774800000490359,0.00012556000001495704,True,False,False
2026-08-06T16:14:23.929406+00:00,mixed_pdv_loss_holdover,443.2960886569834,0.0,0.0,healthy,safe_default,no anomaly above configured threshold,0.00012063899998793204,0.00014051599998765596,True,False,False
2026-08-06T16:14:24.062391+00:00,mixed_pdv_loss_holdover,443.4960886569834,0.0,0.0,healthy,safe_default,no anomaly above configured threshold,0.00011257599999225931,0.00013322300003437704,True,False,False
2026-08-06T16:14:24.448359+00:00,mixed_pdv_loss_holdover,443.89608865698335,0.0,0.0,healthy,safe_default,no anomaly above configured threshold,0.00011228100004245789,0.0001319450000210054,True,False,False
2026-08-06T16:14:24.613358+00:00,mixed_pdv_loss_holdover,444.09608865698334,0.0,0.0,healthy,safe_default,no anomaly above configured threshold,0.0001743200000419165,0.00019663900002342416,True,False,False
2026-08-06T16:14:24.877472+00:00,mixed_pdv_loss_holdover,444.29608865698333,0.0,0.0,healthy,safe_default,no anomaly above configured threshold,0.0001235869999618444,0.00014531600004374923,True,False,False
2026-08-06T16:14:25.030632+00:00,mixed_pdv_loss_holdover,444.4960886569833,0.0,0.0,healthy,safe_default,no anomaly above configured threshold,0.0001018829999566151,0.00011966700003540609,True,False,False
2026-08-06T16:14:25.294412+00:00,mixed_pdv_loss_holdover,444.6960886569833,0.0,0.0,healthy,safe_default,no anomaly above configured threshold,6.818499991823046e-05,8.04659999857904e-05,True,False,False
2026-08-06T16:14:25.417837+00:00,mixed_pdv_loss_holdover,444.8960886569833,0.0,0.0,healthy,safe_default,no anomaly above configured threshold,6.278000000747852e-05,7.368599995061231e-05,True,False,False
2026-08-06T16:14:25.784862+00:00,mixed_pdv_loss_holdover,445.2960886569833,0.0,0.0,healthy,safe_default,no anomaly above configured threshold,7.172100004027016e-05,8.793199992851441e-05,True,False,False
2026-08-06T16:14:26.018804+00:00,mixed_pdv_loss_holdover,445.49608865698326,0.0,0.0,healthy,safe_default,no anomaly above configured threshold,8.660100002089166e-05,9.926599989285023e-05,True,False,False
2026-08-06T16:14:26.178149+00:00,mixed_pdv_loss_holdover,445.69608865698325,0.0,0.0,healthy,safe_default,no anomaly above configured threshold,0.00010113199994066235,0.00011684100002185005,True,False,False
2026-08-06T16:14:26.444363+00:00,mixed_pdv_loss_holdover,445.89608865698324,0.0,0.0,healthy,safe_default,no anomaly above configured threshold,0.00011841200000617391,0.00016139699994255352,True,False,False
2026-08-06T16:14:26.606001+00:00,mixed_pdv_loss_holdover,446.0960886569832,0.0,0.0,healthy,safe_default,no anomaly above configured threshold,7.974499999363616e-05,9.260000001631852e-05,True,False,False
2026-08-06T16:14:26.911144+00:00,mixed_pdv_loss_holdover,446.2960886569832,0.0,0.0,healthy,safe_default,no anomaly above configured threshold,0.00017937500001607987,0.00020297699995808216,True,False,False
2026-08-06T16:14:27.063335+00:00,mixed_pdv_loss_holdover,446.4960886569832,0.0,0.0,healthy,safe_default,no anomaly above configured threshold,0.00010881200000767421,0.00012748199992529408,True,False,False
2026-08-06T16:14:27.453238+00:00,mixed_pdv_loss_holdover,446.8960886569832,0.0,0.0,healthy,safe_default,no anomaly above configured threshold,0.00011664099997688027,0.00013701800003218523,True,False,False
2026-08-06T16:14:27.585759+00:00,mixed_pdv_loss_holdover,447.09608865698317,0.0,0.0,healthy,safe_default,no anomaly above configured threshold,0.00012035499992180121,0.00014053100005639863,True,False,False
2026-08-06T16:14:27.842360+00:00,mixed_pdv_loss_holdover,447.29608865698316,0.0,0.0,healthy,safe_default,no anomaly above configured threshold,0.00016442200001165475,0.00018018100001881976,True,False,False
2026-08-06T16:14:27.982037+00:00,mixed_pdv_loss_holdover,447.49608865698315,0.0,0.0,healthy,safe_default,no anomaly above configured threshold,0.00012898799991489796,0.00014936499997020292,True,False,False
2026-08-06T16:14:28.238830+00:00,mixed_pdv_loss_holdover,447.69608865698314,0.0,0.0,healthy,safe_default,no anomaly above configured threshold,0.00012120099995627243,0.00014146800003800308,True,False,False
2026-08-06T16:14:28.515949+00:00,mixed_pdv_loss_holdover,447.8960886569831,0.0,0.0,healthy,safe_default,no anomaly above configured threshold,0.0011837170000035258,0.0013203690000409551,True,False,False
2026-08-06T16:14:28.693668+00:00,mixed_pdv_loss_holdover,448.0960886569831,0.0,0.0,healthy,safe_default,no anomaly above configured threshold,0.000681555000028311,0.0007103500000766871,True,False,False
2026-08-06T16:14:29.241109+00:00,mixed_pdv_loss_holdover,448.6960886569831,0.0,0.0,healthy,safe_default,no anomaly above configured threshold,0.00011463199996342155,0.0001331859999709195,True,False,False
2026-08-06T16:14:29.385741+00:00,mixed_pdv_loss_holdover,448.89608865698307,0.0,0.0,healthy,safe_default,no anomaly above configured threshold,7.070499998462765e-05,8.324100008394453e-05,True,False,False
2026-08-06T16:14:29.665309+00:00,mixed_pdv_loss_holdover,449.09608865698306,0.0,0.0,healthy,safe_default,no anomaly above configured threshold,7.010299998455594e-05,8.143499997004255e-05,True,False,False
2026-08-06T16:14:29.806078+00:00,mixed_pdv_loss_holdover,449.29608865698304,0.0,0.0,healthy,safe_default,no anomaly above configured threshold,6.898799995269655e-05,7.986600007825473e-05,True,False,False
2026-08-06T16:14:30.068173+00:00,mixed_pdv_loss_holdover,449.49608865698303,0.0,0.0,healthy,safe_default,no anomaly above configured threshold,9.82520000434306e-05,0.00011588500001380453,True,False,False
2026-08-06T16:14:30.184545+00:00,mixed_pdv_loss_holdover,449.696088656983,0.0,0.0,healthy,safe_default,no anomaly above configured threshold,7.317499989767384e-05,8.453799989638355e-05,True,False,False
2026-08-06T16:14:30.431614+00:00,mixed_pdv_loss_holdover,449.896088656983,0.0,0.0,healthy,safe_default,no anomaly above configured threshold,8.061900007305667e-05,9.335400000054506e-05,True,False,False
2026-08-06T16:14:30.543063+00:00,mixed_pdv_loss_holdover,450.096088656983,0.0,0.0,healthy,safe_default,no anomaly above configured threshold,9.59010000087801e-05,0.00011304399993150582,True,False,False
2026-08-06T16:14:30.828075+00:00,mixed_pdv_loss_holdover,450.296088656983,0.0,0.0,healthy,safe_default,no anomaly above configured threshold,7.376200005637656e-05,8.522299992819171e-05,True,False,False
2026-08-06T16:14:30.949593+00:00,mixed_pdv_loss_holdover,450.496088656983,0.0,0.0,healthy,safe_default,no anomaly above configured threshold,7.219499991606426e-05,8.492999995723949e-05,True,False,False
2026-08-06T16:14:31.218596+00:00,mixed_pdv_loss_holdover,450.69608865698297,0.0,0.0,healthy,safe_default,no anomaly above configured threshold,7.873300000937888e-05,9.254099995814613e-05,True,False,False
2026-08-06T16:14:31.472177+00:00,mixed_pdv_loss_holdover,450.89608865698295,0.0,0.0,healthy,safe_default,no anomaly above configured threshold,0.00010625100003380794,0.00012485599995670782,True,False,False
2026-08-06T16:14:31.604955+00:00,mixed_pdv_loss_holdover,451.09608865698294,0.0,0.0,healthy,safe_default,no anomaly above configured threshold,0.00011251800003719836,0.00013171199998396332,True,False,False
2026-08-06T16:14:31.869191+00:00,mixed_pdv_loss_holdover,451.29608865698293,0.0,0.0,healthy,safe_default,no anomaly above configured threshold,0.00010507599995435157,0.00012309300007018464,True,False,False
2026-08-06T16:14:32.020182+00:00,mixed_pdv_loss_holdover,451.4960886569829,0.0,0.0,healthy,safe_default,no anomaly above configured threshold,9.770299993761e-05,0.00011356200002410333,True,False,False
2026-08-06T16:14:32.305594+00:00,mixed_pdv_loss_holdover,451.6960886569829,0.0,0.0,healthy,safe_default,no anomaly above configured threshold,0.00011140799995246198,0.00013010700001814257,True,False,False
2026-08-06T16:14:32.426724+00:00,mixed_pdv_loss_holdover,451.8960886569829,0.0,0.0,healthy,safe_default,no anomaly above configured threshold,7.60670000090613e-05,8.87940000211529e-05,True,False,False
2026-08-06T16:14:32.828803+00:00,mixed_pdv_loss_holdover,452.2960886569829,0.0,0.0,healthy,safe_default,no anomaly above configured threshold,0.00015840000003208843,0.00017543399997066444,True,False,False
2026-08-06T16:14:33.080273+00:00,mixed_pdv_loss_holdover,452.49608865698286,0.0,0.0,healthy,safe_default,no anomaly above configured threshold,0.00026425999999446503,0.00044386000001850334,True,False,False
2026-08-06T16:14:33.224935+00:00,mixed_pdv_loss_holdover,452.69608865698285,0.0,0.0,healthy,safe_default,no anomaly above configured threshold,0.00010247499994875398,0.00012097299998004019,True,False,False
2026-08-06T16:14:33.476927+00:00,mixed_pdv_loss_holdover,452.89608865698284,0.0,0.0,healthy,safe_default,no anomaly above configured threshold,0.00010589999999410793,0.0001235169999063146,True,False,False
2026-08-06T16:14:33.606784+00:00,mixed_pdv_loss_holdover,453.09608865698283,0.0,0.0,healthy,safe_default,no anomaly above configured threshold,0.00011441499998454674,0.00013330399997357745,True,False,False
2026-08-06T16:14:33.875056+00:00,mixed_pdv_loss_holdover,453.2960886569828,0.0,0.0,healthy,safe_default,no anomaly above configured threshold,0.0001307599999336162,0.00015336900003148912,True,False,False
2026-08-06T16:14:34.005029+00:00,mixed_pdv_loss_holdover,453.4960886569828,0.0,0.0,healthy,safe_default,no anomaly above configured threshold,8.601199999702658e-05,9.932099999332422e-05,True,False,False
2026-08-06T16:14:34.271287+00:00,mixed_pdv_loss_holdover,453.6960886569828,0.0,0.0,healthy,safe_default,no anomaly above configured threshold,0.00030921500001568347,0.0003328950000422992,True,False,False
2026-08-06T16:14:34.435093+00:00,mixed_pdv_loss_holdover,453.8960886569828,0.0,0.0,healthy,safe_default,no anomaly above configured threshold,0.00010775999999168562,0.00012578599989865324,True,False,False
2026-08-06T16:14:34.718470+00:00,mixed_pdv_loss_holdover,454.0960886569828,0.0,0.0,healthy,safe_default,no anomaly above configured threshold,9.884600001441868e-05,0.00011667299997952796,True,False,False
2026-08-06T16:14:34.836598+00:00,mixed_pdv_loss_holdover,454.29608865698276,0.0,0.0,healthy,safe_default,no anomaly above configured threshold,7.751500004360423e-05,8.933300000535382e-05,True,False,False
2026-08-06T16:14:35.229763+00:00,mixed_pdv_loss_holdover,454.69608865698274,0.0,0.0,healthy,safe_default,no anomaly above configured threshold,6.73869999445742e-05,7.950300005177269e-05,True,False,False
2026-08-06T16:14:35.384131+00:00,mixed_pdv_loss_holdover,454.8960886569827,0.0,0.0,healthy,safe_default,no anomaly above configured threshold,9.181900009025412e-05,0.00010864099999707832,True,False,False
2026-08-06T16:14:35.664138+00:00,mixed_pdv_loss_holdover,455.0960886569827,0.0,0.0,healthy,safe_default,no anomaly above configured threshold,7.990400001745002e-05,9.302099999786151e-05,True,False,False
2026-08-06T16:14:35.828460+00:00,mixed_pdv_loss_holdover,455.2960886569827,0.0,0.0,healthy,safe_default,no anomaly above configured threshold,0.00010503600003630709,0.00014719000000695814,True,False,False
2026-08-06T16:14:36.209418+00:00,mixed_pdv_loss_holdover,455.6960886569827,0.0,0.0,healthy,safe_default,no anomaly above configured threshold,7.5185000014244e-05,8.930100000270613e-05,True,False,False
2026-08-06T16:14:36.461436+00:00,mixed_pdv_loss_holdover,455.89608865698267,0.0,0.0,healthy,safe_default,no anomaly above configured threshold,9.951200001978577e-05,0.00011743300001398893,True,False,False
2026-08-06T16:14:36.611216+00:00,mixed_pdv_loss_holdover,456.09608865698266,0.0,0.0,healthy,safe_default,no anomaly above configured threshold,0.00012153800003034121,0.00014206099990587973,True,False,False
2026-08-06T16:14:36.894351+00:00,mixed_pdv_loss_holdover,456.29608865698265,0.0,0.0,healthy,safe_default,no anomaly above configured threshold,0.00010942400001567876,0.000128646000007393,True,False,False
2026-08-06T16:14:37.020461+00:00,mixed_pdv_loss_holdover,456.49608865698264,0.0,0.0,healthy,safe_default,no anomaly above configured threshold,0.00011131000007935654,0.0001302289999784989,True,False,False
2026-08-06T16:14:37.267921+00:00,mixed_pdv_loss_holdover,456.6960886569826,0.0,0.0,healthy,safe_default,no anomaly above configured threshold,0.00020420200007720268,0.0002260239999714031,True,False,False
2026-08-06T16:14:37.422326+00:00,mixed_pdv_loss_holdover,456.8960886569826,0.0,0.0,healthy,safe_default,no anomaly above configured threshold,0.00010920800002622855,0.00012732599998344085,True,False,False
2026-08-06T16:14:37.688425+00:00,mixed_pdv_loss_holdover,457.0960886569826,0.0,0.0,healthy,safe_default,no anomaly above configured threshold,0.00011351199998443917,0.00013183099997604586,True,False,False
2026-08-06T16:14:37.836936+00:00,mixed_pdv_loss_holdover,457.2960886569826,0.0,0.0,healthy,safe_default,no anomaly above configured threshold,0.0004967630000010104,0.0005160749999504333,True,False,False
2026-08-06T16:14:38.214589+00:00,mixed_pdv_loss_holdover,457.69608865698257,0.0,0.0,healthy,safe_default,no anomaly above configured threshold,9.060599995791563e-05,0.00010526199992000329,True,False,False
2026-08-06T16:14:38.489122+00:00,mixed_pdv_loss_holdover,457.89608865698256,0.0,0.0,healthy,safe_default,no anomaly above configured threshold,0.00012625500005469803,0.0001413059999322286,True,False,False
2026-08-06T16:14:38.642807+00:00,mixed_pdv_loss_holdover,458.09608865698254,0.0,0.0,healthy,safe_default,no anomaly above configured threshold,0.0007366329999740628,0.0007644579999350753,True,False,False
2026-08-06T16:14:39.021208+00:00,mixed_pdv_loss_holdover,458.4960886569825,0.0,0.0,healthy,safe_default,no anomaly above configured threshold,9.386299996094749e-05,0.00011059600001317449,True,False,False
2026-08-06T16:14:39.290326+00:00,mixed_pdv_loss_holdover,458.6960886569825,0.0,0.0,healthy,safe_default,no anomaly above configured threshold,7.148700001380348e-05,8.386299998619506e-05,True,False,False
2026-08-06T16:14:39.420079+00:00,mixed_pdv_loss_holdover,458.8960886569825,0.0,0.0,healthy,safe_default,no anomaly above configured threshold,0.00010960599990994524,0.0001292109999440072,True,False,False
2026-08-06T16:14:39.698456+00:00,mixed_pdv_loss_holdover,459.0960886569825,0.0,0.0,healthy,safe_default,no anomaly above configured threshold,7.732799997484108e-05,9.030000001075678e-05,True,False,False
2026-08-06T16:14:39.832449+00:00,mixed_pdv_loss_holdover,459.2960886569825,0.0,0.0,healthy,safe_default,no anomaly above configured threshold,0.00010594299999411305,0.0001252510000995244,True,False,False
2026-08-06T16:14:40.217271+00:00,mixed_pdv_loss_holdover,459.69608865698245,0.0,0.0,healthy,safe_default,no anomaly above configured threshold,7.326200000079552e-05,8.474699995986157e-05,True,False,False
2026-08-06T16:14:40.453894+00:00,mixed_pdv_loss_holdover,459.89608865698244,0.0,0.0,healthy,safe_default,no anomaly above configured threshold,7.17770000164819e-05,8.296400005747273e-05,True,False,False
2026-08-06T16:14:40.566457+00:00,mixed_pdv_loss_holdover,460.09608865698243,0.0,0.0,healthy,safe_default,no anomaly above configured threshold,6.365899992033519e-05,7.484599996132602e-05,True,False,False
2026-08-06T16:14:40.805240+00:00,mixed_pdv_loss_holdover,460.2960886569824,0.0,0.0,healthy,safe_default,no anomaly above configured threshold,7.345999995322927e-05,8.63300000446543e-05,True,False,False
2026-08-06T16:14:41.079209+00:00,mixed_pdv_loss_holdover,460.4960886569824,0.0,0.0,healthy,safe_default,no anomaly above configured threshold,0.00013048400001025584,0.0001528819999521147,True,False,False
2026-08-06T16:14:41.245690+00:00,mixed_pdv_loss_holdover,460.6960886569824,0.0,0.0,healthy,safe_default,no anomaly above configured threshold,9.144100010871625e-05,0.00010489999999663269,True,False,False
2026-08-06T16:14:41.618645+00:00,mixed_pdv_loss_holdover,461.0960886569824,0.0,0.0,healthy,safe_default,no anomaly above configured threshold,0.00013438799999221374,0.00014825899995685177,True,False,False
2026-08-06T16:14:41.913911+00:00,mixed_pdv_loss_holdover,461.29608865698236,0.0,0.0,healthy,safe_default,no anomaly above configured threshold,8.065300005455356e-05,9.380400001646194e-05,True,False,False
2026-08-06T16:14:42.050635+00:00,mixed_pdv_loss_holdover,461.49608865698235,0.0,0.0,healthy,safe_default,no anomaly above configured threshold,7.690500001444889e-05,8.958600005826156e-05,True,False,False
2026-08-06T16:14:42.430248+00:00,mixed_pdv_loss_holdover,461.89608865698233,0.0,0.0,healthy,safe_default,no anomaly above configured threshold,9.173399996598164e-05,0.00010911899994425767,True,False,False
2026-08-06T16:14:42.579384+00:00,mixed_pdv_loss_holdover,462.0960886569823,0.0,0.0,healthy,safe_default,no anomaly above configured threshold,0.0001525830000446149,0.0001726270000972363,True,False,False
2026-08-06T16:14:42.835611+00:00,mixed_pdv_loss_holdover,462.2960886569823,0.0,0.0,healthy,safe_default,no anomaly above configured threshold,7.148499992126744e-05,8.30409999252879e-05,True,False,False
2026-08-06T16:14:42.975685+00:00,mixed_pdv_loss_holdover,462.4960886569823,0.0,0.0,healthy,safe_default,no anomaly above configured threshold,0.0001587189999554539,0.00017682000009244803,True,False,False
2026-08-06T16:14:43.234935+00:00,mixed_pdv_loss_holdover,462.6960886569823,0.0,0.0,healthy,safe_default,no anomaly above configured threshold,9.838799996941816e-05,0.00011580499995034188,True,False,False
2026-08-06T16:14:43.397894+00:00,mixed_pdv_loss_holdover,462.8960886569823,0.0,0.0,healthy,safe_default,no anomaly above configured threshold,6.620299996029644e-05,7.791600000928156e-05,True,False,False
2026-08-06T16:14:43.670366+00:00,mixed_pdv_loss_holdover,463.09608865698226,0.0,0.0,healthy,safe_default,no anomaly above configured threshold,0.00013220300002103613,0.00015359100007117377,True,False,False
2026-08-06T16:14:43.798878+00:00,mixed_pdv_loss_holdover,463.29608865698225,0.0,0.0,healthy,safe_default,no anomaly above configured threshold,0.00011611000002176297,0.00013729500005865702,True,False,False
2026-08-06T16:14:44.049916+00:00,mixed_pdv_loss_holdover,463.49608865698224,0.0,0.0,healthy,safe_default,no anomaly above configured threshold,0.00011003599990999646,0.00012982900000224618,True,False,False
2026-08-06T16:14:44.195108+00:00,mixed_pdv_loss_holdover,463.6960886569822,0.0,0.0,healthy,safe_default,no anomaly above configured threshold,0.0001061389999676976,0.0001258290000123452,True,False,False
2026-08-06T16:14:44.461753+00:00,mixed_pdv_loss_holdover,463.8960886569822,0.0,0.0,healthy,safe_default,no anomaly above configured threshold,8.460399999421497e-05,0.00010142099995391618,True,False,False
2026-08-06T16:14:44.615278+00:00,mixed_pdv_loss_holdover,464.0960886569822,0.0,0.0,healthy,safe_default,no anomaly above configured threshold,8.542400007627293e-05,0.0001001910000013595,True,False,False
2026-08-06T16:14:44.900799+00:00,mixed_pdv_loss_holdover,464.2960886569822,0.0,0.0,healthy,safe_default,no anomaly above configured threshold,0.00010644600001796789,0.00012870000000475557,True,False,False
2026-08-06T16:14:45.046508+00:00,mixed_pdv_loss_holdover,464.4960886569822,0.0,0.0,healthy,safe_default,no anomaly above configured threshold,8.260200002041529e-05,9.660800003530312e-05,True,False,False
2026-08-06T16:14:45.415776+00:00,mixed_pdv_loss_holdover,464.89608865698216,0.0,0.0,healthy,safe_default,no anomaly above configured threshold,7.483299998511939e-05,8.730499996545404e-05,True,False,False
2026-08-06T16:14:45.558196+00:00,mixed_pdv_loss_holdover,465.09608865698215,0.0,0.0,healthy,safe_default,no anomaly above configured threshold,6.093000001783366e-05,7.217500001388544e-05,True,False,False
2026-08-06T16:14:45.822557+00:00,mixed_pdv_loss_holdover,465.29608865698214,0.0,0.0,healthy,safe_default,no anomaly above configured threshold,0.00011521500005073904,0.00012942500006829505,True,False,False
2026-08-06T16:14:45.965532+00:00,mixed_pdv_loss_holdover,465.4960886569821,0.0,0.0,healthy,safe_default,no anomaly above configured threshold,0.00010612399989895493,0.00012475100004394335,True,False,False
2026-08-06T16:14:46.235402+00:00,mixed_pdv_loss_holdover,465.6960886569821,0.0,0.0,healthy,safe_default,no anomaly above configured threshold,0.00011065000001053704,0.00013033000004725181,True,False,False
2026-08-06T16:14:46.392966+00:00,mixed_pdv_loss_holdover,465.8960886569821,0.0,0.0,healthy,safe_default,no anomaly above configured threshold,0.00011306000010335993,0.0001346470000953559,True,False,False
2026-08-06T16:14:46.649298+00:00,mixed_pdv_loss_holdover,466.0960886569821,0.0,0.0,healthy,safe_default,no anomaly above configured threshold,8.163200004673854e-05,9.589000001142267e-05,True,False,False
2026-08-06T16:14:46.795152+00:00,mixed_pdv_loss_holdover,466.2960886569821,0.0,0.0,healthy,safe_default,no anomaly above configured threshold,0.0003219090000357028,0.00041759800001273106,True,False,False
2026-08-06T16:14:47.076403+00:00,mixed_pdv_loss_holdover,466.49608865698207,0.0,0.0,healthy,safe_default,no anomaly above configured threshold,0.00010547300007601734,0.00012370299998565315,True,False,False
2026-08-06T16:14:47.200805+00:00,mixed_pdv_loss_holdover,466.69608865698206,0.0,0.0,healthy,safe_default,no anomaly above configured threshold,0.00010787700000491895,0.00012620600000445847,True,False,False
2026-08-06T16:14:47.462797+00:00,mixed_pdv_loss_holdover,466.89608865698204,0.0,0.0,healthy,safe_default,no anomaly above configured threshold,9.695900007500313e-05,0.00011378600004263717,True,False,False
2026-08-06T16:14:47.592901+00:00,mixed_pdv_loss_holdover,467.09608865698203,0.0,0.0,healthy,safe_default,no anomaly above configured threshold,7.72260000303504e-05,9.17500000241489e-05,True,False,False
2026-08-06T16:14:47.881072+00:00,mixed_pdv_loss_holdover,467.296088656982,0.0,0.0,healthy,safe_default,no anomaly above configured threshold,6.901300002937205e-05,8.123299994622357e-05,True,False,False
2026-08-06T16:14:48.026519+00:00,mixed_pdv_loss_holdover,467.496088656982,0.0,0.0,healthy,safe_default,no anomaly above configured threshold,6.696700006614265e-05,7.846100004371692e-05,True,False,False
2026-08-06T16:14:48.398491+00:00,mixed_pdv_loss_holdover,467.896088656982,0.0,0.0,healthy,safe_default,no anomaly above configured threshold,0.00010614799998620583,0.00011914100002741179,True,False,False
2026-08-06T16:14:48.646424+00:00,mixed_pdv_loss_holdover,468.096088656982,0.0,0.0,healthy,safe_default,no anomaly above configured threshold,9.405299999798444e-05,0.00011054500009777257,True,False,False
2026-08-06T16:14:48.780269+00:00,mixed_pdv_loss_holdover,468.29608865698196,0.0,0.0,healthy,safe_default,no anomaly above configured threshold,0.00011074499991536868,0.00012983499993879377,True,False,False
2026-08-06T16:14:49.036743+00:00,mixed_pdv_loss_holdover,468.49608865698195,0.0,0.0,healthy,safe_default,no anomaly above configured threshold,0.00011293199997908232,0.0001315880000447578,True,False,False
2026-08-06T16:14:49.198867+00:00,mixed_pdv_loss_holdover,468.69608865698194,0.0,0.0,healthy,safe_default,no anomaly above configured threshold,9.70699999243152e-05,0.00011642399999800546,True,False,False
2026-08-06T16:14:49.482522+00:00,mixed_pdv_loss_holdover,468.89608865698193,0.0,0.0,healthy,safe_default,no anomaly above configured threshold,0.0001358780000373372,0.0001534369999944829,True,False,False
2026-08-06T16:14:49.612838+00:00,mixed_pdv_loss_holdover,469.0960886569819,0.0,0.0,healthy,safe_default,no anomaly above configured threshold,0.00019543600001270534,0.00021768399994925858,True,False,False
2026-08-06T16:14:49.907411+00:00,mixed_pdv_loss_holdover,469.2960886569819,0.0,0.0,healthy,safe_default,no anomaly above configured threshold,9.437599999273516e-05,0.00011243300002661272,True,False,False
2026-08-06T16:14:50.071980+00:00,mixed_pdv_loss_holdover,469.4960886569819,0.0,0.0,healthy,safe_default,no anomaly above configured threshold,8.316600008129171e-05,9.7209999921688e-05,True,False,False
2026-08-06T16:14:50.608280+00:00,mixed_pdv_loss_holdover,470.09608865698186,0.0,0.0,healthy,safe_default,no anomaly above configured threshold,0.00011503799998990871,0.00013485800002399628,True,False,False
2026-08-06T16:14:50.892753+00:00,mixed_pdv_loss_holdover,470.29608865698185,0.0,0.0,healthy,safe_default,no anomaly above configured threshold,0.00012001799996141926,0.000141432000077657,True,False,False
2026-08-06T16:14:51.019429+00:00,mixed_pdv_loss_holdover,470.49608865698184,0.0,0.0,healthy,safe_default,no anomaly above configured threshold,0.00010382900006788987,0.00012271599996438454,True,False,False
2026-08-06T16:14:51.302701+00:00,mixed_pdv_loss_holdover,470.69608865698183,0.0,0.0,healthy,safe_default,no anomaly above configured threshold,0.0001390780000747327,0.00016129799996633665,True,False,False
2026-08-06T16:14:51.479134+00:00,mixed_pdv_loss_holdover,470.8960886569818,0.0,0.0,healthy,safe_default,no anomaly above configured threshold,0.00011190899999746762,0.0001326139999946463,True,False,False
2026-08-06T16:14:51.867891+00:00,mixed_pdv_loss_holdover,471.2960886569818,0.0,0.0,healthy,safe_default,no anomaly above configured threshold,0.000153823999994529,0.00017321600000741455,True,False,False
2026-08-06T16:14:51.983142+00:00,mixed_pdv_loss_holdover,471.4960886569818,0.0,0.0,healthy,safe_default,no anomaly above configured threshold,0.00016513599996414996,0.00018462900004578842,True,False,False
2026-08-06T16:14:52.237041+00:00,mixed_pdv_loss_holdover,471.6960886569818,0.0,0.0,healthy,safe_default,no anomaly above configured threshold,6.960400003208633e-05,8.160799995948764e-05,True,False,False
2026-08-06T16:14:52.390857+00:00,mixed_pdv_loss_holdover,471.89608865698176,0.0,0.0,healthy,safe_default,no anomaly above configured threshold,0.00010612099993068114,0.00012437999998837768,True,False,False
2026-08-06T16:14:52.655301+00:00,mixed_pdv_loss_holdover,472.09608865698175,0.0,0.0,healthy,safe_default,no anomaly above configured threshold,7.293299995581037e-05,8.453299994926056e-05,True,False,False
2026-08-06T16:14:52.781363+00:00,mixed_pdv_loss_holdover,472.29608865698174,0.0,0.0,healthy,safe_default,no anomaly above configured threshold,7.979199995133968e-05,9.179599999242782e-05,True,False,False
2026-08-06T16:14:53.046555+00:00,mixed_pdv_loss_holdover,472.4960886569817,0.0,0.0,healthy,safe_default,no anomaly above configured threshold,0.00016142700008003885,0.00018409899996640888,True,False,False
2026-08-06T16:14:53.198396+00:00,mixed_pdv_loss_holdover,472.6960886569817,0.0,0.0,healthy,safe_default,no anomaly above configured threshold,0.00011437000000569242,0.00013552999996591097,True,False,False
2026-08-06T16:14:53.457804+00:00,mixed_pdv_loss_holdover,472.8960886569817,0.0,0.0,healthy,safe_default,no anomaly above configured threshold,0.0003738419999308462,0.00043158100004347943,True,False,False
2026-08-06T16:14:53.581820+00:00,mixed_pdv_loss_holdover,473.0960886569817,0.0,0.0,healthy,safe_default,no anomaly above configured threshold,7.849600001463841e-05,9.1999999995096e-05,True,False,False
2026-08-06T16:14:53.838057+00:00,mixed_pdv_loss_holdover,473.2960886569817,0.0,0.0,healthy,safe_default,no anomaly above configured threshold,0.00017331800006559206,0.00023317199998018623,True,False,False
2026-08-06T16:14:53.979714+00:00,mixed_pdv_loss_holdover,473.49608865698167,0.0,0.0,healthy,safe_default,no anomaly above configured threshold,0.00014091999992160709,0.00016101099993193202,True,False,False
2026-08-06T16:14:54.234423+00:00,mixed_pdv_loss_holdover,473.69608865698166,0.0,0.0,healthy,safe_default,no anomaly above configured threshold,0.00026738500002920773,0.00028926200002388214,True,False,False
2026-08-06T16:14:54.485571+00:00,mixed_pdv_loss_holdover,473.89608865698165,0.0,0.0,healthy,safe_default,no anomaly above configured threshold,9.502500006419723e-05,0.00011281299998699978,True,False,False
2026-08-06T16:14:54.611976+00:00,mixed_pdv_loss_holdover,474.09608865698164,0.0,0.0,healthy,safe_default,no anomaly above configured threshold,8.808200004750688e-05,0.00010358599990922812,True,False,False
2026-08-06T16:14:54.900538+00:00,mixed_pdv_loss_holdover,474.2960886569816,0.0,0.0,healthy,safe_default,no anomaly above configured threshold,7.771299999603798e-05,9.093500000290078e-05,True,False,False
2026-08-06T16:14:55.025238+00:00,mixed_pdv_loss_holdover,474.4960886569816,0.0,0.0,healthy,safe_default,no anomaly above configured threshold,0.00010092899992741877,0.00011784599996644829,True,False,False
2026-08-06T16:14:55.282173+00:00,mixed_pdv_loss_holdover,474.6960886569816,0.0,0.0,healthy,safe_default,no anomaly above configured threshold,9.627199995065894e-05,0.00011366400008228084,True,False,False
2026-08-06T16:14:55.403812+00:00,mixed_pdv_loss_holdover,474.8960886569816,0.0,0.0,healthy,safe_default,no anomaly above configured threshold,9.646199998769589e-05,0.00010995700006333209,True,False,False
2026-08-06T16:14:55.650499+00:00,mixed_pdv_loss_holdover,475.0960886569816,0.0,0.0,healthy,safe_default,no anomaly above configured threshold,6.16790000549372e-05,7.270300000072893e-05,True,False,False
2026-08-06T16:14:55.800586+00:00,mixed_pdv_loss_holdover,475.29608865698157,0.0,0.0,healthy,safe_default,no anomaly above configured threshold,6.909199998972326e-05,8.087599996997596e-05,True,False,False
2026-08-06T16:14:56.051364+00:00,mixed_pdv_loss_holdover,475.49608865698156,0.0,0.0,healthy,safe_default,no anomaly above configured threshold,7.236300007207319e-05,8.499199998368567e-05,True,False,False
2026-08-06T16:14:56.170360+00:00,mixed_pdv_loss_holdover,475.69608865698154,0.0,0.0,healthy,safe_default,no anomaly above configured threshold,9.429900001123315e-05,0.00011167599996042554,True,False,False
2026-08-06T16:14:56.454518+00:00,mixed_pdv_loss_holdover,475.89608865698153,0.0,0.0,healthy,safe_default,no anomaly above configured threshold,0.00011729799996373913,0.00013730000000578002,True,False,False
2026-08-06T16:14:56.595891+00:00,mixed_pdv_loss_holdover,476.0960886569815,0.0,0.0,healthy,safe_default,no anomaly above configured threshold,0.0012907860000268556,0.0014234619999342613,True,False,False
2026-08-06T16:14:56.841086+00:00,mixed_pdv_loss_holdover,476.2960886569815,0.0,0.0,healthy,safe_default,no anomaly above configured threshold,9.408000005350914e-05,0.00010905700003149832,True,False,False
2026-08-06T16:14:56.998449+00:00,mixed_pdv_loss_holdover,476.4960886569815,0.0,0.0,healthy,safe_default,no anomaly above configured threshold,0.00010604099998090533,0.00012483699993026676,True,False,False
2026-08-06T16:14:57.265341+00:00,mixed_pdv_loss_holdover,476.6960886569815,0.0,0.0,healthy,safe_default,no anomaly above configured threshold,7.372999994004203e-05,8.548199991764704e-05,True,False,False
2026-08-06T16:14:57.400376+00:00,mixed_pdv_loss_holdover,476.8960886569815,0.0,0.0,healthy,safe_default,no anomaly above configured threshold,0.00010125200003585633,0.0001196350000327584,True,False,False
2026-08-06T16:14:57.667187+00:00,mixed_pdv_loss_holdover,477.09608865698146,0.0,0.0,healthy,safe_default,no anomaly above configured threshold,6.338299999697483e-05,7.453199998508353e-05,True,False,False
2026-08-06T16:14:57.780844+00:00,mixed_pdv_loss_holdover,477.29608865698145,0.0,0.0,healthy,safe_default,no anomaly above configured threshold,8.698800002093776e-05,0.00010456699999394914,True,False,False
2026-08-06T16:14:58.040095+00:00,mixed_pdv_loss_holdover,477.49608865698144,0.0,0.0,healthy,safe_default,no anomaly above configured threshold,7.107800001904252e-05,8.322500002577726e-05,True,False,False
2026-08-06T16:14:58.160579+00:00,mixed_pdv_loss_holdover,477.69608865698143,0.0,0.0,healthy,safe_default,no anomaly above configured threshold,0.00012227800004893652,0.00014315999999325868,True,False,False
2026-08-06T16:14:58.413492+00:00,mixed_pdv_loss_holdover,477.8960886569814,0.0,0.0,healthy,safe_default,no anomaly above configured threshold,0.00010310300001492578,0.0001194669999904363,True,False,False
2026-08-06T16:14:58.709288+00:00,mixed_pdv_loss_holdover,478.0960886569814,0.0,0.0,healthy,safe_default,no anomaly above configured threshold,8.673899992572842e-05,9.989000000132364e-05,True,False,False
2026-08-06T16:14:58.867549+00:00,mixed_pdv_loss_holdover,478.2960886569814,0.0,0.0,healthy,safe_default,no anomaly above configured threshold,0.00020550299996102694,0.0002299989999983154,True,False,False
2026-08-06T16:14:59.240499+00:00,mixed_pdv_loss_holdover,478.6960886569814,0.0,0.0,healthy,safe_default,no anomaly above configured threshold,0.0001071659999070107,0.00012573000003612833,True,False,False
2026-08-06T16:14:59.391669+00:00,mixed_pdv_loss_holdover,478.89608865698136,0.0,0.0,healthy,safe_default,no anomaly above configured threshold,0.00010867200001030142,0.0001280380000707737,True,False,False
2026-08-06T16:14:59.706596+00:00,mixed_pdv_loss_holdover,479.09608865698135,0.0,0.0,healthy,safe_default,no anomaly above configured threshold,0.00011449199996604875,0.00013225199995758885,True,False,False
2026-08-06T16:14:59.761502+00:00,mixed_pdv_loss_holdover,479.29608865698134,0.0,0.0,healthy,safe_default,no anomaly above configured threshold,7.676199993511545e-05,8.940600002915744e-05,True,False,False
2026-08-06T16:15:00.017926+00:00,mixed_pdv_loss_holdover,479.4960886569813,0.0,0.0,healthy,safe_default,no anomaly above configured threshold,6.870499998967716e-05,8.054099998844322e-05,True,False,False
2026-08-06T16:15:00.244518+00:00,mixed_pdv_loss_holdover,479.6960886569813,0.0,0.0,healthy,safe_default,no anomaly above configured threshold,7.59270000116885e-05,8.776300001045456e-05,True,False,False
2026-08-06T16:15:00.368331+00:00,mixed_pdv_loss_holdover,479.8960886569813,0.0,0.0,healthy,safe_default,no anomaly above configured threshold,0.00010742100005245447,0.00012537500003872992,True,False,False
2026-08-06T16:15:00.611660+00:00,mixed_pdv_loss_holdover,480.0960886569813,0.0,0.0,healthy,safe_default,no anomaly above configured threshold,0.00012256700006219035,0.00022567500002423913,True,False,False
2026-08-06T16:15:00.916691+00:00,mixed_pdv_loss_holdover,480.2960886569813,0.0,0.0,healthy,safe_default,no anomaly above configured threshold,0.00010090199998558091,0.00011343899996063556,True,False,False
2026-08-06T16:15:01.048221+00:00,mixed_pdv_loss_holdover,480.49608865698127,0.0,0.0,healthy,safe_default,no anomaly above configured threshold,0.00010637900004439871,0.00012282099999083584,True,False,False
2026-08-06T16:15:01.435027+00:00,mixed_pdv_loss_holdover,480.89608865698125,0.0,0.0,healthy,safe_default,no anomaly above configured threshold,0.00011289600001873623,0.00013314900002114882,True,False,False
2026-08-06T16:15:01.684252+00:00,mixed_pdv_loss_holdover,481.09608865698124,0.0,0.0,healthy,safe_default,no anomaly above configured threshold,0.00010798299990710802,0.00012703300001248863,True,False,False
2026-08-06T16:15:01.815334+00:00,mixed_pdv_loss_holdover,481.2960886569812,0.0,0.0,healthy,safe_default,no anomaly above configured threshold,0.00010377199998856668,0.00012111700004879822,True,False,False
2026-08-06T16:15:02.081949+00:00,mixed_pdv_loss_holdover,481.4960886569812,0.0,0.0,healthy,safe_default,no anomaly above configured threshold,7.41369999559538e-05,8.601900003668561e-05,True,False,False
2026-08-06T16:15:02.230777+00:00,mixed_pdv_loss_holdover,481.6960886569812,0.0,0.0,healthy,safe_default,no anomaly above configured threshold,0.00010290800003076583,0.00012058300001172029,True,False,False
2026-08-06T16:15:02.606609+00:00,mixed_pdv_loss_holdover,482.0960886569812,0.0,0.0,healthy,safe_default,no anomaly above configured threshold,6.0291999943729024e-05,7.079899990003469e-05,True,False,False
2026-08-06T16:15:02.837446+00:00,mixed_pdv_loss_holdover,482.29608865698117,0.0,0.0,healthy,safe_default,no anomaly above configured threshold,6.274700001540623e-05,7.315499999549502e-05,True,False,False
2026-08-06T16:15:02.984162+00:00,mixed_pdv_loss_holdover,482.49608865698116,0.0,0.0,healthy,safe_default,no anomaly above configured threshold,9.898099995098164e-05,0.00011645899996892695,True,False,False
2026-08-06T16:15:03.262341+00:00,mixed_pdv_loss_holdover,482.69608865698115,0.0,0.0,healthy,safe_default,no anomaly above configured threshold,0.0001448929999696702,0.00015853800005061203,True,False,False
2026-08-06T16:15:03.381477+00:00,mixed_pdv_loss_holdover,482.89608865698114,0.0,0.0,healthy,safe_default,no anomaly above configured threshold,6.940299999769195e-05,8.09870000466617e-05,True,False,False
2026-08-06T16:15:03.627571+00:00,mixed_pdv_loss_holdover,483.0960886569811,0.0,0.0,healthy,safe_default,no anomaly above configured threshold,7.116999995560036e-05,8.285199999136239e-05,True,False,False
2026-08-06T16:15:03.762560+00:00,mixed_pdv_loss_holdover,483.2960886569811,0.0,0.0,healthy,safe_default,no anomaly above configured threshold,9.600700002465601e-05,0.00011269399999491725,True,False,False
2026-08-06T16:15:04.007514+00:00,mixed_pdv_loss_holdover,483.4960886569811,0.0,0.0,healthy,safe_default,no anomaly above configured threshold,0.00014642600001479877,0.00016909600003600644,True,False,False
2026-08-06T16:15:04.250687+00:00,mixed_pdv_loss_holdover,483.6960886569811,0.0,0.0,healthy,safe_default,no anomaly above configured threshold,0.00013926099995842378,0.00015790899999501562,True,False,False
2026-08-06T16:15:04.413601+00:00,mixed_pdv_loss_holdover,483.8960886569811,0.0,0.0,healthy,safe_default,no anomaly above configured threshold,0.00018224699999791483,0.00020442700008516113,True,False,False
2026-08-06T16:15:04.674188+00:00,mixed_pdv_loss_holdover,484.09608865698107,0.0,0.0,healthy,safe_default,no anomaly above configured threshold,0.00011148800001592463,0.00016968500005987153,True,False,False
2026-08-06T16:15:04.790604+00:00,mixed_pdv_loss_holdover,484.29608865698106,0.0,0.0,healthy,safe_default,no anomaly above configured threshold,7.07599999714148e-05,8.263500001248758e-05,True,False,False
2026-08-06T16:15:05.049288+00:00,mixed_pdv_loss_holdover,484.49608865698104,0.0,0.0,healthy,safe_default,no anomaly above configured threshold,6.819299994731409e-05,7.986800005710393e-05,True,False,False
2026-08-06T16:15:05.194648+00:00,mixed_pdv_loss_holdover,484.69608865698103,0.0,0.0,healthy,safe_default,no anomaly above configured threshold,6.652399997619796e-05,7.80049999775656e-05,True,False,False
2026-08-06T16:15:05.435937+00:00,mixed_pdv_loss_holdover,484.896088656981,0.0,0.0,healthy,safe_default,no anomaly above configured threshold,6.96059998972487e-05,8.132499999646825e-05,True,False,False
2026-08-06T16:15:05.576608+00:00,mixed_pdv_loss_holdover,485.096088656981,0.0,0.0,healthy,safe_default,no anomaly above configured threshold,7.731799996690825e-05,8.913600004234468e-05,True,False,False
2026-08-06T16:15:05.868288+00:00,mixed_pdv_loss_holdover,485.296088656981,0.0,0.0,healthy,safe_default,no anomaly above configured threshold,0.00021513000001505134,0.0002421719999574634,True,False,False
2026-08-06T16:15:06.014467+00:00,mixed_pdv_loss_holdover,485.496088656981,0.0,0.0,healthy,safe_default,no anomaly above configured threshold,0.00012176300003829965,0.00014429399993787229,True,False,False
2026-08-06T16:15:06.284349+00:00,mixed_pdv_loss_holdover,485.696088656981,0.0,0.0,healthy,safe_default,no anomaly above configured threshold,7.369899992681894e-05,8.611499993094185e-05,True,False,False
2026-08-06T16:15:06.432856+00:00,mixed_pdv_loss_holdover,485.89608865698096,0.0,0.0,healthy,safe_default,no anomaly above configured threshold,0.00013287799993122462,0.00015070200004174694,True,False,False
2026-08-06T16:15:06.704579+00:00,mixed_pdv_loss_holdover,486.09608865698095,0.0,0.0,healthy,safe_default,no anomaly above configured threshold,0.0001022369999645889,0.00011905999997452454,True,False,False
2026-08-06T16:15:06.813655+00:00,mixed_pdv_loss_holdover,486.29608865698094,0.0,0.0,healthy,safe_default,no anomaly above configured threshold,8.060800007569924e-05,9.282500002427696e-05,True,False,False
2026-08-06T16:15:07.060227+00:00,mixed_pdv_loss_holdover,486.49608865698093,0.0,0.0,healthy,safe_default,no anomaly above configured threshold,8.249600000453938e-05,9.991800004627294e-05,True,False,False
2026-08-06T16:15:07.177540+00:00,mixed_pdv_loss_holdover,486.6960886569809,0.0,0.0,healthy,safe_default,no anomaly above configured threshold,6.527599998662481e-05,7.699000002503453e-05,True,False,False
2026-08-06T16:15:07.432161+00:00,mixed_pdv_loss_holdover,486.8960886569809,0.0,0.0,healthy,safe_default,no anomaly above configured threshold,0.00011503499990794808,0.0001338569999234096,True,False,False
2026-08-06T16:15:07.567036+00:00,mixed_pdv_loss_holdover,487.0960886569809,0.0,0.0,healthy,safe_default,no anomaly above configured threshold,6.147199997030839e-05,7.3987000064335e-05,True,False,False
2026-08-06T16:15:07.815942+00:00,mixed_pdv_loss_holdover,487.2960886569809,0.0,0.0,healthy,safe_default,no anomaly above configured threshold,6.347499993353267e-05,7.468800004062359e-05,True,False,False
2026-08-06T16:15:07.943254+00:00,mixed_pdv_loss_holdover,487.4960886569809,0.0,0.0,healthy,safe_default,no anomaly above configured threshold,9.841499991125602e-05,0.00011703700010912144,True,False,False
2026-08-06T16:15:08.217823+00:00,mixed_pdv_loss_holdover,487.69608865698086,0.0,0.0,healthy,safe_default,no anomaly above configured threshold,7.147300004817225e-05,8.408600001530431e-05,True,False,False
2026-08-06T16:15:08.458948+00:00,mixed_pdv_loss_holdover,487.89608865698085,0.0,0.0,healthy,safe_default,no anomaly above configured threshold,9.579800007486483e-05,0.00011281499996584898,True,False,False
2026-08-06T16:15:08.614954+00:00,mixed_pdv_loss_holdover,488.09608865698084,0.0,0.0,healthy,safe_default,no anomaly above configured threshold,0.00010200399992754683,0.00011551800002962409,True,False,False
2026-08-06T16:15:08.870829+00:00,mixed_pdv_loss_holdover,488.2960886569808,0.0,0.0,healthy,safe_default,no anomaly above configured threshold,7.787999993524863e-05,9.499700001924793e-05,True,False,False
2026-08-06T16:15:09.023260+00:00,mixed_pdv_loss_holdover,488.4960886569808,0.0,0.0,healthy,safe_default,no anomaly above configured threshold,0.00010859699989396177,0.0001267129999860117,True,False,False
2026-08-06T16:15:09.261782+00:00,mixed_pdv_loss_holdover,488.6960886569808,0.0,0.0,healthy,safe_default,no anomaly above configured threshold,6.525799994960835e-05,7.726899991666869e-05,True,False,False
2026-08-06T16:15:09.395569+00:00,mixed_pdv_loss_holdover,488.8960886569808,0.0,0.0,healthy,safe_default,no anomaly above configured threshold,0.00011690500002714543,0.00013842400005614763,True,False,False
2026-08-06T16:15:09.637202+00:00,mixed_pdv_loss_holdover,489.0960886569808,0.0,0.0,healthy,safe_default,no anomaly above configured threshold,0.0001041940000732211,0.00012090800009900704,True,False,False
2026-08-06T16:15:09.795839+00:00,mixed_pdv_loss_holdover,489.29608865698077,0.0,0.0,healthy,safe_default,no anomaly above configured threshold,9.948900003564631e-05,0.00018876899991937535,True,False,False
2026-08-06T16:15:10.053611+00:00,mixed_pdv_loss_holdover,489.49608865698076,0.0,0.0,healthy,safe_default,no anomaly above configured threshold,9.679700008291547e-05,0.00011360999997123145,True,False,False
2026-08-06T16:15:10.196415+00:00,mixed_pdv_loss_holdover,489.69608865698075,0.0,0.0,healthy,safe_default,no anomaly above configured threshold,9.07290000213834e-05,0.0001069439999810129,True,False,False
2026-08-06T16:15:10.466737+00:00,mixed_pdv_loss_holdover,489.89608865698074,0.0,0.0,healthy,safe_default,no anomaly above configured threshold,0.00011589799999001116,0.00013579500000560074,True,False,False
2026-08-06T16:15:10.621634+00:00,mixed_pdv_loss_holdover,490.0960886569807,0.0,0.0,healthy,safe_default,no anomaly above configured threshold,0.00010584999995444377,0.00012385599995923258,True,False,False
2026-08-06T16:15:10.902573+00:00,mixed_pdv_loss_holdover,490.2960886569807,0.0,0.0,healthy,safe_default,no anomaly above configured threshold,8.346699996764073e-05,0.00013181500003156543,True,False,False
2026-08-06T16:15:11.034055+00:00,mixed_pdv_loss_holdover,490.4960886569807,0.0,0.0,healthy,safe_default,no anomaly above configured threshold,0.00015328799997860187,0.00017457600006309804,True,False,False
2026-08-06T16:15:11.419863+00:00,mixed_pdv_loss_holdover,490.8960886569807,0.0,0.0,healthy,safe_default,no anomaly above configured threshold,0.00012503799996466114,0.00014632499994604586,True,False,False
2026-08-06T16:15:11.671309+00:00,mixed_pdv_loss_holdover,491.09608865698067,0.0,0.0,healthy,safe_default,no anomaly above configured threshold,0.00010544199994910741,0.00012553499993828154,True,False,False
2026-08-06T16:15:11.798628+00:00,mixed_pdv_loss_holdover,491.29608865698066,0.0,0.0,healthy,safe_default,no anomaly above configured threshold,7.928000002266344e-05,9.231100000306469e-05,True,False,False
2026-08-06T16:15:12.079243+00:00,mixed_pdv_loss_holdover,491.49608865698065,0.0,0.0,healthy,safe_default,no anomaly above configured threshold,8.225699991726287e-05,9.49889999901643e-05,True,False,False
2026-08-06T16:15:12.226054+00:00,mixed_pdv_loss_holdover,491.69608865698063,0.0,0.0,healthy,safe_default,no anomaly above configured threshold,6.892899989452417e-05,8.006899997781147e-05,True,False,False
2026-08-06T16:15:12.473582+00:00,mixed_pdv_loss_holdover,491.8960886569806,0.0,0.0,healthy,safe_default,no anomaly above configured threshold,0.00011080299998411647,0.00012989999993351375,True,False,False
2026-08-06T16:15:12.618543+00:00,mixed_pdv_loss_holdover,492.0960886569806,0.0,0.0,healthy,safe_default,no anomaly above configured threshold,6.445400003940449e-05,7.698500007791154e-05,True,False,False
2026-08-06T16:15:13.405962+00:00,mixed_pdv_loss_holdover,492.4960886569806,0.0,0.0,healthy,safe_default,no anomaly above configured threshold,0.00010039800008598831,0.00011789299992415181,True,False,False
2026-08-06T16:15:13.681610+00:00,mixed_pdv_loss_holdover,492.6960886569806,0.0,0.0,healthy,safe_default,no anomaly above configured threshold,0.0001044740000679667,0.00012435400003596442,True,False,False
2026-08-06T16:15:13.833643+00:00,mixed_pdv_loss_holdover,492.89608865698057,0.0,0.0,healthy,safe_default,no anomaly above configured threshold,7.783299997754511e-05,9.473199997955817e-05,True,False,False
2026-08-06T16:15:14.217246+00:00,mixed_pdv_loss_holdover,493.29608865698054,0.0,0.0,healthy,safe_default,no anomaly above configured threshold,7.942399997773464e-05,9.224699999776931e-05,True,False,False
2026-08-06T16:15:14.467933+00:00,mixed_pdv_loss_holdover,493.49608865698053,0.0,0.0,healthy,safe_default,no anomaly above configured threshold,0.0001485100000309103,0.00016878799999631156,True,False,False
2026-08-06T16:15:14.627617+00:00,mixed_pdv_loss_holdover,493.6960886569805,0.0,0.0,healthy,safe_default,no anomaly above configured threshold,0.00024135300009220373,0.0002637190000314149,True,False,False
2026-08-06T16:15:14.897892+00:00,mixed_pdv_loss_holdover,493.8960886569805,0.0,0.0,healthy,safe_default,no anomaly above configured threshold,0.00010099400003582559,0.00011769399998229346,True,False,False
2026-08-06T16:15:15.056206+00:00,mixed_pdv_loss_holdover,494.0960886569805,0.0,0.0,healthy,safe_default,no anomaly above configured threshold,9.870799999589508e-05,0.00011630200003764912,True,False,False
2026-08-06T16:15:15.414489+00:00,mixed_pdv_loss_holdover,494.4960886569805,0.0,0.0,healthy,safe_default,no anomaly above configured threshold,0.00011491099996874254,0.00012902600008146692,True,False,False
2026-08-06T16:15:15.682550+00:00,mixed_pdv_loss_holdover,494.69608865698046,0.0,0.0,healthy,safe_default,no anomaly above configured threshold,0.00010586600001261104,0.00012405600000420236,True,False,False
2026-08-06T16:15:15.848854+00:00,mixed_pdv_loss_holdover,494.89608865698045,0.0,0.0,healthy,safe_default,no anomaly above configured threshold,8.48910000286196e-05,9.830999999849155e-05,True,False,False
2026-08-06T16:15:16.233379+00:00,mixed_pdv_loss_holdover,495.29608865698043,0.0,0.0,healthy,safe_default,no anomaly above configured threshold,0.00010964299997340277,0.00012932399999954214,True,False,False
2026-08-06T16:15:16.499543+00:00,mixed_pdv_loss_holdover,495.4960886569804,0.0,0.0,healthy,safe_default,no anomaly above configured threshold,0.0001741559999572928,0.00019761500004733534,True,False,False
2026-08-06T16:15:16.629643+00:00,mixed_pdv_loss_holdover,495.6960886569804,0.0,0.0,healthy,safe_default,no anomaly above configured threshold,0.00014194799996403162,0.00016172999994523707,True,False,False
2026-08-06T16:15:16.915857+00:00,mixed_pdv_loss_holdover,495.8960886569804,0.0,0.0,healthy,safe_default,no anomaly above configured threshold,0.00011079900002641807,0.00012989899994408916,True,False,False
2026-08-06T16:15:17.036198+00:00,mixed_pdv_loss_holdover,496.0960886569804,0.0,0.0,healthy,safe_default,no anomaly above configured threshold,9.449900005620293e-05,0.00011369900005320233,True,False,False
2026-08-06T16:15:17.432824+00:00,mixed_pdv_loss_holdover,496.49608865698036,0.0,0.0,healthy,safe_default,no anomaly above configured threshold,0.00012639900000976922,0.0001480989999436133,True,False,False
2026-08-06T16:15:17.712558+00:00,mixed_pdv_loss_holdover,496.69608865698035,0.0,0.0,healthy,safe_default,no anomaly above configured threshold,0.00011569899993446597,0.0001340989999789599,True,False,False
2026-08-06T16:15:17.875553+00:00,mixed_pdv_loss_holdover,496.89608865698034,0.0,0.0,healthy,safe_default,no anomaly above configured threshold,0.00010019900003044313,0.00012009900001430651,True,False,False
2026-08-06T16:15:18.231784+00:00,mixed_pdv_loss_holdover,497.2960886569803,0.0,0.0,healthy,safe_default,no anomaly above configured threshold,7.569900003545627e-05,8.799900001577043e-05,True,False,False
2026-08-06T16:15:18.356883+00:00,mixed_pdv_loss_holdover,497.4960886569803,0.0,0.0,healthy,safe_default,no anomaly above configured threshold,0.00013515700004518294,0.00015446400004748284,True,False,False
2026-08-06T16:15:18.618745+00:00,mixed_pdv_loss_holdover,497.6960886569803,0.0,0.0,healthy,safe_default,no anomaly above configured threshold,6.806099997902493e-05,7.983900002273003e-05,True,False,False
2026-08-06T16:15:18.752593+00:00,mixed_pdv_loss_holdover,497.8960886569803,0.0,0.0,healthy,safe_default,no anomaly above configured threshold,6.748200007677951e-05,7.810099998550868e-05,True,False,False
2026-08-06T16:15:19.009621+00:00,mixed_pdv_loss_holdover,498.09608865698027,0.0,0.0,healthy,safe_default,no anomaly above configured threshold,6.603299993912515e-05,7.732899996426568e-05,True,False,False
2026-08-06T16:15:19.285805+00:00,mixed_pdv_loss_holdover,498.29608865698026,0.0,0.0,healthy,safe_default,no anomaly above configured threshold,0.00011372500000561558,0.00013158499996279716,True,False,False
2026-08-06T16:15:19.427986+00:00,mixed_pdv_loss_holdover,498.49608865698025,0.0,0.0,healthy,safe_default,no anomaly above configured threshold,9.335499998996966e-05,0.00010995899992849445,True,False,False
2026-08-06T16:15:19.808791+00:00,mixed_pdv_loss_holdover,498.8960886569802,0.0,0.0,healthy,safe_default,no anomaly above configured threshold,6.728800008204416e-05,7.83899999987625e-05,True,False,False
2026-08-06T16:15:20.075302+00:00,mixed_pdv_loss_holdover,499.0960886569802,0.0,0.0,healthy,safe_default,no anomaly above configured threshold,0.00010136699995655363,0.00011942000003273279,True,False,False
2026-08-06T16:15:20.231243+00:00,mixed_pdv_loss_holdover,499.2960886569802,0.0,0.0,healthy,safe_default,no anomaly above configured threshold,0.00011845500000617903,0.0001382460000058927,True,False,False
2026-08-06T16:15:20.609738+00:00,mixed_pdv_loss_holdover,499.6960886569802,0.0,0.0,healthy,safe_default,no anomaly above configured threshold,0.00010590399995180633,0.00012318500000674248,True,False,False
2026-08-06T16:15:20.856252+00:00,mixed_pdv_loss_holdover,499.89608865698017,0.0,0.0,healthy,safe_default,no anomaly above configured threshold,8.910700000797078e-05,0.00010291199998846423,True,False,False
2026-08-06T16:15:20.999274+00:00,mixed_pdv_loss_holdover,500.09608865698016,0.0,0.0,healthy,safe_default,no anomaly above configured threshold,7.549500003278808e-05,8.78519999787386e-05,True,False,False
2026-08-06T16:15:21.261749+00:00,mixed_pdv_loss_holdover,500.29608865698015,0.0,0.0,healthy,safe_default,no anomaly above configured threshold,6.564699992850365e-05,7.675000006202026e-05,True,False,False
2026-08-06T16:15:21.415508+00:00,mixed_pdv_loss_holdover,500.49608865698013,0.0,0.0,healthy,safe_default,no anomaly above configured threshold,9.905000001708686e-05,0.00011874399990574602,True,False,False
2026-08-06T16:15:21.660008+00:00,mixed_pdv_loss_holdover,500.6960886569801,0.0,0.0,healthy,safe_default,no anomaly above configured threshold,7.240500008265371e-05,8.418300001267198e-05,True,False,False
2026-08-06T16:15:21.795731+00:00,mixed_pdv_loss_holdover,500.8960886569801,0.0,0.0,healthy,safe_default,no anomaly above configured threshold,0.00011459400002422626,0.0001349630000504476,True,False,False
2026-08-06T16:15:22.046849+00:00,mixed_pdv_loss_holdover,501.0960886569801,0.0,0.0,healthy,safe_default,no anomaly above configured threshold,0.00011333800000556948,0.0001340940000318369,True,False,False
2026-08-06T16:15:22.175271+00:00,mixed_pdv_loss_holdover,501.2960886569801,0.0,0.0,healthy,safe_default,no anomaly above configured threshold,8.263900008387282e-05,9.576800005106634e-05,True,False,False
2026-08-06T16:15:22.435717+00:00,mixed_pdv_loss_holdover,501.4960886569801,0.0,0.0,healthy,safe_default,no anomaly above configured threshold,0.00019199899998056935,0.0013566869999976916,True,False,False
2026-08-06T16:15:22.711632+00:00,mixed_pdv_loss_holdover,501.69608865698007,0.0,0.0,healthy,safe_default,no anomaly above configured threshold,0.00031359700005850755,0.00033899699997164134,True,False,False
2026-08-06T16:15:22.899339+00:00,mixed_pdv_loss_holdover,501.89608865698006,0.0,0.0,healthy,safe_default,no anomaly above configured threshold,0.00012689900006535026,0.00014769899996736058,True,False,False
2026-08-06T16:15:23.446325+00:00,mixed_pdv_loss_holdover,502.49608865698,0.0,0.0,healthy,safe_default,no anomaly above configured threshold,0.00011759899996377499,0.0001379980000137948,True,False,False
2026-08-06T16:15:23.579457+00:00,mixed_pdv_loss_holdover,502.69608865698,0.0,0.0,healthy,safe_default,no anomaly above configured threshold,9.429900001123315e-05,0.00010799900007896213,True,False,False
2026-08-06T16:15:23.820910+00:00,mixed_pdv_loss_holdover,502.89608865698,0.0,0.0,healthy,safe_default,no anomaly above configured threshold,7.6099000011709e-05,8.87989999682759e-05,True,False,False
2026-08-06T16:15:24.093359+00:00,mixed_pdv_loss_holdover,503.09608865698,0.0,0.0,healthy,safe_default,no anomaly above configured threshold,7.389899997178873e-05,8.619900006578973e-05,True,False,False
2026-08-06T16:15:24.248060+00:00,mixed_pdv_loss_holdover,503.29608865698,0.0,0.0,healthy,safe_default,no anomaly above configured threshold,8.0599000057191e-05,9.409899996626336e-05,True,False,False
2026-08-06T16:15:24.639716+00:00,mixed_pdv_loss_holdover,503.69608865697995,0.0,0.0,healthy,safe_default,no anomaly above configured threshold,0.00011939899991375569,0.00013979900006688695,True,False,False
2026-08-06T16:15:24.778169+00:00,mixed_pdv_loss_holdover,503.89608865697994,0.0,0.0,healthy,safe_default,no anomaly above configured threshold,0.00012019899997994798,0.00013569899999765767,True,False,False
2026-08-06T16:15:25.060101+00:00,mixed_pdv_loss_holdover,504.09608865697993,0.0,0.0,healthy,safe_default,no anomaly above configured threshold,0.00019849800003157725,0.00022149799997350783,True,False,False
2026-08-06T16:15:25.192336+00:00,mixed_pdv_loss_holdover,504.2960886569799,0.0,0.0,healthy,safe_default,no anomaly above configured threshold,0.00011959800008298771,0.0001392980000218813,True,False,False
2026-08-06T16:15:25.482731+00:00,mixed_pdv_loss_holdover,504.4960886569799,0.0,0.0,healthy,safe_default,no anomaly above configured threshold,0.00010829899997588655,0.0001270989999966332,True,False,False
2026-08-06T16:15:25.634368+00:00,mixed_pdv_loss_holdover,504.6960886569799,0.0,0.0,healthy,safe_default,no anomaly above configured threshold,0.00011149900001328206,0.0001308979999521398,True,False,False
2026-08-06T16:15:25.918492+00:00,mixed_pdv_loss_holdover,504.8960886569799,0.0,0.0,healthy,safe_default,no anomaly above configured threshold,0.00012019899997994798,0.0001404989999400641,True,False,False
2026-08-06T16:15:26.045123+00:00,mixed_pdv_loss_holdover,505.0960886569799,0.0,0.0,healthy,safe_default,no anomaly above configured threshold,0.0002069979999532734,0.00022169800001847761,True,False,False
2026-08-06T16:15:26.442003+00:00,mixed_pdv_loss_holdover,505.49608865697985,0.0,0.0,healthy,safe_default,no anomaly above configured threshold,0.00010490900001514092,0.0001234009999961927,True,False,False
2026-08-06T16:15:26.597412+00:00,mixed_pdv_loss_holdover,505.69608865697984,0.0,0.0,healthy,safe_default,no anomaly above configured threshold,0.00042407099999763886,0.00045529800001986587,True,False,False
2026-08-06T16:15:26.846169+00:00,mixed_pdv_loss_holdover,505.8960886569798,0.0,0.0,healthy,safe_default,no anomaly above configured threshold,0.00010557000007338502,0.00012085299999853305,True,False,False
2026-08-06T16:15:26.999278+00:00,mixed_pdv_loss_holdover,506.0960886569798,0.0,0.0,healthy,safe_default,no anomaly above configured threshold,0.00011151299997891329,0.00013094799999180395,True,False,False
2026-08-06T16:15:27.241522+00:00,mixed_pdv_loss_holdover,506.2960886569798,0.0,0.0,healthy,safe_default,no anomaly above configured threshold,9.99090000277647e-05,0.00011651300007997634,True,False,False
2026-08-06T16:15:27.382689+00:00,mixed_pdv_loss_holdover,506.4960886569798,0.0,0.0,healthy,safe_default,no anomaly above configured threshold,9.538100005102024e-05,0.00011245600001075218,True,False,False
2026-08-06T16:15:27.675011+00:00,mixed_pdv_loss_holdover,506.6960886569798,0.0,0.0,healthy,safe_default,no anomaly above configured threshold,0.00010188999999627413,0.00011811700005637249,True,False,False
2026-08-06T16:15:27.828234+00:00,mixed_pdv_loss_holdover,506.89608865697977,0.0,0.0,healthy,safe_default,no anomaly above configured threshold,0.00011009800005012949,0.00012943800004450168,True,False,False
2026-08-06T16:15:28.116054+00:00,mixed_pdv_loss_holdover,507.09608865697976,0.0,0.0,healthy,safe_default,no anomaly above configured threshold,0.00010047500006749033,0.00017425099997581128,True,False,False
2026-08-06T16:15:28.251746+00:00,mixed_pdv_loss_holdover,507.29608865697975,0.0,0.0,healthy,safe_default,no anomaly above configured threshold,0.00012094800001705153,0.0001567040000054476,True,False,False
2026-08-06T16:15:28.629162+00:00,mixed_pdv_loss_holdover,507.6960886569797,0.0,0.0,healthy,safe_default,no anomaly above configured threshold,0.00012434399991434475,0.00014236399999845162,True,False,False
2026-08-06T16:15:28.909122+00:00,mixed_pdv_loss_holdover,507.8960886569797,0.0,0.0,healthy,safe_default,no anomaly above configured threshold,0.00026802799993674853,0.0002904809999790814,True,False,False
2026-08-06T16:15:29.034889+00:00,mixed_pdv_loss_holdover,508.0960886569797,0.0,0.0,healthy,safe_default,no anomaly above configured threshold,0.00011415500000566681,0.00013283500004490634,True,False,False
2026-08-06T16:15:29.284210+00:00,mixed_pdv_loss_holdover,508.2960886569797,0.0,0.0,healthy,safe_default,no anomaly above configured threshold,0.00013104200002089783,0.00015151399998103443,True,False,False
2026-08-06T16:15:29.420074+00:00,mixed_pdv_loss_holdover,508.4960886569797,0.0,0.0,healthy,safe_default,no anomaly above configured threshold,7.292700001926278e-05,8.585199998378812e-05,True,False,False
2026-08-06T16:15:29.688157+00:00,mixed_pdv_loss_holdover,508.69608865697967,0.0,0.0,healthy,safe_default,no anomaly above configured threshold,8.443700005500432e-05,9.953100004622684e-05,True,False,False
2026-08-06T16:15:29.812569+00:00,mixed_pdv_loss_holdover,508.89608865697966,0.0,0.0,healthy,safe_default,no anomaly above configured threshold,7.264400005624339e-05,8.519100003923086e-05,True,False,False
2026-08-06T16:15:30.045539+00:00,mixed_pdv_loss_holdover,509.09608865697965,0.0,0.0,healthy,safe_default,no anomaly above configured threshold,7.359900007486431e-05,8.589899994149164e-05,True,False,False
2026-08-06T16:15:30.166615+00:00,mixed_pdv_loss_holdover,509.29608865697963,0.0,0.0,healthy,safe_default,no anomaly above configured threshold,0.0001412990000062564,0.00015679900002396607,True,False,False
2026-08-06T16:15:30.413269+00:00,mixed_pdv_loss_holdover,509.4960886569796,0.0,0.0,healthy,safe_default,no anomaly above configured threshold,6.849999999758438e-05,8.109999998850981e-05,True,False,False
2026-08-06T16:15:30.681009+00:00,mixed_pdv_loss_holdover,509.6960886569796,0.0,0.0,healthy,safe_default,no anomaly above configured threshold,0.00045919599995158933,0.0004818950000071709,True,False,False
2026-08-06T16:15:30.854037+00:00,mixed_pdv_loss_holdover,509.8960886569796,0.0,0.0,healthy,safe_default,no anomaly above configured threshold,0.00010139900007288816,0.00011989899996933673,True,False,False
2026-08-06T16:15:31.255642+00:00,mixed_pdv_loss_holdover,510.2960886569796,0.0,0.0,healthy,safe_default,no anomaly above configured threshold,0.00011879900000622001,0.0001335990000370657,True,False,False
2026-08-06T16:15:31.385564+00:00,mixed_pdv_loss_holdover,510.49608865697957,0.0,0.0,healthy,safe_default,no anomaly above configured threshold,0.00010259900000164635,0.00012069899992184219,True,False,False
2026-08-06T16:15:31.664892+00:00,mixed_pdv_loss_holdover,510.69608865697955,0.0,0.0,healthy,safe_default,no anomaly above configured threshold,0.0001002989999960846,0.00011799900005371455,True,False,False
2026-08-06T16:15:31.797642+00:00,mixed_pdv_loss_holdover,510.89608865697954,0.0,0.0,healthy,safe_default,no anomaly above configured threshold,0.00011629899995568849,0.00013579900007698598,True,False,False
2026-08-06T16:15:32.050642+00:00,mixed_pdv_loss_holdover,511.09608865697953,0.0,0.0,healthy,safe_default,no anomaly above configured threshold,0.00011459899997134926,0.00013549899995268788,True,False,False
2026-08-06T16:15:32.184576+00:00,mixed_pdv_loss_holdover,511.2960886569795,0.0,0.0,healthy,safe_default,no anomaly above configured threshold,0.00011019900000519556,0.0001309990000208927,True,False,False
2026-08-06T16:15:32.450599+00:00,mixed_pdv_loss_holdover,511.4960886569795,0.0,0.0,healthy,safe_default,no anomaly above configured threshold,0.00010739899994405278,0.00012619899996479944,True,False,False
2026-08-06T16:15:32.570520+00:00,mixed_pdv_loss_holdover,511.6960886569795,0.0,0.0,healthy,safe_default,no anomaly above configured threshold,0.00011829799996121437,0.0001381980000587646,True,False,False
2026-08-06T16:15:32.823722+00:00,mixed_pdv_loss_holdover,511.8960886569795,0.0,0.0,healthy,safe_default,no anomaly above configured threshold,0.00016479799990065658,0.0001882979998981682,True,False,False
2026-08-06T16:15:32.972789+00:00,mixed_pdv_loss_holdover,512.0960886569795,0.0,0.0,healthy,safe_default,no anomaly above configured threshold,7.169999992129306e-05,8.449899996776367e-05,True,False,False
2026-08-06T16:15:33.222710+00:00,mixed_pdv_loss_holdover,512.2960886569796,0.0,0.0,healthy,safe_default,no anomaly above configured threshold,0.00011209900003450457,0.0001309990000208927,True,False,False
2026-08-06T16:15:33.504056+00:00,mixed_pdv_loss_holdover,512.4960886569796,0.0,0.0,healthy,safe_default,no anomaly above configured threshold,0.00010619900001529459,0.00012309900000673224,True,False,False
2026-08-06T16:15:33.655374+00:00,mixed_pdv_loss_holdover,512.6960886569797,0.0,0.0,healthy,safe_default,no anomaly above configured threshold,8.039900001222122e-05,9.289899992381834e-05,True,False,False
2026-08-06T16:15:34.047784+00:00,mixed_pdv_loss_holdover,513.0960886569798,0.0,0.0,healthy,safe_default,no anomaly above configured threshold,8.349999995971302e-05,9.629900000618363e-05,True,False,False
2026-08-06T16:15:34.190724+00:00,mixed_pdv_loss_holdover,513.2960886569798,0.0,0.0,healthy,safe_default,no anomaly above configured threshold,0.00012199900004361552,0.00014109900007497345,True,False,False
2026-08-06T16:15:34.456052+00:00,mixed_pdv_loss_holdover,513.4960886569799,0.0,0.0,healthy,safe_default,no anomaly above configured threshold,0.00012662699998600147,0.0001450590000331431,True,False,False
2026-08-06T16:15:34.593868+00:00,mixed_pdv_loss_holdover,513.6960886569799,0.0,0.0,healthy,safe_default,no anomaly above configured threshold,0.00014197100006185792,0.0001610990000244783,True,False,False
2026-08-06T16:15:34.878094+00:00,mixed_pdv_loss_holdover,513.8960886569799,0.0,0.0,healthy,safe_default,no anomaly above configured threshold,0.00010949099998924794,0.00012822200005757622,True,False,False
2026-08-06T16:15:35.042032+00:00,mixed_pdv_loss_holdover,514.09608865698,0.0,0.0,healthy,safe_default,no anomaly above configured threshold,0.00011746200004836282,0.0001365910000004078,True,False,False
2026-08-06T16:15:35.424720+00:00,mixed_pdv_loss_holdover,514.4960886569801,0.0,0.0,healthy,safe_default,no anomaly above configured threshold,9.663900004852621e-05,0.00011457299990524916,True,False,False
2026-08-06T16:15:35.551495+00:00,mixed_pdv_loss_holdover,514.6960886569801,0.0,0.0,healthy,safe_default,no anomaly above configured threshold,0.00010261700003866281,0.00011925599994810909,True,False,False
2026-08-06T16:15:35.785834+00:00,mixed_pdv_loss_holdover,514.8960886569802,0.0,0.0,healthy,safe_default,no anomaly above configured threshold,0.00011536900001374306,0.00012941800002863602,True,False,False
2026-08-06T16:15:36.078097+00:00,mixed_pdv_loss_holdover,515.0960886569802,0.0,0.0,healthy,safe_default,no anomaly above configured threshold,0.00010460999999395426,0.00012274200003048463,True,False,False
2026-08-06T16:15:36.192749+00:00,mixed_pdv_loss_holdover,515.2960886569803,0.0,0.0,healthy,safe_default,no anomaly above configured threshold,0.00010371300004408113,0.00012274300001990923,True,False,False
2026-08-06T16:15:36.463146+00:00,mixed_pdv_loss_holdover,515.4960886569803,0.0,0.0,healthy,safe_default,no anomaly above configured threshold,8.089799996469083e-05,9.345099999791273e-05,True,False,False
2026-08-06T16:15:36.644014+00:00,mixed_pdv_loss_holdover,515.6960886569804,0.0,0.0,healthy,safe_default,no anomaly above configured threshold,0.00011497100001633953,0.00013549499999498948,True,False,False
2026-08-06T16:15:37.033111+00:00,mixed_pdv_loss_holdover,516.0960886569804,0.0,0.0,healthy,safe_default,no anomaly above configured threshold,0.0001897920000146769,0.00020931999995355,True,False,False
2026-08-06T16:15:37.148926+00:00,mixed_pdv_loss_holdover,516.2960886569805,0.0,0.0,healthy,safe_default,no anomaly above configured threshold,0.00012114799994833447,0.00013718900004278112,True,False,False
2026-08-06T16:15:37.421744+00:00,mixed_pdv_loss_holdover,516.4960886569805,0.0,0.0,healthy,safe_default,no anomaly above configured threshold,7.900499997504085e-05,9.095999996588944e-05,True,False,False
2026-08-06T16:15:37.674891+00:00,mixed_pdv_loss_holdover,516.6960886569806,0.0,0.0,healthy,safe_default,no anomaly above configured threshold,0.00011477200007448118,0.00013081199995212955,True,False,False
2026-08-06T16:15:37.814585+00:00,mixed_pdv_loss_holdover,516.8960886569806,0.0,0.0,healthy,safe_default,no anomaly above configured threshold,7.342699996115698e-05,8.567999998376763e-05,True,False,False
2026-08-06T16:15:38.067305+00:00,mixed_pdv_loss_holdover,517.0960886569807,0.0,0.0,healthy,safe_default,no anomaly above configured threshold,9.584300005371915e-05,0.00011307800002668955,True,False,False
2026-08-06T16:15:38.201889+00:00,mixed_pdv_loss_holdover,517.2960886569807,0.0,0.0,healthy,safe_default,no anomaly above configured threshold,8.428599994658725e-05,9.683899997980916e-05,True,False,False
2026-08-06T16:15:38.466542+00:00,mixed_pdv_loss_holdover,517.4960886569808,0.0,0.0,healthy,safe_default,no anomaly above configured threshold,0.00015950499994232814,0.00017793699998946977,True,False,False
2026-08-06T16:15:38.648030+00:00,mixed_pdv_loss_holdover,517.6960886569808,0.0,0.0,healthy,safe_default,no anomaly above configured threshold,0.00011835800000881136,0.00013898200006678962,True,False,False
2026-08-06T16:15:39.034484+00:00,mixed_pdv_loss_holdover,518.0960886569809,0.0,0.0,healthy,safe_default,no anomaly above configured threshold,0.000137288000018998,0.00015900699997928314,True,False,False
2026-08-06T16:15:39.321538+00:00,mixed_pdv_loss_holdover,518.2960886569809,0.0,0.0,healthy,safe_default,no anomaly above configured threshold,0.0001311109999733162,0.0001528300000472882,True,False,False
2026-08-06T16:15:39.457946+00:00,mixed_pdv_loss_holdover,518.496088656981,0.0,0.0,healthy,safe_default,no anomaly above configured threshold,0.00011307800002668955,0.00013499700003194448,True,False,False
2026-08-06T16:15:39.883045+00:00,mixed_pdv_loss_holdover,518.8960886569811,0.0,0.0,healthy,safe_default,no anomaly above configured threshold,0.000621980000005351,0.0006492779999689446,True,False,False
2026-08-06T16:15:40.022080+00:00,mixed_pdv_loss_holdover,519.0960886569811,0.0,0.0,healthy,safe_default,no anomaly above configured threshold,0.00024179800004731078,0.0002670039999657092,True,False,False
2026-08-06T16:15:40.270622+00:00,mixed_pdv_loss_holdover,519.2960886569812,0.0,0.0,healthy,safe_default,no anomaly above configured threshold,0.00011566800003492972,0.00013479800009008613,True,False,False
2026-08-06T16:15:40.415019+00:00,mixed_pdv_loss_holdover,519.4960886569812,0.0,0.0,healthy,safe_default,no anomaly above configured threshold,7.780999999340565e-05,9.096099995531404e-05,True,False,False
2026-08-06T16:15:40.669498+00:00,mixed_pdv_loss_holdover,519.6960886569813,0.0,0.0,healthy,safe_default,no anomaly above configured threshold,0.00010590500005491776,0.00012543299999379087,True,False,False
2026-08-06T16:15:40.814656+00:00,mixed_pdv_loss_holdover,519.8960886569813,0.0,0.0,healthy,safe_default,no anomaly above configured threshold,6.824600006893888e-05,8.000200000424229e-05,True,False,False
2026-08-06T16:15:41.059582+00:00,mixed_pdv_loss_holdover,520.0960886569814,0.0,0.0,healthy,safe_default,no anomaly above configured threshold,0.00010181999994074431,0.00011716300002717617,True,False,False
2026-08-06T16:15:41.193962+00:00,mixed_pdv_loss_holdover,520.2960886569814,0.0,0.0,healthy,safe_default,no anomaly above configured threshold,0.00011108599994713586,0.00012862100004440435,True,False,False
2026-08-06T16:15:41.483150+00:00,mixed_pdv_loss_holdover,520.4960886569814,0.0,0.0,healthy,safe_default,no anomaly above configured threshold,0.00016986700006782485,0.00019218299996737187,True,False,False
2026-08-06T16:15:41.637074+00:00,mixed_pdv_loss_holdover,520.6960886569815,0.0,0.0,healthy,safe_default,no anomaly above configured threshold,0.0002703920000612925,0.0002906160000293312,True,False,False
2026-08-06T16:15:41.903234+00:00,mixed_pdv_loss_holdover,520.8960886569815,0.0,0.0,healthy,safe_default,no anomaly above configured threshold,0.00012134799999330426,0.000140874000067015,True,False,False
2026-08-06T16:15:42.061613+00:00,mixed_pdv_loss_holdover,521.0960886569816,0.0,0.0,healthy,safe_default,no anomaly above configured threshold,0.0001107869999259492,0.00012742400008391996,True,False,False
2026-08-06T16:15:42.456785+00:00,mixed_pdv_loss_holdover,521.4960886569817,0.0,0.0,healthy,safe_default,no anomaly above configured threshold,0.00011698100001922285,0.00013611200006380386,True,False,False
2026-08-06T16:15:42.606124+00:00,mixed_pdv_loss_holdover,521.6960886569817,0.0,0.0,healthy,safe_default,no anomaly above configured threshold,7.084600008511188e-05,8.260399999926449e-05,True,False,False
2026-08-06T16:15:42.856941+00:00,mixed_pdv_loss_holdover,521.8960886569818,0.0,0.0,healthy,safe_default,no anomaly above configured threshold,0.00010352900005727861,0.00012166400006208278,True,False,False
2026-08-06T16:15:42.998205+00:00,mixed_pdv_loss_holdover,522.0960886569818,0.0,0.0,healthy,safe_default,no anomaly above configured threshold,0.0001172800000404095,0.00013770599991858035,True,False,False
2026-08-06T16:15:43.277812+00:00,mixed_pdv_loss_holdover,522.2960886569819,0.0,0.0,healthy,safe_default,no anomaly above configured threshold,0.00010881000002882502,0.00012833999994654732,True,False,False
2026-08-06T16:15:43.403018+00:00,mixed_pdv_loss_holdover,522.4960886569819,0.0,0.0,healthy,safe_default,no anomaly above configured threshold,0.00017019000006257556,0.00019828899996809923,True,False,False
2026-08-06T16:15:43.648366+00:00,mixed_pdv_loss_holdover,522.6960886569819,0.0,0.0,healthy,safe_default,no anomaly above configured threshold,5.5002999943098985e-05,6.546499992055033e-05,True,False,False
2026-08-06T16:15:43.767580+00:00,mixed_pdv_loss_holdover,522.896088656982,0.0,0.0,healthy,safe_default,no anomaly above configured threshold,8.688900004472089e-05,0.00010452499998336862,True,False,False
2026-08-06T16:15:44.023220+00:00,mixed_pdv_loss_holdover,523.096088656982,0.0,0.0,healthy,safe_default,no anomaly above configured threshold,0.00013003399999433896,0.0001488660000177333,True,False,False
2026-08-06T16:15:44.300678+00:00,mixed_pdv_loss_holdover,523.2960886569821,0.0,0.0,healthy,safe_default,no anomaly above configured threshold,9.027599992350588e-05,0.00010711599998103338,True,False,False
2026-08-06T16:15:44.446220+00:00,mixed_pdv_loss_holdover,523.4960886569821,0.0,0.0,healthy,safe_default,no anomaly above configured threshold,0.00011429099993165437,0.00013382100007675035,True,False,False
2026-08-06T16:15:44.870928+00:00,mixed_pdv_loss_holdover,523.8960886569822,0.0,0.0,healthy,safe_default,no anomaly above configured threshold,0.0001237559999935911,0.00014647500006503833,True,False,False
2026-08-06T16:15:45.018371+00:00,mixed_pdv_loss_holdover,524.0960886569823,0.0,0.0,healthy,safe_default,no anomaly above configured threshold,0.00016112299999804236,0.00018643199996404292,True,False,False
2026-08-06T16:15:45.258514+00:00,mixed_pdv_loss_holdover,524.2960886569823,0.0,0.0,healthy,safe_default,no anomaly above configured threshold,9.575699994002207e-05,0.00011309500007428142,True,False,False
2026-08-06T16:15:45.432722+00:00,mixed_pdv_loss_holdover,524.4960886569824,0.0,0.0,healthy,safe_default,no anomaly above configured threshold,0.00010063900003842718,0.00011837600004582782,True,False,False
2026-08-06T16:15:45.670443+00:00,mixed_pdv_loss_holdover,524.6960886569824,0.0,0.0,healthy,safe_default,no anomaly above configured threshold,7.46329999401496e-05,8.599099999173632e-05,True,False,False
2026-08-06T16:15:45.813069+00:00,mixed_pdv_loss_holdover,524.8960886569824,0.0,0.0,healthy,safe_default,no anomaly above configured threshold,0.0001500619999887931,0.00016889400001218746,True,False,False
2026-08-06T16:15:46.059284+00:00,mixed_pdv_loss_holdover,525.0960886569825,0.0,0.0,healthy,safe_default,no anomaly above configured threshold,8.270399996490596e-05,9.86469999588735e-05,True,False,False
2026-08-06T16:15:46.175210+00:00,mixed_pdv_loss_holdover,525.2960886569825,0.0,0.0,healthy,safe_default,no anomaly above configured threshold,0.00010881000002882502,0.00012913700004446582,True,False,False
2026-08-06T16:15:46.424309+00:00,mixed_pdv_loss_holdover,525.4960886569826,0.0,0.0,healthy,safe_default,no anomaly above configured threshold,0.00010761400005776522,0.00012724400005481584,True,False,False
2026-08-06T16:15:46.560426+00:00,mixed_pdv_loss_holdover,525.6960886569826,0.0,0.0,healthy,safe_default,no anomaly above configured threshold,0.0001052229999913834,0.00012405499990109092,True,False,False
2026-08-06T16:15:46.851522+00:00,mixed_pdv_loss_holdover,525.8960886569827,0.0,0.0,healthy,safe_default,no anomaly above configured threshold,0.00011219700002129684,0.0001322260000051756,True,False,False
2026-08-06T16:15:47.006486+00:00,mixed_pdv_loss_holdover,526.0960886569827,0.0,0.0,healthy,safe_default,no anomaly above configured threshold,0.00021831699996255338,0.00026046599998608144,True,False,False
2026-08-06T16:15:47.267451+00:00,mixed_pdv_loss_holdover,526.2960886569828,0.0,0.0,healthy,safe_default,no anomaly above configured threshold,0.00015056000006552495,0.0001702889999251056,True,False,False
2026-08-06T16:15:47.394727+00:00,mixed_pdv_loss_holdover,526.4960886569828,0.0,0.0,healthy,safe_default,no anomaly above configured threshold,0.00010562099998878693,0.00012345699997240445,True,False,False
2026-08-06T16:15:47.671209+00:00,mixed_pdv_loss_holdover,526.6960886569829,0.0,0.0,healthy,safe_default,no anomaly above configured threshold,0.0004155099999252343,0.00044091900008425,True,False,False
2026-08-06T16:15:47.812478+00:00,mixed_pdv_loss_holdover,526.8960886569829,0.0,0.0,healthy,safe_default,no anomaly above configured threshold,0.00011488799998460308,0.0001345169999922291,True,False,False
2026-08-06T16:15:48.094464+00:00,mixed_pdv_loss_holdover,527.0960886569829,0.0,0.0,healthy,safe_default,no anomaly above configured threshold,8.509500003128778e-05,9.804900003018702e-05,True,False,False
2026-08-06T16:15:48.229213+00:00,mixed_pdv_loss_holdover,527.296088656983,0.0,0.0,healthy,safe_default,no anomaly above configured threshold,0.00012435399992227758,0.00014308699996945506,True,False,False
2026-08-06T16:15:48.606657+00:00,mixed_pdv_loss_holdover,527.6960886569831,0.0,0.0,healthy,safe_default,no anomaly above configured threshold,0.00010512400001516653,0.00012295900000935944,True,False,False
2026-08-06T16:15:48.883100+00:00,mixed_pdv_loss_holdover,527.8960886569831,0.0,0.0,healthy,safe_default,no anomaly above configured threshold,0.00011150000000270666,0.00012754299996231566,True,False,False
2026-08-06T16:15:49.047045+00:00,mixed_pdv_loss_holdover,528.0960886569832,0.0,0.0,healthy,safe_default,no anomaly above configured threshold,0.0001339199999392804,0.00015464599994174932,True,False,False
2026-08-06T16:15:49.428303+00:00,mixed_pdv_loss_holdover,528.4960886569833,0.0,0.0,healthy,safe_default,no anomaly above configured threshold,0.00011140099991280294,0.00013112999999975727,True,False,False
2026-08-06T16:15:49.702734+00:00,mixed_pdv_loss_holdover,528.6960886569833,0.0,0.0,healthy,safe_default,no anomaly above configured threshold,0.00011747899998226785,0.00013631099989197537,True,False,False
2026-08-06T16:15:49.833929+00:00,mixed_pdv_loss_holdover,528.8960886569834,0.0,0.0,healthy,safe_default,no anomaly above configured threshold,0.00015653900004508614,0.00018085199997130985,True,False,False
2026-08-06T16:15:50.126253+00:00,mixed_pdv_loss_holdover,529.0960886569834,0.0,0.0,healthy,safe_default,no anomaly above configured threshold,0.00013969899998755864,0.00016012600008252775,True,False,False
2026-08-06T16:15:50.284607+00:00,mixed_pdv_loss_holdover,529.2960886569834,0.0,0.0,healthy,safe_default,no anomaly above configured threshold,9.964299999865034e-05,0.00011967099999310449,True,False,False
2026-08-06T16:15:50.659831+00:00,mixed_pdv_loss_holdover,529.6960886569835,0.0,0.0,healthy,safe_default,no anomaly above configured threshold,0.0001620979999188421,0.00018389800004570134,True,False,False
2026-08-06T16:15:50.784800+00:00,mixed_pdv_loss_holdover,529.8960886569836,0.0,0.0,healthy,safe_default,no anomaly above configured threshold,0.00012459800007036392,0.00014659800001481926,True,False,False
2026-08-06T16:15:51.061807+00:00,mixed_pdv_loss_holdover,530.0960886569836,0.0,0.0,healthy,safe_default,no anomaly above configured threshold,0.00011759899996377499,0.00013779899995824962,True,False,False
2026-08-06T16:15:51.176316+00:00,mixed_pdv_loss_holdover,530.2960886569837,0.0,0.0,healthy,safe_default,no anomaly above configured threshold,0.0001330990000951715,0.00015299900007903489,True,False,False
2026-08-06T16:15:51.417494+00:00,mixed_pdv_loss_holdover,530.4960886569837,0.0,0.0,healthy,safe_default,no anomaly above configured threshold,8.949899995513988e-05,0.000106498999912219,True,False,False
2026-08-06T16:15:51.682160+00:00,mixed_pdv_loss_holdover,530.6960886569838,0.0,0.0,healthy,safe_default,no anomaly above configured threshold,9.50989999637386e-05,0.00011409900002945506,True,False,False
2026-08-06T16:15:51.831821+00:00,mixed_pdv_loss_holdover,530.8960886569838,0.0,0.0,healthy,safe_default,no anomaly above configured threshold,7.440000001679437e-05,9.169899999506015e-05,True,False,False
2026-08-06T16:15:52.234030+00:00,mixed_pdv_loss_holdover,531.2960886569839,0.0,0.0,healthy,safe_default,no anomaly above configured threshold,7.770000001983135e-05,9.160000001884328e-05,True,False,False
2026-08-06T16:15:52.352944+00:00,mixed_pdv_loss_holdover,531.4960886569839,0.0,0.0,healthy,safe_default,no anomaly above configured threshold,9.389899992129358e-05,0.00010739899994405278,True,False,False
2026-08-06T16:15:52.642242+00:00,mixed_pdv_loss_holdover,531.696088656984,0.0,0.0,healthy,safe_default,no anomaly above configured threshold,0.00012029799995616486,0.00014029800001935655,True,False,False
2026-08-06T16:15:52.779670+00:00,mixed_pdv_loss_holdover,531.896088656984,0.0,0.0,healthy,safe_default,no anomaly above configured threshold,0.0001475990000017191,0.00016879800000424439,True,False,False
2026-08-06T16:15:53.035517+00:00,mixed_pdv_loss_holdover,532.0960886569841,0.0,0.0,healthy,safe_default,no anomaly above configured threshold,0.00011869900004057854,0.000138497999955689,True,False,False
2026-08-06T16:15:53.179530+00:00,mixed_pdv_loss_holdover,532.2960886569841,0.0,0.0,healthy,safe_default,no anomaly above configured threshold,0.00013589800005320285,0.00015229799998905946,True,False,False
2026-08-06T16:15:53.427662+00:00,mixed_pdv_loss_holdover,532.4960886569842,0.0,0.0,healthy,safe_default,no anomaly above configured threshold,8.039900001222122e-05,9.539899997434986e-05,True,False,False
2026-08-06T16:15:53.669943+00:00,mixed_pdv_loss_holdover,532.6960886569842,0.0,0.0,healthy,safe_default,no anomaly above configured threshold,0.000109098999928392,0.00012249899998550973,True,False,False
2026-08-06T16:15:53.818019+00:00,mixed_pdv_loss_holdover,532.8960886569843,0.0,0.0,healthy,safe_default,no anomaly above configured threshold,0.00011059899998144829,0.00012999900002341747,True,False,False
2026-08-06T16:15:54.072896+00:00,mixed_pdv_loss_holdover,533.0960886569843,0.0,0.0,healthy,safe_default,no anomaly above configured threshold,9.559900001931965e-05,0.00011309899991829298,True,False,False
2026-08-06T16:15:54.207806+00:00,mixed_pdv_loss_holdover,533.2960886569844,0.0,0.0,healthy,safe_default,no anomaly above configured threshold,9.959899989553378e-05,0.00011709900002188078,True,False,False
2026-08-06T16:15:54.465578+00:00,mixed_pdv_loss_holdover,533.4960886569844,0.0,0.0,healthy,safe_default,no anomaly above configured threshold,8.149999996476254e-05,9.829900000113412e-05,True,False,False
2026-08-06T16:15:54.591054+00:00,mixed_pdv_loss_holdover,533.6960886569844,0.0,0.0,healthy,safe_default,no anomaly above configured threshold,0.00010759899998902256,0.0001233980000279189,True,False,False
2026-08-06T16:15:54.864236+00:00,mixed_pdv_loss_holdover,533.8960886569845,0.0,0.0,healthy,safe_default,no anomaly above configured threshold,0.000127299000041603,0.00014509900006487442,True,False,False
2026-08-06T16:15:55.004953+00:00,mixed_pdv_loss_holdover,534.0960886569845,0.0,0.0,healthy,safe_default,no anomaly above configured threshold,0.0001566980000689,0.00017989800005580037,True,False,False
2026-08-06T16:15:55.294032+00:00,mixed_pdv_loss_holdover,534.2960886569846,0.0,0.0,healthy,safe_default,no anomaly above configured threshold,0.00011599899994507723,0.00013639799999509705,True,False,False
2026-08-06T16:15:55.436829+00:00,mixed_pdv_loss_holdover,534.4960886569846,0.0,0.0,healthy,safe_default,no anomaly above configured threshold,0.00010429899998598557,0.00012349799999356037,True,False,False
2026-08-06T16:15:55.798985+00:00,mixed_pdv_loss_holdover,534.8960886569847,0.0,0.0,healthy,safe_default,no anomaly above configured threshold,0.00010509899993849103,0.00012289899996176246,True,False,False
2026-08-06T16:15:56.081319+00:00,mixed_pdv_loss_holdover,535.0960886569848,0.0,0.0,healthy,safe_default,no anomaly above configured threshold,0.00013839799999004754,0.00015749800002140546,True,False,False
2026-08-06T16:15:56.218309+00:00,mixed_pdv_loss_holdover,535.2960886569848,0.0,0.0,healthy,safe_default,no anomaly above configured threshold,7.309900001928327e-05,8.529900003395596e-05,True,False,False
2026-08-06T16:15:56.466035+00:00,mixed_pdv_loss_holdover,535.4960886569849,0.0,0.0,healthy,safe_default,no anomaly above configured threshold,7.049900000311027e-05,8.209899999656045e-05,True,False,False
2026-08-06T16:15:56.616266+00:00,mixed_pdv_loss_holdover,535.6960886569849,0.0,0.0,healthy,safe_default,no anomaly above configured threshold,6.939899992630671e-05,8.009900000160997e-05,True,False,False
2026-08-06T16:15:56.874030+00:00,mixed_pdv_loss_holdover,535.896088656985,0.0,0.0,healthy,safe_default,no anomaly above configured threshold,6.319900001017231e-05,7.409900001675851e-05,True,False,False
2026-08-06T16:15:56.998879+00:00,mixed_pdv_loss_holdover,536.096088656985,0.0,0.0,healthy,safe_default,no anomaly above configured threshold,5.9400000054665725e-05,6.989999997131235e-05,True,False,False
2026-08-06T16:15:57.246842+00:00,mixed_pdv_loss_holdover,536.296088656985,0.0,0.0,healthy,safe_default,no anomaly above configured threshold,0.00010159899989048427,0.00011839900002996728,True,False,False
2026-08-06T16:15:57.410259+00:00,mixed_pdv_loss_holdover,536.4960886569851,0.0,0.0,healthy,safe_default,no anomaly above configured threshold,7.979899999099871e-05,9.449900005620293e-05,True,False,False
2026-08-06T16:15:57.677550+00:00,mixed_pdv_loss_holdover,536.6960886569851,0.0,0.0,healthy,safe_default,no anomaly above configured threshold,0.0008718909999743119,0.0009015910000016447,True,False,False
2026-08-06T16:15:57.801517+00:00,mixed_pdv_loss_holdover,536.8960886569852,0.0,0.0,healthy,safe_default,no anomaly above configured threshold,9.089899992886785e-05,0.00010529799999403622,True,False,False
2026-08-06T16:15:58.086752+00:00,mixed_pdv_loss_holdover,537.0960886569852,0.0,0.0,healthy,safe_default,no anomaly above configured threshold,0.00014799799998854724,0.00016739800003051641,True,False,False
2026-08-06T16:15:58.248677+00:00,mixed_pdv_loss_holdover,537.2960886569853,0.0,0.0,healthy,safe_default,no anomaly above configured threshold,7.199899994247971e-05,8.339900000464695e-05,True,False,False
2026-08-06T16:15:58.617661+00:00,mixed_pdv_loss_holdover,537.6960886569854,0.0,0.0,healthy,safe_default,no anomaly above configured threshold,7.77530000277693e-05,9.067600001344545e-05,True,False,False
2026-08-06T16:15:58.862197+00:00,mixed_pdv_loss_holdover,537.8960886569854,0.0,0.0,healthy,safe_default,no anomaly above configured threshold,7.401499999559746e-05,8.661800006848352e-05,True,False,False
2026-08-06T16:15:59.018684+00:00,mixed_pdv_loss_holdover,538.0960886569854,0.0,0.0,healthy,safe_default,no anomaly above configured threshold,0.00017697300006602745,0.00019416899999669113,True,False,False
2026-08-06T16:15:59.278109+00:00,mixed_pdv_loss_holdover,538.2960886569855,0.0,0.0,healthy,safe_default,no anomaly above configured threshold,7.604400002492184e-05,8.864699998412107e-05,True,False,False
2026-08-06T16:15:59.429085+00:00,mixed_pdv_loss_holdover,538.4960886569855,0.0,0.0,healthy,safe_default,no anomaly above configured threshold,0.00011159999996834813,0.00012459999993552628,True,False,False
2026-08-06T16:15:59.817854+00:00,mixed_pdv_loss_holdover,538.8960886569856,0.0,0.0,healthy,safe_default,no anomaly above configured threshold,6.539999992583034e-05,7.700000003296736e-05,True,False,False
2026-08-06T16:16:00.123031+00:00,mixed_pdv_loss_holdover,539.0960886569857,0.0,0.0,healthy,safe_default,no anomaly above configured threshold,0.00010340000005726324,0.00012239999989560602,True,False,False
2026-08-06T16:16:00.255757+00:00,mixed_pdv_loss_holdover,539.2960886569857,0.0,0.0,healthy,safe_default,no anomaly above configured threshold,7.549999997991108e-05,8.779999996022525e-05,True,False,False
2026-08-06T16:16:00.638144+00:00,mixed_pdv_loss_holdover,539.6960886569858,0.0,0.0,healthy,safe_default,no anomaly above configured threshold,0.00011970000002747838,0.00014020000003256428,True,False,False
2026-08-06T16:16:00.767600+00:00,mixed_pdv_loss_holdover,539.8960886569859,0.0,0.0,healthy,safe_default,no anomaly above configured threshold,7.799900004101801e-05,8.999900001072092e-05,True,False,False
2026-08-06T16:16:01.008401+00:00,mixed_pdv_loss_holdover,540.0960886569859,0.0,0.0,healthy,safe_default,no anomaly above configured threshold,0.00012045000005400652,0.00013930900001923874,True,False,False
2026-08-06T16:16:01.303128+00:00,mixed_pdv_loss_holdover,540.296088656986,0.0,0.0,healthy,safe_default,no anomaly above configured threshold,8.606600010807597e-05,9.992299999339593e-05,True,False,False
2026-08-06T16:16:01.431188+00:00,mixed_pdv_loss_holdover,540.496088656986,0.0,0.0,healthy,safe_default,no anomaly above configured threshold,7.981399994605454e-05,9.273399996345688e-05,True,False,False
2026-08-06T16:16:01.833297+00:00,mixed_pdv_loss_holdover,540.8960886569861,0.0,0.0,healthy,safe_default,no anomaly above configured threshold,9.263000004011701e-05,0.00010763300008420629,True,False,False
2026-08-06T16:16:01.951272+00:00,mixed_pdv_loss_holdover,541.0960886569861,0.0,0.0,healthy,safe_default,no anomaly above configured threshold,7.043699997666408e-05,8.231399999658606e-05,True,False,False
2026-08-06T16:16:02.195935+00:00,mixed_pdv_loss_holdover,541.2960886569862,0.0,0.0,healthy,safe_default,no anomaly above configured threshold,0.00010719600004449603,0.0001254420000122991,True,False,False
2026-08-06T16:16:02.465602+00:00,mixed_pdv_loss_holdover,541.4960886569862,0.0,0.0,healthy,safe_default,no anomaly above configured threshold,0.00027566100004605687,0.0003087320000076943,True,False,False
2026-08-06T16:16:02.593870+00:00,mixed_pdv_loss_holdover,541.6960886569863,0.0,0.0,healthy,safe_default,no anomaly above configured threshold,0.00011279400007424556,0.00013373499996305327,True,False,False
2026-08-06T16:16:02.865417+00:00,mixed_pdv_loss_holdover,541.8960886569863,0.0,0.0,healthy,safe_default,no anomaly above configured threshold,0.00011621500004821428,0.00013705300000310672,True,False,False
2026-08-06T16:16:03.001573+00:00,mixed_pdv_loss_holdover,542.0960886569864,0.0,0.0,healthy,safe_default,no anomaly above configured threshold,0.00011839199999030825,0.0001390229999742587,True,False,False
2026-08-06T16:16:03.261161+00:00,mixed_pdv_loss_holdover,542.2960886569864,0.0,0.0,healthy,safe_default,no anomaly above configured threshold,0.00010269599999901402,0.0001225120000754032,True,False,False
2026-08-06T16:16:03.395810+00:00,mixed_pdv_loss_holdover,542.4960886569864,0.0,0.0,healthy,safe_default,no anomaly above configured threshold,0.00010269599999901402,0.00012261599999874306,True,False,False
2026-08-06T16:16:03.648289+00:00,mixed_pdv_loss_holdover,542.6960886569865,0.0,0.0,healthy,safe_default,no anomaly above configured threshold,7.720200005678635e-05,9.010400003717223e-05,True,False,False
2026-08-06T16:16:03.784554+00:00,mixed_pdv_loss_holdover,542.8960886569865,0.0,0.0,healthy,safe_default,no anomaly above configured threshold,7.91630000094301e-05,9.712299993225315e-05,True,False,False
2026-08-06T16:16:04.030436+00:00,mixed_pdv_loss_holdover,543.0960886569866,0.0,0.0,healthy,safe_default,no anomaly above configured threshold,7.690200004617509e-05,8.985600004507432e-05,True,False,False
2026-08-06T16:16:04.161995+00:00,mixed_pdv_loss_holdover,543.2960886569866,0.0,0.0,healthy,safe_default,no anomaly above configured threshold,0.0001193629999534096,0.00014074800003527344,True,False,False
2026-08-06T16:16:04.440949+00:00,mixed_pdv_loss_holdover,543.4960886569867,0.0,0.0,healthy,safe_default,no anomaly above configured threshold,7.76219999352179e-05,9.09869999077273e-05,True,False,False
2026-08-06T16:16:04.593351+00:00,mixed_pdv_loss_holdover,543.6960886569867,0.0,0.0,healthy,safe_default,no anomaly above configured threshold,8.008899999367713e-05,9.314700002960308e-05,True,False,False
2026-08-06T16:16:04.858766+00:00,mixed_pdv_loss_holdover,543.8960886569868,0.0,0.0,healthy,safe_default,no anomaly above configured threshold,8.502399998633337e-05,9.95200000488694e-05,True,False,False
2026-08-06T16:16:04.987102+00:00,mixed_pdv_loss_holdover,544.0960886569868,0.0,0.0,healthy,safe_default,no anomaly above configured threshold,0.0001064090000681972,0.00012409199996454845,True,False,False
2026-08-06T16:16:05.241480+00:00,mixed_pdv_loss_holdover,544.2960886569869,0.0,0.0,healthy,safe_default,no anomaly above configured threshold,8.001999992757192e-05,9.375000001909939e-05,True,False,False
2026-08-06T16:16:05.381859+00:00,mixed_pdv_loss_holdover,544.4960886569869,0.0,0.0,healthy,safe_default,no anomaly above configured threshold,0.00011239800005569123,0.00013278700009777822,True,False,False
2026-08-06T16:16:05.672032+00:00,mixed_pdv_loss_holdover,544.696088656987,0.0,0.0,healthy,safe_default,no anomaly above configured threshold,0.00011536900001374306,0.00013586099998974532,True,False,False
2026-08-06T16:16:05.817492+00:00,mixed_pdv_loss_holdover,544.896088656987,0.0,0.0,healthy,safe_default,no anomaly above configured threshold,8.022600002277613e-05,9.323799997673632e-05,True,False,False
2026-08-06T16:16:06.090081+00:00,mixed_pdv_loss_holdover,545.096088656987,0.0,0.0,healthy,safe_default,no anomaly above configured threshold,0.00011941599996134755,0.00014005000002725865,True,False,False
2026-08-06T16:16:06.208701+00:00,mixed_pdv_loss_holdover,545.2960886569871,0.0,0.0,healthy,safe_default,no anomaly above configured threshold,7.293700002719561e-05,8.662499999445572e-05,True,False,False
2026-08-06T16:16:06.495284+00:00,mixed_pdv_loss_holdover,545.4960886569871,0.0,0.0,healthy,safe_default,no anomaly above configured threshold,7.963400003063725e-05,9.204200000567653e-05,True,False,False
2026-08-06T16:16:06.659407+00:00,mixed_pdv_loss_holdover,545.6960886569872,0.0,0.0,healthy,safe_default,no anomaly above configured threshold,0.00010038100003839645,0.00011828100002730935,True,False,False
2026-08-06T16:16:06.998153+00:00,mixed_pdv_loss_holdover,546.0960886569873,0.0,0.0,healthy,safe_default,no anomaly above configured threshold,9.804200010421482e-05,0.00011533099996086094,True,False,False
2026-08-06T16:16:07.268263+00:00,mixed_pdv_loss_holdover,546.2960886569873,0.0,0.0,healthy,safe_default,no anomaly above configured threshold,0.0001129979999632269,0.0001309520000631892,True,False,False
2026-08-06T16:16:07.385315+00:00,mixed_pdv_loss_holdover,546.4960886569874,0.0,0.0,healthy,safe_default,no anomaly above configured threshold,0.0001105630000211022,0.00013024200006839237,True,False,False
2026-08-06T16:16:07.636748+00:00,mixed_pdv_loss_holdover,546.6960886569874,0.0,0.0,healthy,safe_default,no anomaly above configured threshold,7.759699997222924e-05,9.068200006367988e-05,True,False,False
2026-08-06T16:16:07.766936+00:00,mixed_pdv_loss_holdover,546.8960886569874,0.0,0.0,healthy,safe_default,no anomaly above configured threshold,7.516200003010454e-05,9.098700002141413e-05,True,False,False
2026-08-06T16:16:08.032516+00:00,mixed_pdv_loss_holdover,547.0960886569875,0.0,0.0,healthy,safe_default,no anomaly above configured threshold,7.306600002721098e-05,8.581600002344203e-05,True,False,False
2026-08-06T16:16:08.168677+00:00,mixed_pdv_loss_holdover,547.2960886569875,0.0,0.0,healthy,safe_default,no anomaly above configured threshold,0.00011435499993694975,0.00012761200002842088,True,False,False
2026-08-06T16:16:08.423149+00:00,mixed_pdv_loss_holdover,547.4960886569876,0.0,0.0,healthy,safe_default,no anomaly above configured threshold,9.340600001905841e-05,0.00010797899994940963,True,False,False
2026-08-06T16:16:08.660687+00:00,mixed_pdv_loss_holdover,547.6960886569876,0.0,0.0,healthy,safe_default,no anomaly above configured threshold,0.0001504829999703361,0.00016728099990359624,True,False,False
2026-08-06T16:16:08.828845+00:00,mixed_pdv_loss_holdover,547.8960886569877,0.0,0.0,healthy,safe_default,no anomaly above configured threshold,0.00015017900000202644,0.00017021700000441342,True,False,False
2026-08-06T16:16:09.059129+00:00,mixed_pdv_loss_holdover,548.0960886569877,0.0,0.0,healthy,safe_default,no anomaly above configured threshold,0.00010260799990646774,0.00012240299997756665,True,False,False
2026-08-06T16:16:09.185146+00:00,mixed_pdv_loss_holdover,548.2960886569878,0.0,0.0,healthy,safe_default,no anomaly above configured threshold,8.049099994877906e-05,9.392399999796908e-05,True,False,False
2026-08-06T16:16:09.440839+00:00,mixed_pdv_loss_holdover,548.4960886569878,0.0,0.0,healthy,safe_default,no anomaly above configured threshold,5.998999995426857e-05,7.109900002433278e-05,True,False,False
2026-08-06T16:16:09.565245+00:00,mixed_pdv_loss_holdover,548.6960886569879,0.0,0.0,healthy,safe_default,no anomaly above configured threshold,6.402899998647626e-05,7.624900001701462e-05,True,False,False
2026-08-06T16:16:09.845093+00:00,mixed_pdv_loss_holdover,548.8960886569879,0.0,0.0,healthy,safe_default,no anomaly above configured threshold,0.00015775099996062636,0.00017815100000007078,True,False,False
2026-08-06T16:16:09.963876+00:00,mixed_pdv_loss_holdover,549.096088656988,0.0,0.0,healthy,safe_default,no anomaly above configured threshold,0.00011432399992372666,0.00013320999994448357,True,False,False
2026-08-06T16:16:10.278474+00:00,mixed_pdv_loss_holdover,549.296088656988,0.0,0.0,healthy,safe_default,no anomaly above configured threshold,7.651700002497819e-05,8.891699997093383e-05,True,False,False
2026-08-06T16:16:10.429794+00:00,mixed_pdv_loss_holdover,549.496088656988,0.0,0.0,healthy,safe_default,no anomaly above configured threshold,7.218199993985763e-05,8.47840000233191e-05,True,False,False
2026-08-06T16:16:10.823456+00:00,mixed_pdv_loss_holdover,549.8960886569881,0.0,0.0,healthy,safe_default,no anomaly above configured threshold,0.00010615600001528946,0.00012430200001745106,True,False,False
2026-08-06T16:16:11.099524+00:00,mixed_pdv_loss_holdover,550.0960886569882,0.0,0.0,healthy,safe_default,no anomaly above configured threshold,0.000521795000054226,0.0005448439999327093,True,False,False
2026-08-06T16:16:11.221910+00:00,mixed_pdv_loss_holdover,550.2960886569882,0.0,0.0,healthy,safe_default,no anomaly above configured threshold,7.488699998248194e-05,8.736899997074943e-05,True,False,False
2026-08-06T16:16:11.468122+00:00,mixed_pdv_loss_holdover,550.4960886569883,0.0,0.0,healthy,safe_default,no anomaly above configured threshold,0.00011192800002390868,0.00013155599992842326,True,False,False
2026-08-06T16:16:11.624679+00:00,mixed_pdv_loss_holdover,550.6960886569883,0.0,0.0,healthy,safe_default,no anomaly above configured threshold,0.00012451000009150448,0.00014524500011248165,True,False,False
2026-08-06T16:16:12.020716+00:00,mixed_pdv_loss_holdover,551.0960886569884,0.0,0.0,healthy,safe_default,no anomaly above configured threshold,6.543599999986327e-05,7.779999998547282e-05,True,False,False
2026-08-06T16:16:12.170605+00:00,mixed_pdv_loss_holdover,551.2960886569884,0.0,0.0,healthy,safe_default,no anomaly above configured threshold,6.915599999501865e-05,8.141900002556213e-05,True,False,False
2026-08-06T16:16:12.437514+00:00,mixed_pdv_loss_holdover,551.4960886569885,0.0,0.0,healthy,safe_default,no anomaly above configured threshold,7.890599999882397e-05,9.116900002936745e-05,True,False,False
2026-08-06T16:16:12.560569+00:00,mixed_pdv_loss_holdover,551.6960886569885,0.0,0.0,healthy,safe_default,no anomaly above configured threshold,0.00011529300002166565,0.00013509400002931216,True,False,False
2026-08-06T16:16:12.830785+00:00,mixed_pdv_loss_holdover,551.8960886569886,0.0,0.0,healthy,safe_default,no anomaly above configured threshold,0.00012976800007891143,0.0001518810000789017,True,False,False
2026-08-06T16:16:13.095744+00:00,mixed_pdv_loss_holdover,552.0960886569886,0.0,0.0,healthy,safe_default,no anomaly above configured threshold,8.172299999387178e-05,9.417099988695554e-05,True,False,False
2026-08-06T16:16:13.232621+00:00,mixed_pdv_loss_holdover,552.2960886569887,0.0,0.0,healthy,safe_default,no anomaly above configured threshold,0.00012625800002297183,0.00014713199993821036,True,False,False
2026-08-06T16:16:13.520281+00:00,mixed_pdv_loss_holdover,552.4960886569887,0.0,0.0,healthy,safe_default,no anomaly above configured threshold,0.00010709800005770376,0.00012534999996205443,True,False,False
2026-08-06T16:16:13.656774+00:00,mixed_pdv_loss_holdover,552.6960886569888,0.0,0.0,healthy,safe_default,no anomaly above configured threshold,0.00011435800001891039,0.00013432599996576755,True,False,False
2026-08-06T16:16:14.037589+00:00,mixed_pdv_loss_holdover,553.0960886569889,0.0,0.0,healthy,safe_default,no anomaly above configured threshold,0.00012824099997033045,0.00014899299992521264,True,False,False
2026-08-06T16:16:14.188021+00:00,mixed_pdv_loss_holdover,553.2960886569889,0.0,0.0,healthy,safe_default,no anomaly above configured threshold,7.494999999835272e-05,8.794500001840788e-05,True,False,False
2026-08-06T16:16:14.453583+00:00,mixed_pdv_loss_holdover,553.496088656989,0.0,0.0,healthy,safe_default,no anomaly above configured threshold,0.00010488899999927526,0.00012338700003056147,True,False,False
2026-08-06T16:16:14.568774+00:00,mixed_pdv_loss_holdover,553.696088656989,0.0,0.0,healthy,safe_default,no anomaly above configured threshold,0.00013784800000848918,0.0001534350000156337,True,False,False
2026-08-06T16:16:14.842605+00:00,mixed_pdv_loss_holdover,553.896088656989,0.0,0.0,healthy,safe_default,no anomaly above configured threshold,0.0001263919999701102,0.0001437639999721796,True,False,False
2026-08-06T16:16:14.977393+00:00,mixed_pdv_loss_holdover,554.0960886569891,0.0,0.0,healthy,safe_default,no anomaly above configured threshold,0.00010291700004927407,0.0001158750000058717,True,False,False
2026-08-06T16:16:15.253426+00:00,mixed_pdv_loss_holdover,554.2960886569891,0.0,0.0,healthy,safe_default,no anomaly above configured threshold,0.00011557300001641124,0.0001339599999710117,True,False,False
2026-08-06T16:16:15.418127+00:00,mixed_pdv_loss_holdover,554.4960886569892,0.0,0.0,healthy,safe_default,no anomaly above configured threshold,0.00024737600006119465,0.0002688580000267393,True,False,False
2026-08-06T16:16:15.678705+00:00,mixed_pdv_loss_holdover,554.6960886569892,0.0,0.0,healthy,safe_default,no anomaly above configured threshold,0.0002534730000434138,0.0002719540000271081,True,False,False
2026-08-06T16:16:15.800669+00:00,mixed_pdv_loss_holdover,554.8960886569893,0.0,0.0,healthy,safe_default,no anomaly above configured threshold,7.439099999828613e-05,8.724199994958326e-05,True,False,False
2026-08-06T16:16:16.074668+00:00,mixed_pdv_loss_holdover,555.0960886569893,0.0,0.0,healthy,safe_default,no anomaly above configured threshold,0.00011941000002479996,0.00018333399998482491,True,False,False
2026-08-06T16:16:16.209365+00:00,mixed_pdv_loss_holdover,555.2960886569894,0.0,0.0,healthy,safe_default,no anomaly above configured threshold,0.00011959800008298771,0.00013965599998755351,True,False,False
2026-08-06T16:16:16.473329+00:00,mixed_pdv_loss_holdover,555.4960886569894,0.0,0.0,healthy,safe_default,no anomaly above configured threshold,0.00015249700004460465,0.00017311599992808624,True,False,False
2026-08-06T16:16:16.590080+00:00,mixed_pdv_loss_holdover,555.6960886569894,0.0,0.0,healthy,safe_default,no anomaly above configured threshold,0.0001080690000208051,0.00012681499993050238,True,False,False
2026-08-06T16:16:16.856556+00:00,mixed_pdv_loss_holdover,555.8960886569895,0.0,0.0,healthy,safe_default,no anomaly above configured threshold,0.00011603600000853476,0.00013487600006101275,True,False,False
2026-08-06T16:16:16.983593+00:00,mixed_pdv_loss_holdover,556.0960886569895,0.0,0.0,healthy,safe_default,no anomaly above configured threshold,8.238700002038968e-05,9.494699997958378e-05,True,False,False
2026-08-06T16:16:17.246920+00:00,mixed_pdv_loss_holdover,556.2960886569896,0.0,0.0,healthy,safe_default,no anomaly above configured threshold,0.00010250499997255247,0.00012079499992978526,True,False,False
2026-08-06T16:16:17.386546+00:00,mixed_pdv_loss_holdover,556.4960886569896,0.0,0.0,healthy,safe_default,no anomaly above configured threshold,7.939099998566235e-05,9.245499995813589e-05,True,False,False
2026-08-06T16:16:17.619991+00:00,mixed_pdv_loss_holdover,556.6960886569897,0.0,0.0,healthy,safe_default,no anomaly above configured threshold,8.722899997337663e-05,9.959099998013698e-05,True,False,False
2026-08-06T16:16:17.745181+00:00,mixed_pdv_loss_holdover,556.8960886569897,0.0,0.0,healthy,safe_default,no anomaly above configured threshold,0.00021073799996429443,0.00023003400008292374,True,False,False
2026-08-06T16:16:17.992420+00:00,mixed_pdv_loss_holdover,557.0960886569898,0.0,0.0,healthy,safe_default,no anomaly above configured threshold,6.994499995016668e-05,8.160300001236465e-05,True,False,False
2026-08-06T16:16:18.275442+00:00,mixed_pdv_loss_holdover,557.2960886569898,0.0,0.0,healthy,safe_default,no anomaly above configured threshold,0.00011027599998669757,0.00013006100004986365,True,False,False
2026-08-06T16:16:18.421928+00:00,mixed_pdv_loss_holdover,557.4960886569899,0.0,0.0,healthy,safe_default,no anomaly above configured threshold,0.00010786500001813693,0.00012704799996754446,True,False,False
2026-08-06T16:16:18.704966+00:00,mixed_pdv_loss_holdover,557.6960886569899,0.0,0.0,healthy,safe_default,no anomaly above configured threshold,8.64730000103009e-05,0.00010555599999406695,True,False,False
2026-08-06T16:16:18.854669+00:00,mixed_pdv_loss_holdover,557.89608865699,0.0,0.0,healthy,safe_default,no anomaly above configured threshold,0.00010414899998067995,0.0001234329999988404,True,False,False
2026-08-06T16:16:19.215618+00:00,mixed_pdv_loss_holdover,558.29608865699,0.0,0.0,healthy,safe_default,no anomaly above configured threshold,6.825799994203408e-05,7.950099995923665e-05,True,False,False
2026-08-06T16:16:19.462636+00:00,mixed_pdv_loss_holdover,558.4960886569901,0.0,0.0,healthy,safe_default,no anomaly above configured threshold,8.210999999391788e-05,9.525999996640167e-05,True,False,False
2026-08-06T16:16:19.593409+00:00,mixed_pdv_loss_holdover,558.6960886569901,0.0,0.0,healthy,safe_default,no anomaly above configured threshold,7.608700002492697e-05,8.813300007659564e-05,True,False,False
2026-08-06T16:16:19.842625+00:00,mixed_pdv_loss_holdover,558.8960886569902,0.0,0.0,healthy,safe_default,no anomaly above configured threshold,6.775600002129067e-05,7.91989999697762e-05,True,False,False
2026-08-06T16:16:19.987586+00:00,mixed_pdv_loss_holdover,559.0960886569902,0.0,0.0,healthy,safe_default,no anomaly above configured threshold,5.972600001769024e-05,7.02649999766436e-05,True,False,False
2026-08-06T16:16:20.244825+00:00,mixed_pdv_loss_holdover,559.2960886569903,0.0,0.0,healthy,safe_default,no anomaly above configured threshold,0.0003417299999455281,0.00037182900007337594,True,False,False
2026-08-06T16:16:20.367204+00:00,mixed_pdv_loss_holdover,559.4960886569903,0.0,0.0,healthy,safe_default,no anomaly above configured threshold,0.00012039800003549317,0.0001399630000378238,True,False,False
2026-08-06T16:16:20.624057+00:00,mixed_pdv_loss_holdover,559.6960886569904,0.0,0.0,healthy,safe_default,no anomaly above configured threshold,8.136899998589797e-05,9.370999998736806e-05,True,False,False
2026-08-06T16:16:20.898261+00:00,mixed_pdv_loss_holdover,559.8960886569904,0.0,0.0,healthy,safe_default,no anomaly above configured threshold,0.00018661700005395687,0.0002053790000218214,True,False,False
2026-08-06T16:16:21.040045+00:00,mixed_pdv_loss_holdover,560.0960886569904,0.0,0.0,healthy,safe_default,no anomaly above configured threshold,7.281099999545404e-05,8.494500002598215e-05,True,False,False
2026-08-06T16:16:21.417259+00:00,mixed_pdv_loss_holdover,560.4960886569905,0.0,0.0,healthy,safe_default,no anomaly above configured threshold,7.842700006222003e-05,9.096400003727467e-05,True,False,False
2026-08-06T16:16:21.694098+00:00,mixed_pdv_loss_holdover,560.6960886569906,0.0,0.0,healthy,safe_default,no anomaly above configured threshold,0.00010881499997594801,0.00012305600000672712,True,False,False
2026-08-06T16:16:21.831590+00:00,mixed_pdv_loss_holdover,560.8960886569906,0.0,0.0,healthy,safe_default,no anomaly above configured threshold,0.00011001799998666684,0.00012897299995984213,True,False,False
2026-08-06T16:16:22.199358+00:00,mixed_pdv_loss_holdover,561.2960886569907,0.0,0.0,healthy,safe_default,no anomaly above configured threshold,9.714600003007945e-05,0.00011519099996348814,True,False,False
2026-08-06T16:16:22.457937+00:00,mixed_pdv_loss_holdover,561.4960886569908,0.0,0.0,healthy,safe_default,no anomaly above configured threshold,6.980299997394468e-05,8.103000004666683e-05,True,False,False
2026-08-06T16:16:22.603138+00:00,mixed_pdv_loss_holdover,561.6960886569908,0.0,0.0,healthy,safe_default,no anomaly above configured threshold,9.342800001377327e-05,0.00011022099999991042,True,False,False
2026-08-06T16:16:22.878766+00:00,mixed_pdv_loss_holdover,561.8960886569909,0.0,0.0,healthy,safe_default,no anomaly above configured threshold,6.628899996030668e-05,7.751500004360423e-05,True,False,False
2026-08-06T16:16:23.007481+00:00,mixed_pdv_loss_holdover,562.0960886569909,0.0,0.0,healthy,safe_default,no anomaly above configured threshold,9.993699995902716e-05,0.00011818699999821547,True,False,False
2026-08-06T16:16:23.265818+00:00,mixed_pdv_loss_holdover,562.296088656991,0.0,0.0,healthy,safe_default,no anomaly above configured threshold,0.00010657399991487182,0.0001249219999408524,True,False,False
2026-08-06T16:16:23.413501+00:00,mixed_pdv_loss_holdover,562.496088656991,0.0,0.0,healthy,safe_default,no anomaly above configured threshold,8.695700000771467e-05,0.00010179200000948185,True,False,False
2026-08-06T16:16:23.696655+00:00,mixed_pdv_loss_holdover,562.696088656991,0.0,0.0,healthy,safe_default,no anomaly above configured threshold,7.42700000273544e-05,8.598200008691492e-05,True,False,False
2026-08-06T16:16:23.858271+00:00,mixed_pdv_loss_holdover,562.8960886569911,0.0,0.0,healthy,safe_default,no anomaly above configured threshold,0.00010618399994655192,0.00015859200004797458,True,False,False
2026-08-06T16:16:24.227714+00:00,mixed_pdv_loss_holdover,563.2960886569912,0.0,0.0,healthy,safe_default,no anomaly above configured threshold,0.00019874400004482595,0.0002584559999831981,True,False,False
2026-08-06T16:16:24.459976+00:00,mixed_pdv_loss_holdover,563.4960886569912,0.0,0.0,healthy,safe_default,no anomaly above configured threshold,9.893399999327812e-05,0.00011600799996358546,True,False,False
2026-08-06T16:16:24.616163+00:00,mixed_pdv_loss_holdover,563.6960886569913,0.0,0.0,healthy,safe_default,no anomaly above configured threshold,6.751599994458957e-05,7.844399999612506e-05,True,False,False
2026-08-06T16:16:24.855829+00:00,mixed_pdv_loss_holdover,563.8960886569913,0.0,0.0,healthy,safe_default,no anomaly above configured threshold,6.898000003729976e-05,8.205399990401929e-05,True,False,False
2026-08-06T16:16:25.006185+00:00,mixed_pdv_loss_holdover,564.0960886569914,0.0,0.0,healthy,safe_default,no anomaly above configured threshold,6.272000007356837e-05,7.335199995850417e-05,True,False,False
2026-08-06T16:16:25.249406+00:00,mixed_pdv_loss_holdover,564.2960886569914,0.0,0.0,healthy,safe_default,no anomaly above configured threshold,7.267000000865664e-05,8.43739999254467e-05,True,False,False
2026-08-06T16:16:25.408461+00:00,mixed_pdv_loss_holdover,564.4960886569914,0.0,0.0,healthy,safe_default,no anomaly above configured threshold,0.00011558799997146707,0.00013499900001079368,True,False,False
2026-08-06T16:16:25.674578+00:00,mixed_pdv_loss_holdover,564.6960886569915,0.0,0.0,healthy,safe_default,no anomaly above configured threshold,0.00012426900002537877,0.00014738800007307873,True,False,False
2026-08-06T16:16:25.814499+00:00,mixed_pdv_loss_holdover,564.8960886569915,0.0,0.0,healthy,safe_default,no anomaly above configured threshold,9.442100008527632e-05,0.00011149200008730986,True,False,False
2026-08-06T16:16:26.081311+00:00,mixed_pdv_loss_holdover,565.0960886569916,0.0,0.0,healthy,safe_default,no anomaly above configured threshold,0.00010327499990125943,0.0001220970000304078,True,False,False
2026-08-06T16:16:26.227937+00:00,mixed_pdv_loss_holdover,565.2960886569916,0.0,0.0,healthy,safe_default,no anomaly above configured threshold,0.00010922499996013357,0.00012921600000481703,True,False,False
2026-08-06T16:16:26.500769+00:00,mixed_pdv_loss_holdover,565.4960886569917,0.0,0.0,healthy,safe_default,no anomaly above configured threshold,0.0001281899999412417,0.00014661800003068493,True,False,False
2026-08-06T16:16:26.661312+00:00,mixed_pdv_loss_holdover,565.6960886569917,0.0,0.0,healthy,safe_default,no anomaly above configured threshold,0.0001158720000375979,0.0001364030000559069,True,False,False
2026-08-06T16:16:27.022510+00:00,mixed_pdv_loss_holdover,566.0960886569918,0.0,0.0,healthy,safe_default,no anomaly above configured threshold,0.00010904199996275565,0.000129269000012755,True,False,False
2026-08-06T16:16:27.281798+00:00,mixed_pdv_loss_holdover,566.2960886569919,0.0,0.0,healthy,safe_default,no anomaly above configured threshold,7.089199993970396e-05,8.300800004690245e-05,True,False,False
2026-08-06T16:16:27.402683+00:00,mixed_pdv_loss_holdover,566.4960886569919,0.0,0.0,healthy,safe_default,no anomaly above configured threshold,0.00010703899999953137,0.00012626399995951942,True,False,False
2026-08-06T16:16:27.659274+00:00,mixed_pdv_loss_holdover,566.696088656992,0.0,0.0,healthy,safe_default,no anomaly above configured threshold,8.971700003712613e-05,0.00010623800005760131,True,False,False
2026-08-06T16:16:27.805534+00:00,mixed_pdv_loss_holdover,566.896088656992,0.0,0.0,healthy,safe_default,no anomaly above configured threshold,7.199300000593212e-05,8.310800001254393e-05,True,False,False
2026-08-06T16:16:28.096006+00:00,mixed_pdv_loss_holdover,567.096088656992,0.0,0.0,healthy,safe_default,no anomaly above configured threshold,0.00010171600001740444,0.00011903500001153589,True,False,False
2026-08-06T16:16:28.265314+00:00,mixed_pdv_loss_holdover,567.2960886569921,0.0,0.0,healthy,safe_default,no anomaly above configured threshold,0.00011943599997721321,0.0001391590000139331,True,False,False
2026-08-06T16:16:28.677294+00:00,mixed_pdv_loss_holdover,567.6960886569922,0.0,0.0,healthy,safe_default,no anomaly above configured threshold,0.00011022599994703342,0.00012904699997307034,True,False,False
2026-08-06T16:16:28.811226+00:00,mixed_pdv_loss_holdover,567.8960886569922,0.0,0.0,healthy,safe_default,no anomaly above configured threshold,0.00012293999998291838,0.00014426500001718523,True,False,False
2026-08-06T16:16:29.104123+00:00,mixed_pdv_loss_holdover,568.0960886569923,0.0,0.0,healthy,safe_default,no anomaly above configured threshold,0.000114714999995158,0.0001354349999473925,True,False,False
2026-08-06T16:16:29.252665+00:00,mixed_pdv_loss_holdover,568.2960886569923,0.0,0.0,healthy,safe_default,no anomaly above configured threshold,0.0007248210000625477,0.000757853999971303,True,False,False
2026-08-06T16:16:29.498806+00:00,mixed_pdv_loss_holdover,568.4960886569924,0.0,0.0,healthy,safe_default,no anomaly above configured threshold,0.00012021899999581365,0.00014064000004054833,True,False,False
2026-08-06T16:16:29.657606+00:00,mixed_pdv_loss_holdover,568.6960886569924,0.0,0.0,healthy,safe_default,no anomaly above configured threshold,0.00011711699994521041,0.0001373369999555507,True,False,False
2026-08-06T16:16:30.018588+00:00,mixed_pdv_loss_holdover,569.0960886569925,0.0,0.0,healthy,safe_default,no anomaly above configured threshold,6.905999998707557e-05,8.036999997784733e-05,True,False,False
2026-08-06T16:16:30.281174+00:00,mixed_pdv_loss_holdover,569.2960886569925,0.0,0.0,healthy,safe_default,no anomaly above configured threshold,0.00010058800000933843,0.0001182029999426959,True,False,False
2026-08-06T16:16:30.413168+00:00,mixed_pdv_loss_holdover,569.4960886569926,0.0,0.0,healthy,safe_default,no anomaly above configured threshold,7.976899996720022e-05,9.338100005606975e-05,True,False,False
2026-08-06T16:16:30.696663+00:00,mixed_pdv_loss_holdover,569.6960886569926,0.0,0.0,healthy,safe_default,no anomaly above configured threshold,0.00011374300004263205,0.00013301399997089902,True,False,False
2026-08-06T16:16:30.824839+00:00,mixed_pdv_loss_holdover,569.8960886569927,0.0,0.0,healthy,safe_default,no anomaly above configured threshold,0.00011016600001312327,0.00012864300003911922,True,False,False
2026-08-06T16:16:31.211518+00:00,mixed_pdv_loss_holdover,570.2960886569928,0.0,0.0,healthy,safe_default,no anomaly above configured threshold,0.00011213999994197366,0.00013140999999450287,True,False,False
2026-08-06T16:16:31.483264+00:00,mixed_pdv_loss_holdover,570.4960886569928,0.0,0.0,healthy,safe_default,no anomaly above configured threshold,0.00016081100000064907,0.00018077499998980784,True,False,False
2026-08-06T16:16:31.623537+00:00,mixed_pdv_loss_holdover,570.6960886569929,0.0,0.0,healthy,safe_default,no anomaly above configured threshold,0.00012237099997491896,0.00014462000001458364,True,False,False
2026-08-06T16:16:31.867447+00:00,mixed_pdv_loss_holdover,570.8960886569929,0.0,0.0,healthy,safe_default,no anomaly above configured threshold,0.00011641100002179883,0.0001359800000955147,True,False,False
2026-08-06T16:16:32.015749+00:00,mixed_pdv_loss_holdover,571.096088656993,0.0,0.0,healthy,safe_default,no anomaly above configured threshold,0.00015791500004525005,0.00017817599996305944,True,False,False
2026-08-06T16:16:32.296713+00:00,mixed_pdv_loss_holdover,571.296088656993,0.0,0.0,healthy,safe_default,no anomaly above configured threshold,0.00013030399998115172,0.00014559999999619322,True,False,False
2026-08-06T16:16:32.439620+00:00,mixed_pdv_loss_holdover,571.496088656993,0.0,0.0,healthy,safe_default,no anomaly above configured threshold,0.000106270000060249,0.0001242470000306639,True,False,False
2026-08-06T16:16:32.689332+00:00,mixed_pdv_loss_holdover,571.6960886569931,0.0,0.0,healthy,safe_default,no anomaly above configured threshold,0.00013755600002696156,0.00015652499996576807,True,False,False
2026-08-06T16:16:32.843704+00:00,mixed_pdv_loss_holdover,571.8960886569931,0.0,0.0,healthy,safe_default,no anomaly above configured threshold,7.885800005169585e-05,9.206699996866519e-05,True,False,False
2026-08-06T16:16:33.211208+00:00,mixed_pdv_loss_holdover,572.2960886569932,0.0,0.0,healthy,safe_default,no anomaly above configured threshold,0.00018509400001676113,0.00030569499995181104,True,False,False
2026-08-06T16:16:33.441801+00:00,mixed_pdv_loss_holdover,572.4960886569933,0.0,0.0,healthy,safe_default,no anomaly above configured threshold,0.00010372799999913696,0.00012080800001967873,True,False,False
2026-08-06T16:16:33.602639+00:00,mixed_pdv_loss_holdover,572.6960886569933,0.0,0.0,healthy,safe_default,no anomaly above configured threshold,0.00014730899999904068,0.00017329299998891656,True,False,False
2026-08-06T16:16:33.865542+00:00,mixed_pdv_loss_holdover,572.8960886569934,0.0,0.0,healthy,safe_default,no anomaly above configured threshold,9.906899992984108e-05,0.00011863399993217172,True,False,False
2026-08-06T16:16:34.002436+00:00,mixed_pdv_loss_holdover,573.0960886569934,0.0,0.0,healthy,safe_default,no anomaly above configured threshold,0.0001416160000644595,0.0001634579999745256,True,False,False
2026-08-06T16:16:34.291659+00:00,mixed_pdv_loss_holdover,573.2960886569934,0.0,0.0,healthy,safe_default,no anomaly above configured threshold,0.00011843499999031337,0.0001380019999714932,True,False,False
2026-08-06T16:16:34.447272+00:00,mixed_pdv_loss_holdover,573.4960886569935,0.0,0.0,healthy,safe_default,no anomaly above configured threshold,0.00010926900006325013,0.00012440800003332697,True,False,False
2026-08-06T16:16:34.894283+00:00,mixed_pdv_loss_holdover,573.8960886569936,0.0,0.0,healthy,safe_default,no anomaly above configured threshold,0.00018238899997413682,0.00020278000010875985,True,False,False
2026-08-06T16:16:35.033580+00:00,mixed_pdv_loss_holdover,574.0960886569936,0.0,0.0,healthy,safe_default,no anomaly above configured threshold,0.00011800000004313915,0.00013737599999785743,True,False,False
2026-08-06T16:16:35.298133+00:00,mixed_pdv_loss_holdover,574.2960886569937,0.0,0.0,healthy,safe_default,no anomaly above configured threshold,0.00018002500007696653,0.00020637099999021302,True,False,False
2026-08-06T16:16:35.471896+00:00,mixed_pdv_loss_holdover,574.4960886569937,0.0,0.0,healthy,safe_default,no anomaly above configured threshold,9.995699997489282e-05,0.00011707800001659052,True,False,False
2026-08-06T16:16:35.866377+00:00,mixed_pdv_loss_holdover,574.8960886569938,0.0,0.0,healthy,safe_default,no anomaly above configured threshold,0.00015511200001583347,0.00017582099997071055,True,False,False
2026-08-06T16:16:35.993356+00:00,mixed_pdv_loss_holdover,575.0960886569939,0.0,0.0,healthy,safe_default,no anomaly above configured threshold,8.662900006584096e-05,0.00010026400002516311,True,False,False
2026-08-06T16:16:36.255842+00:00,mixed_pdv_loss_holdover,575.2960886569939,0.0,0.0,healthy,safe_default,no anomaly above configured threshold,0.00011814200001936115,0.0001377480000428477,True,False,False
2026-08-06T16:16:36.431131+00:00,mixed_pdv_loss_holdover,575.496088656994,0.0,0.0,healthy,safe_default,no anomaly above configured threshold,0.00011987899995347107,0.00014029999999820575,True,False,False
2026-08-06T16:16:36.734830+00:00,mixed_pdv_loss_holdover,575.696088656994,0.0,0.0,healthy,safe_default,no anomaly above configured threshold,0.00011466999990261684,0.00013458199998694909,True,False,False
2026-08-06T16:16:36.909852+00:00,mixed_pdv_loss_holdover,575.896088656994,0.0,0.0,healthy,safe_default,no anomaly above configured threshold,0.00011130100006084831,0.00013060000003406458,True,False,False
2026-08-06T16:16:37.433767+00:00,mixed_pdv_loss_holdover,576.4960886569942,0.0,0.0,healthy,safe_default,no anomaly above configured threshold,0.00015558100005819142,0.0001759310000579717,True,False,False
2026-08-06T16:16:37.710637+00:00,mixed_pdv_loss_holdover,576.6960886569942,0.0,0.0,healthy,safe_default,no anomaly above configured threshold,0.00010775700002341182,0.00012454599993816373,True,False,False
2026-08-06T16:16:37.861203+00:00,mixed_pdv_loss_holdover,576.8960886569943,0.0,0.0,healthy,safe_default,no anomaly above configured threshold,0.0002545129999589335,0.00028311200003372505,True,False,False
2026-08-06T16:16:38.261954+00:00,mixed_pdv_loss_holdover,577.2960886569944,0.0,0.0,healthy,safe_default,no anomaly above configured threshold,0.00012743100000989216,0.000148481999985961,True,False,False
2026-08-06T16:16:38.404118+00:00,mixed_pdv_loss_holdover,577.4960886569944,0.0,0.0,healthy,safe_default,no anomaly above configured threshold,0.00011373699999239761,0.00013356199997360818,True,False,False
2026-08-06T16:16:38.672114+00:00,mixed_pdv_loss_holdover,577.6960886569944,0.0,0.0,healthy,safe_default,no anomaly above configured threshold,7.643900005405158e-05,8.970099997895886e-05,True,False,False
2026-08-06T16:16:38.802239+00:00,mixed_pdv_loss_holdover,577.8960886569945,0.0,0.0,healthy,safe_default,no anomaly above configured threshold,0.00011906200006706058,0.0001397150000457259,True,False,False
2026-08-06T16:16:39.090116+00:00,mixed_pdv_loss_holdover,578.0960886569945,0.0,0.0,healthy,safe_default,no anomaly above configured threshold,0.00011581199999000091,0.00013721699997404357,True,False,False
2026-08-06T16:16:39.236620+00:00,mixed_pdv_loss_holdover,578.2960886569946,0.0,0.0,healthy,safe_default,no anomaly above configured threshold,9.622400000353082e-05,0.00011015699999461503,True,False,False
2026-08-06T16:16:39.605969+00:00,mixed_pdv_loss_holdover,578.6960886569947,0.0,0.0,healthy,safe_default,no anomaly above configured threshold,0.00012277899998025532,0.00014297300003818236,True,False,False
2026-08-06T16:16:39.915534+00:00,mixed_pdv_loss_holdover,578.8960886569947,0.0,0.0,healthy,safe_default,no anomaly above configured threshold,0.0002427289999786808,0.0003095710000025065,True,False,False
2026-08-06T16:16:40.061341+00:00,mixed_pdv_loss_holdover,579.0960886569948,0.0,0.0,healthy,safe_default,no anomaly above configured threshold,0.0005449469999803114,0.0005701290000388326,True,False,False
2026-08-06T16:16:40.469882+00:00,mixed_pdv_loss_holdover,579.4960886569949,0.0,0.0,healthy,safe_default,no anomaly above configured threshold,0.0001171479999584335,0.00013830099999267986,True,False,False
2026-08-06T16:16:40.591745+00:00,mixed_pdv_loss_holdover,579.6960886569949,0.0,0.0,healthy,safe_default,no anomaly above configured threshold,0.00010778099999697588,0.0001278250000495973,True,False,False
2026-08-06T16:16:40.876503+00:00,mixed_pdv_loss_holdover,579.896088656995,0.0,0.0,healthy,safe_default,no anomaly above configured threshold,0.00010183800009144761,0.00012097699993773858,True,False,False
2026-08-06T16:16:41.026800+00:00,mixed_pdv_loss_holdover,580.096088656995,0.0,0.0,healthy,safe_default,no anomaly above configured threshold,0.00011358799997651658,0.00013248499999463093,True,False,False
2026-08-06T16:16:41.282132+00:00,mixed_pdv_loss_holdover,580.296088656995,0.0,0.0,healthy,safe_default,no anomaly above configured threshold,0.00035021099995447,0.0003748390000737345,True,False,False
2026-08-06T16:16:41.441964+00:00,mixed_pdv_loss_holdover,580.4960886569951,0.0,0.0,healthy,safe_default,no anomaly above configured threshold,0.00025733100005709275,0.00028205900002831186,True,False,False
2026-08-06T16:16:41.733230+00:00,mixed_pdv_loss_holdover,580.6960886569951,0.0,0.0,healthy,safe_default,no anomaly above configured threshold,0.00010785699998905329,0.00012786100000994338,True,False,False
2026-08-06T16:16:41.858605+00:00,mixed_pdv_loss_holdover,580.8960886569952,0.0,0.0,healthy,safe_default,no anomaly above configured threshold,0.00010554599998613412,0.00012424299995927868,True,False,False
2026-08-06T16:16:42.208666+00:00,mixed_pdv_loss_holdover,581.2960886569953,0.0,0.0,healthy,safe_default,no anomaly above configured threshold,9.28119999343835e-05,0.00010886600000503677,True,False,False
2026-08-06T16:16:42.451639+00:00,mixed_pdv_loss_holdover,581.4960886569953,0.0,0.0,healthy,safe_default,no anomaly above configured threshold,0.0001087650000499707,0.00012762800008658814,True,False,False
2026-08-06T16:16:42.605944+00:00,mixed_pdv_loss_holdover,581.6960886569954,0.0,0.0,healthy,safe_default,no anomaly above configured threshold,7.073699998727534e-05,8.21760000917493e-05,True,False,False
2026-08-06T16:16:42.896140+00:00,mixed_pdv_loss_holdover,581.8960886569954,0.0,0.0,healthy,safe_default,no anomaly above configured threshold,0.00011167499997100094,0.00013083900000765425,True,False,False
2026-08-06T16:16:43.040311+00:00,mixed_pdv_loss_holdover,582.0960886569954,0.0,0.0,healthy,safe_default,no anomaly above configured threshold,0.00012982900000224618,0.0001499629998988894,True,False,False
2026-08-06T16:16:43.331638+00:00,mixed_pdv_loss_holdover,582.2960886569955,0.0,0.0,healthy,safe_default,no anomaly above configured threshold,0.00012031200003548292,0.00014034699995590927,True,False,False
2026-08-06T16:16:43.496824+00:00,mixed_pdv_loss_holdover,582.4960886569955,0.0,0.0,healthy,safe_default,no anomaly above configured threshold,0.00016749499991419725,0.00018853099993521027,True,False,False
2026-08-06T16:16:43.904322+00:00,mixed_pdv_loss_holdover,582.8960886569956,0.0,0.0,healthy,safe_default,no anomaly above configured threshold,0.00011931000005915848,0.00014204900003278453,True,False,False
2026-08-06T16:16:44.040014+00:00,mixed_pdv_loss_holdover,583.0960886569957,0.0,0.0,healthy,safe_default,no anomaly above configured threshold,0.0029804649999505273,0.0035255590000815573,True,False,False
2026-08-06T16:16:44.298785+00:00,mixed_pdv_loss_holdover,583.2960886569957,0.0,0.0,healthy,safe_default,no anomaly above configured threshold,0.00013804899992919673,0.00016546000006201211,True,False,False
2026-08-06T16:16:44.452237+00:00,mixed_pdv_loss_holdover,583.4960886569958,0.0,0.0,healthy,safe_default,no anomaly above configured threshold,0.00011053900004753814,0.0001307470000710964,True,False,False
2026-08-06T16:16:44.824843+00:00,mixed_pdv_loss_holdover,583.8960886569959,0.0,0.0,healthy,safe_default,no anomaly above configured threshold,0.00011614100003498606,0.00013704900004540832,True,False,False
2026-08-06T16:16:45.144155+00:00,mixed_pdv_loss_holdover,584.0960886569959,0.0,0.0,healthy,safe_default,no anomaly above configured threshold,8.008200006770494e-05,9.339599989743874e-05,True,False,False
2026-08-06T16:16:45.297810+00:00,mixed_pdv_loss_holdover,584.296088656996,0.0,0.0,healthy,safe_default,no anomaly above configured threshold,8.472199999687291e-05,9.83389999191786e-05,True,False,False
2026-08-06T16:16:45.669163+00:00,mixed_pdv_loss_holdover,584.696088656996,0.0,0.0,healthy,safe_default,no anomaly above configured threshold,0.00018840600000658014,0.00020877999997992447,True,False,False
2026-08-06T16:16:45.791369+00:00,mixed_pdv_loss_holdover,584.8960886569961,0.0,0.0,healthy,safe_default,no anomaly above configured threshold,7.443399999829126e-05,8.633600009488873e-05,True,False,False
2026-08-06T16:16:46.042291+00:00,mixed_pdv_loss_holdover,585.0960886569961,0.0,0.0,healthy,safe_default,no anomaly above configured threshold,8.614400007900258e-05,9.99459999775354e-05,True,False,False
2026-08-06T16:16:46.178388+00:00,mixed_pdv_loss_holdover,585.2960886569962,0.0,0.0,healthy,safe_default,no anomaly above configured threshold,0.00010538699996232026,0.00012462999995932478,True,False,False
2026-08-06T16:16:46.463794+00:00,mixed_pdv_loss_holdover,585.4960886569962,0.0,0.0,healthy,safe_default,no anomaly above configured threshold,0.00012150700001711812,0.00014044800002466218,True,False,False
2026-08-06T16:16:46.609286+00:00,mixed_pdv_loss_holdover,585.6960886569963,0.0,0.0,healthy,safe_default,no anomaly above configured threshold,7.732699998541648e-05,8.991499998955987e-05,True,False,False
2026-08-06T16:16:46.871889+00:00,mixed_pdv_loss_holdover,585.8960886569963,0.0,0.0,healthy,safe_default,no anomaly above configured threshold,0.00010310300001492578,0.00012088599999060534,True,False,False
2026-08-06T16:16:47.009339+00:00,mixed_pdv_loss_holdover,586.0960886569964,0.0,0.0,healthy,safe_default,no anomaly above configured threshold,8.114700005990017e-05,9.33240000904334e-05,True,False,False
2026-08-06T16:16:47.257880+00:00,mixed_pdv_loss_holdover,586.2960886569964,0.0,0.0,healthy,safe_default,no anomaly above configured threshold,0.00010540100004163833,0.0001235670000596656,True,False,False
2026-08-06T16:16:47.378091+00:00,mixed_pdv_loss_holdover,586.4960886569964,0.0,0.0,healthy,safe_default,no anomaly above configured threshold,7.565700002487574e-05,8.793400002105045e-05,True,False,False
2026-08-06T16:16:47.650880+00:00,mixed_pdv_loss_holdover,586.6960886569965,0.0,0.0,healthy,safe_default,no anomaly above configured threshold,6.647500003964524e-05,7.805300003838056e-05,True,False,False
2026-08-06T16:16:47.796149+00:00,mixed_pdv_loss_holdover,586.8960886569965,0.0,0.0,healthy,safe_default,no anomaly above configured threshold,0.00010749699993084505,0.00012466499993024627,True,False,False
2026-08-06T16:16:48.038986+00:00,mixed_pdv_loss_holdover,587.0960886569966,0.0,0.0,healthy,safe_default,no anomaly above configured threshold,6.651900002907496e-05,7.898600006228662e-05,True,False,False
2026-08-06T16:16:48.199570+00:00,mixed_pdv_loss_holdover,587.2960886569966,0.0,0.0,healthy,safe_default,no anomaly above configured threshold,0.00010272100007568952,0.00012166999999863037,True,False,False
2026-08-06T16:16:48.477796+00:00,mixed_pdv_loss_holdover,587.4960886569967,0.0,0.0,healthy,safe_default,no anomaly above configured threshold,0.00012496099998315913,0.00014430800001719035,True,False,False
2026-08-06T16:16:48.644921+00:00,mixed_pdv_loss_holdover,587.6960886569967,0.0,0.0,healthy,safe_default,no anomaly above configured threshold,0.00011478900000838621,0.00013413600004241744,True,False,False
2026-08-06T16:16:49.036302+00:00,mixed_pdv_loss_holdover,588.0960886569968,0.0,0.0,healthy,safe_default,no anomaly above configured threshold,0.0001229770000463759,0.00014370600001711864,True,False,False
2026-08-06T16:16:49.289066+00:00,mixed_pdv_loss_holdover,588.2960886569969,0.0,0.0,healthy,safe_default,no anomaly above configured threshold,0.00018745600004876906,0.00021456299998590111,True,False,False
2026-08-06T16:16:49.407481+00:00,mixed_pdv_loss_holdover,588.4960886569969,0.0,0.0,healthy,safe_default,no anomaly above configured threshold,7.165400006670097e-05,8.341300008396502e-05,True,False,False
2026-08-06T16:16:49.675938+00:00,mixed_pdv_loss_holdover,588.696088656997,0.0,0.0,healthy,safe_default,no anomaly above configured threshold,7.364700002199243e-05,8.50079999281661e-05,True,False,False
2026-08-06T16:16:49.825840+00:00,mixed_pdv_loss_holdover,588.896088656997,0.0,0.0,healthy,safe_default,no anomaly above configured threshold,9.00910000609656e-05,0.00010464100000717735,True,False,False
2026-08-06T16:16:50.069340+00:00,mixed_pdv_loss_holdover,589.096088656997,0.0,0.0,healthy,safe_default,no anomaly above configured threshold,7.360099994002667e-05,8.604999993622187e-05,True,False,False
2026-08-06T16:16:50.213689+00:00,mixed_pdv_loss_holdover,589.2960886569971,0.0,0.0,healthy,safe_default,no anomaly above configured threshold,6.125000004431058e-05,7.230599999275e-05,True,False,False
2026-08-06T16:16:50.470065+00:00,mixed_pdv_loss_holdover,589.4960886569971,0.0,0.0,healthy,safe_default,no anomaly above configured threshold,6.503600002361054e-05,7.469600006970722e-05,True,False,False
2026-08-06T16:16:50.609883+00:00,mixed_pdv_loss_holdover,589.6960886569972,0.0,0.0,healthy,safe_default,no anomaly above configured threshold,6.792299996050133e-05,7.957599996188947e-05,True,False,False
2026-08-06T16:16:50.874540+00:00,mixed_pdv_loss_holdover,589.8960886569972,0.0,0.0,healthy,safe_default,no anomaly above configured threshold,0.00011941399998249835,0.00013843699991866742,True,False,False
2026-08-06T16:16:51.021246+00:00,mixed_pdv_loss_holdover,590.0960886569973,0.0,0.0,healthy,safe_default,no anomaly above configured threshold,0.00010371999997005332,0.00012133799998537143,True,False,False
2026-08-06T16:16:51.430197+00:00,mixed_pdv_loss_holdover,590.4960886569974,0.0,0.0,healthy,safe_default,no anomaly above configured threshold,0.00013467700000546756,0.00015229600001021026,True,False,False
2026-08-06T16:16:51.683801+00:00,mixed_pdv_loss_holdover,590.6960886569974,0.0,0.0,healthy,safe_default,no anomaly above configured threshold,0.00010143099996184901,0.00011775500001931505,True,False,False
2026-08-06T16:16:51.845651+00:00,mixed_pdv_loss_holdover,590.8960886569974,0.0,0.0,healthy,safe_default,no anomaly above configured threshold,8.649900007640099e-05,0.0001046160000441887,True,False,False
2026-08-06T16:16:52.206238+00:00,mixed_pdv_loss_holdover,591.2960886569975,0.0,0.0,healthy,safe_default,no anomaly above configured threshold,7.332500001666631e-05,8.5662000060438e-05,True,False,False
2026-08-06T16:16:52.483139+00:00,mixed_pdv_loss_holdover,591.4960886569976,0.0,0.0,healthy,safe_default,no anomaly above configured threshold,7.292700001926278e-05,8.576200002607948e-05,True,False,False
2026-08-06T16:16:52.605382+00:00,mixed_pdv_loss_holdover,591.6960886569976,0.0,0.0,healthy,safe_default,no anomaly above configured threshold,6.606300007661048e-05,7.86980000384574e-05,True,False,False
2026-08-06T16:16:52.837416+00:00,mixed_pdv_loss_holdover,591.8960886569977,0.0,0.0,healthy,safe_default,no anomaly above configured threshold,6.277900001805392e-05,7.332500001666631e-05,True,False,False
2026-08-06T16:16:52.960092+00:00,mixed_pdv_loss_holdover,592.0960886569977,0.0,0.0,healthy,safe_default,no anomaly above configured threshold,6.367499997850246e-05,7.521500003804249e-05,True,False,False
2026-08-06T16:16:53.206613+00:00,mixed_pdv_loss_holdover,592.2960886569978,0.0,0.0,healthy,safe_default,no anomaly above configured threshold,0.00011943800006974925,0.00013833399998475215,True,False,False
2026-08-06T16:16:53.493351+00:00,mixed_pdv_loss_holdover,592.4960886569978,0.0,0.0,healthy,safe_default,no anomaly above configured threshold,0.00011506299995289737,0.00013445499996578292,True,False,False
2026-08-06T16:16:53.623026+00:00,mixed_pdv_loss_holdover,592.6960886569979,0.0,0.0,healthy,safe_default,no anomaly above configured threshold,0.00011734999998225248,0.00020486500000060914,True,False,False
2026-08-06T16:16:53.908591+00:00,mixed_pdv_loss_holdover,592.8960886569979,0.0,0.0,healthy,safe_default,no anomaly above configured threshold,0.00011287400002402137,0.00029665600004591397,True,False,False
2026-08-06T16:16:54.036848+00:00,mixed_pdv_loss_holdover,593.096088656998,0.0,0.0,healthy,safe_default,no anomaly above configured threshold,9.543600003780739e-05,0.00011263399994732026,True,False,False
2026-08-06T16:16:54.463816+00:00,mixed_pdv_loss_holdover,593.496088656998,0.0,0.0,healthy,safe_default,no anomaly above configured threshold,0.00014176500008034054,0.00016372200002479076,True,False,False
2026-08-06T16:16:54.606214+00:00,mixed_pdv_loss_holdover,593.6960886569981,0.0,0.0,healthy,safe_default,no anomaly above configured threshold,0.00011373199993158778,0.0001327510000237453,True,False,False
2026-08-06T16:16:54.869442+00:00,mixed_pdv_loss_holdover,593.8960886569981,0.0,0.0,healthy,safe_default,no anomaly above configured threshold,0.00010270100005982385,0.00012038900001698494,True,False,False
2026-08-06T16:16:55.033575+00:00,mixed_pdv_loss_holdover,594.0960886569982,0.0,0.0,healthy,safe_default,no anomaly above configured threshold,0.00010865499996270955,0.00012567099997795594,True,False,False
2026-08-06T16:16:55.397288+00:00,mixed_pdv_loss_holdover,594.4960886569983,0.0,0.0,healthy,safe_default,no anomaly above configured threshold,7.462300004590361e-05,8.793200004220125e-05,True,False,False
2026-08-06T16:16:55.669984+00:00,mixed_pdv_loss_holdover,594.6960886569983,0.0,0.0,healthy,safe_default,no anomaly above configured threshold,0.00010247600005186541,0.00012044300001434749,True,False,False
2026-08-06T16:16:55.818563+00:00,mixed_pdv_loss_holdover,594.8960886569984,0.0,0.0,healthy,safe_default,no anomaly above configured threshold,8.99279999657665e-05,0.00010523299999931623,True,False,False
2026-08-06T16:16:56.077210+00:00,mixed_pdv_loss_holdover,595.0960886569984,0.0,0.0,healthy,safe_default,no anomaly above configured threshold,7.203500001651264e-05,8.419900007083925e-05,True,False,False
2026-08-06T16:16:56.239449+00:00,mixed_pdv_loss_holdover,595.2960886569984,0.0,0.0,healthy,safe_default,no anomaly above configured threshold,7.30799999928422e-05,8.505400001013186e-05,True,False,False
2026-08-06T16:16:56.636535+00:00,mixed_pdv_loss_holdover,595.6960886569985,0.0,0.0,healthy,safe_default,no anomaly above configured threshold,9.066099994470278e-05,0.00010957300003155979,True,False,False
2026-08-06T16:16:56.788343+00:00,mixed_pdv_loss_holdover,595.8960886569986,0.0,0.0,healthy,safe_default,no anomaly above configured threshold,7.954299996981717e-05,9.180200004266226e-05,True,False,False
2026-08-06T16:16:57.063898+00:00,mixed_pdv_loss_holdover,596.0960886569986,0.0,0.0,healthy,safe_default,no anomaly above configured threshold,0.00026075100004163687,0.00028208800006268575,True,False,False
2026-08-06T16:16:57.202138+00:00,mixed_pdv_loss_holdover,596.2960886569987,0.0,0.0,healthy,safe_default,no anomaly above configured threshold,0.0001460529999803839,0.00016047700000854093,True,False,False
2026-08-06T16:16:57.449866+00:00,mixed_pdv_loss_holdover,596.4960886569987,0.0,0.0,healthy,safe_default,no anomaly above configured threshold,7.512999991377001e-05,8.755100009238959e-05,True,False,False
2026-08-06T16:16:57.572272+00:00,mixed_pdv_loss_holdover,596.6960886569988,0.0,0.0,healthy,safe_default,no anomaly above configured threshold,6.741699996837269e-05,7.963799998833565e-05,True,False,False
2026-08-06T16:16:57.833693+00:00,mixed_pdv_loss_holdover,596.8960886569988,0.0,0.0,healthy,safe_default,no anomaly above configured threshold,7.482899991373415e-05,8.675000003677269e-05,True,False,False
2026-08-06T16:16:57.976678+00:00,mixed_pdv_loss_holdover,597.0960886569989,0.0,0.0,healthy,safe_default,no anomaly above configured threshold,0.00015045999998619664,0.0001664879999907498,True,False,False
2026-08-06T16:16:58.262106+00:00,mixed_pdv_loss_holdover,597.2960886569989,0.0,0.0,healthy,safe_default,no anomaly above configured threshold,0.00010475800002041069,0.0001237870000068142,True,False,False
2026-08-06T16:16:58.418296+00:00,mixed_pdv_loss_holdover,597.496088656999,0.0,0.0,healthy,safe_default,no anomaly above configured threshold,7.932000005439477e-05,9.293999994497426e-05,True,False,False
2026-08-06T16:16:58.678154+00:00,mixed_pdv_loss_holdover,597.696088656999,0.0,0.0,healthy,safe_default,no anomaly above configured threshold,0.0008085220000566551,0.0008456790000082037,True,False,False
2026-08-06T16:16:58.829853+00:00,mixed_pdv_loss_holdover,597.896088656999,0.0,0.0,healthy,safe_default,no anomaly above configured threshold,0.00010706199998367083,0.00012599000001500826,True,False,False
2026-08-06T16:16:59.144475+00:00,mixed_pdv_loss_holdover,598.0960886569991,0.0,0.0,healthy,safe_default,no anomaly above configured threshold,0.00013077299990982283,0.00015120000000479195,True,False,False
2026-08-06T16:16:59.281194+00:00,mixed_pdv_loss_holdover,598.2960886569991,0.0,0.0,healthy,safe_default,no anomaly above configured threshold,0.00011665500005619833,0.00013678099992375792,True,False,False
2026-08-06T16:16:59.648206+00:00,mixed_pdv_loss_holdover,598.6960886569992,0.0,0.0,healthy,safe_default,no anomaly above configured threshold,0.0001225629999908051,0.0001436900000726382,True,False,False
2026-08-06T16:16:59.798672+00:00,mixed_pdv_loss_holdover,598.8960886569993,0.0,0.0,healthy,safe_default,no anomaly above configured threshold,0.0001030360000413566,0.00012216099992201634,True,False,False
2026-08-06T16:17:00.103530+00:00,mixed_pdv_loss_holdover,599.0960886569993,0.0,0.0,healthy,safe_default,no anomaly above configured threshold,0.00011843699996916257,0.00013846000001649372,True,False,False
2026-08-06T16:17:00.226494+00:00,mixed_pdv_loss_holdover,599.2960886569994,0.0,0.0,healthy,safe_default,no anomaly above configured threshold,0.00012434299992492015,0.0001465700000835568,True,False,False
2026-08-06T16:17:00.544881+00:00,mixed_pdv_loss_holdover,599.4960886569994,0.0,0.0,healthy,safe_default,no anomaly above configured threshold,0.0001112280000370447,0.00013125100008437585,True,False,False
