t_s,scenario,offset_ns,measured_offset_ns,path_delay_ns,pdv_ns,freq_error_ppb,oscillator_holdover_nominal_ppb,oscillator_holdover_tolerance_ppb,oscillator_disciplined_tolerance_ppb,gnss_reference_ns,ptp_reference_ns,peer_reference_ns,source_agreement_tolerance_ns,synce_ql,ptp_seq_id,ptp_msg_type,msg_rate_hz,grandmaster_identity,grandmaster_priority1,grandmaster_clock_class,grandmaster_clock_accuracy,offset_scaled_log_variance,grandmaster_priority2,steps_removed,time_source,gnss_sync_status,satellites_tracked,gnss_available,holdover,attack_flag,fault_flag,run_id,label
0.07580869999999962,mixed_pdv_loss_holdover,1225.0,1225.0,2725.0,0.0,0.0,6.0,2.0,1.5,0.0,0.0,0.0,20.0,4,1,Sync,0.0,c29a38.fffe.b34e68,128,248,254,65535,128,1,160,BOOTING,-1,False,False,False,False,0,healthy
0.19878960000000134,mixed_pdv_loss_holdover,1875.0,1875.0,2725.0,0.0,5285.373582401746,6.0,2.0,1.5,0.0,0.0,0.0,20.0,4,2,Sync,16.262687945851525,c29a38.fffe.b34e68,128,248,254,65535,128,1,160,BOOTING,-1,False,False,False,False,0,healthy
0.3144153000000003,mixed_pdv_loss_holdover,5475.0,5475.0,2725.0,0.0,31134.946642485476,6.0,2.0,1.5,0.0,0.0,0.0,20.0,4,3,Sync,25.945788868737896,c29a38.fffe.b34e68,128,248,254,65535,128,1,160,BOOTING,-1,False,False,False,False,0,healthy
0.42941760000000073,mixed_pdv_loss_holdover,875.0,875.0,2725.0,0.0,-39999.20001599952,6.0,2.0,1.5,0.0,0.0,0.0,20.0,4,4,Sync,26.086434793043168,c29a38.fffe.b34e68,128,248,254,65535,128,1,160,BOOTING,-1,False,False,False,False,0,healthy
0.5450026000000001,mixed_pdv_loss_holdover,900.0,900.0,2700.0,-25.0,216.2910412250736,6.0,2.0,1.5,0.0,0.0,0.0,20.0,4,5,Delay_Resp,34.60656659601178,c29a38.fffe.b34e68,128,248,254,65535,128,1,160,BOOTING,-1,False,False,False,False,0,healthy
0.6606448,mixed_pdv_loss_holdover,1200.0,1200.0,2700.0,-25.0,2594.2086885237413,6.0,2.0,1.5,0.0,0.0,0.0,20.0,4,6,Sync,25.942086885237416,c29a38.fffe.b34e68,128,248,254,65535,128,1,160,BOOTING,-1,False,False,False,False,0,healthy
0.8815974000000004,mixed_pdv_loss_holdover,500.0,500.0,2700.0,-25.0,-3168.1003074867585,6.0,2.0,1.5,0.0,0.0,0.0,20.0,4,7,Sync,27.155145492743646,c29a38.fffe.b34e68,128,248,254,65535,128,1,160,BOOTING,-1,False,False,False,False,0,healthy
1.004846999999998,mixed_pdv_loss_holdover,1700.0,1700.0,2700.0,-12.5,9736.339915099303,6.0,2.0,1.5,0.0,0.0,0.0,20.0,4,8,Delay_Resp,32.45446638366435,c29a38.fffe.b34e68,128,248,254,65535,128,1,160,BOOTING,-1,False,False,False,False,0,healthy
1.2436170000000004,mixed_pdv_loss_holdover,1450.0,1450.0,2750.0,25.0,-1047.0327093018282,6.0,2.0,1.5,0.0,0.0,0.0,20.0,4,9,Delay_Resp,29.31691586045119,c29a38.fffe.b34e68,128,248,254,65535,128,1,160,BOOTING,-1,False,False,False,False,0,healthy
1.3604385000000008,mixed_pdv_loss_holdover,1050.0,1050.0,2750.0,25.0,-3424.0272552569413,6.0,2.0,1.5,0.0,0.0,0.0,20.0,4,10,Sync,17.120136276284708,c29a38.fffe.b34e68,128,248,254,65535,128,1,160,BOOTING,-1,False,False,False,False,0,healthy
1.4782827000000012,mixed_pdv_loss_holdover,1550.0,1550.0,2750.0,25.0,4242.890188910428,6.0,2.0,1.5,0.0,0.0,0.0,20.0,4,11,Sync,25.45734113346257,c29a38.fffe.b34e68,128,248,254,65535,128,1,160,BOOTING,-1,False,False,False,False,0,healthy
1.7366791,mixed_pdv_loss_holdover,1850.0,1850.0,2750.0,25.0,1161.0068870928599,6.0,2.0,1.5,0.0,0.0,0.0,20.0,4,12,Sync,19.350114784880997,c29a38.fffe.b34e68,128,248,254,65535,128,1,160,BOOTING,-1,False,False,False,False,0,healthy
1.8565323000000014,mixed_pdv_loss_holdover,2425.0,2425.0,2775.0,50.0,4797.535651947492,6.0,2.0,1.5,0.0,0.0,0.0,20.0,4,13,Sync,25.030620792769522,c29a38.fffe.b34e68,128,248,254,65535,128,1,160,BOOTING,-1,False,False,False,False,0,healthy
1.9744677999999993,mixed_pdv_loss_holdover,-1275.0,-1275.0,2775.0,50.0,-31373.08104853978,6.0,2.0,1.5,0.0,0.0,0.0,20.0,4,14,Sync,16.958422188399883,c29a38.fffe.b34e68,128,248,254,65535,128,1,160,BOOTING,-1,False,False,False,False,0,healthy
2.0929657000000006,mixed_pdv_loss_holdover,-1075.0,-1075.0,2775.0,50.0,1687.7936233468936,6.0,2.0,1.5,0.0,0.0,0.0,20.0,4,15,Delay_Resp,33.75587246693787,c29a38.fffe.b34e68,128,248,254,65535,128,1,160,BOOTING,-1,False,False,False,False,0,healthy
2.3016642999999988,mixed_pdv_loss_holdover,1925.0,1925.0,2775.0,37.5,14374.796955993123,6.0,2.0,1.5,0.0,0.0,0.0,20.0,4,16,Sync,14.374796955993123,c29a38.fffe.b34e68,128,248,254,65535,128,1,160,BOOTING,-1,False,False,False,False,0,healthy
2.5267920000000004,mixed_pdv_loss_holdover,2425.0,2425.0,2775.0,25.0,2220.9617030689537,6.0,2.0,1.5,0.0,0.0,0.0,20.0,4,17,Sync,17.76769362455163,c29a38.fffe.b34e68,128,248,254,65535,128,1,160,BOOTING,-1,False,False,False,False,0,healthy
2.6434922999999984,mixed_pdv_loss_holdover,3850.0,3850.0,2850.0,100.0,12210.765525024568,6.0,2.0,1.5,0.0,0.0,0.0,20.0,4,18,Sync,25.706874789525408,c29a38.fffe.b34e68,128,248,254,65535,128,1,160,BOOTING,-1,False,False,False,False,0,healthy
2.759880299999999,mixed_pdv_loss_holdover,2575.0,2575.0,2925.0,175.0,-10954.737601814564,6.0,2.0,1.5,0.0,0.0,0.0,20.0,4,19,Sync,25.77585318074015,c29a38.fffe.b34e68,128,248,254,65535,128,1,160,BOOTING,-1,False,False,False,False,0,healthy
2.8771786000000006,mixed_pdv_loss_holdover,1675.0,1675.0,2925.0,175.0,-7672.745470309352,6.0,2.0,1.5,0.0,0.0,0.0,20.0,4,20,Sync,25.575818234364508,c29a38.fffe.b34e68,128,248,254,65535,128,1,160,BOOTING,-1,False,False,False,False,0,healthy
3.0623943999999987,mixed_pdv_loss_holdover,1825.0,1825.0,3175.0,425.0,809.8661129342178,6.0,2.0,1.5,0.0,0.0,0.0,20.0,4,21,Delay_Resp,26.995537097807258,c29a38.fffe.b34e68,128,248,254,65535,128,1,160,BOOTING,-1,False,False,False,False,0,healthy
3.2597835999999987,mixed_pdv_loss_holdover,-1625.0,-1625.0,3225.0,475.0,-17478.159899325805,6.0,2.0,1.5,0.0,0.0,0.0,20.0,4,22,Sync,25.330666520762037,c29a38.fffe.b34e68,128,248,254,65535,128,1,160,BOOTING,-1,False,False,False,False,0,healthy
3.394247,mixed_pdv_loss_holdover,4075.0,4075.0,3375.0,625.0,42390.71747404827,6.0,2.0,1.5,0.0,0.0,0.0,20.0,4,23,Delay_Resp,29.747871911612826,c29a38.fffe.b34e68,128,248,254,65535,128,1,160,BOOTING,-1,False,False,False,False,0,healthy
3.5857323,mixed_pdv_loss_holdover,475.0,475.0,3725.0,962.5,-18800.398777347393,6.0,2.0,1.5,0.0,0.0,0.0,20.0,4,24,Sync,31.333997962245654,c29a38.fffe.b34e68,128,248,254,65535,128,1,160,BOOTING,-1,False,False,False,False,0,healthy
3.8274766000000007,mixed_pdv_loss_holdover,-2100.0,-2100.0,3500.0,725.0,-10651.750630728393,6.0,2.0,1.5,0.0,0.0,0.0,20.0,4,25,Delay_Resp,28.956215306834466,c29a38.fffe.b34e68,128,248,254,65535,128,1,160,BOOTING,-1,False,False,False,False,0,healthy
3.9968649999999997,mixed_pdv_loss_holdover,1400.0,1400.0,3500.0,725.0,20662.571935268417,6.0,2.0,1.5,0.0,0.0,0.0,20.0,4,26,Sync,11.807183963010525,c29a38.fffe.b34e68,128,248,254,65535,128,1,160,BOOTING,-1,False,False,False,False,0,healthy
4.121394800000001,mixed_pdv_loss_holdover,2425.0,2425.0,3475.0,700.0,8230.961585098425,6.0,2.0,1.5,0.0,0.0,0.0,20.0,4,27,Sync,24.090619273458802,c29a38.fffe.b34e68,128,248,254,65535,128,1,160,BOOTING,-1,False,False,False,False,0,healthy
4.2464656000000005,mixed_pdv_loss_holdover,1475.0,1475.0,3725.0,950.0,-7595.697796767935,6.0,2.0,1.5,0.0,0.0,0.0,20.0,4,28,Sync,23.986414095056638,c29a38.fffe.b34e68,128,248,254,65535,128,1,160,BOOTING,-1,False,False,False,False,0,healthy
4.3682555,mixed_pdv_loss_holdover,2150.0,2150.0,3450.0,675.0,5542.331506964062,6.0,2.0,1.5,0.0,0.0,0.0,20.0,4,29,Sync,24.63258447539583,c29a38.fffe.b34e68,128,248,254,65535,128,1,160,BOOTING,-1,False,False,False,False,0,healthy
4.489592699999999,mixed_pdv_loss_holdover,2300.0,2300.0,3400.0,625.0,1236.2243401034548,6.0,2.0,1.5,0.0,0.0,0.0,20.0,4,30,Sync,24.724486802069098,c29a38.fffe.b34e68,128,248,254,65535,128,1,160,BOOTING,-1,False,False,False,False,0,healthy
4.729394899999999,mixed_pdv_loss_holdover,1100.0,1100.0,3400.0,625.0,-5004.124232388199,6.0,2.0,1.5,0.0,0.0,0.0,20.0,4,31,Sync,20.850517634950826,c29a38.fffe.b34e68,128,248,254,65535,128,1,160,BOOTING,-1,False,False,False,False,0,healthy
4.9207517,mixed_pdv_loss_holdover,1925.0,1925.0,3275.0,500.0,4311.317915015274,6.0,2.0,1.5,0.0,0.0,0.0,20.0,4,32,Sync,20.903359587952842,c29a38.fffe.b34e68,128,248,254,65535,128,1,160,BOOTING,-1,False,False,False,False,0,healthy
5.037474100000001,mixed_pdv_loss_holdover,1025.0,1025.0,3250.0,475.0,-7710.602249439667,6.0,2.0,1.5,0.0,0.0,0.0,20.0,4,33,Sync,25.70200749813222,c29a38.fffe.b34e68,128,248,254,65535,128,1,160,BOOTING,-1,False,False,False,False,0,healthy
5.1586444,mixed_pdv_loss_holdover,1850.0,1850.0,3275.0,462.5,6808.599136917255,6.0,2.0,1.5,0.0,0.0,0.0,20.0,4,34,Sync,24.758542316062744,c29a38.fffe.b34e68,128,248,254,65535,128,1,160,BOOTING,-1,False,False,False,False,0,healthy
5.281849999999999,mixed_pdv_loss_holdover,2825.0,2825.0,3300.0,450.0,7913.601329809775,6.0,2.0,1.5,0.0,0.0,0.0,20.0,4,35,Delay_Resp,32.46605673768113,c29a38.fffe.b34e68,128,248,254,65535,128,1,160,BOOTING,-1,False,False,False,False,0,healthy
5.478688399999999,mixed_pdv_loss_holdover,2000.0,2000.0,3400.0,512.5,-4191.2553648068515,6.0,2.0,1.5,0.0,0.0,0.0,20.0,4,36,Sync,25.401547665496068,c29a38.fffe.b34e68,128,248,254,65535,128,1,160,BOOTING,-1,False,False,False,False,0,healthy
5.7232690999999996,mixed_pdv_loss_holdover,1425.0,1425.0,3575.0,650.0,-2350.9622795257333,6.0,2.0,1.5,0.0,0.0,0.0,20.0,4,37,Delay_Resp,32.70904041079281,c29a38.fffe.b34e68,128,248,254,65535,128,1,160,BOOTING,-1,False,False,False,False,0,healthy
5.951909799999999,mixed_pdv_loss_holdover,3425.0,3425.0,3700.0,775.0,8747.349006541717,6.0,2.0,1.5,0.0,0.0,0.0,20.0,4,38,Sync,13.121023509812575,c29a38.fffe.b34e68,128,248,254,65535,128,1,160,BOOTING,-1,False,False,False,False,0,healthy
6.0690305,mixed_pdv_loss_holdover,800.0,800.0,3700.0,775.0,-22412.775879925397,6.0,2.0,1.5,0.0,0.0,0.0,20.0,4,39,Sync,25.614601005629023,c29a38.fffe.b34e68,128,248,254,65535,128,1,160,BOOTING,-1,False,False,False,False,0,healthy
6.1855720000000005,mixed_pdv_loss_holdover,2700.0,2700.0,3725.0,675.0,16303.20529596749,6.0,2.0,1.5,0.0,0.0,0.0,20.0,4,40,Sync,25.741903098896035,c29a38.fffe.b34e68,128,248,254,65535,128,1,160,BOOTING,-1,False,False,False,False,0,healthy
6.3034341000000005,mixed_pdv_loss_holdover,1575.0,1575.0,3725.0,550.0,-9545.053074737343,6.0,2.0,1.5,0.0,0.0,0.0,20.0,4,41,Sync,16.9689832439775,c29a38.fffe.b34e68,128,248,254,65535,128,1,160,BOOTING,-1,False,False,False,False,0,healthy
6.516403,mixed_pdv_loss_holdover,350.0,350.0,3750.0,550.0,-5752.013556909016,6.0,2.0,1.5,0.0,0.0,0.0,20.0,4,42,Sync,23.47760635473068,c29a38.fffe.b34e68,128,248,254,65535,128,1,160,BOOTING,-1,False,False,False,False,0,healthy
6.7494391,mixed_pdv_loss_holdover,2250.0,2250.0,3750.0,525.0,8153.243209957612,6.0,2.0,1.5,0.0,0.0,0.0,20.0,4,43,Sync,21.45590318409898,c29a38.fffe.b34e68,128,248,254,65535,128,1,160,BOOTING,-1,False,False,False,False,0,healthy
6.8747525,mixed_pdv_loss_holdover,2050.0,2050.0,3750.0,512.5,-1595.9985125293917,6.0,2.0,1.5,0.0,0.0,0.0,20.0,4,44,Delay_Resp,39.899962813234794,c29a38.fffe.b34e68,128,248,254,65535,128,1,160,BOOTING,-1,False,False,False,False,0,healthy
6.992616099999999,mixed_pdv_loss_holdover,450.0,450.0,3750.0,500.0,-13575.013829545369,6.0,2.0,1.5,0.0,0.0,0.0,20.0,4,45,Sync,16.968767286931712,c29a38.fffe.b34e68,128,248,254,65535,128,1,160,BOOTING,-1,False,False,False,False,0,healthy
7.110089500000001,mixed_pdv_loss_holdover,1400.0,1400.0,3700.0,437.5,8086.937127894382,6.0,2.0,1.5,0.0,0.0,0.0,20.0,4,46,Delay_Resp,34.05026159113424,c29a38.fffe.b34e68,128,248,254,65535,128,1,160,BOOTING,-1,False,False,False,False,0,healthy
7.320994500000001,mixed_pdv_loss_holdover,1050.0,1050.0,3550.0,275.0,-1659.514947488203,6.0,2.0,1.5,0.0,0.0,0.0,20.0,4,47,Sync,14.224413835613168,c29a38.fffe.b34e68,128,248,254,65535,128,1,160,BOOTING,-1,False,False,False,False,0,healthy
7.5124593,mixed_pdv_loss_holdover,-1975.0,-1975.0,3275.0,0.0,-15799.248739193956,6.0,2.0,1.5,0.0,0.0,0.0,20.0,4,48,Sync,26.114460725940422,c29a38.fffe.b34e68,128,248,254,65535,128,1,160,BOOTING,-1,False,False,False,False,0,healthy
7.638516299999999,mixed_pdv_loss_holdover,1100.0,1100.0,3200.0,-75.0,24393.726647469113,6.0,2.0,1.5,0.0,0.0,0.0,20.0,4,49,Sync,23.798757704847915,c29a38.fffe.b34e68,128,248,254,65535,128,1,160,BOOTING,-1,False,False,False,False,0,healthy
7.7557328000000005,mixed_pdv_loss_holdover,2600.0,2600.0,3200.0,-62.5,12796.833210341396,6.0,2.0,1.5,0.0,0.0,0.0,20.0,4,50,Sync,17.062444280455196,c29a38.fffe.b34e68,128,248,254,65535,128,1,160,BOOTING,-1,False,False,False,False,0,healthy
7.877505599999999,mixed_pdv_loss_holdover,5800.0,5800.0,3200.0,-50.0,26278.446418248037,6.0,2.0,1.5,0.0,0.0,0.0,20.0,4,51,Delay_Resp,32.848058022810044,c29a38.fffe.b34e68,128,248,254,65535,128,1,160,BOOTING,-1,False,False,False,False,0,healthy
8.1611498,mixed_pdv_loss_holdover,2150.0,2150.0,3450.0,187.5,-12868.234217375093,6.0,2.0,1.5,0.0,0.0,0.0,20.0,4,52,Sync,21.153261727191932,c29a38.fffe.b34e68,128,248,254,65535,128,1,160,BOOTING,-1,False,False,False,False,0,healthy
8.391797400000002,mixed_pdv_loss_holdover,-2250.0,-2250.0,3550.0,275.0,-19076.721370610314,6.0,2.0,1.5,0.0,0.0,0.0,20.0,4,53,Sync,26.013710959923156,c29a38.fffe.b34e68,128,248,254,65535,128,1,160,BOOTING,-1,False,False,False,False,0,healthy
8.528054699999998,mixed_pdv_loss_holdover,750.0,750.0,3550.0,275.0,22017.168988377634,6.0,2.0,1.5,0.0,0.0,0.0,20.0,4,54,Sync,22.017168988377634,c29a38.fffe.b34e68,128,248,254,65535,128,1,160,BOOTING,-1,False,False,False,False,0,healthy
8.6439631,mixed_pdv_loss_holdover,1550.0,1550.0,3550.0,275.0,6902.00192565841,6.0,2.0,1.5,0.0,0.0,0.0,20.0,4,55,Sync,25.88250722121904,c29a38.fffe.b34e68,128,248,254,65535,128,1,160,BOOTING,-1,False,False,False,False,0,healthy
8.7620349,mixed_pdv_loss_holdover,50.0,50.0,3550.0,275.0,-12704.13426406653,6.0,2.0,1.5,0.0,0.0,0.0,20.0,4,56,Sync,25.40826852813306,c29a38.fffe.b34e68,128,248,254,65535,128,1,160,BOOTING,-1,False,False,False,False,0,healthy
8.880142799999998,mixed_pdv_loss_holdover,1775.0,1775.0,3325.0,50.0,14605.28889261451,6.0,2.0,1.5,0.0,0.0,0.0,20.0,4,57,Delay_Resp,42.33417070323046,c29a38.fffe.b34e68,128,248,254,65535,128,1,160,BOOTING,-1,False,False,False,False,0,healthy
9.098765499999999,mixed_pdv_loss_holdover,2400.0,2400.0,3200.0,-75.0,2858.806519176633,6.0,2.0,1.5,0.0,0.0,0.0,20.0,4,58,Sync,22.870452153413066,c29a38.fffe.b34e68,128,248,254,65535,128,1,160,BOOTING,-1,False,False,False,False,0,healthy
9.3780274,mixed_pdv_loss_holdover,-1700.0,-1700.0,3175.0,-100.0,-14681.558780485188,6.0,2.0,1.5,0.0,0.0,0.0,20.0,4,59,Delay_Resp,25.06607596668203,c29a38.fffe.b34e68,128,248,254,65535,128,1,160,BOOTING,-1,False,False,False,False,0,healthy
9.516634100000001,mixed_pdv_loss_holdover,3525.0,3525.0,3175.0,-100.0,37696.59042456089,6.0,2.0,1.5,0.0,0.0,0.0,20.0,4,60,Sync,14.42931690892283,c29a38.fffe.b34e68,128,248,254,65535,128,1,160,BOOTING,-1,False,False,False,False,0,healthy
9.635435099999999,mixed_pdv_loss_holdover,7125.0,7125.0,3175.0,-100.0,30302.77522916532,6.0,2.0,1.5,0.0,0.0,0.0,20.0,4,61,Sync,25.2523126909711,c29a38.fffe.b34e68,128,248,254,65535,128,1,160,BOOTING,-1,False,False,False,False,0,healthy
9.759132300000001,mixed_pdv_loss_holdover,3025.0,3025.0,3200.0,-62.5,-33145.455192194524,6.0,2.0,1.5,0.0,0.0,0.0,20.0,4,62,Sync,24.25277209184965,c29a38.fffe.b34e68,128,248,254,65535,128,1,160,BOOTING,-1,False,False,False,False,0,healthy
9.8788996,mixed_pdv_loss_holdover,1500.0,1500.0,3200.0,-50.0,-12733.02479057311,6.0,2.0,1.5,0.0,0.0,0.0,20.0,4,63,Sync,16.699048905669652,c29a38.fffe.b34e68,128,248,254,65535,128,1,160,BOOTING,-1,False,False,False,False,0,healthy
10.079489299999999,mixed_pdv_loss_holdover,-1625.0,-1625.0,3300.0,37.5,-15579.065126474721,6.0,2.0,1.5,0.0,0.0,0.0,20.0,4,64,Delay_Resp,24.926504202359553,c29a38.fffe.b34e68,128,248,254,65535,128,1,160,BOOTING,-1,False,False,False,False,0,healthy
10.2779493,mixed_pdv_loss_holdover,2325.0,2325.0,3375.0,100.0,19903.25506399267,6.0,2.0,1.5,0.0,0.0,0.0,20.0,4,65,Sync,25.193993751889455,c29a38.fffe.b34e68,128,248,254,65535,128,1,160,BOOTING,-1,False,False,False,False,0,healthy
10.398031799999998,mixed_pdv_loss_holdover,2125.0,2125.0,3375.0,100.0,-1665.521620552554,6.0,2.0,1.5,0.0,0.0,0.0,20.0,4,66,Sync,16.65521620552554,c29a38.fffe.b34e68,128,248,254,65535,128,1,160,BOOTING,-1,False,False,False,False,0,healthy
10.520172599999999,mixed_pdv_loss_holdover,3125.0,3125.0,3575.0,300.0,8187.272393827426,6.0,2.0,1.5,0.0,0.0,0.0,20.0,4,67,Delay_Resp,32.7490895753097,c29a38.fffe.b34e68,128,248,254,65535,128,1,160,BOOTING,-1,False,False,False,False,0,healthy
10.648059700000001,mixed_pdv_loss_holdover,3225.0,3225.0,3925.0,650.0,781.9396952468087,6.0,2.0,1.5,0.0,0.0,0.0,20.0,4,68,Delay_Resp,31.277587809872347,c29a38.fffe.b34e68,128,248,254,65535,128,1,160,BOOTING,-1,False,False,False,False,0,healthy
10.8758619,mixed_pdv_loss_holdover,2075.0,2075.0,3825.0,550.0,-5048.239218058489,6.0,2.0,1.5,0.0,0.0,0.0,20.0,4,69,Sync,26.33863939856603,c29a38.fffe.b34e68,128,248,254,65535,128,1,160,BOOTING,-1,False,False,False,False,0,healthy
11.027789299999998,mixed_pdv_loss_holdover,375.0,375.0,3625.0,337.5,-11189.555011143617,6.0,2.0,1.5,0.0,0.0,0.0,20.0,4,70,Sync,19.74627354907697,c29a38.fffe.b34e68,128,248,254,65535,128,1,160,BOOTING,-1,False,False,False,False,0,healthy
11.2252452,mixed_pdv_loss_holdover,30575.0,30575.0,3825.0,525.0,152945.54378977683,6.0,2.0,1.5,0.0,0.0,0.0,20.0,4,71,Sync,25.32210989896967,c29a38.fffe.b34e68,128,248,254,65535,128,1,160,BOOTING,-1,False,False,False,False,0,healthy
11.3421607,mixed_pdv_loss_holdover,30575.0,30575.0,3825.0,525.0,0.0,6.0,2.0,1.5,0.0,0.0,0.0,20.0,4,72,Sync,0.0,c29a38.fffe.b34e68,128,248,254,65535,128,1,160,BOOTING,-1,False,False,False,False,0,healthy
11.4585078,mixed_pdv_loss_holdover,575.0,575.0,3825.0,525.0,-257849.1427805277,6.0,2.0,1.5,0.0,0.0,0.0,20.0,4,73,Sync,42.97485713008795,c29a38.fffe.b34e68,128,248,254,65535,128,1,160,BOOTING,-1,False,False,False,False,0,healthy
11.693304399999999,mixed_pdv_loss_holdover,875.0,875.0,3825.0,512.5,1277.7016362247196,6.0,2.0,1.5,0.0,0.0,0.0,20.0,4,74,Delay_Resp,17.036021816329594,c29a38.fffe.b34e68,128,248,254,65535,128,1,160,BOOTING,-1,False,False,False,False,0,healthy
11.816180199999998,mixed_pdv_loss_holdover,2975.0,2975.0,3850.0,525.0,17090.42789548482,6.0,2.0,1.5,0.0,0.0,0.0,20.0,4,75,Delay_Resp,40.69149498924957,c29a38.fffe.b34e68,128,248,254,65535,128,1,160,BOOTING,-1,False,False,False,False,0,healthy
11.9886989,mixed_pdv_loss_holdover,550.0,550.0,3600.0,250.0,-14056.44721412799,6.0,2.0,1.5,0.0,0.0,0.0,20.0,4,76,Sync,28.98236538995462,c29a38.fffe.b34e68,128,248,254,65535,128,1,160,BOOTING,-1,False,False,False,False,0,healthy
12.110877599999998,mixed_pdv_loss_holdover,-2100.0,-2100.0,3600.0,225.0,-21689.541630415264,6.0,2.0,1.5,0.0,0.0,0.0,20.0,4,77,Sync,16.369465381445483,c29a38.fffe.b34e68,128,248,254,65535,128,1,160,BOOTING,-1,False,False,False,False,0,healthy
12.2292703,mixed_pdv_loss_holdover,2525.0,2525.0,3275.0,-75.0,39064.90856277419,6.0,2.0,1.5,0.0,0.0,0.0,20.0,4,78,Sync,25.339400148826503,c29a38.fffe.b34e68,128,248,254,65535,128,1,160,BOOTING,-1,False,False,False,False,0,healthy
12.4543587,mixed_pdv_loss_holdover,1725.0,1725.0,3275.0,-50.0,-3554.1591659099167,6.0,2.0,1.5,0.0,0.0,0.0,20.0,4,79,Sync,13.328096872162188,c29a38.fffe.b34e68,128,248,254,65535,128,1,160,BOOTING,-1,False,False,False,False,0,healthy
12.572627599999997,mixed_pdv_loss_holdover,825.0,825.0,3375.0,25.0,-7609.777380190603,6.0,2.0,1.5,0.0,0.0,0.0,20.0,4,80,Sync,50.731849201270684,c29a38.fffe.b34e68,128,248,254,65535,128,1,160,BOOTING,-1,False,False,False,False,0,healthy
12.805153500000003,mixed_pdv_loss_holdover,2225.0,2225.0,3375.0,0.0,6020.8346683099135,6.0,2.0,1.5,0.0,0.0,0.0,20.0,4,81,Delay_Resp,17.202384766599753,c29a38.fffe.b34e68,128,248,254,65535,128,1,160,BOOTING,-1,False,False,False,False,0,healthy
12.979043599999997,mixed_pdv_loss_holdover,-1175.0,-1175.0,3375.0,0.0,-19552.57947404777,6.0,2.0,1.5,0.0,0.0,0.0,20.0,4,82,Sync,34.504552013025474,c29a38.fffe.b34e68,128,248,254,65535,128,1,160,BOOTING,-1,False,False,False,False,0,healthy
13.122788200000002,mixed_pdv_loss_holdover,2375.0,2375.0,3125.0,-250.0,24696.579906305167,6.0,2.0,1.5,0.0,0.0,0.0,20.0,4,83,Sync,20.870349216595915,c29a38.fffe.b34e68,128,248,254,65535,128,1,160,BOOTING,-1,False,False,False,False,0,healthy
13.249586100000002,mixed_pdv_loss_holdover,3675.0,3675.0,3125.0,-225.0,10252.535728115396,6.0,2.0,1.5,0.0,0.0,0.0,20.0,4,84,Sync,23.659697834112453,c29a38.fffe.b34e68,128,248,254,65535,128,1,160,BOOTING,-1,False,False,False,False,0,healthy
13.374004300000003,mixed_pdv_loss_holdover,4000.0,4000.0,3600.0,225.0,2612.158028327026,6.0,2.0,1.5,0.0,0.0,0.0,20.0,4,85,Delay_Resp,32.149637271717246,c29a38.fffe.b34e68,128,248,254,65535,128,1,160,BOOTING,-1,False,False,False,False,0,healthy
13.492158699999997,mixed_pdv_loss_holdover,2050.0,2050.0,3650.0,275.0,-16503.828888302847,6.0,2.0,1.5,0.0,0.0,0.0,20.0,4,86,Sync,25.39050598200438,c29a38.fffe.b34e68,128,248,254,65535,128,1,160,BOOTING,-1,False,False,False,False,0,healthy
13.692496300000002,mixed_pdv_loss_holdover,1050.0,1050.0,3575.0,200.0,-4991.574222711948,6.0,2.0,1.5,0.0,0.0,0.0,20.0,4,87,Delay_Resp,19.966296890847794,c29a38.fffe.b34e68,128,248,254,65535,128,1,160,BOOTING,-1,False,False,False,False,0,healthy
13.940971599999997,mixed_pdv_loss_holdover,2125.0,2125.0,3650.0,275.0,4326.385761482205,6.0,2.0,1.5,0.0,0.0,0.0,20.0,4,88,Sync,20.12272447201026,c29a38.fffe.b34e68,128,248,254,65535,128,1,160,BOOTING,-1,False,False,False,False,0,healthy
14.067580300000003,mixed_pdv_loss_holdover,1850.0,1850.0,3650.0,275.0,-2172.0466287070944,6.0,2.0,1.5,0.0,0.0,0.0,20.0,4,89,Sync,15.796702754233413,c29a38.fffe.b34e68,128,248,254,65535,128,1,160,BOOTING,-1,False,False,False,False,0,healthy
14.183777399999997,mixed_pdv_loss_holdover,250.0,250.0,3650.0,275.0,-13769.706817124406,6.0,2.0,1.5,0.0,0.0,0.0,20.0,4,90,Sync,25.81820028210826,c29a38.fffe.b34e68,128,248,254,65535,128,1,160,BOOTING,-1,False,False,False,False,0,healthy
14.310004300000003,mixed_pdv_loss_holdover,1075.0,1075.0,3625.0,250.0,6535.849331639774,6.0,2.0,1.5,0.0,0.0,0.0,20.0,4,91,Sync,23.76672484232645,c29a38.fffe.b34e68,128,248,254,65535,128,1,160,BOOTING,-1,False,False,False,False,0,healthy
14.517622500000002,mixed_pdv_loss_holdover,3675.0,3675.0,3625.0,250.0,12522.986905772299,6.0,2.0,1.5,0.0,0.0,0.0,20.0,4,92,Sync,24.08266712648519,c29a38.fffe.b34e68,128,248,254,65535,128,1,160,BOOTING,-1,False,False,False,False,0,healthy
14.662680199999997,mixed_pdv_loss_holdover,1675.0,1675.0,3525.0,150.0,-13787.616927609253,6.0,2.0,1.5,0.0,0.0,0.0,20.0,4,93,Sync,20.68142539141388,c29a38.fffe.b34e68,128,248,254,65535,128,1,160,BOOTING,-1,False,False,False,False,0,healthy
14.881455500000001,mixed_pdv_loss_holdover,1900.0,1900.0,3450.0,75.0,1028.4524806959266,6.0,2.0,1.5,0.0,0.0,0.0,20.0,4,94,Sync,31.996299399428825,c29a38.fffe.b34e68,128,248,254,65535,128,1,160,BOOTING,-1,False,False,False,False,0,healthy
15.002474499999998,mixed_pdv_loss_holdover,1550.0,1550.0,3375.0,0.0,-2892.107850833415,6.0,2.0,1.5,0.0,0.0,0.0,20.0,4,95,Sync,41.31582644047735,c29a38.fffe.b34e68,128,248,254,65535,128,1,160,BOOTING,-1,False,False,False,False,0,healthy
15.299269600000002,mixed_pdv_loss_holdover,525.0,525.0,3375.0,0.0,-3453.5610594648815,6.0,2.0,1.5,0.0,0.0,0.0,20.0,4,96,Sync,10.107983588677703,c29a38.fffe.b34e68,128,248,254,65535,128,1,160,BOOTING,-1,False,False,False,False,0,healthy
15.420640399999996,mixed_pdv_loss_holdover,3225.0,3225.0,3375.0,0.0,22245.87792121444,6.0,2.0,1.5,0.0,0.0,0.0,20.0,4,97,Sync,16.478428089788473,c29a38.fffe.b34e68,128,248,254,65535,128,1,160,BOOTING,-1,False,False,False,False,0,healthy
15.5404536,mixed_pdv_loss_holdover,4025.0,4025.0,3375.0,0.0,6677.060624371775,6.0,2.0,1.5,0.0,0.0,0.0,20.0,4,98,Sync,25.038977341394155,c29a38.fffe.b34e68,128,248,254,65535,128,1,160,BOOTING,-1,False,False,False,False,0,healthy
15.658752399999997,mixed_pdv_loss_holdover,925.0,925.0,3175.0,-200.0,-26204.830480106742,6.0,2.0,1.5,0.0,0.0,0.0,20.0,4,99,Sync,25.359513367845235,c29a38.fffe.b34e68,128,248,254,65535,128,1,160,BOOTING,-1,False,False,False,False,0,healthy
15.782829800000002,mixed_pdv_loss_holdover,2525.0,2525.0,3175.0,-200.0,12895.176720337005,6.0,2.0,1.5,0.0,0.0,0.0,20.0,4,100,Sync,16.118970900421257,c29a38.fffe.b34e68,128,248,254,65535,128,1,160,BOOTING,-1,False,False,False,False,0,healthy
15.903261100000002,mixed_pdv_loss_holdover,-1950.0,-1950.0,3450.0,75.0,-37158.1142111727,6.0,2.0,1.5,0.0,0.0,0.0,20.0,4,101,Delay_Resp,33.21395683680242,c29a38.fffe.b34e68,128,248,254,65535,128,1,160,BOOTING,-1,False,False,False,False,0,healthy
16.134970799999998,mixed_pdv_loss_holdover,2050.0,2050.0,3450.0,75.0,17262.98035861281,6.0,2.0,1.5,0.0,0.0,0.0,20.0,4,102,Sync,21.578725448266013,c29a38.fffe.b34e68,128,248,254,65535,128,1,160,BOOTING,-1,False,False,False,False,0,healthy
16.331904299999998,mixed_pdv_loss_holdover,425.0,425.0,3450.0,75.0,-8251.516374816876,6.0,2.0,1.5,0.0,0.0,0.0,20.0,4,103,Delay_Resp,20.311424922626156,c29a38.fffe.b34e68,128,248,254,65535,128,1,160,BOOTING,-1,False,False,False,False,0,healthy
16.448670899999996,mixed_pdv_loss_holdover,1050.0,1050.0,3450.0,62.5,5352.558008882756,6.0,2.0,1.5,0.0,0.0,0.0,20.0,4,104,Sync,17.12818562842482,c29a38.fffe.b34e68,128,248,254,65535,128,1,160,BOOTING,-1,False,False,False,False,0,healthy
16.564773799999998,mixed_pdv_loss_holdover,250.0,250.0,3275.0,-112.5,-6890.439429161466,6.0,2.0,1.5,0.0,0.0,0.0,20.0,4,105,Sync,25.839147859355496,c29a38.fffe.b34e68,128,248,254,65535,128,1,160,BOOTING,-1,False,False,False,False,0,healthy
16.6810738,mixed_pdv_loss_holdover,1125.0,1125.0,3275.0,-112.5,7523.645743765959,6.0,2.0,1.5,0.0,0.0,0.0,20.0,4,106,Sync,25.795356835769006,c29a38.fffe.b34e68,128,248,254,65535,128,1,160,BOOTING,-1,False,False,False,False,0,healthy
16.9518591,mixed_pdv_loss_holdover,725.0,725.0,3100.0,-287.5,-1477.1850613751928,6.0,2.0,1.5,0.0,0.0,0.0,20.0,4,107,Sync,25.850738574065872,c29a38.fffe.b34e68,128,248,254,65535,128,1,160,BOOTING,-1,False,False,False,False,0,healthy
17.210930499999996,mixed_pdv_loss_holdover,1625.0,1625.0,3225.0,-162.5,3473.9457925499028,6.0,2.0,1.5,0.0,0.0,0.0,20.0,4,108,Sync,23.159638616999352,c29a38.fffe.b34e68,128,248,254,65535,128,1,160,BOOTING,-1,False,False,False,False,0,healthy
17.3271679,mixed_pdv_loss_holdover,1575.0,1575.0,3125.0,-262.5,-430.1541500411983,6.0,2.0,1.5,0.0,0.0,0.0,20.0,4,109,Sync,25.8092490024719,c29a38.fffe.b34e68,128,248,254,65535,128,1,160,BOOTING,-1,False,False,False,False,0,healthy
17.4439221,mixed_pdv_loss_holdover,1375.0,1375.0,3125.0,-262.5,-1713.0004745010935,6.0,2.0,1.5,0.0,0.0,0.0,20.0,4,110,Sync,17.130004745010936,c29a38.fffe.b34e68,128,248,254,65535,128,1,160,BOOTING,-1,False,False,False,False,0,healthy
17.5603877,mixed_pdv_loss_holdover,-200.0,-200.0,3000.0,-387.5,-13523.30645272104,6.0,2.0,1.5,0.0,0.0,0.0,20.0,4,111,Sync,25.758678957563887,c29a38.fffe.b34e68,128,248,254,65535,128,1,160,BOOTING,-1,False,False,False,False,0,healthy
17.676516999999997,mixed_pdv_loss_holdover,-1075.0,-1075.0,2875.0,-512.5,-7534.704850541775,6.0,2.0,1.5,0.0,0.0,0.0,20.0,4,112,Delay_Resp,43.05545628881014,c29a38.fffe.b34e68,128,248,254,65535,128,1,160,BOOTING,-1,False,False,False,False,0,healthy
17.856042700000003,mixed_pdv_loss_holdover,1800.0,1800.0,3000.0,-387.5,16014.420219500042,6.0,2.0,1.5,0.0,0.0,0.0,20.0,4,113,Sync,33.42139871895661,c29a38.fffe.b34e68,128,248,254,65535,128,1,160,BOOTING,-1,False,False,False,False,0,healthy
18.026629800000002,mixed_pdv_loss_holdover,2775.0,2775.0,3025.0,-362.5,5715.555279385177,6.0,2.0,1.5,0.0,0.0,0.0,20.0,4,114,Delay_Resp,23.448431915426365,c29a38.fffe.b34e68,128,248,254,65535,128,1,160,BOOTING,-1,False,False,False,False,0,healthy
18.160527000000002,mixed_pdv_loss_holdover,44675.0,44675.0,3025.0,-362.5,312926.6332679104,6.0,2.0,1.5,0.0,0.0,0.0,20.0,4,115,Sync,22.405248205339646,c29a38.fffe.b34e68,128,248,254,65535,128,1,160,BOOTING,-1,False,False,False,False,0,healthy
18.408996000000002,mixed_pdv_loss_holdover,2775.0,2775.0,2525.0,-862.5,-168632.70669580507,6.0,2.0,1.5,0.0,0.0,0.0,20.0,4,116,Sync,28.172528564931635,c29a38.fffe.b34e68,128,248,254,65535,128,1,160,BOOTING,-1,False,False,False,False,0,healthy
18.6486273,mixed_pdv_loss_holdover,1200.0,1200.0,3000.0,-387.5,-6572.597152375358,6.0,2.0,1.5,0.0,0.0,0.0,20.0,4,117,Follow_Up,16.69231022825488,c29a38.fffe.b34e68,128,248,254,65535,128,1,160,BOOTING,-1,False,False,False,False,0,healthy
18.766453,mixed_pdv_loss_holdover,2200.0,2200.0,3025.0,-362.5,8487.112743654587,6.0,2.0,1.5,0.0,0.0,0.0,20.0,4,118,Sync,25.46133823096376,c29a38.fffe.b34e68,128,248,254,65535,128,1,160,BOOTING,-1,False,False,False,False,0,healthy
18.8831501,mixed_pdv_loss_holdover,0.0,0.0,3025.0,-362.5,-18852.22511956115,6.0,2.0,1.5,0.0,0.0,0.0,20.0,4,119,Delay_Resp,42.845966180820795,c29a38.fffe.b34e68,128,248,254,65535,128,1,160,BOOTING,-1,False,False,False,False,0,healthy
19.002407599999998,mixed_pdv_loss_holdover,-1900.0,-1900.0,3000.0,-387.5,-15931.912039075612,6.0,2.0,1.5,0.0,0.0,0.0,20.0,4,120,Sync,25.155650588014126,c29a38.fffe.b34e68,128,248,254,65535,128,1,160,BOOTING,-1,False,False,False,False,0,healthy
19.1178082,mixed_pdv_loss_holdover,600.0,600.0,2600.0,-787.5,21663.66552686883,6.0,2.0,1.5,0.0,0.0,0.0,20.0,4,121,Sync,25.996398632242595,c29a38.fffe.b34e68,128,248,254,65535,128,1,160,BOOTING,-1,False,False,False,False,0,healthy
19.234481699999996,mixed_pdv_loss_holdover,1600.0,1600.0,2600.0,-787.5,8570.92656001596,6.0,2.0,1.5,0.0,0.0,0.0,20.0,4,122,Sync,17.141853120031918,c29a38.fffe.b34e68,128,248,254,65535,128,1,160,BOOTING,-1,False,False,False,False,0,healthy
19.506681800000003,mixed_pdv_loss_holdover,3550.0,3550.0,2150.0,-1237.5,7163.847478380629,6.0,2.0,1.5,0.0,0.0,0.0,20.0,4,123,Sync,22.04260762578655,c29a38.fffe.b34e68,128,248,254,65535,128,1,160,BOOTING,-1,False,False,False,False,0,healthy
19.6385547,mixed_pdv_loss_holdover,24800.0,24800.0,2900.0,-475.0,161140.00677925776,6.0,2.0,1.5,0.0,0.0,0.0,20.0,4,124,Delay_Resp,30.332236570213226,c29a38.fffe.b34e68,128,248,254,65535,128,1,160,BOOTING,-1,False,False,False,False,0,healthy
19.833242499999997,mixed_pdv_loss_holdover,2300.0,2300.0,2900.0,-475.0,-115569.64535014701,6.0,2.0,1.5,0.0,0.0,0.0,20.0,4,125,Sync,10.272857364457511,c29a38.fffe.b34e68,128,248,254,65535,128,1,160,BOOTING,-1,False,False,False,False,0,healthy
19.961427899999997,mixed_pdv_loss_holdover,1800.0,1800.0,2950.0,-425.0,-3900.6002243625385,6.0,2.0,1.5,0.0,0.0,0.0,20.0,4,126,Delay_Resp,31.204801794900305,c29a38.fffe.b34e68,128,248,254,65535,128,1,160,BOOTING,-1,False,False,False,False,0,healthy
20.0788558,mixed_pdv_loss_holdover,2750.0,2750.0,2950.0,-425.0,8090.070587994661,6.0,2.0,1.5,0.0,0.0,0.0,20.0,4,127,Sync,25.547591330509455,c29a38.fffe.b34e68,128,248,254,65535,128,1,160,BOOTING,-1,False,False,False,False,0,healthy
20.2569936,mixed_pdv_loss_holdover,1650.0,1650.0,3000.0,-375.0,-6174.9948635269375,6.0,2.0,1.5,0.0,0.0,0.0,20.0,4,128,Sync,28.06815847057699,c29a38.fffe.b34e68,128,248,254,65535,128,1,160,BOOTING,-1,False,False,False,False,0,healthy
20.372610199999997,mixed_pdv_loss_holdover,1200.0,1200.0,3000.0,-375.0,-3892.174653120893,6.0,2.0,1.5,0.0,0.0,0.0,20.0,4,129,Sync,17.298554013870636,c29a38.fffe.b34e68,128,248,254,65535,128,1,160,BOOTING,-1,False,False,False,False,0,healthy
20.490503599999997,mixed_pdv_loss_holdover,600.0,600.0,3000.0,-375.0,-5089.343423804903,6.0,2.0,1.5,0.0,0.0,0.0,20.0,4,130,Delay_Resp,59.37567327772387,c29a38.fffe.b34e68,128,248,254,65535,128,1,160,BOOTING,-1,False,False,False,False,0,healthy
20.800779400000003,mixed_pdv_loss_holdover,2400.0,2400.0,3100.0,-275.0,5801.290335888142,6.0,2.0,1.5,0.0,0.0,0.0,20.0,4,131,Sync,9.668817226480238,c29a38.fffe.b34e68,128,248,254,65535,128,1,160,BOOTING,-1,False,False,False,False,0,healthy
21.0141336,mixed_pdv_loss_holdover,1500.0,1500.0,2900.0,-475.0,-4218.337393873707,6.0,2.0,1.5,0.0,0.0,0.0,20.0,4,132,Sync,32.80929084123994,c29a38.fffe.b34e68,128,248,254,65535,128,1,160,BOOTING,-1,False,False,False,False,0,healthy
21.1462457,mixed_pdv_loss_holdover,2650.0,2650.0,2850.0,-525.0,8704.728787143611,6.0,2.0,1.5,0.0,0.0,0.0,20.0,4,133,Delay_Resp,30.27731752049952,c29a38.fffe.b34e68,128,248,254,65535,128,1,160,BOOTING,-1,False,False,False,False,0,healthy
21.2645081,mixed_pdv_loss_holdover,1225.0,1225.0,2975.0,-400.0,-12049.47641854057,6.0,2.0,1.5,0.0,0.0,0.0,20.0,4,134,Delay_Resp,42.27886462645814,c29a38.fffe.b34e68,128,248,254,65535,128,1,160,BOOTING,-1,False,False,False,False,0,healthy
21.399780599000003,mixed_pdv_loss_holdover,417.0,417.0,2975.0,-400.0,-5973.128359223879,6.0,2.0,1.5,0.0,0.0,0.0,20.0,4,135,Sync,22.17745677929658,c29a38.fffe.b34e68,128,248,254,65535,128,1,160,BOOTING,-1,False,False,False,False,0,healthy
21.518443191000003,mixed_pdv_loss_holdover,3259.0,3259.0,2975.0,-375.0,23950.260584228654,6.0,2.0,1.5,0.0,0.0,0.0,20.0,4,136,Sync,16.854511318950497,c29a38.fffe.b34e68,128,248,254,65535,128,1,160,BOOTING,-1,False,False,False,False,0,healthy
21.690731608,mixed_pdv_loss_holdover,2517.0,2517.0,3075.0,-237.5,-4306.731775241815,6.0,2.0,1.5,0.0,0.0,0.0,20.0,4,137,Sync,29.021103606750774,c29a38.fffe.b34e68,128,248,254,65535,128,1,160,BOOTING,-1,False,False,False,False,0,healthy
21.918783883000003,mixed_pdv_loss_holdover,900.0,900.0,3225.0,-62.5,-7090.479584121569,6.0,2.0,1.5,0.0,0.0,0.0,20.0,4,138,Sync,13.154878634733896,c29a38.fffe.b34e68,128,248,254,65535,128,1,160,BOOTING,-1,False,False,False,False,0,healthy
22.039045141000003,mixed_pdv_loss_holdover,1266.0,1266.0,3225.0,-50.0,3043.374118038929,6.0,2.0,1.5,0.0,0.0,0.0,20.0,4,139,Sync,24.94568949212237,c29a38.fffe.b34e68,128,248,254,65535,128,1,160,BOOTING,-1,False,False,False,False,0,healthy
22.158422733000002,mixed_pdv_loss_holdover,166.0,166.0,3225.0,-50.0,-9214.459611482249,6.0,2.0,1.5,0.0,0.0,0.0,20.0,4,140,Sync,16.753562929967725,c29a38.fffe.b34e68,128,248,254,65535,128,1,160,BOOTING,-1,False,False,False,False,0,healthy
22.2777247,mixed_pdv_loss_holdover,900.0,900.0,3225.0,-50.0,6152.45513931895,6.0,2.0,1.5,0.0,0.0,0.0,20.0,4,141,Sync,25.146274411385356,c29a38.fffe.b34e68,128,248,254,65535,128,1,160,BOOTING,-1,False,False,False,False,0,healthy
22.468812299,mixed_pdv_loss_holdover,-1997.0,-1997.0,3189.0,-86.0,-15160.586114225074,6.0,2.0,1.5,0.0,0.0,0.0,20.0,4,142,Delay_Resp,20.932807889851674,c29a38.fffe.b34e68,128,248,254,65535,128,1,160,BOOTING,-1,False,False,False,False,0,healthy
22.645327649000002,mixed_pdv_loss_holdover,1926.0,1926.0,3024.0,-226.0,22224.69603918268,6.0,2.0,1.5,0.0,0.0,0.0,20.0,4,143,Sync,28.3261484057898,c29a38.fffe.b34e68,128,248,254,65535,128,1,160,BOOTING,-1,False,False,False,False,0,healthy
22.76569955,mixed_pdv_loss_holdover,3026.0,3026.0,3024.0,-201.0,9138.34533526236,6.0,2.0,1.5,0.0,0.0,0.0,20.0,4,144,Sync,24.922760005260983,c29a38.fffe.b34e68,128,248,254,65535,128,1,160,BOOTING,-1,False,False,False,False,0,healthy
22.982077523999997,mixed_pdv_loss_holdover,1834.0,1834.0,3024.0,-201.0,-5508.87864399737,6.0,2.0,1.5,0.0,0.0,0.0,20.0,4,145,Sync,27.72925491944985,c29a38.fffe.b34e68,128,248,254,65535,128,1,160,BOOTING,-1,False,False,False,False,0,healthy
23.191525866,mixed_pdv_loss_holdover,1261.0,1261.0,3025.0,-200.0,-2735.7581087941735,6.0,2.0,1.5,0.0,0.0,0.0,20.0,4,146,Delay_Resp,19.097787844985504,c29a38.fffe.b34e68,128,248,254,65535,128,1,160,BOOTING,-1,False,False,False,False,0,healthy
23.332227875,mixed_pdv_loss_holdover,3392.0,3392.0,3025.0,-200.0,15145.483814662331,6.0,2.0,1.5,0.0,0.0,0.0,20.0,4,147,Sync,14.21443811793743,c29a38.fffe.b34e68,128,248,254,65535,128,1,160,BOOTING,-1,False,False,False,False,0,healthy
23.4543562,mixed_pdv_loss_holdover,1925.0,1925.0,3139.0,-73.5,-12011.955457507653,6.0,2.0,1.5,0.0,0.0,0.0,20.0,4,148,Delay_Resp,32.75243478529694,c29a38.fffe.b34e68,128,248,254,65535,128,1,160,BOOTING,-1,False,False,False,False,0,healthy
23.582480808,mixed_pdv_loss_holdover,1628.0,1628.0,3139.0,-73.5,-2318.0558726080117,6.0,2.0,1.5,0.0,0.0,0.0,20.0,4,149,Sync,23.41470578391931,c29a38.fffe.b34e68,128,248,254,65535,128,1,160,BOOTING,-1,False,False,False,False,0,healthy
23.707552274999998,mixed_pdv_loss_holdover,2086.0,2086.0,3139.0,-73.5,3661.9063563075306,6.0,2.0,1.5,0.0,0.0,0.0,20.0,4,150,Sync,15.990857451124588,c29a38.fffe.b34e68,128,248,254,65535,128,1,160,BOOTING,-1,False,False,False,False,0,healthy
23.899763066,mixed_pdv_loss_holdover,-1856.0,-1856.0,3231.0,6.0,-20508.73408038773,6.0,2.0,1.5,0.0,0.0,0.0,20.0,4,151,Sync,26.013107661577536,c29a38.fffe.b34e68,128,248,254,65535,128,1,160,BOOTING,-1,False,False,False,False,0,healthy
24.109058875000002,mixed_pdv_loss_holdover,619.0,619.0,3231.0,6.0,11825.368180210211,6.0,2.0,1.5,0.0,0.0,0.0,20.0,4,152,Sync,28.66755922475203,c29a38.fffe.b34e68,128,248,254,65535,128,1,160,BOOTING,-1,False,False,False,False,0,healthy
24.226054050000002,mixed_pdv_loss_holdover,619.0,619.0,3231.0,6.0,0.0,6.0,2.0,1.5,0.0,0.0,0.0,20.0,4,153,Sync,0.0,c29a38.fffe.b34e68,128,248,254,65535,128,1,160,BOOTING,-1,False,False,False,False,0,healthy
24.345865316,mixed_pdv_loss_holdover,1627.0,1627.0,3070.0,-142.5,8413.232191370103,6.0,2.0,1.5,0.0,0.0,0.0,20.0,4,154,Delay_Resp,33.38584202924644,c29a38.fffe.b34e68,128,248,254,65535,128,1,160,BOOTING,-1,False,False,False,False,0,healthy
24.467235924999997,mixed_pdv_loss_holdover,1789.0,1789.0,3070.0,-130.0,1334.754775762931,6.0,2.0,1.5,0.0,0.0,0.0,20.0,4,155,Sync,24.717681032646873,c29a38.fffe.b34e68,128,248,254,65535,128,1,160,BOOTING,-1,False,False,False,False,0,healthy
24.643968800000003,mixed_pdv_loss_holdover,1833.0,1833.0,3117.0,-83.0,248.963301253366,6.0,2.0,1.5,0.0,0.0,0.0,20.0,4,156,Sync,28.291284233337045,c29a38.fffe.b34e68,128,248,254,65535,128,1,160,BOOTING,-1,False,False,False,False,0,healthy
24.783331191000002,mixed_pdv_loss_holdover,-1558.0,-1558.0,3070.0,-124.5,-24332.2461366211,6.0,2.0,1.5,0.0,0.0,0.0,20.0,4,157,Delay_Resp,28.70214820008387,c29a38.fffe.b34e68,128,248,254,65535,128,1,160,BOOTING,-1,False,False,False,False,0,healthy
24.991819508,mixed_pdv_loss_holdover,1650.0,1650.0,3025.0,-157.0,15386.953313072441,6.0,2.0,1.5,0.0,0.0,0.0,20.0,4,158,Sync,33.5750228153077,c29a38.fffe.b34e68,128,248,254,65535,128,1,160,BOOTING,-1,False,False,False,False,0,healthy
25.151612841000002,mixed_pdv_loss_holdover,550.0,550.0,3025.0,-157.0,-6883.891707797208,6.0,2.0,1.5,0.0,0.0,0.0,20.0,4,159,Sync,12.516166741449469,c29a38.fffe.b34e68,128,248,254,65535,128,1,160,BOOTING,-1,False,False,False,False,0,healthy
25.266788433000002,mixed_pdv_loss_holdover,1192.0,1192.0,3025.0,-157.0,5574.097678612326,6.0,2.0,1.5,0.0,0.0,0.0,20.0,4,160,Sync,26.04718541407629,c29a38.fffe.b34e68,128,248,254,65535,128,1,160,BOOTING,-1,False,False,False,False,0,healthy
25.383273391000003,mixed_pdv_loss_holdover,-1741.0,-1741.0,3025.0,-157.0,-25179.216701953716,6.0,2.0,1.5,0.0,0.0,0.0,20.0,4,161,Sync,25.754398263164386,c29a38.fffe.b34e68,128,248,254,65535,128,1,160,BOOTING,-1,False,False,False,False,0,healthy
25.498854424999998,mixed_pdv_loss_holdover,1398.0,1398.0,2910.0,-265.0,27158.435007599503,6.0,2.0,1.5,0.0,0.0,0.0,20.0,4,162,Delay_Resp,34.6077540714871,c29a38.fffe.b34e68,128,248,254,65535,128,1,160,BOOTING,-1,False,False,False,False,0,healthy
25.718355025,mixed_pdv_loss_holdover,1765.0,1765.0,2864.0,-293.0,1671.9772064404115,6.0,2.0,1.5,0.0,0.0,0.0,20.0,4,163,Delay_Resp,18.223184811339635,c29a38.fffe.b34e68,128,248,254,65535,128,1,160,BOOTING,-1,False,False,False,False,0,healthy
25.913733450000002,mixed_pdv_loss_holdover,2063.0,2063.0,2704.0,-435.0,1525.245174844654,6.0,2.0,1.5,0.0,0.0,0.0,20.0,4,164,Sync,30.70963439284538,c29a38.fffe.b34e68,128,248,254,65535,128,1,160,BOOTING,-1,False,False,False,False,0,healthy
26.051227491,mixed_pdv_loss_holdover,963.0,963.0,2704.0,-435.0,-8000.346720480983,6.0,2.0,1.5,0.0,0.0,0.0,20.0,4,165,Sync,14.546084946329062,c29a38.fffe.b34e68,128,248,254,65535,128,1,160,BOOTING,-1,False,False,False,False,0,healthy
26.165527116,mixed_pdv_loss_holdover,9213.0,9213.0,2772.0,-360.0,72178.71449709416,6.0,2.0,1.5,0.0,0.0,0.0,20.0,4,166,Delay_Resp,43.74467545278434,c29a38.fffe.b34e68,128,248,254,65535,128,1,160,BOOTING,-1,False,False,False,False,0,healthy
26.280336775000002,mixed_pdv_loss_holdover,1078.0,1078.0,2681.0,-444.0,-70856.40764772099,6.0,2.0,1.5,0.0,0.0,0.0,20.0,4,167,Sync,26.13020564759225,c29a38.fffe.b34e68,128,248,254,65535,128,1,160,BOOTING,-1,False,False,False,False,0,healthy
26.468083125,mixed_pdv_loss_holdover,-1306.0,-1306.0,2681.0,-444.0,-12697.983209793587,6.0,2.0,1.5,0.0,0.0,0.0,20.0,4,168,Sync,15.979005717022131,c29a38.fffe.b34e68,128,248,254,65535,128,1,160,BOOTING,-1,False,False,False,False,0,healthy
26.644687483,mixed_pdv_loss_holdover,2819.0,2819.0,2681.0,-444.0,23357.294501192486,6.0,2.0,1.5,0.0,0.0,0.0,20.0,4,169,Sync,33.974246547189075,c29a38.fffe.b34e68,128,248,254,65535,128,1,160,BOOTING,-1,False,False,False,False,0,healthy
26.764842133000002,mixed_pdv_loss_holdover,734.0,734.0,2749.0,-372.0,-17352.63678933724,6.0,2.0,1.5,0.0,0.0,0.0,20.0,4,170,Sync,24.96782271847085,c29a38.fffe.b34e68,128,248,254,65535,128,1,160,BOOTING,-1,False,False,False,False,0,healthy
26.926065741000002,mixed_pdv_loss_holdover,2476.0,2476.0,3093.0,-15.5,10804.869222378384,6.0,2.0,1.5,0.0,0.0,0.0,20.0,4,171,Delay_Resp,37.21539341806562,c29a38.fffe.b34e68,128,248,254,65535,128,1,160,BOOTING,-1,False,False,False,False,0,healthy
27.089853632999997,mixed_pdv_loss_holdover,1674.0,1674.0,3024.0,-76.0,-4896.576848305887,6.0,2.0,1.5,0.0,0.0,0.0,20.0,4,172,Sync,30.527287084201294,c29a38.fffe.b34e68,128,248,254,65535,128,1,160,BOOTING,-1,False,False,False,False,0,healthy
27.284622290999998,mixed_pdv_loss_holdover,368.0,368.0,2795.0,-301.5,-6705.390966959342,6.0,2.0,1.5,0.0,0.0,0.0,20.0,4,173,Sync,15.402888898068934,c29a38.fffe.b34e68,128,248,254,65535,128,1,160,BOOTING,-1,False,False,False,False,0,healthy
27.401246307999997,mixed_pdv_loss_holdover,2063.0,2063.0,2795.0,-289.0,14533.884559987397,6.0,2.0,1.5,0.0,0.0,0.0,20.0,4,174,Sync,17.149126324468906,c29a38.fffe.b34e68,128,248,254,65535,128,1,160,BOOTING,-1,False,False,False,False,0,healthy
27.5172381,mixed_pdv_loss_holdover,459.0,459.0,3024.0,-48.5,-13828.564697060317,6.0,2.0,1.5,0.0,0.0,0.0,20.0,4,175,Delay_Resp,34.48519874578633,c29a38.fffe.b34e68,128,248,254,65535,128,1,160,BOOTING,-1,False,False,False,False,0,healthy
27.631535432999996,mixed_pdv_loss_holdover,826.0,826.0,3024.0,-46.0,3210.9235654694803,6.0,2.0,1.5,0.0,0.0,0.0,20.0,4,176,Sync,17.498221065228776,c29a38.fffe.b34e68,128,248,254,65535,128,1,160,BOOTING,-1,False,False,False,False,0,healthy
27.791381566,mixed_pdv_loss_holdover,-1741.0,-1741.0,2795.0,-275.0,-16059.193624658827,6.0,2.0,1.5,0.0,0.0,0.0,20.0,4,177,Sync,18.76804864588098,c29a38.fffe.b34e68,128,248,254,65535,128,1,160,BOOTING,-1,False,False,False,False,0,healthy
27.909110624999997,mixed_pdv_loss_holdover,1925.0,1925.0,2566.0,-481.5,31139.295864074214,6.0,2.0,1.5,0.0,0.0,0.0,20.0,4,178,Sync,25.482238841304596,c29a38.fffe.b34e68,128,248,254,65535,128,1,160,BOOTING,-1,False,False,False,False,0,healthy
28.110613207999997,mixed_pdv_loss_holdover,25300.0,25300.0,2750.0,-275.0,116003.47574700823,6.0,2.0,1.5,0.0,0.0,0.0,20.0,4,179,Sync,29.77629323987377,c29a38.fffe.b34e68,128,248,254,65535,128,1,160,BOOTING,-1,False,False,False,False,0,healthy
28.284369391,mixed_pdv_loss_holdover,2200.0,2200.0,3047.0,22.0,-132944.90936187148,6.0,2.0,1.5,0.0,0.0,0.0,20.0,4,180,Delay_Resp,23.020763525865192,c29a38.fffe.b34e68,128,248,254,65535,128,1,160,BOOTING,-1,False,False,False,False,0,healthy
28.471442357999997,mixed_pdv_loss_holdover,1078.0,1078.0,3047.0,22.0,-5997.659726004168,6.0,2.0,1.5,0.0,0.0,0.0,20.0,4,181,Sync,10.691015554374632,c29a38.fffe.b34e68,128,248,254,65535,128,1,160,BOOTING,-1,False,False,False,False,0,healthy
28.586327183,mixed_pdv_loss_holdover,-1420.0,-1420.0,2887.0,-138.0,-21743.515734126824,6.0,2.0,1.5,0.0,0.0,0.0,20.0,4,182,Sync,26.113109368446946,c29a38.fffe.b34e68,128,248,254,65535,128,1,160,BOOTING,-1,False,False,False,False,0,healthy
28.700988615999997,mixed_pdv_loss_holdover,1788.0,1788.0,3001.0,-24.0,27978.021171252443,6.0,2.0,1.5,0.0,0.0,0.0,20.0,4,183,Sync,26.16398488583458,c29a38.fffe.b34e68,128,248,254,65535,128,1,160,BOOTING,-1,False,False,False,False,0,healthy
28.863525991000003,mixed_pdv_loss_holdover,2797.0,2797.0,2795.0,-230.0,6207.802974546374,6.0,2.0,1.5,0.0,0.0,0.0,20.0,4,184,Sync,36.91458656816476,c29a38.fffe.b34e68,128,248,254,65535,128,1,160,BOOTING,-1,False,False,False,False,0,healthy
29.044152500000003,mixed_pdv_loss_holdover,1513.0,1513.0,2795.0,-230.0,-7108.591131548706,6.0,2.0,1.5,0.0,0.0,0.0,20.0,4,185,Sync,11.072571855994868,c29a38.fffe.b34e68,128,248,254,65535,128,1,160,BOOTING,-1,False,False,False,False,0,healthy
29.167238283000003,mixed_pdv_loss_holdover,1467.0,1467.0,2933.0,-92.0,-373.7230968421415,6.0,2.0,1.5,0.0,0.0,0.0,20.0,4,186,Delay_Resp,32.49766059496883,c29a38.fffe.b34e68,128,248,254,65535,128,1,160,BOOTING,-1,False,False,False,False,0,healthy
29.433354754,mixed_pdv_loss_holdover,1581.0,1581.0,2956.0,-69.0,428.38385602972113,6.0,2.0,1.5,0.0,0.0,0.0,20.0,4,187,Delay_Resp,30.062024984541836,c29a38.fffe.b34e68,128,248,254,65535,128,1,160,BOOTING,-1,False,False,False,False,0,healthy
29.616233604,mixed_pdv_loss_holdover,1535.0,1535.0,2956.0,-69.0,-251.53264032445304,6.0,2.0,1.5,0.0,0.0,0.0,20.0,4,188,Sync,27.34050438309272,c29a38.fffe.b34e68,128,248,254,65535,128,1,160,BOOTING,-1,False,False,False,False,0,healthy
29.733409912,mixed_pdv_loss_holdover,1535.0,1535.0,2956.0,-69.0,0.0,6.0,2.0,1.5,0.0,0.0,0.0,20.0,4,189,Delay_Resp,8.534148387744217,c29a38.fffe.b34e68,128,248,254,65535,128,1,160,BOOTING,-1,False,False,False,False,0,healthy
29.847747212,mixed_pdv_loss_holdover,1444.0,1444.0,2956.0,-68.5,-795.8907548105298,6.0,2.0,1.5,0.0,0.0,0.0,20.0,4,190,Sync,17.492104501330324,c29a38.fffe.b34e68,128,248,254,65535,128,1,160,BOOTING,-1,False,False,False,False,0,healthy
29.961430471,mixed_pdv_loss_holdover,2452.0,2452.0,3116.0,91.5,8866.740880466972,6.0,2.0,1.5,0.0,0.0,0.0,20.0,4,191,Delay_Resp,43.981849605490936,c29a38.fffe.b34e68,128,248,254,65535,128,1,160,BOOTING,-1,False,False,False,False,0,healthy
30.075164329000003,mixed_pdv_loss_holdover,184.0,184.0,3116.0,91.5,-19941.29136109964,6.0,2.0,1.5,0.0,0.0,0.0,20.0,4,192,Sync,17.584913016842716,c29a38.fffe.b34e68,128,248,254,65535,128,1,160,BOOTING,-1,False,False,False,False,0,healthy
30.247521862,mixed_pdv_loss_holdover,2017.0,2017.0,3116.0,91.5,10634.870249622581,6.0,2.0,1.5,0.0,0.0,0.0,20.0,4,193,Sync,29.00946603825036,c29a38.fffe.b34e68,128,248,254,65535,128,1,160,BOOTING,-1,False,False,False,False,0,healthy
30.365430496000002,mixed_pdv_loss_holdover,1375.0,1375.0,3116.0,91.5,-5444.893882834617,6.0,2.0,1.5,0.0,0.0,0.0,20.0,4,194,Sync,25.443429359040266,c29a38.fffe.b34e68,128,248,254,65535,128,1,160,BOOTING,-1,False,False,False,False,0,healthy
30.627141029,mixed_pdv_loss_holdover,1834.0,1834.0,3116.0,91.5,1753.846109052104,6.0,2.0,1.5,0.0,0.0,0.0,20.0,4,195,Delay_Resp,26.74710841691662,c29a38.fffe.b34e68,128,248,254,65535,128,1,160,BOOTING,-1,False,False,False,False,0,healthy
30.838760404,mixed_pdv_loss_holdover,-1901.0,-1901.0,3139.0,114.5,-17649.61265952154,6.0,2.0,1.5,0.0,0.0,0.0,20.0,4,196,Delay_Resp,28.352791420918138,c29a38.fffe.b34e68,128,248,254,65535,128,1,160,BOOTING,-1,False,False,False,False,0,healthy
30.955614504000003,mixed_pdv_loss_holdover,4286.0,4286.0,3139.0,114.5,52946.36645183823,6.0,2.0,1.5,0.0,0.0,0.0,20.0,4,197,Delay_Resp,34.23072018867834,c29a38.fffe.b34e68,128,248,254,65535,128,1,160,BOOTING,-1,False,False,False,False,0,healthy
31.069943737000003,mixed_pdv_loss_holdover,1169.0,1169.0,3139.0,114.5,-27263.368416020214,6.0,2.0,1.5,0.0,0.0,0.0,20.0,4,198,Sync,17.493338733410468,c29a38.fffe.b34e68,128,248,254,65535,128,1,160,BOOTING,-1,False,False,False,False,0,healthy
31.184505254,mixed_pdv_loss_holdover,1170.0,1170.0,3025.0,0.5,8.728934691044751,6.0,2.0,1.5,0.0,0.0,0.0,20.0,4,199,Delay_Resp,34.915738764179004,c29a38.fffe.b34e68,128,248,254,65535,128,1,160,BOOTING,-1,False,False,False,False,0,healthy
31.300774521,mixed_pdv_loss_holdover,1284.0,1284.0,3025.0,0.5,980.4826584139397,6.0,2.0,1.5,0.0,0.0,0.0,20.0,4,200,Sync,25.802175221419468,c29a38.fffe.b34e68,128,248,254,65535,128,1,160,BOOTING,-1,False,False,False,False,0,healthy
31.505074037,mixed_pdv_loss_holdover,2131.0,2131.0,3002.0,-22.0,4145.873747444435,6.0,2.0,1.5,0.0,0.0,0.0,20.0,4,201,Sync,29.36864520031477,c29a38.fffe.b34e68,128,248,254,65535,128,1,160,BOOTING,-1,False,False,False,False,0,healthy
31.763072254,mixed_pdv_loss_holdover,1375.0,1375.0,3208.0,184.0,-2930.252808685099,6.0,2.0,1.5,0.0,0.0,0.0,20.0,4,202,Delay_Resp,27.131970450787954,c29a38.fffe.b34e68,128,248,254,65535,128,1,160,BOOTING,-1,False,False,False,False,0,healthy
31.897066646,mixed_pdv_loss_holdover,1009.0,1009.0,3208.0,184.0,-2731.4575971209674,6.0,2.0,1.5,0.0,0.0,0.0,20.0,4,203,Sync,14.925997798475231,c29a38.fffe.b34e68,128,248,254,65535,128,1,160,BOOTING,-1,False,False,False,False,0,healthy
32.012249754,mixed_pdv_loss_holdover,-24.0,-24.0,2865.0,-159.0,-8968.32893239838,6.0,2.0,1.5,0.0,0.0,0.0,20.0,4,204,Delay_Resp,34.72731435585045,c29a38.fffe.b34e68,128,248,254,65535,128,1,160,BOOTING,-1,False,False,False,False,0,healthy
32.126959587,mixed_pdv_loss_holdover,1076.0,1076.0,2865.0,-159.0,9589.413315596128,6.0,2.0,1.5,0.0,0.0,0.0,20.0,4,205,Delay_Resp,34.870593874895015,c29a38.fffe.b34e68,128,248,254,65535,128,1,160,BOOTING,-1,False,False,False,False,0,healthy
32.242083479,mixed_pdv_loss_holdover,2451.0,2451.0,2865.0,-159.0,11943.654580406326,6.0,2.0,1.5,0.0,0.0,0.0,20.0,4,206,Sync,26.05888272088653,c29a38.fffe.b34e68,128,248,254,65535,128,1,160,BOOTING,-1,False,False,False,False,0,healthy
32.403951321,mixed_pdv_loss_holdover,3002.0,3002.0,3002.0,-22.0,3404.0115268850113,6.0,2.0,1.5,0.0,0.0,0.0,20.0,4,207,Sync,18.533638077413855,c29a38.fffe.b34e68,128,248,254,65535,128,1,160,BOOTING,-1,False,False,False,False,0,healthy
32.521672862,mixed_pdv_loss_holdover,665.0,665.0,2773.0,-240.0,-19851.93177177291,6.0,2.0,1.5,0.0,0.0,0.0,20.0,4,208,Delay_Resp,42.47311033755437,c29a38.fffe.b34e68,128,248,254,65535,128,1,160,BOOTING,-1,False,False,False,False,0,healthy
32.722464662,mixed_pdv_loss_holdover,321.0,321.0,2497.0,-505.0,-1713.2173724226002,6.0,2.0,1.5,0.0,0.0,0.0,20.0,4,209,Delay_Resp,24.901415296840117,c29a38.fffe.b34e68,128,248,254,65535,128,1,160,BOOTING,-1,False,False,False,False,0,healthy
32.956368112,mixed_pdv_loss_holdover,3187.0,3187.0,2612.0,-389.5,12252.91888597626,6.0,2.0,1.5,0.0,0.0,0.0,20.0,4,210,Sync,25.651609670571375,c29a38.fffe.b34e68,128,248,254,65535,128,1,160,BOOTING,-1,False,False,False,False,0,healthy
33.075630021,mixed_pdv_loss_holdover,2430.0,2430.0,2612.0,-389.5,-6347.374499933469,6.0,2.0,1.5,0.0,0.0,0.0,20.0,4,211,Sync,16.76981373826544,c29a38.fffe.b34e68,128,248,254,65535,128,1,160,BOOTING,-1,False,False,False,False,0,healthy
33.191173196,mixed_pdv_loss_holdover,459.0,459.0,2933.0,-68.5,-17058.55841333783,6.0,2.0,1.5,0.0,0.0,0.0,20.0,4,212,Sync,25.964320263832313,c29a38.fffe.b34e68,128,248,254,65535,128,1,160,BOOTING,-1,False,False,False,False,0,healthy
33.305851221,mixed_pdv_loss_holdover,3209.0,3209.0,2933.0,-68.5,23980.182776953887,6.0,2.0,1.5,0.0,0.0,0.0,20.0,4,213,Sync,17.440132928693735,c29a38.fffe.b34e68,128,248,254,65535,128,1,160,BOOTING,-1,False,False,False,False,0,healthy
33.454469562,mixed_pdv_loss_holdover,-182.0,-182.0,3391.0,389.5,-22816.833892661645,6.0,2.0,1.5,0.0,0.0,0.0,20.0,4,214,Sync,20.185933847828057,c29a38.fffe.b34e68,128,248,254,65535,128,1,160,BOOTING,-1,False,False,False,False,0,healthy
33.620214812,mixed_pdv_loss_holdover,1191.0,1191.0,2842.0,-158.5,8283.796971557229,6.0,2.0,1.5,0.0,0.0,0.0,20.0,4,215,Delay_Resp,42.23348783750954,c29a38.fffe.b34e68,128,248,254,65535,128,1,160,BOOTING,-1,False,False,False,False,0,healthy
33.736592337,mixed_pdv_loss_holdover,23650.0,23650.0,2842.0,-158.5,192983.99755451526,6.0,2.0,1.5,0.0,0.0,0.0,20.0,4,216,Sync,17.1854488227005,c29a38.fffe.b34e68,128,248,254,65535,128,1,160,BOOTING,-1,False,False,False,False,0,healthy
33.870144346,mixed_pdv_loss_holdover,-1879.0,-1879.0,2979.0,-21.5,-191153.9945460515,6.0,2.0,1.5,0.0,0.0,0.0,20.0,4,217,Delay_Resp,29.95087853751443,c29a38.fffe.b34e68,128,248,254,65535,128,1,160,BOOTING,-1,False,False,False,False,0,healthy
34.046912879,mixed_pdv_loss_holdover,871.0,871.0,2818.0,-182.0,15557.067501374751,6.0,2.0,1.5,0.0,0.0,0.0,20.0,4,218,Delay_Resp,33.942692730272185,c29a38.fffe.b34e68,128,248,254,65535,128,1,160,BOOTING,-1,False,False,False,False,0,healthy
34.202884446,mixed_pdv_loss_holdover,941.0,941.0,2772.0,-228.0,448.79974822590094,6.0,2.0,1.5,0.0,0.0,0.0,20.0,4,219,Sync,19.23427492396718,c29a38.fffe.b34e68,128,248,254,65535,128,1,160,BOOTING,-1,False,False,False,False,0,healthy
34.437938429,mixed_pdv_loss_holdover,-1572.0,-1572.0,2664.0,-336.0,-10691.161102341317,6.0,2.0,1.5,0.0,0.0,0.0,20.0,4,220,Sync,21.271709316238198,c29a38.fffe.b34e68,128,248,254,65535,128,1,160,BOOTING,-1,False,False,False,False,0,healthy
34.675777929,mixed_pdv_loss_holdover,1186.0,1186.0,1950.0,-1050.0,11596.05532302247,6.0,2.0,1.5,0.0,0.0,0.0,20.0,4,221,Sync,25.227096424269334,c29a38.fffe.b34e68,128,248,254,65535,128,1,160,BOOTING,-1,False,False,False,False,0,healthy
34.790967929,mixed_pdv_loss_holdover,2850.0,2850.0,1950.0,-1050.0,14445.698411320634,6.0,2.0,1.5,0.0,0.0,0.0,20.0,4,222,Sync,17.3626182828373,c29a38.fffe.b34e68,128,248,254,65535,128,1,160,BOOTING,-1,False,False,False,False,0,healthy
34.909212529,mixed_pdv_loss_holdover,4250.0,4250.0,1950.0,-1050.0,11839.864146015556,6.0,2.0,1.5,0.0,0.0,0.0,20.0,4,223,Sync,33.82818327433016,c29a38.fffe.b34e68,128,248,254,65535,128,1,160,BOOTING,-1,False,False,False,False,0,healthy
35.027253529,mixed_pdv_loss_holdover,2336.0,2336.0,2664.0,-336.0,-16214.7050601065,6.0,2.0,1.5,0.0,0.0,0.0,20.0,4,224,Delay_Resp,33.886530951110764,c29a38.fffe.b34e68,128,248,254,65535,128,1,160,BOOTING,-1,False,False,False,False,0,healthy
35.150113329,mixed_pdv_loss_holdover,3036.0,3036.0,2664.0,-336.0,5697.551192497441,6.0,2.0,1.5,0.0,0.0,0.0,20.0,4,225,Sync,16.27871769284983,c29a38.fffe.b34e68,128,248,254,65535,128,1,160,BOOTING,-1,False,False,False,False,0,healthy
35.271016329,mixed_pdv_loss_holdover,-1622.0,-1622.0,3022.0,22.0,-38526.75285145993,6.0,2.0,1.5,0.0,0.0,0.0,20.0,4,226,Sync,49.62656013498489,c29a38.fffe.b34e68,128,248,254,65535,128,1,160,BOOTING,-1,False,False,False,False,0,healthy
35.490811729,mixed_pdv_loss_holdover,1586.0,1586.0,2914.0,-86.0,14595.391896281564,6.0,2.0,1.5,0.0,0.0,0.0,20.0,4,227,Sync,13.649057259614928,c29a38.fffe.b34e68,128,248,254,65535,128,1,160,BOOTING,-1,False,False,False,False,0,healthy
35.613440229,mixed_pdv_loss_holdover,2300.0,2300.0,3200.0,199.5,5822.4637828890845,6.0,2.0,1.5,0.0,0.0,0.0,20.0,4,228,Sync,24.464133541550773,c29a38.fffe.b34e68,128,248,254,65535,128,1,160,BOOTING,-1,False,False,False,False,0,healthy
35.829572837,mixed_pdv_loss_holdover,-1600.0,-1600.0,3200.0,198.5,-18044.4775829474,6.0,2.0,1.5,0.0,0.0,0.0,20.0,4,229,Sync,9.253578247665333,c29a38.fffe.b34e68,128,248,254,65535,128,1,160,BOOTING,-1,False,False,False,False,0,healthy
35.948259838,mixed_pdv_loss_holdover,600.0,600.0,3450.0,448.0,18536.149548509024,6.0,2.0,1.5,0.0,0.0,0.0,20.0,4,230,Sync,25.276567566148668,c29a38.fffe.b34e68,128,248,254,65535,128,1,160,BOOTING,-1,False,False,False,False,0,healthy
36.065698911,mixed_pdv_loss_holdover,1450.0,1450.0,3450.0,448.0,7237.7955503787125,6.0,2.0,1.5,0.0,0.0,0.0,20.0,4,231,Sync,42.57526794340419,c29a38.fffe.b34e68,128,248,254,65535,128,1,160,BOOTING,-1,False,False,False,False,0,healthy
36.353011623,mixed_pdv_loss_holdover,-2050.0,-2050.0,3450.0,438.0,-12181.848744652742,6.0,2.0,1.5,0.0,0.0,0.0,20.0,4,232,Sync,6.961056425515852,c29a38.fffe.b34e68,128,248,254,65535,128,1,160,BOOTING,-1,False,False,False,False,0,healthy
36.472800682,mixed_pdv_loss_holdover,1175.0,1175.0,3725.0,702.0,26922.32518497401,6.0,2.0,1.5,0.0,0.0,0.0,20.0,4,233,Sync,50.088046855765604,c29a38.fffe.b34e68,128,248,254,65535,128,1,160,BOOTING,-1,False,False,False,False,0,healthy
36.72617454,mixed_pdv_loss_holdover,1450.0,1450.0,3550.0,526.0,1085.3526964885082,6.0,2.0,1.5,0.0,0.0,0.0,20.0,4,234,Sync,19.73368539070015,c29a38.fffe.b34e68,128,248,254,65535,128,1,160,BOOTING,-1,False,False,False,False,0,healthy
36.867995814,mixed_pdv_loss_holdover,2250.0,2250.0,3350.0,326.0,5640.902647652364,6.0,2.0,1.5,0.0,0.0,0.0,20.0,4,235,Sync,28.204513238261818,c29a38.fffe.b34e68,128,248,254,65535,128,1,160,BOOTING,-1,False,False,False,False,0,healthy
36.985272075,mixed_pdv_loss_holdover,2250.0,2250.0,3350.0,326.0,0.0,6.0,2.0,1.5,0.0,0.0,0.0,20.0,4,236,Delay_Resp,8.526874846393632,c29a38.fffe.b34e68,128,248,254,65535,128,1,160,BOOTING,-1,False,False,False,False,0,healthy
37.102033026,mixed_pdv_loss_holdover,-2150.0,-2150.0,3350.0,326.0,-37683.83147204644,6.0,2.0,1.5,0.0,0.0,0.0,20.0,4,237,Sync,25.693521458213482,c29a38.fffe.b34e68,128,248,254,65535,128,1,160,BOOTING,-1,False,False,False,False,0,healthy
37.219123696,mixed_pdv_loss_holdover,2450.0,2450.0,3350.0,326.0,39285.794504379846,6.0,2.0,1.5,0.0,0.0,0.0,20.0,4,238,Sync,17.080780219295587,c29a38.fffe.b34e68,128,248,254,65535,128,1,160,BOOTING,-1,False,False,False,False,0,healthy
37.397395097,mixed_pdv_loss_holdover,1712.0,1712.0,3350.0,326.0,-4139.755428297697,6.0,2.0,1.5,0.0,0.0,0.0,20.0,4,239,Sync,28.04712349795188,c29a38.fffe.b34e68,128,248,254,65535,128,1,160,BOOTING,-1,False,False,False,False,0,healthy
37.516237164,mixed_pdv_loss_holdover,2850.0,2850.0,3475.0,451.0,9575.733818227627,6.0,2.0,1.5,0.0,0.0,0.0,20.0,4,240,Sync,25.24358651553856,c29a38.fffe.b34e68,128,248,254,65535,128,1,160,BOOTING,-1,False,False,False,False,0,healthy
37.676302504,mixed_pdv_loss_holdover,925.0,925.0,3475.0,451.0,-12026.338743915783,6.0,2.0,1.5,0.0,0.0,0.0,20.0,4,241,Delay_Resp,43.732140886966484,c29a38.fffe.b34e68,128,248,254,65535,128,1,160,BOOTING,-1,False,False,False,False,0,healthy
38.036529731,mixed_pdv_loss_holdover,1025.0,1025.0,3425.0,401.0,277.6025588981901,6.0,2.0,1.5,0.0,0.0,0.0,20.0,4,242,Delay_Resp,24.984230300837112,c29a38.fffe.b34e68,128,248,254,65535,128,1,160,BOOTING,-1,False,False,False,False,0,healthy
38.157414103,mixed_pdv_loss_holdover,16775.0,16775.0,3425.0,401.0,130289.79461464322,6.0,2.0,1.5,0.0,0.0,0.0,20.0,4,243,Sync,16.54473582408168,c29a38.fffe.b34e68,128,248,254,65535,128,1,160,BOOTING,-1,False,False,False,False,0,healthy
38.277144739,mixed_pdv_loss_holdover,325.0,325.0,3475.0,451.0,-137391.73656439956,6.0,2.0,1.5,0.0,0.0,0.0,20.0,4,244,Sync,25.056243750346425,c29a38.fffe.b34e68,128,248,254,65535,128,1,160,BOOTING,-1,False,False,False,False,0,healthy
38.394344436,mixed_pdv_loss_holdover,1125.0,1125.0,3425.0,400.5,6825.956213863103,6.0,2.0,1.5,0.0,0.0,0.0,20.0,4,245,Sync,25.597335801986635,c29a38.fffe.b34e68,128,248,254,65535,128,1,160,BOOTING,-1,False,False,False,False,0,healthy
38.512853912,mixed_pdv_loss_holdover,3475.0,3475.0,3425.0,400.5,19829.637927012714,6.0,2.0,1.5,0.0,0.0,0.0,20.0,4,246,Sync,16.87628759745763,c29a38.fffe.b34e68,128,248,254,65535,128,1,160,BOOTING,-1,False,False,False,False,0,healthy
38.62921645,mixed_pdv_loss_holdover,575.0,575.0,3300.0,275.5,-24922.110241355305,6.0,2.0,1.5,0.0,0.0,0.0,20.0,4,247,Sync,25.781493353126177,c29a38.fffe.b34e68,128,248,254,65535,128,1,160,BOOTING,-1,False,False,False,False,0,healthy
38.849269225,mixed_pdv_loss_holdover,34700.0,34700.0,3100.0,75.5,155076.43564140523,6.0,2.0,1.5,0.0,0.0,0.0,20.0,4,248,Sync,27.26618648640092,c29a38.fffe.b34e68,128,248,254,65535,128,1,160,BOOTING,-1,False,False,False,False,0,healthy
38.988657552,mixed_pdv_loss_holdover,-1600.0,-1600.0,3100.0,75.5,-260423.52886551456,6.0,2.0,1.5,0.0,0.0,0.0,20.0,4,249,Delay_Resp,28.69680758848645,c29a38.fffe.b34e68,128,248,254,65535,128,1,160,BOOTING,-1,False,False,False,False,0,healthy
39.224953933,mixed_pdv_loss_holdover,2225.0,2225.0,2975.0,-49.0,16187.298272672062,6.0,2.0,1.5,0.0,0.0,0.0,20.0,4,250,Sync,21.159867023100734,c29a38.fffe.b34e68,128,248,254,65535,128,1,160,BOOTING,-1,False,False,False,False,0,healthy
39.39527559,mixed_pdv_loss_holdover,-1475.0,-1475.0,2975.0,-49.0,-21723.60265377235,6.0,2.0,1.5,0.0,0.0,0.0,20.0,4,251,Sync,17.613731881437037,c29a38.fffe.b34e68,128,248,254,65535,128,1,160,BOOTING,-1,False,False,False,False,0,healthy
39.51433082,mixed_pdv_loss_holdover,1050.0,1050.0,2900.0,-123.0,21208.644088965975,6.0,2.0,1.5,0.0,0.0,0.0,20.0,4,252,Delay_Resp,33.597852022124314,c29a38.fffe.b34e68,128,248,254,65535,128,1,160,BOOTING,-1,False,False,False,False,0,healthy
39.631024831,mixed_pdv_loss_holdover,36100.0,36100.0,2900.0,-112.0,300358.17347987153,6.0,2.0,1.5,0.0,0.0,0.0,20.0,4,253,Sync,17.138840141504794,c29a38.fffe.b34e68,128,248,254,65535,128,1,160,BOOTING,-1,False,False,False,False,0,healthy
39.755338465,mixed_pdv_loss_holdover,2500.0,2500.0,3225.0,213.0,-270284.1105907905,6.0,2.0,1.5,0.0,0.0,0.0,20.0,4,254,Delay_Resp,40.22084979029621,c29a38.fffe.b34e68,128,248,254,65535,128,1,160,BOOTING,-1,False,False,False,False,0,healthy
39.876130814,mixed_pdv_loss_holdover,1175.0,1175.0,3300.0,288.0,-10969.237795019755,6.0,2.0,1.5,0.0,0.0,0.0,20.0,4,255,Sync,24.836010101931524,c29a38.fffe.b34e68,128,248,254,65535,128,1,160,BOOTING,-1,False,False,False,False,0,healthy
40.143582357,mixed_pdv_loss_holdover,-1825.0,-1825.0,3225.0,213.0,-11216.985201689416,6.0,2.0,1.5,0.0,0.0,0.0,20.0,4,256,Sync,18.694975336149028,c29a38.fffe.b34e68,128,248,254,65535,128,1,160,BOOTING,-1,False,False,False,False,0,healthy
40.378701835,mixed_pdv_loss_holdover,950.0,950.0,3450.0,438.0,11802.510041299016,6.0,2.0,1.5,0.0,0.0,0.0,20.0,4,257,Delay_Resp,29.772097401474994,c29a38.fffe.b34e68,128,248,254,65535,128,1,160,BOOTING,-1,False,False,False,False,0,healthy
40.508832313,mixed_pdv_loss_holdover,2250.0,2250.0,3550.0,538.0,9989.973294342459,6.0,2.0,1.5,0.0,0.0,0.0,20.0,4,258,Sync,23.053784525405675,c29a38.fffe.b34e68,128,248,254,65535,128,1,160,BOOTING,-1,False,False,False,False,0,healthy
40.631465263,mixed_pdv_loss_holdover,3850.0,3850.0,3550.0,538.0,13047.064430888726,6.0,2.0,1.5,0.0,0.0,0.0,20.0,4,259,Sync,16.30883053861091,c29a38.fffe.b34e68,128,248,254,65535,128,1,160,BOOTING,-1,False,False,False,False,0,healthy
40.754184181,mixed_pdv_loss_holdover,1925.0,1925.0,3575.0,563.0,-15686.253035575577,6.0,2.0,1.5,0.0,0.0,0.0,20.0,4,260,Delay_Resp,32.59481150249471,c29a38.fffe.b34e68,128,248,254,65535,128,1,160,BOOTING,-1,False,False,False,False,0,healthy
40.874148842,mixed_pdv_loss_holdover,1850.0,1850.0,3550.0,538.0,-625.1841115109861,6.0,2.0,1.5,0.0,0.0,0.0,20.0,4,261,Sync,33.34315261391926,c29a38.fffe.b34e68,128,248,254,65535,128,1,160,BOOTING,-1,False,False,False,False,0,healthy
41.135643949,mixed_pdv_loss_holdover,1950.0,1950.0,3550.0,527.0,382.41633331976385,6.0,2.0,1.5,0.0,0.0,0.0,20.0,4,262,Sync,19.120816665988194,c29a38.fffe.b34e68,128,248,254,65535,128,1,160,BOOTING,-1,False,False,False,False,0,healthy
41.257007909,mixed_pdv_loss_holdover,1450.0,1450.0,3550.0,526.0,-4119.839201027926,6.0,2.0,1.5,0.0,0.0,0.0,20.0,4,263,Delay_Resp,32.958713608223405,c29a38.fffe.b34e68,128,248,254,65535,128,1,160,BOOTING,-1,False,False,False,False,0,healthy
41.51015926,mixed_pdv_loss_holdover,1050.0,1050.0,3550.0,526.0,-1580.0824227084634,6.0,2.0,1.5,0.0,0.0,0.0,20.0,4,264,Sync,19.75103028385579,c29a38.fffe.b34e68,128,248,254,65535,128,1,160,BOOTING,-1,False,False,False,False,0,healthy
41.636154634,mixed_pdv_loss_holdover,2750.0,2750.0,3550.0,525.5,13492.558861724707,6.0,2.0,1.5,0.0,0.0,0.0,20.0,4,265,Sync,15.873598660852597,c29a38.fffe.b34e68,128,248,254,65535,128,1,160,BOOTING,-1,False,False,False,False,0,healthy
41.756772976,mixed_pdv_loss_holdover,2325.0,2325.0,3575.0,550.0,-3523.510545353038,6.0,2.0,1.5,0.0,0.0,0.0,20.0,4,266,Sync,24.871839143668502,c29a38.fffe.b34e68,128,248,254,65535,128,1,160,BOOTING,-1,False,False,False,False,0,healthy
41.879191825,mixed_pdv_loss_holdover,2725.0,2725.0,3675.0,639.0,3267.470681741205,6.0,2.0,1.5,0.0,0.0,0.0,20.0,4,267,Sync,24.506030113059037,c29a38.fffe.b34e68,128,248,254,65535,128,1,160,BOOTING,-1,False,False,False,False,0,healthy
42.003840165999996,mixed_pdv_loss_holdover,1325.0,1325.0,3675.0,628.0,-11231.597538871667,6.0,2.0,1.5,0.0,0.0,0.0,20.0,4,268,Sync,16.04513934124524,c29a38.fffe.b34e68,128,248,254,65535,128,1,160,BOOTING,-1,False,False,False,False,0,healthy
42.198033823,mixed_pdv_loss_holdover,1250.0,1250.0,3650.0,580.0,-386.21240857520604,6.0,2.0,1.5,0.0,0.0,0.0,20.0,4,269,Sync,15.448496343008241,c29a38.fffe.b34e68,128,248,254,65535,128,1,160,BOOTING,-1,False,False,False,False,0,healthy
42.314122937,mixed_pdv_loss_holdover,-1775.0,-1775.0,3425.0,328.5,-26057.568154065364,6.0,2.0,1.5,0.0,0.0,0.0,20.0,4,270,Delay_Resp,34.456288468185605,c29a38.fffe.b34e68,128,248,254,65535,128,1,160,BOOTING,-1,False,False,False,False,0,healthy
42.512658451,mixed_pdv_loss_holdover,1850.0,1850.0,3275.0,175.0,18258.698038276456,6.0,2.0,1.5,0.0,0.0,0.0,20.0,4,271,Delay_Resp,35.25817552218901,c29a38.fffe.b34e68,128,248,254,65535,128,1,160,BOOTING,-1,False,False,False,False,0,healthy
42.728701662,mixed_pdv_loss_holdover,-2225.0,-2225.0,3275.0,167.0,-18861.96738670035,6.0,2.0,1.5,0.0,0.0,0.0,20.0,4,272,Delay_Resp,23.143518265890002,c29a38.fffe.b34e68,128,248,254,65535,128,1,160,BOOTING,-1,False,False,False,False,0,healthy
42.847293659,mixed_pdv_loss_holdover,725.0,725.0,3275.0,159.0,24875.20300379062,6.0,2.0,1.5,0.0,0.0,0.0,20.0,4,273,Sync,25.296816614024358,c29a38.fffe.b34e68,128,248,254,65535,128,1,160,BOOTING,-1,False,False,False,False,0,healthy
42.965922628,mixed_pdv_loss_holdover,1725.0,1725.0,3250.0,134.0,8429.64419592995,6.0,2.0,1.5,0.0,0.0,0.0,20.0,4,274,Sync,25.28893258778985,c29a38.fffe.b34e68,128,248,254,65535,128,1,160,BOOTING,-1,False,False,False,False,0,healthy
43.084607413,mixed_pdv_loss_holdover,450.0,450.0,3125.0,9.0,-10742.741792892899,6.0,2.0,1.5,0.0,0.0,0.0,20.0,4,275,Sync,25.27703951268917,c29a38.fffe.b34e68,128,248,254,65535,128,1,160,BOOTING,-1,False,False,False,False,0,healthy
43.249368679999996,mixed_pdv_loss_holdover,1675.0,1675.0,2925.0,-191.0,7434.999877732374,6.0,2.0,1.5,0.0,0.0,0.0,20.0,4,276,Sync,36.4163259317504,c29a38.fffe.b34e68,128,248,254,65535,128,1,160,BOOTING,-1,False,False,False,False,0,healthy
43.417804233,mixed_pdv_loss_holdover,1375.0,1375.0,2950.0,-166.0,-1781.0966548137055,6.0,2.0,1.5,0.0,0.0,0.0,20.0,4,277,Sync,17.810966548137056,c29a38.fffe.b34e68,128,248,254,65535,128,1,160,BOOTING,-1,False,False,False,False,0,healthy
43.543750998,mixed_pdv_loss_holdover,1950.0,1950.0,2950.0,-166.0,4565.420953844994,6.0,2.0,1.5,0.0,0.0,0.0,20.0,4,278,Sync,15.879725056852154,c29a38.fffe.b34e68,128,248,254,65535,128,1,160,BOOTING,-1,False,False,False,False,0,healthy
43.711171854999996,mixed_pdv_loss_holdover,1050.0,1050.0,2875.0,-241.0,-5375.6743103998115,6.0,2.0,1.5,0.0,0.0,0.0,20.0,4,279,Sync,17.91891436799937,c29a38.fffe.b34e68,128,248,254,65535,128,1,160,BOOTING,-1,False,False,False,False,0,healthy
43.934093135,mixed_pdv_loss_holdover,1825.0,1825.0,2875.0,-241.0,3476.5635653984914,6.0,2.0,1.5,0.0,0.0,0.0,20.0,4,280,Sync,26.915330828891545,c29a38.fffe.b34e68,128,248,254,65535,128,1,160,BOOTING,-1,False,False,False,False,0,healthy
44.049677801,mixed_pdv_loss_holdover,1425.0,1425.0,2875.0,-241.0,-3460.666659710615,6.0,2.0,1.5,0.0,0.0,0.0,20.0,4,281,Delay_Resp,43.25833324638269,c29a38.fffe.b34e68,128,248,254,65535,128,1,160,BOOTING,-1,False,False,False,False,0,healthy
44.167677064,mixed_pdv_loss_holdover,2325.0,2325.0,2875.0,-241.0,7627.166281538457,6.0,2.0,1.5,0.0,0.0,0.0,20.0,4,282,Sync,16.949258403418792,c29a38.fffe.b34e68,128,248,254,65535,128,1,160,BOOTING,-1,False,False,False,False,0,healthy
44.294026206,mixed_pdv_loss_holdover,2850.0,2850.0,3025.0,-91.0,4155.152869973745,6.0,2.0,1.5,0.0,0.0,0.0,20.0,4,283,Delay_Resp,31.65830758075234,c29a38.fffe.b34e68,128,248,254,65535,128,1,160,BOOTING,-1,False,False,False,False,0,healthy
44.495740012000006,mixed_pdv_loss_holdover,5525.0,5525.0,3075.0,-41.0,13261.362982759323,6.0,2.0,1.5,0.0,0.0,0.0,20.0,4,284,Sync,24.787594360297803,c29a38.fffe.b34e68,128,248,254,65535,128,1,160,BOOTING,-1,False,False,False,False,0,healthy
44.726944042999996,mixed_pdv_loss_holdover,25.0,25.0,3475.0,359.0,-23788.512580043363,6.0,2.0,1.5,0.0,0.0,0.0,20.0,4,285,Delay_Resp,34.60147284369943,c29a38.fffe.b34e68,128,248,254,65535,128,1,160,BOOTING,-1,False,False,False,False,0,healthy
44.93142091399999,mixed_pdv_loss_holdover,2025.0,2025.0,3500.0,379.5,9781.057340221272,6.0,2.0,1.5,0.0,0.0,0.0,20.0,4,286,Sync,19.562114680442544,c29a38.fffe.b34e68,128,248,254,65535,128,1,160,BOOTING,-1,False,False,False,False,0,healthy
45.047344211,mixed_pdv_loss_holdover,-2400.0,-2400.0,3500.0,368.0,-38171.792163568774,6.0,2.0,1.5,0.0,0.0,0.0,20.0,4,287,Sync,17.252787418562157,c29a38.fffe.b34e68,128,248,254,65535,128,1,160,BOOTING,-1,False,False,False,False,0,healthy
45.163020343999996,mixed_pdv_loss_holdover,300.0,300.0,3500.0,361.0,23341.029216460276,6.0,2.0,1.5,0.0,0.0,0.0,20.0,4,288,Delay_Resp,34.57930254290412,c29a38.fffe.b34e68,128,248,254,65535,128,1,160,BOOTING,-1,False,False,False,False,0,healthy
45.278802831,mixed_pdv_loss_holdover,1700.0,1700.0,3325.0,186.0,12091.638694891308,6.0,2.0,1.5,0.0,0.0,0.0,20.0,4,289,Delay_Resp,34.54753912826088,c29a38.fffe.b34e68,128,248,254,65535,128,1,160,BOOTING,-1,False,False,False,False,0,healthy
45.503311832,mixed_pdv_loss_holdover,1425.0,1425.0,3150.0,5.5,-1224.8952103261038,6.0,2.0,1.5,0.0,0.0,0.0,20.0,4,290,Delay_Resp,35.63331520948665,c29a38.fffe.b34e68,128,248,254,65535,128,1,160,BOOTING,-1,False,False,False,False,0,healthy
45.718292032,mixed_pdv_loss_holdover,-1750.0,-1750.0,3150.0,0.0,-14768.801964087897,6.0,2.0,1.5,0.0,0.0,0.0,20.0,4,291,Sync,13.954773509374391,c29a38.fffe.b34e68,128,248,254,65535,128,1,160,BOOTING,-1,False,False,False,False,0,healthy
45.847057333,mixed_pdv_loss_holdover,39250.0,39250.0,3175.0,12.5,318408.76137896464,6.0,2.0,1.5,0.0,0.0,0.0,20.0,4,292,Delay_Resp,31.06426940282582,c29a38.fffe.b34e68,128,248,254,65535,128,1,160,BOOTING,-1,False,False,False,False,0,healthy
45.967105851999996,mixed_pdv_loss_holdover,1725.0,1725.0,3175.0,0.0,-312581.9486369668,6.0,2.0,1.5,0.0,0.0,0.0,20.0,4,293,Sync,16.659930640211424,c29a38.fffe.b34e68,128,248,254,65535,128,1,160,BOOTING,-1,False,False,False,False,0,healthy
46.085584183,mixed_pdv_loss_holdover,525.0,525.0,3175.0,0.0,-10128.434371682211,6.0,2.0,1.5,0.0,0.0,0.0,20.0,4,294,Sync,25.32108592920553,c29a38.fffe.b34e68,128,248,254,65535,128,1,160,BOOTING,-1,False,False,False,False,0,healthy
46.281846443,mixed_pdv_loss_holdover,1925.0,1925.0,3175.0,0.0,7133.31233422064,6.0,2.0,1.5,0.0,0.0,0.0,20.0,4,295,Sync,25.47611547935943,c29a38.fffe.b34e68,128,248,254,65535,128,1,160,BOOTING,-1,False,False,False,False,0,healthy
46.483729362,mixed_pdv_loss_holdover,1125.0,1125.0,3175.0,0.0,-3962.692851691943,6.0,2.0,1.5,0.0,0.0,0.0,20.0,4,296,Sync,24.766830323074643,c29a38.fffe.b34e68,128,248,254,65535,128,1,160,BOOTING,-1,False,False,False,False,0,healthy
46.63046318599999,mixed_pdv_loss_holdover,-1975.0,-1975.0,3175.0,0.0,-21126.689917112173,6.0,2.0,1.5,0.0,0.0,0.0,20.0,4,297,Sync,20.445183790753717,c29a38.fffe.b34e68,128,248,254,65535,128,1,160,BOOTING,-1,False,False,False,False,0,healthy
46.750639504,mixed_pdv_loss_holdover,37724.0,37724.0,3075.0,-100.0,330339.6264811351,6.0,2.0,1.5,0.0,0.0,0.0,20.0,4,298,Sync,24.963320976432787,c29a38.fffe.b34e68,128,248,254,65535,128,1,160,BOOTING,-1,False,False,False,False,0,healthy
46.868174542,mixed_pdv_loss_holdover,37724.0,37724.0,3075.0,-100.0,0.0,6.0,2.0,1.5,0.0,0.0,0.0,20.0,4,299,Announce,8.50810121829375,c29a38.fffe.b34e68,128,248,254,65535,128,1,160,BOOTING,-1,False,False,False,False,0,healthy
47.04601773700001,mixed_pdv_loss_holdover,2825.0,2825.0,3075.0,-100.0,-196234.6661619432,6.0,2.0,1.5,0.0,0.0,0.0,20.0,4,300,Sync,28.11465459783134,c29a38.fffe.b34e68,128,248,254,65535,128,1,160,BOOTING,-1,False,False,False,False,0,healthy
47.192558662,mixed_pdv_loss_holdover,925.0,925.0,2875.0,-300.0,-12965.6612990538,6.0,2.0,1.5,0.0,0.0,0.0,20.0,4,301,Delay_Resp,27.29612905063958,c29a38.fffe.b34e68,128,248,254,65535,128,1,160,BOOTING,-1,False,False,False,False,0,healthy
47.394868878000004,mixed_pdv_loss_holdover,3325.0,3325.0,2875.0,-300.0,11862.969885811357,6.0,2.0,1.5,0.0,0.0,0.0,20.0,4,302,Sync,24.714520595440327,c29a38.fffe.b34e68,128,248,254,65535,128,1,160,BOOTING,-1,False,False,False,False,0,healthy
47.549953339999995,mixed_pdv_loss_holdover,2925.0,2925.0,2875.0,-300.0,-2579.239691981676,6.0,2.0,1.5,0.0,0.0,0.0,20.0,4,303,Sync,32.240496149770955,c29a38.fffe.b34e68,128,248,254,65535,128,1,160,BOOTING,-1,False,False,False,False,0,healthy
47.819675162,mixed_pdv_loss_holdover,1750.0,1750.0,3050.0,-125.0,-4356.340140694899,6.0,2.0,1.5,0.0,0.0,0.0,20.0,4,304,Sync,11.122570571986977,c29a38.fffe.b34e68,128,248,254,65535,128,1,160,BOOTING,-1,False,False,False,False,0,healthy
47.93530011399999,mixed_pdv_loss_holdover,2450.0,2450.0,3175.0,0.0,6054.056567306151,6.0,2.0,1.5,0.0,0.0,0.0,20.0,4,305,Delay_Resp,34.594608956035145,c29a38.fffe.b34e68,128,248,254,65535,128,1,160,BOOTING,-1,False,False,False,False,0,healthy
48.054838137,mixed_pdv_loss_holdover,2925.0,2925.0,3175.0,0.0,3973.631051267963,6.0,2.0,1.5,0.0,0.0,0.0,20.0,4,306,Sync,16.73107811060195,c29a38.fffe.b34e68,128,248,254,65535,128,1,160,BOOTING,-1,False,False,False,False,0,healthy
48.174138561,mixed_pdv_loss_holdover,3899.0,3899.0,3300.0,125.0,8164.2626852691,6.0,2.0,1.5,0.0,0.0,0.0,20.0,4,307,Sync,25.146599646619404,c29a38.fffe.b34e68,128,248,254,65535,128,1,160,BOOTING,-1,False,False,False,False,0,healthy
48.294825175999996,mixed_pdv_loss_holdover,1700.0,1700.0,3300.0,125.0,-18220.744694845063,6.0,2.0,1.5,0.0,0.0,0.0,20.0,4,308,Sync,16.57184601623016,c29a38.fffe.b34e68,128,248,254,65535,128,1,160,BOOTING,-1,False,False,False,False,0,healthy
48.489562247,mixed_pdv_loss_holdover,4175.0,4175.0,3500.0,312.5,12709.44452070929,6.0,2.0,1.5,0.0,0.0,0.0,20.0,4,309,Delay_Resp,20.540516397105925,c29a38.fffe.b34e68,128,248,254,65535,128,1,160,BOOTING,-1,False,False,False,False,0,healthy
48.740761105,mixed_pdv_loss_holdover,2400.0,2400.0,3500.0,300.0,-7066.114926366563,6.0,2.0,1.5,0.0,0.0,0.0,20.0,4,310,Sync,31.847278541370425,c29a38.fffe.b34e68,128,248,254,65535,128,1,160,BOOTING,-1,False,False,False,False,0,healthy
48.910229161,mixed_pdv_loss_holdover,600.0,600.0,3500.0,287.5,-10621.47075080631,6.0,2.0,1.5,0.0,0.0,0.0,20.0,4,311,Sync,17.70245125134385,c29a38.fffe.b34e68,128,248,254,65535,128,1,160,BOOTING,-1,False,False,False,False,0,healthy
49.025143318,mixed_pdv_loss_holdover,1100.0,1100.0,3500.0,275.0,4351.073993433158,6.0,2.0,1.5,0.0,0.0,0.0,20.0,4,312,Sync,26.106443960598945,c29a38.fffe.b34e68,128,248,254,65535,128,1,160,BOOTING,-1,False,False,False,False,0,healthy
49.140374673000004,mixed_pdv_loss_holdover,1200.0,1200.0,3500.0,262.5,867.819353508382,6.0,2.0,1.5,0.0,0.0,0.0,20.0,4,313,Sync,17.35638707016764,c29a38.fffe.b34e68,128,248,254,65535,128,1,160,BOOTING,-1,False,False,False,False,0,healthy
49.257102816999996,mixed_pdv_loss_holdover,700.0,700.0,3500.0,262.5,-4283.457124102239,6.0,2.0,1.5,0.0,0.0,0.0,20.0,4,314,Sync,25.700742744613432,c29a38.fffe.b34e68,128,248,254,65535,128,1,160,BOOTING,-1,False,False,False,False,0,healthy
49.464325597000006,mixed_pdv_loss_holdover,2100.0,2100.0,3500.0,237.5,6756.0139864928815,6.0,2.0,1.5,0.0,0.0,0.0,20.0,4,315,Sync,14.477172828199032,c29a38.fffe.b34e68,128,248,254,65535,128,1,160,BOOTING,-1,False,False,False,False,0,healthy
49.603397276,mixed_pdv_loss_holdover,1900.0,1900.0,3500.0,225.0,-1438.1073230589545,6.0,2.0,1.5,0.0,0.0,0.0,20.0,4,316,Sync,21.571609845884318,c29a38.fffe.b34e68,128,248,254,65535,128,1,160,BOOTING,-1,False,False,False,False,0,healthy
49.824963351,mixed_pdv_loss_holdover,1775.0,1775.0,3475.0,200.0,-564.1657911753906,6.0,2.0,1.5,0.0,0.0,0.0,20.0,4,317,Sync,27.079957976418747,c29a38.fffe.b34e68,128,248,254,65535,128,1,160,BOOTING,-1,False,False,False,False,0,healthy
50.045439834,mixed_pdv_loss_holdover,950.0,950.0,3150.0,-125.0,-3741.89568326888,6.0,2.0,1.5,0.0,0.0,0.0,20.0,4,318,Delay_Resp,40.82068018111505,c29a38.fffe.b34e68,128,248,254,65535,128,1,160,BOOTING,-1,False,False,False,False,0,healthy
50.160712188,mixed_pdv_loss_holdover,3650.0,3650.0,3150.0,-125.0,23422.788780734372,6.0,2.0,1.5,0.0,0.0,0.0,20.0,4,319,Sync,17.350213911655093,c29a38.fffe.b34e68,128,248,254,65535,128,1,160,BOOTING,-1,False,False,False,False,0,healthy
50.277076934,mixed_pdv_loss_holdover,1150.0,1150.0,3350.0,62.5,-21484.170128296024,6.0,2.0,1.5,0.0,0.0,0.0,20.0,4,320,Delay_Resp,34.37467220527364,c29a38.fffe.b34e68,128,248,254,65535,128,1,160,BOOTING,-1,False,False,False,False,0,healthy
50.393179282,mixed_pdv_loss_holdover,1450.0,1450.0,3250.0,-37.5,2583.927070966768,6.0,2.0,1.5,0.0,0.0,0.0,20.0,4,321,Sync,25.83927070966768,c29a38.fffe.b34e68,128,248,254,65535,128,1,160,BOOTING,-1,False,False,False,False,0,healthy
50.512116209999995,mixed_pdv_loss_holdover,750.0,750.0,3250.0,-37.5,-5885.472340432571,6.0,2.0,1.5,0.0,0.0,0.0,20.0,4,322,Sync,16.815635258378776,c29a38.fffe.b34e68,128,248,254,65535,128,1,160,BOOTING,-1,False,False,False,False,0,healthy
50.630381441999994,mixed_pdv_loss_holdover,1450.0,1450.0,3050.0,-237.5,5918.899309308478,6.0,2.0,1.5,0.0,0.0,0.0,20.0,4,323,Sync,25.366711325607763,c29a38.fffe.b34e68,128,248,254,65535,128,1,160,BOOTING,-1,False,False,False,False,0,healthy
50.82970538,mixed_pdv_loss_holdover,-1500.0,-1500.0,2900.0,-387.5,-14800.028684963607,6.0,2.0,1.5,0.0,0.0,0.0,20.0,4,324,Delay_Resp,25.084794381294248,c29a38.fffe.b34e68,128,248,254,65535,128,1,160,BOOTING,-1,False,False,False,False,0,healthy
50.976164006,mixed_pdv_loss_holdover,1700.0,1700.0,3000.0,-287.5,21849.173977639613,6.0,2.0,1.5,0.0,0.0,0.0,20.0,4,325,Sync,34.1393343400619,c29a38.fffe.b34e68,128,248,254,65535,128,1,160,BOOTING,-1,False,False,False,False,0,healthy
51.225418776999994,mixed_pdv_loss_holdover,900.0,900.0,3100.0,-187.5,-3209.5674509677096,6.0,2.0,1.5,0.0,0.0,0.0,20.0,4,326,Delay_Resp,20.059796568548187,c29a38.fffe.b34e68,128,248,254,65535,128,1,160,BOOTING,-1,False,False,False,False,0,healthy
51.433949347,mixed_pdv_loss_holdover,1375.0,1375.0,2925.0,-362.5,2277.8434835716525,6.0,2.0,1.5,0.0,0.0,0.0,20.0,4,327,Sync,23.977299827070027,c29a38.fffe.b34e68,128,248,254,65535,128,1,160,BOOTING,-1,False,False,False,False,0,healthy
51.54927090099999,mixed_pdv_loss_holdover,3300.0,3300.0,2800.0,-487.5,16692.456294858443,6.0,2.0,1.5,0.0,0.0,0.0,20.0,4,328,Sync,26.014217602376792,c29a38.fffe.b34e68,128,248,254,65535,128,1,160,BOOTING,-1,False,False,False,False,0,healthy
51.667141937000004,mixed_pdv_loss_holdover,3600.0,3600.0,2800.0,-487.5,2545.1545195545064,6.0,2.0,1.5,0.0,0.0,0.0,20.0,4,329,Sync,25.451545195545062,c29a38.fffe.b34e68,128,248,254,65535,128,1,160,BOOTING,-1,False,False,False,False,0,healthy
51.786222563,mixed_pdv_loss_holdover,1700.0,1700.0,2800.0,-475.0,-15955.576182476729,6.0,2.0,1.5,0.0,0.0,0.0,20.0,4,330,Sync,16.795343349975504,c29a38.fffe.b34e68,128,248,254,65535,128,1,160,BOOTING,-1,False,False,False,False,0,healthy
51.903509703000005,mixed_pdv_loss_holdover,1275.0,1275.0,2925.0,-350.0,-3623.5856718817845,6.0,2.0,1.5,0.0,0.0,0.0,20.0,4,331,Sync,25.57825180151848,c29a38.fffe.b34e68,128,248,254,65535,128,1,160,BOOTING,-1,False,False,False,False,0,healthy
52.108816697,mixed_pdv_loss_holdover,-1050.0,-1050.0,2850.0,-412.5,-11324.5046099113,6.0,2.0,1.5,0.0,0.0,0.0,20.0,4,332,Delay_Resp,34.09528269650714,c29a38.fffe.b34e68,128,248,254,65535,128,1,160,BOOTING,-1,False,False,False,False,0,healthy
52.349105634000004,mixed_pdv_loss_holdover,3175.0,3175.0,2850.0,-400.0,17582.998421604218,6.0,2.0,1.5,0.0,0.0,0.0,20.0,4,333,Sync,24.969938586893566,c29a38.fffe.b34e68,128,248,254,65535,128,1,160,BOOTING,-1,False,False,False,False,0,healthy
52.546513786,mixed_pdv_loss_holdover,1950.0,1950.0,2925.0,-325.0,-6205.417494613071,6.0,2.0,1.5,0.0,0.0,0.0,20.0,4,334,Sync,15.19694080313405,c29a38.fffe.b34e68,128,248,254,65535,128,1,160,BOOTING,-1,False,False,False,False,0,healthy
52.662209237000006,mixed_pdv_loss_holdover,1225.0,1225.0,3075.0,-162.5,-6266.452083755237,6.0,2.0,1.5,0.0,0.0,0.0,20.0,4,335,Sync,25.93014655346995,c29a38.fffe.b34e68,128,248,254,65535,128,1,160,BOOTING,-1,False,False,False,False,0,healthy
52.77763809,mixed_pdv_loss_holdover,125.0,125.0,2925.0,-300.0,-9529.679724011681,6.0,2.0,1.5,0.0,0.0,0.0,20.0,4,336,Delay_Resp,34.65338081458793,c29a38.fffe.b34e68,128,248,254,65535,128,1,160,BOOTING,-1,False,False,False,False,0,healthy
52.894556732000005,mixed_pdv_loss_holdover,2075.0,2075.0,2925.0,-275.0,16678.26418989687,6.0,2.0,1.5,0.0,0.0,0.0,20.0,4,337,Sync,25.65886798445672,c29a38.fffe.b34e68,128,248,254,65535,128,1,160,BOOTING,-1,False,False,False,False,0,healthy
53.095410459,mixed_pdv_loss_holdover,875.0,875.0,2875.0,-300.0,-5974.497052773289,6.0,2.0,1.5,0.0,0.0,0.0,20.0,4,338,Sync,14.936242631933224,c29a38.fffe.b34e68,128,248,254,65535,128,1,160,BOOTING,-1,False,False,False,False,0,healthy
53.294093501,mixed_pdv_loss_holdover,2625.0,2625.0,3175.0,0.0,8807.998822566895,6.0,2.0,1.5,0.0,0.0,0.0,20.0,4,339,Delay_Resp,35.231995290267584,c29a38.fffe.b34e68,128,248,254,65535,128,1,160,BOOTING,-1,False,False,False,False,0,healthy
53.41528628,mixed_pdv_loss_holdover,1008.0,1008.0,3300.0,125.0,-13342.379086793877,6.0,2.0,1.5,0.0,0.0,0.0,20.0,4,340,Delay_Resp,33.005266757684296,c29a38.fffe.b34e68,128,248,254,65535,128,1,160,BOOTING,-1,False,False,False,False,0,healthy
53.533045312999995,mixed_pdv_loss_holdover,1925.0,1925.0,3300.0,125.0,7787.088401108136,6.0,2.0,1.5,0.0,0.0,0.0,20.0,4,341,Sync,16.98383511692069,c29a38.fffe.b34e68,128,248,254,65535,128,1,160,BOOTING,-1,False,False,False,False,0,healthy
53.654429488,mixed_pdv_loss_holdover,707.0,707.0,3418.0,243.0,-10034.256936705062,6.0,2.0,1.5,0.0,0.0,0.0,20.0,4,342,Sync,24.71491856331296,c29a38.fffe.b34e68,128,248,254,65535,128,1,160,BOOTING,-1,False,False,False,False,0,healthy
53.815401746,mixed_pdv_loss_holdover,65.0,65.0,3418.0,243.0,-3988.2648598990013,6.0,2.0,1.5,0.0,0.0,0.0,20.0,4,343,Sync,18.636751681771035,c29a38.fffe.b34e68,128,248,254,65535,128,1,160,BOOTING,-1,False,False,False,False,0,healthy
53.932363188000004,mixed_pdv_loss_holdover,432.0,432.0,3418.0,243.0,3137.7862116302053,6.0,2.0,1.5,0.0,0.0,0.0,20.0,4,344,Sync,25.64947856918424,c29a38.fffe.b34e68,128,248,254,65535,128,1,160,BOOTING,-1,False,False,False,False,0,healthy
54.086919605,mixed_pdv_loss_holdover,248.0,248.0,3418.0,243.0,-1190.5037886586492,6.0,2.0,1.5,0.0,0.0,0.0,20.0,4,345,Sync,19.410387858564935,c29a38.fffe.b34e68,128,248,254,65535,128,1,160,BOOTING,-1,False,False,False,False,0,healthy
54.24086103,mixed_pdv_loss_holdover,157.0,157.0,3143.0,-32.0,-591.133932922866,6.0,2.0,1.5,0.0,0.0,0.0,20.0,4,346,Delay_Resp,25.98390913946664,c29a38.fffe.b34e68,128,248,254,65535,128,1,160,BOOTING,-1,False,False,False,False,0,healthy
54.357903412999995,mixed_pdv_loss_holdover,891.0,891.0,3143.0,-32.0,6271.232532919423,6.0,2.0,1.5,0.0,0.0,0.0,20.0,4,347,Sync,17.08782706517554,c29a38.fffe.b34e68,128,248,254,65535,128,1,160,BOOTING,-1,False,False,False,False,0,healthy
54.477147812999995,mixed_pdv_loss_holdover,2448.0,2448.0,3143.0,-32.0,13057.216942682482,6.0,2.0,1.5,0.0,0.0,0.0,20.0,4,348,Sync,25.158414147750445,c29a38.fffe.b34e68,128,248,254,65535,128,1,160,BOOTING,-1,False,False,False,False,0,healthy
54.652771062999996,mixed_pdv_loss_holdover,4465.0,4465.0,3162.0,-13.0,11484.811948304045,6.0,2.0,1.5,0.0,0.0,0.0,20.0,4,349,Sync,34.16404149222819,c29a38.fffe.b34e68,128,248,254,65535,128,1,160,BOOTING,-1,False,False,False,False,0,healthy
54.934314320999995,mixed_pdv_loss_holdover,780.0,780.0,2841.0,-334.0,-13088.5748292364,6.0,2.0,1.5,0.0,0.0,0.0,20.0,4,350,Sync,24.86296439746399,c29a38.fffe.b34e68,128,248,254,65535,128,1,160,BOOTING,-1,False,False,False,False,0,healthy
55.051013137999995,mixed_pdv_loss_holdover,642.0,642.0,2841.0,-334.0,-1182.53126764773,6.0,2.0,1.5,0.0,0.0,0.0,20.0,4,351,Sync,17.138134313735215,c29a38.fffe.b34e68,128,248,254,65535,128,1,160,BOOTING,-1,False,False,False,False,0,healthy
55.226374404999994,mixed_pdv_loss_holdover,1537.0,1537.0,2795.0,-380.0,5103.749621060861,6.0,2.0,1.5,0.0,0.0,0.0,20.0,4,352,Delay_Resp,22.81005417233904,c29a38.fffe.b34e68,128,248,254,65535,128,1,160,BOOTING,-1,False,False,False,False,0,healthy
55.341489496,mixed_pdv_loss_holdover,872.0,872.0,2795.0,-380.0,-5776.827297126142,6.0,2.0,1.5,0.0,0.0,0.0,20.0,4,353,Sync,26.060875024629212,c29a38.fffe.b34e68,128,248,254,65535,128,1,160,BOOTING,-1,False,False,False,False,0,healthy
55.456774538,mixed_pdv_loss_holdover,871.0,871.0,2795.0,-380.0,-8.674152194003025,6.0,2.0,1.5,0.0,0.0,0.0,20.0,4,354,Sync,26.022456582009074,c29a38.fffe.b34e68,128,248,254,65535,128,1,160,BOOTING,-1,False,False,False,False,0,healthy
55.647729588,mixed_pdv_loss_holdover,2980.0,2980.0,2979.0,-196.0,11044.484029094836,6.0,2.0,1.5,0.0,0.0,0.0,20.0,4,355,Sync,26.18417266262408,c29a38.fffe.b34e68,128,248,254,65535,128,1,160,BOOTING,-1,False,False,False,False,0,healthy
55.806808471000004,mixed_pdv_loss_holdover,1421.0,1421.0,2979.0,-196.0,-9800.169391432904,6.0,2.0,1.5,0.0,0.0,0.0,20.0,4,356,Sync,18.85856842482278,c29a38.fffe.b34e68,128,248,254,65535,128,1,160,BOOTING,-1,False,False,False,False,0,healthy
55.98745643,mixed_pdv_loss_holdover,2979.0,2979.0,2979.0,-196.0,8624.509286595463,6.0,2.0,1.5,0.0,0.0,0.0,20.0,4,357,Delay_Resp,22.142514214622498,c29a38.fffe.b34e68,128,248,254,65535,128,1,160,BOOTING,-1,False,False,False,False,0,healthy
56.175423238,mixed_pdv_loss_holdover,1512.0,1512.0,2979.0,-189.5,-7804.569410999466,6.0,2.0,1.5,0.0,0.0,0.0,20.0,4,358,Sync,26.600441073617812,c29a38.fffe.b34e68,128,248,254,65535,128,1,160,BOOTING,-1,False,False,False,False,0,healthy
56.315684788000006,mixed_pdv_loss_holdover,1880.0,1880.0,3071.0,-85.0,2623.669851074554,6.0,2.0,1.5,0.0,0.0,0.0,20.0,4,359,Sync,21.388612916368647,c29a38.fffe.b34e68,128,248,254,65535,128,1,160,BOOTING,-1,False,False,False,False,0,healthy
56.430951771000004,mixed_pdv_loss_holdover,1329.0,1329.0,3071.0,-79.0,-4780.206661607599,6.0,2.0,1.5,0.0,0.0,0.0,20.0,4,360,Sync,17.351022365181848,c29a38.fffe.b34e68,128,248,254,65535,128,1,160,BOOTING,-1,False,False,False,False,0,healthy
56.546993796,mixed_pdv_loss_holdover,3346.0,3346.0,3323.0,173.0,17381.63393822214,6.0,2.0,1.5,0.0,0.0,0.0,20.0,4,361,Sync,25.852702932407748,c29a38.fffe.b34e68,128,248,254,65535,128,1,160,BOOTING,-1,False,False,False,False,0,healthy
56.66578463,mixed_pdv_loss_holdover,1078.0,1078.0,3597.0,447.0,-19092.38216140561,6.0,2.0,1.5,0.0,0.0,0.0,20.0,4,362,Sync,25.25447375847303,c29a38.fffe.b34e68,128,248,254,65535,128,1,160,BOOTING,-1,False,False,False,False,0,healthy
56.864838888,mixed_pdv_loss_holdover,2087.0,2087.0,3620.0,470.0,5068.969687651597,6.0,2.0,1.5,0.0,0.0,0.0,20.0,4,363,Sync,20.09502353875757,c29a38.fffe.b34e68,128,248,254,65535,128,1,160,BOOTING,-1,False,False,False,False,0,healthy
56.99091988,mixed_pdv_loss_holdover,1880.0,1880.0,3620.0,470.0,-1641.8018030822789,6.0,2.0,1.5,0.0,0.0,0.0,20.0,4,364,Sync,39.65704838362992,c29a38.fffe.b34e68,128,248,254,65535,128,1,160,BOOTING,-1,False,False,False,False,0,healthy
57.205419971000005,mixed_pdv_loss_holdover,230.0,230.0,3620.0,470.0,-7692.304428905634,6.0,2.0,1.5,0.0,0.0,0.0,20.0,4,365,Sync,9.324005368370466,c29a38.fffe.b34e68,128,248,254,65535,128,1,160,BOOTING,-1,False,False,False,False,0,healthy
57.466342996,mixed_pdv_loss_holdover,505.0,505.0,3552.0,402.0,1053.9506814318263,6.0,2.0,1.5,0.0,0.0,0.0,20.0,4,366,Sync,22.995287594876206,c29a38.fffe.b34e68,128,248,254,65535,128,1,160,BOOTING,-1,False,False,False,False,0,healthy
57.584047762999994,mixed_pdv_loss_holdover,23.0,23.0,3529.0,379.0,-4094.9913269020944,6.0,2.0,1.5,0.0,0.0,0.0,20.0,4,367,Sync,25.487497885282746,c29a38.fffe.b34e68,128,248,254,65535,128,1,160,BOOTING,-1,False,False,False,False,0,healthy
57.701948146,mixed_pdv_loss_holdover,2543.0,2543.0,3323.0,173.0,21373.976367828087,6.0,2.0,1.5,0.0,0.0,0.0,20.0,4,368,Sync,25.4452099617001,c29a38.fffe.b34e68,128,248,254,65535,128,1,160,BOOTING,-1,False,False,False,False,0,healthy
57.821041296,mixed_pdv_loss_holdover,2269.0,2269.0,3483.0,333.0,-2300.7200666033723,6.0,2.0,1.5,0.0,0.0,0.0,20.0,4,369,Delay_Resp,33.58715425698354,c29a38.fffe.b34e68,128,248,254,65535,128,1,160,BOOTING,-1,False,False,False,False,0,healthy
57.939749813,mixed_pdv_loss_holdover,1009.0,1009.0,3483.0,333.0,-10614.234191805981,6.0,2.0,1.5,0.0,0.0,0.0,20.0,4,370,Sync,16.847990780644416,c29a38.fffe.b34e68,128,248,254,65535,128,1,160,BOOTING,-1,False,False,False,False,0,healthy
58.062291463,mixed_pdv_loss_holdover,2200.0,2200.0,3483.0,333.0,9719.144470471696,6.0,2.0,1.5,0.0,0.0,0.0,20.0,4,371,Delay_Resp,32.64196295708378,c29a38.fffe.b34e68,128,248,254,65535,128,1,160,BOOTING,-1,False,False,False,False,0,healthy
58.282361771000005,mixed_pdv_loss_holdover,-1627.0,-1627.0,2727.0,-423.0,-17389.89705053683,6.0,2.0,1.5,0.0,0.0,0.0,20.0,4,372,Sync,27.264014189501168,c29a38.fffe.b34e68,128,248,254,65535,128,1,160,BOOTING,-1,False,False,False,False,0,healthy
58.431913095999995,mixed_pdv_loss_holdover,665.0,665.0,2727.0,-423.0,15325.842148173208,6.0,2.0,1.5,0.0,0.0,0.0,20.0,4,373,Sync,20.060002811745036,c29a38.fffe.b34e68,128,248,254,65535,128,1,160,BOOTING,-1,False,False,False,False,0,healthy
58.614837138000006,mixed_pdv_loss_holdover,1123.0,1123.0,2681.0,-465.5,2503.771483466202,6.0,2.0,1.5,0.0,0.0,0.0,20.0,4,374,Sync,16.400249891700014,c29a38.fffe.b34e68,128,248,254,65535,128,1,160,BOOTING,-1,False,False,False,False,0,healthy
58.730357671,mixed_pdv_loss_holdover,1628.0,1628.0,2841.0,-305.5,4371.517226292787,6.0,2.0,1.5,0.0,0.0,0.0,20.0,4,375,Sync,25.969409265105664,c29a38.fffe.b34e68,128,248,254,65535,128,1,160,BOOTING,-1,False,False,False,False,0,healthy
58.845370370999994,mixed_pdv_loss_holdover,711.0,711.0,2864.0,-282.5,-7973.032543363012,6.0,2.0,1.5,0.0,0.0,0.0,20.0,4,376,Sync,52.16815186497064,c29a38.fffe.b34e68,128,248,254,65535,128,1,160,BOOTING,-1,False,False,False,False,0,healthy
59.061651821000005,mixed_pdv_loss_holdover,1352.0,1352.0,2681.0,-465.5,2963.730823886965,6.0,2.0,1.5,0.0,0.0,0.0,20.0,4,377,Delay_Resp,18.494420117859377,c29a38.fffe.b34e68,128,248,254,65535,128,1,160,BOOTING,-1,False,False,False,False,0,healthy
59.178964438,mixed_pdv_loss_holdover,1284.0,1284.0,2566.0,-580.5,-579.6477969628985,6.0,2.0,1.5,0.0,0.0,0.0,20.0,4,378,Delay_Resp,42.6211615413896,c29a38.fffe.b34e68,128,248,254,65535,128,1,160,BOOTING,-1,False,False,False,False,0,healthy
59.379714438,mixed_pdv_loss_holdover,2384.0,2384.0,2566.0,-580.5,5479.452054794539,6.0,2.0,1.5,0.0,0.0,0.0,20.0,4,379,Sync,14.943960149439652,c29a38.fffe.b34e68,128,248,254,65535,128,1,160,BOOTING,-1,False,False,False,False,0,healthy
59.576471163,mixed_pdv_loss_holdover,1857.0,1857.0,2635.0,-511.5,-2678.4344982363345,6.0,2.0,1.5,0.0,0.0,0.0,20.0,4,380,Follow_Up,20.32967361090197,c29a38.fffe.b34e68,128,248,254,65535,128,1,160,BOOTING,-1,False,False,False,False,0,healthy
59.707921988,mixed_pdv_loss_holdover,1788.0,1788.0,2750.0,-396.5,-524.9111217065324,6.0,2.0,1.5,0.0,0.0,0.0,20.0,4,381,Delay_Resp,38.037037804821196,c29a38.fffe.b34e68,128,248,254,65535,128,1,160,BOOTING,-1,False,False,False,False,0,healthy
59.828477771,mixed_pdv_loss_holdover,1444.0,1444.0,2818.0,-328.5,-2853.4508377752313,6.0,2.0,1.5,0.0,0.0,0.0,20.0,4,382,Delay_Resp,41.47457613045394,c29a38.fffe.b34e68,128,248,254,65535,128,1,160,BOOTING,-1,False,False,False,False,0,healthy
59.942193571,mixed_pdv_loss_holdover,849.0,849.0,2818.0,-328.5,-5232.3423833805855,6.0,2.0,1.5,0.0,0.0,0.0,20.0,4,383,Sync,17.58770549035491,c29a38.fffe.b34e68,128,248,254,65535,128,1,160,BOOTING,-1,False,False,False,False,0,healthy
60.05746523,mixed_pdv_loss_holdover,940.0,940.0,2818.0,-328.5,789.4394926683506,6.0,2.0,1.5,0.0,0.0,0.0,20.0,4,384,Sync,43.37579630045882,c29a38.fffe.b34e68,128,248,254,65535,128,1,160,BOOTING,-1,False,False,False,False,0,healthy
60.248511488,mixed_pdv_loss_holdover,940.0,940.0,2818.0,-325.0,0.0,6.0,2.0,1.5,0.0,0.0,0.0,20.0,4,385,Delay_Resp,5.2343343987402235,c29a38.fffe.b34e68,128,248,254,65535,128,1,160,BOOTING,-1,False,False,False,False,0,healthy
60.36564782999999,mixed_pdv_loss_holdover,1972.0,1972.0,2795.0,-348.0,8810.246097663225,6.0,2.0,1.5,0.0,0.0,0.0,20.0,4,386,Sync,42.68530086077144,c29a38.fffe.b34e68,128,248,254,65535,128,1,160,BOOTING,-1,False,False,False,False,0,healthy
60.565351821,mixed_pdv_loss_holdover,963.0,963.0,2704.0,-417.5,-5052.477894645406,6.0,2.0,1.5,0.0,0.0,0.0,20.0,4,387,Sync,15.02223358170091,c29a38.fffe.b34e68,128,248,254,65535,128,1,160,BOOTING,-1,False,False,False,False,0,healthy
60.78310278,mixed_pdv_loss_holdover,2888.0,2888.0,2704.0,-383.5,8840.37438383911,6.0,2.0,1.5,0.0,0.0,0.0,20.0,4,388,Sync,22.96201138659509,c29a38.fffe.b34e68,128,248,254,65535,128,1,160,BOOTING,-1,False,False,False,False,0,healthy
60.907439079999996,mixed_pdv_loss_holdover,871.0,871.0,2635.0,-440.0,-16222.133037576843,6.0,2.0,1.5,0.0,0.0,0.0,20.0,4,389,Sync,32.170814154837565,c29a38.fffe.b34e68,128,248,254,65535,128,1,160,BOOTING,-1,False,False,False,False,0,healthy
61.026533513,mixed_pdv_loss_holdover,1765.0,1765.0,2635.0,-440.0,7506.648106717081,6.0,2.0,1.5,0.0,0.0,0.0,20.0,4,390,Sync,16.793396211895033,c29a38.fffe.b34e68,128,248,254,65535,128,1,160,BOOTING,-1,False,False,False,False,0,healthy
61.141095121,mixed_pdv_loss_holdover,1307.0,1307.0,2635.0,-440.0,-3997.8489128748097,6.0,2.0,1.5,0.0,0.0,0.0,20.0,4,391,Sync,26.18678327210574,c29a38.fffe.b34e68,128,248,254,65535,128,1,160,BOOTING,-1,False,False,False,False,0,healthy
61.25607858,mixed_pdv_loss_holdover,1353.0,1353.0,2681.0,-392.0,400.0575421896077,6.0,2.0,1.5,0.0,0.0,0.0,20.0,4,392,Delay_Resp,34.787612364313716,c29a38.fffe.b34e68,128,248,254,65535,128,1,160,BOOTING,-1,False,False,False,False,0,healthy
61.465137395000006,mixed_pdv_loss_holdover,1201.0,1201.0,2681.0,-390.0,-727.0681219540812,6.0,2.0,1.5,0.0,0.0,0.0,20.0,4,393,Sync,9.56668581518528,c29a38.fffe.b34e68,128,248,254,65535,128,1,160,BOOTING,-1,False,False,False,False,0,healthy
61.582887781000004,mixed_pdv_loss_holdover,2623.0,2623.0,2646.0,-414.5,12076.393533011707,6.0,2.0,1.5,0.0,0.0,0.0,20.0,4,394,Sync,25.477623487366472,c29a38.fffe.b34e68,128,248,254,65535,128,1,160,BOOTING,-1,False,False,False,False,0,healthy
61.809294912999995,mixed_pdv_loss_holdover,2392.0,2392.0,2785.0,-265.0,-1020.2858803935945,6.0,2.0,1.5,0.0,0.0,0.0,20.0,4,395,Sync,26.50093195827518,c29a38.fffe.b34e68,128,248,254,65535,128,1,160,BOOTING,-1,False,False,False,False,0,healthy
62.029980667,mixed_pdv_loss_holdover,1838.0,1838.0,2910.0,-115.0,-2510.356876049172,6.0,2.0,1.5,0.0,0.0,0.0,20.0,4,396,Sync,27.187980607030745,c29a38.fffe.b34e68,128,248,254,65535,128,1,160,BOOTING,-1,False,False,False,False,0,healthy
62.150776809,mixed_pdv_loss_holdover,1990.0,1990.0,2910.0,-79.5,1258.3183327162546,6.0,2.0,1.5,0.0,0.0,0.0,20.0,4,397,Sync,24.83523025097871,c29a38.fffe.b34e68,128,248,254,65535,128,1,160,BOOTING,-1,False,False,False,False,0,healthy
62.26868416,mixed_pdv_loss_holdover,1435.0,1435.0,2910.0,-69.0,-4707.085650664838,6.0,2.0,1.5,0.0,0.0,0.0,20.0,4,398,Sync,16.96247081320662,c29a38.fffe.b34e68,128,248,254,65535,128,1,160,BOOTING,-1,False,False,False,False,0,healthy
62.384038744,mixed_pdv_loss_holdover,1885.0,1885.0,2922.0,-57.0,3901.0153250606136,6.0,2.0,1.5,0.0,0.0,0.0,20.0,4,399,Delay_Resp,34.67569177831656,c29a38.fffe.b34e68,128,248,254,65535,128,1,160,BOOTING,-1,False,False,False,False,0,healthy
62.498965879000004,mixed_pdv_loss_holdover,440.0,440.0,2981.0,2.0,-12573.183869936147,6.0,2.0,1.5,0.0,0.0,0.0,20.0,4,400,Delay_Resp,34.80466123165716,c29a38.fffe.b34e68,128,248,254,65535,128,1,160,BOOTING,-1,False,False,False,False,0,healthy
62.71077541499999,mixed_pdv_loss_holdover,2288.0,2288.0,2981.0,2.0,8724.819641737417,6.0,2.0,1.5,0.0,0.0,0.0,20.0,4,401,Sync,14.163668249573728,c29a38.fffe.b34e68,128,248,254,65535,128,1,160,BOOTING,-1,False,False,False,False,0,healthy
62.954426923999996,mixed_pdv_loss_holdover,1664.0,1664.0,3050.0,70.0,-2561.0348261786985,6.0,2.0,1.5,0.0,0.0,0.0,20.0,4,402,Sync,28.72955734495335,c29a38.fffe.b34e68,128,248,254,65535,128,1,160,BOOTING,-1,False,False,False,False,0,healthy
63.073025181,mixed_pdv_loss_holdover,39011.0,39011.0,3050.0,69.0,314903.44752705196,6.0,2.0,1.5,0.0,0.0,0.0,20.0,4,403,Sync,25.295481366138,c29a38.fffe.b34e68,128,248,254,65535,128,1,160,BOOTING,-1,False,False,False,False,0,healthy
63.189491002000004,mixed_pdv_loss_holdover,2520.0,2520.0,3119.0,138.0,-313319.39007237373,6.0,2.0,1.5,0.0,0.0,0.0,20.0,4,404,Sync,25.758630079118717,c29a38.fffe.b34e68,128,248,254,65535,128,1,160,BOOTING,-1,False,False,False,False,0,healthy
63.310335954,mixed_pdv_loss_holdover,1780.0,1780.0,3027.0,46.0,-6123.5491243358465,6.0,2.0,1.5,0.0,0.0,0.0,20.0,4,405,Sync,41.375331921188156,c29a38.fffe.b34e68,128,248,254,65535,128,1,160,BOOTING,-1,False,False,False,False,0,healthy
63.540206954999995,mixed_pdv_loss_holdover,1480.0,1480.0,3050.0,69.0,-1305.079799952714,6.0,2.0,1.5,0.0,0.0,0.0,20.0,4,406,Sync,13.05079799952714,c29a38.fffe.b34e68,128,248,254,65535,128,1,160,BOOTING,-1,False,False,False,False,0,healthy
63.714026986,mixed_pdv_loss_holdover,93.0,93.0,3050.0,69.0,-7979.517619577215,6.0,2.0,1.5,0.0,0.0,0.0,20.0,4,407,Sync,17.259230611918994,c29a38.fffe.b34e68,128,248,254,65535,128,1,160,BOOTING,-1,False,False,False,False,0,healthy
63.829224141999994,mixed_pdv_loss_holdover,925.0,925.0,3027.0,46.0,7222.400525235591,6.0,2.0,1.5,0.0,0.0,0.0,20.0,4,408,Sync,26.042309586186025,c29a38.fffe.b34e68,128,248,254,65535,128,1,160,BOOTING,-1,False,False,False,False,0,healthy
63.946162245000004,mixed_pdv_loss_holdover,3444.0,3444.0,3027.0,46.0,21541.310619685635,6.0,2.0,1.5,0.0,0.0,0.0,20.0,4,409,Sync,17.103065200226787,c29a38.fffe.b34e68,128,248,254,65535,128,1,160,BOOTING,-1,False,False,False,False,0,healthy
64.06645033000001,mixed_pdv_loss_holdover,2242.0,2242.0,3119.0,138.0,-9992.677163328475,6.0,2.0,1.5,0.0,0.0,0.0,20.0,4,410,Sync,24.940126031601853,c29a38.fffe.b34e68,128,248,254,65535,128,1,160,BOOTING,-1,False,False,False,False,0,healthy
64.288099045,mixed_pdv_loss_holdover,2866.0,2866.0,3235.0,254.0,2815.265588162775,6.0,2.0,1.5,0.0,0.0,0.0,20.0,4,411,Sync,27.069861424642067,c29a38.fffe.b34e68,128,248,254,65535,128,1,160,BOOTING,-1,False,False,False,False,0,healthy
64.40697046700001,mixed_pdv_loss_holdover,1271.0,1271.0,3535.0,554.0,-13417.859172240967,6.0,2.0,1.5,0.0,0.0,0.0,20.0,4,412,Delay_Resp,33.64980356674851,c29a38.fffe.b34e68,128,248,254,65535,128,1,160,BOOTING,-1,False,False,False,False,0,healthy
64.606528198,mixed_pdv_loss_holdover,301.0,301.0,3304.0,323.0,-4860.748792538667,6.0,2.0,1.5,0.0,0.0,0.0,20.0,4,413,Delay_Resp,25.05540614710653,c29a38.fffe.b34e68,128,248,254,65535,128,1,160,BOOTING,-1,False,False,False,False,0,healthy
64.721368531,mixed_pdv_loss_holdover,1873.0,1873.0,3304.0,323.0,13688.570547770445,6.0,2.0,1.5,0.0,0.0,0.0,20.0,4,414,Sync,26.12322623620314,c29a38.fffe.b34e68,128,248,254,65535,128,1,160,BOOTING,-1,False,False,False,False,0,healthy
64.838302105,mixed_pdv_loss_holdover,1526.0,1526.0,3374.0,393.0,-2967.4967430654056,6.0,2.0,1.5,0.0,0.0,0.0,20.0,4,415,Sync,34.207455251474414,c29a38.fffe.b34e68,128,248,254,65535,128,1,160,BOOTING,-1,False,False,False,False,0,healthy
65.03007470399999,mixed_pdv_loss_holdover,-1618.0,-1618.0,3189.0,208.0,-16394.41722328732,6.0,2.0,1.5,0.0,0.0,0.0,20.0,4,416,Sync,31.287055769632293,c29a38.fffe.b34e68,128,248,254,65535,128,1,160,BOOTING,-1,False,False,False,False,0,healthy
65.154973671,mixed_pdv_loss_holdover,-1733.0,-1733.0,3120.0,139.0,-920.7442043935674,6.0,2.0,1.5,0.0,0.0,0.0,20.0,4,417,Sync,24.019414027658282,c29a38.fffe.b34e68,128,248,254,65535,128,1,160,BOOTING,-1,False,False,False,False,0,healthy
65.320250088,mixed_pdv_loss_holdover,371.0,371.0,3050.0,69.0,12730.188844788334,6.0,2.0,1.5,0.0,0.0,0.0,20.0,4,418,Sync,18.15140994979325,c29a38.fffe.b34e68,128,248,254,65535,128,1,160,BOOTING,-1,False,False,False,False,0,healthy
65.56060569300001,mixed_pdv_loss_holdover,1572.0,1572.0,3097.0,116.0,4996.76302535144,6.0,2.0,1.5,0.0,0.0,0.0,20.0,4,419,Delay_Resp,29.123514718950943,c29a38.fffe.b34e68,128,248,254,65535,128,1,160,BOOTING,-1,False,False,False,False,0,healthy
65.69875335200001,mixed_pdv_loss_holdover,-1525.0,-1525.0,3097.0,116.0,-22418.04184318499,6.0,2.0,1.5,0.0,0.0,0.0,20.0,4,420,Sync,14.47726305662576,c29a38.fffe.b34e68,128,248,254,65535,128,1,160,BOOTING,-1,False,False,False,False,0,healthy
65.813724766,mixed_pdv_loss_holdover,1247.0,1247.0,3097.0,116.0,24110.34102790196,6.0,2.0,1.5,0.0,0.0,0.0,20.0,4,421,Sync,26.09344267088957,c29a38.fffe.b34e68,128,248,254,65535,128,1,160,BOOTING,-1,False,False,False,False,0,healthy
65.930351492,mixed_pdv_loss_holdover,1603.0,1603.0,3097.0,116.0,3052.473581398678,6.0,2.0,1.5,0.0,0.0,0.0,20.0,4,422,Sync,17.148727985385833,c29a38.fffe.b34e68,128,248,254,65535,128,1,160,BOOTING,-1,False,False,False,False,0,healthy
66.04625949199999,mixed_pdv_loss_holdover,573.0,573.0,3027.0,46.0,-8886.358146115535,6.0,2.0,1.5,0.0,0.0,0.0,20.0,4,423,Sync,25.882596542084084,c29a38.fffe.b34e68,128,248,254,65535,128,1,160,BOOTING,-1,False,False,False,False,0,healthy
66.240778092,mixed_pdv_loss_holdover,3373.0,3373.0,3027.0,36.5,14394.51034502545,6.0,2.0,1.5,0.0,0.0,0.0,20.0,4,424,Sync,15.422689655384412,c29a38.fffe.b34e68,128,248,254,65535,128,1,160,BOOTING,-1,False,False,False,False,0,healthy
66.36005409200001,mixed_pdv_loss_holdover,1373.0,1373.0,3027.0,23.0,-16767.832589959526,6.0,2.0,1.5,0.0,0.0,0.0,20.0,4,425,Sync,16.767832589959525,c29a38.fffe.b34e68,128,248,254,65535,128,1,160,BOOTING,-1,False,False,False,False,0,healthy
66.50364439200001,mixed_pdv_loss_holdover,2221.0,2221.0,2979.0,-2.0,5905.691401160122,6.0,2.0,1.5,0.0,0.0,0.0,20.0,4,426,Sync,34.82129363891581,c29a38.fffe.b34e68,128,248,254,65535,128,1,160,BOOTING,-1,False,False,False,False,0,healthy
66.65308049199999,mixed_pdv_loss_holdover,7502.0,7502.0,3144.0,140.0,35339.519701065605,6.0,2.0,1.5,0.0,0.0,0.0,20.0,4,427,Delay_Resp,33.459117308337056,c29a38.fffe.b34e68,128,248,254,65535,128,1,160,BOOTING,-1,False,False,False,False,0,healthy
66.893623292,mixed_pdv_loss_holdover,1450.0,1450.0,3050.0,23.0,-25159.763667837902,6.0,2.0,1.5,0.0,0.0,0.0,20.0,4,428,Delay_Resp,33.258114564227235,c29a38.fffe.b34e68,128,248,254,65535,128,1,160,BOOTING,-1,False,False,False,False,0,healthy
67.010678292,mixed_pdv_loss_holdover,2875.0,2875.0,3125.0,98.0,12173.764469692935,6.0,2.0,1.5,0.0,0.0,0.0,20.0,4,429,Sync,25.628977830932495,c29a38.fffe.b34e68,128,248,254,65535,128,1,160,BOOTING,-1,False,False,False,False,0,healthy
67.195434092,mixed_pdv_loss_holdover,500.0,500.0,3300.0,273.0,-12854.806181997734,6.0,2.0,1.5,0.0,0.0,0.0,20.0,4,430,Sync,16.237649914102402,c29a38.fffe.b34e68,128,248,254,65535,128,1,160,BOOTING,-1,False,False,False,False,0,healthy
67.311494592,mixed_pdv_loss_holdover,1300.0,1300.0,3200.0,173.0,6892.956690692145,6.0,2.0,1.5,0.0,0.0,0.0,20.0,4,431,Sync,25.848587590095544,c29a38.fffe.b34e68,128,248,254,65535,128,1,160,BOOTING,-1,False,False,False,False,0,healthy
67.426803192,mixed_pdv_loss_holdover,1500.0,1500.0,3200.0,173.0,1734.476006126081,6.0,2.0,1.5,0.0,0.0,0.0,20.0,4,432,Sync,26.017140091891214,c29a38.fffe.b34e68,128,248,254,65535,128,1,160,BOOTING,-1,False,False,False,False,0,healthy
67.66363619200001,mixed_pdv_loss_holdover,700.0,700.0,3200.0,161.5,-3377.9076395603042,6.0,2.0,1.5,0.0,0.0,0.0,20.0,4,433,Sync,25.33430729670228,c29a38.fffe.b34e68,128,248,254,65535,128,1,160,BOOTING,-1,False,False,False,False,0,healthy
67.78423469200001,mixed_pdv_loss_holdover,1525.0,1525.0,3075.0,25.0,6840.881105486396,6.0,2.0,1.5,0.0,0.0,0.0,20.0,4,434,Sync,24.875931292677805,c29a38.fffe.b34e68,128,248,254,65535,128,1,160,BOOTING,-1,False,False,False,False,0,healthy
67.979784392,mixed_pdv_loss_holdover,2725.0,2725.0,3200.0,150.0,6136.547384117669,6.0,2.0,1.5,0.0,0.0,0.0,20.0,4,435,Delay_Resp,20.455157947058897,c29a38.fffe.b34e68,128,248,254,65535,128,1,160,BOOTING,-1,False,False,False,False,0,healthy
68.279679292,mixed_pdv_loss_holdover,-1925.0,-1925.0,3125.0,75.0,-15505.432069701847,6.0,2.0,1.5,0.0,0.0,0.0,20.0,4,436,Sync,26.676012162927908,c29a38.fffe.b34e68,128,248,254,65535,128,1,160,BOOTING,-1,False,False,False,False,0,healthy
68.40212689200001,mixed_pdv_loss_holdover,-1725.0,-1725.0,3125.0,75.0,1633.3517357628764,6.0,2.0,1.5,0.0,0.0,0.0,20.0,4,437,Sync,16.333517357628764,c29a38.fffe.b34e68,128,248,254,65535,128,1,160,BOOTING,-1,False,False,False,False,0,healthy
68.520632493,mixed_pdv_loss_holdover,650.0,650.0,2950.0,-100.0,20041.246826806877,6.0,2.0,1.5,0.0,0.0,0.0,20.0,4,438,Delay_Resp,33.75367886620106,c29a38.fffe.b34e68,128,248,254,65535,128,1,160,BOOTING,-1,False,False,False,False,0,healthy
68.637997593,mixed_pdv_loss_holdover,250.0,250.0,2950.0,-100.0,-3408.168186283637,6.0,2.0,1.5,0.0,0.0,0.0,20.0,4,439,Sync,25.56126139712728,c29a38.fffe.b34e68,128,248,254,65535,128,1,160,BOOTING,-1,False,False,False,False,0,healthy
68.75450349299999,mixed_pdv_loss_holdover,250.0,250.0,2950.0,-100.0,0.0,6.0,2.0,1.5,0.0,0.0,0.0,20.0,4,440,Sync,0.0,c29a38.fffe.b34e68,128,248,254,65535,128,1,160,BOOTING,-1,False,False,False,False,0,healthy
68.87358779300001,mixed_pdv_loss_holdover,29150.0,29150.0,2550.0,-488.5,242685.2238288105,6.0,2.0,1.5,0.0,0.0,0.0,20.0,4,441,Sync,58.781888124625375,c29a38.fffe.b34e68,128,248,254,65535,128,1,160,BOOTING,-1,False,False,False,False,0,healthy
69.15100399299999,mixed_pdv_loss_holdover,3775.0,3775.0,2125.0,-902.0,-91469.06345051542,6.0,2.0,1.5,0.0,0.0,0.0,20.0,4,442,Sync,18.02346077842668,c29a38.fffe.b34e68,128,248,254,65535,128,1,160,BOOTING,-1,False,False,False,False,0,healthy
69.269752493,mixed_pdv_loss_holdover,3375.0,3375.0,2125.0,-902.0,-3368.463601645226,6.0,2.0,1.5,0.0,0.0,0.0,20.0,4,443,Sync,25.263477012339195,c29a38.fffe.b34e68,128,248,254,65535,128,1,160,BOOTING,-1,False,False,False,False,0,healthy
69.51512526100001,mixed_pdv_loss_holdover,2970.0,2970.0,2125.0,-902.0,-1650.5499094341512,6.0,2.0,1.5,0.0,0.0,0.0,20.0,4,444,Sync,20.377159375730262,c29a38.fffe.b34e68,128,248,254,65535,128,1,160,BOOTING,-1,False,False,False,False,0,healthy
69.647658401,mixed_pdv_loss_holdover,2481.0,2481.0,2125.0,-902.0,-3689.6432092382906,6.0,2.0,1.5,0.0,0.0,0.0,20.0,4,445,Delay_Resp,30.18113054591649,c29a38.fffe.b34e68,128,248,254,65535,128,1,160,BOOTING,-1,False,False,False,False,0,healthy
69.76321217899999,mixed_pdv_loss_holdover,-949.0,-949.0,2125.0,-902.0,-29683.148914437243,6.0,2.0,1.5,0.0,0.0,0.0,20.0,4,446,Sync,17.30795855069227,c29a38.fffe.b34e68,128,248,254,65535,128,1,160,BOOTING,-1,False,False,False,False,0,healthy
69.880131189,mixed_pdv_loss_holdover,-949.0,-949.0,2125.0,-879.0,0.0,6.0,2.0,1.5,0.0,0.0,0.0,20.0,4,447,Delay_Resp,8.55292907457879,c29a38.fffe.b34e68,128,248,254,65535,128,1,160,BOOTING,-1,False,False,False,False,0,healthy
69.995106026,mixed_pdv_loss_holdover,2089.0,2089.0,2547.0,-434.0,26423.172924352413,6.0,2.0,1.5,0.0,0.0,0.0,20.0,4,448,Sync,26.09266582391614,c29a38.fffe.b34e68,128,248,254,65535,128,1,160,BOOTING,-1,False,False,False,False,0,healthy
70.1787166,mixed_pdv_loss_holdover,3161.0,3161.0,2816.0,-164.0,5838.443705317341,6.0,2.0,1.5,0.0,0.0,0.0,20.0,4,449,Sync,27.231547133009983,c29a38.fffe.b34e68,128,248,254,65535,128,1,160,BOOTING,-1,False,False,False,False,0,healthy
70.30146273599999,mixed_pdv_loss_holdover,1006.0,1006.0,2890.0,-90.0,-17556.560802858497,6.0,2.0,1.5,0.0,0.0,0.0,20.0,4,450,Delay_Resp,40.7344798210174,c29a38.fffe.b34e68,128,248,254,65535,128,1,160,BOOTING,-1,False,False,False,False,0,healthy
70.560510903,mixed_pdv_loss_holdover,1813.0,1813.0,2793.0,-187.0,3115.2507633840555,6.0,2.0,1.5,0.0,0.0,0.0,20.0,4,451,Delay_Resp,27.022001665041376,c29a38.fffe.b34e68,128,248,254,65535,128,1,160,BOOTING,-1,False,False,False,False,0,healthy
70.79371059900001,mixed_pdv_loss_holdover,316566.0,316566.0,2890.0,-90.0,1349714.4524579495,6.0,2.0,1.5,0.0,0.0,0.0,20.0,4,452,Sync,25.72902153354439,c29a38.fffe.b34e68,128,248,254,65535,128,1,160,BOOTING,-1,False,False,False,False,0,healthy
70.91013641199999,mixed_pdv_loss_holdover,685.0,685.0,2940.0,-40.0,-2713152.6236370034,6.0,2.0,1.5,0.0,0.0,0.0,20.0,4,453,Sync,34.356642199271285,c29a38.fffe.b34e68,128,248,254,65535,128,1,160,BOOTING,-1,False,False,False,False,0,healthy
71.02948651899999,mixed_pdv_loss_holdover,686.0,686.0,2940.0,-40.0,8.37871054443193,6.0,2.0,1.5,0.0,0.0,0.0,20.0,4,454,Sync,16.75742108886386,c29a38.fffe.b34e68,128,248,254,65535,128,1,160,BOOTING,-1,False,False,False,False,0,healthy
71.14658524699999,mixed_pdv_loss_holdover,1911.0,1911.0,2793.0,-187.0,10461.257956619129,6.0,2.0,1.5,0.0,0.0,0.0,20.0,4,455,Sync,25.61940724069991,c29a38.fffe.b34e68,128,248,254,65535,128,1,160,BOOTING,-1,False,False,False,False,0,healthy
71.26131402499999,mixed_pdv_loss_holdover,1936.0,1936.0,2866.0,-114.0,217.90522339565072,6.0,2.0,1.5,0.0,0.0,0.0,20.0,4,456,Sync,26.148626807478085,c29a38.fffe.b34e68,128,248,254,65535,128,1,160,BOOTING,-1,False,False,False,False,0,healthy
71.460574791,mixed_pdv_loss_holdover,1495.0,1495.0,3062.0,81.0,-2213.180290594588,6.0,2.0,1.5,0.0,0.0,0.0,20.0,4,457,Delay_Resp,25.09274705889555,c29a38.fffe.b34e68,128,248,254,65535,128,1,160,BOOTING,-1,False,False,False,False,0,healthy
71.58032010100001,mixed_pdv_loss_holdover,1445.0,1445.0,3062.0,58.0,-417.5528878751111,6.0,2.0,1.5,0.0,0.0,0.0,20.0,4,458,Delay_Resp,33.40423103000889,c29a38.fffe.b34e68,128,248,254,65535,128,1,160,BOOTING,-1,False,False,False,False,0,healthy
71.82315981299999,mixed_pdv_loss_holdover,1397.0,1397.0,3013.0,16.0,-197.66124578504562,6.0,2.0,1.5,0.0,0.0,0.0,20.0,4,459,Sync,20.58971310260892,c29a38.fffe.b34e68,128,248,254,65535,128,1,160,BOOTING,-1,False,False,False,False,0,healthy
72.05481994799999,mixed_pdv_loss_holdover,1151.0,1151.0,2964.0,-17.0,-1061.9004430779669,6.0,2.0,1.5,0.0,0.0,0.0,20.0,4,460,Sync,25.90001080677968,c29a38.fffe.b34e68,128,248,254,65535,128,1,160,BOOTING,-1,False,False,False,False,0,healthy
72.172180218,mixed_pdv_loss_holdover,2034.0,2034.0,2964.0,-16.0,7523.8409045919425,6.0,2.0,1.5,0.0,0.0,0.0,20.0,4,461,Sync,17.04154225275638,c29a38.fffe.b34e68,128,248,254,65535,128,1,160,BOOTING,-1,False,False,False,False,0,healthy
72.290248386,mixed_pdv_loss_holdover,1079.0,1079.0,3037.0,57.0,-8088.547626148076,6.0,2.0,1.5,0.0,0.0,0.0,20.0,4,462,Sync,25.409050134496574,c29a38.fffe.b34e68,128,248,254,65535,128,1,160,BOOTING,-1,False,False,False,False,0,healthy
72.40668321499999,mixed_pdv_loss_holdover,197.0,197.0,3037.0,57.0,-7575.0529938082855,6.0,2.0,1.5,0.0,0.0,0.0,20.0,4,463,Sync,17.176990915665044,c29a38.fffe.b34e68,128,248,254,65535,128,1,160,BOOTING,-1,False,False,False,False,0,healthy
72.52289883399999,mixed_pdv_loss_holdover,1568.0,1568.0,2842.0,-129.5,11797.037367240438,6.0,2.0,1.5,0.0,0.0,0.0,20.0,4,464,Delay_Resp,34.418781523677424,c29a38.fffe.b34e68,128,248,254,65535,128,1,160,BOOTING,-1,False,False,False,False,0,healthy
72.63900460400001,mixed_pdv_loss_holdover,1299.0,1299.0,3013.0,41.5,-2316.8529867205566,6.0,2.0,1.5,0.0,0.0,0.0,20.0,4,465,Sync,25.838509145582414,c29a38.fffe.b34e68,128,248,254,65535,128,1,160,BOOTING,-1,False,False,False,False,0,healthy
72.85788798300001,mixed_pdv_loss_holdover,1495.0,1495.0,3013.0,41.5,895.4540125223297,6.0,2.0,1.5,0.0,0.0,0.0,20.0,4,466,Delay_Resp,22.84321460516147,c29a38.fffe.b34e68,128,248,254,65535,128,1,160,BOOTING,-1,False,False,False,False,0,healthy
72.97719761799999,mixed_pdv_loss_holdover,2964.0,2964.0,3013.0,41.5,12312.50099792931,6.0,2.0,1.5,0.0,0.0,0.0,20.0,4,467,Sync,25.144658266703832,c29a38.fffe.b34e68,128,248,254,65535,128,1,160,BOOTING,-1,False,False,False,False,0,healthy
73.210678357,mixed_pdv_loss_holdover,2180.0,2180.0,3185.0,213.5,-3357.8786985079614,6.0,2.0,1.5,0.0,0.0,0.0,20.0,4,468,Sync,21.415042720076286,c29a38.fffe.b34e68,128,248,254,65535,128,1,160,BOOTING,-1,False,False,False,False,0,healthy
73.460148538,mixed_pdv_loss_holdover,1324.0,1324.0,3184.0,212.5,-3431.2718120005584,6.0,2.0,1.5,0.0,0.0,0.0,20.0,4,469,Sync,24.050970644863728,c29a38.fffe.b34e68,128,248,254,65535,128,1,160,BOOTING,-1,False,False,False,False,0,healthy
73.57868109200001,mixed_pdv_loss_holdover,637.0,637.0,3013.0,41.5,-5795.876126992183,6.0,2.0,1.5,0.0,0.0,0.0,20.0,4,470,Sync,25.309502737957132,c29a38.fffe.b34e68,128,248,254,65535,128,1,160,BOOTING,-1,False,False,False,False,0,healthy
73.69540813500001,mixed_pdv_loss_holdover,123.0,123.0,3013.0,41.5,-4403.435457540131,6.0,2.0,1.5,0.0,0.0,0.0,20.0,4,471,Sync,25.700985160740068,c29a38.fffe.b34e68,128,248,254,65535,128,1,160,BOOTING,-1,False,False,False,False,0,healthy
73.81179514300001,mixed_pdv_loss_holdover,1494.0,1494.0,3013.0,33.0,11779.665304223263,6.0,2.0,1.5,0.0,0.0,0.0,20.0,4,472,Sync,17.184048583841378,c29a38.fffe.b34e68,128,248,254,65535,128,1,160,BOOTING,-1,False,False,False,False,0,healthy
73.928825864,mixed_pdv_loss_holdover,2500.0,2500.0,3086.0,105.0,8596.033514995346,6.0,2.0,1.5,0.0,0.0,0.0,20.0,4,473,Sync,25.63429477632807,c29a38.fffe.b34e68,128,248,254,65535,128,1,160,BOOTING,-1,False,False,False,False,0,healthy
74.04984517599999,mixed_pdv_loss_holdover,2009.0,2009.0,3184.0,187.0,-4057.203696547163,6.0,2.0,1.5,0.0,0.0,0.0,20.0,4,474,Sync,24.789431954463318,c29a38.fffe.b34e68,128,248,254,65535,128,1,160,BOOTING,-1,False,False,False,False,0,healthy
74.29149682600001,mixed_pdv_loss_holdover,1716.0,1716.0,3282.0,269.0,-1212.4891346696356,6.0,2.0,1.5,0.0,0.0,0.0,20.0,4,475,Sync,20.69094086466955,c29a38.fffe.b34e68,128,248,254,65535,128,1,160,BOOTING,-1,False,False,False,False,0,healthy
74.414898238,mixed_pdv_loss_holdover,-1959.0,-1959.0,3233.0,220.0,-29780.858585315204,6.0,2.0,1.5,0.0,0.0,0.0,20.0,4,476,Sync,24.310904967604248,c29a38.fffe.b34e68,128,248,254,65535,128,1,160,BOOTING,-1,False,False,False,False,0,healthy
74.620345174,mixed_pdv_loss_holdover,980.0,980.0,3135.0,122.0,14305.397088034359,6.0,2.0,1.5,0.0,0.0,0.0,20.0,4,477,Sync,14.602310739742457,c29a38.fffe.b34e68,128,248,254,65535,128,1,160,BOOTING,-1,False,False,False,False,0,healthy
74.73736609599999,mixed_pdv_loss_holdover,2059.0,2059.0,3135.0,122.0,9220.573394559726,6.0,2.0,1.5,0.0,0.0,0.0,20.0,4,478,Delay_Resp,34.181921759257555,c29a38.fffe.b34e68,128,248,254,65535,128,1,160,BOOTING,-1,False,False,False,False,0,healthy
74.852576116,mixed_pdv_loss_holdover,1078.0,1078.0,3135.0,122.0,-8514.884382451683,6.0,2.0,1.5,0.0,0.0,0.0,20.0,4,479,Sync,26.039401781197803,c29a38.fffe.b34e68,128,248,254,65535,128,1,160,BOOTING,-1,False,False,False,False,0,healthy
75.023025214,mixed_pdv_loss_holdover,392.0,392.0,3135.0,122.0,-4024.6619550901537,6.0,2.0,1.5,0.0,0.0,0.0,20.0,4,480,Sync,29.334270809695,c29a38.fffe.b34e68,128,248,254,65535,128,1,160,BOOTING,-1,False,False,False,False,0,healthy
75.140659863,mixed_pdv_loss_holdover,1961.0,1961.0,3135.0,115.0,13337.906929104425,6.0,2.0,1.5,0.0,0.0,0.0,20.0,4,481,Sync,25.502690113010374,c29a38.fffe.b34e68,128,248,254,65535,128,1,160,BOOTING,-1,False,False,False,False,0,healthy
75.37125658299999,mixed_pdv_loss_holdover,-2057.0,-2057.0,3429.0,402.0,-17424.358854714425,6.0,2.0,1.5,0.0,0.0,0.0,20.0,4,482,Delay_Resp,17.346300502453385,c29a38.fffe.b34e68,128,248,254,65535,128,1,160,BOOTING,-1,False,False,False,False,0,healthy
75.606283252,mixed_pdv_loss_holdover,1593.0,1593.0,3307.0,280.0,15530.152452613336,6.0,2.0,1.5,0.0,0.0,0.0,20.0,4,483,Sync,21.274181441936076,c29a38.fffe.b34e68,128,248,254,65535,128,1,160,BOOTING,-1,False,False,False,False,0,healthy
75.74219723300001,mixed_pdv_loss_holdover,2083.0,2083.0,3234.0,207.0,3605.2214525302893,6.0,2.0,1.5,0.0,0.0,0.0,20.0,4,484,Sync,22.07278440324667,c29a38.fffe.b34e68,128,248,254,65535,128,1,160,BOOTING,-1,False,False,False,False,0,healthy
75.85937082699999,mixed_pdv_loss_holdover,-1347.0,-1347.0,3307.0,280.0,-29272.806977314303,6.0,2.0,1.5,0.0,0.0,0.0,20.0,4,485,Sync,25.60303817257811,c29a38.fffe.b34e68,128,248,254,65535,128,1,160,BOOTING,-1,False,False,False,False,0,healthy
75.976227416,mixed_pdv_loss_holdover,1298.0,1298.0,3307.0,280.0,22634.581606691743,6.0,2.0,1.5,0.0,0.0,0.0,20.0,4,486,Sync,25.672493315718423,c29a38.fffe.b34e68,128,248,254,65535,128,1,160,BOOTING,-1,False,False,False,False,0,healthy
76.093443735,mixed_pdv_loss_holdover,123.0,123.0,3135.0,103.0,-10024.201493649723,6.0,2.0,1.5,0.0,0.0,0.0,20.0,4,487,Sync,25.59370594123334,c29a38.fffe.b34e68,128,248,254,65535,128,1,160,BOOTING,-1,False,False,False,False,0,healthy
76.269288596,mixed_pdv_loss_holdover,1373.0,1373.0,2939.0,-93.0,7108.538702191521,6.0,2.0,1.5,0.0,0.0,0.0,20.0,4,488,Sync,28.434154808766085,c29a38.fffe.b34e68,128,248,254,65535,128,1,160,BOOTING,-1,False,False,False,False,0,healthy
76.45244007400001,mixed_pdv_loss_holdover,1568.0,1568.0,2963.0,-69.0,1064.6924727519854,6.0,2.0,1.5,0.0,0.0,0.0,20.0,4,489,Delay_Resp,27.29980699364065,c29a38.fffe.b34e68,128,248,254,65535,128,1,160,BOOTING,-1,False,False,False,False,0,healthy
76.571574793,mixed_pdv_loss_holdover,2132.0,2132.0,2963.0,-69.0,4734.136318397598,6.0,2.0,1.5,0.0,0.0,0.0,20.0,4,490,Sync,16.787717441126233,c29a38.fffe.b34e68,128,248,254,65535,128,1,160,BOOTING,-1,False,False,False,False,0,healthy
76.81163769099999,mixed_pdv_loss_holdover,1937.0,1937.0,2963.0,-69.0,-812.2871198530956,6.0,2.0,1.5,0.0,0.0,0.0,20.0,4,491,Sync,20.827874868028093,c29a38.fffe.b34e68,128,248,254,65535,128,1,160,BOOTING,-1,False,False,False,False,0,healthy
77.094009355,mixed_pdv_loss_holdover,1153.0,1153.0,2963.0,-69.0,-2776.48255810814,6.0,2.0,1.5,0.0,0.0,0.0,20.0,4,492,Delay_Resp,28.331454674572857,c29a38.fffe.b34e68,128,248,254,65535,128,1,160,BOOTING,-1,False,False,False,False,0,healthy
77.213336629,mixed_pdv_loss_holdover,3995.0,3995.0,2963.0,-69.0,23816.85179534065,6.0,2.0,1.5,0.0,0.0,0.0,20.0,4,493,Sync,16.760627582927974,c29a38.fffe.b34e68,128,248,254,65535,128,1,160,BOOTING,-1,False,False,False,False,0,healthy
77.328862381,mixed_pdv_loss_holdover,2426.0,2426.0,3062.0,25.0,-13581.38746415647,6.0,2.0,1.5,0.0,0.0,0.0,20.0,4,494,Delay_Resp,34.624314758843774,c29a38.fffe.b34e68,128,248,254,65535,128,1,160,BOOTING,-1,False,False,False,False,0,healthy
77.44739834999999,mixed_pdv_loss_holdover,1633.0,1633.0,3190.0,146.5,-6689.952481850032,6.0,2.0,1.5,0.0,0.0,0.0,20.0,4,495,Delay_Resp,33.74503143430029,c29a38.fffe.b34e68,128,248,254,65535,128,1,160,BOOTING,-1,False,False,False,False,0,healthy
77.56249459700001,mixed_pdv_loss_holdover,2102.0,2102.0,3190.0,140.0,4074.850503161543,6.0,2.0,1.5,0.0,0.0,0.0,20.0,4,496,Sync,17.376761207511912,c29a38.fffe.b34e68,128,248,254,65535,128,1,160,BOOTING,-1,False,False,False,False,0,healthy
77.679113908,mixed_pdv_loss_holdover,982.0,982.0,3312.0,262.0,-9603.898277190641,6.0,2.0,1.5,0.0,0.0,0.0,20.0,4,497,Delay_Resp,34.29963670425229,c29a38.fffe.b34e68,128,248,254,65535,128,1,160,BOOTING,-1,False,False,False,False,0,healthy
77.97093962899999,mixed_pdv_loss_holdover,1555.0,1555.0,3437.0,387.0,1963.5006744316747,6.0,2.0,1.5,0.0,0.0,0.0,20.0,4,498,Sync,20.560216486195547,c29a38.fffe.b34e68,128,248,254,65535,128,1,160,BOOTING,-1,False,False,False,False,0,healthy
78.115953459,mixed_pdv_loss_holdover,1956.0,1956.0,3437.0,387.0,2765.253493407979,6.0,2.0,1.5,0.0,0.0,0.0,20.0,4,499,Sync,34.47946999261819,c29a38.fffe.b34e68,128,248,254,65535,128,1,160,BOOTING,-1,False,False,False,False,0,healthy
78.29010881100001,mixed_pdv_loss_holdover,857.0,857.0,3437.0,387.0,-6310.4578032146965,6.0,2.0,1.5,0.0,0.0,0.0,20.0,4,500,Sync,17.22599946282447,c29a38.fffe.b34e68,128,248,254,65535,128,1,160,BOOTING,-1,False,False,False,False,0,healthy
78.40589444599999,mixed_pdv_loss_holdover,25820.0,25820.0,3437.0,381.0,215596.6929749201,6.0,2.0,1.5,0.0,0.0,0.0,20.0,4,501,Sync,17.273299921877985,c29a38.fffe.b34e68,128,248,254,65535,128,1,160,BOOTING,-1,False,False,False,False,0,healthy
78.52228808800001,mixed_pdv_loss_holdover,1474.0,1474.0,3519.0,457.0,-209169.50085640274,6.0,2.0,1.5,0.0,0.0,0.0,20.0,4,502,Delay_Resp,34.3661383153541,c29a38.fffe.b34e68,128,248,254,65535,128,1,160,BOOTING,-1,False,False,False,False,0,healthy
78.637991244,mixed_pdv_loss_holdover,575.0,575.0,3519.0,457.0,-7769.883130932389,6.0,2.0,1.5,0.0,0.0,0.0,20.0,4,503,Sync,25.928419791765478,c29a38.fffe.b34e68,128,248,254,65535,128,1,160,BOOTING,-1,False,False,False,False,0,healthy
78.82854582300001,mixed_pdv_loss_holdover,2172.0,2172.0,3395.0,333.0,8380.800967264797,6.0,2.0,1.5,0.0,0.0,0.0,20.0,4,504,Delay_Resp,20.991361220450337,c29a38.fffe.b34e68,128,248,254,65535,128,1,160,BOOTING,-1,False,False,False,False,0,healthy
78.94625423599999,mixed_pdv_loss_holdover,-100.0,-100.0,3320.0,251.5,-19301.93383883465,6.0,2.0,1.5,0.0,0.0,0.0,20.0,4,505,Sync,33.982277885272275,c29a38.fffe.b34e68,128,248,254,65535,128,1,160,BOOTING,-1,False,False,False,False,0,healthy
79.14030578200001,mixed_pdv_loss_holdover,2472.0,2472.0,3320.0,239.5,13254.210301420886,6.0,2.0,1.5,0.0,0.0,0.0,20.0,4,506,Sync,25.766349730600478,c29a38.fffe.b34e68,128,248,254,65535,128,1,160,BOOTING,-1,False,False,False,False,0,healthy
79.38398407899999,mixed_pdv_loss_holdover,2197.0,2197.0,3394.0,302.5,-1128.5371056250171,6.0,2.0,1.5,0.0,0.0,0.0,20.0,4,507,Sync,24.622627759091284,c29a38.fffe.b34e68,128,248,254,65535,128,1,160,BOOTING,-1,False,False,False,False,0,healthy
79.58494448299999,mixed_pdv_loss_holdover,201.0,201.0,3319.0,222.0,-9932.30487335207,6.0,2.0,1.5,0.0,0.0,0.0,20.0,4,508,Sync,14.928313937903912,c29a38.fffe.b34e68,128,248,254,65535,128,1,160,BOOTING,-1,False,False,False,False,0,healthy
79.701252152,mixed_pdv_loss_holdover,2073.0,2073.0,3319.0,222.0,16095.241320672223,6.0,2.0,1.5,0.0,0.0,0.0,20.0,4,509,Sync,17.195770641743827,c29a38.fffe.b34e68,128,248,254,65535,128,1,160,BOOTING,-1,False,False,False,False,0,healthy
79.824273266,mixed_pdv_loss_holdover,1323.0,1323.0,3270.0,173.0,-6096.514456859988,6.0,2.0,1.5,0.0,0.0,0.0,20.0,4,510,Sync,24.386057827439952,c29a38.fffe.b34e68,128,248,254,65535,128,1,160,BOOTING,-1,False,False,False,False,0,healthy
79.950159773,mixed_pdv_loss_holdover,2821.0,2821.0,3270.0,173.0,11899.607318518661,6.0,2.0,1.5,0.0,0.0,0.0,20.0,4,511,Sync,15.887326192948814,c29a38.fffe.b34e68,128,248,254,65535,128,1,160,BOOTING,-1,False,False,False,False,0,healthy
80.06978487200001,mixed_pdv_loss_holdover,2322.0,2322.0,3494.0,397.0,-4171.365408859423,6.0,2.0,1.5,0.0,0.0,0.0,20.0,4,512,Delay_Resp,41.797248585765765,c29a38.fffe.b34e68,128,248,254,65535,128,1,160,BOOTING,-1,False,False,False,False,0,healthy
80.324588538,mixed_pdv_loss_holdover,1399.0,1399.0,3494.0,397.0,-3622.3968614331025,6.0,2.0,1.5,0.0,0.0,0.0,20.0,4,513,Sync,23.54754189447304,c29a38.fffe.b34e68,128,248,254,65535,128,1,160,BOOTING,-1,False,False,False,False,0,healthy
80.49605044399999,mixed_pdv_loss_holdover,3396.0,3396.0,3494.0,397.0,11646.901907178995,6.0,2.0,1.5,0.0,0.0,0.0,20.0,4,514,Sync,11.6643985049364,c29a38.fffe.b34e68,128,248,254,65535,128,1,160,BOOTING,-1,False,False,False,False,0,healthy
80.668943649,mixed_pdv_loss_holdover,2547.0,2547.0,3444.0,347.0,-4910.545790391007,6.0,2.0,1.5,0.0,0.0,0.0,20.0,4,515,Sync,34.70350381901772,c29a38.fffe.b34e68,128,248,254,65535,128,1,160,BOOTING,-1,False,False,False,False,0,healthy
80.90069994699999,mixed_pdv_loss_holdover,1772.0,1772.0,3420.0,323.0,-3344.029943039658,6.0,2.0,1.5,0.0,0.0,0.0,20.0,4,516,Sync,25.88926407514574,c29a38.fffe.b34e68,128,248,254,65535,128,1,160,BOOTING,-1,False,False,False,False,0,healthy
81.04153581,mixed_pdv_loss_holdover,4044.0,4044.0,3445.0,348.0,16132.254609040123,6.0,2.0,1.5,0.0,0.0,0.0,20.0,4,517,Delay_Resp,28.401856706056556,c29a38.fffe.b34e68,128,248,254,65535,128,1,160,BOOTING,-1,False,False,False,False,0,healthy
81.35646711300001,mixed_pdv_loss_holdover,2970.0,2970.0,3420.0,323.0,-3410.267540156269,6.0,2.0,1.5,0.0,0.0,0.0,20.0,4,518,Delay_Resp,22.227069628579038,c29a38.fffe.b34e68,128,248,254,65535,128,1,160,BOOTING,-1,False,False,False,False,0,healthy
81.47881831000001,mixed_pdv_loss_holdover,2970.0,2970.0,3420.0,309.0,0.0,6.0,2.0,1.5,0.0,0.0,0.0,20.0,4,519,Sync,16.34638686861391,c29a38.fffe.b34e68,128,248,254,65535,128,1,160,BOOTING,-1,False,False,False,False,0,healthy
81.60274569399999,mixed_pdv_loss_holdover,2971.0,2971.0,3445.0,320.0,8.06924158102147,6.0,2.0,1.5,0.0,0.0,0.0,20.0,4,520,Sync,24.207724743064414,c29a38.fffe.b34e68,128,248,254,65535,128,1,160,BOOTING,-1,False,False,False,False,0,healthy
81.72422317300001,mixed_pdv_loss_holdover,2423.0,2423.0,3569.0,444.0,-4511.1242389214485,6.0,2.0,1.5,0.0,0.0,0.0,20.0,4,521,Sync,24.695935614533475,c29a38.fffe.b34e68,128,248,254,65535,128,1,160,BOOTING,-1,False,False,False,False,0,healthy
81.846164472,mixed_pdv_loss_holdover,1623.0,1623.0,3644.0,514.0,-6560.533687606553,6.0,2.0,1.5,0.0,0.0,0.0,20.0,4,522,Sync,24.602001328524572,c29a38.fffe.b34e68,128,248,254,65535,128,1,160,BOOTING,-1,False,False,False,False,0,healthy
82.098560572,mixed_pdv_loss_holdover,2347.0,2347.0,3769.0,634.0,2868.507080735416,6.0,2.0,1.5,0.0,0.0,0.0,20.0,4,523,Sync,19.81013177303464,c29a38.fffe.b34e68,128,248,254,65535,128,1,160,BOOTING,-1,False,False,False,False,0,healthy
82.22840167499999,mixed_pdv_loss_holdover,-1572.0,-1572.0,3769.0,634.0,-30183.046119073013,6.0,2.0,1.5,0.0,0.0,0.0,20.0,4,524,Sync,23.105164163618028,c29a38.fffe.b34e68,128,248,254,65535,128,1,160,BOOTING,-1,False,False,False,False,0,healthy
82.42278044099999,mixed_pdv_loss_holdover,2248.0,2248.0,3344.0,209.0,19652.35235622395,6.0,2.0,1.5,0.0,0.0,0.0,20.0,4,525,Delay_Resp,36.01216400355174,c29a38.fffe.b34e68,128,248,254,65535,128,1,160,BOOTING,-1,False,False,False,False,0,healthy
82.600055913,mixed_pdv_loss_holdover,-2146.0,-2146.0,3544.0,409.0,-24786.28289874119,6.0,2.0,1.5,0.0,0.0,0.0,20.0,4,526,Delay_Resp,22.56375320777532,c29a38.fffe.b34e68,128,248,254,65535,128,1,160,BOOTING,-1,False,False,False,False,0,healthy
82.73898008200001,mixed_pdv_loss_holdover,2247.0,2247.0,3544.0,409.0,31621.56759058823,6.0,2.0,1.5,0.0,0.0,0.0,20.0,4,527,Delay_Resp,35.99085771749173,c29a38.fffe.b34e68,128,248,254,65535,128,1,160,BOOTING,-1,False,False,False,False,0,healthy
82.991976201,mixed_pdv_loss_holdover,1748.0,1748.0,3544.0,409.0,-1972.3622716916993,6.0,2.0,1.5,0.0,0.0,0.0,20.0,4,528,Sync,39.52629802989377,c29a38.fffe.b34e68,128,248,254,65535,128,1,160,BOOTING,-1,False,False,False,False,0,healthy
83.196705074,mixed_pdv_loss_holdover,-2146.0,-2146.0,3544.0,384.5,-19020.27761369963,6.0,2.0,1.5,0.0,0.0,0.0,20.0,4,529,Sync,14.653526666948867,c29a38.fffe.b34e68,128,248,254,65535,128,1,160,BOOTING,-1,False,False,False,False,0,healthy
83.34094104600001,mixed_pdv_loss_holdover,1948.0,1948.0,3544.0,384.5,28384.042782336448,6.0,2.0,1.5,0.0,0.0,0.0,20.0,4,530,Sync,20.79924971837063,c29a38.fffe.b34e68,128,248,254,65535,128,1,160,BOOTING,-1,False,False,False,False,0,healthy
83.47602495199999,mixed_pdv_loss_holdover,5443.0,5443.0,3644.0,484.5,25872.80826777562,6.0,2.0,1.5,0.0,0.0,0.0,20.0,4,531,Delay_Resp,37.014031856617486,c29a38.fffe.b34e68,128,248,254,65535,128,1,160,BOOTING,-1,False,False,False,False,0,healthy
83.610822778,mixed_pdv_loss_holdover,2646.0,2646.0,3794.0,634.5,-20749.59280129476,6.0,2.0,1.5,0.0,0.0,0.0,20.0,4,532,Delay_Resp,29.674069075859503,c29a38.fffe.b34e68,128,248,254,65535,128,1,160,BOOTING,-1,False,False,False,False,0,healthy
83.74169916100001,mixed_pdv_loss_holdover,3396.0,3396.0,3794.0,634.5,5730.598468632785,6.0,2.0,1.5,0.0,0.0,0.0,20.0,4,533,Sync,15.281595916354094,c29a38.fffe.b34e68,128,248,254,65535,128,1,160,BOOTING,-1,False,False,False,False,0,healthy
83.874515995,mixed_pdv_loss_holdover,2996.0,2996.0,3794.0,610.0,-3011.666427766313,6.0,2.0,1.5,0.0,0.0,0.0,20.0,4,534,Sync,22.587498208247347,c29a38.fffe.b34e68,128,248,254,65535,128,1,160,BOOTING,-1,False,False,False,False,0,healthy
84.071236723,mixed_pdv_loss_holdover,1398.0,1398.0,3794.0,610.0,-8123.190760050357,6.0,2.0,1.5,0.0,0.0,0.0,20.0,4,535,Sync,25.416742052723272,c29a38.fffe.b34e68,128,248,254,65535,128,1,160,BOOTING,-1,False,False,False,False,0,healthy
84.259788542,mixed_pdv_loss_holdover,2397.0,2397.0,3794.0,609.5,5298.278241484457,6.0,2.0,1.5,0.0,0.0,0.0,20.0,4,536,Sync,26.51790911653882,c29a38.fffe.b34e68,128,248,254,65535,128,1,160,BOOTING,-1,False,False,False,False,0,healthy
84.48301905599999,mixed_pdv_loss_holdover,1049.0,1049.0,4044.0,856.5,-6038.600977284127,6.0,2.0,1.5,0.0,0.0,0.0,20.0,4,537,Delay_Resp,17.918697261970703,c29a38.fffe.b34e68,128,248,254,65535,128,1,160,BOOTING,-1,False,False,False,False,0,healthy
84.655692383,mixed_pdv_loss_holdover,849.0,849.0,4044.0,854.0,-1158.2564804580502,6.0,2.0,1.5,0.0,0.0,0.0,20.0,4,538,Sync,28.956412011451253,c29a38.fffe.b34e68,128,248,254,65535,128,1,160,BOOTING,-1,False,False,False,False,0,healthy
84.839596126,mixed_pdv_loss_holdover,-2247.0,-2247.0,3744.0,532.5,-16834.893893377517,6.0,2.0,1.5,0.0,0.0,0.0,20.0,4,539,Delay_Resp,27.188136132715627,c29a38.fffe.b34e68,128,248,254,65535,128,1,160,BOOTING,-1,False,False,False,False,0,healthy
85.02565500399999,mixed_pdv_loss_holdover,3245.0,3245.0,3644.0,410.5,29517.537991388308,6.0,2.0,1.5,0.0,0.0,0.0,20.0,4,540,Sync,32.247856509164215,c29a38.fffe.b34e68,128,248,254,65535,128,1,160,BOOTING,-1,False,False,False,False,0,healthy
85.164414016,mixed_pdv_loss_holdover,5143.0,5143.0,3644.0,392.0,13678.390849308476,6.0,2.0,1.5,0.0,0.0,0.0,20.0,4,541,Sync,21.62021735928632,c29a38.fffe.b34e68,128,248,254,65535,128,1,160,BOOTING,-1,False,False,False,False,0,healthy
85.413749978,mixed_pdv_loss_holdover,98.0,98.0,3844.0,574.0,-20233.743899325396,6.0,2.0,1.5,0.0,0.0,0.0,20.0,4,542,Sync,20.05326451865748,c29a38.fffe.b34e68,128,248,254,65535,128,1,160,BOOTING,-1,False,False,False,False,0,healthy
85.566307878,mixed_pdv_loss_holdover,740.0,740.0,3844.0,568.0,4208.238314764681,6.0,2.0,1.5,0.0,0.0,0.0,20.0,4,543,Sync,19.664665022264863,c29a38.fffe.b34e68,128,248,254,65535,128,1,160,BOOTING,-1,False,False,False,False,0,healthy
85.689818261,mixed_pdv_loss_holdover,2573.0,2573.0,3778.0,483.5,14840.85754960255,6.0,2.0,1.5,0.0,0.0,0.0,20.0,4,544,Delay_Resp,32.38594118843983,c29a38.fffe.b34e68,128,248,254,65535,128,1,160,BOOTING,-1,False,False,False,False,0,healthy
85.813480994,mixed_pdv_loss_holdover,897.0,897.0,3778.0,471.0,-13552.991748938202,6.0,2.0,1.5,0.0,0.0,0.0,20.0,4,545,Sync,24.25953177017578,c29a38.fffe.b34e68,128,248,254,65535,128,1,160,BOOTING,-1,False,False,False,False,0,healthy
85.93984725300001,mixed_pdv_loss_holdover,3556.0,3556.0,3778.0,471.0,21042.009323072783,6.0,2.0,1.5,0.0,0.0,0.0,20.0,4,546,Sync,23.74051446755109,c29a38.fffe.b34e68,128,248,254,65535,128,1,160,BOOTING,-1,False,False,False,False,0,healthy
86.061980619,mixed_pdv_loss_holdover,-2377.0,-2377.0,3844.0,534.5,-48578.04377552326,6.0,2.0,1.5,0.0,0.0,0.0,20.0,4,547,Sync,24.563312207411055,c29a38.fffe.b34e68,128,248,254,65535,128,1,160,BOOTING,-1,False,False,False,False,0,healthy
86.24226786899999,mixed_pdv_loss_holdover,1172.0,1172.0,3778.0,462.5,19685.252284896214,6.0,2.0,1.5,0.0,0.0,0.0,20.0,4,548,Sync,16.640111821552168,c29a38.fffe.b34e68,128,248,254,65535,128,1,160,BOOTING,-1,False,False,False,False,0,healthy
86.39698057800001,mixed_pdv_loss_holdover,1720.0,1720.0,3414.0,95.0,3542.0490245566607,6.0,2.0,1.5,0.0,0.0,0.0,20.0,4,549,Sync,19.390779331514565,c29a38.fffe.b34e68,128,248,254,65535,128,1,160,BOOTING,-1,False,False,False,False,0,healthy
86.609453369,mixed_pdv_loss_holdover,1765.0,1765.0,3002.0,-317.0,211.7918242058618,6.0,2.0,1.5,0.0,0.0,0.0,20.0,4,550,Sync,28.238909894114904,c29a38.fffe.b34e68,128,248,254,65535,128,1,160,BOOTING,-1,False,False,False,False,0,healthy
86.797035728,mixed_pdv_loss_holdover,-1695.0,-1695.0,2360.0,-959.0,-18445.23130237385,6.0,2.0,1.5,0.0,0.0,0.0,20.0,4,551,Delay_Resp,42.647933647107166,c29a38.fffe.b34e68,128,248,254,65535,128,1,160,BOOTING,-1,False,False,False,False,0,healthy
86.96258884400001,mixed_pdv_loss_holdover,3919.0,3919.0,1856.0,-1463.0,33910.56680564118,6.0,2.0,1.5,0.0,0.0,0.0,20.0,4,552,Delay_Resp,24.161429857955955,c29a38.fffe.b34e68,128,248,254,65535,128,1,160,BOOTING,-1,False,False,False,False,0,healthy
87.078005061,mixed_pdv_loss_holdover,3827.0,3827.0,1856.0,-1463.0,-797.1150189405118,6.0,2.0,1.5,0.0,0.0,0.0,20.0,4,553,Sync,25.992881052407995,c29a38.fffe.b34e68,128,248,254,65535,128,1,160,BOOTING,-1,False,False,False,False,0,healthy
87.196295669,mixed_pdv_loss_holdover,2819.0,2819.0,1856.0,-1463.0,-8521.386583794045,6.0,2.0,1.5,0.0,0.0,0.0,20.0,4,554,Sync,16.90751306308342,c29a38.fffe.b34e68,128,248,254,65535,128,1,160,BOOTING,-1,False,False,False,False,0,healthy
87.31267649399999,mixed_pdv_loss_holdover,2040.0,2040.0,2360.0,-959.0,-6693.542514413744,6.0,2.0,1.5,0.0,0.0,0.0,20.0,4,555,Delay_Resp,34.369923052188675,c29a38.fffe.b34e68,128,248,254,65535,128,1,160,BOOTING,-1,False,False,False,False,0,healthy
87.434131436,mixed_pdv_loss_holdover,3506.0,3506.0,2360.0,-959.0,12070.319872204156,6.0,2.0,1.5,0.0,0.0,0.0,20.0,4,556,Sync,16.467012103962013,c29a38.fffe.b34e68,128,248,254,65535,128,1,160,BOOTING,-1,False,False,False,False,0,healthy
87.68232544399999,mixed_pdv_loss_holdover,2064.0,2064.0,3345.0,25.5,-5809.971044909383,6.0,2.0,1.5,0.0,0.0,0.0,20.0,4,557,Delay_Resp,28.203742936453313,c29a38.fffe.b34e68,128,248,254,65535,128,1,160,BOOTING,-1,False,False,False,False,0,healthy
87.80564836900001,mixed_pdv_loss_holdover,1650.0,1650.0,3483.0,163.0,-3357.0400637185985,6.0,2.0,1.5,0.0,0.0,0.0,20.0,4,558,Delay_Resp,32.43516969776424,c29a38.fffe.b34e68,128,248,254,65535,128,1,160,BOOTING,-1,False,False,False,False,0,healthy
87.995113103,mixed_pdv_loss_holdover,2292.0,2292.0,3620.0,288.0,3388.4933963489357,6.0,2.0,1.5,0.0,0.0,0.0,20.0,4,559,Sync,15.834081291350167,c29a38.fffe.b34e68,128,248,254,65535,128,1,160,BOOTING,-1,False,False,False,False,0,healthy
88.11124413600001,mixed_pdv_loss_holdover,505.0,505.0,3323.0,-10.5,-15387.790445297844,6.0,2.0,1.5,0.0,0.0,0.0,20.0,4,560,Delay_Resp,34.44385102472936,c29a38.fffe.b34e68,128,248,254,65535,128,1,160,BOOTING,-1,False,False,False,False,0,healthy
88.22662203600001,mixed_pdv_loss_holdover,894.0,894.0,3323.0,-10.5,3371.529556353554,6.0,2.0,1.5,0.0,0.0,0.0,20.0,4,561,Sync,17.33434219204912,c29a38.fffe.b34e68,128,248,254,65535,128,1,160,BOOTING,-1,False,False,False,False,0,healthy
88.412284436,mixed_pdv_loss_holdover,-1857.0,-1857.0,3323.0,-10.5,-14817.216625445035,6.0,2.0,1.5,0.0,0.0,0.0,20.0,4,562,Sync,26.930600918656914,c29a38.fffe.b34e68,128,248,254,65535,128,1,160,BOOTING,-1,False,False,False,False,0,healthy
88.535725794,mixed_pdv_loss_holdover,30411.0,30411.0,3483.0,138.5,261403.4754867297,6.0,2.0,1.5,0.0,0.0,0.0,20.0,4,563,Sync,24.303037884597405,c29a38.fffe.b34e68,128,248,254,65535,128,1,160,BOOTING,-1,False,False,False,False,0,healthy
88.67321827800001,mixed_pdv_loss_holdover,917.0,917.0,3323.0,-21.5,-214513.54388214168,6.0,2.0,1.5,0.0,0.0,0.0,20.0,4,564,Sync,21.819374504862854,c29a38.fffe.b34e68,128,248,254,65535,128,1,160,BOOTING,-1,False,False,False,False,0,healthy
88.96639953600001,mixed_pdv_loss_holdover,-1856.0,-1856.0,3277.0,-67.5,-9458.312645619253,6.0,2.0,1.5,0.0,0.0,0.0,20.0,4,565,Sync,20.465155381794272,c29a38.fffe.b34e68,128,248,254,65535,128,1,160,BOOTING,-1,False,False,False,False,0,healthy
89.102536361,mixed_pdv_loss_holdover,1031.0,1031.0,2979.0,-365.5,21206.605927530076,6.0,2.0,1.5,0.0,0.0,0.0,20.0,4,566,Delay_Resp,29.38220426398348,c29a38.fffe.b34e68,128,248,254,65535,128,1,160,BOOTING,-1,False,False,False,False,0,healthy
89.323534244,mixed_pdv_loss_holdover,711.0,711.0,2864.0,-480.5,-1447.9776713517504,6.0,2.0,1.5,0.0,0.0,0.0,20.0,4,567,Sync,22.6246511148711,c29a38.fffe.b34e68,128,248,254,65535,128,1,160,BOOTING,-1,False,False,False,False,0,healthy
89.44613245299999,mixed_pdv_loss_holdover,1512.0,1512.0,2704.0,-640.5,6533.537533162332,6.0,2.0,1.5,0.0,0.0,0.0,20.0,4,568,Sync,24.470178026825213,c29a38.fffe.b34e68,128,248,254,65535,128,1,160,BOOTING,-1,False,False,False,False,0,healthy
89.560892336,mixed_pdv_loss_holdover,1146.0,1146.0,2704.0,-640.5,-3189.2678036277207,6.0,2.0,1.5,0.0,0.0,0.0,20.0,4,569,Sync,26.141539373997713,c29a38.fffe.b34e68,128,248,254,65535,128,1,160,BOOTING,-1,False,False,False,False,0,healthy
89.68306246099999,mixed_pdv_loss_holdover,1421.0,1421.0,2704.0,-640.5,2250.9594714747773,6.0,2.0,1.5,0.0,0.0,0.0,20.0,4,570,Sync,16.37061433799838,c29a38.fffe.b34e68,128,248,254,65535,128,1,160,BOOTING,-1,False,False,False,False,0,healthy
89.906079578,mixed_pdv_loss_holdover,2843.0,2843.0,2910.0,-434.5,6376.192191561756,6.0,2.0,1.5,0.0,0.0,0.0,20.0,4,571,Sync,26.903764521357623,c29a38.fffe.b34e68,128,248,254,65535,128,1,160,BOOTING,-1,False,False,False,False,0,healthy
90.102222686,mixed_pdv_loss_holdover,1032.0,1032.0,2910.0,-434.5,-9233.054469596707,6.0,2.0,1.5,0.0,0.0,0.0,20.0,4,572,Sync,15.294954946874721,c29a38.fffe.b34e68,128,248,254,65535,128,1,160,BOOTING,-1,False,False,False,False,0,healthy
90.217227503,mixed_pdv_loss_holdover,1215.0,1215.0,2910.0,-434.5,1591.237695721923,6.0,2.0,1.5,0.0,0.0,0.0,20.0,4,573,Sync,17.390575909529215,c29a38.fffe.b34e68,128,248,254,65535,128,1,160,BOOTING,-1,False,False,False,False,0,healthy
90.33315778599999,mixed_pdv_loss_holdover,1994.0,1994.0,2864.0,-480.5,6719.555752313812,6.0,2.0,1.5,0.0,0.0,0.0,20.0,4,574,Sync,25.87762163920595,c29a38.fffe.b34e68,128,248,254,65535,128,1,160,BOOTING,-1,False,False,False,False,0,healthy
90.44796001899999,mixed_pdv_loss_holdover,-1994.0,-1994.0,2910.0,-434.5,-34738.000261717825,6.0,2.0,1.5,0.0,0.0,0.0,20.0,4,575,Sync,26.13189588394019,c29a38.fffe.b34e68,128,248,254,65535,128,1,160,BOOTING,-1,False,False,False,False,0,healthy
90.623058111,mixed_pdv_loss_holdover,1902.0,1902.0,2864.0,-480.5,22250.385229783224,6.0,2.0,1.5,0.0,0.0,0.0,20.0,4,576,Delay_Resp,22.84433801825793,c29a38.fffe.b34e68,128,248,254,65535,128,1,160,BOOTING,-1,False,False,False,False,0,healthy
90.740235703,mixed_pdv_loss_holdover,1444.0,1444.0,2956.0,-388.5,-3908.597131779109,6.0,2.0,1.5,0.0,0.0,0.0,20.0,4,577,Sync,25.60216461864045,c29a38.fffe.b34e68,128,248,254,65535,128,1,160,BOOTING,-1,False,False,False,False,0,healthy
90.93594871100001,mixed_pdv_loss_holdover,2453.0,2453.0,3048.0,-296.5,5155.50811012014,6.0,2.0,1.5,0.0,0.0,0.0,20.0,4,578,Sync,30.65713445066486,c29a38.fffe.b34e68,128,248,254,65535,128,1,160,BOOTING,-1,False,False,False,False,0,healthy
91.129701428,mixed_pdv_loss_holdover,-1765.0,-1765.0,3048.0,-296.5,-21770.017294777354,6.0,2.0,1.5,0.0,0.0,0.0,20.0,4,579,Sync,15.483653836968246,c29a38.fffe.b34e68,128,248,254,65535,128,1,160,BOOTING,-1,False,False,False,False,0,healthy
91.257087386,mixed_pdv_loss_holdover,1352.0,1352.0,3048.0,-296.5,24468.9449994157,6.0,2.0,1.5,0.0,0.0,0.0,20.0,4,580,Sync,23.5504764190719,c29a38.fffe.b34e68,128,248,254,65535,128,1,160,BOOTING,-1,False,False,False,False,0,healthy
91.37539009400001,mixed_pdv_loss_holdover,1627.0,1627.0,3047.0,-297.5,2324.5452673830273,6.0,2.0,1.5,0.0,0.0,0.0,20.0,4,581,Sync,25.358675644178476,c29a38.fffe.b34e68,128,248,254,65535,128,1,160,BOOTING,-1,False,False,False,False,0,healthy
91.49159079399999,mixed_pdv_loss_holdover,987.0,987.0,2979.0,-354.5,-5507.712087793255,6.0,2.0,1.5,0.0,0.0,0.0,20.0,4,582,Delay_Resp,34.42320054870784,c29a38.fffe.b34e68,128,248,254,65535,128,1,160,BOOTING,-1,False,False,False,False,0,healthy
91.71298522800001,mixed_pdv_loss_holdover,1398.0,1398.0,2635.0,-698.5,1856.4152339981254,6.0,2.0,1.5,0.0,0.0,0.0,20.0,4,583,Delay_Resp,45.168253868567525,c29a38.fffe.b34e68,128,248,254,65535,128,1,160,BOOTING,-1,False,False,False,False,0,healthy
91.89689835300001,mixed_pdv_loss_holdover,1398.0,1398.0,2612.0,-721.5,0.0,6.0,2.0,1.5,0.0,0.0,0.0,20.0,4,584,Delay_Resp,5.437349835689976,c29a38.fffe.b34e68,128,248,254,65535,128,1,160,BOOTING,-1,False,False,False,False,0,healthy
92.013416678,mixed_pdv_loss_holdover,1604.0,1604.0,2635.0,-698.5,1767.962249714779,6.0,2.0,1.5,0.0,0.0,0.0,20.0,4,585,Sync,25.747023054098722,c29a38.fffe.b34e68,128,248,254,65535,128,1,160,BOOTING,-1,False,False,False,False,0,healthy
92.13153953599999,mixed_pdv_loss_holdover,3048.0,3048.0,2635.0,-698.5,12224.560296366113,6.0,2.0,1.5,0.0,0.0,0.0,20.0,4,586,Sync,16.931523956185753,c29a38.fffe.b34e68,128,248,254,65535,128,1,160,BOOTING,-1,False,False,False,False,0,healthy
92.250756894,mixed_pdv_loss_holdover,3231.0,3231.0,2635.0,-698.5,1535.0113697369443,6.0,2.0,1.5,0.0,0.0,0.0,20.0,4,587,Sync,25.164120815359745,c29a38.fffe.b34e68,128,248,254,65535,128,1,160,BOOTING,-1,False,False,False,False,0,healthy
92.465166694,mixed_pdv_loss_holdover,1765.0,1765.0,2635.0,-698.5,-6837.374037940476,6.0,2.0,1.5,0.0,0.0,0.0,20.0,4,588,Sync,23.319829597341325,c29a38.fffe.b34e68,128,248,254,65535,128,1,160,BOOTING,-1,False,False,False,False,0,healthy
92.608813494,mixed_pdv_loss_holdover,3255.0,3255.0,2704.0,-629.5,10372.664062130236,6.0,2.0,1.5,0.0,0.0,0.0,20.0,4,589,Sync,20.88455851435618,c29a38.fffe.b34e68,128,248,254,65535,128,1,160,BOOTING,-1,False,False,False,False,0,healthy
92.84331965300001,mixed_pdv_loss_holdover,-1420.0,-1420.0,2795.0,-538.5,-19935.5105210686,6.0,2.0,1.5,0.0,0.0,0.0,20.0,4,590,Sync,29.849962277535873,c29a38.fffe.b34e68,128,248,254,65535,128,1,160,BOOTING,-1,False,False,False,False,0,healthy
93.023965044,mixed_pdv_loss_holdover,963.0,963.0,2795.0,-538.5,13191.590368336694,6.0,2.0,1.5,0.0,0.0,0.0,20.0,4,591,Delay_Resp,22.14282898587779,c29a38.fffe.b34e68,128,248,254,65535,128,1,160,BOOTING,-1,False,False,False,False,0,healthy
93.13861584399999,mixed_pdv_loss_holdover,1238.0,1238.0,2864.0,-469.5,2398.587711555591,6.0,2.0,1.5,0.0,0.0,0.0,20.0,4,592,Sync,26.166411398788263,c29a38.fffe.b34e68,128,248,254,65535,128,1,160,BOOTING,-1,False,False,False,False,0,healthy
93.257785353,mixed_pdv_loss_holdover,2177.0,2177.0,2910.0,-423.5,7879.532339098424,6.0,2.0,1.5,0.0,0.0,0.0,20.0,4,593,Sync,25.17422472555407,c29a38.fffe.b34e68,128,248,254,65535,128,1,160,BOOTING,-1,False,False,False,False,0,healthy
93.379588894,mixed_pdv_loss_holdover,2040.0,2040.0,3001.0,-332.5,-1124.7620461214156,6.0,2.0,1.5,0.0,0.0,0.0,20.0,4,594,Delay_Resp,32.83976776996834,c29a38.fffe.b34e68,128,248,254,65535,128,1,160,BOOTING,-1,False,False,False,False,0,healthy
93.505262152,mixed_pdv_loss_holdover,1857.0,1857.0,3001.0,-332.5,-1456.157044961878,6.0,2.0,1.5,0.0,0.0,0.0,20.0,4,595,Sync,31.82856928878422,c29a38.fffe.b34e68,128,248,254,65535,128,1,160,BOOTING,-1,False,False,False,False,0,healthy
93.761564994,mixed_pdv_loss_holdover,30915.0,30915.0,3093.0,-240.5,113373.69407709794,6.0,2.0,1.5,0.0,0.0,0.0,20.0,4,596,Sync,23.409806747284314,c29a38.fffe.b34e68,128,248,254,65535,128,1,160,BOOTING,-1,False,False,False,False,0,healthy
94.01467425999999,mixed_pdv_loss_holdover,665.0,665.0,2978.0,-355.5,-119513.60168695098,6.0,2.0,1.5,0.0,0.0,0.0,20.0,4,597,Delay_Resp,15.80345146273732,c29a38.fffe.b34e68,128,248,254,65535,128,1,160,BOOTING,-1,False,False,False,False,0,healthy
94.129711069,mixed_pdv_loss_holdover,-1695.0,-1695.0,2978.0,-345.0,-20515.172669644726,6.0,2.0,1.5,0.0,0.0,0.0,20.0,4,598,Sync,26.078609325819567,c29a38.fffe.b34e68,128,248,254,65535,128,1,160,BOOTING,-1,False,False,False,False,0,healthy
94.24525057700001,mixed_pdv_loss_holdover,597.0,597.0,2978.0,-345.0,19837.370261262025,6.0,2.0,1.5,0.0,0.0,0.0,20.0,4,599,Sync,25.965144321023594,c29a38.fffe.b34e68,128,248,254,65535,128,1,160,BOOTING,-1,False,False,False,False,0,healthy
94.36017619399999,mixed_pdv_loss_holdover,940.0,940.0,2910.0,-413.0,2984.539121508551,6.0,2.0,1.5,0.0,0.0,0.0,20.0,4,600,Sync,26.103840712902777,c29a38.fffe.b34e68,128,248,254,65535,128,1,160,BOOTING,-1,False,False,False,False,0,healthy
94.47974921900001,mixed_pdv_loss_holdover,2040.0,2040.0,2933.0,-388.5,9199.399279226434,6.0,2.0,1.5,0.0,0.0,0.0,20.0,4,601,Delay_Resp,33.45236101536885,c29a38.fffe.b34e68,128,248,254,65535,128,1,160,BOOTING,-1,False,False,False,False,0,healthy
94.73393969399999,mixed_pdv_loss_holdover,1559.0,1559.0,2933.0,-387.0,-1892.2817623281285,6.0,2.0,1.5,0.0,0.0,0.0,20.0,4,602,Sync,23.604346307627385,c29a38.fffe.b34e68,128,248,254,65535,128,1,160,BOOTING,-1,False,False,False,False,0,healthy
94.94404840199999,mixed_pdv_loss_holdover,-1535.0,-1535.0,3093.0,-226.5,-14725.710464127438,6.0,2.0,1.5,0.0,0.0,0.0,20.0,4,603,Sync,28.556646019639505,c29a38.fffe.b34e68,128,248,254,65535,128,1,160,BOOTING,-1,False,False,False,False,0,healthy
95.063222585,mixed_pdv_loss_holdover,1330.0,1330.0,2704.0,-615.0,24040.44171211175,6.0,2.0,1.5,0.0,0.0,0.0,20.0,4,604,Delay_Resp,41.955395658135686,c29a38.fffe.b34e68,128,248,254,65535,128,1,160,BOOTING,-1,False,False,False,False,0,healthy
95.18494372699999,mixed_pdv_loss_holdover,1971.0,1971.0,3048.0,-250.0,5266.135278290508,6.0,2.0,1.5,0.0,0.0,0.0,20.0,4,605,Sync,24.646498962358073,c29a38.fffe.b34e68,128,248,254,65535,128,1,160,BOOTING,-1,False,False,False,False,0,healthy
95.30662315999999,mixed_pdv_loss_holdover,1491.0,1491.0,3093.0,-180.5,-3944.7915573374803,6.0,2.0,1.5,0.0,0.0,0.0,20.0,4,606,Sync,24.654947233359252,c29a38.fffe.b34e68,128,248,254,65535,128,1,160,BOOTING,-1,False,False,False,False,0,healthy
95.50434421899999,mixed_pdv_loss_holdover,3437.0,3437.0,3071.0,-199.0,9842.148377325722,6.0,2.0,1.5,0.0,0.0,0.0,20.0,4,607,Sync,15.172890612526807,c29a38.fffe.b34e68,128,248,254,65535,128,1,160,BOOTING,-1,False,False,False,False,0,healthy
95.681041344,mixed_pdv_loss_holdover,1352.0,1352.0,3048.0,-133.5,-11799.852431101823,6.0,2.0,1.5,0.0,0.0,0.0,20.0,4,608,Sync,33.95640987367431,c29a38.fffe.b34e68,128,248,254,65535,128,1,160,BOOTING,-1,False,False,False,False,0,healthy
95.802421485,mixed_pdv_loss_holdover,2865.0,2865.0,3002.0,-91.0,12464.971514573886,6.0,2.0,1.5,0.0,0.0,0.0,20.0,4,609,Sync,24.715739949584705,c29a38.fffe.b34e68,128,248,254,65535,128,1,160,BOOTING,-1,False,False,False,False,0,healthy
95.927142694,mixed_pdv_loss_holdover,1490.0,1490.0,3002.0,-91.0,-11024.588448304687,6.0,2.0,1.5,0.0,0.0,0.0,20.0,4,610,Sync,24.05364752357386,c29a38.fffe.b34e68,128,248,254,65535,128,1,160,BOOTING,-1,False,False,False,False,0,healthy
96.04566989400001,mixed_pdv_loss_holdover,-1444.0,-1444.0,3002.0,-80.0,-24753.811783286328,6.0,2.0,1.5,0.0,0.0,0.0,20.0,4,611,Delay_Resp,33.747527993573726,c29a38.fffe.b34e68,128,248,254,65535,128,1,160,BOOTING,-1,False,False,False,False,0,healthy
96.244513044,mixed_pdv_loss_holdover,1581.0,1581.0,3025.0,-34.5,15212.99577078812,6.0,2.0,1.5,0.0,0.0,0.0,20.0,4,612,Sync,15.087268533013013,c29a38.fffe.b34e68,128,248,254,65535,128,1,160,BOOTING,-1,False,False,False,False,0,healthy
96.35938796900001,mixed_pdv_loss_holdover,2475.0,2475.0,3048.0,0.0,7782.377224619967,6.0,2.0,1.5,0.0,0.0,0.0,20.0,4,613,Delay_Resp,34.82047975221462,c29a38.fffe.b34e68,128,248,254,65535,128,1,160,BOOTING,-1,False,False,False,False,0,healthy
96.52252548499999,mixed_pdv_loss_holdover,1902.0,1902.0,3048.0,0.0,-3512.374186205142,6.0,2.0,1.5,0.0,0.0,0.0,20.0,4,614,Sync,18.3893936450531,c29a38.fffe.b34e68,128,248,254,65535,128,1,160,BOOTING,-1,False,False,False,False,0,healthy
96.67649477699999,mixed_pdv_loss_holdover,756.0,756.0,3369.0,321.0,-7443.042603586208,6.0,2.0,1.5,0.0,0.0,0.0,20.0,4,615,Delay_Resp,45.46361101666968,c29a38.fffe.b34e68,128,248,254,65535,128,1,160,BOOTING,-1,False,False,False,False,0,healthy
96.793140152,mixed_pdv_loss_holdover,2200.0,2200.0,3208.0,160.0,12379.40209802527,6.0,2.0,1.5,0.0,0.0,0.0,20.0,4,616,Sync,25.71897942803034,c29a38.fffe.b34e68,128,248,254,65535,128,1,160,BOOTING,-1,False,False,False,False,0,healthy
96.91131911,mixed_pdv_loss_holdover,1742.0,1742.0,3208.0,160.0,-3875.478407924314,6.0,2.0,1.5,0.0,0.0,0.0,20.0,4,617,Sync,25.385229746229133,c29a38.fffe.b34e68,128,248,254,65535,128,1,160,BOOTING,-1,False,False,False,False,0,healthy
97.03432596900001,mixed_pdv_loss_holdover,1994.0,1994.0,3231.0,183.0,2048.666245513997,6.0,2.0,1.5,0.0,0.0,0.0,20.0,4,618,Sync,24.38888387516663,c29a38.fffe.b34e68,128,248,254,65535,128,1,160,BOOTING,-1,False,False,False,False,0,healthy
97.204134802,mixed_pdv_loss_holdover,2131.0,2131.0,3414.0,366.0,806.7895973349996,6.0,2.0,1.5,0.0,0.0,0.0,20.0,4,619,Delay_Resp,23.55590065211678,c29a38.fffe.b34e68,128,248,254,65535,128,1,160,BOOTING,-1,False,False,False,False,0,healthy
97.358841644,mixed_pdv_loss_holdover,803.0,803.0,3414.0,366.0,-8583.977171481754,6.0,2.0,1.5,0.0,0.0,0.0,20.0,4,620,Sync,19.391514694612397,c29a38.fffe.b34e68,128,248,254,65535,128,1,160,BOOTING,-1,False,False,False,False,0,healthy
97.561190794,mixed_pdv_loss_holdover,686.0,686.0,3414.0,366.0,-578.2085074239156,6.0,2.0,1.5,0.0,0.0,0.0,20.0,4,621,Sync,24.709765274526312,c29a38.fffe.b34e68,128,248,254,65535,128,1,160,BOOTING,-1,False,False,False,False,0,healthy
97.740295594,mixed_pdv_loss_holdover,886.0,886.0,3277.0,229.0,1116.6646566703446,6.0,2.0,1.5,0.0,0.0,0.0,20.0,4,622,Delay_Resp,22.33329313340689,c29a38.fffe.b34e68,128,248,254,65535,128,1,160,BOOTING,-1,False,False,False,False,0,healthy
97.85999199400001,mixed_pdv_loss_holdover,523.0,523.0,2933.0,-115.0,-3032.672661834204,6.0,2.0,1.5,0.0,0.0,0.0,20.0,4,623,Sync,25.06341042838185,c29a38.fffe.b34e68,128,248,254,65535,128,1,160,BOOTING,-1,False,False,False,False,0,healthy
97.97711969400001,mixed_pdv_loss_holdover,1367.0,1367.0,2933.0,-115.0,7205.8104103471505,6.0,2.0,1.5,0.0,0.0,0.0,20.0,4,624,Sync,17.075380119306043,c29a38.fffe.b34e68,128,248,254,65535,128,1,160,BOOTING,-1,False,False,False,False,0,healthy
98.09518119399999,mixed_pdv_loss_holdover,300.0,300.0,2750.0,-298.0,-9037.662574167156,6.0,2.0,1.5,0.0,0.0,0.0,20.0,4,625,Delay_Resp,33.88064695095466,c29a38.fffe.b34e68,128,248,254,65535,128,1,160,BOOTING,-1,False,False,False,False,0,healthy
98.27170289399999,mixed_pdv_loss_holdover,3000.0,3000.0,2700.0,-348.0,15295.569893107058,6.0,2.0,1.5,0.0,0.0,0.0,20.0,4,626,Sync,16.995077659007844,c29a38.fffe.b34e68,128,248,254,65535,128,1,160,BOOTING,-1,False,False,False,False,0,healthy
98.41201619399999,mixed_pdv_loss_holdover,-800.0,-800.0,2700.0,-347.5,-27082.250934158998,6.0,2.0,1.5,0.0,0.0,0.0,20.0,4,627,Sync,42.76144884340894,c29a38.fffe.b34e68,128,248,254,65535,128,1,160,BOOTING,-1,False,False,False,False,0,healthy
98.59049149399999,mixed_pdv_loss_holdover,3600.0,3600.0,2700.0,-336.0,24653.27134903229,6.0,2.0,1.5,0.0,0.0,0.0,20.0,4,628,Sync,11.206032431378313,c29a38.fffe.b34e68,128,248,254,65535,128,1,160,BOOTING,-1,False,False,False,False,0,healthy
98.738051694,mixed_pdv_loss_holdover,1300.0,1300.0,2800.0,-213.5,-15586.85878712543,6.0,2.0,1.5,0.0,0.0,0.0,20.0,4,629,Sync,40.66137074902286,c29a38.fffe.b34e68,128,248,254,65535,128,1,160,BOOTING,-1,False,False,False,False,0,healthy
98.98750189399999,mixed_pdv_loss_holdover,-1425.0,-1425.0,2825.0,-177.0,-10924.024113831212,6.0,2.0,1.5,0.0,0.0,0.0,20.0,4,630,Delay_Resp,20.044080942809565,c29a38.fffe.b34e68,128,248,254,65535,128,1,160,BOOTING,-1,False,False,False,False,0,healthy
99.19108309399999,mixed_pdv_loss_holdover,1725.0,1725.0,2975.0,-27.0,15472.941509333707,6.0,2.0,1.5,0.0,0.0,0.0,20.0,4,631,Sync,24.56022461799001,c29a38.fffe.b34e68,128,248,254,65535,128,1,160,BOOTING,-1,False,False,False,False,0,healthy
99.346357294,mixed_pdv_loss_holdover,3725.0,3725.0,3450.0,448.0,12880.439892783732,6.0,2.0,1.5,0.0,0.0,0.0,20.0,4,632,Sync,19.320659839175597,c29a38.fffe.b34e68,128,248,254,65535,128,1,160,BOOTING,-1,False,False,False,False,0,healthy
99.466981094,mixed_pdv_loss_holdover,2050.0,2050.0,3675.0,673.0,-13886.148504689309,6.0,2.0,1.5,0.0,0.0,0.0,20.0,4,633,Sync,24.870713739742044,c29a38.fffe.b34e68,128,248,254,65535,128,1,160,BOOTING,-1,False,False,False,False,0,healthy
99.585349194,mixed_pdv_loss_holdover,2500.0,2500.0,3700.0,698.0,3801.699951253827,6.0,2.0,1.5,0.0,0.0,0.0,20.0,4,634,Sync,25.34466634169218,c29a38.fffe.b34e68,128,248,254,65535,128,1,160,BOOTING,-1,False,False,False,False,0,healthy
99.708029194,mixed_pdv_loss_holdover,2075.0,2075.0,3725.0,723.0,-3464.297358982647,6.0,2.0,1.5,0.0,0.0,0.0,20.0,4,635,Delay_Resp,57.059015324420066,c29a38.fffe.b34e68,128,248,254,65535,128,1,160,BOOTING,-1,False,False,False,False,0,healthy
99.97858889400001,mixed_pdv_loss_holdover,2550.0,2550.0,3850.0,848.0,1755.619924179351,6.0,2.0,1.5,0.0,0.0,0.0,20.0,4,636,Delay_Resp,18.480209728203697,c29a38.fffe.b34e68,128,248,254,65535,128,1,160,BOOTING,-1,False,False,False,False,0,healthy
100.17313149399999,mixed_pdv_loss_holdover,750.0,750.0,3750.0,748.0,-9252.472209172083,6.0,2.0,1.5,0.0,0.0,0.0,20.0,4,637,Delay_Resp,41.12209870743148,c29a38.fffe.b34e68,128,248,254,65535,128,1,160,BOOTING,-1,False,False,False,False,0,healthy
100.339950394,mixed_pdv_loss_holdover,2850.0,2850.0,3750.0,748.0,12588.501662580662,6.0,2.0,1.5,0.0,0.0,0.0,20.0,4,638,Sync,11.989049202457773,c29a38.fffe.b34e68,128,248,254,65535,128,1,160,BOOTING,-1,False,False,False,False,0,healthy
100.46077469400001,mixed_pdv_loss_holdover,450.0,450.0,3750.0,748.0,-19863.553937412365,6.0,2.0,1.5,0.0,0.0,0.0,20.0,4,639,Sync,24.829442421765457,c29a38.fffe.b34e68,128,248,254,65535,128,1,160,BOOTING,-1,False,False,False,False,0,healthy
100.580454194,mixed_pdv_loss_holdover,-50.0,-50.0,3450.0,448.0,-4177.824940779202,6.0,2.0,1.5,0.0,0.0,0.0,20.0,4,640,Sync,25.066949644675212,c29a38.fffe.b34e68,128,248,254,65535,128,1,160,BOOTING,-1,False,False,False,False,0,healthy
100.698885794,mixed_pdv_loss_holdover,3450.0,3450.0,3450.0,448.0,29552.923375181803,6.0,2.0,1.5,0.0,0.0,0.0,20.0,4,641,Sync,25.33107717872726,c29a38.fffe.b34e68,128,248,254,65535,128,1,160,BOOTING,-1,False,False,False,False,0,healthy
100.96403769400001,mixed_pdv_loss_holdover,775.0,775.0,3525.0,523.0,-10088.55678575162,6.0,2.0,1.5,0.0,0.0,0.0,20.0,4,642,Sync,26.399961682340688,c29a38.fffe.b34e68,128,248,254,65535,128,1,160,BOOTING,-1,False,False,False,False,0,healthy
101.16189609400001,mixed_pdv_loss_holdover,1050.0,1050.0,3050.0,48.0,1389.8828657261877,6.0,2.0,1.5,0.0,0.0,0.0,20.0,4,643,Delay_Resp,35.37883658212114,c29a38.fffe.b34e68,128,248,254,65535,128,1,160,BOOTING,-1,False,False,False,False,0,healthy
101.30308169400001,mixed_pdv_loss_holdover,1850.0,1850.0,3050.0,48.0,5666.3002459174295,6.0,2.0,1.5,0.0,0.0,0.0,20.0,4,644,Sync,14.165750614793575,c29a38.fffe.b34e68,128,248,254,65535,128,1,160,BOOTING,-1,False,False,False,False,0,healthy
101.42124381599999,mixed_pdv_loss_holdover,1004.0,1004.0,3091.0,89.0,-7159.654766525722,6.0,2.0,1.5,0.0,0.0,0.0,20.0,4,645,Delay_Resp,33.851795586410034,c29a38.fffe.b34e68,128,248,254,65535,128,1,160,BOOTING,-1,False,False,False,False,0,healthy
101.53887798400001,mixed_pdv_loss_holdover,1341.0,1341.0,2950.0,-52.0,2864.813903388797,6.0,2.0,1.5,0.0,0.0,0.0,20.0,4,646,Sync,25.502794392185134,c29a38.fffe.b34e68,128,248,254,65535,128,1,160,BOOTING,-1,False,False,False,False,0,healthy
101.655806929,mixed_pdv_loss_holdover,1146.0,1146.0,2914.0,-87.5,-1667.6794612318054,6.0,2.0,1.5,0.0,0.0,0.0,20.0,4,647,Sync,25.65660709587393,c29a38.fffe.b34e68,128,248,254,65535,128,1,160,BOOTING,-1,False,False,False,False,0,healthy
101.850804936,mixed_pdv_loss_holdover,2511.0,2511.0,2852.0,-149.0,7000.071544321134,6.0,2.0,1.5,0.0,0.0,0.0,20.0,4,648,Delay_Resp,25.64128770813602,c29a38.fffe.b34e68,128,248,254,65535,128,1,160,BOOTING,-1,False,False,False,False,0,healthy
101.967045041,mixed_pdv_loss_holdover,2024.0,2024.0,2973.0,-17.0,-4189.60392370592,6.0,2.0,1.5,0.0,0.0,0.0,20.0,4,649,Sync,25.80864840065249,c29a38.fffe.b34e68,128,248,254,65535,128,1,160,BOOTING,-1,False,False,False,False,0,healthy
102.148919396,mixed_pdv_loss_holdover,1317.0,1317.0,2973.0,-6.0,-3887.299009252736,6.0,2.0,1.5,0.0,0.0,0.0,20.0,4,650,Sync,10.996602572143525,c29a38.fffe.b34e68,128,248,254,65535,128,1,160,BOOTING,-1,False,False,False,False,0,healthy
102.37531160200001,mixed_pdv_loss_holdover,1561.0,1561.0,3218.0,228.0,1077.7756191836397,6.0,2.0,1.5,0.0,0.0,0.0,20.0,4,651,Delay_Resp,39.754018740380154,c29a38.fffe.b34e68,128,248,254,65535,128,1,160,BOOTING,-1,False,False,False,False,0,healthy
102.50631281599999,mixed_pdv_loss_holdover,1219.0,1219.0,3266.0,265.0,-2610.66282943008,6.0,2.0,1.5,0.0,0.0,0.0,20.0,4,652,Delay_Resp,30.534068180468772,c29a38.fffe.b34e68,128,248,254,65535,128,1,160,BOOTING,-1,False,False,False,False,0,healthy
102.623084568,mixed_pdv_loss_holdover,2000.0,2000.0,3266.0,264.5,6688.261387051591,6.0,2.0,1.5,0.0,0.0,0.0,20.0,4,653,Sync,17.12742992842917,c29a38.fffe.b34e68,128,248,254,65535,128,1,160,BOOTING,-1,False,False,False,False,0,healthy
102.739705759,mixed_pdv_loss_holdover,1610.0,1610.0,3266.0,264.0,-3344.1606680215036,6.0,2.0,1.5,0.0,0.0,0.0,20.0,4,654,Sync,25.724312830934643,c29a38.fffe.b34e68,128,248,254,65535,128,1,160,BOOTING,-1,False,False,False,False,0,healthy
102.857639587,mixed_pdv_loss_holdover,-1999.0,-1999.0,3266.0,264.0,-30601.90668957034,6.0,2.0,1.5,0.0,0.0,0.0,20.0,4,655,Sync,33.91732523088982,c29a38.fffe.b34e68,128,248,254,65535,128,1,160,BOOTING,-1,False,False,False,False,0,healthy
103.08596393799999,mixed_pdv_loss_holdover,171.0,171.0,3096.0,82.5,9504.02351083447,6.0,2.0,1.5,0.0,0.0,0.0,20.0,4,656,Sync,26.27840602074047,c29a38.fffe.b34e68,128,248,254,65535,128,1,160,BOOTING,-1,False,False,False,False,0,healthy
103.203797815,mixed_pdv_loss_holdover,1293.0,1293.0,2998.0,-4.0,9521.879688300878,6.0,2.0,1.5,0.0,0.0,0.0,20.0,4,657,Sync,67.89219029091535,c29a38.fffe.b34e68,128,248,254,65535,128,1,160,BOOTING,-1,False,False,False,False,0,healthy
103.55305826,mixed_pdv_loss_holdover,38543.0,38543.0,2998.0,-4.0,106653.93271201992,6.0,2.0,1.5,0.0,0.0,0.0,20.0,4,658,Sync,8.589578473451269,c29a38.fffe.b34e68,128,248,254,65535,128,1,160,BOOTING,-1,False,False,False,False,0,healthy
103.673018823,mixed_pdv_loss_holdover,2755.0,2755.0,2998.0,-3.5,-298331.3774544229,6.0,2.0,1.5,0.0,0.0,0.0,20.0,4,659,Sync,25.008218742686616,c29a38.fffe.b34e68,128,248,254,65535,128,1,160,BOOTING,-1,False,False,False,False,0,healthy
103.789758981,mixed_pdv_loss_holdover,1878.0,1878.0,2998.0,-3.0,-7512.410596531899,6.0,2.0,1.5,0.0,0.0,0.0,20.0,4,660,Sync,25.698097821659857,c29a38.fffe.b34e68,128,248,254,65535,128,1,160,BOOTING,-1,False,False,False,False,0,healthy
103.90612790200001,mixed_pdv_loss_holdover,1878.0,1878.0,3023.0,22.0,0.0,6.0,2.0,1.5,0.0,0.0,0.0,20.0,4,661,Delay_Resp,8.593359733910178,c29a38.fffe.b34e68,128,248,254,65535,128,1,160,BOOTING,-1,False,False,False,False,0,healthy
104.024258124,mixed_pdv_loss_holdover,2633.0,2633.0,3047.0,46.0,6391.251850859712,6.0,2.0,1.5,0.0,0.0,0.0,20.0,4,662,Sync,42.32617119774644,c29a38.fffe.b34e68,128,248,254,65535,128,1,160,BOOTING,-1,False,False,False,False,0,healthy
104.20167803199999,mixed_pdv_loss_holdover,1146.0,1146.0,3047.0,46.0,-8381.246596070161,6.0,2.0,1.5,0.0,0.0,0.0,20.0,4,663,Sync,11.272692126523419,c29a38.fffe.b34e68,128,248,254,65535,128,1,160,BOOTING,-1,False,False,False,False,0,healthy
104.31723222299999,mixed_pdv_loss_holdover,952.0,952.0,3047.0,46.0,-1678.865978993338,6.0,2.0,1.5,0.0,0.0,0.0,20.0,4,664,Sync,25.961845035979454,c29a38.fffe.b34e68,128,248,254,65535,128,1,160,BOOTING,-1,False,False,False,False,0,healthy
104.525354564,mixed_pdv_loss_holdover,-2266.0,-2266.0,3144.0,143.0,-15462.059404760883,6.0,2.0,1.5,0.0,0.0,0.0,20.0,4,665,Delay_Resp,43.24379572493721,c29a38.fffe.b34e68,128,248,254,65535,128,1,160,BOOTING,-1,False,False,False,False,0,healthy
104.74998839400001,mixed_pdv_loss_holdover,30400.0,30400.0,2852.0,-149.0,145418.88013929033,6.0,2.0,1.5,0.0,0.0,0.0,20.0,4,666,Delay_Resp,17.806756889645545,c29a38.fffe.b34e68,128,248,254,65535,128,1,160,BOOTING,-1,False,False,False,False,0,healthy
104.87274332300001,mixed_pdv_loss_holdover,3096.0,3096.0,2852.0,-149.0,-222426.91370870307,6.0,2.0,1.5,0.0,0.0,0.0,20.0,4,667,Sync,32.58524959107868,c29a38.fffe.b34e68,128,248,254,65535,128,1,160,BOOTING,-1,False,False,False,False,0,healthy
104.99237604300001,mixed_pdv_loss_holdover,18309.0,18309.0,3144.0,142.5,127164.20725032578,6.0,2.0,1.5,0.0,0.0,0.0,20.0,4,668,Delay_Resp,33.435668770216466,c29a38.fffe.b34e68,128,248,254,65535,128,1,160,BOOTING,-1,False,False,False,False,0,healthy
105.11069827,mixed_pdv_loss_holdover,2025.0,2025.0,3242.0,240.0,-137624.18450762387,6.0,2.0,1.5,0.0,0.0,0.0,20.0,4,669,Delay_Resp,33.80598980781721,c29a38.fffe.b34e68,128,248,254,65535,128,1,160,BOOTING,-1,False,False,False,False,0,healthy
105.297821618,mixed_pdv_loss_holdover,1024.0,1024.0,3267.0,265.0,-5349.412623805767,6.0,2.0,1.5,0.0,0.0,0.0,20.0,4,670,Sync,32.064411331503095,c29a38.fffe.b34e68,128,248,254,65535,128,1,160,BOOTING,-1,False,False,False,False,0,healthy
105.49465113599999,mixed_pdv_loss_holdover,1316.0,1316.0,3218.0,205.5,1483.5173248760286,6.0,2.0,1.5,0.0,0.0,0.0,20.0,4,671,Delay_Resp,20.322155135288064,c29a38.fffe.b34e68,128,248,254,65535,128,1,160,BOOTING,-1,False,False,False,False,0,healthy
105.628112926,mixed_pdv_loss_holdover,-1658.0,-1658.0,3218.0,194.0,-22283.531488675795,6.0,2.0,1.5,0.0,0.0,0.0,20.0,4,672,Sync,22.478343801623197,c29a38.fffe.b34e68,128,248,254,65535,128,1,160,BOOTING,-1,False,False,False,False,0,healthy
105.74564285100001,mixed_pdv_loss_holdover,927.0,927.0,3071.0,35.0,21994.398447882093,6.0,2.0,1.5,0.0,0.0,0.0,20.0,4,673,Sync,25.525414059437633,c29a38.fffe.b34e68,128,248,254,65535,128,1,160,BOOTING,-1,False,False,False,False,0,healthy
105.863630019,mixed_pdv_loss_holdover,854.0,854.0,2949.0,-87.0,-618.7113500342729,6.0,2.0,1.5,0.0,0.0,0.0,20.0,4,674,Sync,42.377489728374854,c29a38.fffe.b34e68,128,248,254,65535,128,1,160,BOOTING,-1,False,False,False,False,0,healthy
106.146662451,mixed_pdv_loss_holdover,2243.0,2243.0,2925.0,-111.0,4907.5647980864815,6.0,2.0,1.5,0.0,0.0,0.0,20.0,4,675,Sync,10.59949200450644,c29a38.fffe.b34e68,128,248,254,65535,128,1,160,BOOTING,-1,False,False,False,False,0,healthy
106.269031321,mixed_pdv_loss_holdover,1853.0,1853.0,2925.0,-111.0,-3187.085081361275,6.0,2.0,1.5,0.0,0.0,0.0,20.0,4,676,Sync,24.51603908739442,c29a38.fffe.b34e68,128,248,254,65535,128,1,160,BOOTING,-1,False,False,False,False,0,healthy
106.485027054,mixed_pdv_loss_holdover,2048.0,2048.0,2925.0,-111.0,902.7956121706692,6.0,2.0,1.5,0.0,0.0,0.0,20.0,4,677,Sync,23.148605440273567,c29a38.fffe.b34e68,128,248,254,65535,128,1,160,BOOTING,-1,False,False,False,False,0,healthy
106.63991758099999,mixed_pdv_loss_holdover,2926.0,2926.0,2925.0,-99.0,5668.519676481215,6.0,2.0,1.5,0.0,0.0,0.0,20.0,4,678,Sync,19.36851825676953,c29a38.fffe.b34e68,128,248,254,65535,128,1,160,BOOTING,-1,False,False,False,False,0,healthy
106.756257248,mixed_pdv_loss_holdover,2341.0,2341.0,2949.0,-63.5,-5028.379529399656,6.0,2.0,1.5,0.0,0.0,0.0,20.0,4,679,Sync,25.786561689229007,c29a38.fffe.b34e68,128,248,254,65535,128,1,160,BOOTING,-1,False,False,False,False,0,healthy
106.874050364,mixed_pdv_loss_holdover,732.0,732.0,3071.0,58.5,-13659.541870001814,6.0,2.0,1.5,0.0,0.0,0.0,20.0,4,680,Sync,33.9578418147963,c29a38.fffe.b34e68,128,248,254,65535,128,1,160,BOOTING,-1,False,False,False,False,0,healthy
106.992185657,mixed_pdv_loss_holdover,1341.0,1341.0,3047.0,34.5,5155.10635758975,6.0,2.0,1.5,0.0,0.0,0.0,20.0,4,681,Sync,25.394612598964287,c29a38.fffe.b34e68,128,248,254,65535,128,1,160,BOOTING,-1,False,False,False,False,0,healthy
107.11499451099999,mixed_pdv_loss_holdover,756.0,756.0,2998.0,-14.5,-4763.500195189558,6.0,2.0,1.5,0.0,0.0,0.0,20.0,4,682,Sync,24.428206129177223,c29a38.fffe.b34e68,128,248,254,65535,128,1,160,BOOTING,-1,False,False,False,False,0,healthy
107.349711598,mixed_pdv_loss_holdover,3194.0,3194.0,3315.0,291.0,10386.972806968786,6.0,2.0,1.5,0.0,0.0,0.0,20.0,4,683,Delay_Resp,29.823137673823425,c29a38.fffe.b34e68,128,248,254,65535,128,1,160,BOOTING,-1,False,False,False,False,0,healthy
107.553442486,mixed_pdv_loss_holdover,2146.0,2146.0,3315.0,279.0,-5144.040799547407,6.0,2.0,1.5,0.0,0.0,0.0,20.0,4,684,Sync,29.45061526458439,c29a38.fffe.b34e68,128,248,254,65535,128,1,160,BOOTING,-1,False,False,False,False,0,healthy
107.704403388,mixed_pdv_loss_holdover,1756.0,1756.0,3315.0,268.0,-2583.4503824044114,6.0,2.0,1.5,0.0,0.0,0.0,20.0,4,685,Sync,19.872695249264705,c29a38.fffe.b34e68,128,248,254,65535,128,1,160,BOOTING,-1,False,False,False,False,0,healthy
107.82245550100001,mixed_pdv_loss_holdover,1268.0,1268.0,3193.0,146.0,-4133.767601431931,6.0,2.0,1.5,0.0,0.0,0.0,20.0,4,686,Sync,25.412505746507776,c29a38.fffe.b34e68,128,248,254,65535,128,1,160,BOOTING,-1,False,False,False,False,0,healthy
107.93986801899999,mixed_pdv_loss_holdover,1390.0,1390.0,3193.0,146.0,1039.071489804907,6.0,2.0,1.5,0.0,0.0,0.0,20.0,4,687,Sync,17.03395884926077,c29a38.fffe.b34e68,128,248,254,65535,128,1,160,BOOTING,-1,False,False,False,False,0,healthy
108.055421429,mixed_pdv_loss_holdover,756.0,756.0,3047.0,0.0,-5486.640333677546,6.0,2.0,1.5,0.0,0.0,0.0,20.0,4,688,Sync,25.962020506360627,c29a38.fffe.b34e68,128,248,254,65535,128,1,160,BOOTING,-1,False,False,False,False,0,healthy
108.257140405,mixed_pdv_loss_holdover,1342.0,1342.0,2998.0,-49.0,2905.0316019848037,6.0,2.0,1.5,0.0,0.0,0.0,20.0,4,689,Delay_Resp,24.786959061303786,c29a38.fffe.b34e68,128,248,254,65535,128,1,160,BOOTING,-1,False,False,False,False,0,healthy
108.375106706,mixed_pdv_loss_holdover,2365.0,2365.0,2998.0,-49.0,8671.968107230172,6.0,2.0,1.5,0.0,0.0,0.0,20.0,4,690,Sync,16.953994344536017,c29a38.fffe.b34e68,128,248,254,65535,128,1,160,BOOTING,-1,False,False,False,False,0,healthy
108.52110179600001,mixed_pdv_loss_holdover,-1828.0,-1828.0,2852.0,-195.0,-28720.143944566993,6.0,2.0,1.5,0.0,0.0,0.0,20.0,4,691,Delay_Resp,27.398181678575714,c29a38.fffe.b34e68,128,248,254,65535,128,1,160,BOOTING,-1,False,False,False,False,0,healthy
108.765185412,mixed_pdv_loss_holdover,2804.0,2804.0,2852.0,-195.0,18977.103321839993,6.0,2.0,1.5,0.0,0.0,0.0,20.0,4,692,Delay_Resp,28.678696729896362,c29a38.fffe.b34e68,128,248,254,65535,128,1,160,BOOTING,-1,False,False,False,False,0,healthy
108.90651679000001,mixed_pdv_loss_holdover,1829.0,1829.0,2852.0,-195.0,-6898.680348251296,6.0,2.0,1.5,0.0,0.0,0.0,20.0,4,693,Sync,28.302278351800187,c29a38.fffe.b34e68,128,248,254,65535,128,1,160,BOOTING,-1,False,False,False,False,0,healthy
109.02706263300001,mixed_pdv_loss_holdover,2121.0,2121.0,2998.0,-49.0,2422.314969417857,6.0,2.0,1.5,0.0,0.0,0.0,20.0,4,694,Sync,24.88679763100538,c29a38.fffe.b34e68,128,248,254,65535,128,1,160,BOOTING,-1,False,False,False,False,0,healthy
109.14847332900001,mixed_pdv_loss_holdover,3731.0,3731.0,3217.0,169.5,13260.775640393538,6.0,2.0,1.5,0.0,0.0,0.0,20.0,4,695,Sync,24.70951982682026,c29a38.fffe.b34e68,128,248,254,65535,128,1,160,BOOTING,-1,False,False,False,False,0,healthy
109.265395108,mixed_pdv_loss_holdover,2263.0,2263.0,3437.0,389.5,-12555.402531123525,6.0,2.0,1.5,0.0,0.0,0.0,20.0,4,696,Sync,25.658179559516743,c29a38.fffe.b34e68,128,248,254,65535,128,1,160,BOOTING,-1,False,False,False,False,0,healthy
109.43370775,mixed_pdv_loss_holdover,360.0,360.0,3437.0,389.0,-11306.340256961326,6.0,2.0,1.5,0.0,0.0,0.0,20.0,4,697,Sync,29.706621799688193,c29a38.fffe.b34e68,128,248,254,65535,128,1,160,BOOTING,-1,False,False,False,False,0,healthy
109.55922747600002,mixed_pdv_loss_holdover,960.0,960.0,3437.0,389.0,4780.125157378823,6.0,2.0,1.5,0.0,0.0,0.0,20.0,4,698,Sync,23.900625786894118,c29a38.fffe.b34e68,128,248,254,65535,128,1,160,BOOTING,-1,False,False,False,False,0,healthy
109.757874593,mixed_pdv_loss_holdover,37029.0,37029.0,3583.0,535.0,181573.23672612797,6.0,2.0,1.5,0.0,0.0,0.0,20.0,4,699,Sync,15.102157259097396,c29a38.fffe.b34e68,128,248,254,65535,128,1,160,BOOTING,-1,False,False,False,False,0,healthy
109.985180679,mixed_pdv_loss_holdover,2112.0,2112.0,3553.0,504.0,-153612.2530392794,6.0,2.0,1.5,0.0,0.0,0.0,20.0,4,700,Sync,21.996771349096342,c29a38.fffe.b34e68,128,248,254,65535,128,1,160,BOOTING,-1,False,False,False,False,0,healthy
110.109909362,mixed_pdv_loss_holdover,-2123.0,-2123.0,3308.0,258.0,-33953.69772324122,6.0,2.0,1.5,0.0,0.0,0.0,20.0,4,701,Delay_Resp,40.08701029898609,c29a38.fffe.b34e68,128,248,254,65535,128,1,160,BOOTING,-1,False,False,False,False,0,healthy
110.228863147,mixed_pdv_loss_holdover,2687.0,2687.0,3308.0,247.5,40435.871796764695,6.0,2.0,1.5,0.0,0.0,0.0,20.0,4,702,Sync,16.813252306347067,c29a38.fffe.b34e68,128,248,254,65535,128,1,160,BOOTING,-1,False,False,False,False,0,healthy
110.34558209100001,mixed_pdv_loss_holdover,3486.0,3486.0,3522.0,461.5,6845.504016896448,6.0,2.0,1.5,0.0,0.0,0.0,20.0,4,703,Sync,25.7027685240167,c29a38.fffe.b34e68,128,248,254,65535,128,1,160,BOOTING,-1,False,False,False,False,0,healthy
110.461119717,mixed_pdv_loss_holdover,675.0,675.0,3522.0,451.0,-24329.73653102596,6.0,2.0,1.5,0.0,0.0,0.0,20.0,4,704,Delay_Resp,43.275945448285235,c29a38.fffe.b34e68,128,248,254,65535,128,1,160,BOOTING,-1,False,False,False,False,0,healthy
110.641290698,mixed_pdv_loss_holdover,1274.0,1274.0,3522.0,451.0,3324.6197399568396,6.0,2.0,1.5,0.0,0.0,0.0,20.0,4,705,Sync,16.650850116645273,c29a38.fffe.b34e68,128,248,254,65535,128,1,160,BOOTING,-1,False,False,False,False,0,healthy
110.75595554900002,mixed_pdv_loss_holdover,874.0,874.0,3247.0,176.0,-3488.4273298357875,6.0,2.0,1.5,0.0,0.0,0.0,20.0,4,706,Sync,26.16320497376841,c29a38.fffe.b34e68,128,248,254,65535,128,1,160,BOOTING,-1,False,False,False,False,0,healthy
110.97877146900001,mixed_pdv_loss_holdover,1324.0,1324.0,2972.0,-99.0,2019.6043442498378,6.0,2.0,1.5,0.0,0.0,0.0,20.0,4,707,Sync,26.92805792333117,c29a38.fffe.b34e68,128,248,254,65535,128,1,160,BOOTING,-1,False,False,False,False,0,healthy
111.184402079,mixed_pdv_loss_holdover,2223.0,2223.0,3472.0,391.0,4371.91719656943,6.0,2.0,1.5,0.0,0.0,0.0,20.0,4,708,Sync,29.178535238505656,c29a38.fffe.b34e68,128,248,254,65535,128,1,160,BOOTING,-1,False,False,False,False,0,healthy
111.32843620900002,mixed_pdv_loss_holdover,1923.0,1923.0,3772.0,678.5,-2082.839671402553,6.0,2.0,1.5,0.0,0.0,0.0,20.0,4,709,Sync,20.828396714025533,c29a38.fffe.b34e68,128,248,254,65535,128,1,160,BOOTING,-1,False,False,False,False,0,healthy
111.44521700200002,mixed_pdv_loss_holdover,-2273.0,-2273.0,3297.0,177.0,-35930.56608204283,6.0,2.0,1.5,0.0,0.0,0.0,20.0,4,710,Sync,25.68915592138429,c29a38.fffe.b34e68,128,248,254,65535,128,1,160,BOOTING,-1,False,False,False,False,0,healthy
111.562282557,mixed_pdv_loss_holdover,3348.0,3348.0,2947.0,-173.0,48015.83181321659,6.0,2.0,1.5,0.0,0.0,0.0,20.0,4,711,Delay_Resp,34.16888938851919,c29a38.fffe.b34e68,128,248,254,65535,128,1,160,BOOTING,-1,False,False,False,False,0,healthy
111.67943564000001,mixed_pdv_loss_holdover,275.0,275.0,3522.0,378.0,-26230.637054595183,6.0,2.0,1.5,0.0,0.0,0.0,20.0,4,712,Delay_Resp,42.6792011952411,c29a38.fffe.b34e68,128,248,254,65535,128,1,160,BOOTING,-1,False,False,False,False,0,healthy
111.86536942800001,mixed_pdv_loss_holdover,1374.0,1374.0,3322.0,153.5,5910.706234845283,6.0,2.0,1.5,0.0,0.0,0.0,20.0,4,713,Delay_Resp,21.513034521729875,c29a38.fffe.b34e68,128,248,254,65535,128,1,160,BOOTING,-1,False,False,False,False,0,healthy
112.02804545700002,mixed_pdv_loss_holdover,875.0,875.0,2898.0,-270.5,-3067.44640293603,6.0,2.0,1.5,0.0,0.0,0.0,20.0,4,714,Delay_Resp,24.588748720930102,c29a38.fffe.b34e68,128,248,254,65535,128,1,160,BOOTING,-1,False,False,False,False,0,healthy
112.148603708,mixed_pdv_loss_holdover,1299.0,1299.0,2898.0,-246.0,3516.97205693603,6.0,2.0,1.5,0.0,0.0,0.0,20.0,4,715,Sync,16.589490834603914,c29a38.fffe.b34e68,128,248,254,65535,128,1,160,BOOTING,-1,False,False,False,False,0,healthy
112.363683361,mixed_pdv_loss_holdover,1098.0,1098.0,2898.0,-222.0,-934.5374943486477,6.0,2.0,1.5,0.0,0.0,0.0,20.0,4,716,Delay_Resp,32.546081892738975,c29a38.fffe.b34e68,128,248,254,65535,128,1,160,BOOTING,-1,False,False,False,False,0,healthy
112.61600744400002,mixed_pdv_loss_holdover,2049.0,2049.0,2847.0,-246.5,3768.96247355005,6.0,2.0,1.5,0.0,0.0,0.0,20.0,4,717,Sync,23.77894305078896,c29a38.fffe.b34e68,128,248,254,65535,128,1,160,BOOTING,-1,False,False,False,False,0,healthy
112.74490516,mixed_pdv_loss_holdover,1849.0,1849.0,2898.0,-183.0,-1551.6178735085282,6.0,2.0,1.5,0.0,0.0,0.0,20.0,4,718,Delay_Resp,31.032357470170563,c29a38.fffe.b34e68,128,248,254,65535,128,1,160,BOOTING,-1,False,False,False,False,0,healthy
112.86678811000002,mixed_pdv_loss_holdover,2797.0,2797.0,2972.0,-99.0,7777.954176526667,6.0,2.0,1.5,0.0,0.0,0.0,20.0,4,719,Delay_Resp,41.02296506606891,c29a38.fffe.b34e68,128,248,254,65535,128,1,160,BOOTING,-1,False,False,False,False,0,healthy
112.98444887,mixed_pdv_loss_holdover,1025.0,1025.0,2922.0,-138.5,-15060.246083743854,6.0,2.0,1.5,0.0,0.0,0.0,20.0,4,720,Sync,25.497030615819167,c29a38.fffe.b34e68,128,248,254,65535,128,1,160,BOOTING,-1,False,False,False,False,0,healthy
113.100387662,mixed_pdv_loss_holdover,1175.0,1175.0,2922.0,-128.0,1293.7861212146227,6.0,2.0,1.5,0.0,0.0,0.0,20.0,4,721,Sync,25.87572242429245,c29a38.fffe.b34e68,128,248,254,65535,128,1,160,BOOTING,-1,False,False,False,False,0,healthy
113.29809825800001,mixed_pdv_loss_holdover,2674.0,2674.0,2922.0,-126.5,7581.788889048435,6.0,2.0,1.5,0.0,0.0,0.0,20.0,4,722,Sync,30.34738714762549,c29a38.fffe.b34e68,128,248,254,65535,128,1,160,BOOTING,-1,False,False,False,False,0,healthy
113.48924801000001,mixed_pdv_loss_holdover,2149.0,2149.0,3047.0,-1.5,-2746.537698882271,6.0,2.0,1.5,0.0,0.0,0.0,20.0,4,723,Sync,15.69450113647012,c29a38.fffe.b34e68,128,248,254,65535,128,1,160,BOOTING,-1,False,False,False,False,0,healthy
113.611907713,mixed_pdv_loss_holdover,2848.0,2848.0,3047.0,-1.5,5698.693074449242,6.0,2.0,1.5,0.0,0.0,0.0,20.0,4,724,Sync,24.457910190769276,c29a38.fffe.b34e68,128,248,254,65535,128,1,160,BOOTING,-1,False,False,False,False,0,healthy
113.735626836,mixed_pdv_loss_holdover,1349.0,1349.0,2947.0,-101.5,-12116.154428285034,6.0,2.0,1.5,0.0,0.0,0.0,20.0,4,725,Sync,24.248474506240896,c29a38.fffe.b34e68,128,248,254,65535,128,1,160,BOOTING,-1,False,False,False,False,0,healthy
113.85617229800002,mixed_pdv_loss_holdover,1649.0,1649.0,2947.0,-101.5,2488.687628904193,6.0,2.0,1.5,0.0,0.0,0.0,20.0,4,726,Sync,24.88687628904193,c29a38.fffe.b34e68,128,248,254,65535,128,1,160,BOOTING,-1,False,False,False,False,0,healthy
114.094657888,mixed_pdv_loss_holdover,2224.0,2224.0,3072.0,22.0,2411.047141255131,6.0,2.0,1.5,0.0,0.0,0.0,20.0,4,727,Sync,20.96562731526201,c29a38.fffe.b34e68,128,248,254,65535,128,1,160,BOOTING,-1,False,False,False,False,0,healthy
114.21271781600001,mixed_pdv_loss_holdover,824.0,824.0,2797.0,-253.0,-11858.384328337928,6.0,2.0,1.5,0.0,0.0,0.0,20.0,4,728,Sync,25.410823560724133,c29a38.fffe.b34e68,128,248,254,65535,128,1,160,BOOTING,-1,False,False,False,False,0,healthy
114.42027072800002,mixed_pdv_loss_holdover,1700.0,1700.0,2797.0,-253.0,4220.610501479991,6.0,2.0,1.5,0.0,0.0,0.0,20.0,4,729,Sync,24.090242588356116,c29a38.fffe.b34e68,128,248,254,65535,128,1,160,BOOTING,-1,False,False,False,False,0,healthy
114.53798384500001,mixed_pdv_loss_holdover,1700.0,1700.0,2872.0,-178.0,0.0,6.0,2.0,1.5,0.0,0.0,0.0,20.0,4,730,Delay_Resp,25.485689925279576,c29a38.fffe.b34e68,128,248,254,65535,128,1,160,BOOTING,-1,False,False,False,False,0,healthy
114.65423987400001,mixed_pdv_loss_holdover,925.0,925.0,2848.0,-202.0,-6666.320935493231,6.0,2.0,1.5,0.0,0.0,0.0,20.0,4,731,Sync,25.805113298683477,c29a38.fffe.b34e68,128,248,254,65535,128,1,160,BOOTING,-1,False,False,False,False,0,healthy
114.86542766300002,mixed_pdv_loss_holdover,2474.0,2474.0,2722.0,-326.5,7334.704375355463,6.0,2.0,1.5,0.0,0.0,0.0,20.0,4,732,Sync,33.14585579566703,c29a38.fffe.b34e68,128,248,254,65535,128,1,160,BOOTING,-1,False,False,False,False,0,healthy
114.98996350600001,mixed_pdv_loss_holdover,-1323.0,-1323.0,2597.0,-450.0,-30489.214257780513,6.0,2.0,1.5,0.0,0.0,0.0,20.0,4,733,Sync,24.08945029584976,c29a38.fffe.b34e68,128,248,254,65535,128,1,160,BOOTING,-1,False,False,False,False,0,healthy
115.202373779,mixed_pdv_loss_holdover,2598.0,2598.0,2597.0,-450.0,18459.559157010273,6.0,2.0,1.5,0.0,0.0,0.0,20.0,4,734,Sync,23.53935113110211,c29a38.fffe.b34e68,128,248,254,65535,128,1,160,BOOTING,-1,False,False,False,False,0,healthy
115.42245826999999,mixed_pdv_loss_holdover,3099.0,3099.0,2723.0,-324.0,2276.3984764379093,6.0,2.0,1.5,0.0,0.0,0.0,20.0,4,735,Sync,27.262257202849213,c29a38.fffe.b34e68,128,248,254,65535,128,1,160,BOOTING,-1,False,False,False,False,0,healthy
115.58812281300001,mixed_pdv_loss_holdover,974.0,974.0,2723.0,-324.0,-12827.126200443194,6.0,2.0,1.5,0.0,0.0,0.0,20.0,4,736,Sync,12.072589365123005,c29a38.fffe.b34e68,128,248,254,65535,128,1,160,BOOTING,-1,False,False,False,False,0,healthy
115.70385108100001,mixed_pdv_loss_holdover,1074.0,1074.0,2698.0,-349.0,864.0931185456064,6.0,2.0,1.5,0.0,0.0,0.0,20.0,4,737,Sync,25.92279355636819,c29a38.fffe.b34e68,128,248,254,65535,128,1,160,BOOTING,-1,False,False,False,False,0,healthy
115.81944396100002,mixed_pdv_loss_holdover,3798.0,3798.0,2597.0,-450.0,23565.465277790496,6.0,2.0,1.5,0.0,0.0,0.0,20.0,4,738,Sync,25.953155592280282,c29a38.fffe.b34e68,128,248,254,65535,128,1,160,BOOTING,-1,False,False,False,False,0,healthy
115.937207336,mixed_pdv_loss_holdover,2899.0,2899.0,2597.0,-438.0,-7633.952406681129,6.0,2.0,1.5,0.0,0.0,0.0,20.0,4,739,Sync,16.98320891363989,c29a38.fffe.b34e68,128,248,254,65535,128,1,160,BOOTING,-1,False,False,False,False,0,healthy
116.05475169300001,mixed_pdv_loss_holdover,2299.0,2299.0,2597.0,-413.5,-5104.456013995875,6.0,2.0,1.5,0.0,0.0,0.0,20.0,4,740,Sync,25.522280069979374,c29a38.fffe.b34e68,128,248,254,65535,128,1,160,BOOTING,-1,False,False,False,False,0,healthy
116.22179479000002,mixed_pdv_loss_holdover,2497.0,2497.0,3047.0,36.5,1185.322851144188,6.0,2.0,1.5,0.0,0.0,0.0,20.0,4,741,Delay_Resp,23.94591618473107,c29a38.fffe.b34e68,128,248,254,65535,128,1,160,BOOTING,-1,False,False,False,False,0,healthy
116.359365795,mixed_pdv_loss_holdover,2674.0,2674.0,3321.0,310.5,1286.6083227350177,6.0,2.0,1.5,0.0,0.0,0.0,20.0,4,742,Sync,21.806920724322335,c29a38.fffe.b34e68,128,248,254,65535,128,1,160,BOOTING,-1,False,False,False,False,0,healthy
116.52759910200001,mixed_pdv_loss_holdover,975.0,975.0,3321.0,310.5,-10099.070334508227,6.0,2.0,1.5,0.0,0.0,0.0,20.0,4,743,Sync,17.832378459990984,c29a38.fffe.b34e68,128,248,254,65535,128,1,160,BOOTING,-1,False,False,False,False,0,healthy
116.79846067,mixed_pdv_loss_holdover,1874.0,1874.0,3222.0,211.5,3319.038602036168,6.0,2.0,1.5,0.0,0.0,0.0,20.0,4,744,Sync,29.535382443035978,c29a38.fffe.b34e68,128,248,254,65535,128,1,160,BOOTING,-1,False,False,False,False,0,healthy
116.914412252,mixed_pdv_loss_holdover,1874.0,1874.0,3222.0,211.5,0.0,6.0,2.0,1.5,0.0,0.0,0.0,20.0,4,745,Announce,8.62428940383004,c29a38.fffe.b34e68,128,248,254,65535,128,1,160,BOOTING,-1,False,False,False,False,0,healthy
117.029551809,mixed_pdv_loss_holdover,974.0,974.0,3122.0,87.0,-7816.601205092898,6.0,2.0,1.5,0.0,0.0,0.0,20.0,4,746,Sync,26.05533735030966,c29a38.fffe.b34e68,128,248,254,65535,128,1,160,BOOTING,-1,False,False,False,False,0,healthy
117.14612897,mixed_pdv_loss_holdover,1374.0,1374.0,3122.0,75.0,3431.203818730568,6.0,2.0,1.5,0.0,0.0,0.0,20.0,4,747,Sync,25.73402864047926,c29a38.fffe.b34e68,128,248,254,65535,128,1,160,BOOTING,-1,False,False,False,False,0,healthy
117.261875223,mixed_pdv_loss_holdover,2473.0,2473.0,3122.0,75.0,9494.90779628109,6.0,2.0,1.5,0.0,0.0,0.0,20.0,4,748,Sync,17.279177063295887,c29a38.fffe.b34e68,128,248,254,65535,128,1,160,BOOTING,-1,False,False,False,False,0,healthy
117.464043266,mixed_pdv_loss_holdover,-2030.0,-2030.0,3222.0,175.0,-22273.54992994611,6.0,2.0,1.5,0.0,0.0,0.0,20.0,4,749,Delay_Resp,34.6246612279864,c29a38.fffe.b34e68,128,248,254,65535,128,1,160,BOOTING,-1,False,False,False,False,0,healthy
117.588953216,mixed_pdv_loss_holdover,5028.0,5028.0,3222.0,175.0,56504.70599020049,6.0,2.0,1.5,0.0,0.0,0.0,20.0,4,750,Sync,24.01730206440939,c29a38.fffe.b34e68,128,248,254,65535,128,1,160,BOOTING,-1,False,False,False,False,0,healthy
117.79398185,mixed_pdv_loss_holdover,545.0,545.0,3122.0,75.0,-21865.238589064444,6.0,2.0,1.5,0.0,0.0,0.0,20.0,4,751,Sync,24.386837596547448,c29a38.fffe.b34e68,128,248,254,65535,128,1,160,BOOTING,-1,False,False,False,False,0,healthy
117.98858230000002,mixed_pdv_loss_holdover,2012.0,2012.0,3122.0,75.0,7538.52316374303,6.0,2.0,1.5,0.0,0.0,0.0,20.0,4,752,Sync,15.416202788840552,c29a38.fffe.b34e68,128,248,254,65535,128,1,160,BOOTING,-1,False,False,False,False,0,healthy
118.103824441,mixed_pdv_loss_holdover,2210.0,2210.0,3107.0,60.0,1718.1214986281047,6.0,2.0,1.5,0.0,0.0,0.0,20.0,4,753,Sync,26.032143918607645,c29a38.fffe.b34e68,128,248,254,65535,128,1,160,BOOTING,-1,False,False,False,False,0,healthy
118.21770322500001,mixed_pdv_loss_holdover,526.0,526.0,3232.0,185.0,-14787.653510594964,6.0,2.0,1.5,0.0,0.0,0.0,20.0,4,754,Sync,26.34380079084614,c29a38.fffe.b34e68,128,248,254,65535,128,1,160,BOOTING,-1,False,False,False,False,0,healthy
118.335126758,mixed_pdv_loss_holdover,1168.0,1168.0,3232.0,185.0,5467.387870198369,6.0,2.0,1.5,0.0,0.0,0.0,20.0,4,755,Sync,17.03236096635006,c29a38.fffe.b34e68,128,248,254,65535,128,1,160,BOOTING,-1,False,False,False,False,0,healthy
118.449443433,mixed_pdv_loss_holdover,1901.0,1901.0,3232.0,185.0,6412.012945618077,6.0,2.0,1.5,0.0,0.0,0.0,20.0,4,756,Sync,26.24289063690891,c29a38.fffe.b34e68,128,248,254,65535,128,1,160,BOOTING,-1,False,False,False,False,0,healthy
118.65542622500001,mixed_pdv_loss_holdover,1351.0,1351.0,3232.0,185.0,-2670.1259588711714,6.0,2.0,1.5,0.0,0.0,0.0,20.0,4,757,Sync,14.564323412024573,c29a38.fffe.b34e68,128,248,254,65535,128,1,160,BOOTING,-1,False,False,False,False,0,healthy
118.793178125,mixed_pdv_loss_holdover,1237.0,1237.0,3025.0,-22.0,-827.5747920719319,6.0,2.0,1.5,0.0,0.0,0.0,20.0,4,758,Sync,43.55656800378589,c29a38.fffe.b34e68,128,248,254,65535,128,1,160,BOOTING,-1,False,False,False,False,0,healthy
119.040077341,mixed_pdv_loss_holdover,3116.0,3116.0,3025.0,-22.0,7610.392736119417,6.0,2.0,1.5,0.0,0.0,0.0,20.0,4,759,Delay_Resp,20.251178116336927,c29a38.fffe.b34e68,128,248,254,65535,128,1,160,BOOTING,-1,False,False,False,False,0,healthy
119.214407816,mixed_pdv_loss_holdover,298.0,298.0,3002.0,-45.0,-16164.700979561489,6.0,2.0,1.5,0.0,0.0,0.0,20.0,4,760,Sync,28.681158586872762,c29a38.fffe.b34e68,128,248,254,65535,128,1,160,BOOTING,-1,False,False,False,False,0,healthy
119.329073558,mixed_pdv_loss_holdover,894.0,894.0,2956.0,-91.0,5197.716332747418,6.0,2.0,1.5,0.0,0.0,0.0,20.0,4,761,Delay_Resp,34.88400223320415,c29a38.fffe.b34e68,128,248,254,65535,128,1,160,BOOTING,-1,False,False,False,False,0,healthy
119.443391975,mixed_pdv_loss_holdover,1101.0,1101.0,2841.0,-206.0,1810.731861341408,6.0,2.0,1.5,0.0,0.0,0.0,20.0,4,762,Sync,26.242490744078378,c29a38.fffe.b34e68,128,248,254,65535,128,1,160,BOOTING,-1,False,False,False,False,0,healthy
119.5586299,mixed_pdv_loss_holdover,2566.0,2566.0,2567.0,-480.0,12712.828697670227,6.0,2.0,1.5,0.0,0.0,0.0,20.0,4,763,Delay_Resp,34.71079507896308,c29a38.fffe.b34e68,128,248,254,65535,128,1,160,BOOTING,-1,False,False,False,False,0,healthy
119.675251533,mixed_pdv_loss_holdover,2108.0,2108.0,2567.0,-480.0,-3927.2302077953523,6.0,2.0,1.5,0.0,0.0,0.0,20.0,4,764,Sync,25.724215334904056,c29a38.fffe.b34e68,128,248,254,65535,128,1,160,BOOTING,-1,False,False,False,False,0,healthy
119.873025208,mixed_pdv_loss_holdover,1374.0,1374.0,2567.0,-480.0,-3711.3129439495506,6.0,2.0,1.5,0.0,0.0,0.0,20.0,4,765,Sync,15.168853994344213,c29a38.fffe.b34e68,128,248,254,65535,128,1,160,BOOTING,-1,False,False,False,False,0,healthy
120.00330682500001,mixed_pdv_loss_holdover,2566.0,2566.0,2567.0,-480.0,9149.410541933343,6.0,2.0,1.5,0.0,0.0,0.0,20.0,4,766,Sync,23.027039954530224,c29a38.fffe.b34e68,128,248,254,65535,128,1,160,BOOTING,-1,False,False,False,False,0,healthy
120.218305491,mixed_pdv_loss_holdover,1833.0,1833.0,2567.0,-480.0,-3409.3234792445164,6.0,2.0,1.5,0.0,0.0,0.0,20.0,4,767,Sync,23.25595824859834,c29a38.fffe.b34e68,128,248,254,65535,128,1,160,BOOTING,-1,False,False,False,False,0,healthy
120.42120296600001,mixed_pdv_loss_holdover,916.0,916.0,2567.0,-469.0,-4519.523961547251,6.0,2.0,1.5,0.0,0.0,0.0,20.0,4,768,Sync,24.642987794696026,c29a38.fffe.b34e68,128,248,254,65535,128,1,160,BOOTING,-1,False,False,False,False,0,healthy
120.539625941,mixed_pdv_loss_holdover,916.0,916.0,2567.0,-458.0,0.0,6.0,2.0,1.5,0.0,0.0,0.0,20.0,4,769,Delay_Resp,8.444307365189127,c29a38.fffe.b34e68,128,248,254,65535,128,1,160,BOOTING,-1,False,False,False,False,0,healthy
120.655520658,mixed_pdv_loss_holdover,1650.0,1650.0,2681.0,-332.5,6333.334417650625,6.0,2.0,1.5,0.0,0.0,0.0,20.0,4,770,Sync,25.885563014920812,c29a38.fffe.b34e68,128,248,254,65535,128,1,160,BOOTING,-1,False,False,False,False,0,healthy
120.771612366,mixed_pdv_loss_holdover,1077.0,1077.0,2681.0,-319.0,-4935.753034144393,6.0,2.0,1.5,0.0,0.0,0.0,20.0,4,771,Sync,25.84163892222195,c29a38.fffe.b34e68,128,248,254,65535,128,1,160,BOOTING,-1,False,False,False,False,0,healthy
120.89150072500001,mixed_pdv_loss_holdover,1811.0,1811.0,2681.0,-317.0,6122.36255564986,6.0,2.0,1.5,0.0,0.0,0.0,20.0,4,772,Sync,25.02328020020379,c29a38.fffe.b34e68,128,248,254,65535,128,1,160,BOOTING,-1,False,False,False,False,0,healthy
121.04436222500001,mixed_pdv_loss_holdover,-1764.0,-1764.0,2681.0,-317.0,-23387.18382326482,6.0,2.0,1.5,0.0,0.0,0.0,20.0,4,773,Sync,19.62560880273971,c29a38.fffe.b34e68,128,248,254,65535,128,1,160,BOOTING,-1,False,False,False,False,0,healthy
121.23163035000002,mixed_pdv_loss_holdover,1399.0,1399.0,3001.0,3.0,16890.22090652081,6.0,2.0,1.5,0.0,0.0,0.0,20.0,4,774,Delay_Resp,42.719496443935036,c29a38.fffe.b34e68,128,248,254,65535,128,1,160,BOOTING,-1,False,False,False,False,0,healthy
121.348935541,mixed_pdv_loss_holdover,1673.0,1673.0,2956.0,-42.0,2335.787510034689,6.0,2.0,1.5,0.0,0.0,0.0,20.0,4,775,Sync,51.14863160659903,c29a38.fffe.b34e68,128,248,254,65535,128,1,160,BOOTING,-1,False,False,False,False,0,healthy
121.636597733,mixed_pdv_loss_holdover,2361.0,2361.0,3162.0,162.5,2391.694213329231,6.0,2.0,1.5,0.0,0.0,0.0,20.0,4,776,Sync,20.857798372057246,c29a38.fffe.b34e68,128,248,254,65535,128,1,160,BOOTING,-1,False,False,False,False,0,healthy
121.9014506,mixed_pdv_loss_holdover,1696.0,1696.0,3162.0,160.5,-2510.8280213557036,6.0,2.0,1.5,0.0,0.0,0.0,20.0,4,777,Sync,11.327043705364076,c29a38.fffe.b34e68,128,248,254,65535,128,1,160,BOOTING,-1,False,False,False,False,0,healthy
122.02236681600002,mixed_pdv_loss_holdover,871.0,871.0,3162.0,148.5,-6822.906201430574,6.0,2.0,1.5,0.0,0.0,0.0,20.0,4,778,Sync,24.81056800520209,c29a38.fffe.b34e68,128,248,254,65535,128,1,160,BOOTING,-1,False,False,False,False,0,healthy
122.13851865800001,mixed_pdv_loss_holdover,2155.0,2155.0,3162.0,137.0,11054.495373392963,6.0,2.0,1.5,0.0,0.0,0.0,20.0,4,779,Sync,17.218840145471905,c29a38.fffe.b34e68,128,248,254,65535,128,1,160,BOOTING,-1,False,False,False,False,0,healthy
122.2553426,mixed_pdv_loss_holdover,1972.0,1972.0,3162.0,137.0,-1566.4597244972756,6.0,2.0,1.5,0.0,0.0,0.0,20.0,4,780,Delay_Resp,34.23955681961258,c29a38.fffe.b34e68,128,248,254,65535,128,1,160,BOOTING,-1,False,False,False,False,0,healthy
122.371392141,mixed_pdv_loss_holdover,1697.0,1697.0,3162.0,137.0,-2369.6776189749094,6.0,2.0,1.5,0.0,0.0,0.0,20.0,4,781,Sync,17.23401904709025,c29a38.fffe.b34e68,128,248,254,65535,128,1,160,BOOTING,-1,False,False,False,False,0,healthy
122.48753160800001,mixed_pdv_loss_holdover,2406.0,2406.0,3185.0,149.0,6104.729239027203,6.0,2.0,1.5,0.0,0.0,0.0,20.0,4,782,Delay_Resp,60.27236202142514,c29a38.fffe.b34e68,128,248,254,65535,128,1,160,BOOTING,-1,False,False,False,False,0,healthy
122.711456683,mixed_pdv_loss_holdover,482.0,482.0,3185.0,149.0,-8592.159676624646,6.0,2.0,1.5,0.0,0.0,0.0,20.0,4,783,Sync,8.931558915410234,c29a38.fffe.b34e68,128,248,254,65535,128,1,160,BOOTING,-1,False,False,False,False,0,healthy
122.90322545800001,mixed_pdv_loss_holdover,2774.0,2774.0,3208.0,172.0,11951.89362814583,6.0,2.0,1.5,0.0,0.0,0.0,20.0,4,784,Delay_Resp,26.07306637902668,c29a38.fffe.b34e68,128,248,254,65535,128,1,160,BOOTING,-1,False,False,False,False,0,healthy
123.0183499,mixed_pdv_loss_holdover,-91.0,-91.0,3208.0,172.0,-24886.11410598726,6.0,2.0,1.5,0.0,0.0,0.0,20.0,4,785,Sync,26.05875822616467,c29a38.fffe.b34e68,128,248,254,65535,128,1,160,BOOTING,-1,False,False,False,False,0,healthy
123.13289445800001,mixed_pdv_loss_holdover,1100.0,1100.0,3208.0,172.0,10397.700430254752,6.0,2.0,1.5,0.0,0.0,0.0,20.0,4,786,Sync,17.460454123013857,c29a38.fffe.b34e68,128,248,254,65535,128,1,160,BOOTING,-1,False,False,False,False,0,healthy
123.253636416,mixed_pdv_loss_holdover,2017.0,2017.0,3208.0,172.0,7594.708709295795,6.0,2.0,1.5,0.0,0.0,0.0,20.0,4,787,Sync,24.846375275776865,c29a38.fffe.b34e68,128,248,254,65535,128,1,160,BOOTING,-1,False,False,False,False,0,healthy
123.48238453300002,mixed_pdv_loss_holdover,917.0,917.0,3185.0,149.0,-4808.782753826803,6.0,2.0,1.5,0.0,0.0,0.0,20.0,4,788,Sync,26.229724111782563,c29a38.fffe.b34e68,128,248,254,65535,128,1,160,BOOTING,-1,False,False,False,False,0,healthy
123.606669133,mixed_pdv_loss_holdover,1032.0,1032.0,3185.0,138.0,925.2956520760986,6.0,2.0,1.5,0.0,0.0,0.0,20.0,4,789,Sync,16.092098296975628,c29a38.fffe.b34e68,128,248,254,65535,128,1,160,BOOTING,-1,False,False,False,False,0,healthy
123.770996666,mixed_pdv_loss_holdover,826.0,826.0,3116.0,69.0,-1253.5939427752107,6.0,2.0,1.5,0.0,0.0,0.0,20.0,4,790,Sync,18.256222467600157,c29a38.fffe.b34e68,128,248,254,65535,128,1,160,BOOTING,-1,False,False,False,False,0,healthy
123.885132116,mixed_pdv_loss_holdover,1100.0,1100.0,3116.0,56.5,2400.656413060264,6.0,2.0,1.5,0.0,0.0,0.0,20.0,4,791,Sync,17.523039511388788,c29a38.fffe.b34e68,128,248,254,65535,128,1,160,BOOTING,-1,False,False,False,False,0,healthy
124.00024455000002,mixed_pdv_loss_holdover,665.0,665.0,2956.0,-103.5,-3778.914100625351,6.0,2.0,1.5,0.0,0.0,0.0,20.0,4,792,Delay_Resp,34.7486354080492,c29a38.fffe.b34e68,128,248,254,65535,128,1,160,BOOTING,-1,False,False,False,False,0,healthy
124.149055025,mixed_pdv_loss_holdover,436.0,436.0,2818.0,-241.5,-1538.8701635421592,6.0,2.0,1.5,0.0,0.0,0.0,20.0,4,793,Sync,20.15987113810689,c29a38.fffe.b34e68,128,248,254,65535,128,1,160,BOOTING,-1,False,False,False,False,0,healthy
124.27024569100001,mixed_pdv_loss_holdover,574.0,574.0,2818.0,-241.5,1138.7015564381775,6.0,2.0,1.5,0.0,0.0,0.0,20.0,4,794,Sync,16.502921107799676,c29a38.fffe.b34e68,128,248,254,65535,128,1,160,BOOTING,-1,False,False,False,False,0,healthy
124.452734225,mixed_pdv_loss_holdover,-1031.0,-1031.0,2956.0,-91.0,-8795.07311949866,6.0,2.0,1.5,0.0,0.0,0.0,20.0,4,795,Sync,27.398981680681185,c29a38.fffe.b34e68,128,248,254,65535,128,1,160,BOOTING,-1,False,False,False,False,0,healthy
124.57572559100001,mixed_pdv_loss_holdover,1032.0,1032.0,2704.0,-343.0,16773.535143921134,6.0,2.0,1.5,0.0,0.0,0.0,20.0,4,796,Delay_Resp,32.522608131693914,c29a38.fffe.b34e68,128,248,254,65535,128,1,160,BOOTING,-1,False,False,False,False,0,healthy
124.793730558,mixed_pdv_loss_holdover,1421.0,1421.0,2704.0,-332.0,1784.3630140776904,6.0,2.0,1.5,0.0,0.0,0.0,20.0,4,797,Sync,22.935257250355917,c29a38.fffe.b34e68,128,248,254,65535,128,1,160,BOOTING,-1,False,False,False,False,0,healthy
124.969312925,mixed_pdv_loss_holdover,1787.0,1787.0,2704.0,-321.0,2084.491775874006,6.0,2.0,1.5,0.0,0.0,0.0,20.0,4,798,Sync,22.78133088386892,c29a38.fffe.b34e68,128,248,254,65535,128,1,160,BOOTING,-1,False,False,False,False,0,healthy
125.1196051,mixed_pdv_loss_holdover,1604.0,1604.0,2704.0,-309.5,-1217.6282630815274,6.0,2.0,1.5,0.0,0.0,0.0,20.0,4,799,Sync,19.961119066910285,c29a38.fffe.b34e68,128,248,254,65535,128,1,160,BOOTING,-1,False,False,False,False,0,healthy
125.23420649100001,mixed_pdv_loss_holdover,1260.0,1260.0,2681.0,-320.5,-3001.708766344523,6.0,2.0,1.5,0.0,0.0,0.0,20.0,4,800,Sync,26.17769272974875,c29a38.fffe.b34e68,128,248,254,65535,128,1,160,BOOTING,-1,False,False,False,False,0,healthy
125.34907720000001,mixed_pdv_loss_holdover,1994.0,1994.0,2681.0,-305.5,6389.792544938411,6.0,2.0,1.5,0.0,0.0,0.0,20.0,4,801,Sync,17.41087886904199,c29a38.fffe.b34e68,128,248,254,65535,128,1,160,BOOTING,-1,False,False,False,False,0,healthy
125.466626806,mixed_pdv_loss_holdover,1445.0,1445.0,2864.0,-108.0,-4670.368695239008,6.0,2.0,1.5,0.0,0.0,0.0,20.0,4,802,Delay_Resp,34.02818721485616,c29a38.fffe.b34e68,128,248,254,65535,128,1,160,BOOTING,-1,False,False,False,False,0,healthy
125.628296006,mixed_pdv_loss_holdover,1995.0,1995.0,2864.0,-100.0,3402.0085458453464,6.0,2.0,1.5,0.0,0.0,0.0,20.0,4,803,Sync,18.556410250065525,c29a38.fffe.b34e68,128,248,254,65535,128,1,160,BOOTING,-1,False,False,False,False,0,healthy
125.74881182300001,mixed_pdv_loss_holdover,1536.0,1536.0,2910.0,-46.0,-3808.62870472807,6.0,2.0,1.5,0.0,0.0,0.0,20.0,4,804,Delay_Resp,41.4883301168635,c29a38.fffe.b34e68,128,248,254,65535,128,1,160,BOOTING,-1,False,False,False,False,0,healthy
125.949591798,mixed_pdv_loss_holdover,2223.0,2223.0,2910.0,-46.0,3421.655969426421,6.0,2.0,1.5,0.0,0.0,0.0,20.0,4,805,Sync,24.90288187355474,c29a38.fffe.b34e68,128,248,254,65535,128,1,160,BOOTING,-1,False,False,False,False,0,healthy
126.11708861400001,mixed_pdv_loss_holdover,1375.0,1375.0,2933.0,-23.0,-5062.782805375517,6.0,2.0,1.5,0.0,0.0,0.0,20.0,4,806,Delay_Resp,29.851313710940545,c29a38.fffe.b34e68,128,248,254,65535,128,1,160,BOOTING,-1,False,False,False,False,0,healthy
126.250688381,mixed_pdv_loss_holdover,642.0,642.0,2933.0,-18.5,-5486.536514693475,6.0,2.0,1.5,0.0,0.0,0.0,20.0,4,807,Sync,22.455128982374386,c29a38.fffe.b34e68,128,248,254,65535,128,1,160,BOOTING,-1,False,False,False,False,0,healthy
126.36523431400002,mixed_pdv_loss_holdover,940.0,940.0,2910.0,-37.0,2601.576434843454,6.0,2.0,1.5,0.0,0.0,0.0,20.0,4,808,Sync,26.190366793726046,c29a38.fffe.b34e68,128,248,254,65535,128,1,160,BOOTING,-1,False,False,False,False,0,healthy
126.481376073,mixed_pdv_loss_holdover,665.0,665.0,2910.0,-37.0,-2367.7960654963945,6.0,2.0,1.5,0.0,0.0,0.0,20.0,4,809,Sync,25.83050253268794,c29a38.fffe.b34e68,128,248,254,65535,128,1,160,BOOTING,-1,False,False,False,False,0,healthy
126.69943915600001,mixed_pdv_loss_holdover,2040.0,2040.0,2910.0,-30.0,6305.514812885472,6.0,2.0,1.5,0.0,0.0,0.0,20.0,4,810,Sync,22.92914477412899,c29a38.fffe.b34e68,128,248,254,65535,128,1,160,BOOTING,-1,False,False,False,False,0,healthy
126.91521928100002,mixed_pdv_loss_holdover,1674.0,1674.0,2910.0,-23.0,-1696.1710444832886,6.0,2.0,1.5,0.0,0.0,0.0,20.0,4,811,Sync,18.537388464298235,c29a38.fffe.b34e68,128,248,254,65535,128,1,160,BOOTING,-1,False,False,False,False,0,healthy
127.03526448100001,mixed_pdv_loss_holdover,1490.0,1490.0,2910.0,-17.5,-1532.7559952418849,6.0,2.0,1.5,0.0,0.0,0.0,20.0,4,812,Sync,16.660391252629182,c29a38.fffe.b34e68,128,248,254,65535,128,1,160,BOOTING,-1,False,False,False,False,0,healthy
127.15223472300002,mixed_pdv_loss_holdover,2040.0,2040.0,2910.0,-12.0,4702.0506292528935,6.0,2.0,1.5,0.0,0.0,0.0,20.0,4,813,Sync,25.647548886833963,c29a38.fffe.b34e68,128,248,254,65535,128,1,160,BOOTING,-1,False,False,False,False,0,healthy
127.267248706,mixed_pdv_loss_holdover,3048.0,3048.0,2979.0,51.5,8764.151746663265,6.0,2.0,1.5,0.0,0.0,0.0,20.0,4,814,Sync,26.083784960307334,c29a38.fffe.b34e68,128,248,254,65535,128,1,160,BOOTING,-1,False,False,False,False,0,healthy
127.45845382300001,mixed_pdv_loss_holdover,2682.0,2682.0,2818.0,-109.5,-1914.17471322162,6.0,2.0,1.5,0.0,0.0,0.0,20.0,4,815,Sync,26.14992777625164,c29a38.fffe.b34e68,128,248,254,65535,128,1,160,BOOTING,-1,False,False,False,False,0,healthy
127.57227916400001,mixed_pdv_loss_holdover,-1351.0,-1351.0,2818.0,-109.5,-35431.47742469918,6.0,2.0,1.5,0.0,0.0,0.0,20.0,4,816,Sync,26.35616966875714,c29a38.fffe.b34e68,128,248,254,65535,128,1,160,BOOTING,-1,False,False,False,False,0,healthy
127.78742009800001,mixed_pdv_loss_holdover,871.0,871.0,2704.0,-223.5,10328.113570428002,6.0,2.0,1.5,0.0,0.0,0.0,20.0,4,817,Sync,27.888695509706576,c29a38.fffe.b34e68,128,248,254,65535,128,1,160,BOOTING,-1,False,False,False,False,0,healthy
127.98316913100001,mixed_pdv_loss_holdover,1238.0,1238.0,2727.0,-200.5,1874.8496193082235,6.0,2.0,1.5,0.0,0.0,0.0,20.0,4,818,Delay_Resp,25.542910344798685,c29a38.fffe.b34e68,128,248,254,65535,128,1,160,BOOTING,-1,False,False,False,False,0,healthy
128.10637481400002,mixed_pdv_loss_holdover,2315.0,2315.0,2727.0,-195.0,8741.479887741229,6.0,2.0,1.5,0.0,0.0,0.0,20.0,4,819,Sync,16.23301743313134,c29a38.fffe.b34e68,128,248,254,65535,128,1,160,BOOTING,-1,False,False,False,False,0,healthy
128.223083439,mixed_pdv_loss_holdover,1948.0,1948.0,2727.0,-195.0,-3144.583358771349,6.0,2.0,1.5,0.0,0.0,0.0,20.0,4,820,Sync,25.70504107987479,c29a38.fffe.b34e68,128,248,254,65535,128,1,160,BOOTING,-1,False,False,False,False,0,healthy
128.34075263900002,mixed_pdv_loss_holdover,1398.0,1398.0,2704.0,-212.0,-4674.120330552876,6.0,2.0,1.5,0.0,0.0,0.0,20.0,4,821,Sync,25.495201803015686,c29a38.fffe.b34e68,128,248,254,65535,128,1,160,BOOTING,-1,False,False,False,False,0,healthy
128.456335689,mixed_pdv_loss_holdover,2338.0,2338.0,2704.0,-206.0,8132.680354083207,6.0,2.0,1.5,0.0,0.0,0.0,20.0,4,822,Sync,17.30357522145363,c29a38.fffe.b34e68,128,248,254,65535,128,1,160,BOOTING,-1,False,False,False,False,0,healthy
128.614914164,mixed_pdv_loss_holdover,963.0,963.0,2612.0,-298.0,-8670.785868007204,6.0,2.0,1.5,0.0,0.0,0.0,20.0,4,823,Delay_Resp,25.224104343293686,c29a38.fffe.b34e68,128,248,254,65535,128,1,160,BOOTING,-1,False,False,False,False,0,healthy
128.729594206,mixed_pdv_loss_holdover,1696.0,1696.0,2612.0,-298.0,6391.696298820491,6.0,2.0,1.5,0.0,0.0,0.0,20.0,4,824,Sync,26.159739285759173,c29a38.fffe.b34e68,128,248,254,65535,128,1,160,BOOTING,-1,False,False,False,False,0,healthy
128.907693189,mixed_pdv_loss_holdover,1032.0,1032.0,2750.0,-160.0,-3728.2638497714156,6.0,2.0,1.5,0.0,0.0,0.0,20.0,4,825,Delay_Resp,28.074275977194393,c29a38.fffe.b34e68,128,248,254,65535,128,1,160,BOOTING,-1,False,False,False,False,0,healthy
129.124721448,mixed_pdv_loss_holdover,1925.0,1925.0,2818.0,-92.0,4114.671536852936,6.0,2.0,1.5,0.0,0.0,0.0,20.0,4,826,Sync,27.64616934055724,c29a38.fffe.b34e68,128,248,254,65535,128,1,160,BOOTING,-1,False,False,False,False,0,healthy
129.248529381,mixed_pdv_loss_holdover,2957.0,2957.0,2933.0,23.0,8335.49171683565,6.0,2.0,1.5,0.0,0.0,0.0,20.0,4,827,Sync,24.231080572196657,c29a38.fffe.b34e68,128,248,254,65535,128,1,160,BOOTING,-1,False,False,False,False,0,healthy
129.376173931,mixed_pdv_loss_holdover,2109.0,2109.0,2933.0,23.0,-6643.448545197656,6.0,2.0,1.5,0.0,0.0,0.0,20.0,4,828,Sync,15.668510719805793,c29a38.fffe.b34e68,128,248,254,65535,128,1,160,BOOTING,-1,False,False,False,False,0,healthy
129.505750998,mixed_pdv_loss_holdover,2475.0,2475.0,2933.0,23.0,2824.573888526442,6.0,2.0,1.5,0.0,0.0,0.0,20.0,4,829,Sync,23.15224498792165,c29a38.fffe.b34e68,128,248,254,65535,128,1,160,BOOTING,-1,False,False,False,False,0,healthy
129.717853548,mixed_pdv_loss_holdover,341573.0,341573.0,3277.0,367.0,1598745.5124891438,6.0,2.0,1.5,0.0,0.0,0.0,20.0,4,830,Delay_Resp,33.00290354830759,c29a38.fffe.b34e68,128,248,254,65535,128,1,160,BOOTING,-1,False,False,False,False,0,healthy
129.990516964,mixed_pdv_loss_holdover,2201.0,2201.0,3299.0,389.0,-1244655.4252808143,6.0,2.0,1.5,0.0,0.0,0.0,20.0,4,831,Sync,22.005152315703377,c29a38.fffe.b34e68,128,248,254,65535,128,1,160,BOOTING,-1,False,False,False,False,0,healthy
130.107240806,mixed_pdv_loss_holdover,642.0,642.0,3299.0,377.5,-13356.311558010691,6.0,2.0,1.5,0.0,0.0,0.0,20.0,4,832,Sync,25.701689976928847,c29a38.fffe.b34e68,128,248,254,65535,128,1,160,BOOTING,-1,False,False,False,False,0,healthy
130.228282664,mixed_pdv_loss_holdover,1926.0,1926.0,3424.0,491.0,10607.900615668583,6.0,2.0,1.5,0.0,0.0,0.0,20.0,4,833,Delay_Resp,33.04641936345353,c29a38.fffe.b34e68,128,248,254,65535,128,1,160,BOOTING,-1,False,False,False,False,0,healthy
130.344871764,mixed_pdv_loss_holdover,-2124.0,-2124.0,3310.0,377.0,-34737.381110241375,6.0,2.0,1.5,0.0,0.0,0.0,20.0,4,834,Sync,25.731393414993608,c29a38.fffe.b34e68,128,248,254,65535,128,1,160,BOOTING,-1,False,False,False,False,0,healthy
130.466286664,mixed_pdv_loss_holdover,1690.0,1690.0,3304.0,371.0,31412.948493144526,6.0,2.0,1.5,0.0,0.0,0.0,20.0,4,835,Sync,24.70866425784834,c29a38.fffe.b34e68,128,248,254,65535,128,1,160,BOOTING,-1,False,False,False,False,0,healthy
130.687887364,mixed_pdv_loss_holdover,2846.0,2846.0,3254.0,321.0,5216.590019796624,6.0,2.0,1.5,0.0,0.0,0.0,20.0,4,836,Sync,27.075726746349257,c29a38.fffe.b34e68,128,248,254,65535,128,1,160,BOOTING,-1,False,False,False,False,0,healthy
130.80697476400002,mixed_pdv_loss_holdover,2246.0,2246.0,3254.0,309.5,-5038.316396192534,6.0,2.0,1.5,0.0,0.0,0.0,20.0,4,837,Sync,16.794387987308443,c29a38.fffe.b34e68,128,248,254,65535,128,1,160,BOOTING,-1,False,False,False,False,0,healthy
131.028483164,mixed_pdv_loss_holdover,1346.0,1346.0,3254.0,298.0,-4063.0513334938823,6.0,2.0,1.5,0.0,0.0,0.0,20.0,4,838,Sync,18.058005926639478,c29a38.fffe.b34e68,128,248,254,65535,128,1,160,BOOTING,-1,False,False,False,False,0,healthy
131.14769146400002,mixed_pdv_loss_holdover,2446.0,2446.0,3254.0,298.0,9227.545397424232,6.0,2.0,1.5,0.0,0.0,0.0,20.0,4,839,Sync,25.166032902066085,c29a38.fffe.b34e68,128,248,254,65535,128,1,160,BOOTING,-1,False,False,False,False,0,healthy
131.26367686400002,mixed_pdv_loss_holdover,2950.0,2950.0,3350.0,394.0,4345.37450403242,6.0,2.0,1.5,0.0,0.0,0.0,20.0,4,840,Sync,25.865324428764406,c29a38.fffe.b34e68,128,248,254,65535,128,1,160,BOOTING,-1,False,False,False,False,0,healthy
131.406071964,mixed_pdv_loss_holdover,350.0,350.0,3350.0,394.0,-18259.055262436905,6.0,2.0,1.5,0.0,0.0,0.0,20.0,4,841,Sync,35.11356781237866,c29a38.fffe.b34e68,128,248,254,65535,128,1,160,BOOTING,-1,False,False,False,False,0,healthy
131.616647164,mixed_pdv_loss_holdover,2350.0,2350.0,3350.0,394.0,9497.79461209135,6.0,2.0,1.5,0.0,0.0,0.0,20.0,4,842,Sync,28.49338383627405,c29a38.fffe.b34e68,128,248,254,65535,128,1,160,BOOTING,-1,False,False,False,False,0,healthy
131.88109796400002,mixed_pdv_loss_holdover,-2150.0,-2150.0,3450.0,494.0,-17016.397757161856,6.0,2.0,1.5,0.0,0.0,0.0,20.0,4,843,Sync,11.344265171441236,c29a38.fffe.b34e68,128,248,254,65535,128,1,160,BOOTING,-1,False,False,False,False,0,healthy
132.041925564,mixed_pdv_loss_holdover,1900.0,1900.0,3400.0,444.0,25182.24483857621,6.0,2.0,1.5,0.0,0.0,0.0,20.0,4,844,Sync,31.089191158736064,c29a38.fffe.b34e68,128,248,254,65535,128,1,160,BOOTING,-1,False,False,False,False,0,healthy
132.224334864,mixed_pdv_loss_holdover,1300.0,1300.0,3500.0,544.0,-3289.305972885935,6.0,2.0,1.5,0.0,0.0,0.0,20.0,4,845,Sync,16.446529864429674,c29a38.fffe.b34e68,128,248,254,65535,128,1,160,BOOTING,-1,False,False,False,False,0,healthy
132.34201256400002,mixed_pdv_loss_holdover,1850.0,1850.0,3050.0,94.0,4673.782713292261,6.0,2.0,1.5,0.0,0.0,0.0,20.0,4,846,Delay_Resp,33.9911470057619,c29a38.fffe.b34e68,128,248,254,65535,128,1,160,BOOTING,-1,False,False,False,False,0,healthy
132.460014664,mixed_pdv_loss_holdover,3250.0,3250.0,3050.0,94.0,11864.195637197894,6.0,2.0,1.5,0.0,0.0,0.0,20.0,4,847,Sync,16.948850910282708,c29a38.fffe.b34e68,128,248,254,65535,128,1,160,BOOTING,-1,False,False,False,False,0,healthy
132.635567164,mixed_pdv_loss_holdover,1550.0,1550.0,3250.0,294.0,-9683.712849432004,6.0,2.0,1.5,0.0,0.0,0.0,20.0,4,848,Sync,17.088905028409417,c29a38.fffe.b34e68,128,248,254,65535,128,1,160,BOOTING,-1,False,False,False,False,0,healthy
132.75787216400002,mixed_pdv_loss_holdover,1150.0,1150.0,3000.0,44.0,-3270.512243979908,6.0,2.0,1.5,0.0,0.0,0.0,20.0,4,849,Sync,24.52884182984931,c29a38.fffe.b34e68,128,248,254,65535,128,1,160,BOOTING,-1,False,False,False,False,0,healthy
132.947223764,mixed_pdv_loss_holdover,1250.0,1250.0,3050.0,94.0,528.1180618490165,6.0,2.0,1.5,0.0,0.0,0.0,20.0,4,850,Delay_Resp,42.24944494792132,c29a38.fffe.b34e68,128,248,254,65535,128,1,160,BOOTING,-1,False,False,False,False,0,healthy
133.159228464,mixed_pdv_loss_holdover,1500.0,1500.0,3000.0,44.0,1179.2191399530611,6.0,2.0,1.5,0.0,0.0,0.0,20.0,4,851,Sync,28.30125935887347,c29a38.fffe.b34e68,128,248,254,65535,128,1,160,BOOTING,-1,False,False,False,False,0,healthy
133.311015564,mixed_pdv_loss_holdover,3000.0,3000.0,3000.0,44.0,9882.262721930456,6.0,2.0,1.5,0.0,0.0,0.0,20.0,4,852,Sync,19.76452544386091,c29a38.fffe.b34e68,128,248,254,65535,128,1,160,BOOTING,-1,False,False,False,False,0,healthy
133.428630906,mixed_pdv_loss_holdover,3000.0,3000.0,3000.0,44.0,0.0,6.0,2.0,1.5,0.0,0.0,0.0,20.0,4,853,Sync,17.00458431690069,c29a38.fffe.b34e68,128,248,254,65535,128,1,160,BOOTING,-1,False,False,False,False,0,healthy
133.545132236,mixed_pdv_loss_holdover,39967.0,39967.0,3050.0,94.0,317309.6822156301,6.0,2.0,1.5,0.0,0.0,0.0,20.0,4,854,Follow_Up,17.167185988347992,c29a38.fffe.b34e68,128,248,254,65535,128,1,160,BOOTING,-1,False,False,False,False,0,healthy
133.662196481,mixed_pdv_loss_holdover,1295.0,1295.0,2975.0,19.0,-330348.51931092876,6.0,2.0,1.5,0.0,0.0,0.0,20.0,4,855,Sync,25.62695381497689,c29a38.fffe.b34e68,128,248,254,65535,128,1,160,BOOTING,-1,False,False,False,False,0,healthy
133.836081029,mixed_pdv_loss_holdover,984.0,984.0,2975.0,19.0,-1788.543050990177,6.0,2.0,1.5,0.0,0.0,0.0,20.0,4,856,Sync,28.75471143071024,c29a38.fffe.b34e68,128,248,254,65535,128,1,160,BOOTING,-1,False,False,False,False,0,healthy
133.95155868700002,mixed_pdv_loss_holdover,912.0,912.0,2950.0,-6.0,-623.4972309535235,6.0,2.0,1.5,0.0,0.0,0.0,20.0,4,857,Sync,25.979051289730148,c29a38.fffe.b34e68,128,248,254,65535,128,1,160,BOOTING,-1,False,False,False,False,0,healthy
134.11825445,mixed_pdv_loss_holdover,1588.0,1588.0,2950.0,-6.0,4055.2920352275955,6.0,2.0,1.5,0.0,0.0,0.0,20.0,4,858,Sync,17.996858144501164,c29a38.fffe.b34e68,128,248,254,65535,128,1,160,BOOTING,-1,False,False,False,False,0,healthy
134.386757756,mixed_pdv_loss_holdover,2824.0,2824.0,2872.0,-81.0,4603.29527562665,6.0,2.0,1.5,0.0,0.0,0.0,20.0,4,859,Sync,22.34609357100316,c29a38.fffe.b34e68,128,248,254,65535,128,1,160,BOOTING,-1,False,False,False,False,0,healthy
134.50629843500002,mixed_pdv_loss_holdover,1762.0,1762.0,2920.0,-30.0,-8884.005084159724,6.0,2.0,1.5,0.0,0.0,0.0,20.0,4,860,Sync,25.09605955977323,c29a38.fffe.b34e68,128,248,254,65535,128,1,160,BOOTING,-1,False,False,False,False,0,healthy
134.62473028,mixed_pdv_loss_holdover,1232.0,1232.0,2920.0,-21.5,-4475.14771048371,6.0,2.0,1.5,0.0,0.0,0.0,20.0,4,861,Sync,16.887349850881925,c29a38.fffe.b34e68,128,248,254,65535,128,1,160,BOOTING,-1,False,False,False,False,0,healthy
134.741943025,mixed_pdv_loss_holdover,2728.0,2728.0,2872.0,-69.5,12763.117184908313,6.0,2.0,1.5,0.0,0.0,0.0,20.0,4,862,Sync,25.594486333372288,c29a38.fffe.b34e68,128,248,254,65535,128,1,160,BOOTING,-1,False,False,False,False,0,healthy
134.857583957,mixed_pdv_loss_holdover,2245.0,2245.0,2872.0,-69.5,-4176.7217856739335,6.0,2.0,1.5,0.0,0.0,0.0,20.0,4,863,Sync,34.5898284527862,c29a38.fffe.b34e68,128,248,254,65535,128,1,160,BOOTING,-1,False,False,False,False,0,healthy
135.041280875,mixed_pdv_loss_holdover,701.0,701.0,2824.0,-117.5,-8405.149181653222,6.0,2.0,1.5,0.0,0.0,0.0,20.0,4,864,Sync,16.331248409947968,c29a38.fffe.b34e68,128,248,254,65535,128,1,160,BOOTING,-1,False,False,False,False,0,healthy
135.158844886,mixed_pdv_loss_holdover,845.0,845.0,2775.0,-166.5,1224.8646399110926,6.0,2.0,1.5,0.0,0.0,0.0,20.0,4,865,Sync,25.518013331481097,c29a38.fffe.b34e68,128,248,254,65535,128,1,160,BOOTING,-1,False,False,False,False,0,healthy
135.335721471,mixed_pdv_loss_holdover,-1423.0,-1423.0,2703.0,-238.5,-12822.499936890861,6.0,2.0,1.5,0.0,0.0,0.0,20.0,4,866,Sync,33.92195750500228,c29a38.fffe.b34e68,128,248,254,65535,128,1,160,BOOTING,-1,False,False,False,False,0,healthy
135.542673293,mixed_pdv_loss_holdover,4007.0,4007.0,2558.0,-383.5,26237.990791884873,6.0,2.0,1.5,0.0,0.0,0.0,20.0,4,867,Sync,14.496127509328659,c29a38.fffe.b34e68,128,248,254,65535,128,1,160,BOOTING,-1,False,False,False,False,0,healthy
135.660825709,mixed_pdv_loss_holdover,1884.0,1884.0,2606.0,-335.5,-17968.316449832382,6.0,2.0,1.5,0.0,0.0,0.0,20.0,4,868,Delay_Resp,33.85457644810623,c29a38.fffe.b34e68,128,248,254,65535,128,1,160,BOOTING,-1,False,False,False,False,0,healthy
135.779806274,mixed_pdv_loss_holdover,3187.0,3187.0,2606.0,-335.5,10951.368402056523,6.0,2.0,1.5,0.0,0.0,0.0,20.0,4,869,Sync,16.80946800008676,c29a38.fffe.b34e68,128,248,254,65535,128,1,160,BOOTING,-1,False,False,False,False,0,healthy
135.89619946300002,mixed_pdv_loss_holdover,2028.0,2028.0,2703.0,-238.5,-9957.627331612408,6.0,2.0,1.5,0.0,0.0,0.0,20.0,4,870,Delay_Resp,42.95784008460918,c29a38.fffe.b34e68,128,248,254,65535,128,1,160,BOOTING,-1,False,False,False,False,0,healthy
136.088025416,mixed_pdv_loss_holdover,3380.0,3380.0,2968.0,18.0,7048.055692444077,6.0,2.0,1.5,0.0,0.0,0.0,20.0,4,871,Sync,26.06529472057721,c29a38.fffe.b34e68,128,248,254,65535,128,1,160,BOOTING,-1,False,False,False,False,0,healthy
136.256802802,mixed_pdv_loss_holdover,1063.0,1063.0,2992.0,39.0,-13728.142465719759,6.0,2.0,1.5,0.0,0.0,0.0,20.0,4,872,Sync,17.774893136451997,c29a38.fffe.b34e68,128,248,254,65535,128,1,160,BOOTING,-1,False,False,False,False,0,healthy
136.371250704,mixed_pdv_loss_holdover,1739.0,1739.0,2992.0,36.0,5906.617667836586,6.0,2.0,1.5,0.0,0.0,0.0,20.0,4,873,Sync,26.212800301049942,c29a38.fffe.b34e68,128,248,254,65535,128,1,160,BOOTING,-1,False,False,False,False,0,healthy
136.489148601,mixed_pdv_loss_holdover,2222.0,2222.0,3161.0,205.0,4096.765186574749,6.0,2.0,1.5,0.0,0.0,0.0,20.0,4,874,Delay_Resp,33.92766200061904,c29a38.fffe.b34e68,128,248,254,65535,128,1,160,BOOTING,-1,False,False,False,False,0,healthy
136.721456358,mixed_pdv_loss_holdover,2343.0,2343.0,3282.0,326.0,520.8607821046609,6.0,2.0,1.5,0.0,0.0,0.0,20.0,4,875,Sync,25.827807377090622,c29a38.fffe.b34e68,128,248,254,65535,128,1,160,BOOTING,-1,False,False,False,False,0,healthy
136.923504458,mixed_pdv_loss_holdover,1932.0,1932.0,3282.0,326.0,-2034.169091419474,6.0,2.0,1.5,0.0,0.0,0.0,20.0,4,876,Sync,29.69589914480984,c29a38.fffe.b34e68,128,248,254,65535,128,1,160,BOOTING,-1,False,False,False,False,0,healthy
137.095227437,mixed_pdv_loss_holdover,2029.0,2029.0,3282.0,326.0,564.8632498973532,6.0,2.0,1.5,0.0,0.0,0.0,20.0,4,877,Sync,11.646664946337177,c29a38.fffe.b34e68,128,248,254,65535,128,1,160,BOOTING,-1,False,False,False,False,0,healthy
137.211237304,mixed_pdv_loss_holdover,338.0,338.0,3331.0,375.0,-14576.346337850415,6.0,2.0,1.5,0.0,0.0,0.0,20.0,4,878,Delay_Resp,34.47982575482062,c29a38.fffe.b34e68,128,248,254,65535,128,1,160,BOOTING,-1,False,False,False,False,0,healthy
137.326545992,mixed_pdv_loss_holdover,917.0,917.0,3259.0,303.0,5021.304205629374,6.0,2.0,1.5,0.0,0.0,0.0,20.0,4,879,Sync,26.017120236421626,c29a38.fffe.b34e68,128,248,254,65535,128,1,160,BOOTING,-1,False,False,False,False,0,healthy
137.441961179,mixed_pdv_loss_holdover,121.0,121.0,3259.0,303.0,-6896.839321501291,6.0,2.0,1.5,0.0,0.0,0.0,20.0,4,880,Sync,17.32874201382234,c29a38.fffe.b34e68,128,248,254,65535,128,1,160,BOOTING,-1,False,False,False,False,0,healthy
137.670933358,mixed_pdv_loss_holdover,603.0,603.0,3210.0,254.0,2105.0592351657656,6.0,2.0,1.5,0.0,0.0,0.0,20.0,4,881,Sync,13.102028434641694,c29a38.fffe.b34e68,128,248,254,65535,128,1,160,BOOTING,-1,False,False,False,False,0,healthy
137.786747509,mixed_pdv_loss_holdover,362.0,362.0,3210.0,254.0,-2080.9201459328606,6.0,2.0,1.5,0.0,0.0,0.0,20.0,4,882,Sync,25.903570281321915,c29a38.fffe.b34e68,128,248,254,65535,128,1,160,BOOTING,-1,False,False,False,False,0,healthy
138.000245062,mixed_pdv_loss_holdover,700.0,700.0,3259.0,303.0,1583.1563184239676,6.0,2.0,1.5,0.0,0.0,0.0,20.0,4,883,Sync,23.41947216603502,c29a38.fffe.b34e68,128,248,254,65535,128,1,160,BOOTING,-1,False,False,False,False,0,healthy
138.271181933,mixed_pdv_loss_holdover,1737.0,1737.0,3234.0,278.0,3827.459866102855,6.0,2.0,1.5,0.0,0.0,0.0,20.0,4,884,Sync,22.14538013174265,c29a38.fffe.b34e68,128,248,254,65535,128,1,160,BOOTING,-1,False,False,False,False,0,healthy
138.399475776,mixed_pdv_loss_holdover,1304.0,1304.0,3041.0,85.0,-3375.064538366184,6.0,2.0,1.5,0.0,0.0,0.0,20.0,4,885,Sync,23.383818972513975,c29a38.fffe.b34e68,128,248,254,65535,128,1,160,BOOTING,-1,False,False,False,False,0,healthy
138.516082834,mixed_pdv_loss_holdover,2366.0,2366.0,2848.0,-105.0,9107.510456185282,6.0,2.0,1.5,0.0,0.0,0.0,20.0,4,886,Sync,25.727430667190063,c29a38.fffe.b34e68,128,248,254,65535,128,1,160,BOOTING,-1,False,False,False,False,0,healthy
138.633742531,mixed_pdv_loss_holdover,1207.0,1207.0,2800.0,-150.0,-9850.441821213124,6.0,2.0,1.5,0.0,0.0,0.0,20.0,4,887,Sync,25.4972609694904,c29a38.fffe.b34e68,128,248,254,65535,128,1,160,BOOTING,-1,False,False,False,False,0,healthy
138.749802799,mixed_pdv_loss_holdover,1401.0,1401.0,2751.0,-190.5,1671.5453388404994,6.0,2.0,1.5,0.0,0.0,0.0,20.0,4,888,Sync,25.848639260420097,c29a38.fffe.b34e68,128,248,254,65535,128,1,160,BOOTING,-1,False,False,False,False,0,healthy
138.865100673,mixed_pdv_loss_holdover,1304.0,1304.0,2800.0,-133.0,-841.2991205718713,6.0,2.0,1.5,0.0,0.0,0.0,20.0,4,889,Sync,34.69274724007717,c29a38.fffe.b34e68,128,248,254,65535,128,1,160,BOOTING,-1,False,False,False,False,0,healthy
139.06697429800002,mixed_pdv_loss_holdover,1738.0,1738.0,2800.0,-133.0,2149.8598442464167,6.0,2.0,1.5,0.0,0.0,0.0,20.0,4,890,Sync,24.767970555834296,c29a38.fffe.b34e68,128,248,254,65535,128,1,160,BOOTING,-1,False,False,False,False,0,healthy
139.18544920600002,mixed_pdv_loss_holdover,2753.0,2753.0,2848.0,-85.0,8567.214924530972,6.0,2.0,1.5,0.0,0.0,0.0,20.0,4,891,Sync,25.32181751092898,c29a38.fffe.b34e68,128,248,254,65535,128,1,160,BOOTING,-1,False,False,False,False,0,healthy
139.344551137,mixed_pdv_loss_holdover,2656.0,2656.0,2848.0,-85.0,-609.6720472865392,6.0,2.0,1.5,0.0,0.0,0.0,20.0,4,892,Delay_Resp,25.141115352022233,c29a38.fffe.b34e68,128,248,254,65535,128,1,160,BOOTING,-1,False,False,False,False,0,healthy
139.476443959,mixed_pdv_loss_holdover,1787.0,1787.0,2848.0,-85.0,-6588.683044479982,6.0,2.0,1.5,0.0,0.0,0.0,20.0,4,893,Sync,22.745741235258855,c29a38.fffe.b34e68,128,248,254,65535,128,1,160,BOOTING,-1,False,False,False,False,0,healthy
139.71638668100002,mixed_pdv_loss_holdover,1521.0,1521.0,2920.0,-13.0,-1108.5979094626343,6.0,2.0,1.5,0.0,0.0,0.0,20.0,4,894,Sync,25.00596788261581,c29a38.fffe.b34e68,128,248,254,65535,128,1,160,BOOTING,-1,False,False,False,False,0,healthy
139.83257758800002,mixed_pdv_loss_holdover,2583.0,2583.0,3089.0,156.0,9140.13004477164,6.0,2.0,1.5,0.0,0.0,0.0,20.0,4,895,Delay_Resp,43.03262732943333,c29a38.fffe.b34e68,128,248,254,65535,128,1,160,BOOTING,-1,False,False,False,False,0,healthy
139.94786013,mixed_pdv_loss_holdover,611.0,611.0,3089.0,156.0,-17105.79907233652,6.0,2.0,1.5,0.0,0.0,0.0,20.0,4,896,Sync,17.348680600746977,c29a38.fffe.b34e68,128,248,254,65535,128,1,160,BOOTING,-1,False,False,False,False,0,healthy
140.06401273,mixed_pdv_loss_holdover,36311.0,36311.0,3089.0,156.0,307354.29082088853,6.0,2.0,1.5,0.0,0.0,0.0,20.0,4,897,Sync,25.828091665620885,c29a38.fffe.b34e68,128,248,254,65535,128,1,160,BOOTING,-1,False,False,False,False,0,healthy
140.29880403,mixed_pdv_loss_holdover,1711.0,1711.0,3120.0,187.0,-147364.9151395228,6.0,2.0,1.5,0.0,0.0,0.0,20.0,4,898,Sync,12.777304780883481,c29a38.fffe.b34e68,128,248,254,65535,128,1,160,BOOTING,-1,False,False,False,False,0,healthy
140.42099343,mixed_pdv_loss_holdover,780.0,780.0,2800.0,-133.0,-7619.318860719734,6.0,2.0,1.5,0.0,0.0,0.0,20.0,4,899,Delay_Resp,40.92007981052489,c29a38.fffe.b34e68,128,248,254,65535,128,1,160,BOOTING,-1,False,False,False,False,0,healthy
140.59273393,mixed_pdv_loss_holdover,1325.0,1325.0,2875.0,-58.0,3173.3924147187454,6.0,2.0,1.5,0.0,0.0,0.0,20.0,4,900,Sync,34.93643025378435,c29a38.fffe.b34e68,128,248,254,65535,128,1,160,BOOTING,-1,False,False,False,False,0,healthy
140.71224503000002,mixed_pdv_loss_holdover,2025.0,2025.0,2975.0,33.5,5857.196528188052,6.0,2.0,1.5,0.0,0.0,0.0,20.0,4,901,Sync,25.10227083509165,c29a38.fffe.b34e68,128,248,254,65535,128,1,160,BOOTING,-1,False,False,False,False,0,healthy
140.83054003,mixed_pdv_loss_holdover,1825.0,1825.0,2975.0,25.0,-1690.6885329051804,6.0,2.0,1.5,0.0,0.0,0.0,20.0,4,902,Sync,25.36032799357771,c29a38.fffe.b34e68,128,248,254,65535,128,1,160,BOOTING,-1,False,False,False,False,0,healthy
141.00332923000002,mixed_pdv_loss_holdover,1925.0,1925.0,2975.0,16.0,578.7398749458507,6.0,2.0,1.5,0.0,0.0,0.0,20.0,4,903,Sync,23.14959499783403,c29a38.fffe.b34e68,128,248,254,65535,128,1,160,BOOTING,-1,False,False,False,False,0,healthy
141.12697643,mixed_pdv_loss_holdover,1225.0,1225.0,3075.0,103.5,-5661.2685123483325,6.0,2.0,1.5,0.0,0.0,0.0,20.0,4,904,Delay_Resp,56.612685123483324,c29a38.fffe.b34e68,128,248,254,65535,128,1,160,BOOTING,-1,False,False,False,False,0,healthy
141.38890183,mixed_pdv_loss_holdover,-1775.0,-1775.0,3075.0,100.0,-11453.64290748454,6.0,2.0,1.5,0.0,0.0,0.0,20.0,4,905,Delay_Resp,15.271523876646054,c29a38.fffe.b34e68,128,248,254,65535,128,1,160,BOOTING,-1,False,False,False,False,0,healthy
141.578557918,mixed_pdv_loss_holdover,1804.0,1804.0,3200.0,225.0,18870.999806766777,6.0,2.0,1.5,0.0,0.0,0.0,20.0,4,906,Sync,26.363509090202257,c29a38.fffe.b34e68,128,248,254,65535,128,1,160,BOOTING,-1,False,False,False,False,0,healthy
141.703585932,mixed_pdv_loss_holdover,1094.0,1094.0,3200.0,225.0,-5678.727329060438,6.0,2.0,1.5,0.0,0.0,0.0,20.0,4,907,Sync,23.99462251715678,c29a38.fffe.b34e68,128,248,254,65535,128,1,160,BOOTING,-1,False,False,False,False,0,healthy
141.823284471,mixed_pdv_loss_holdover,2206.0,2206.0,3161.0,186.0,9290.004784437262,6.0,2.0,1.5,0.0,0.0,0.0,20.0,4,908,Sync,25.062962547942252,c29a38.fffe.b34e68,128,248,254,65535,128,1,160,BOOTING,-1,False,False,False,False,0,healthy
141.944977867,mixed_pdv_loss_holdover,743.0,743.0,3161.0,184.0,-12022.016379589377,6.0,2.0,1.5,0.0,0.0,0.0,20.0,4,909,Sync,24.652118345022647,c29a38.fffe.b34e68,128,248,254,65535,128,1,160,BOOTING,-1,False,False,False,False,0,healthy
142.062425386,mixed_pdv_loss_holdover,2138.0,2138.0,2937.0,-40.0,11877.645538004563,6.0,2.0,1.5,0.0,0.0,0.0,20.0,4,910,Delay_Resp,34.05776498352563,c29a38.fffe.b34e68,128,248,254,65535,128,1,160,BOOTING,-1,False,False,False,False,0,healthy
142.27654647,mixed_pdv_loss_holdover,1357.0,1357.0,2840.0,-137.0,-3647.4689246389457,6.0,2.0,1.5,0.0,0.0,0.0,20.0,4,911,Sync,14.010764115130394,c29a38.fffe.b34e68,128,248,254,65535,128,1,160,BOOTING,-1,False,False,False,False,0,healthy
142.39256337400002,mixed_pdv_loss_holdover,2528.0,2528.0,2840.0,-137.0,10093.35674049533,6.0,2.0,1.5,0.0,0.0,0.0,20.0,4,912,Sync,17.23886719128152,c29a38.fffe.b34e68,128,248,254,65535,128,1,160,BOOTING,-1,False,False,False,False,0,healthy
142.573803864,mixed_pdv_loss_holdover,1356.0,1356.0,2840.0,-137.0,-6466.546189540997,6.0,2.0,1.5,0.0,0.0,0.0,20.0,4,913,Sync,27.58765439223975,c29a38.fffe.b34e68,128,248,254,65535,128,1,160,BOOTING,-1,False,False,False,False,0,healthy
142.69116589700002,mixed_pdv_loss_holdover,634.0,634.0,2781.0,-194.0,-6151.904338602942,6.0,2.0,1.5,0.0,0.0,0.0,20.0,4,914,Sync,25.561929384776764,c29a38.fffe.b34e68,128,248,254,65535,128,1,160,BOOTING,-1,False,False,False,False,0,healthy
142.80679821500001,mixed_pdv_loss_holdover,634.0,634.0,2781.0,-194.0,0.0,6.0,2.0,1.5,0.0,0.0,0.0,20.0,4,915,Sync,0.0,c29a38.fffe.b34e68,128,248,254,65535,128,1,160,BOOTING,-1,False,False,False,False,0,healthy
143.02758033700002,mixed_pdv_loss_holdover,-1292.0,-1292.0,2781.0,-194.0,-8723.532424423276,6.0,2.0,1.5,0.0,0.0,0.0,20.0,4,916,Sync,31.70546571701087,c29a38.fffe.b34e68,128,248,254,65535,128,1,160,BOOTING,-1,False,False,False,False,0,healthy
143.15536399,mixed_pdv_loss_holdover,1806.0,1806.0,2781.0,-194.0,24244.10264746566,6.0,2.0,1.5,0.0,0.0,0.0,20.0,4,917,Sync,15.651454259177315,c29a38.fffe.b34e68,128,248,254,65535,128,1,160,BOOTING,-1,False,False,False,False,0,healthy
143.381603619,mixed_pdv_loss_holdover,1610.0,1610.0,2781.0,-194.0,-866.3380543291447,6.0,2.0,1.5,0.0,0.0,0.0,20.0,4,918,Sync,22.10046056962104,c29a38.fffe.b34e68,128,248,254,65535,128,1,160,BOOTING,-1,False,False,False,False,0,healthy
143.573809772,mixed_pdv_loss_holdover,879.0,879.0,2732.0,-243.0,-3803.208110616506,6.0,2.0,1.5,0.0,0.0,0.0,20.0,4,919,Sync,31.21648244008076,c29a38.fffe.b34e68,128,248,254,65535,128,1,160,BOOTING,-1,False,False,False,False,0,healthy
143.689770369,mixed_pdv_loss_holdover,1171.0,1171.0,2732.0,-243.0,2518.0967290122426,6.0,2.0,1.5,0.0,0.0,0.0,20.0,4,920,Sync,25.870856804920297,c29a38.fffe.b34e68,128,248,254,65535,128,1,160,BOOTING,-1,False,False,False,False,0,healthy
143.806033777,mixed_pdv_loss_holdover,1171.0,1171.0,2732.0,-243.0,0.0,6.0,2.0,1.5,0.0,0.0,0.0,20.0,4,921,Sync,0.0,c29a38.fffe.b34e68,128,248,254,65535,128,1,160,BOOTING,-1,False,False,False,False,0,healthy
143.922633662,mixed_pdv_loss_holdover,684.0,684.0,2684.0,-291.0,-4176.676503583194,6.0,2.0,1.5,0.0,0.0,0.0,20.0,4,922,Delay_Resp,34.3053511587942,c29a38.fffe.b34e68,128,248,254,65535,128,1,160,BOOTING,-1,False,False,False,False,0,healthy
144.040383502,mixed_pdv_loss_holdover,1025.0,1025.0,2684.0,-291.0,2895.969964800255,6.0,2.0,1.5,0.0,0.0,0.0,20.0,4,923,Sync,42.46290270968117,c29a38.fffe.b34e68,128,248,254,65535,128,1,160,BOOTING,-1,False,False,False,False,0,healthy
144.308580998,mixed_pdv_loss_holdover,1489.0,1489.0,2610.0,-365.0,1730.0683523160171,6.0,2.0,1.5,0.0,0.0,0.0,20.0,4,924,Sync,18.642977934439838,c29a38.fffe.b34e68,128,248,254,65535,128,1,160,BOOTING,-1,False,False,False,False,0,healthy
144.436037249,mixed_pdv_loss_holdover,1196.0,1196.0,2610.0,-365.0,-2298.8280111892796,6.0,2.0,1.5,0.0,0.0,0.0,20.0,4,925,Sync,23.53748816917351,c29a38.fffe.b34e68,128,248,254,65535,128,1,160,BOOTING,-1,False,False,False,False,0,healthy
144.65773063100002,mixed_pdv_loss_holdover,1294.0,1294.0,2610.0,-365.0,442.0519869194589,6.0,2.0,1.5,0.0,0.0,0.0,20.0,4,926,Sync,13.532203681207925,c29a38.fffe.b34e68,128,248,254,65535,128,1,160,BOOTING,-1,False,False,False,False,0,healthy
144.773420036,mixed_pdv_loss_holdover,3343.0,3343.0,2610.0,-365.0,17711.215646759465,6.0,2.0,1.5,0.0,0.0,0.0,20.0,4,927,Sync,25.931501679003606,c29a38.fffe.b34e68,128,248,254,65535,128,1,160,BOOTING,-1,False,False,False,False,0,healthy
144.88856256900002,mixed_pdv_loss_holdover,1488.0,1488.0,2610.0,-365.0,-16110.467189390603,6.0,2.0,1.5,0.0,0.0,0.0,20.0,4,928,Sync,26.05466391815192,c29a38.fffe.b34e68,128,248,254,65535,128,1,160,BOOTING,-1,False,False,False,False,0,healthy
145.03611728200002,mixed_pdv_loss_holdover,3928.0,3928.0,2610.0,-365.0,16536.239001731607,6.0,2.0,1.5,0.0,0.0,0.0,20.0,4,929,Sync,20.331441395571648,c29a38.fffe.b34e68,128,248,254,65535,128,1,160,BOOTING,-1,False,False,False,False,0,healthy
145.151435079,mixed_pdv_loss_holdover,1293.0,1293.0,2537.0,-438.0,-22849.89887554179,6.0,2.0,1.5,0.0,0.0,0.0,20.0,4,930,Sync,26.01506513344416,c29a38.fffe.b34e68,128,248,254,65535,128,1,160,BOOTING,-1,False,False,False,False,0,healthy
145.268476249,mixed_pdv_loss_holdover,879.0,879.0,2537.0,-438.0,-3537.2168613832573,6.0,2.0,1.5,0.0,0.0,0.0,20.0,4,931,Sync,25.63200624190766,c29a38.fffe.b34e68,128,248,254,65535,128,1,160,BOOTING,-1,False,False,False,False,0,healthy
145.468761757,mixed_pdv_loss_holdover,3197.0,3197.0,2561.0,-414.0,11573.478396649218,6.0,2.0,1.5,0.0,0.0,0.0,20.0,4,932,Delay_Resp,34.950107323789695,c29a38.fffe.b34e68,128,248,254,65535,128,1,160,BOOTING,-1,False,False,False,False,0,healthy
145.589250647,mixed_pdv_loss_holdover,-1487.0,-1487.0,2561.0,-410.5,-38874.95353306339,6.0,2.0,1.5,0.0,0.0,0.0,20.0,4,933,Sync,16.599040791231165,c29a38.fffe.b34e68,128,248,254,65535,128,1,160,BOOTING,-1,False,False,False,False,0,healthy
145.818440014,mixed_pdv_loss_holdover,3685.0,3685.0,2561.0,-398.0,22566.491926302668,6.0,2.0,1.5,0.0,0.0,0.0,20.0,4,934,Sync,21.816020810424078,c29a38.fffe.b34e68,128,248,254,65535,128,1,160,BOOTING,-1,False,False,False,False,0,healthy
145.99383636000002,mixed_pdv_loss_holdover,3099.0,3099.0,2610.0,-340.0,-3341.004606788983,6.0,2.0,1.5,0.0,0.0,0.0,20.0,4,935,Delay_Resp,22.805492196511832,c29a38.fffe.b34e68,128,248,254,65535,128,1,160,BOOTING,-1,False,False,False,False,0,healthy
146.11054359000002,mixed_pdv_loss_holdover,903.0,903.0,2561.0,-382.5,-18816.31497894299,6.0,2.0,1.5,0.0,0.0,0.0,20.0,4,936,Sync,25.705348331889333,c29a38.fffe.b34e68,128,248,254,65535,128,1,160,BOOTING,-1,False,False,False,False,0,healthy
146.225652845,mixed_pdv_loss_holdover,1928.0,1928.0,2561.0,-367.5,8904.583736555867,6.0,2.0,1.5,0.0,0.0,0.0,20.0,4,937,Sync,17.374797534743156,c29a38.fffe.b34e68,128,248,254,65535,128,1,160,BOOTING,-1,False,False,False,False,0,healthy
146.34182305800002,mixed_pdv_loss_holdover,1538.0,1538.0,2561.0,-359.0,-3357.1428503792745,6.0,2.0,1.5,0.0,0.0,0.0,20.0,4,938,Sync,25.824175772148266,c29a38.fffe.b34e68,128,248,254,65535,128,1,160,BOOTING,-1,False,False,False,False,0,healthy
146.460236192,mixed_pdv_loss_holdover,1831.0,1831.0,2561.0,-359.0,2474.387680677811,6.0,2.0,1.5,0.0,0.0,0.0,20.0,4,939,Sync,25.335027447213086,c29a38.fffe.b34e68,128,248,254,65535,128,1,160,BOOTING,-1,False,False,False,False,0,healthy
146.66643357,mixed_pdv_loss_holdover,855.0,855.0,2513.0,-384.5,-4733.328859302655,6.0,2.0,1.5,0.0,0.0,0.0,20.0,4,940,Delay_Resp,19.39888876763383,c29a38.fffe.b34e68,128,248,254,65535,128,1,160,BOOTING,-1,False,False,False,False,0,healthy
146.79787494800001,mixed_pdv_loss_holdover,2463.0,2463.0,2513.0,-360.5,12233.590551674954,6.0,2.0,1.5,0.0,0.0,0.0,20.0,4,941,Sync,30.431817292723768,c29a38.fffe.b34e68,128,248,254,65535,128,1,160,BOOTING,-1,False,False,False,False,0,healthy
147.056838448,mixed_pdv_loss_holdover,3172.0,3172.0,3147.0,273.5,2737.8375717041945,6.0,2.0,1.5,0.0,0.0,0.0,20.0,4,942,Delay_Resp,27.03083639200192,c29a38.fffe.b34e68,128,248,254,65535,128,1,160,BOOTING,-1,False,False,False,False,0,healthy
147.247353432,mixed_pdv_loss_holdover,2294.0,2294.0,3074.0,200.5,-4608.5613927353015,6.0,2.0,1.5,0.0,0.0,0.0,20.0,4,943,Sync,31.4935858273483,c29a38.fffe.b34e68,128,248,254,65535,128,1,160,BOOTING,-1,False,False,False,False,0,healthy
147.364220898,mixed_pdv_loss_holdover,634.0,634.0,2879.0,5.5,-14204.124182858288,6.0,2.0,1.5,0.0,0.0,0.0,20.0,4,944,Sync,25.670103944924616,c29a38.fffe.b34e68,128,248,254,65535,128,1,160,BOOTING,-1,False,False,False,False,0,healthy
147.480406334,mixed_pdv_loss_holdover,1219.0,1219.0,2879.0,5.5,5035.054479633965,6.0,2.0,1.5,0.0,0.0,0.0,20.0,4,945,Sync,17.213861468834068,c29a38.fffe.b34e68,128,248,254,65535,128,1,160,BOOTING,-1,False,False,False,False,0,healthy
147.595432934,mixed_pdv_loss_holdover,1513.0,1513.0,2879.0,5.5,2555.930541283648,6.0,2.0,1.5,0.0,0.0,0.0,20.0,4,946,Sync,26.08092389064947,c29a38.fffe.b34e68,128,248,254,65535,128,1,160,BOOTING,-1,False,False,False,False,0,healthy
147.71282941500002,mixed_pdv_loss_holdover,927.0,927.0,2879.0,5.5,-4991.631733833048,6.0,2.0,1.5,0.0,0.0,0.0,20.0,4,947,Sync,25.554428671500247,c29a38.fffe.b34e68,128,248,254,65535,128,1,160,BOOTING,-1,False,False,False,False,0,healthy
147.830929493,mixed_pdv_loss_holdover,2000.0,2000.0,2879.0,5.5,9085.514744537435,6.0,2.0,1.5,0.0,0.0,0.0,20.0,4,948,Sync,16.93478983138385,c29a38.fffe.b34e68,128,248,254,65535,128,1,160,BOOTING,-1,False,False,False,False,0,healthy
148.00311818,mixed_pdv_loss_holdover,3562.0,3562.0,3171.0,297.5,9071.443816748024,6.0,2.0,1.5,0.0,0.0,0.0,20.0,4,949,Delay_Resp,23.2303298764354,c29a38.fffe.b34e68,128,248,254,65535,128,1,160,BOOTING,-1,False,False,False,False,0,healthy
148.155201282,mixed_pdv_loss_holdover,1610.0,1610.0,2879.0,5.5,-12835.088016549817,6.0,2.0,1.5,0.0,0.0,0.0,20.0,4,950,Sync,32.87676233747391,c29a38.fffe.b34e68,128,248,254,65535,128,1,160,BOOTING,-1,False,False,False,False,0,healthy
148.387912433,mixed_pdv_loss_holdover,2121.0,2121.0,2879.0,5.5,2195.855238582972,6.0,2.0,1.5,0.0,0.0,0.0,20.0,4,951,Delay_Resp,17.188690712978254,c29a38.fffe.b34e68,128,248,254,65535,128,1,160,BOOTING,-1,False,False,False,False,0,healthy
148.598532433,mixed_pdv_loss_holdover,-1236.0,-1236.0,3036.0,162.5,-15938.657297502172,6.0,2.0,1.5,0.0,0.0,0.0,20.0,4,952,Sync,23.739435951001152,c29a38.fffe.b34e68,128,248,254,65535,128,1,160,BOOTING,-1,False,False,False,False,0,healthy
148.71865773300001,mixed_pdv_loss_holdover,-2392.0,-2392.0,2792.0,-80.0,-9623.285019890753,6.0,2.0,1.5,0.0,0.0,0.0,20.0,4,953,Sync,24.97392306200022,c29a38.fffe.b34e68,128,248,254,65535,128,1,160,BOOTING,-1,False,False,False,False,0,healthy
148.83496523300002,mixed_pdv_loss_holdover,2108.0,2108.0,3050.0,178.0,38690.54016292853,6.0,2.0,1.5,0.0,0.0,0.0,20.0,4,954,Delay_Resp,34.391591255936476,c29a38.fffe.b34e68,128,248,254,65535,128,1,160,BOOTING,-1,False,False,False,False,0,healthy
148.951064833,mixed_pdv_loss_holdover,2550.0,2550.0,3050.0,178.0,3807.0759933717304,6.0,2.0,1.5,0.0,0.0,0.0,20.0,4,955,Sync,25.839882307952923,c29a38.fffe.b34e68,128,248,254,65535,128,1,160,BOOTING,-1,False,False,False,False,0,healthy
149.069049833,mixed_pdv_loss_holdover,2550.0,2550.0,3175.0,303.0,0.0,6.0,2.0,1.5,0.0,0.0,0.0,20.0,4,956,Sync,25.42696105437036,c29a38.fffe.b34e68,128,248,254,65535,128,1,160,BOOTING,-1,False,False,False,False,0,healthy
149.302304333,mixed_pdv_loss_holdover,1925.0,1925.0,3175.0,303.0,-2679.4767089168067,6.0,2.0,1.5,0.0,0.0,0.0,20.0,4,957,Delay_Resp,17.148650937067565,c29a38.fffe.b34e68,128,248,254,65535,128,1,160,BOOTING,-1,False,False,False,False,0,healthy
149.432402333,mixed_pdv_loss_holdover,1025.0,1025.0,3175.0,303.0,-6917.861919475884,6.0,2.0,1.5,0.0,0.0,0.0,20.0,4,958,Sync,15.373026487724188,c29a38.fffe.b34e68,128,248,254,65535,128,1,160,BOOTING,-1,False,False,False,False,0,healthy
149.63847442,mixed_pdv_loss_holdover,-1576.0,-1576.0,3078.0,204.5,-12621.79675988848,6.0,2.0,1.5,0.0,0.0,0.0,20.0,4,959,Sync,29.116024820965354,c29a38.fffe.b34e68,128,248,254,65535,128,1,160,BOOTING,-1,False,False,False,False,0,healthy
149.75590015100002,mixed_pdv_loss_holdover,32906.0,32906.0,3128.0,254.5,293649.4387247412,6.0,2.0,1.5,0.0,0.0,0.0,20.0,4,960,Delay_Resp,34.06408430192462,c29a38.fffe.b34e68,128,248,254,65535,128,1,160,BOOTING,-1,False,False,False,False,0,healthy
149.8713198,mixed_pdv_loss_holdover,814.0,814.0,3128.0,254.5,-278046.2449682467,6.0,2.0,1.5,0.0,0.0,0.0,20.0,4,961,Sync,17.328072103218666,c29a38.fffe.b34e68,128,248,254,65535,128,1,160,BOOTING,-1,False,False,False,False,0,healthy
150.054984389,mixed_pdv_loss_holdover,252.0,252.0,3128.0,251.0,-3059.92572144669,6.0,2.0,1.5,0.0,0.0,0.0,20.0,4,962,Sync,16.334123068220766,c29a38.fffe.b34e68,128,248,254,65535,128,1,160,BOOTING,-1,False,False,False,False,0,healthy
150.171324658,mixed_pdv_loss_holdover,1378.0,1378.0,3128.0,249.0,9678.506072561573,6.0,2.0,1.5,0.0,0.0,0.0,20.0,4,963,Sync,42.9773804287814,c29a38.fffe.b34e68,128,248,254,65535,128,1,160,BOOTING,-1,False,False,False,False,0,healthy
150.360521315,mixed_pdv_loss_holdover,1096.0,1096.0,2769.0,-110.0,-1490.5125939936938,6.0,2.0,1.5,0.0,0.0,0.0,20.0,4,964,Delay_Resp,21.14202260983963,c29a38.fffe.b34e68,128,248,254,65535,128,1,160,BOOTING,-1,False,False,False,False,0,healthy
150.52748803,mixed_pdv_loss_holdover,-1454.0,-1454.0,2651.0,-228.0,-15272.505061862095,6.0,2.0,1.5,0.0,0.0,0.0,20.0,4,965,Delay_Resp,23.956870685273874,c29a38.fffe.b34e68,128,248,254,65535,128,1,160,BOOTING,-1,False,False,False,False,0,healthy
150.649405616,mixed_pdv_loss_holdover,2630.0,2630.0,2440.0,-439.0,33498.03858485327,6.0,2.0,1.5,0.0,0.0,0.0,20.0,4,966,Sync,24.606786423741383,c29a38.fffe.b34e68,128,248,254,65535,128,1,160,BOOTING,-1,False,False,False,False,0,healthy
150.78288421300002,mixed_pdv_loss_holdover,3944.0,3944.0,2769.0,-110.0,9844.274884008493,6.0,2.0,1.5,0.0,0.0,0.0,20.0,4,967,Delay_Resp,29.96735124507913,c29a38.fffe.b34e68,128,248,254,65535,128,1,160,BOOTING,-1,False,False,False,False,0,healthy
150.903212235,mixed_pdv_loss_holdover,3990.0,3990.0,2769.0,-110.0,382.28834177962113,6.0,2.0,1.5,0.0,0.0,0.0,20.0,4,968,Sync,33.24246450257575,c29a38.fffe.b34e68,128,248,254,65535,128,1,160,BOOTING,-1,False,False,False,False,0,healthy
151.089602821,mixed_pdv_loss_holdover,2089.0,2089.0,2886.0,7.0,-10199.0129480044,6.0,2.0,1.5,0.0,0.0,0.0,20.0,4,969,Sync,26.825389132047345,c29a38.fffe.b34e68,128,248,254,65535,128,1,160,BOOTING,-1,False,False,False,False,0,healthy
151.30766253500002,mixed_pdv_loss_holdover,1362.0,1362.0,3144.0,265.0,-3333.94915853156,6.0,2.0,1.5,0.0,0.0,0.0,20.0,4,970,Delay_Resp,18.343599221631692,c29a38.fffe.b34e68,128,248,254,65535,128,1,160,BOOTING,-1,False,False,False,False,0,healthy
151.428326343,mixed_pdv_loss_holdover,3051.0,3051.0,3402.0,523.0,13997.569179982722,6.0,2.0,1.5,0.0,0.0,0.0,20.0,4,971,Sync,24.862467460004833,c29a38.fffe.b34e68,128,248,254,65535,128,1,160,BOOTING,-1,False,False,False,False,0,healthy
151.54343414500002,mixed_pdv_loss_holdover,-23.0,-23.0,3402.0,523.0,-26705.400907574418,6.0,2.0,1.5,0.0,0.0,0.0,20.0,4,972,Sync,17.37501685593651,c29a38.fffe.b34e68,128,248,254,65535,128,1,160,BOOTING,-1,False,False,False,False,0,healthy
151.65918836,mixed_pdv_loss_holdover,1949.0,1949.0,3496.0,617.0,17036.096698511745,6.0,2.0,1.5,0.0,0.0,0.0,20.0,4,973,Delay_Resp,34.55597707608874,c29a38.fffe.b34e68,128,248,254,65535,128,1,160,BOOTING,-1,False,False,False,False,0,healthy
151.87787853,mixed_pdv_loss_holdover,635.0,635.0,3496.0,617.0,-6008.500519250532,6.0,2.0,1.5,0.0,0.0,0.0,20.0,4,974,Sync,22.863396191973106,c29a38.fffe.b34e68,128,248,254,65535,128,1,160,BOOTING,-1,False,False,False,False,0,healthy
151.997047025,mixed_pdv_loss_holdover,2512.0,2512.0,3496.0,617.0,15750.807291810237,6.0,2.0,1.5,0.0,0.0,0.0,20.0,4,975,Sync,16.782959288023694,c29a38.fffe.b34e68,128,248,254,65535,128,1,160,BOOTING,-1,False,False,False,False,0,healthy
152.18721705800002,mixed_pdv_loss_holdover,775.0,775.0,3402.0,523.0,-9133.931211968922,6.0,2.0,1.5,0.0,0.0,0.0,20.0,4,976,Delay_Resp,21.033808202576676,c29a38.fffe.b34e68,128,248,254,65535,128,1,160,BOOTING,-1,False,False,False,False,0,healthy
152.30329964400002,mixed_pdv_loss_holdover,446.0,446.0,3402.0,523.0,-2834.1891005080392,6.0,2.0,1.5,0.0,0.0,0.0,20.0,4,977,Sync,17.2291130729972,c29a38.fffe.b34e68,128,248,254,65535,128,1,160,BOOTING,-1,False,False,False,False,0,healthy
152.41911591000002,mixed_pdv_loss_holdover,1197.0,1197.0,3051.0,172.0,6484.4086753757565,6.0,2.0,1.5,0.0,0.0,0.0,20.0,4,978,Delay_Resp,34.53746298469111,c29a38.fffe.b34e68,128,248,254,65535,128,1,160,BOOTING,-1,False,False,False,False,0,healthy
152.576901405,mixed_pdv_loss_holdover,2112.0,2112.0,3051.0,172.0,5799.01213353033,6.0,2.0,1.5,0.0,0.0,0.0,20.0,4,979,Sync,25.350872714886687,c29a38.fffe.b34e68,128,248,254,65535,128,1,160,BOOTING,-1,False,False,False,False,0,healthy
152.695015323,mixed_pdv_loss_holdover,1432.0,1432.0,2980.0,101.0,-5757.1538690297775,6.0,2.0,1.5,0.0,0.0,0.0,20.0,4,980,Sync,25.399208245719606,c29a38.fffe.b34e68,128,248,254,65535,128,1,160,BOOTING,-1,False,False,False,False,0,healthy
152.88302757600002,mixed_pdv_loss_holdover,2347.0,2347.0,3004.0,125.0,4866.704086567951,6.0,2.0,1.5,0.0,0.0,0.0,20.0,4,981,Delay_Resp,31.912813682412793,c29a38.fffe.b34e68,128,248,254,65535,128,1,160,BOOTING,-1,False,False,False,False,0,healthy
153.05600277000002,mixed_pdv_loss_holdover,2065.0,2065.0,3145.0,266.0,-1630.2915665467929,6.0,2.0,1.5,0.0,0.0,0.0,20.0,4,982,Sync,34.68705460737857,c29a38.fffe.b34e68,128,248,254,65535,128,1,160,BOOTING,-1,False,False,False,False,0,healthy
153.22627111600002,mixed_pdv_loss_holdover,2487.0,2487.0,3145.0,266.0,2478.4407079399202,6.0,2.0,1.5,0.0,0.0,0.0,20.0,4,983,Sync,17.619246738909386,c29a38.fffe.b34e68,128,248,254,65535,128,1,160,BOOTING,-1,False,False,False,False,0,healthy
153.346908076,mixed_pdv_loss_holdover,-1995.0,-1995.0,3215.0,336.0,-37152.79297489404,6.0,2.0,1.5,0.0,0.0,0.0,20.0,4,984,Delay_Resp,41.44666775423253,c29a38.fffe.b34e68,128,248,254,65535,128,1,160,BOOTING,-1,False,False,False,False,0,healthy
153.529308937,mixed_pdv_loss_holdover,2887.0,2887.0,3355.0,476.0,26765.224534769313,6.0,2.0,1.5,0.0,0.0,0.0,20.0,4,985,Delay_Resp,21.92972104446482,c29a38.fffe.b34e68,128,248,254,65535,128,1,160,BOOTING,-1,False,False,False,False,0,healthy
153.691266272,mixed_pdv_loss_holdover,1339.0,1339.0,3262.0,383.0,-9558.072809730384,6.0,2.0,1.5,0.0,0.0,0.0,20.0,4,986,Sync,18.523396918082142,c29a38.fffe.b34e68,128,248,254,65535,128,1,160,BOOTING,-1,False,False,False,False,0,healthy
153.805782951,mixed_pdv_loss_holdover,587.0,587.0,3262.0,383.0,-6566.729026433453,6.0,2.0,1.5,0.0,0.0,0.0,20.0,4,987,Sync,26.197057286303668,c29a38.fffe.b34e68,128,248,254,65535,128,1,160,BOOTING,-1,False,False,False,False,0,healthy
153.922761091,mixed_pdv_loss_holdover,775.0,775.0,2863.0,-16.0,1607.13788063288,6.0,2.0,1.5,0.0,0.0,0.0,20.0,4,988,Sync,25.645817244141703,c29a38.fffe.b34e68,128,248,254,65535,128,1,160,BOOTING,-1,False,False,False,False,0,healthy
154.040350819,mixed_pdv_loss_holdover,610.0,610.0,2863.0,-16.0,-1403.1837882984287,6.0,2.0,1.5,0.0,0.0,0.0,20.0,4,989,Sync,17.008288343011255,c29a38.fffe.b34e68,128,248,254,65535,128,1,160,BOOTING,-1,False,False,False,False,0,healthy
154.268096042,mixed_pdv_loss_holdover,1690.0,1690.0,2722.0,-157.0,4742.141177643944,6.0,2.0,1.5,0.0,0.0,0.0,20.0,4,990,Delay_Resp,30.736100225470008,c29a38.fffe.b34e68,128,248,254,65535,128,1,160,BOOTING,-1,False,False,False,False,0,healthy
154.402673337,mixed_pdv_loss_holdover,2065.0,2065.0,3003.0,124.0,2786.5027306423513,6.0,2.0,1.5,0.0,0.0,0.0,20.0,4,991,Delay_Resp,44.58404369027762,c29a38.fffe.b34e68,128,248,254,65535,128,1,160,BOOTING,-1,False,False,False,False,0,healthy
154.588643275,mixed_pdv_loss_holdover,2536.0,2536.0,3003.0,120.5,2532.667403481101,6.0,2.0,1.5,0.0,0.0,0.0,20.0,4,992,Sync,26.886065854364126,c29a38.fffe.b34e68,128,248,254,65535,128,1,160,BOOTING,-1,False,False,False,False,0,healthy
154.761598942,mixed_pdv_loss_holdover,1033.0,1033.0,3003.0,100.0,-8690.088194681879,6.0,2.0,1.5,0.0,0.0,0.0,20.0,4,993,Sync,11.56365694568447,c29a38.fffe.b34e68,128,248,254,65535,128,1,160,BOOTING,-1,False,False,False,False,0,healthy
154.877895654,mixed_pdv_loss_holdover,940.0,940.0,3003.0,91.5,-799.6786701931345,6.0,2.0,1.5,0.0,0.0,0.0,20.0,4,994,Delay_Resp,42.993476892104006,c29a38.fffe.b34e68,128,248,254,65535,128,1,160,BOOTING,-1,False,False,False,False,0,healthy
154.99278069300001,mixed_pdv_loss_holdover,2114.0,2114.0,2862.0,-20.5,10218.911097727816,6.0,2.0,1.5,0.0,0.0,0.0,20.0,4,995,Sync,26.11306072673207,c29a38.fffe.b34e68,128,248,254,65535,128,1,160,BOOTING,-1,False,False,False,False,0,healthy
155.109108458,mixed_pdv_loss_holdover,-1548.0,-1548.0,2815.0,-64.0,-31480.016830033535,6.0,2.0,1.5,0.0,0.0,0.0,20.0,4,996,Sync,25.789200024604206,c29a38.fffe.b34e68,128,248,254,65535,128,1,160,BOOTING,-1,False,False,False,False,0,healthy
155.22667395800002,mixed_pdv_loss_holdover,-1515.0,-1515.0,2815.0,-64.0,280.6945915255465,6.0,2.0,1.5,0.0,0.0,0.0,20.0,4,997,Sync,17.011793425790696,c29a38.fffe.b34e68,128,248,254,65535,128,1,160,BOOTING,-1,False,False,False,False,0,healthy
155.487934958,mixed_pdv_loss_holdover,2237.0,2237.0,2863.0,-16.0,14361.117809394198,6.0,2.0,1.5,0.0,0.0,0.0,20.0,4,998,Delay_Resp,26.793130241407088,c29a38.fffe.b34e68,128,248,254,65535,128,1,160,BOOTING,-1,False,False,False,False,0,healthy
155.606510758,mixed_pdv_loss_holdover,2367.0,2367.0,2933.0,54.0,1096.3451226978666,6.0,2.0,1.5,0.0,0.0,0.0,20.0,4,999,Sync,25.300272062258458,c29a38.fffe.b34e68,128,248,254,65535,128,1,160,BOOTING,-1,False,False,False,False,0,healthy
155.814334658,mixed_pdv_loss_holdover,1661.0,1661.0,2939.0,60.0,-3397.106877505525,6.0,2.0,1.5,0.0,0.0,0.0,20.0,4,1000,Sync,14.435298346340758,c29a38.fffe.b34e68,128,248,254,65535,128,1,160,BOOTING,-1,False,False,False,False,0,healthy
155.93185085800002,mixed_pdv_loss_holdover,3361.0,3361.0,2939.0,60.0,14466.09063260925,6.0,2.0,1.5,0.0,0.0,0.0,20.0,4,1001,Sync,25.528395234016322,c29a38.fffe.b34e68,128,248,254,65535,128,1,160,BOOTING,-1,False,False,False,False,0,healthy
156.049078758,mixed_pdv_loss_holdover,1561.0,1561.0,2939.0,60.0,-15354.706516112374,6.0,2.0,1.5,0.0,0.0,0.0,20.0,4,1002,Sync,34.12157003580528,c29a38.fffe.b34e68,128,248,254,65535,128,1,160,BOOTING,-1,False,False,False,False,0,healthy
156.20964055800002,mixed_pdv_loss_holdover,1375.0,1375.0,3125.0,246.0,-1158.4324540456553,6.0,2.0,1.5,0.0,0.0,0.0,20.0,4,1003,Sync,18.684394420091213,c29a38.fffe.b34e68,128,248,254,65535,128,1,160,BOOTING,-1,False,False,False,False,0,healthy
156.326631058,mixed_pdv_loss_holdover,1675.0,1675.0,3125.0,246.0,2564.3107773711235,6.0,2.0,1.5,0.0,0.0,0.0,20.0,4,1004,Delay_Resp,34.19081036494832,c29a38.fffe.b34e68,128,248,254,65535,128,1,160,BOOTING,-1,False,False,False,False,0,healthy
156.516933958,mixed_pdv_loss_holdover,975.0,975.0,3125.0,246.0,-3678.3464676574963,6.0,2.0,1.5,0.0,0.0,0.0,20.0,4,1005,Sync,15.764342004246412,c29a38.fffe.b34e68,128,248,254,65535,128,1,160,BOOTING,-1,False,False,False,False,0,healthy
156.784857058,mixed_pdv_loss_holdover,2725.0,2725.0,3275.0,396.0,6531.724961379083,6.0,2.0,1.5,0.0,0.0,0.0,20.0,4,1006,Sync,22.39448558187114,c29a38.fffe.b34e68,128,248,254,65535,128,1,160,BOOTING,-1,False,False,False,False,0,healthy
156.904684158,mixed_pdv_loss_holdover,2450.0,2450.0,3500.0,621.0,-2294.9733407549643,6.0,2.0,1.5,0.0,0.0,0.0,20.0,4,1007,Delay_Resp,41.726788013726626,c29a38.fffe.b34e68,128,248,254,65535,128,1,160,BOOTING,-1,False,False,False,False,0,healthy
157.024323258,mixed_pdv_loss_holdover,1200.0,1200.0,3500.0,621.0,-10448.089295221998,6.0,2.0,1.5,0.0,0.0,0.0,20.0,4,1008,Sync,16.716942872355197,c29a38.fffe.b34e68,128,248,254,65535,128,1,160,BOOTING,-1,False,False,False,False,0,healthy
157.141094958,mixed_pdv_loss_holdover,1800.0,1800.0,3450.0,571.0,5138.231266651661,6.0,2.0,1.5,0.0,0.0,0.0,20.0,4,1009,Sync,25.691156333258302,c29a38.fffe.b34e68,128,248,254,65535,128,1,160,BOOTING,-1,False,False,False,False,0,healthy
157.260061658,mixed_pdv_loss_holdover,1850.0,1850.0,3450.0,571.0,420.28567658002976,6.0,2.0,1.5,0.0,0.0,0.0,20.0,4,1010,Sync,16.81142706320119,c29a38.fffe.b34e68,128,248,254,65535,128,1,160,BOOTING,-1,False,False,False,False,0,healthy
157.438694558,mixed_pdv_loss_holdover,901.0,901.0,3175.0,292.5,-5312.571200490043,6.0,2.0,1.5,0.0,0.0,0.0,20.0,4,1011,Sync,27.99036459689169,c29a38.fffe.b34e68,128,248,254,65535,128,1,160,BOOTING,-1,False,False,False,False,0,healthy
157.559429637,mixed_pdv_loss_holdover,901.0,901.0,3175.0,265.5,0.0,6.0,2.0,1.5,0.0,0.0,0.0,20.0,4,1012,Delay_Resp,8.282596974157974,c29a38.fffe.b34e68,128,248,254,65535,128,1,160,BOOTING,-1,False,False,False,False,0,healthy
157.734772384,mixed_pdv_loss_holdover,67.0,67.0,3175.0,239.0,-4756.398620810878,6.0,2.0,1.5,0.0,0.0,0.0,20.0,4,1013,Sync,22.81246340916488,c29a38.fffe.b34e68,128,248,254,65535,128,1,160,BOOTING,-1,False,False,False,False,0,healthy
157.956714009,mixed_pdv_loss_holdover,1364.0,1364.0,3175.0,236.0,5843.878992955932,6.0,2.0,1.5,0.0,0.0,0.0,20.0,4,1014,Sync,22.528446387648156,c29a38.fffe.b34e68,128,248,254,65535,128,1,160,BOOTING,-1,False,False,False,False,0,healthy
158.08601720000001,mixed_pdv_loss_holdover,1735.0,1735.0,3273.0,334.0,2869.2254006317908,6.0,2.0,1.5,0.0,0.0,0.0,20.0,4,1015,Delay_Resp,30.93504475074707,c29a38.fffe.b34e68,128,248,254,65535,128,1,160,BOOTING,-1,False,False,False,False,0,healthy
158.201696301,mixed_pdv_loss_holdover,895.0,895.0,3273.0,313.5,-7261.467220428341,6.0,2.0,1.5,0.0,0.0,0.0,20.0,4,1016,Sync,17.289207667686526,c29a38.fffe.b34e68,128,248,254,65535,128,1,160,BOOTING,-1,False,False,False,False,0,healthy
158.318186873,mixed_pdv_loss_holdover,895.0,895.0,3098.0,106.5,0.0,6.0,2.0,1.5,0.0,0.0,0.0,20.0,4,1017,Delay_Resp,8.58438569603701,c29a38.fffe.b34e68,128,248,254,65535,128,1,160,BOOTING,-1,False,False,False,False,0,healthy
158.433603729,mixed_pdv_loss_holdover,607.0,607.0,3098.0,95.0,-2495.30276582833,6.0,2.0,1.5,0.0,0.0,0.0,20.0,4,1018,Sync,34.656982858726806,c29a38.fffe.b34e68,128,248,254,65535,128,1,160,BOOTING,-1,False,False,False,False,0,healthy
158.599924332,mixed_pdv_loss_holdover,9519.0,9519.0,2894.0,-109.0,53583.25931514245,6.0,2.0,1.5,0.0,0.0,0.0,20.0,4,1019,Delay_Resp,24.049936855988534,c29a38.fffe.b34e68,128,248,254,65535,128,1,160,BOOTING,-1,False,False,False,False,0,healthy
158.714936749,mixed_pdv_loss_holdover,2664.0,2664.0,2894.0,-109.0,-59602.260162916515,6.0,2.0,1.5,0.0,0.0,0.0,20.0,4,1020,Sync,26.084140115061935,c29a38.fffe.b34e68,128,248,254,65535,128,1,160,BOOTING,-1,False,False,False,False,0,healthy
158.854126541,mixed_pdv_loss_holdover,1552.0,1552.0,2894.0,-109.0,-7989.091613845,6.0,2.0,1.5,0.0,0.0,0.0,20.0,4,1021,Sync,28.737739618147483,c29a38.fffe.b34e68,128,248,254,65535,128,1,160,BOOTING,-1,False,False,False,False,0,healthy
159.05582207,mixed_pdv_loss_holdover,3312.0,3312.0,2894.0,-109.0,8726.023867390495,6.0,2.0,1.5,0.0,0.0,0.0,20.0,4,1022,Sync,24.78984053235936,c29a38.fffe.b34e68,128,248,254,65535,128,1,160,BOOTING,-1,False,False,False,False,0,healthy
159.19904077500001,mixed_pdv_loss_holdover,996.0,996.0,2987.0,-16.0,-16171.072067715217,6.0,2.0,1.5,0.0,0.0,0.0,20.0,4,1023,Delay_Resp,27.929312724896747,c29a38.fffe.b34e68,128,248,254,65535,128,1,160,BOOTING,-1,False,False,False,False,0,healthy
159.413408213,mixed_pdv_loss_holdover,2478.0,2478.0,2987.0,-16.0,6913.363399902753,6.0,2.0,1.5,0.0,0.0,0.0,20.0,4,1024,Delay_Resp,18.65955033711944,c29a38.fffe.b34e68,128,248,254,65535,128,1,160,BOOTING,-1,False,False,False,False,0,healthy
159.58582336700002,mixed_pdv_loss_holdover,2571.0,2571.0,2987.0,-16.0,539.3957424414609,6.0,2.0,1.5,0.0,0.0,0.0,20.0,4,1025,Sync,34.79972531880393,c29a38.fffe.b34e68,128,248,254,65535,128,1,160,BOOTING,-1,False,False,False,False,0,healthy
159.70027831500002,mixed_pdv_loss_holdover,997.0,997.0,2987.0,-16.0,-13752.135905910925,6.0,2.0,1.5,0.0,0.0,0.0,20.0,4,1026,Sync,17.474124403952892,c29a38.fffe.b34e68,128,248,254,65535,128,1,160,BOOTING,-1,False,False,False,False,0,healthy
159.81526322000002,mixed_pdv_loss_holdover,997.0,997.0,2987.0,-16.0,0.0,6.0,2.0,1.5,0.0,0.0,0.0,20.0,4,1027,Delay_Resp,8.696793722619502,c29a38.fffe.b34e68,128,248,254,65535,128,1,160,BOOTING,-1,False,False,False,False,0,healthy
159.930650248,mixed_pdv_loss_holdover,3683.0,3683.0,2987.0,-16.0,23278.179935445736,6.0,2.0,1.5,0.0,0.0,0.0,20.0,4,1028,Sync,25.999456368703353,c29a38.fffe.b34e68,128,248,254,65535,128,1,160,BOOTING,-1,False,False,False,False,0,healthy
160.047084869,mixed_pdv_loss_holdover,-92.0,-92.0,3149.0,146.0,-32421.628271544098,6.0,2.0,1.5,0.0,0.0,0.0,20.0,4,1029,Sync,25.765532401227095,c29a38.fffe.b34e68,128,248,254,65535,128,1,160,BOOTING,-1,False,False,False,False,0,healthy
160.204540157,mixed_pdv_loss_holdover,1645.0,1645.0,3219.0,216.0,11031.703171506466,6.0,2.0,1.5,0.0,0.0,0.0,20.0,4,1030,Sync,38.10605586012596,c29a38.fffe.b34e68,128,248,254,65535,128,1,160,BOOTING,-1,False,False,False,False,0,healthy
160.345828841,mixed_pdv_loss_holdover,1043.0,1043.0,3219.0,215.5,-4260.780006981507,6.0,2.0,1.5,0.0,0.0,0.0,20.0,4,1031,Delay_Resp,56.6216612223456,c29a38.fffe.b34e68,128,248,254,65535,128,1,160,BOOTING,-1,False,False,False,False,0,healthy
160.59111756500002,mixed_pdv_loss_holdover,-2015.0,-2015.0,3219.0,199.0,-12466.940795859555,6.0,2.0,1.5,0.0,0.0,0.0,20.0,4,1032,Sync,8.153656504813313,c29a38.fffe.b34e68,128,248,254,65535,128,1,160,BOOTING,-1,False,False,False,False,0,healthy
160.757899947,mixed_pdv_loss_holdover,1043.0,1043.0,3219.0,176.0,18335.269968745102,6.0,2.0,1.5,0.0,0.0,0.0,20.0,4,1033,Sync,17.987511414727045,c29a38.fffe.b34e68,128,248,254,65535,128,1,160,BOOTING,-1,False,False,False,False,0,healthy
160.872841407,mixed_pdv_loss_holdover,764.0,764.0,3219.0,169.0,-2427.3225692450087,6.0,2.0,1.5,0.0,0.0,0.0,20.0,4,1034,Sync,34.800323573405144,c29a38.fffe.b34e68,128,248,254,65535,128,1,160,BOOTING,-1,False,False,False,False,0,healthy
160.986759451,mixed_pdv_loss_holdover,579.0,579.0,3219.0,168.5,-1623.9745127646067,6.0,2.0,1.5,0.0,0.0,0.0,20.0,4,1035,Sync,17.55648121907683,c29a38.fffe.b34e68,128,248,254,65535,128,1,160,BOOTING,-1,False,False,False,False,0,healthy
161.100804773,mixed_pdv_loss_holdover,1020.0,1020.0,3149.0,98.0,3866.883728909743,6.0,2.0,1.5,0.0,0.0,0.0,20.0,4,1036,Sync,26.305331489181924,c29a38.fffe.b34e68,128,248,254,65535,128,1,160,BOOTING,-1,False,False,False,False,0,healthy
161.333805277,mixed_pdv_loss_holdover,926.0,926.0,2964.0,-87.0,-403.4326037337369,6.0,2.0,1.5,0.0,0.0,0.0,20.0,4,1037,Sync,25.751017259600232,c29a38.fffe.b34e68,128,248,254,65535,128,1,160,BOOTING,-1,False,False,False,False,0,healthy
161.57719112200002,mixed_pdv_loss_holdover,2501.0,2501.0,2779.0,-272.0,6471.206244553629,6.0,2.0,1.5,0.0,0.0,0.0,20.0,4,1038,Sync,20.543511887471837,c29a38.fffe.b34e68,128,248,254,65535,128,1,160,BOOTING,-1,False,False,False,False,0,healthy
161.696583627,mixed_pdv_loss_holdover,2316.0,2316.0,2779.0,-272.0,-1549.5110015493215,6.0,2.0,1.5,0.0,0.0,0.0,20.0,4,1039,Sync,25.127205430529536,c29a38.fffe.b34e68,128,248,254,65535,128,1,160,BOOTING,-1,False,False,False,False,0,healthy
161.813212593,mixed_pdv_loss_holdover,2316.0,2316.0,2779.0,-272.0,0.0,6.0,2.0,1.5,0.0,0.0,0.0,20.0,4,1040,Delay_Resp,8.574199311686735,c29a38.fffe.b34e68,128,248,254,65535,128,1,160,BOOTING,-1,False,False,False,False,0,healthy
161.92767217300002,mixed_pdv_loss_holdover,3150.0,3150.0,2779.0,-272.0,7286.41499470715,6.0,2.0,1.5,0.0,0.0,0.0,20.0,4,1041,Sync,26.21012588024155,c29a38.fffe.b34e68,128,248,254,65535,128,1,160,BOOTING,-1,False,False,False,False,0,healthy
162.043709927,mixed_pdv_loss_holdover,38165.0,38165.0,2779.0,-271.5,301755.2373514833,6.0,2.0,1.5,0.0,0.0,0.0,20.0,4,1042,Sync,25.853654492487504,c29a38.fffe.b34e68,128,248,254,65535,128,1,160,BOOTING,-1,False,False,False,False,0,healthy
162.21839162700002,mixed_pdv_loss_holdover,982.0,982.0,2694.0,-356.0,-212861.45028356338,6.0,2.0,1.5,0.0,0.0,0.0,20.0,4,1043,Delay_Resp,45.79758497884805,c29a38.fffe.b34e68,128,248,254,65535,128,1,160,BOOTING,-1,False,False,False,False,0,healthy
162.337992027,mixed_pdv_loss_holdover,2006.0,2006.0,2694.0,-356.0,8561.844274768602,6.0,2.0,1.5,0.0,0.0,0.0,20.0,4,1044,Sync,16.722352099157426,c29a38.fffe.b34e68,128,248,254,65535,128,1,160,BOOTING,-1,False,False,False,False,0,healthy
162.542743527,mixed_pdv_loss_holdover,2175.0,2175.0,2925.0,-125.0,825.3907785779903,6.0,2.0,1.5,0.0,0.0,0.0,20.0,4,1045,Sync,14.65190731203533,c29a38.fffe.b34e68,128,248,254,65535,128,1,160,BOOTING,-1,False,False,False,False,0,healthy
162.71551922700002,mixed_pdv_loss_holdover,1799.0,1799.0,3101.0,50.5,-2176.2319585448854,6.0,2.0,1.5,0.0,0.0,0.0,20.0,4,1046,Sync,34.72710572146094,c29a38.fffe.b34e68,128,248,254,65535,128,1,160,BOOTING,-1,False,False,False,False,0,healthy
162.92337222700002,mixed_pdv_loss_holdover,750.0,750.0,3150.0,99.0,-5046.835985047123,6.0,2.0,1.5,0.0,0.0,0.0,20.0,4,1047,Sync,19.244369819054807,c29a38.fffe.b34e68,128,248,254,65535,128,1,160,BOOTING,-1,False,False,False,False,0,healthy
163.040216827,mixed_pdv_loss_holdover,450.0,450.0,3050.0,-1.0,-2567.5127477012543,6.0,2.0,1.5,0.0,0.0,0.0,20.0,4,1048,Sync,25.67512747701254,c29a38.fffe.b34e68,128,248,254,65535,128,1,160,BOOTING,-1,False,False,False,False,0,healthy
163.158050927,mixed_pdv_loss_holdover,2250.0,2250.0,3050.0,-0.5,15275.713906244824,6.0,2.0,1.5,0.0,0.0,0.0,20.0,4,1049,Sync,16.973015451383137,c29a38.fffe.b34e68,128,248,254,65535,128,1,160,BOOTING,-1,False,False,False,False,0,healthy
163.27377522700002,mixed_pdv_loss_holdover,850.0,850.0,3050.0,-0.5,-12097.718456710212,6.0,2.0,1.5,0.0,0.0,0.0,20.0,4,1050,Delay_Resp,34.56490987631489,c29a38.fffe.b34e68,128,248,254,65535,128,1,160,BOOTING,-1,False,False,False,False,0,healthy
163.439690227,mixed_pdv_loss_holdover,1250.0,1250.0,3050.0,-0.5,2410.8730373988997,6.0,2.0,1.5,0.0,0.0,0.0,20.0,4,1051,Sync,12.054365186994499,c29a38.fffe.b34e68,128,248,254,65535,128,1,160,BOOTING,-1,False,False,False,False,0,healthy
163.563147827,mixed_pdv_loss_holdover,650.0,650.0,3050.0,-0.5,-4859.968118609349,6.0,2.0,1.5,0.0,0.0,0.0,20.0,4,1052,Sync,40.499734321744576,c29a38.fffe.b34e68,128,248,254,65535,128,1,160,BOOTING,-1,False,False,False,False,0,healthy
163.791840527,mixed_pdv_loss_holdover,2550.0,2550.0,3200.0,149.0,8308.09203791775,6.0,2.0,1.5,0.0,0.0,0.0,20.0,4,1053,Delay_Resp,17.490720079826843,c29a38.fffe.b34e68,128,248,254,65535,128,1,160,BOOTING,-1,False,False,False,False,0,healthy
164.014689627,mixed_pdv_loss_holdover,2550.0,2550.0,2850.0,-201.0,0.0,6.0,2.0,1.5,0.0,0.0,0.0,20.0,4,1054,Delay_Resp,31.411390039270053,c29a38.fffe.b34e68,128,248,254,65535,128,1,160,BOOTING,-1,False,False,False,False,0,healthy
164.150116527,mixed_pdv_loss_holdover,3850.0,3850.0,2850.0,-201.0,9599.27459020336,6.0,2.0,1.5,0.0,0.0,0.0,20.0,4,1055,Sync,22.152172131238526,c29a38.fffe.b34e68,128,248,254,65535,128,1,160,BOOTING,-1,False,False,False,False,0,healthy
164.269482127,mixed_pdv_loss_holdover,1275.0,1275.0,3200.0,149.0,-21572.379311960958,6.0,2.0,1.5,0.0,0.0,0.0,20.0,4,1056,Delay_Resp,50.265738202627475,c29a38.fffe.b34e68,128,248,254,65535,128,1,160,BOOTING,-1,False,False,False,False,0,healthy
164.389282927,mixed_pdv_loss_holdover,800.0,800.0,3200.0,149.0,-3964.915092386455,6.0,2.0,1.5,0.0,0.0,0.0,20.0,4,1057,Sync,16.694379336364022,c29a38.fffe.b34e68,128,248,254,65535,128,1,160,BOOTING,-1,False,False,False,False,0,healthy
164.50774472700002,mixed_pdv_loss_holdover,2000.0,2000.0,3200.0,149.0,10129.847765270679,6.0,2.0,1.5,0.0,0.0,0.0,20.0,4,1058,Sync,25.324619413176695,c29a38.fffe.b34e68,128,248,254,65535,128,1,160,BOOTING,-1,False,False,False,False,0,healthy
164.710662727,mixed_pdv_loss_holdover,1200.0,1200.0,3200.0,149.0,-3942.479228062905,6.0,2.0,1.5,0.0,0.0,0.0,20.0,4,1059,Sync,24.640495175393156,c29a38.fffe.b34e68,128,248,254,65535,128,1,160,BOOTING,-1,False,False,False,False,0,healthy
164.900007527,mixed_pdv_loss_holdover,1400.0,1400.0,3200.0,149.0,1056.274056641557,6.0,2.0,1.5,0.0,0.0,0.0,20.0,4,1060,Sync,21.125481132831144,c29a38.fffe.b34e68,128,248,254,65535,128,1,160,BOOTING,-1,False,False,False,False,0,healthy
165.020220427,mixed_pdv_loss_holdover,1700.0,1700.0,3275.0,224.0,2495.5724385655712,6.0,2.0,1.5,0.0,0.0,0.0,20.0,4,1061,Sync,24.955724385655714,c29a38.fffe.b34e68,128,248,254,65535,128,1,160,BOOTING,-1,False,False,False,False,0,healthy
165.140993127,mixed_pdv_loss_holdover,625.0,625.0,3275.0,224.0,-8901.018193680937,6.0,2.0,1.5,0.0,0.0,0.0,20.0,4,1062,Sync,24.84005077306308,c29a38.fffe.b34e68,128,248,254,65535,128,1,160,BOOTING,-1,False,False,False,False,0,healthy
165.26404052700002,mixed_pdv_loss_holdover,3725.0,3725.0,3275.0,224.0,25193.543301195572,6.0,2.0,1.5,0.0,0.0,0.0,20.0,4,1063,Sync,24.380848355995717,c29a38.fffe.b34e68,128,248,254,65535,128,1,160,BOOTING,-1,False,False,False,False,0,healthy
165.532658214,mixed_pdv_loss_holdover,2825.0,2825.0,3275.0,200.5,-3350.4867458710532,6.0,2.0,1.5,0.0,0.0,0.0,20.0,4,1064,Sync,18.613815254839185,c29a38.fffe.b34e68,128,248,254,65535,128,1,160,BOOTING,-1,False,False,False,False,0,healthy
165.65289660800002,mixed_pdv_loss_holdover,1709.0,1709.0,3275.0,177.0,-9281.561096033023,6.0,2.0,1.5,0.0,0.0,0.0,20.0,4,1065,Sync,24.950433053852215,c29a38.fffe.b34e68,128,248,254,65535,128,1,160,BOOTING,-1,False,False,False,False,0,healthy
165.87096543,mixed_pdv_loss_holdover,271.0,271.0,3275.0,175.5,-6594.248489130882,6.0,2.0,1.5,0.0,0.0,0.0,20.0,4,1066,Sync,22.928541339119896,c29a38.fffe.b34e68,128,248,254,65535,128,1,160,BOOTING,-1,False,False,False,False,0,healthy
165.987916402,mixed_pdv_loss_holdover,367.0,367.0,3275.0,162.0,820.8567945892178,6.0,2.0,1.5,0.0,0.0,0.0,20.0,4,1067,Sync,17.101183220608704,c29a38.fffe.b34e68,128,248,254,65535,128,1,160,BOOTING,-1,False,False,False,False,0,healthy
166.102395842,mixed_pdv_loss_holdover,84.0,84.0,3175.0,50.0,-2472.0596117521914,6.0,2.0,1.5,0.0,0.0,0.0,20.0,4,1068,Delay_Resp,34.940771897557475,c29a38.fffe.b34e68,128,248,254,65535,128,1,160,BOOTING,-1,False,False,False,False,0,healthy
166.295716852,mixed_pdv_loss_holdover,1042.0,1042.0,3050.0,-75.0,4955.48828345131,6.0,2.0,1.5,0.0,0.0,0.0,20.0,4,1069,Sync,15.518230532728527,c29a38.fffe.b34e68,128,248,254,65535,128,1,160,BOOTING,-1,False,False,False,False,0,healthy
166.418343493,mixed_pdv_loss_holdover,1647.0,1647.0,3050.0,-63.0,4933.675056792487,6.0,2.0,1.5,0.0,0.0,0.0,20.0,4,1070,Sync,16.309669609231364,c29a38.fffe.b34e68,128,248,254,65535,128,1,160,BOOTING,-1,False,False,False,False,0,healthy
166.540415505,mixed_pdv_loss_holdover,2605.0,2605.0,3300.0,187.0,7847.826740171051,6.0,2.0,1.5,0.0,0.0,0.0,20.0,4,1071,Delay_Resp,32.767543800296664,c29a38.fffe.b34e68,128,248,254,65535,128,1,160,BOOTING,-1,False,False,False,False,0,healthy
166.658973816,mixed_pdv_loss_holdover,2642.0,2642.0,3585.0,472.0,312.0827185197944,6.0,2.0,1.5,0.0,0.0,0.0,20.0,4,1072,Sync,25.304004204307656,c29a38.fffe.b34e68,128,248,254,65535,128,1,160,BOOTING,-1,False,False,False,False,0,healthy
166.884472762,mixed_pdv_loss_holdover,1678.0,1678.0,3330.0,217.0,-4274.964549058481,6.0,2.0,1.5,0.0,0.0,0.0,20.0,4,1073,Sync,31.042273696482745,c29a38.fffe.b34e68,128,248,254,65535,128,1,160,BOOTING,-1,False,False,False,False,0,healthy
167.000770869,mixed_pdv_loss_holdover,1558.0,1558.0,3330.0,217.0,-1031.8310684110625,6.0,2.0,1.5,0.0,0.0,0.0,20.0,4,1074,Sync,17.19718447351771,c29a38.fffe.b34e68,128,248,254,65535,128,1,160,BOOTING,-1,False,False,False,False,0,healthy
167.194414766,mixed_pdv_loss_holdover,2516.0,2516.0,3498.0,385.0,4947.225370082613,6.0,2.0,1.5,0.0,0.0,0.0,20.0,4,1075,Delay_Resp,20.656473361514045,c29a38.fffe.b34e68,128,248,254,65535,128,1,160,BOOTING,-1,False,False,False,False,0,healthy
167.310148277,mixed_pdv_loss_holdover,1870.0,1870.0,3498.0,385.0,-5581.788666205669,6.0,2.0,1.5,0.0,0.0,0.0,20.0,4,1076,Sync,25.92161919290558,c29a38.fffe.b34e68,128,248,254,65535,128,1,160,BOOTING,-1,False,False,False,False,0,healthy
167.42596584,mixed_pdv_loss_holdover,240.0,240.0,3498.0,385.0,-14073.858556321866,6.0,2.0,1.5,0.0,0.0,0.0,20.0,4,1077,Sync,17.2685381059164,c29a38.fffe.b34e68,128,248,254,65535,128,1,160,BOOTING,-1,False,False,False,False,0,healthy
167.614891898,mixed_pdv_loss_holdover,2348.0,2348.0,3546.0,421.0,11157.804393505532,6.0,2.0,1.5,0.0,0.0,0.0,20.0,4,1078,Sync,31.758456528004363,c29a38.fffe.b34e68,128,248,254,65535,128,1,160,BOOTING,-1,False,False,False,False,0,healthy
167.77228646400002,mixed_pdv_loss_holdover,3043.0,3043.0,3570.0,445.0,4415.654349845235,6.0,2.0,1.5,0.0,0.0,0.0,20.0,4,1079,Delay_Resp,25.413837984720775,c29a38.fffe.b34e68,128,248,254,65535,128,1,160,BOOTING,-1,False,False,False,False,0,healthy
167.996740365,mixed_pdv_loss_holdover,1510.0,1510.0,3570.0,435.0,-6829.910254044402,6.0,2.0,1.5,0.0,0.0,0.0,20.0,4,1080,Delay_Resp,31.18680481298814,c29a38.fffe.b34e68,128,248,254,65535,128,1,160,BOOTING,-1,False,False,False,False,0,healthy
168.289440778,mixed_pdv_loss_holdover,2611.0,2611.0,3522.0,377.0,3761.5252698669015,6.0,2.0,1.5,0.0,0.0,0.0,20.0,4,1081,Sync,17.082312760521805,c29a38.fffe.b34e68,128,248,254,65535,128,1,160,BOOTING,-1,False,False,False,False,0,healthy
168.40851835200002,mixed_pdv_loss_holdover,1558.0,1558.0,3307.0,160.0,-8842.97491650154,6.0,2.0,1.5,0.0,0.0,0.0,20.0,4,1082,Delay_Resp,33.59154764103149,c29a38.fffe.b34e68,128,248,254,65535,128,1,160,BOOTING,-1,False,False,False,False,0,healthy
168.52527611,mixed_pdv_loss_holdover,1174.0,1174.0,3331.0,182.0,-3288.8606853865326,6.0,2.0,1.5,0.0,0.0,0.0,20.0,4,1083,Sync,25.694224104582286,c29a38.fffe.b34e68,128,248,254,65535,128,1,160,BOOTING,-1,False,False,False,False,0,healthy
168.640846309,mixed_pdv_loss_holdover,-2229.0,-2229.0,3283.0,134.0,-29445.30708993124,6.0,2.0,1.5,0.0,0.0,0.0,20.0,4,1084,Sync,25.95824897731229,c29a38.fffe.b34e68,128,248,254,65535,128,1,160,BOOTING,-1,False,False,False,False,0,healthy
168.759789995,mixed_pdv_loss_holdover,1509.0,1509.0,3211.0,62.0,31426.636635425744,6.0,2.0,1.5,0.0,0.0,0.0,20.0,4,1085,Sync,25.222019771609748,c29a38.fffe.b34e68,128,248,254,65535,128,1,160,BOOTING,-1,False,False,False,False,0,healthy
168.881485258,mixed_pdv_loss_holdover,1390.0,1390.0,3211.0,62.0,-977.8523589698598,6.0,2.0,1.5,0.0,0.0,0.0,20.0,4,1086,Sync,32.86898685612974,c29a38.fffe.b34e68,128,248,254,65535,128,1,160,BOOTING,-1,False,False,False,False,0,healthy
169.091048054,mixed_pdv_loss_holdover,1485.0,1485.0,3211.0,62.0,453.32473995050117,6.0,2.0,1.5,0.0,0.0,0.0,20.0,4,1087,Sync,23.85919683950006,c29a38.fffe.b34e68,128,248,254,65535,128,1,160,BOOTING,-1,False,False,False,False,0,healthy
169.34353048,mixed_pdv_loss_holdover,1582.0,1582.0,3187.0,37.5,384.1851551283807,6.0,2.0,1.5,0.0,0.0,0.0,20.0,4,1088,Sync,23.76403021412664,c29a38.fffe.b34e68,128,248,254,65535,128,1,160,BOOTING,-1,False,False,False,False,0,healthy
169.53903885600002,mixed_pdv_loss_holdover,1126.0,1126.0,3187.0,24.5,-2332.3808899110886,6.0,2.0,1.5,0.0,0.0,0.0,20.0,4,1089,Sync,10.229740745224074,c29a38.fffe.b34e68,128,248,254,65535,128,1,160,BOOTING,-1,False,False,False,False,0,healthy
169.656366001,mixed_pdv_loss_holdover,1701.0,1701.0,3186.0,11.0,4900.826658656427,6.0,2.0,1.5,0.0,0.0,0.0,20.0,4,1090,Delay_Resp,34.0927071906534,c29a38.fffe.b34e68,128,248,254,65535,128,1,160,BOOTING,-1,False,False,False,False,0,healthy
169.77633278300002,mixed_pdv_loss_holdover,648.0,648.0,3186.0,11.0,-8777.429738841776,6.0,2.0,1.5,0.0,0.0,0.0,20.0,4,1091,Sync,16.67128155525504,c29a38.fffe.b34e68,128,248,254,65535,128,1,160,BOOTING,-1,False,False,False,False,0,healthy
169.892715805,mixed_pdv_loss_holdover,1414.0,1414.0,3162.0,-13.0,6581.716016964526,6.0,2.0,1.5,0.0,0.0,0.0,20.0,4,1092,Sync,25.776955680017725,c29a38.fffe.b34e68,128,248,254,65535,128,1,160,BOOTING,-1,False,False,False,False,0,healthy
170.168779761,mixed_pdv_loss_holdover,-1845.0,-1845.0,2827.0,-348.0,-11805.23545058516,6.0,2.0,1.5,0.0,0.0,0.0,20.0,4,1093,Delay_Resp,28.978792146266116,c29a38.fffe.b34e68,128,248,254,65535,128,1,160,BOOTING,-1,False,False,False,False,0,healthy
170.35073563400002,mixed_pdv_loss_holdover,36372.0,36372.0,2827.0,-348.0,210034.44060305535,6.0,2.0,1.5,0.0,0.0,0.0,20.0,4,1094,Sync,27.479189968215106,c29a38.fffe.b34e68,128,248,254,65535,128,1,160,BOOTING,-1,False,False,False,False,0,healthy
170.488981384,mixed_pdv_loss_holdover,1390.0,1390.0,2779.0,-396.0,-253042.13691925176,6.0,2.0,1.5,0.0,0.0,0.0,20.0,4,1095,Delay_Resp,28.933981695643674,c29a38.fffe.b34e68,128,248,254,65535,128,1,160,BOOTING,-1,False,False,False,False,0,healthy
170.606661989,mixed_pdv_loss_holdover,2013.0,2013.0,2923.0,-252.0,5293.990458325562,6.0,2.0,1.5,0.0,0.0,0.0,20.0,4,1096,Sync,25.492730938967394,c29a38.fffe.b34e68,128,248,254,65535,128,1,160,BOOTING,-1,False,False,False,False,0,healthy
170.72422394400002,mixed_pdv_loss_holdover,3690.0,3690.0,2923.0,-252.0,14264.818920371023,6.0,2.0,1.5,0.0,0.0,0.0,20.0,4,1097,Sync,17.012306404735867,c29a38.fffe.b34e68,128,248,254,65535,128,1,160,BOOTING,-1,False,False,False,False,0,healthy
170.839108597,mixed_pdv_loss_holdover,-1772.0,-1772.0,2923.0,-252.0,-47543.33896974448,6.0,2.0,1.5,0.0,0.0,0.0,20.0,4,1098,Sync,34.817531285056376,c29a38.fffe.b34e68,128,248,254,65535,128,1,160,BOOTING,-1,False,False,False,False,0,healthy
171.013023748,mixed_pdv_loss_holdover,1917.0,1917.0,2779.0,-396.0,21211.49295382691,6.0,2.0,1.5,0.0,0.0,0.0,20.0,4,1099,Sync,17.2497909627218,c29a38.fffe.b34e68,128,248,254,65535,128,1,160,BOOTING,-1,False,False,False,False,0,healthy
171.128934851,mixed_pdv_loss_holdover,2204.0,2204.0,2971.0,-204.0,2476.035449339095,6.0,2.0,1.5,0.0,0.0,0.0,20.0,4,1100,Sync,25.881903651628175,c29a38.fffe.b34e68,128,248,254,65535,128,1,160,BOOTING,-1,False,False,False,False,0,healthy
171.357058732,mixed_pdv_loss_holdover,2609.0,2609.0,3091.0,-84.0,1775.3511742156068,6.0,2.0,1.5,0.0,0.0,0.0,20.0,4,1101,Sync,21.917915731056876,c29a38.fffe.b34e68,128,248,254,65535,128,1,160,BOOTING,-1,False,False,False,False,0,healthy
171.52213943200002,mixed_pdv_loss_holdover,3862.0,3862.0,3138.0,-37.0,7590.227082875026,6.0,2.0,1.5,0.0,0.0,0.0,20.0,4,1102,Sync,18.172929966979314,c29a38.fffe.b34e68,128,248,254,65535,128,1,160,BOOTING,-1,False,False,False,False,0,healthy
171.693826532,mixed_pdv_loss_holdover,2162.0,2162.0,3306.0,131.0,-9901.73402661087,6.0,2.0,1.5,0.0,0.0,0.0,20.0,4,1103,Sync,17.473648282254477,c29a38.fffe.b34e68,128,248,254,65535,128,1,160,BOOTING,-1,False,False,False,False,0,healthy
171.82081593200002,mixed_pdv_loss_holdover,1894.0,1894.0,3425.0,250.0,-2110.4123651263126,6.0,2.0,1.5,0.0,0.0,0.0,20.0,4,1104,Delay_Resp,47.248038025215955,c29a38.fffe.b34e68,128,248,254,65535,128,1,160,BOOTING,-1,False,False,False,False,0,healthy
171.93821783200002,mixed_pdv_loss_holdover,-1725.0,-1725.0,3350.0,169.5,-30825.736210400893,6.0,2.0,1.5,0.0,0.0,0.0,20.0,4,1105,Sync,25.55324913821572,c29a38.fffe.b34e68,128,248,254,65535,128,1,160,BOOTING,-1,False,False,False,False,0,healthy
172.054442232,mixed_pdv_loss_holdover,1075.0,1075.0,3425.0,244.5,24091.326778199487,6.0,2.0,1.5,0.0,0.0,0.0,20.0,4,1106,Sync,51.624271667570326,c29a38.fffe.b34e68,128,248,254,65535,128,1,160,BOOTING,-1,False,False,False,False,0,healthy
172.237130032,mixed_pdv_loss_holdover,1550.0,1550.0,3350.0,169.5,2600.0641531618917,6.0,2.0,1.5,0.0,0.0,0.0,20.0,4,1107,Sync,16.421457809443528,c29a38.fffe.b34e68,128,248,254,65535,128,1,160,BOOTING,-1,False,False,False,False,0,healthy
172.358756532,mixed_pdv_loss_holdover,2750.0,2750.0,3350.0,169.5,9866.270919578308,6.0,2.0,1.5,0.0,0.0,0.0,20.0,4,1108,Delay_Resp,32.8875697319277,c29a38.fffe.b34e68,128,248,254,65535,128,1,160,BOOTING,-1,False,False,False,False,0,healthy
172.553623932,mixed_pdv_loss_holdover,-1450.0,-1450.0,3450.0,269.5,-21553.117658470117,6.0,2.0,1.5,0.0,0.0,0.0,20.0,4,1109,Sync,30.79016808352874,c29a38.fffe.b34e68,128,248,254,65535,128,1,160,BOOTING,-1,False,False,False,False,0,healthy
172.809156532,mixed_pdv_loss_holdover,2050.0,2050.0,3350.0,169.5,13696.882511272035,6.0,2.0,1.5,0.0,0.0,0.0,20.0,4,1110,Delay_Resp,19.566975016102905,c29a38.fffe.b34e68,128,248,254,65535,128,1,160,BOOTING,-1,False,False,False,False,0,healthy
172.94065183200001,mixed_pdv_loss_holdover,1650.0,1650.0,3325.0,139.0,-3041.9338181666158,6.0,2.0,1.5,0.0,0.0,0.0,20.0,4,1111,Delay_Resp,38.0241727270827,c29a38.fffe.b34e68,128,248,254,65535,128,1,160,BOOTING,-1,False,False,False,False,0,healthy
173.05955073200002,mixed_pdv_loss_holdover,1375.0,1375.0,3325.0,138.5,-2312.889353896366,6.0,2.0,1.5,0.0,0.0,0.0,20.0,4,1112,Sync,16.821013482882663,c29a38.fffe.b34e68,128,248,254,65535,128,1,160,BOOTING,-1,False,False,False,False,0,healthy
173.176994632,mixed_pdv_loss_holdover,1875.0,1875.0,3325.0,138.0,4257.351807970186,6.0,2.0,1.5,0.0,0.0,0.0,20.0,4,1113,Sync,25.544110847821116,c29a38.fffe.b34e68,128,248,254,65535,128,1,160,BOOTING,-1,False,False,False,False,0,healthy
173.29416513200002,mixed_pdv_loss_holdover,4075.0,4075.0,3325.0,131.5,18776.057113349587,6.0,2.0,1.5,0.0,0.0,0.0,20.0,4,1114,Sync,17.069142830317805,c29a38.fffe.b34e68,128,248,254,65535,128,1,160,BOOTING,-1,False,False,False,False,0,healthy
173.473589807,mixed_pdv_loss_holdover,925.0,925.0,3175.0,-12.0,-17556.113728506825,6.0,2.0,1.5,0.0,0.0,0.0,20.0,4,1115,Sync,27.866847188106075,c29a38.fffe.b34e68,128,248,254,65535,128,1,160,BOOTING,-1,False,False,False,False,0,healthy
173.645513955,mixed_pdv_loss_holdover,1219.0,1219.0,2990.0,-196.5,1710.0564604803037,6.0,2.0,1.5,0.0,0.0,0.0,20.0,4,1116,Sync,17.449555719186773,c29a38.fffe.b34e68,128,248,254,65535,128,1,160,BOOTING,-1,False,False,False,False,0,healthy
173.76815922400002,mixed_pdv_loss_holdover,807.0,807.0,2636.0,-550.5,-3359.28163686436,6.0,2.0,1.5,0.0,0.0,0.0,20.0,4,1117,Delay_Resp,32.614384823925825,c29a38.fffe.b34e68,128,248,254,65535,128,1,160,BOOTING,-1,False,False,False,False,0,healthy
173.97712485300002,mixed_pdv_loss_holdover,2893.0,2893.0,3064.0,-122.5,9982.50291199779,6.0,2.0,1.5,0.0,0.0,0.0,20.0,4,1118,Sync,28.712855930962004,c29a38.fffe.b34e68,128,248,254,65535,128,1,160,BOOTING,-1,False,False,False,False,0,healthy
174.187903984,mixed_pdv_loss_holdover,2502.0,2502.0,3064.0,-122.5,-1855.0223551307602,6.0,2.0,1.5,0.0,0.0,0.0,20.0,4,1119,Sync,23.721513492720717,c29a38.fffe.b34e68,128,248,254,65535,128,1,160,BOOTING,-1,False,False,False,False,0,healthy
174.33830634,mixed_pdv_loss_holdover,940.0,940.0,2904.0,-282.5,-10385.47561050169,6.0,2.0,1.5,0.0,0.0,0.0,20.0,4,1120,Sync,19.94649605089953,c29a38.fffe.b34e68,128,248,254,65535,128,1,160,BOOTING,-1,False,False,False,False,0,healthy
174.457233497,mixed_pdv_loss_holdover,1198.0,1198.0,2904.0,-282.5,2169.3951701880537,6.0,2.0,1.5,0.0,0.0,0.0,20.0,4,1121,Sync,16.817016823163208,c29a38.fffe.b34e68,128,248,254,65535,128,1,160,BOOTING,-1,False,False,False,False,0,healthy
174.573456953,mixed_pdv_loss_holdover,1198.0,1198.0,2856.0,-330.5,0.0,6.0,2.0,1.5,0.0,0.0,0.0,20.0,4,1122,Delay_Resp,8.604115162433292,c29a38.fffe.b34e68,128,248,254,65535,128,1,160,BOOTING,-1,False,False,False,False,0,healthy
174.68851082700002,mixed_pdv_loss_holdover,1929.0,1929.0,2856.0,-330.5,6353.545296527143,6.0,2.0,1.5,0.0,0.0,0.0,20.0,4,1123,Sync,26.074741299017006,c29a38.fffe.b34e68,128,248,254,65535,128,1,160,BOOTING,-1,False,False,False,False,0,healthy
174.87111579700002,mixed_pdv_loss_holdover,1050.0,1050.0,2856.0,-330.5,-4813.669638893184,6.0,2.0,1.5,0.0,0.0,0.0,20.0,4,1124,Sync,32.85781323476576,c29a38.fffe.b34e68,128,248,254,65535,128,1,160,BOOTING,-1,False,False,False,False,0,healthy
175.072893531,mixed_pdv_loss_holdover,1246.0,1246.0,2758.0,-428.5,971.3658495144472,6.0,2.0,1.5,0.0,0.0,0.0,20.0,4,1125,Sync,14.867844635425211,c29a38.fffe.b34e68,128,248,254,65535,128,1,160,BOOTING,-1,False,False,False,False,0,healthy
175.19448747500002,mixed_pdv_loss_holdover,5469.0,5469.0,2636.0,-550.5,34730.34808377962,6.0,2.0,1.5,0.0,0.0,0.0,20.0,4,1126,Sync,41.120468960193726,c29a38.fffe.b34e68,128,248,254,65535,128,1,160,BOOTING,-1,False,False,False,False,0,healthy
175.457191668,mixed_pdv_loss_holdover,3394.0,3394.0,2758.0,-428.5,-7898.617743037224,6.0,2.0,1.5,0.0,0.0,0.0,20.0,4,1127,Sync,19.03281383864391,c29a38.fffe.b34e68,128,248,254,65535,128,1,160,BOOTING,-1,False,False,False,False,0,healthy
175.669541146,mixed_pdv_loss_holdover,1538.0,1538.0,2758.0,-428.5,-8740.308747074296,6.0,2.0,1.5,0.0,0.0,0.0,20.0,4,1128,Delay_Resp,18.836872299729087,c29a38.fffe.b34e68,128,248,254,65535,128,1,160,BOOTING,-1,False,False,False,False,0,healthy
175.78874915,mixed_pdv_loss_holdover,2124.0,2124.0,2954.0,-232.5,4915.777299651761,6.0,2.0,1.5,0.0,0.0,0.0,20.0,4,1129,Sync,25.166095390708673,c29a38.fffe.b34e68,128,248,254,65535,128,1,160,BOOTING,-1,False,False,False,False,0,healthy
175.90469693400001,mixed_pdv_loss_holdover,2905.0,2905.0,3075.0,-111.0,6735.79065555844,6.0,2.0,1.5,0.0,0.0,0.0,20.0,4,1130,Sync,25.873715706370447,c29a38.fffe.b34e68,128,248,254,65535,128,1,160,BOOTING,-1,False,False,False,False,0,healthy
176.020222859,mixed_pdv_loss_holdover,1124.0,1124.0,3075.0,-105.5,-15416.453060213269,6.0,2.0,1.5,0.0,0.0,0.0,20.0,4,1131,Sync,25.96819718171803,c29a38.fffe.b34e68,128,248,254,65535,128,1,160,BOOTING,-1,False,False,False,False,0,healthy
176.13633430800002,mixed_pdv_loss_holdover,1319.0,1319.0,3002.0,-173.0,1679.420950125024,6.0,2.0,1.5,0.0,0.0,0.0,20.0,4,1132,Sync,25.837245386538832,c29a38.fffe.b34e68,128,248,254,65535,128,1,160,BOOTING,-1,False,False,False,False,0,healthy
176.252721332,mixed_pdv_loss_holdover,1783.0,1783.0,3100.0,-68.5,3986.698723391131,6.0,2.0,1.5,0.0,0.0,0.0,20.0,4,1133,Sync,25.776069332270243,c29a38.fffe.b34e68,128,248,254,65535,128,1,160,BOOTING,-1,False,False,False,False,0,healthy
176.44990931,mixed_pdv_loss_holdover,1978.0,1978.0,3148.0,-8.0,988.9041004314353,6.0,2.0,1.5,0.0,0.0,0.0,20.0,4,1134,Sync,15.213909237406696,c29a38.fffe.b34e68,128,248,254,65535,128,1,160,BOOTING,-1,False,False,False,False,0,healthy
176.57100327400002,mixed_pdv_loss_holdover,1514.0,1514.0,3148.0,-1.5,-3831.7351639422704,6.0,2.0,1.5,0.0,0.0,0.0,20.0,4,1135,Sync,49.548299533736255,c29a38.fffe.b34e68,128,248,254,65535,128,1,160,BOOTING,-1,False,False,False,False,0,healthy
176.80846355900002,mixed_pdv_loss_holdover,2614.0,2614.0,3148.0,-1.0,4632.353574409346,6.0,2.0,1.5,0.0,0.0,0.0,20.0,4,1136,Sync,12.633691566570945,c29a38.fffe.b34e68,128,248,254,65535,128,1,160,BOOTING,-1,False,False,False,False,0,healthy
177.011908511,mixed_pdv_loss_holdover,953.0,953.0,3100.0,-49.0,-8164.370674579978,6.0,2.0,1.5,0.0,0.0,0.0,20.0,4,1137,Sync,29.49200725314863,c29a38.fffe.b34e68,128,248,254,65535,128,1,160,BOOTING,-1,False,False,False,False,0,healthy
177.129176164,mixed_pdv_loss_holdover,3931.0,3931.0,3124.0,-25.0,25394.89726122536,6.0,2.0,1.5,0.0,0.0,0.0,20.0,4,1138,Delay_Resp,34.11000303724025,c29a38.fffe.b34e68,128,248,254,65535,128,1,160,BOOTING,-1,False,False,False,False,0,healthy
177.244833139,mixed_pdv_loss_holdover,1173.0,1173.0,3124.0,-25.0,-23846.378482575947,6.0,2.0,1.5,0.0,0.0,0.0,20.0,4,1139,Sync,17.292515215791113,c29a38.fffe.b34e68,128,248,254,65535,128,1,160,BOOTING,-1,False,False,False,False,0,healthy
177.359545426,mixed_pdv_loss_holdover,1075.0,1075.0,3124.0,-25.0,-854.3112735604097,6.0,2.0,1.5,0.0,0.0,0.0,20.0,4,1140,Sync,26.152385925318665,c29a38.fffe.b34e68,128,248,254,65535,128,1,160,BOOTING,-1,False,False,False,False,0,healthy
177.474587777,mixed_pdv_loss_holdover,1246.0,1246.0,3051.0,-98.0,1486.409122497858,6.0,2.0,1.5,0.0,0.0,0.0,20.0,4,1141,Delay_Resp,34.769804035037616,c29a38.fffe.b34e68,128,248,254,65535,128,1,160,BOOTING,-1,False,False,False,False,0,healthy
177.663875486,mixed_pdv_loss_holdover,1075.0,1075.0,2880.0,-269.0,-903.386706423787,6.0,2.0,1.5,0.0,0.0,0.0,20.0,4,1142,Delay_Resp,21.13185278184297,c29a38.fffe.b34e68,128,248,254,65535,128,1,160,BOOTING,-1,False,False,False,False,0,healthy
177.78205530900001,mixed_pdv_loss_holdover,-1611.0,-1611.0,2807.0,-342.0,-22728.07601006097,6.0,2.0,1.5,0.0,0.0,0.0,20.0,4,1143,Sync,25.385043942733773,c29a38.fffe.b34e68,128,248,254,65535,128,1,160,BOOTING,-1,False,False,False,False,0,healthy
177.991705286,mixed_pdv_loss_holdover,-1612.0,-1612.0,2881.0,-268.0,-4.76985504272204,6.0,2.0,1.5,0.0,0.0,0.0,20.0,4,1144,Sync,28.619130256332237,c29a38.fffe.b34e68,128,248,254,65535,128,1,160,BOOTING,-1,False,False,False,False,0,healthy
178.223517458,mixed_pdv_loss_holdover,-1391.0,-1391.0,2758.0,-391.0,953.3580488603883,6.0,2.0,1.5,0.0,0.0,0.0,20.0,4,1145,Sync,25.88302395096077,c29a38.fffe.b34e68,128,248,254,65535,128,1,160,BOOTING,-1,False,False,False,False,0,healthy
178.348868966,mixed_pdv_loss_holdover,-1611.0,-1611.0,2172.0,-977.0,-1755.0646458916956,6.0,2.0,1.5,0.0,0.0,0.0,20.0,4,1146,Delay_Resp,31.91026628893992,c29a38.fffe.b34e68,128,248,254,65535,128,1,160,BOOTING,-1,False,False,False,False,0,healthy
178.46397606,mixed_pdv_loss_holdover,3052.0,3052.0,1537.0,-1611.0,40510.10096736684,6.0,2.0,1.5,0.0,0.0,0.0,20.0,4,1147,Sync,26.062685589127284,c29a38.fffe.b34e68,128,248,254,65535,128,1,160,BOOTING,-1,False,False,False,False,0,healthy
178.57862917,mixed_pdv_loss_holdover,3052.0,3052.0,1537.0,-1611.0,0.0,6.0,2.0,1.5,0.0,0.0,0.0,20.0,4,1148,Sync,0.0,c29a38.fffe.b34e68,128,248,254,65535,128,1,160,BOOTING,-1,False,False,False,False,0,healthy
178.694434381,mixed_pdv_loss_holdover,1734.0,1734.0,2172.0,-976.0,-11381.180420282668,6.0,2.0,1.5,0.0,0.0,0.0,20.0,4,1149,Delay_Resp,60.44633000150127,c29a38.fffe.b34e68,128,248,254,65535,128,1,160,BOOTING,-1,False,False,False,False,0,healthy
178.86772917800002,mixed_pdv_loss_holdover,1562.0,1562.0,2148.0,-1000.0,-992.5283561744149,6.0,2.0,1.5,0.0,0.0,0.0,20.0,4,1150,Delay_Resp,28.852568493442295,c29a38.fffe.b34e68,128,248,254,65535,128,1,160,BOOTING,-1,False,False,False,False,0,healthy
179.115264644,mixed_pdv_loss_holdover,2955.0,2955.0,2709.0,-439.0,5627.476427963933,6.0,2.0,1.5,0.0,0.0,0.0,20.0,4,1151,Sync,20.199125728513756,c29a38.fffe.b34e68,128,248,254,65535,128,1,160,BOOTING,-1,False,False,False,False,0,healthy
179.233190473,mixed_pdv_loss_holdover,1881.0,1881.0,2709.0,-439.0,-9107.419545890949,6.0,2.0,1.5,0.0,0.0,0.0,20.0,4,1152,Sync,16.959812934620015,c29a38.fffe.b34e68,128,248,254,65535,128,1,160,BOOTING,-1,False,False,False,False,0,healthy
179.43899060500001,mixed_pdv_loss_holdover,3370.0,3370.0,2929.0,-219.0,7235.175145562816,6.0,2.0,1.5,0.0,0.0,0.0,20.0,4,1153,Delay_Resp,24.29541687563068,c29a38.fffe.b34e68,128,248,254,65535,128,1,160,BOOTING,-1,False,False,False,False,0,healthy
179.56135434200002,mixed_pdv_loss_holdover,1563.0,1563.0,2954.0,-194.0,-14767.446992894565,6.0,2.0,1.5,0.0,0.0,0.0,20.0,4,1154,Sync,24.517067503422076,c29a38.fffe.b34e68,128,248,254,65535,128,1,160,BOOTING,-1,False,False,False,False,0,healthy
179.676530672,mixed_pdv_loss_holdover,49583.0,49583.0,2954.0,-194.0,416925.9430301454,6.0,2.0,1.5,0.0,0.0,0.0,20.0,4,1155,Sync,26.047018515002836,c29a38.fffe.b34e68,128,248,254,65535,128,1,160,BOOTING,-1,False,False,False,False,0,healthy
179.836292321,mixed_pdv_loss_holdover,-1684.0,-1684.0,2954.0,-189.0,-320896.7879394098,6.0,2.0,1.5,0.0,0.0,0.0,20.0,4,1156,Sync,37.555946859314155,c29a38.fffe.b34e68,128,248,254,65535,128,1,160,BOOTING,-1,False,False,False,False,0,healthy
179.952240984,mixed_pdv_loss_holdover,-1684.0,-1684.0,2929.0,-202.0,0.0,6.0,2.0,1.5,0.0,0.0,0.0,20.0,4,1157,Delay_Resp,8.624506519750891,c29a38.fffe.b34e68,128,248,254,65535,128,1,160,BOOTING,-1,False,False,False,False,0,healthy
180.07041465400002,mixed_pdv_loss_holdover,2271.0,2271.0,2929.0,-195.0,33467.692084030656,6.0,2.0,1.5,0.0,0.0,0.0,20.0,4,1158,Sync,42.31060946147997,c29a38.fffe.b34e68,128,248,254,65535,128,1,160,BOOTING,-1,False,False,False,False,0,healthy
180.288920426,mixed_pdv_loss_holdover,-1629.0,-1629.0,2929.0,-195.0,-17848.498757278816,6.0,2.0,1.5,0.0,0.0,0.0,20.0,4,1159,Sync,13.729614428676012,c29a38.fffe.b34e68,128,248,254,65535,128,1,160,BOOTING,-1,False,False,False,False,0,healthy
180.439391726,mixed_pdv_loss_holdover,2571.0,2571.0,2929.0,-183.0,27912.299554800225,6.0,2.0,1.5,0.0,0.0,0.0,20.0,4,1160,Sync,13.291571216571537,c29a38.fffe.b34e68,128,248,254,65535,128,1,160,BOOTING,-1,False,False,False,False,0,healthy
180.677885826,mixed_pdv_loss_holdover,3475.0,3475.0,1425.0,-1675.0,3790.45016207953,6.0,2.0,1.5,0.0,0.0,0.0,20.0,4,1161,Delay_Resp,33.543806744066636,c29a38.fffe.b34e68,128,248,254,65535,128,1,160,BOOTING,-1,False,False,False,False,0,healthy
180.800065726,mixed_pdv_loss_holdover,3675.0,3675.0,1425.0,-1670.5,1636.93046073836,6.0,2.0,1.5,0.0,0.0,0.0,20.0,4,1162,Sync,24.553956911075396,c29a38.fffe.b34e68,128,248,254,65535,128,1,160,BOOTING,-1,False,False,False,False,0,healthy
180.915468726,mixed_pdv_loss_holdover,3175.0,3175.0,1425.0,-1658.0,-4332.642998882689,6.0,2.0,1.5,0.0,0.0,0.0,20.0,4,1163,Sync,34.661143991061515,c29a38.fffe.b34e68,128,248,254,65535,128,1,160,BOOTING,-1,False,False,False,False,0,healthy
181.031408226,mixed_pdv_loss_holdover,3175.0,3175.0,1425.0,-1650.0,0.0,6.0,2.0,1.5,0.0,0.0,0.0,20.0,4,1164,Sync,17.250376273833055,c29a38.fffe.b34e68,128,248,254,65535,128,1,160,BOOTING,-1,False,False,False,False,0,healthy
181.146864826,mixed_pdv_loss_holdover,2575.0,2575.0,1425.0,-1644.5,-5196.75791596078,6.0,2.0,1.5,0.0,0.0,0.0,20.0,4,1165,Sync,25.9837895798039,c29a38.fffe.b34e68,128,248,254,65535,128,1,160,BOOTING,-1,False,False,False,False,0,healthy
181.263349526,mixed_pdv_loss_holdover,2975.0,2975.0,2125.0,-939.0,3433.927374152974,6.0,2.0,1.5,0.0,0.0,0.0,20.0,4,1166,Sync,25.754455306147307,c29a38.fffe.b34e68,128,248,254,65535,128,1,160,BOOTING,-1,False,False,False,False,0,healthy
181.48374014200002,mixed_pdv_loss_holdover,2525.0,2525.0,2875.0,-182.5,-2041.8292219846314,6.0,2.0,1.5,0.0,0.0,0.0,20.0,4,1167,Sync,22.686991355384794,c29a38.fffe.b34e68,128,248,254,65535,128,1,160,BOOTING,-1,False,False,False,False,0,healthy
181.60226587600002,mixed_pdv_loss_holdover,-1600.0,-1600.0,2975.0,-75.5,-34802.56869786545,6.0,2.0,1.5,0.0,0.0,0.0,20.0,4,1168,Sync,25.310959052993056,c29a38.fffe.b34e68,128,248,254,65535,128,1,160,BOOTING,-1,False,False,False,False,0,healthy
181.81715463400002,mixed_pdv_loss_holdover,1334.0,1334.0,2975.0,-75.5,13653.576051661064,6.0,2.0,1.5,0.0,0.0,0.0,20.0,4,1169,Sync,13.960711709264892,c29a38.fffe.b34e68,128,248,254,65535,128,1,160,BOOTING,-1,False,False,False,False,0,healthy
181.933465426,mixed_pdv_loss_holdover,3809.0,3809.0,3200.0,142.5,21279.194797336175,6.0,2.0,1.5,0.0,0.0,0.0,20.0,4,1170,Delay_Resp,34.39061785428069,c29a38.fffe.b34e68,128,248,254,65535,128,1,160,BOOTING,-1,False,False,False,False,0,healthy
182.048700234,mixed_pdv_loss_holdover,741.0,741.0,3100.0,42.5,-26623.899959117272,6.0,2.0,1.5,0.0,0.0,0.0,20.0,4,1171,Sync,26.033800481535792,c29a38.fffe.b34e68,128,248,254,65535,128,1,160,BOOTING,-1,False,False,False,False,0,healthy
182.200463017,mixed_pdv_loss_holdover,842.0,842.0,2975.0,-51.5,665.5123081130748,6.0,2.0,1.5,0.0,0.0,0.0,20.0,4,1172,Sync,19.767692320190342,c29a38.fffe.b34e68,128,248,254,65535,128,1,160,BOOTING,-1,False,False,False,False,0,healthy
182.314199534,mixed_pdv_loss_holdover,1516.0,1516.0,2875.0,-121.0,5925.977142415576,6.0,2.0,1.5,0.0,0.0,0.0,20.0,4,1173,Sync,26.376752859416513,c29a38.fffe.b34e68,128,248,254,65535,128,1,160,BOOTING,-1,False,False,False,False,0,healthy
182.46803911700002,mixed_pdv_loss_holdover,734.0,734.0,2841.0,-141.5,-5083.217106744007,6.0,2.0,1.5,0.0,0.0,0.0,20.0,4,1174,Delay_Resp,45.50194341075198,c29a38.fffe.b34e68,128,248,254,65535,128,1,160,BOOTING,-1,False,False,False,False,0,healthy
182.657319876,mixed_pdv_loss_holdover,1284.0,1284.0,2750.0,-225.0,2905.7364462493742,6.0,2.0,1.5,0.0,0.0,0.0,20.0,4,1175,Sync,15.849471524996588,c29a38.fffe.b34e68,128,248,254,65535,128,1,160,BOOTING,-1,False,False,False,False,0,healthy
182.77537490100002,mixed_pdv_loss_holdover,18150.0,18150.0,2841.0,-134.0,142865.58323118745,6.0,2.0,1.5,0.0,0.0,0.0,20.0,4,1176,Sync,25.411878909851914,c29a38.fffe.b34e68,128,248,254,65535,128,1,160,BOOTING,-1,False,False,False,False,0,healthy
182.998732834,mixed_pdv_loss_holdover,1559.0,1559.0,2796.0,-177.0,-74279.87793923962,6.0,2.0,1.5,0.0,0.0,0.0,20.0,4,1177,Sync,31.33983156980757,c29a38.fffe.b34e68,128,248,254,65535,128,1,160,BOOTING,-1,False,False,False,False,0,healthy
183.181158759,mixed_pdv_loss_holdover,779.0,779.0,2796.0,-166.5,-4275.708071646306,6.0,2.0,1.5,0.0,0.0,0.0,20.0,4,1178,Sync,16.445031044793485,c29a38.fffe.b34e68,128,248,254,65535,128,1,160,BOOTING,-1,False,False,False,False,0,healthy
183.300670276,mixed_pdv_loss_holdover,1237.0,1237.0,2796.0,-158.0,3832.266642552743,6.0,2.0,1.5,0.0,0.0,0.0,20.0,4,1179,Sync,25.10218324816207,c29a38.fffe.b34e68,128,248,254,65535,128,1,160,BOOTING,-1,False,False,False,False,0,healthy
183.417106651,mixed_pdv_loss_holdover,1329.0,1329.0,2796.0,-158.0,790.1310909069006,6.0,2.0,1.5,0.0,0.0,0.0,20.0,4,1180,Sync,25.76514426870328,c29a38.fffe.b34e68,128,248,254,65535,128,1,160,BOOTING,-1,False,False,False,False,0,healthy
183.531657351,mixed_pdv_loss_holdover,2888.0,2888.0,2887.0,-67.0,13609.694222733382,6.0,2.0,1.5,0.0,0.0,0.0,20.0,4,1181,Sync,26.18927688787694,c29a38.fffe.b34e68,128,248,254,65535,128,1,160,BOOTING,-1,False,False,False,False,0,healthy
183.64619833400002,mixed_pdv_loss_holdover,-1879.0,-1879.0,2887.0,-54.5,-41618.29133245263,6.0,2.0,1.5,0.0,0.0,0.0,20.0,4,1182,Sync,17.46099909060316,c29a38.fffe.b34e68,128,248,254,65535,128,1,160,BOOTING,-1,False,False,False,False,0,healthy
183.848861051,mixed_pdv_loss_holdover,1490.0,1490.0,2910.0,-19.0,16623.679233513438,6.0,2.0,1.5,0.0,0.0,0.0,20.0,4,1183,Delay_Resp,39.47445350789775,c29a38.fffe.b34e68,128,248,254,65535,128,1,160,BOOTING,-1,False,False,False,False,0,healthy
183.970674959,mixed_pdv_loss_holdover,1742.0,1742.0,2933.0,4.0,2068.729294851826,6.0,2.0,1.5,0.0,0.0,0.0,20.0,4,1184,Sync,49.25545940123396,c29a38.fffe.b34e68,128,248,254,65535,128,1,160,BOOTING,-1,False,False,False,False,0,healthy
184.211687251,mixed_pdv_loss_holdover,1444.0,1444.0,2956.0,27.0,-1236.451458666714,6.0,2.0,1.5,0.0,0.0,0.0,20.0,4,1185,Sync,12.447497906040745,c29a38.fffe.b34e68,128,248,254,65535,128,1,160,BOOTING,-1,False,False,False,False,0,healthy
184.431927876,mixed_pdv_loss_holdover,-1765.0,-1765.0,2956.0,27.0,-14570.427231578937,6.0,2.0,1.5,0.0,0.0,0.0,20.0,4,1186,Sync,13.621465158846,c29a38.fffe.b34e68,128,248,254,65535,128,1,160,BOOTING,-1,False,False,False,False,0,healthy
184.547157459,mixed_pdv_loss_holdover,1078.0,1078.0,2910.0,-19.0,24672.483627750047,6.0,2.0,1.5,0.0,0.0,0.0,20.0,4,1187,Delay_Resp,34.7133079532185,c29a38.fffe.b34e68,128,248,254,65535,128,1,160,BOOTING,-1,False,False,False,False,0,healthy
184.662363301,mixed_pdv_loss_holdover,1032.0,1032.0,2910.0,-19.0,-399.2853070767205,6.0,2.0,1.5,0.0,0.0,0.0,20.0,4,1188,Sync,17.36023074246611,c29a38.fffe.b34e68,128,248,254,65535,128,1,160,BOOTING,-1,False,False,False,False,0,healthy
184.787477118,mixed_pdv_loss_holdover,574.0,574.0,2910.0,-19.0,-3660.666831066337,6.0,2.0,1.5,0.0,0.0,0.0,20.0,4,1189,Sync,23.978167015718366,c29a38.fffe.b34e68,128,248,254,65535,128,1,160,BOOTING,-1,False,False,False,False,0,healthy
184.903836034,mixed_pdv_loss_holdover,1581.0,1581.0,2910.0,-16.0,8654.25731535722,6.0,2.0,1.5,0.0,0.0,0.0,20.0,4,1190,Sync,34.376394499929376,c29a38.fffe.b34e68,128,248,254,65535,128,1,160,BOOTING,-1,False,False,False,False,0,healthy
185.133308409,mixed_pdv_loss_holdover,2407.0,2407.0,2635.0,-288.0,3599.5618208945584,6.0,2.0,1.5,0.0,0.0,0.0,20.0,4,1191,Delay_Resp,30.504761194021683,c29a38.fffe.b34e68,128,248,254,65535,128,1,160,BOOTING,-1,False,False,False,False,0,healthy
185.28663346800002,mixed_pdv_loss_holdover,2315.0,2315.0,2635.0,-288.0,-600.0323795732894,6.0,2.0,1.5,0.0,0.0,0.0,20.0,4,1192,Sync,19.566273246955088,c29a38.fffe.b34e68,128,248,254,65535,128,1,160,BOOTING,-1,False,False,False,False,0,healthy
185.40678197600002,mixed_pdv_loss_holdover,-1076.0,-1076.0,2635.0,-288.0,-28223.404988100283,6.0,2.0,1.5,0.0,0.0,0.0,20.0,4,1193,Sync,16.646066050191852,c29a38.fffe.b34e68,128,248,254,65535,128,1,160,BOOTING,-1,False,False,False,False,0,healthy
185.52211495900002,mixed_pdv_loss_holdover,871.0,871.0,2612.0,-311.0,16881.554169113697,6.0,2.0,1.5,0.0,0.0,0.0,20.0,4,1194,Sync,26.011639705876267,c29a38.fffe.b34e68,128,248,254,65535,128,1,160,BOOTING,-1,False,False,False,False,0,healthy
185.638432809,mixed_pdv_loss_holdover,1696.0,1696.0,2635.0,-288.0,7092.6345354577215,6.0,2.0,1.5,0.0,0.0,0.0,20.0,4,1195,Sync,25.79139831075535,c29a38.fffe.b34e68,128,248,254,65535,128,1,160,BOOTING,-1,False,False,False,False,0,healthy
185.80047692600002,mixed_pdv_loss_holdover,2705.0,2705.0,2703.0,-213.5,6226.699362370948,6.0,2.0,1.5,0.0,0.0,0.0,20.0,4,1196,Sync,18.5134767959493,c29a38.fffe.b34e68,128,248,254,65535,128,1,160,BOOTING,-1,False,False,False,False,0,healthy
185.91809515900002,mixed_pdv_loss_holdover,1880.0,1880.0,2772.0,-138.0,-7014.218620339143,6.0,2.0,1.5,0.0,0.0,0.0,20.0,4,1197,Sync,25.506249528505972,c29a38.fffe.b34e68,128,248,254,65535,128,1,160,BOOTING,-1,False,False,False,False,0,healthy
186.136690859,mixed_pdv_loss_holdover,1330.0,1330.0,2795.0,-115.0,-2516.060471455063,6.0,2.0,1.5,0.0,0.0,0.0,20.0,4,1198,Sync,22.87327701322785,c29a38.fffe.b34e68,128,248,254,65535,128,1,160,BOOTING,-1,False,False,False,False,0,healthy
186.310709159,mixed_pdv_loss_holdover,1105.0,1105.0,2795.0,-115.0,-1292.9674637667404,6.0,2.0,1.5,0.0,0.0,0.0,20.0,4,1199,Sync,17.23956618355654,c29a38.fffe.b34e68,128,248,254,65535,128,1,160,BOOTING,-1,False,False,False,False,0,healthy
186.45261305900002,mixed_pdv_loss_holdover,1505.0,1505.0,2795.0,-115.0,2818.809067262792,6.0,2.0,1.5,0.0,0.0,0.0,20.0,4,1200,Sync,14.09404533631396,c29a38.fffe.b34e68,128,248,254,65535,128,1,160,BOOTING,-1,False,False,False,False,0,healthy
186.574771959,mixed_pdv_loss_holdover,4105.0,4105.0,2895.0,-15.0,21283.7541922877,6.0,2.0,1.5,0.0,0.0,0.0,20.0,4,1201,Delay_Resp,32.74423721890415,c29a38.fffe.b34e68,128,248,254,65535,128,1,160,BOOTING,-1,False,False,False,False,0,healthy
186.693194959,mixed_pdv_loss_holdover,390.0,390.0,3010.0,100.0,-31370.595239098646,6.0,2.0,1.5,0.0,0.0,0.0,20.0,4,1202,Sync,50.665833495179506,c29a38.fffe.b34e68,128,248,254,65535,128,1,160,BOOTING,-1,False,False,False,False,0,healthy
186.880526559,mixed_pdv_loss_holdover,2190.0,2190.0,3010.0,100.0,9608.629830738999,6.0,2.0,1.5,0.0,0.0,0.0,20.0,4,1203,Sync,16.014383051231665,c29a38.fffe.b34e68,128,248,254,65535,128,1,160,BOOTING,-1,False,False,False,False,0,healthy
187.03021185900002,mixed_pdv_loss_holdover,640.0,640.0,3160.0,250.0,-10355.058245531369,6.0,2.0,1.5,0.0,0.0,0.0,20.0,4,1204,Sync,20.042048217157486,c29a38.fffe.b34e68,128,248,254,65535,128,1,160,BOOTING,-1,False,False,False,False,0,healthy
187.176949259,mixed_pdv_loss_holdover,1440.0,1440.0,3160.0,250.0,5451.916144078608,6.0,2.0,1.5,0.0,0.0,0.0,20.0,4,1205,Sync,20.44468554029478,c29a38.fffe.b34e68,128,248,254,65535,128,1,160,BOOTING,-1,False,False,False,False,0,healthy
187.293557459,mixed_pdv_loss_holdover,1040.0,1040.0,3160.0,250.0,-3430.2904941504466,6.0,2.0,1.5,0.0,0.0,0.0,20.0,4,1206,Sync,25.72717870612835,c29a38.fffe.b34e68,128,248,254,65535,128,1,160,BOOTING,-1,False,False,False,False,0,healthy
187.505562859,mixed_pdv_loss_holdover,-1700.0,-1700.0,3100.0,190.0,-12924.199100588365,6.0,2.0,1.5,0.0,0.0,0.0,20.0,4,1207,Sync,23.584304928080957,c29a38.fffe.b34e68,128,248,254,65535,128,1,160,BOOTING,-1,False,False,False,False,0,healthy
187.69466785900002,mixed_pdv_loss_holdover,2300.0,2300.0,3100.0,190.0,21152.269902962613,6.0,2.0,1.5,0.0,0.0,0.0,20.0,4,1208,Sync,15.86420242722196,c29a38.fffe.b34e68,128,248,254,65535,128,1,160,BOOTING,-1,False,False,False,False,0,healthy
187.816255059,mixed_pdv_loss_holdover,1800.0,1800.0,3250.0,340.0,-4112.274976313522,6.0,2.0,1.5,0.0,0.0,0.0,20.0,4,1209,Sync,24.673649857881127,c29a38.fffe.b34e68,128,248,254,65535,128,1,160,BOOTING,-1,False,False,False,False,0,healthy
187.935900459,mixed_pdv_loss_holdover,-1950.0,-1950.0,3100.0,190.0,-31342.61743452005,6.0,2.0,1.5,0.0,0.0,0.0,20.0,4,1210,Sync,25.07409394761604,c29a38.fffe.b34e68,128,248,254,65535,128,1,160,BOOTING,-1,False,False,False,False,0,healthy
188.05206955900002,mixed_pdv_loss_holdover,2350.0,2350.0,2850.0,-57.0,37015.00657231329,6.0,2.0,1.5,0.0,0.0,0.0,20.0,4,1211,Delay_Resp,60.2569874433007,c29a38.fffe.b34e68,128,248,254,65535,128,1,160,BOOTING,-1,False,False,False,False,0,healthy
188.292468159,mixed_pdv_loss_holdover,1450.0,1450.0,2850.0,-54.0,-3743.78220172676,6.0,2.0,1.5,0.0,0.0,0.0,20.0,4,1212,Sync,8.319516003837245,c29a38.fffe.b34e68,128,248,254,65535,128,1,160,BOOTING,-1,False,False,False,False,0,healthy
188.410013759,mixed_pdv_loss_holdover,950.0,950.0,2850.0,-49.5,-4253.6683635967765,6.0,2.0,1.5,0.0,0.0,0.0,20.0,4,1213,Sync,25.52201018158066,c29a38.fffe.b34e68,128,248,254,65535,128,1,160,BOOTING,-1,False,False,False,False,0,healthy
188.63264656,mixed_pdv_loss_holdover,2725.0,2725.0,3125.0,225.5,7972.769475239971,6.0,2.0,1.5,0.0,0.0,0.0,20.0,4,1214,Sync,26.950206676867506,c29a38.fffe.b34e68,128,248,254,65535,128,1,160,BOOTING,-1,False,False,False,False,0,healthy
188.75080046,mixed_pdv_loss_holdover,4175.0,4175.0,3125.0,225.5,12272.12982390108,6.0,2.0,1.5,0.0,0.0,0.0,20.0,4,1215,Sync,16.927075619173902,c29a38.fffe.b34e68,128,248,254,65535,128,1,160,BOOTING,-1,False,False,False,False,0,healthy
188.86896766,mixed_pdv_loss_holdover,3600.0,3600.0,3400.0,500.5,-4865.986500483391,6.0,2.0,1.5,0.0,0.0,0.0,20.0,4,1216,Delay_Resp,42.31292609115992,c29a38.fffe.b34e68,128,248,254,65535,128,1,160,BOOTING,-1,False,False,False,False,0,healthy
189.08050186,mixed_pdv_loss_holdover,1100.0,1100.0,3400.0,496.0,-11818.41990562347,6.0,2.0,1.5,0.0,0.0,0.0,20.0,4,1217,Sync,9.454735924498777,c29a38.fffe.b34e68,128,248,254,65535,128,1,160,BOOTING,-1,False,False,False,False,0,healthy
189.20240406000002,mixed_pdv_loss_holdover,2100.0,2100.0,3400.0,496.0,8203.297397420369,6.0,2.0,1.5,0.0,0.0,0.0,20.0,4,1218,Sync,41.01648698710184,c29a38.fffe.b34e68,128,248,254,65535,128,1,160,BOOTING,-1,False,False,False,False,0,healthy
189.40231306,mixed_pdv_loss_holdover,1850.0,1850.0,3450.0,546.0,-1250.5690088991053,6.0,2.0,1.5,0.0,0.0,0.0,20.0,4,1219,Sync,15.006828106789264,c29a38.fffe.b34e68,128,248,254,65535,128,1,160,BOOTING,-1,False,False,False,False,0,healthy
189.518047551,mixed_pdv_loss_holdover,1025.0,1025.0,3475.0,568.0,-7128.384916818938,6.0,2.0,1.5,0.0,0.0,0.0,20.0,4,1220,Sync,25.921399697523412,c29a38.fffe.b34e68,128,248,254,65535,128,1,160,BOOTING,-1,False,False,False,False,0,healthy
189.63346954300002,mixed_pdv_loss_holdover,-2166.0,-2166.0,3450.0,540.0,-27646.37782372846,6.0,2.0,1.5,0.0,0.0,0.0,20.0,4,1221,Delay_Resp,60.64702123663404,c29a38.fffe.b34e68,128,248,254,65535,128,1,160,BOOTING,-1,False,False,False,False,0,healthy
189.900208268,mixed_pdv_loss_holdover,216.0,216.0,3450.0,540.0,8930.08692307486,6.0,2.0,1.5,0.0,0.0,0.0,20.0,4,1222,Sync,7.497973906863861,c29a38.fffe.b34e68,128,248,254,65535,128,1,160,BOOTING,-1,False,False,False,False,0,healthy
190.01465813500002,mixed_pdv_loss_holdover,1134.0,1134.0,3275.0,365.0,8020.979176846473,6.0,2.0,1.5,0.0,0.0,0.0,20.0,4,1223,Sync,26.212350251132264,c29a38.fffe.b34e68,128,248,254,65535,128,1,160,BOOTING,-1,False,False,False,False,0,healthy
190.202685535,mixed_pdv_loss_holdover,1956.0,1956.0,3154.0,244.0,4371.703273034041,6.0,2.0,1.5,0.0,0.0,0.0,20.0,4,1224,Delay_Resp,21.27349524590774,c29a38.fffe.b34e68,128,248,254,65535,128,1,160,BOOTING,-1,False,False,False,False,0,healthy
190.322405043,mixed_pdv_loss_holdover,1338.0,1338.0,3048.0,128.5,-5162.065985102321,6.0,2.0,1.5,0.0,0.0,0.0,20.0,4,1225,Delay_Resp,33.41143032428687,c29a38.fffe.b34e68,128,248,254,65535,128,1,160,BOOTING,-1,False,False,False,False,0,healthy
190.441982743,mixed_pdv_loss_holdover,871.0,871.0,2979.0,50.0,-3905.4104569662204,6.0,2.0,1.5,0.0,0.0,0.0,20.0,4,1226,Sync,41.81381645574112,c29a38.fffe.b34e68,128,248,254,65535,128,1,160,BOOTING,-1,False,False,False,False,0,healthy
190.63115011,mixed_pdv_loss_holdover,1261.0,1261.0,2772.0,-157.0,2061.666376104064,6.0,2.0,1.5,0.0,0.0,0.0,20.0,4,1227,Delay_Resp,26.431620206462355,c29a38.fffe.b34e68,128,248,254,65535,128,1,160,BOOTING,-1,False,False,False,False,0,healthy
190.74646531000002,mixed_pdv_loss_holdover,-1763.0,-1763.0,2772.0,-157.0,-26223.776223770277,6.0,2.0,1.5,0.0,0.0,0.0,20.0,4,1228,Sync,26.015651015645116,c29a38.fffe.b34e68,128,248,254,65535,128,1,160,BOOTING,-1,False,False,False,False,0,healthy
190.909908351,mixed_pdv_loss_holdover,711.0,711.0,2612.0,-307.5,15136.77171486363,6.0,2.0,1.5,0.0,0.0,0.0,20.0,4,1229,Sync,24.47335766348202,c29a38.fffe.b34e68,128,248,254,65535,128,1,160,BOOTING,-1,False,False,False,False,0,healthy
191.058982826,mixed_pdv_loss_holdover,3255.0,3255.0,2612.0,-298.0,17065.295718801877,6.0,2.0,1.5,0.0,0.0,0.0,20.0,4,1230,Sync,20.124169479719196,c29a38.fffe.b34e68,128,248,254,65535,128,1,160,BOOTING,-1,False,False,False,False,0,healthy
191.18372493500001,mixed_pdv_loss_holdover,2247.0,2247.0,2612.0,-298.0,-8080.671459546327,6.0,2.0,1.5,0.0,0.0,0.0,20.0,4,1231,Sync,24.049617439125974,c29a38.fffe.b34e68,128,248,254,65535,128,1,160,BOOTING,-1,False,False,False,False,0,healthy
191.30120759300002,mixed_pdv_loss_holdover,1788.0,1788.0,2612.0,-298.0,-3906.959612711516,6.0,2.0,1.5,0.0,0.0,0.0,20.0,4,1232,Sync,25.535683743212523,c29a38.fffe.b34e68,128,248,254,65535,128,1,160,BOOTING,-1,False,False,False,False,0,healthy
191.519116676,mixed_pdv_loss_holdover,2338.0,2338.0,2612.0,-298.0,2523.988410340897,6.0,2.0,1.5,0.0,0.0,0.0,20.0,4,1233,Sync,22.945349184917248,c29a38.fffe.b34e68,128,248,254,65535,128,1,160,BOOTING,-1,False,False,False,False,0,healthy
191.739204676,mixed_pdv_loss_holdover,1376.0,1376.0,2749.0,-153.5,-4370.978881174722,6.0,2.0,1.5,0.0,0.0,0.0,20.0,4,1234,Sync,22.71818545309107,c29a38.fffe.b34e68,128,248,254,65535,128,1,160,BOOTING,-1,False,False,False,False,0,healthy
191.854443701,mixed_pdv_loss_holdover,459.0,459.0,2841.0,-50.0,-7957.373814990609,6.0,2.0,1.5,0.0,0.0,0.0,20.0,4,1235,Sync,26.03284781349163,c29a38.fffe.b34e68,128,248,254,65535,128,1,160,BOOTING,-1,False,False,False,False,0,healthy
191.968957093,mixed_pdv_loss_holdover,1284.0,1284.0,2841.0,-46.0,7204.397543302681,6.0,2.0,1.5,0.0,0.0,0.0,20.0,4,1236,Sync,26.197809248373385,c29a38.fffe.b34e68,128,248,254,65535,128,1,160,BOOTING,-1,False,False,False,False,0,healthy
192.083055051,mixed_pdv_loss_holdover,1284.0,1284.0,2841.0,-43.0,0.0,6.0,2.0,1.5,0.0,0.0,0.0,20.0,4,1237,Sync,0.0,c29a38.fffe.b34e68,128,248,254,65535,128,1,160,BOOTING,-1,False,False,False,False,0,healthy
192.27526346000002,mixed_pdv_loss_holdover,1123.0,1123.0,2864.0,-16.5,-837.6324471838578,6.0,2.0,1.5,0.0,0.0,0.0,20.0,4,1238,Delay_Resp,41.621488058825236,c29a38.fffe.b34e68,128,248,254,65535,128,1,160,BOOTING,-1,False,False,False,False,0,healthy
192.517456785,mixed_pdv_loss_holdover,2636.0,2636.0,2864.0,-13.5,6247.075554208912,6.0,2.0,1.5,0.0,0.0,0.0,20.0,4,1239,Sync,16.515731802270754,c29a38.fffe.b34e68,128,248,254,65535,128,1,160,BOOTING,-1,False,False,False,False,0,healthy
192.63755726,mixed_pdv_loss_holdover,3095.0,3095.0,2864.0,-11.0,3821.800038676371,6.0,2.0,1.5,0.0,0.0,0.0,20.0,4,1240,Sync,24.979085220107002,c29a38.fffe.b34e68,128,248,254,65535,128,1,160,BOOTING,-1,False,False,False,False,0,healthy
192.835536268,mixed_pdv_loss_holdover,3461.0,3461.0,3024.0,149.0,1848.6808460015718,6.0,2.0,1.5,0.0,0.0,0.0,20.0,4,1241,Delay_Resp,20.2041622513833,c29a38.fffe.b34e68,128,248,254,65535,128,1,160,BOOTING,-1,False,False,False,False,0,healthy
192.950333918,mixed_pdv_loss_holdover,368.0,368.0,2818.0,-51.5,-26943.060245567925,6.0,2.0,1.5,0.0,0.0,0.0,20.0,4,1242,Sync,34.843918843282154,c29a38.fffe.b34e68,128,248,254,65535,128,1,160,BOOTING,-1,False,False,False,False,0,healthy
193.06496776,mixed_pdv_loss_holdover,963.0,963.0,2887.0,12.0,5190.439311979579,6.0,2.0,1.5,0.0,0.0,0.0,20.0,4,1243,Sync,61.0639919056421,c29a38.fffe.b34e68,128,248,254,65535,128,1,160,BOOTING,-1,False,False,False,False,0,healthy
193.353556701,mixed_pdv_loss_holdover,229.0,229.0,2887.0,12.0,-2543.410005444384,6.0,2.0,1.5,0.0,0.0,0.0,20.0,4,1244,Sync,10.395408741598299,c29a38.fffe.b34e68,128,248,254,65535,128,1,160,BOOTING,-1,False,False,False,False,0,healthy
193.468392301,mixed_pdv_loss_holdover,3163.0,3163.0,2887.0,6.0,25549.568252355544,6.0,2.0,1.5,0.0,0.0,0.0,20.0,4,1245,Sync,17.416201944345975,c29a38.fffe.b34e68,128,248,254,65535,128,1,160,BOOTING,-1,False,False,False,False,0,healthy
193.718094635,mixed_pdv_loss_holdover,30005.0,30005.0,2795.0,-86.0,107495.9916073488,6.0,2.0,1.5,0.0,0.0,0.0,20.0,4,1246,Sync,24.02861000089758,c29a38.fffe.b34e68,128,248,254,65535,128,1,160,BOOTING,-1,False,False,False,False,0,healthy
193.945603435,mixed_pdv_loss_holdover,848.0,848.0,2966.0,79.0,-128157.68005456829,6.0,2.0,1.5,0.0,0.0,0.0,20.0,4,1247,Delay_Resp,26.372606246438583,c29a38.fffe.b34e68,128,248,254,65535,128,1,160,BOOTING,-1,False,False,False,False,0,healthy
194.069371235,mixed_pdv_loss_holdover,1234.0,1234.0,2966.0,79.0,3118.743324192662,6.0,2.0,1.5,0.0,0.0,0.0,20.0,4,1248,Sync,24.238937752792708,c29a38.fffe.b34e68,128,248,254,65535,128,1,160,BOOTING,-1,False,False,False,False,0,healthy
194.187173335,mixed_pdv_loss_holdover,1234.0,1234.0,2966.0,79.0,0.0,6.0,2.0,1.5,0.0,0.0,0.0,20.0,4,1249,Sync,16.977626035528242,c29a38.fffe.b34e68,128,248,254,65535,128,1,160,BOOTING,-1,False,False,False,False,0,healthy
194.305241035,mixed_pdv_loss_holdover,634.0,634.0,2925.0,38.0,-5081.83017031826,6.0,2.0,1.5,0.0,0.0,0.0,20.0,4,1250,Delay_Resp,33.87886780212173,c29a38.fffe.b34e68,128,248,254,65535,128,1,160,BOOTING,-1,False,False,False,False,0,healthy
194.491468535,mixed_pdv_loss_holdover,1000.0,1000.0,3000.0,109.0,1965.3380945348986,6.0,2.0,1.5,0.0,0.0,0.0,20.0,4,1251,Delay_Resp,37.58843350203358,c29a38.fffe.b34e68,128,248,254,65535,128,1,160,BOOTING,-1,False,False,False,False,0,healthy
194.660617435,mixed_pdv_loss_holdover,2300.0,2300.0,2900.0,2.5,7685.536234642497,6.0,2.0,1.5,0.0,0.0,0.0,20.0,4,1252,Delay_Resp,23.647803798899993,c29a38.fffe.b34e68,128,248,254,65535,128,1,160,BOOTING,-1,False,False,False,False,0,healthy
194.781550935,mixed_pdv_loss_holdover,1500.0,1500.0,2900.0,2.5,-6615.205877610057,6.0,2.0,1.5,0.0,0.0,0.0,20.0,4,1253,Sync,24.807022041037712,c29a38.fffe.b34e68,128,248,254,65535,128,1,160,BOOTING,-1,False,False,False,False,0,healthy
194.90319443500002,mixed_pdv_loss_holdover,3600.0,3600.0,3050.0,152.5,17263.561143833573,6.0,2.0,1.5,0.0,0.0,0.0,20.0,4,1254,Delay_Resp,41.10371700912756,c29a38.fffe.b34e68,128,248,254,65535,128,1,160,BOOTING,-1,False,False,False,False,0,healthy
195.127921735,mixed_pdv_loss_holdover,1125.0,1125.0,3175.0,277.5,-11013.348177992528,6.0,2.0,1.5,0.0,0.0,0.0,20.0,4,1255,Sync,26.69902588604249,c29a38.fffe.b34e68,128,248,254,65535,128,1,160,BOOTING,-1,False,False,False,False,0,healthy
195.445785335,mixed_pdv_loss_holdover,27925.0,27925.0,3400.0,502.5,84312.89395828646,6.0,2.0,1.5,0.0,0.0,0.0,20.0,4,1256,Sync,18.876021035437265,c29a38.fffe.b34e68,128,248,254,65535,128,1,160,BOOTING,-1,False,False,False,False,0,healthy
195.562303535,mixed_pdv_loss_holdover,47800.0,47800.0,3725.0,827.5,170574.21072415926,6.0,2.0,1.5,0.0,0.0,0.0,20.0,4,1257,Sync,25.74705067534479,c29a38.fffe.b34e68,128,248,254,65535,128,1,160,BOOTING,-1,False,False,False,False,0,healthy
195.67811223500001,mixed_pdv_loss_holdover,-25.0,-25.0,3725.0,827.5,-412965.5198616256,6.0,2.0,1.5,0.0,0.0,0.0,20.0,4,1258,Sync,17.269859691024596,c29a38.fffe.b34e68,128,248,254,65535,128,1,160,BOOTING,-1,False,False,False,False,0,healthy
195.79309313500002,mixed_pdv_loss_holdover,175.0,175.0,3725.0,827.5,1739.4193296450915,6.0,2.0,1.5,0.0,0.0,0.0,20.0,4,1259,Delay_Resp,34.78838659290183,c29a38.fffe.b34e68,128,248,254,65535,128,1,160,BOOTING,-1,False,False,False,False,0,healthy
195.91000153500002,mixed_pdv_loss_holdover,1525.0,1525.0,3275.0,377.5,11547.502146980049,6.0,2.0,1.5,0.0,0.0,0.0,20.0,4,1260,Delay_Resp,34.21482117623718,c29a38.fffe.b34e68,128,248,254,65535,128,1,160,BOOTING,-1,False,False,False,False,0,healthy
196.029311235,mixed_pdv_loss_holdover,1525.0,1525.0,3000.0,100.0,0.0,6.0,2.0,1.5,0.0,0.0,0.0,20.0,4,1261,Sync,25.144644567882217,c29a38.fffe.b34e68,128,248,254,65535,128,1,160,BOOTING,-1,False,False,False,False,0,healthy
196.241355335,mixed_pdv_loss_holdover,1500.0,1500.0,2900.0,0.0,-117.9000028767522,6.0,2.0,1.5,0.0,0.0,0.0,20.0,4,1262,Sync,23.58000057535044,c29a38.fffe.b34e68,128,248,254,65535,128,1,160,BOOTING,-1,False,False,False,False,0,healthy
196.371635335,mixed_pdv_loss_holdover,1900.0,1900.0,2900.0,0.0,3070.3101013202554,6.0,2.0,1.5,0.0,0.0,0.0,20.0,4,1263,Sync,15.351550506601278,c29a38.fffe.b34e68,128,248,254,65535,128,1,160,BOOTING,-1,False,False,False,False,0,healthy
196.58952013500001,mixed_pdv_loss_holdover,-1075.0,-1075.0,2775.0,-125.0,-13654.004317877612,6.0,2.0,1.5,0.0,0.0,0.0,20.0,4,1264,Sync,27.537487699921236,c29a38.fffe.b34e68,128,248,254,65535,128,1,160,BOOTING,-1,False,False,False,False,0,healthy
196.760832136,mixed_pdv_loss_holdover,3550.0,3550.0,2650.0,-250.0,26997.52482606444,6.0,2.0,1.5,0.0,0.0,0.0,20.0,4,1265,Sync,17.511907995285043,c29a38.fffe.b34e68,128,248,254,65535,128,1,160,BOOTING,-1,False,False,False,False,0,healthy
196.879379836,mixed_pdv_loss_holdover,1850.0,1850.0,2650.0,-250.0,-14340.219169162232,6.0,2.0,1.5,0.0,0.0,0.0,20.0,4,1266,Sync,33.741692162734665,c29a38.fffe.b34e68,128,248,254,65535,128,1,160,BOOTING,-1,False,False,False,False,0,healthy
196.99433893600002,mixed_pdv_loss_holdover,27225.0,27225.0,2775.0,-125.0,220730.67725821858,6.0,2.0,1.5,0.0,0.0,0.0,20.0,4,1267,Sync,26.09623770540515,c29a38.fffe.b34e68,128,248,254,65535,128,1,160,BOOTING,-1,False,False,False,False,0,healthy
197.111279236,mixed_pdv_loss_holdover,1725.0,1725.0,2775.0,-125.0,-218059.98445363977,6.0,2.0,1.5,0.0,0.0,0.0,20.0,4,1268,Sync,17.102743878716844,c29a38.fffe.b34e68,128,248,254,65535,128,1,160,BOOTING,-1,False,False,False,False,0,healthy
197.226924336,mixed_pdv_loss_holdover,850.0,850.0,2850.0,-50.0,-7566.252266633345,6.0,2.0,1.5,0.0,0.0,0.0,20.0,4,1269,Sync,25.9414363427429,c29a38.fffe.b34e68,128,248,254,65535,128,1,160,BOOTING,-1,False,False,False,False,0,healthy
197.430309336,mixed_pdv_loss_holdover,850.0,850.0,2850.0,-47.5,0.0,6.0,2.0,1.5,0.0,0.0,0.0,20.0,4,1270,Delay_Resp,19.66713376109376,c29a38.fffe.b34e68,128,248,254,65535,128,1,160,BOOTING,-1,False,False,False,False,0,healthy
197.551025925,mixed_pdv_loss_holdover,3350.0,3350.0,2900.0,2.5,20709.664021402783,6.0,2.0,1.5,0.0,0.0,0.0,20.0,4,1271,Delay_Resp,33.13546243424445,c29a38.fffe.b34e68,128,248,254,65535,128,1,160,BOOTING,-1,False,False,False,False,0,healthy
197.76561829000002,mixed_pdv_loss_holdover,2335.0,2335.0,2900.0,2.5,-4729.898009185583,6.0,2.0,1.5,0.0,0.0,0.0,20.0,4,1272,Sync,23.29999019303243,c29a38.fffe.b34e68,128,248,254,65535,128,1,160,BOOTING,-1,False,False,False,False,0,healthy
199.53898917700002,mixed_pdv_loss_holdover,0.0,0.0,0.0,0.0,-1316.7014396802838,6.0,2.0,1.5,0.0,0.0,0.0,20.0,4,1273,Sync,0.0,9afaad.fffe.86c168,128,255,254,65535,128,0,160,HOLDOVER,-1,False,True,False,False,0,healthy
199.655152321,mixed_pdv_loss_holdover,0.0,0.0,0.0,0.0,0.0,6.0,2.0,1.5,0.0,0.0,0.0,20.0,4,1274,Sync,0.0,9afaad.fffe.86c168,128,255,254,65535,128,0,160,HOLDOVER,-1,False,True,False,False,0,healthy
199.771601291,mixed_pdv_loss_holdover,0.0,0.0,0.0,0.0,0.0,6.0,2.0,1.5,0.0,0.0,0.0,20.0,4,1275,Sync,0.0,9afaad.fffe.86c168,128,255,254,65535,128,0,160,HOLDOVER,-1,False,True,False,False,0,healthy
199.891210632,mixed_pdv_loss_holdover,0.0,0.0,0.0,0.0,0.0,6.0,2.0,1.5,0.0,0.0,0.0,20.0,4,1276,Sync,0.0,9afaad.fffe.86c168,128,255,254,65535,128,0,160,HOLDOVER,-1,False,True,False,False,0,healthy
200.008195943,mixed_pdv_loss_holdover,0.0,0.0,0.0,0.0,0.0,6.0,2.0,1.5,0.0,0.0,0.0,20.0,4,1277,Sync,0.0,9afaad.fffe.86c168,128,255,254,65535,128,0,160,HOLDOVER,-1,False,True,False,False,0,healthy
200.157274668,mixed_pdv_loss_holdover,0.0,0.0,0.0,0.0,0.0,6.0,2.0,1.5,0.0,0.0,0.0,20.0,4,1278,Sync,0.0,9afaad.fffe.86c168,128,255,254,65535,128,0,160,HOLDOVER,-1,False,True,False,False,0,healthy
200.274456432,mixed_pdv_loss_holdover,0.0,0.0,0.0,0.0,0.0,6.0,2.0,1.5,0.0,0.0,0.0,20.0,4,1279,Sync,0.0,9afaad.fffe.86c168,128,255,254,65535,128,0,160,HOLDOVER,-1,False,True,False,False,0,healthy
200.391356652,mixed_pdv_loss_holdover,0.0,0.0,0.0,0.0,0.0,6.0,2.0,1.5,0.0,0.0,0.0,20.0,4,1280,Sync,0.0,9afaad.fffe.86c168,128,255,254,65535,128,0,160,HOLDOVER,-1,False,True,False,False,0,healthy
200.506066105,mixed_pdv_loss_holdover,0.0,0.0,0.0,0.0,0.0,6.0,2.0,1.5,0.0,0.0,0.0,20.0,4,1281,Sync,0.0,9afaad.fffe.86c168,128,255,254,65535,128,0,160,HOLDOVER,-1,False,True,False,False,0,healthy
200.622923399,mixed_pdv_loss_holdover,0.0,0.0,0.0,0.0,0.0,6.0,2.0,1.5,0.0,0.0,0.0,20.0,4,1282,Sync,0.0,9afaad.fffe.86c168,128,255,254,65535,128,0,160,HOLDOVER,-1,False,True,False,False,0,healthy
200.74301520900002,mixed_pdv_loss_holdover,0.0,0.0,0.0,0.0,0.0,6.0,2.0,1.5,0.0,0.0,0.0,20.0,4,1283,Sync,0.0,9afaad.fffe.86c168,128,255,254,65535,128,0,160,HOLDOVER,-1,False,True,False,False,0,healthy
200.860763678,mixed_pdv_loss_holdover,0.0,0.0,0.0,0.0,0.0,6.0,2.0,1.5,0.0,0.0,0.0,20.0,4,1284,Sync,0.0,9afaad.fffe.86c168,128,255,254,65535,128,0,160,HOLDOVER,-1,False,True,False,False,0,healthy
200.985283187,mixed_pdv_loss_holdover,0.0,0.0,0.0,0.0,0.0,6.0,2.0,1.5,0.0,0.0,0.0,20.0,4,1285,Sync,0.0,9afaad.fffe.86c168,128,255,254,65535,128,0,160,HOLDOVER,-1,False,True,False,False,0,healthy
201.100314064,mixed_pdv_loss_holdover,0.0,0.0,0.0,0.0,0.0,6.0,2.0,1.5,0.0,0.0,0.0,20.0,4,1286,Sync,0.0,9afaad.fffe.86c168,128,255,254,65535,128,0,160,HOLDOVER,-1,False,True,False,False,0,healthy
201.22084180000002,mixed_pdv_loss_holdover,0.0,0.0,0.0,0.0,0.0,6.0,2.0,1.5,0.0,0.0,0.0,20.0,4,1287,Sync,0.0,9afaad.fffe.86c168,128,255,254,65535,128,0,160,HOLDOVER,-1,False,True,False,False,0,healthy
201.340987007,mixed_pdv_loss_holdover,0.0,0.0,0.0,0.0,0.0,6.0,2.0,1.5,0.0,0.0,0.0,20.0,4,1288,Sync,0.0,9afaad.fffe.86c168,128,255,254,65535,128,0,160,HOLDOVER,-1,False,True,False,False,0,healthy
201.457031936,mixed_pdv_loss_holdover,0.0,0.0,0.0,0.0,0.0,6.0,2.0,1.5,0.0,0.0,0.0,20.0,4,1289,Sync,0.0,9afaad.fffe.86c168,128,255,254,65535,128,0,160,HOLDOVER,-1,False,True,False,False,0,healthy
201.593872456,mixed_pdv_loss_holdover,0.0,0.0,0.0,0.0,0.0,6.0,2.0,1.5,0.0,0.0,0.0,20.0,4,1290,Sync,0.0,9afaad.fffe.86c168,128,255,254,65535,128,0,160,HOLDOVER,-1,False,True,False,False,0,healthy
201.70975700600002,mixed_pdv_loss_holdover,0.0,0.0,0.0,0.0,0.0,6.0,2.0,1.5,0.0,0.0,0.0,20.0,4,1291,Sync,0.0,9afaad.fffe.86c168,128,255,254,65535,128,0,160,HOLDOVER,-1,False,True,False,False,0,healthy
201.843149425,mixed_pdv_loss_holdover,0.0,0.0,0.0,0.0,0.0,6.0,2.0,1.5,0.0,0.0,0.0,20.0,4,1292,Sync,0.0,9afaad.fffe.86c168,128,255,254,65535,128,0,160,HOLDOVER,-1,False,True,False,False,0,healthy
201.960723237,mixed_pdv_loss_holdover,0.0,0.0,0.0,0.0,0.0,6.0,2.0,1.5,0.0,0.0,0.0,20.0,4,1293,Sync,0.0,9afaad.fffe.86c168,128,255,254,65535,128,0,160,HOLDOVER,-1,False,True,False,False,0,healthy
202.07758005600002,mixed_pdv_loss_holdover,0.0,0.0,0.0,0.0,0.0,6.0,2.0,1.5,0.0,0.0,0.0,20.0,4,1294,Sync,0.0,9afaad.fffe.86c168,128,255,254,65535,128,0,160,HOLDOVER,-1,False,True,False,False,0,healthy
202.215239413,mixed_pdv_loss_holdover,0.0,0.0,0.0,0.0,0.0,6.0,2.0,1.5,0.0,0.0,0.0,20.0,4,1295,Sync,0.0,9afaad.fffe.86c168,128,255,254,65535,128,0,160,HOLDOVER,-1,False,True,False,False,0,healthy
202.331947741,mixed_pdv_loss_holdover,0.0,0.0,0.0,0.0,0.0,6.0,2.0,1.5,0.0,0.0,0.0,20.0,4,1296,Sync,0.0,9afaad.fffe.86c168,128,255,254,65535,128,0,160,HOLDOVER,-1,False,True,False,False,0,healthy
202.447963641,mixed_pdv_loss_holdover,0.0,0.0,0.0,0.0,0.0,6.0,2.0,1.5,0.0,0.0,0.0,20.0,4,1297,Sync,0.0,9afaad.fffe.86c168,128,255,254,65535,128,0,160,HOLDOVER,-1,False,True,False,False,0,healthy
202.592018841,mixed_pdv_loss_holdover,0.0,0.0,0.0,0.0,0.0,6.0,2.0,1.5,0.0,0.0,0.0,20.0,4,1298,Sync,0.0,9afaad.fffe.86c168,128,255,254,65535,128,0,160,HOLDOVER,-1,False,True,False,False,0,healthy
202.708508641,mixed_pdv_loss_holdover,0.0,0.0,0.0,0.0,0.0,6.0,2.0,1.5,0.0,0.0,0.0,20.0,4,1299,Sync,0.0,9afaad.fffe.86c168,128,255,254,65535,128,0,160,HOLDOVER,-1,False,True,False,False,0,healthy
202.826343541,mixed_pdv_loss_holdover,0.0,0.0,0.0,0.0,0.0,6.0,2.0,1.5,0.0,0.0,0.0,20.0,4,1300,Sync,0.0,9afaad.fffe.86c168,128,255,254,65535,128,0,160,HOLDOVER,-1,False,True,False,False,0,healthy
202.943742641,mixed_pdv_loss_holdover,0.0,0.0,0.0,0.0,0.0,6.0,2.0,1.5,0.0,0.0,0.0,20.0,4,1301,Sync,0.0,9afaad.fffe.86c168,128,255,254,65535,128,0,160,HOLDOVER,-1,False,True,False,False,0,healthy
203.059181341,mixed_pdv_loss_holdover,0.0,0.0,0.0,0.0,0.0,6.0,2.0,1.5,0.0,0.0,0.0,20.0,4,1302,Sync,0.0,9afaad.fffe.86c168,128,255,254,65535,128,0,160,HOLDOVER,-1,False,True,False,False,0,healthy
203.196403341,mixed_pdv_loss_holdover,0.0,0.0,0.0,0.0,0.0,6.0,2.0,1.5,0.0,0.0,0.0,20.0,4,1303,Sync,0.0,9afaad.fffe.86c168,128,255,254,65535,128,0,160,HOLDOVER,-1,False,True,False,False,0,healthy
203.313404041,mixed_pdv_loss_holdover,0.0,0.0,0.0,0.0,0.0,6.0,2.0,1.5,0.0,0.0,0.0,20.0,4,1304,Sync,0.0,9afaad.fffe.86c168,128,255,254,65535,128,0,160,HOLDOVER,-1,False,True,False,False,0,healthy
203.430302141,mixed_pdv_loss_holdover,0.0,0.0,0.0,0.0,0.0,6.0,2.0,1.5,0.0,0.0,0.0,20.0,4,1305,Sync,0.0,9afaad.fffe.86c168,128,255,254,65535,128,0,160,HOLDOVER,-1,False,True,False,False,0,healthy
203.54699764100002,mixed_pdv_loss_holdover,0.0,0.0,0.0,0.0,0.0,6.0,2.0,1.5,0.0,0.0,0.0,20.0,4,1306,Sync,0.0,9afaad.fffe.86c168,128,255,254,65535,128,0,160,HOLDOVER,-1,False,True,False,False,0,healthy
203.662508741,mixed_pdv_loss_holdover,0.0,0.0,0.0,0.0,0.0,6.0,2.0,1.5,0.0,0.0,0.0,20.0,4,1307,Sync,0.0,9afaad.fffe.86c168,128,255,254,65535,128,0,160,HOLDOVER,-1,False,True,False,False,0,healthy
203.78487074100002,mixed_pdv_loss_holdover,0.0,0.0,0.0,0.0,0.0,6.0,2.0,1.5,0.0,0.0,0.0,20.0,4,1308,Sync,0.0,9afaad.fffe.86c168,128,255,254,65535,128,0,160,HOLDOVER,-1,False,True,False,False,0,healthy
203.90107644100001,mixed_pdv_loss_holdover,0.0,0.0,0.0,0.0,0.0,6.0,2.0,1.5,0.0,0.0,0.0,20.0,4,1309,Sync,0.0,9afaad.fffe.86c168,128,255,254,65535,128,0,160,HOLDOVER,-1,False,True,False,False,0,healthy
204.024271341,mixed_pdv_loss_holdover,0.0,0.0,0.0,0.0,0.0,6.0,2.0,1.5,0.0,0.0,0.0,20.0,4,1310,Sync,0.0,9afaad.fffe.86c168,128,255,254,65535,128,0,160,HOLDOVER,-1,False,True,False,False,0,healthy
204.171658141,mixed_pdv_loss_holdover,0.0,0.0,0.0,0.0,0.0,6.0,2.0,1.5,0.0,0.0,0.0,20.0,4,1311,Sync,0.0,9afaad.fffe.86c168,128,255,254,65535,128,0,160,HOLDOVER,-1,False,True,False,False,0,healthy
204.288511841,mixed_pdv_loss_holdover,0.0,0.0,0.0,0.0,0.0,6.0,2.0,1.5,0.0,0.0,0.0,20.0,4,1312,Sync,0.0,9afaad.fffe.86c168,128,255,254,65535,128,0,160,HOLDOVER,-1,False,True,False,False,0,healthy
204.408713841,mixed_pdv_loss_holdover,0.0,0.0,0.0,0.0,0.0,6.0,2.0,1.5,0.0,0.0,0.0,20.0,4,1313,Sync,0.0,9afaad.fffe.86c168,128,255,254,65535,128,0,160,HOLDOVER,-1,False,True,False,False,0,healthy
204.525185541,mixed_pdv_loss_holdover,0.0,0.0,0.0,0.0,0.0,6.0,2.0,1.5,0.0,0.0,0.0,20.0,4,1314,Sync,0.0,9afaad.fffe.86c168,128,255,254,65535,128,0,160,HOLDOVER,-1,False,True,False,False,0,healthy
204.64320454100002,mixed_pdv_loss_holdover,0.0,0.0,0.0,0.0,0.0,6.0,2.0,1.5,0.0,0.0,0.0,20.0,4,1315,Sync,0.0,9afaad.fffe.86c168,128,255,254,65535,128,0,160,HOLDOVER,-1,False,True,False,False,0,healthy
204.766634141,mixed_pdv_loss_holdover,0.0,0.0,0.0,0.0,0.0,6.0,2.0,1.5,0.0,0.0,0.0,20.0,4,1316,Sync,0.0,9afaad.fffe.86c168,128,255,254,65535,128,0,160,HOLDOVER,-1,False,True,False,False,0,healthy
204.882459041,mixed_pdv_loss_holdover,0.0,0.0,0.0,0.0,0.0,6.0,2.0,1.5,0.0,0.0,0.0,20.0,4,1317,Sync,0.0,9afaad.fffe.86c168,128,255,254,65535,128,0,160,HOLDOVER,-1,False,True,False,False,0,healthy
204.99913354100002,mixed_pdv_loss_holdover,0.0,0.0,0.0,0.0,0.0,6.0,2.0,1.5,0.0,0.0,0.0,20.0,4,1318,Sync,0.0,9afaad.fffe.86c168,128,255,254,65535,128,0,160,HOLDOVER,-1,False,True,False,False,0,healthy
205.120025341,mixed_pdv_loss_holdover,0.0,0.0,0.0,0.0,0.0,6.0,2.0,1.5,0.0,0.0,0.0,20.0,4,1319,Sync,0.0,9afaad.fffe.86c168,128,255,254,65535,128,0,160,HOLDOVER,-1,False,True,False,False,0,healthy
205.23603824100002,mixed_pdv_loss_holdover,0.0,0.0,0.0,0.0,0.0,6.0,2.0,1.5,0.0,0.0,0.0,20.0,4,1320,Sync,0.0,9afaad.fffe.86c168,128,255,254,65535,128,0,160,HOLDOVER,-1,False,True,False,False,0,healthy
205.35337464100002,mixed_pdv_loss_holdover,0.0,0.0,0.0,0.0,0.0,6.0,2.0,1.5,0.0,0.0,0.0,20.0,4,1321,Sync,0.0,9afaad.fffe.86c168,128,255,254,65535,128,0,160,HOLDOVER,-1,False,True,False,False,0,healthy
205.469290741,mixed_pdv_loss_holdover,0.0,0.0,0.0,0.0,0.0,6.0,2.0,1.5,0.0,0.0,0.0,20.0,4,1322,Sync,0.0,9afaad.fffe.86c168,128,255,254,65535,128,0,160,HOLDOVER,-1,False,True,False,False,0,healthy
205.588260721,mixed_pdv_loss_holdover,0.0,0.0,0.0,0.0,0.0,6.0,2.0,1.5,0.0,0.0,0.0,20.0,4,1323,Sync,0.0,9afaad.fffe.86c168,128,255,254,65535,128,0,160,HOLDOVER,-1,False,True,False,False,0,healthy
205.705605894,mixed_pdv_loss_holdover,0.0,0.0,0.0,0.0,0.0,6.0,2.0,1.5,0.0,0.0,0.0,20.0,4,1324,Sync,0.0,9afaad.fffe.86c168,128,255,254,65535,128,0,160,HOLDOVER,-1,False,True,False,False,0,healthy
205.843547725,mixed_pdv_loss_holdover,0.0,0.0,0.0,0.0,0.0,6.0,2.0,1.5,0.0,0.0,0.0,20.0,4,1325,Sync,0.0,9afaad.fffe.86c168,128,255,254,65535,128,0,160,HOLDOVER,-1,False,True,False,False,0,healthy
205.960610612,mixed_pdv_loss_holdover,0.0,0.0,0.0,0.0,0.0,6.0,2.0,1.5,0.0,0.0,0.0,20.0,4,1326,Sync,0.0,9afaad.fffe.86c168,128,255,254,65535,128,0,160,HOLDOVER,-1,False,True,False,False,0,healthy
206.07681434100002,mixed_pdv_loss_holdover,0.0,0.0,0.0,0.0,0.0,6.0,2.0,1.5,0.0,0.0,0.0,20.0,4,1327,Sync,0.0,9afaad.fffe.86c168,128,255,254,65535,128,0,160,HOLDOVER,-1,False,True,False,False,0,healthy
206.220541407,mixed_pdv_loss_holdover,0.0,0.0,0.0,0.0,0.0,6.0,2.0,1.5,0.0,0.0,0.0,20.0,4,1328,Sync,0.0,9afaad.fffe.86c168,128,255,254,65535,128,0,160,HOLDOVER,-1,False,True,False,False,0,healthy
206.336819833,mixed_pdv_loss_holdover,0.0,0.0,0.0,0.0,0.0,6.0,2.0,1.5,0.0,0.0,0.0,20.0,4,1329,Sync,0.0,9afaad.fffe.86c168,128,255,254,65535,128,0,160,HOLDOVER,-1,False,True,False,False,0,healthy
206.454366344,mixed_pdv_loss_holdover,0.0,0.0,0.0,0.0,0.0,6.0,2.0,1.5,0.0,0.0,0.0,20.0,4,1330,Sync,0.0,9afaad.fffe.86c168,128,255,254,65535,128,0,160,HOLDOVER,-1,False,True,False,False,0,healthy
206.593654181,mixed_pdv_loss_holdover,0.0,0.0,0.0,0.0,0.0,6.0,2.0,1.5,0.0,0.0,0.0,20.0,4,1331,Announce,7.1793777657694156,9afaad.fffe.86c168,128,255,254,65535,128,0,160,HOLDOVER,-1,False,True,False,False,0,healthy
206.711955666,mixed_pdv_loss_holdover,0.0,0.0,0.0,0.0,0.0,6.0,2.0,1.5,0.0,0.0,0.0,20.0,4,1332,Sync,16.905958534672507,9afaad.fffe.86c168,128,255,254,65535,128,0,160,HOLDOVER,-1,False,True,False,False,0,healthy
206.84725645700001,mixed_pdv_loss_holdover,0.0,0.0,0.0,0.0,0.0,6.0,2.0,1.5,0.0,0.0,0.0,20.0,4,1333,Sync,14.781879582653012,9afaad.fffe.86c168,128,255,254,65535,128,0,160,HOLDOVER,-1,False,True,False,False,0,healthy
206.99123837000002,mixed_pdv_loss_holdover,0.0,0.0,0.0,0.0,0.0,6.0,2.0,1.5,0.0,0.0,0.0,20.0,4,1334,Sync,13.890633610347543,9afaad.fffe.86c168,128,255,254,65535,128,0,160,HOLDOVER,-1,False,True,False,False,0,healthy
207.106946953,mixed_pdv_loss_holdover,0.0,0.0,0.0,0.0,0.0,6.0,2.0,1.5,0.0,0.0,0.0,20.0,4,1335,Sync,17.284802459297648,9afaad.fffe.86c168,128,255,254,65535,128,0,160,HOLDOVER,-1,False,True,False,False,0,healthy
207.245906319,mixed_pdv_loss_holdover,0.0,0.0,0.0,0.0,0.0,6.0,2.0,1.5,0.0,0.0,0.0,20.0,4,1336,Sync,14.392696639102958,9afaad.fffe.86c168,128,255,254,65535,128,0,160,HOLDOVER,-1,False,True,False,False,0,healthy
207.363253737,mixed_pdv_loss_holdover,0.0,0.0,0.0,0.0,0.0,6.0,2.0,1.5,0.0,0.0,0.0,20.0,4,1337,Sync,17.043408658551446,9afaad.fffe.86c168,128,255,254,65535,128,0,160,HOLDOVER,-1,False,True,False,False,0,healthy
207.47869634100002,mixed_pdv_loss_holdover,0.0,0.0,0.0,0.0,0.0,6.0,2.0,1.5,0.0,0.0,0.0,20.0,4,1338,Sync,17.32462653042585,9afaad.fffe.86c168,128,255,254,65535,128,0,160,HOLDOVER,-1,False,True,False,False,0,healthy
207.620234745,mixed_pdv_loss_holdover,0.0,0.0,0.0,0.0,0.0,6.0,2.0,1.5,0.0,0.0,0.0,20.0,4,1339,Sync,14.130440526941166,9afaad.fffe.86c168,128,255,254,65535,128,0,160,HOLDOVER,-1,False,True,False,False,0,healthy
207.762696556,mixed_pdv_loss_holdover,0.0,0.0,0.0,0.0,0.0,6.0,2.0,1.5,0.0,0.0,0.0,20.0,4,1340,Sync,14.038850032588341,9afaad.fffe.86c168,128,255,254,65535,128,0,160,HOLDOVER,-1,False,True,False,False,0,healthy
207.877689027,mixed_pdv_loss_holdover,0.0,0.0,0.0,0.0,0.0,6.0,2.0,1.5,0.0,0.0,0.0,20.0,4,1341,Sync,17.392443023509863,9afaad.fffe.86c168,128,255,254,65535,128,0,160,HOLDOVER,-1,False,True,False,False,0,healthy
207.997532388,mixed_pdv_loss_holdover,0.0,0.0,0.0,0.0,0.0,6.0,2.0,1.5,0.0,0.0,0.0,20.0,4,1342,Sync,0.0,9afaad.fffe.86c168,128,255,254,65535,128,0,160,HOLDOVER,-1,False,True,False,False,0,healthy
208.141617607,mixed_pdv_loss_holdover,0.0,0.0,0.0,0.0,0.0,6.0,2.0,1.5,0.0,0.0,0.0,20.0,4,1343,Sync,0.0,9afaad.fffe.86c168,128,255,254,65535,128,0,160,HOLDOVER,-1,False,True,False,False,0,healthy
208.257632886,mixed_pdv_loss_holdover,0.0,0.0,0.0,0.0,0.0,6.0,2.0,1.5,0.0,0.0,0.0,20.0,4,1344,Sync,0.0,9afaad.fffe.86c168,128,255,254,65535,128,0,160,HOLDOVER,-1,False,True,False,False,0,healthy
208.401305955,mixed_pdv_loss_holdover,0.0,0.0,0.0,0.0,0.0,6.0,2.0,1.5,0.0,0.0,0.0,20.0,4,1345,Sync,0.0,9afaad.fffe.86c168,128,255,254,65535,128,0,160,HOLDOVER,-1,False,True,False,False,0,healthy
208.518759511,mixed_pdv_loss_holdover,0.0,0.0,0.0,0.0,0.0,6.0,2.0,1.5,0.0,0.0,0.0,20.0,4,1346,Sync,0.0,9afaad.fffe.86c168,128,255,254,65535,128,0,160,HOLDOVER,-1,False,True,False,False,0,healthy
208.662467047,mixed_pdv_loss_holdover,0.0,0.0,0.0,0.0,0.0,6.0,2.0,1.5,0.0,0.0,0.0,20.0,4,1347,Sync,0.0,9afaad.fffe.86c168,128,255,254,65535,128,0,160,HOLDOVER,-1,False,True,False,False,0,healthy
208.791215426,mixed_pdv_loss_holdover,0.0,0.0,0.0,0.0,0.0,6.0,2.0,1.5,0.0,0.0,0.0,20.0,4,1348,Sync,0.0,9afaad.fffe.86c168,128,255,254,65535,128,0,160,HOLDOVER,-1,False,True,False,False,0,healthy
208.906621316,mixed_pdv_loss_holdover,0.0,0.0,0.0,0.0,0.0,6.0,2.0,1.5,0.0,0.0,0.0,20.0,4,1349,Sync,0.0,9afaad.fffe.86c168,128,255,254,65535,128,0,160,HOLDOVER,-1,False,True,False,False,0,healthy
209.032653469,mixed_pdv_loss_holdover,0.0,0.0,0.0,0.0,0.0,6.0,2.0,1.5,0.0,0.0,0.0,20.0,4,1350,Sync,0.0,9afaad.fffe.86c168,128,255,254,65535,128,0,160,HOLDOVER,-1,False,True,False,False,0,healthy
209.15253618100002,mixed_pdv_loss_holdover,0.0,0.0,0.0,0.0,0.0,6.0,2.0,1.5,0.0,0.0,0.0,20.0,4,1351,Sync,0.0,9afaad.fffe.86c168,128,255,254,65535,128,0,160,HOLDOVER,-1,False,True,False,False,0,healthy
209.26874498700002,mixed_pdv_loss_holdover,0.0,0.0,0.0,0.0,0.0,6.0,2.0,1.5,0.0,0.0,0.0,20.0,4,1352,Sync,0.0,9afaad.fffe.86c168,128,255,254,65535,128,0,160,HOLDOVER,-1,False,True,False,False,0,healthy
209.397950236,mixed_pdv_loss_holdover,0.0,0.0,0.0,0.0,0.0,6.0,2.0,1.5,0.0,0.0,0.0,20.0,4,1353,Sync,0.0,9afaad.fffe.86c168,128,255,254,65535,128,0,160,HOLDOVER,-1,False,True,False,False,0,healthy
209.51355229,mixed_pdv_loss_holdover,0.0,0.0,0.0,0.0,0.0,6.0,2.0,1.5,0.0,0.0,0.0,20.0,4,1354,Sync,0.0,9afaad.fffe.86c168,128,255,254,65535,128,0,160,HOLDOVER,-1,False,True,False,False,0,healthy
209.631940189,mixed_pdv_loss_holdover,0.0,0.0,0.0,0.0,0.0,6.0,2.0,1.5,0.0,0.0,0.0,20.0,4,1355,Sync,0.0,9afaad.fffe.86c168,128,255,254,65535,128,0,160,HOLDOVER,-1,False,True,False,False,0,healthy
209.77393351,mixed_pdv_loss_holdover,0.0,0.0,0.0,0.0,0.0,6.0,2.0,1.5,0.0,0.0,0.0,20.0,4,1356,Sync,0.0,9afaad.fffe.86c168,128,255,254,65535,128,0,160,HOLDOVER,-1,False,True,False,False,0,healthy
209.889540154,mixed_pdv_loss_holdover,0.0,0.0,0.0,0.0,0.0,6.0,2.0,1.5,0.0,0.0,0.0,20.0,4,1357,Sync,0.0,9afaad.fffe.86c168,128,255,254,65535,128,0,160,HOLDOVER,-1,False,True,False,False,0,healthy
210.007736771,mixed_pdv_loss_holdover,0.0,0.0,0.0,0.0,0.0,6.0,2.0,1.5,0.0,0.0,0.0,20.0,4,1358,Sync,0.0,9afaad.fffe.86c168,128,255,254,65535,128,0,160,HOLDOVER,-1,False,True,False,False,0,healthy
210.14695782,mixed_pdv_loss_holdover,0.0,0.0,0.0,0.0,0.0,6.0,2.0,1.5,0.0,0.0,0.0,20.0,4,1359,Sync,0.0,9afaad.fffe.86c168,128,255,254,65535,128,0,160,HOLDOVER,-1,False,True,False,False,0,healthy
210.26581352600002,mixed_pdv_loss_holdover,0.0,0.0,0.0,0.0,0.0,6.0,2.0,1.5,0.0,0.0,0.0,20.0,4,1360,Sync,0.0,9afaad.fffe.86c168,128,255,254,65535,128,0,160,HOLDOVER,-1,False,True,False,False,0,healthy
210.38226253300002,mixed_pdv_loss_holdover,0.0,0.0,0.0,0.0,0.0,6.0,2.0,1.5,0.0,0.0,0.0,20.0,4,1361,Sync,0.0,9afaad.fffe.86c168,128,255,254,65535,128,0,160,HOLDOVER,-1,False,True,False,False,0,healthy
210.49652092600002,mixed_pdv_loss_holdover,0.0,0.0,0.0,0.0,0.0,6.0,2.0,1.5,0.0,0.0,0.0,20.0,4,1362,Sync,0.0,9afaad.fffe.86c168,128,255,254,65535,128,0,160,HOLDOVER,-1,False,True,False,False,0,healthy
210.617115746,mixed_pdv_loss_holdover,0.0,0.0,0.0,0.0,0.0,6.0,2.0,1.5,0.0,0.0,0.0,20.0,4,1363,Sync,0.0,9afaad.fffe.86c168,128,255,254,65535,128,0,160,HOLDOVER,-1,False,True,False,False,0,healthy
210.73704767,mixed_pdv_loss_holdover,0.0,0.0,0.0,0.0,0.0,6.0,2.0,1.5,0.0,0.0,0.0,20.0,4,1364,Sync,0.0,9afaad.fffe.86c168,128,255,254,65535,128,0,160,HOLDOVER,-1,False,True,False,False,0,healthy
210.853334005,mixed_pdv_loss_holdover,0.0,0.0,0.0,0.0,0.0,6.0,2.0,1.5,0.0,0.0,0.0,20.0,4,1365,Sync,0.0,9afaad.fffe.86c168,128,255,254,65535,128,0,160,HOLDOVER,-1,False,True,False,False,0,healthy
210.998995763,mixed_pdv_loss_holdover,0.0,0.0,0.0,0.0,0.0,6.0,2.0,1.5,0.0,0.0,0.0,20.0,4,1366,Sync,0.0,9afaad.fffe.86c168,128,255,254,65535,128,0,160,HOLDOVER,-1,False,True,False,False,0,healthy
211.115076364,mixed_pdv_loss_holdover,0.0,0.0,0.0,0.0,0.0,6.0,2.0,1.5,0.0,0.0,0.0,20.0,4,1367,Sync,0.0,9afaad.fffe.86c168,128,255,254,65535,128,0,160,HOLDOVER,-1,False,True,False,False,0,healthy
211.23134105900002,mixed_pdv_loss_holdover,0.0,0.0,0.0,0.0,0.0,6.0,2.0,1.5,0.0,0.0,0.0,20.0,4,1368,Sync,0.0,9afaad.fffe.86c168,128,255,254,65535,128,0,160,HOLDOVER,-1,False,True,False,False,0,healthy
211.373727159,mixed_pdv_loss_holdover,0.0,0.0,0.0,0.0,0.0,6.0,2.0,1.5,0.0,0.0,0.0,20.0,4,1369,Sync,0.0,9afaad.fffe.86c168,128,255,254,65535,128,0,160,HOLDOVER,-1,False,True,False,False,0,healthy
211.491071659,mixed_pdv_loss_holdover,0.0,0.0,0.0,0.0,0.0,6.0,2.0,1.5,0.0,0.0,0.0,20.0,4,1370,Sync,0.0,9afaad.fffe.86c168,128,255,254,65535,128,0,160,HOLDOVER,-1,False,True,False,False,0,healthy
211.627427059,mixed_pdv_loss_holdover,0.0,0.0,0.0,0.0,0.0,6.0,2.0,1.5,0.0,0.0,0.0,20.0,4,1371,Sync,0.0,9afaad.fffe.86c168,128,255,254,65535,128,0,160,HOLDOVER,-1,False,True,False,False,0,healthy
211.74855115900002,mixed_pdv_loss_holdover,0.0,0.0,0.0,0.0,0.0,6.0,2.0,1.5,0.0,0.0,0.0,20.0,4,1372,Sync,0.0,9afaad.fffe.86c168,128,255,254,65535,128,0,160,HOLDOVER,-1,False,True,False,False,0,healthy
211.863778759,mixed_pdv_loss_holdover,0.0,0.0,0.0,0.0,0.0,6.0,2.0,1.5,0.0,0.0,0.0,20.0,4,1373,Sync,0.0,9afaad.fffe.86c168,128,255,254,65535,128,0,160,HOLDOVER,-1,False,True,False,False,0,healthy
211.985576759,mixed_pdv_loss_holdover,0.0,0.0,0.0,0.0,0.0,6.0,2.0,1.5,0.0,0.0,0.0,20.0,4,1374,Sync,0.0,9afaad.fffe.86c168,128,255,254,65535,128,0,160,HOLDOVER,-1,False,True,False,False,0,healthy
212.10333645900002,mixed_pdv_loss_holdover,0.0,0.0,0.0,0.0,0.0,6.0,2.0,1.5,0.0,0.0,0.0,20.0,4,1375,Sync,0.0,9afaad.fffe.86c168,128,255,254,65535,128,0,160,HOLDOVER,-1,False,True,False,False,0,healthy
212.22776385900002,mixed_pdv_loss_holdover,0.0,0.0,0.0,0.0,0.0,6.0,2.0,1.5,0.0,0.0,0.0,20.0,4,1376,Sync,0.0,9afaad.fffe.86c168,128,255,254,65535,128,0,160,HOLDOVER,-1,False,True,False,False,0,healthy
212.36548295900002,mixed_pdv_loss_holdover,0.0,0.0,0.0,0.0,0.0,6.0,2.0,1.5,0.0,0.0,0.0,20.0,4,1377,Sync,0.0,9afaad.fffe.86c168,128,255,254,65535,128,0,160,HOLDOVER,-1,False,True,False,False,0,healthy
212.483027259,mixed_pdv_loss_holdover,0.0,0.0,0.0,0.0,0.0,6.0,2.0,1.5,0.0,0.0,0.0,20.0,4,1378,Sync,0.0,9afaad.fffe.86c168,128,255,254,65535,128,0,160,HOLDOVER,-1,False,True,False,False,0,healthy
212.61969495900001,mixed_pdv_loss_holdover,0.0,0.0,0.0,0.0,0.0,6.0,2.0,1.5,0.0,0.0,0.0,20.0,4,1379,Sync,0.0,9afaad.fffe.86c168,128,255,254,65535,128,0,160,HOLDOVER,-1,False,True,False,False,0,healthy
212.73551085900002,mixed_pdv_loss_holdover,0.0,0.0,0.0,0.0,0.0,6.0,2.0,1.5,0.0,0.0,0.0,20.0,4,1380,Sync,0.0,9afaad.fffe.86c168,128,255,254,65535,128,0,160,HOLDOVER,-1,False,True,False,False,0,healthy
212.870758359,mixed_pdv_loss_holdover,0.0,0.0,0.0,0.0,0.0,6.0,2.0,1.5,0.0,0.0,0.0,20.0,4,1381,Sync,0.0,9afaad.fffe.86c168,128,255,254,65535,128,0,160,HOLDOVER,-1,False,True,False,False,0,healthy
213.002190159,mixed_pdv_loss_holdover,0.0,0.0,0.0,0.0,0.0,6.0,2.0,1.5,0.0,0.0,0.0,20.0,4,1382,Sync,0.0,9afaad.fffe.86c168,128,255,254,65535,128,0,160,HOLDOVER,-1,False,True,False,False,0,healthy
213.11823216000002,mixed_pdv_loss_holdover,0.0,0.0,0.0,0.0,0.0,6.0,2.0,1.5,0.0,0.0,0.0,20.0,4,1383,Sync,0.0,9afaad.fffe.86c168,128,255,254,65535,128,0,160,HOLDOVER,-1,False,True,False,False,0,healthy
213.24651676000002,mixed_pdv_loss_holdover,0.0,0.0,0.0,0.0,0.0,6.0,2.0,1.5,0.0,0.0,0.0,20.0,4,1384,Sync,0.0,9afaad.fffe.86c168,128,255,254,65535,128,0,160,HOLDOVER,-1,False,True,False,False,0,healthy
213.39180326000002,mixed_pdv_loss_holdover,0.0,0.0,0.0,0.0,0.0,6.0,2.0,1.5,0.0,0.0,0.0,20.0,4,1385,Sync,0.0,9afaad.fffe.86c168,128,255,254,65535,128,0,160,HOLDOVER,-1,False,True,False,False,0,healthy
213.50878016000001,mixed_pdv_loss_holdover,0.0,0.0,0.0,0.0,0.0,6.0,2.0,1.5,0.0,0.0,0.0,20.0,4,1386,Sync,0.0,9afaad.fffe.86c168,128,255,254,65535,128,0,160,HOLDOVER,-1,False,True,False,False,0,healthy
213.62578881800002,mixed_pdv_loss_holdover,0.0,0.0,0.0,0.0,0.0,6.0,2.0,1.5,0.0,0.0,0.0,20.0,4,1387,Sync,0.0,9afaad.fffe.86c168,128,255,254,65535,128,0,160,HOLDOVER,-1,False,True,False,False,0,healthy
213.762794551,mixed_pdv_loss_holdover,0.0,0.0,0.0,0.0,0.0,6.0,2.0,1.5,0.0,0.0,0.0,20.0,4,1388,Sync,0.0,9afaad.fffe.86c168,128,255,254,65535,128,0,160,HOLDOVER,-1,False,True,False,False,0,healthy
213.877499343,mixed_pdv_loss_holdover,0.0,0.0,0.0,0.0,0.0,6.0,2.0,1.5,0.0,0.0,0.0,20.0,4,1389,Sync,0.0,9afaad.fffe.86c168,128,255,254,65535,128,0,160,HOLDOVER,-1,False,True,False,False,0,healthy
213.992208076,mixed_pdv_loss_holdover,0.0,0.0,0.0,0.0,0.0,6.0,2.0,1.5,0.0,0.0,0.0,20.0,4,1390,Sync,0.0,9afaad.fffe.86c168,128,255,254,65535,128,0,160,HOLDOVER,-1,False,True,False,False,0,healthy
214.112572551,mixed_pdv_loss_holdover,0.0,0.0,0.0,0.0,0.0,6.0,2.0,1.5,0.0,0.0,0.0,20.0,4,1391,Sync,0.0,9afaad.fffe.86c168,128,255,254,65535,128,0,160,HOLDOVER,-1,False,True,False,False,0,healthy
214.227220143,mixed_pdv_loss_holdover,0.0,0.0,0.0,0.0,0.0,6.0,2.0,1.5,0.0,0.0,0.0,20.0,4,1392,Sync,0.0,9afaad.fffe.86c168,128,255,254,65535,128,0,160,HOLDOVER,-1,False,True,False,False,0,healthy
214.34441872600001,mixed_pdv_loss_holdover,0.0,0.0,0.0,0.0,0.0,6.0,2.0,1.5,0.0,0.0,0.0,20.0,4,1393,Sync,0.0,9afaad.fffe.86c168,128,255,254,65535,128,0,160,HOLDOVER,-1,False,True,False,False,0,healthy
214.46037797600002,mixed_pdv_loss_holdover,0.0,0.0,0.0,0.0,0.0,6.0,2.0,1.5,0.0,0.0,0.0,20.0,4,1394,Sync,0.0,9afaad.fffe.86c168,128,255,254,65535,128,0,160,HOLDOVER,-1,False,True,False,False,0,healthy
214.587432651,mixed_pdv_loss_holdover,0.0,0.0,0.0,0.0,0.0,6.0,2.0,1.5,0.0,0.0,0.0,20.0,4,1395,Sync,0.0,9afaad.fffe.86c168,128,255,254,65535,128,0,160,HOLDOVER,-1,False,True,False,False,0,healthy
214.701426935,mixed_pdv_loss_holdover,0.0,0.0,0.0,0.0,0.0,6.0,2.0,1.5,0.0,0.0,0.0,20.0,4,1396,Sync,0.0,9afaad.fffe.86c168,128,255,254,65535,128,0,160,HOLDOVER,-1,False,True,False,False,0,healthy
214.816894393,mixed_pdv_loss_holdover,0.0,0.0,0.0,0.0,0.0,6.0,2.0,1.5,0.0,0.0,0.0,20.0,4,1397,Sync,0.0,9afaad.fffe.86c168,128,255,254,65535,128,0,160,HOLDOVER,-1,False,True,False,False,0,healthy
214.950706185,mixed_pdv_loss_holdover,0.0,0.0,0.0,0.0,0.0,6.0,2.0,1.5,0.0,0.0,0.0,20.0,4,1398,Sync,0.0,9afaad.fffe.86c168,128,255,254,65535,128,0,160,HOLDOVER,-1,False,True,False,False,0,healthy
215.065365143,mixed_pdv_loss_holdover,0.0,0.0,0.0,0.0,0.0,6.0,2.0,1.5,0.0,0.0,0.0,20.0,4,1399,Sync,0.0,9afaad.fffe.86c168,128,255,254,65535,128,0,160,HOLDOVER,-1,False,True,False,False,0,healthy
215.185576535,mixed_pdv_loss_holdover,0.0,0.0,0.0,0.0,0.0,6.0,2.0,1.5,0.0,0.0,0.0,20.0,4,1400,Sync,0.0,9afaad.fffe.86c168,128,255,254,65535,128,0,160,HOLDOVER,-1,False,True,False,False,0,healthy
215.300471993,mixed_pdv_loss_holdover,0.0,0.0,0.0,0.0,0.0,6.0,2.0,1.5,0.0,0.0,0.0,20.0,4,1401,Sync,0.0,9afaad.fffe.86c168,128,255,254,65535,128,0,160,HOLDOVER,-1,False,True,False,False,0,healthy
215.421706385,mixed_pdv_loss_holdover,0.0,0.0,0.0,0.0,0.0,6.0,2.0,1.5,0.0,0.0,0.0,20.0,4,1402,Sync,0.0,9afaad.fffe.86c168,128,255,254,65535,128,0,160,HOLDOVER,-1,False,True,False,False,0,healthy
215.54140041,mixed_pdv_loss_holdover,0.0,0.0,0.0,0.0,0.0,6.0,2.0,1.5,0.0,0.0,0.0,20.0,4,1403,Sync,0.0,9afaad.fffe.86c168,128,255,254,65535,128,0,160,HOLDOVER,-1,False,True,False,False,0,healthy
215.657606151,mixed_pdv_loss_holdover,0.0,0.0,0.0,0.0,0.0,6.0,2.0,1.5,0.0,0.0,0.0,20.0,4,1404,Sync,0.0,9afaad.fffe.86c168,128,255,254,65535,128,0,160,HOLDOVER,-1,False,True,False,False,0,healthy
215.773704735,mixed_pdv_loss_holdover,0.0,0.0,0.0,0.0,0.0,6.0,2.0,1.5,0.0,0.0,0.0,20.0,4,1405,Sync,0.0,9afaad.fffe.86c168,128,255,254,65535,128,0,160,HOLDOVER,-1,False,True,False,False,0,healthy
215.88870781,mixed_pdv_loss_holdover,0.0,0.0,0.0,0.0,0.0,6.0,2.0,1.5,0.0,0.0,0.0,20.0,4,1406,Sync,0.0,9afaad.fffe.86c168,128,255,254,65535,128,0,160,HOLDOVER,-1,False,True,False,False,0,healthy
216.003167118,mixed_pdv_loss_holdover,0.0,0.0,0.0,0.0,0.0,6.0,2.0,1.5,0.0,0.0,0.0,20.0,4,1407,Sync,0.0,9afaad.fffe.86c168,128,255,254,65535,128,0,160,HOLDOVER,-1,False,True,False,False,0,healthy
216.144300418,mixed_pdv_loss_holdover,0.0,0.0,0.0,0.0,0.0,6.0,2.0,1.5,0.0,0.0,0.0,20.0,4,1408,Sync,0.0,9afaad.fffe.86c168,128,255,254,65535,128,0,160,HOLDOVER,-1,False,True,False,False,0,healthy
216.26043466000002,mixed_pdv_loss_holdover,0.0,0.0,0.0,0.0,0.0,6.0,2.0,1.5,0.0,0.0,0.0,20.0,4,1409,Sync,0.0,9afaad.fffe.86c168,128,255,254,65535,128,0,160,HOLDOVER,-1,False,True,False,False,0,healthy
216.400699693,mixed_pdv_loss_holdover,0.0,0.0,0.0,0.0,0.0,6.0,2.0,1.5,0.0,0.0,0.0,20.0,4,1410,Sync,0.0,9afaad.fffe.86c168,128,255,254,65535,128,0,160,HOLDOVER,-1,False,True,False,False,0,healthy
216.515566735,mixed_pdv_loss_holdover,0.0,0.0,0.0,0.0,0.0,6.0,2.0,1.5,0.0,0.0,0.0,20.0,4,1411,Sync,0.0,9afaad.fffe.86c168,128,255,254,65535,128,0,160,HOLDOVER,-1,False,True,False,False,0,healthy
216.630383543,mixed_pdv_loss_holdover,0.0,0.0,0.0,0.0,0.0,6.0,2.0,1.5,0.0,0.0,0.0,20.0,4,1412,Sync,0.0,9afaad.fffe.86c168,128,255,254,65535,128,0,160,HOLDOVER,-1,False,True,False,False,0,healthy
216.749859676,mixed_pdv_loss_holdover,0.0,0.0,0.0,0.0,0.0,6.0,2.0,1.5,0.0,0.0,0.0,20.0,4,1413,Sync,0.0,9afaad.fffe.86c168,128,255,254,65535,128,0,160,HOLDOVER,-1,False,True,False,False,0,healthy
216.865521926,mixed_pdv_loss_holdover,0.0,0.0,0.0,0.0,0.0,6.0,2.0,1.5,0.0,0.0,0.0,20.0,4,1414,Sync,0.0,9afaad.fffe.86c168,128,255,254,65535,128,0,160,HOLDOVER,-1,False,True,False,False,0,healthy
217.000408051,mixed_pdv_loss_holdover,0.0,0.0,0.0,0.0,0.0,6.0,2.0,1.5,0.0,0.0,0.0,20.0,4,1415,Sync,0.0,9afaad.fffe.86c168,128,255,254,65535,128,0,160,HOLDOVER,-1,False,True,False,False,0,healthy
217.116239793,mixed_pdv_loss_holdover,0.0,0.0,0.0,0.0,0.0,6.0,2.0,1.5,0.0,0.0,0.0,20.0,4,1416,Sync,0.0,9afaad.fffe.86c168,128,255,254,65535,128,0,160,HOLDOVER,-1,False,True,False,False,0,healthy
217.238308718,mixed_pdv_loss_holdover,0.0,0.0,0.0,0.0,0.0,6.0,2.0,1.5,0.0,0.0,0.0,20.0,4,1417,Sync,0.0,9afaad.fffe.86c168,128,255,254,65535,128,0,160,HOLDOVER,-1,False,True,False,False,0,healthy
217.361129126,mixed_pdv_loss_holdover,0.0,0.0,0.0,0.0,0.0,6.0,2.0,1.5,0.0,0.0,0.0,20.0,4,1418,Sync,0.0,9afaad.fffe.86c168,128,255,254,65535,128,0,160,HOLDOVER,-1,False,True,False,False,0,healthy
217.47827912600002,mixed_pdv_loss_holdover,0.0,0.0,0.0,0.0,0.0,6.0,2.0,1.5,0.0,0.0,0.0,20.0,4,1419,Sync,0.0,9afaad.fffe.86c168,128,255,254,65535,128,0,160,HOLDOVER,-1,False,True,False,False,0,healthy
217.61672448500002,mixed_pdv_loss_holdover,0.0,0.0,0.0,0.0,0.0,6.0,2.0,1.5,0.0,0.0,0.0,20.0,4,1420,Sync,0.0,9afaad.fffe.86c168,128,255,254,65535,128,0,160,HOLDOVER,-1,False,True,False,False,0,healthy
217.75985190100002,mixed_pdv_loss_holdover,0.0,0.0,0.0,0.0,0.0,6.0,2.0,1.5,0.0,0.0,0.0,20.0,4,1421,Sync,0.0,9afaad.fffe.86c168,128,255,254,65535,128,0,160,HOLDOVER,-1,False,True,False,False,0,healthy
217.874480151,mixed_pdv_loss_holdover,0.0,0.0,0.0,0.0,0.0,6.0,2.0,1.5,0.0,0.0,0.0,20.0,4,1422,Sync,0.0,9afaad.fffe.86c168,128,255,254,65535,128,0,160,HOLDOVER,-1,False,True,False,False,0,healthy
217.989968968,mixed_pdv_loss_holdover,0.0,0.0,0.0,0.0,0.0,6.0,2.0,1.5,0.0,0.0,0.0,20.0,4,1423,Sync,0.0,9afaad.fffe.86c168,128,255,254,65535,128,0,160,HOLDOVER,-1,False,True,False,False,0,healthy
218.104645526,mixed_pdv_loss_holdover,0.0,0.0,0.0,0.0,0.0,6.0,2.0,1.5,0.0,0.0,0.0,20.0,4,1424,Sync,0.0,9afaad.fffe.86c168,128,255,254,65535,128,0,160,HOLDOVER,-1,False,True,False,False,0,healthy
218.239030235,mixed_pdv_loss_holdover,0.0,0.0,0.0,0.0,0.0,6.0,2.0,1.5,0.0,0.0,0.0,20.0,4,1425,Sync,0.0,9afaad.fffe.86c168,128,255,254,65535,128,0,160,HOLDOVER,-1,False,True,False,False,0,healthy
218.37952764300002,mixed_pdv_loss_holdover,0.0,0.0,0.0,0.0,0.0,6.0,2.0,1.5,0.0,0.0,0.0,20.0,4,1426,Sync,0.0,9afaad.fffe.86c168,128,255,254,65535,128,0,160,HOLDOVER,-1,False,True,False,False,0,healthy
218.49497230100002,mixed_pdv_loss_holdover,0.0,0.0,0.0,0.0,0.0,6.0,2.0,1.5,0.0,0.0,0.0,20.0,4,1427,Sync,0.0,9afaad.fffe.86c168,128,255,254,65535,128,0,160,HOLDOVER,-1,False,True,False,False,0,healthy
218.639288101,mixed_pdv_loss_holdover,0.0,0.0,0.0,0.0,0.0,6.0,2.0,1.5,0.0,0.0,0.0,20.0,4,1428,Sync,0.0,9afaad.fffe.86c168,128,255,254,65535,128,0,160,HOLDOVER,-1,False,True,False,False,0,healthy
218.758005301,mixed_pdv_loss_holdover,0.0,0.0,0.0,0.0,0.0,6.0,2.0,1.5,0.0,0.0,0.0,20.0,4,1429,Sync,0.0,9afaad.fffe.86c168,128,255,254,65535,128,0,160,HOLDOVER,-1,False,True,False,False,0,healthy
218.875093001,mixed_pdv_loss_holdover,0.0,0.0,0.0,0.0,0.0,6.0,2.0,1.5,0.0,0.0,0.0,20.0,4,1430,Sync,0.0,9afaad.fffe.86c168,128,255,254,65535,128,0,160,HOLDOVER,-1,False,True,False,False,0,healthy
218.990740501,mixed_pdv_loss_holdover,0.0,0.0,0.0,0.0,0.0,6.0,2.0,1.5,0.0,0.0,0.0,20.0,4,1431,Sync,0.0,9afaad.fffe.86c168,128,255,254,65535,128,0,160,HOLDOVER,-1,False,True,False,False,0,healthy
219.107762401,mixed_pdv_loss_holdover,0.0,0.0,0.0,0.0,0.0,6.0,2.0,1.5,0.0,0.0,0.0,20.0,4,1432,Sync,0.0,9afaad.fffe.86c168,128,255,254,65535,128,0,160,HOLDOVER,-1,False,True,False,False,0,healthy
219.245585401,mixed_pdv_loss_holdover,0.0,0.0,0.0,0.0,0.0,6.0,2.0,1.5,0.0,0.0,0.0,20.0,4,1433,Sync,0.0,9afaad.fffe.86c168,128,255,254,65535,128,0,160,HOLDOVER,-1,False,True,False,False,0,healthy
219.367356601,mixed_pdv_loss_holdover,0.0,0.0,0.0,0.0,0.0,6.0,2.0,1.5,0.0,0.0,0.0,20.0,4,1434,Sync,0.0,9afaad.fffe.86c168,128,255,254,65535,128,0,160,HOLDOVER,-1,False,True,False,False,0,healthy
219.483651701,mixed_pdv_loss_holdover,0.0,0.0,0.0,0.0,0.0,6.0,2.0,1.5,0.0,0.0,0.0,20.0,4,1435,Sync,0.0,9afaad.fffe.86c168,128,255,254,65535,128,0,160,HOLDOVER,-1,False,True,False,False,0,healthy
219.600485901,mixed_pdv_loss_holdover,0.0,0.0,0.0,0.0,0.0,6.0,2.0,1.5,0.0,0.0,0.0,20.0,4,1436,Sync,0.0,9afaad.fffe.86c168,128,255,254,65535,128,0,160,HOLDOVER,-1,False,True,False,False,0,healthy
219.717514101,mixed_pdv_loss_holdover,0.0,0.0,0.0,0.0,0.0,6.0,2.0,1.5,0.0,0.0,0.0,20.0,4,1437,Sync,0.0,9afaad.fffe.86c168,128,255,254,65535,128,0,160,HOLDOVER,-1,False,True,False,False,0,healthy
219.835318101,mixed_pdv_loss_holdover,0.0,0.0,0.0,0.0,0.0,6.0,2.0,1.5,0.0,0.0,0.0,20.0,4,1438,Sync,0.0,9afaad.fffe.86c168,128,255,254,65535,128,0,160,HOLDOVER,-1,False,True,False,False,0,healthy
219.95880310200002,mixed_pdv_loss_holdover,0.0,0.0,0.0,0.0,0.0,6.0,2.0,1.5,0.0,0.0,0.0,20.0,4,1439,Sync,0.0,9afaad.fffe.86c168,128,255,254,65535,128,0,160,HOLDOVER,-1,False,True,False,False,0,healthy
220.075421302,mixed_pdv_loss_holdover,0.0,0.0,0.0,0.0,0.0,6.0,2.0,1.5,0.0,0.0,0.0,20.0,4,1440,Sync,0.0,9afaad.fffe.86c168,128,255,254,65535,128,0,160,HOLDOVER,-1,False,True,False,False,0,healthy
220.194663702,mixed_pdv_loss_holdover,0.0,0.0,0.0,0.0,0.0,6.0,2.0,1.5,0.0,0.0,0.0,20.0,4,1441,Sync,0.0,9afaad.fffe.86c168,128,255,254,65535,128,0,160,HOLDOVER,-1,False,True,False,False,0,healthy
220.31116750200002,mixed_pdv_loss_holdover,0.0,0.0,0.0,0.0,0.0,6.0,2.0,1.5,0.0,0.0,0.0,20.0,4,1442,Sync,0.0,9afaad.fffe.86c168,128,255,254,65535,128,0,160,HOLDOVER,-1,False,True,False,False,0,healthy
220.435490502,mixed_pdv_loss_holdover,0.0,0.0,0.0,0.0,0.0,6.0,2.0,1.5,0.0,0.0,0.0,20.0,4,1443,Sync,0.0,9afaad.fffe.86c168,128,255,254,65535,128,0,160,HOLDOVER,-1,False,True,False,False,0,healthy
220.55180440200002,mixed_pdv_loss_holdover,0.0,0.0,0.0,0.0,0.0,6.0,2.0,1.5,0.0,0.0,0.0,20.0,4,1444,Sync,0.0,9afaad.fffe.86c168,128,255,254,65535,128,0,160,HOLDOVER,-1,False,True,False,False,0,healthy
220.667805702,mixed_pdv_loss_holdover,0.0,0.0,0.0,0.0,0.0,6.0,2.0,1.5,0.0,0.0,0.0,20.0,4,1445,Sync,0.0,9afaad.fffe.86c168,128,255,254,65535,128,0,160,HOLDOVER,-1,False,True,False,False,0,healthy
220.813440402,mixed_pdv_loss_holdover,0.0,0.0,0.0,0.0,0.0,6.0,2.0,1.5,0.0,0.0,0.0,20.0,4,1446,Sync,0.0,9afaad.fffe.86c168,128,255,254,65535,128,0,160,HOLDOVER,-1,False,True,False,False,0,healthy
220.934292702,mixed_pdv_loss_holdover,0.0,0.0,0.0,0.0,0.0,6.0,2.0,1.5,0.0,0.0,0.0,20.0,4,1447,Sync,0.0,9afaad.fffe.86c168,128,255,254,65535,128,0,160,HOLDOVER,-1,False,True,False,False,0,healthy
221.06136760200002,mixed_pdv_loss_holdover,0.0,0.0,0.0,0.0,0.0,6.0,2.0,1.5,0.0,0.0,0.0,20.0,4,1448,Sync,0.0,9afaad.fffe.86c168,128,255,254,65535,128,0,160,HOLDOVER,-1,False,True,False,False,0,healthy
221.207388202,mixed_pdv_loss_holdover,0.0,0.0,0.0,0.0,0.0,6.0,2.0,1.5,0.0,0.0,0.0,20.0,4,1449,Sync,0.0,9afaad.fffe.86c168,128,255,254,65535,128,0,160,HOLDOVER,-1,False,True,False,False,0,healthy
221.325345202,mixed_pdv_loss_holdover,0.0,0.0,0.0,0.0,0.0,6.0,2.0,1.5,0.0,0.0,0.0,20.0,4,1450,Sync,0.0,9afaad.fffe.86c168,128,255,254,65535,128,0,160,HOLDOVER,-1,False,True,False,False,0,healthy
221.476199202,mixed_pdv_loss_holdover,0.0,0.0,0.0,0.0,0.0,6.0,2.0,1.5,0.0,0.0,0.0,20.0,4,1451,Sync,0.0,9afaad.fffe.86c168,128,255,254,65535,128,0,160,HOLDOVER,-1,False,True,False,False,0,healthy
221.620723069,mixed_pdv_loss_holdover,0.0,0.0,0.0,0.0,0.0,6.0,2.0,1.5,0.0,0.0,0.0,20.0,4,1452,Sync,0.0,9afaad.fffe.86c168,128,255,254,65535,128,0,160,HOLDOVER,-1,False,True,False,False,0,healthy
221.736583594,mixed_pdv_loss_holdover,0.0,0.0,0.0,0.0,0.0,6.0,2.0,1.5,0.0,0.0,0.0,20.0,4,1453,Sync,0.0,9afaad.fffe.86c168,128,255,254,65535,128,0,160,HOLDOVER,-1,False,True,False,False,0,healthy
221.856022785,mixed_pdv_loss_holdover,0.0,0.0,0.0,0.0,0.0,6.0,2.0,1.5,0.0,0.0,0.0,20.0,4,1454,Sync,0.0,9afaad.fffe.86c168,128,255,254,65535,128,0,160,HOLDOVER,-1,False,True,False,False,0,healthy
222.002172819,mixed_pdv_loss_holdover,0.0,0.0,0.0,0.0,0.0,6.0,2.0,1.5,0.0,0.0,0.0,20.0,4,1455,Sync,0.0,9afaad.fffe.86c168,128,255,254,65535,128,0,160,HOLDOVER,-1,False,True,False,False,0,healthy
222.11962046,mixed_pdv_loss_holdover,0.0,0.0,0.0,0.0,0.0,6.0,2.0,1.5,0.0,0.0,0.0,20.0,4,1456,Sync,0.0,9afaad.fffe.86c168,128,255,254,65535,128,0,160,HOLDOVER,-1,False,True,False,False,0,healthy
222.237152985,mixed_pdv_loss_holdover,0.0,0.0,0.0,0.0,0.0,6.0,2.0,1.5,0.0,0.0,0.0,20.0,4,1457,Sync,0.0,9afaad.fffe.86c168,128,255,254,65535,128,0,160,HOLDOVER,-1,False,True,False,False,0,healthy
222.37652656,mixed_pdv_loss_holdover,0.0,0.0,0.0,0.0,0.0,6.0,2.0,1.5,0.0,0.0,0.0,20.0,4,1458,Sync,0.0,9afaad.fffe.86c168,128,255,254,65535,128,0,160,HOLDOVER,-1,False,True,False,False,0,healthy
222.496240019,mixed_pdv_loss_holdover,0.0,0.0,0.0,0.0,0.0,6.0,2.0,1.5,0.0,0.0,0.0,20.0,4,1459,Sync,0.0,9afaad.fffe.86c168,128,255,254,65535,128,0,160,HOLDOVER,-1,False,True,False,False,0,healthy
222.640128269,mixed_pdv_loss_holdover,0.0,0.0,0.0,0.0,0.0,6.0,2.0,1.5,0.0,0.0,0.0,20.0,4,1460,Sync,0.0,9afaad.fffe.86c168,128,255,254,65535,128,0,160,HOLDOVER,-1,False,True,False,False,0,healthy
222.77694177700002,mixed_pdv_loss_holdover,0.0,0.0,0.0,0.0,0.0,6.0,2.0,1.5,0.0,0.0,0.0,20.0,4,1461,Sync,0.0,9afaad.fffe.86c168,128,255,254,65535,128,0,160,HOLDOVER,-1,False,True,False,False,0,healthy
222.892894794,mixed_pdv_loss_holdover,0.0,0.0,0.0,0.0,0.0,6.0,2.0,1.5,0.0,0.0,0.0,20.0,4,1462,Sync,0.0,9afaad.fffe.86c168,128,255,254,65535,128,0,160,HOLDOVER,-1,False,True,False,False,0,healthy
223.014360735,mixed_pdv_loss_holdover,0.0,0.0,0.0,0.0,0.0,6.0,2.0,1.5,0.0,0.0,0.0,20.0,4,1463,Sync,0.0,9afaad.fffe.86c168,128,255,254,65535,128,0,160,HOLDOVER,-1,False,True,False,False,0,healthy
223.16016408500002,mixed_pdv_loss_holdover,0.0,0.0,0.0,0.0,0.0,6.0,2.0,1.5,0.0,0.0,0.0,20.0,4,1464,Sync,0.0,9afaad.fffe.86c168,128,255,254,65535,128,0,160,HOLDOVER,-1,False,True,False,False,0,healthy
223.27699801900002,mixed_pdv_loss_holdover,0.0,0.0,0.0,0.0,0.0,6.0,2.0,1.5,0.0,0.0,0.0,20.0,4,1465,Sync,0.0,9afaad.fffe.86c168,128,255,254,65535,128,0,160,HOLDOVER,-1,False,True,False,False,0,healthy
223.420744094,mixed_pdv_loss_holdover,0.0,0.0,0.0,0.0,0.0,6.0,2.0,1.5,0.0,0.0,0.0,20.0,4,1466,Sync,0.0,9afaad.fffe.86c168,128,255,254,65535,128,0,160,HOLDOVER,-1,False,True,False,False,0,healthy
223.54372189400002,mixed_pdv_loss_holdover,0.0,0.0,0.0,0.0,0.0,6.0,2.0,1.5,0.0,0.0,0.0,20.0,4,1467,Sync,0.0,9afaad.fffe.86c168,128,255,254,65535,128,0,160,HOLDOVER,-1,False,True,False,False,0,healthy
223.66183036,mixed_pdv_loss_holdover,0.0,0.0,0.0,0.0,0.0,6.0,2.0,1.5,0.0,0.0,0.0,20.0,4,1468,Sync,0.0,9afaad.fffe.86c168,128,255,254,65535,128,0,160,HOLDOVER,-1,False,True,False,False,0,healthy
223.80763242700002,mixed_pdv_loss_holdover,0.0,0.0,0.0,0.0,0.0,6.0,2.0,1.5,0.0,0.0,0.0,20.0,4,1469,Sync,0.0,9afaad.fffe.86c168,128,255,254,65535,128,0,160,HOLDOVER,-1,False,True,False,False,0,healthy
223.92390453500002,mixed_pdv_loss_holdover,0.0,0.0,0.0,0.0,0.0,6.0,2.0,1.5,0.0,0.0,0.0,20.0,4,1470,Sync,0.0,9afaad.fffe.86c168,128,255,254,65535,128,0,160,HOLDOVER,-1,False,True,False,False,0,healthy
224.048924394,mixed_pdv_loss_holdover,0.0,0.0,0.0,0.0,0.0,6.0,2.0,1.5,0.0,0.0,0.0,20.0,4,1471,Sync,0.0,9afaad.fffe.86c168,128,255,254,65535,128,0,160,HOLDOVER,-1,False,True,False,False,0,healthy
224.189223435,mixed_pdv_loss_holdover,0.0,0.0,0.0,0.0,0.0,6.0,2.0,1.5,0.0,0.0,0.0,20.0,4,1472,Sync,0.0,9afaad.fffe.86c168,128,255,254,65535,128,0,160,HOLDOVER,-1,False,True,False,False,0,healthy
224.304972585,mixed_pdv_loss_holdover,0.0,0.0,0.0,0.0,0.0,6.0,2.0,1.5,0.0,0.0,0.0,20.0,4,1473,Sync,0.0,9afaad.fffe.86c168,128,255,254,65535,128,0,160,HOLDOVER,-1,False,True,False,False,0,healthy
224.45441941,mixed_pdv_loss_holdover,0.0,0.0,0.0,0.0,0.0,6.0,2.0,1.5,0.0,0.0,0.0,20.0,4,1474,Sync,0.0,9afaad.fffe.86c168,128,255,254,65535,128,0,160,HOLDOVER,-1,False,True,False,False,0,healthy
224.56915115200002,mixed_pdv_loss_holdover,0.0,0.0,0.0,0.0,0.0,6.0,2.0,1.5,0.0,0.0,0.0,20.0,4,1475,Sync,0.0,9afaad.fffe.86c168,128,255,254,65535,128,0,160,HOLDOVER,-1,False,True,False,False,0,healthy
224.68484741,mixed_pdv_loss_holdover,0.0,0.0,0.0,0.0,0.0,6.0,2.0,1.5,0.0,0.0,0.0,20.0,4,1476,Sync,0.0,9afaad.fffe.86c168,128,255,254,65535,128,0,160,HOLDOVER,-1,False,True,False,False,0,healthy
224.822218619,mixed_pdv_loss_holdover,0.0,0.0,0.0,0.0,0.0,6.0,2.0,1.5,0.0,0.0,0.0,20.0,4,1477,Sync,0.0,9afaad.fffe.86c168,128,255,254,65535,128,0,160,HOLDOVER,-1,False,True,False,False,0,healthy
224.944343277,mixed_pdv_loss_holdover,0.0,0.0,0.0,0.0,0.0,6.0,2.0,1.5,0.0,0.0,0.0,20.0,4,1478,Sync,0.0,9afaad.fffe.86c168,128,255,254,65535,128,0,160,HOLDOVER,-1,False,True,False,False,0,healthy
225.05907236000002,mixed_pdv_loss_holdover,0.0,0.0,0.0,0.0,0.0,6.0,2.0,1.5,0.0,0.0,0.0,20.0,4,1479,Sync,0.0,9afaad.fffe.86c168,128,255,254,65535,128,0,160,HOLDOVER,-1,False,True,False,False,0,healthy
225.192899094,mixed_pdv_loss_holdover,0.0,0.0,0.0,0.0,0.0,6.0,2.0,1.5,0.0,0.0,0.0,20.0,4,1480,Sync,0.0,9afaad.fffe.86c168,128,255,254,65535,128,0,160,HOLDOVER,-1,False,True,False,False,0,healthy
225.30785276,mixed_pdv_loss_holdover,0.0,0.0,0.0,0.0,0.0,6.0,2.0,1.5,0.0,0.0,0.0,20.0,4,1481,Sync,0.0,9afaad.fffe.86c168,128,255,254,65535,128,0,160,HOLDOVER,-1,False,True,False,False,0,healthy
225.424488227,mixed_pdv_loss_holdover,0.0,0.0,0.0,0.0,0.0,6.0,2.0,1.5,0.0,0.0,0.0,20.0,4,1482,Sync,0.0,9afaad.fffe.86c168,128,255,254,65535,128,0,160,HOLDOVER,-1,False,True,False,False,0,healthy
225.547171727,mixed_pdv_loss_holdover,0.0,0.0,0.0,0.0,0.0,6.0,2.0,1.5,0.0,0.0,0.0,20.0,4,1483,Sync,0.0,9afaad.fffe.86c168,128,255,254,65535,128,0,160,HOLDOVER,-1,False,True,False,False,0,healthy
225.66347812700002,mixed_pdv_loss_holdover,0.0,0.0,0.0,0.0,0.0,6.0,2.0,1.5,0.0,0.0,0.0,20.0,4,1484,Sync,0.0,9afaad.fffe.86c168,128,255,254,65535,128,0,160,HOLDOVER,-1,False,True,False,False,0,healthy
225.79040792700002,mixed_pdv_loss_holdover,0.0,0.0,0.0,0.0,0.0,6.0,2.0,1.5,0.0,0.0,0.0,20.0,4,1485,Sync,0.0,9afaad.fffe.86c168,128,255,254,65535,128,0,160,HOLDOVER,-1,False,True,False,False,0,healthy
225.906649827,mixed_pdv_loss_holdover,0.0,0.0,0.0,0.0,0.0,6.0,2.0,1.5,0.0,0.0,0.0,20.0,4,1486,Sync,0.0,9afaad.fffe.86c168,128,255,254,65535,128,0,160,HOLDOVER,-1,False,True,False,False,0,healthy
226.026839227,mixed_pdv_loss_holdover,0.0,0.0,0.0,0.0,0.0,6.0,2.0,1.5,0.0,0.0,0.0,20.0,4,1487,Sync,0.0,9afaad.fffe.86c168,128,255,254,65535,128,0,160,HOLDOVER,-1,False,True,False,False,0,healthy
226.167536527,mixed_pdv_loss_holdover,0.0,0.0,0.0,0.0,0.0,6.0,2.0,1.5,0.0,0.0,0.0,20.0,4,1488,Sync,0.0,9afaad.fffe.86c168,128,255,254,65535,128,0,160,HOLDOVER,-1,False,True,False,False,0,healthy
226.283834327,mixed_pdv_loss_holdover,0.0,0.0,0.0,0.0,0.0,6.0,2.0,1.5,0.0,0.0,0.0,20.0,4,1489,Sync,0.0,9afaad.fffe.86c168,128,255,254,65535,128,0,160,HOLDOVER,-1,False,True,False,False,0,healthy
226.421449427,mixed_pdv_loss_holdover,0.0,0.0,0.0,0.0,0.0,6.0,2.0,1.5,0.0,0.0,0.0,20.0,4,1490,Sync,0.0,9afaad.fffe.86c168,128,255,254,65535,128,0,160,HOLDOVER,-1,False,True,False,False,0,healthy
226.557628927,mixed_pdv_loss_holdover,0.0,0.0,0.0,0.0,0.0,6.0,2.0,1.5,0.0,0.0,0.0,20.0,4,1491,Sync,0.0,9afaad.fffe.86c168,128,255,254,65535,128,0,160,HOLDOVER,-1,False,True,False,False,0,healthy
226.67383562700002,mixed_pdv_loss_holdover,0.0,0.0,0.0,0.0,0.0,6.0,2.0,1.5,0.0,0.0,0.0,20.0,4,1492,Sync,0.0,9afaad.fffe.86c168,128,255,254,65535,128,0,160,HOLDOVER,-1,False,True,False,False,0,healthy
226.79340342700002,mixed_pdv_loss_holdover,0.0,0.0,0.0,0.0,0.0,6.0,2.0,1.5,0.0,0.0,0.0,20.0,4,1493,Sync,0.0,9afaad.fffe.86c168,128,255,254,65535,128,0,160,HOLDOVER,-1,False,True,False,False,0,healthy
226.909409727,mixed_pdv_loss_holdover,0.0,0.0,0.0,0.0,0.0,6.0,2.0,1.5,0.0,0.0,0.0,20.0,4,1494,Sync,0.0,9afaad.fffe.86c168,128,255,254,65535,128,0,160,HOLDOVER,-1,False,True,False,False,0,healthy
227.038911327,mixed_pdv_loss_holdover,0.0,0.0,0.0,0.0,0.0,6.0,2.0,1.5,0.0,0.0,0.0,20.0,4,1495,Sync,0.0,9afaad.fffe.86c168,128,255,254,65535,128,0,160,HOLDOVER,-1,False,True,False,False,0,healthy
227.174075627,mixed_pdv_loss_holdover,0.0,0.0,0.0,0.0,0.0,6.0,2.0,1.5,0.0,0.0,0.0,20.0,4,1496,Sync,0.0,9afaad.fffe.86c168,128,255,254,65535,128,0,160,HOLDOVER,-1,False,True,False,False,0,healthy
227.29105282700002,mixed_pdv_loss_holdover,0.0,0.0,0.0,0.0,0.0,6.0,2.0,1.5,0.0,0.0,0.0,20.0,4,1497,Sync,0.0,9afaad.fffe.86c168,128,255,254,65535,128,0,160,HOLDOVER,-1,False,True,False,False,0,healthy
227.408410827,mixed_pdv_loss_holdover,0.0,0.0,0.0,0.0,0.0,6.0,2.0,1.5,0.0,0.0,0.0,20.0,4,1498,Sync,0.0,9afaad.fffe.86c168,128,255,254,65535,128,0,160,HOLDOVER,-1,False,True,False,False,0,healthy
227.528277327,mixed_pdv_loss_holdover,0.0,0.0,0.0,0.0,0.0,6.0,2.0,1.5,0.0,0.0,0.0,20.0,4,1499,Sync,0.0,9afaad.fffe.86c168,128,255,254,65535,128,0,160,HOLDOVER,-1,False,True,False,False,0,healthy
227.644756527,mixed_pdv_loss_holdover,0.0,0.0,0.0,0.0,0.0,6.0,2.0,1.5,0.0,0.0,0.0,20.0,4,1500,Sync,0.0,9afaad.fffe.86c168,128,255,254,65535,128,0,160,HOLDOVER,-1,False,True,False,False,0,healthy
227.783649527,mixed_pdv_loss_holdover,0.0,0.0,0.0,0.0,0.0,6.0,2.0,1.5,0.0,0.0,0.0,20.0,4,1501,Sync,0.0,9afaad.fffe.86c168,128,255,254,65535,128,0,160,HOLDOVER,-1,False,True,False,False,0,healthy
227.89973292800002,mixed_pdv_loss_holdover,0.0,0.0,0.0,0.0,0.0,6.0,2.0,1.5,0.0,0.0,0.0,20.0,4,1502,Sync,0.0,9afaad.fffe.86c168,128,255,254,65535,128,0,160,HOLDOVER,-1,False,True,False,False,0,healthy
228.016178028,mixed_pdv_loss_holdover,0.0,0.0,0.0,0.0,0.0,6.0,2.0,1.5,0.0,0.0,0.0,20.0,4,1503,Sync,0.0,9afaad.fffe.86c168,128,255,254,65535,128,0,160,HOLDOVER,-1,False,True,False,False,0,healthy
228.133737528,mixed_pdv_loss_holdover,0.0,0.0,0.0,0.0,0.0,6.0,2.0,1.5,0.0,0.0,0.0,20.0,4,1504,Sync,0.0,9afaad.fffe.86c168,128,255,254,65535,128,0,160,HOLDOVER,-1,False,True,False,False,0,healthy
228.251167228,mixed_pdv_loss_holdover,0.0,0.0,0.0,0.0,0.0,6.0,2.0,1.5,0.0,0.0,0.0,20.0,4,1505,Sync,0.0,9afaad.fffe.86c168,128,255,254,65535,128,0,160,HOLDOVER,-1,False,True,False,False,0,healthy
228.376021828,mixed_pdv_loss_holdover,0.0,0.0,0.0,0.0,0.0,6.0,2.0,1.5,0.0,0.0,0.0,20.0,4,1506,Sync,0.0,9afaad.fffe.86c168,128,255,254,65535,128,0,160,HOLDOVER,-1,False,True,False,False,0,healthy
228.49305742800001,mixed_pdv_loss_holdover,0.0,0.0,0.0,0.0,0.0,6.0,2.0,1.5,0.0,0.0,0.0,20.0,4,1507,Sync,0.0,9afaad.fffe.86c168,128,255,254,65535,128,0,160,HOLDOVER,-1,False,True,False,False,0,healthy
228.639152028,mixed_pdv_loss_holdover,0.0,0.0,0.0,0.0,0.0,6.0,2.0,1.5,0.0,0.0,0.0,20.0,4,1508,Sync,0.0,9afaad.fffe.86c168,128,255,254,65535,128,0,160,HOLDOVER,-1,False,True,False,False,0,healthy
228.785205028,mixed_pdv_loss_holdover,0.0,0.0,0.0,0.0,0.0,6.0,2.0,1.5,0.0,0.0,0.0,20.0,4,1509,Sync,0.0,9afaad.fffe.86c168,128,255,254,65535,128,0,160,HOLDOVER,-1,False,True,False,False,0,healthy
228.901809928,mixed_pdv_loss_holdover,0.0,0.0,0.0,0.0,0.0,6.0,2.0,1.5,0.0,0.0,0.0,20.0,4,1510,Sync,0.0,9afaad.fffe.86c168,128,255,254,65535,128,0,160,HOLDOVER,-1,False,True,False,False,0,healthy
229.021018628,mixed_pdv_loss_holdover,0.0,0.0,0.0,0.0,0.0,6.0,2.0,1.5,0.0,0.0,0.0,20.0,4,1511,Sync,0.0,9afaad.fffe.86c168,128,255,254,65535,128,0,160,HOLDOVER,-1,False,True,False,False,0,healthy
229.150861928,mixed_pdv_loss_holdover,0.0,0.0,0.0,0.0,0.0,6.0,2.0,1.5,0.0,0.0,0.0,20.0,4,1512,Sync,0.0,9afaad.fffe.86c168,128,255,254,65535,128,0,160,HOLDOVER,-1,False,True,False,False,0,healthy
229.26847302800002,mixed_pdv_loss_holdover,0.0,0.0,0.0,0.0,0.0,6.0,2.0,1.5,0.0,0.0,0.0,20.0,4,1513,Sync,0.0,9afaad.fffe.86c168,128,255,254,65535,128,0,160,HOLDOVER,-1,False,True,False,False,0,healthy
229.41257172800002,mixed_pdv_loss_holdover,0.0,0.0,0.0,0.0,0.0,6.0,2.0,1.5,0.0,0.0,0.0,20.0,4,1514,Sync,0.0,9afaad.fffe.86c168,128,255,254,65535,128,0,160,HOLDOVER,-1,False,True,False,False,0,healthy
229.530322119,mixed_pdv_loss_holdover,0.0,0.0,0.0,0.0,0.0,6.0,2.0,1.5,0.0,0.0,0.0,20.0,4,1515,Sync,0.0,9afaad.fffe.86c168,128,255,254,65535,128,0,160,HOLDOVER,-1,False,True,False,False,0,healthy
229.652407223,mixed_pdv_loss_holdover,0.0,0.0,0.0,0.0,0.0,6.0,2.0,1.5,0.0,0.0,0.0,20.0,4,1516,Sync,0.0,9afaad.fffe.86c168,128,255,254,65535,128,0,160,HOLDOVER,-1,False,True,False,False,0,healthy
229.77117589300002,mixed_pdv_loss_holdover,0.0,0.0,0.0,0.0,0.0,6.0,2.0,1.5,0.0,0.0,0.0,20.0,4,1517,Sync,0.0,9afaad.fffe.86c168,128,255,254,65535,128,0,160,HOLDOVER,-1,False,True,False,False,0,healthy
229.88729602,mixed_pdv_loss_holdover,0.0,0.0,0.0,0.0,0.0,6.0,2.0,1.5,0.0,0.0,0.0,20.0,4,1518,Sync,0.0,9afaad.fffe.86c168,128,255,254,65535,128,0,160,HOLDOVER,-1,False,True,False,False,0,healthy
230.036518688,mixed_pdv_loss_holdover,0.0,0.0,0.0,0.0,0.0,6.0,2.0,1.5,0.0,0.0,0.0,20.0,4,1519,Sync,0.0,9afaad.fffe.86c168,128,255,254,65535,128,0,160,HOLDOVER,-1,False,True,False,False,0,healthy
230.152273782,mixed_pdv_loss_holdover,0.0,0.0,0.0,0.0,0.0,6.0,2.0,1.5,0.0,0.0,0.0,20.0,4,1520,Sync,0.0,9afaad.fffe.86c168,128,255,254,65535,128,0,160,HOLDOVER,-1,False,True,False,False,0,healthy
230.268855048,mixed_pdv_loss_holdover,0.0,0.0,0.0,0.0,0.0,6.0,2.0,1.5,0.0,0.0,0.0,20.0,4,1521,Sync,0.0,9afaad.fffe.86c168,128,255,254,65535,128,0,160,HOLDOVER,-1,False,True,False,False,0,healthy
230.38534281900002,mixed_pdv_loss_holdover,0.0,0.0,0.0,0.0,0.0,6.0,2.0,1.5,0.0,0.0,0.0,20.0,4,1522,Sync,0.0,9afaad.fffe.86c168,128,255,254,65535,128,0,160,HOLDOVER,-1,False,True,False,False,0,healthy
230.500879508,mixed_pdv_loss_holdover,0.0,0.0,0.0,0.0,0.0,6.0,2.0,1.5,0.0,0.0,0.0,20.0,4,1523,Sync,0.0,9afaad.fffe.86c168,128,255,254,65535,128,0,160,HOLDOVER,-1,False,True,False,False,0,healthy
230.62119164700002,mixed_pdv_loss_holdover,0.0,0.0,0.0,0.0,0.0,6.0,2.0,1.5,0.0,0.0,0.0,20.0,4,1524,Sync,0.0,9afaad.fffe.86c168,128,255,254,65535,128,0,160,HOLDOVER,-1,False,True,False,False,0,healthy
230.76141283,mixed_pdv_loss_holdover,0.0,0.0,0.0,0.0,0.0,6.0,2.0,1.5,0.0,0.0,0.0,20.0,4,1525,Sync,0.0,9afaad.fffe.86c168,128,255,254,65535,128,0,160,HOLDOVER,-1,False,True,False,False,0,healthy
230.876780519,mixed_pdv_loss_holdover,0.0,0.0,0.0,0.0,0.0,6.0,2.0,1.5,0.0,0.0,0.0,20.0,4,1526,Sync,0.0,9afaad.fffe.86c168,128,255,254,65535,128,0,160,HOLDOVER,-1,False,True,False,False,0,healthy
231.018730578,mixed_pdv_loss_holdover,0.0,0.0,0.0,0.0,0.0,6.0,2.0,1.5,0.0,0.0,0.0,20.0,4,1527,Sync,0.0,9afaad.fffe.86c168,128,255,254,65535,128,0,160,HOLDOVER,-1,False,True,False,False,0,healthy
231.135771398,mixed_pdv_loss_holdover,0.0,0.0,0.0,0.0,0.0,6.0,2.0,1.5,0.0,0.0,0.0,20.0,4,1528,Sync,0.0,9afaad.fffe.86c168,128,255,254,65535,128,0,160,HOLDOVER,-1,False,True,False,False,0,healthy
231.251685705,mixed_pdv_loss_holdover,0.0,0.0,0.0,0.0,0.0,6.0,2.0,1.5,0.0,0.0,0.0,20.0,4,1529,Sync,0.0,9afaad.fffe.86c168,128,255,254,65535,128,0,160,HOLDOVER,-1,False,True,False,False,0,healthy
231.39495849600002,mixed_pdv_loss_holdover,0.0,0.0,0.0,0.0,0.0,6.0,2.0,1.5,0.0,0.0,0.0,20.0,4,1530,Announce,6.979692326925445,9afaad.fffe.86c168,128,255,254,65535,128,0,160,HOLDOVER,-1,False,True,False,False,0,healthy
231.510346972,mixed_pdv_loss_holdover,0.0,0.0,0.0,0.0,0.0,6.0,2.0,1.5,0.0,0.0,0.0,20.0,4,1531,Sync,17.332753402515937,9afaad.fffe.86c168,128,255,254,65535,128,0,160,HOLDOVER,-1,False,True,False,False,0,healthy
231.65372174200002,mixed_pdv_loss_holdover,0.0,0.0,0.0,0.0,0.0,6.0,2.0,1.5,0.0,0.0,0.0,20.0,4,1532,Sync,13.949455681776397,9afaad.fffe.86c168,128,255,254,65535,128,0,160,HOLDOVER,-1,False,True,False,False,0,healthy
231.78869450000002,mixed_pdv_loss_holdover,0.0,0.0,0.0,0.0,0.0,6.0,2.0,1.5,0.0,0.0,0.0,20.0,4,1533,Sync,14.817804938089417,9afaad.fffe.86c168,128,255,254,65535,128,0,160,HOLDOVER,-1,False,True,False,False,0,healthy
231.904174514,mixed_pdv_loss_holdover,0.0,0.0,0.0,0.0,0.0,6.0,2.0,1.5,0.0,0.0,0.0,20.0,4,1534,Sync,17.319014180239538,9afaad.fffe.86c168,128,255,254,65535,128,0,160,HOLDOVER,-1,False,True,False,False,0,healthy
232.020314216,mixed_pdv_loss_holdover,0.0,0.0,0.0,0.0,0.0,6.0,2.0,1.5,0.0,0.0,0.0,20.0,4,1535,Sync,17.220640018518665,9afaad.fffe.86c168,128,255,254,65535,128,0,160,HOLDOVER,-1,False,True,False,False,0,healthy
232.143449677,mixed_pdv_loss_holdover,0.0,0.0,0.0,0.0,0.0,6.0,2.0,1.5,0.0,0.0,0.0,20.0,4,1536,Sync,16.24227483908909,9afaad.fffe.86c168,128,255,254,65535,128,0,160,HOLDOVER,-1,False,True,False,False,0,healthy
232.260354029,mixed_pdv_loss_holdover,0.0,0.0,0.0,0.0,0.0,6.0,2.0,1.5,0.0,0.0,0.0,20.0,4,1537,Sync,17.10800295954678,9afaad.fffe.86c168,128,255,254,65535,128,0,160,HOLDOVER,-1,False,True,False,False,0,healthy
232.39652395800002,mixed_pdv_loss_holdover,0.0,0.0,0.0,0.0,0.0,6.0,2.0,1.5,0.0,0.0,0.0,20.0,4,1538,Sync,14.687530607436324,9afaad.fffe.86c168,128,255,254,65535,128,0,160,HOLDOVER,-1,False,True,False,False,0,healthy
232.51291739500002,mixed_pdv_loss_holdover,0.0,0.0,0.0,0.0,0.0,6.0,2.0,1.5,0.0,0.0,0.0,20.0,4,1539,Sync,17.18309942166252,9afaad.fffe.86c168,128,255,254,65535,128,0,160,HOLDOVER,-1,False,True,False,False,0,healthy
232.628694115,mixed_pdv_loss_holdover,0.0,0.0,0.0,0.0,0.0,6.0,2.0,1.5,0.0,0.0,0.0,20.0,4,1540,Sync,8.637314997351169,9afaad.fffe.86c168,128,255,254,65535,128,0,160,HOLDOVER,-1,False,True,False,False,0,healthy
232.76886151300002,mixed_pdv_loss_holdover,0.0,0.0,0.0,0.0,0.0,6.0,2.0,1.5,0.0,0.0,0.0,20.0,4,1541,Sync,14.268653257013156,9afaad.fffe.86c168,128,255,254,65535,128,0,160,HOLDOVER,-1,False,True,False,False,0,healthy
232.885482862,mixed_pdv_loss_holdover,0.0,0.0,0.0,0.0,0.0,6.0,2.0,1.5,0.0,0.0,0.0,20.0,4,1542,Sync,25.724277979329425,9afaad.fffe.86c168,128,255,254,65535,128,0,160,HOLDOVER,-1,False,True,False,False,0,healthy
233.054886019,mixed_pdv_loss_holdover,0.0,0.0,0.0,0.0,0.0,6.0,2.0,1.5,0.0,0.0,0.0,20.0,4,1543,Sync,11.806155418933198,9afaad.fffe.86c168,128,255,254,65535,128,0,160,HOLDOVER,-1,False,True,False,False,0,healthy
233.19673378500002,mixed_pdv_loss_holdover,0.0,0.0,0.0,0.0,0.0,6.0,2.0,1.5,0.0,0.0,0.0,20.0,4,1544,Sync,14.09962283085818,9afaad.fffe.86c168,128,255,254,65535,128,0,160,HOLDOVER,-1,False,True,False,False,0,healthy
233.31416738500002,mixed_pdv_loss_holdover,0.0,0.0,0.0,0.0,0.0,6.0,2.0,1.5,0.0,0.0,0.0,20.0,4,1545,Sync,25.546351299798733,c29a38.fffe.b34e68,128,248,254,65535,128,1,160,BOOTING,-1,False,False,False,False,0,healthy
233.436703285,mixed_pdv_loss_holdover,0.0,0.0,3300.0,400.0,0.0,6.0,2.0,1.5,0.0,0.0,0.0,20.0,4,1546,Sync,24.482621011480166,c29a38.fffe.b34e68,128,248,254,65535,128,1,160,BOOTING,-1,False,False,False,False,0,healthy
233.576355285,mixed_pdv_loss_holdover,1200.0,1200.0,3300.0,400.0,8592.787786783534,6.0,2.0,1.5,0.0,0.0,0.0,20.0,4,1547,Sync,14.321312977972557,c29a38.fffe.b34e68,128,248,254,65535,128,1,160,BOOTING,-1,False,False,False,False,0,healthy
233.693694585,mixed_pdv_loss_holdover,1300.0,1300.0,3100.0,200.0,852.2293894714052,6.0,2.0,1.5,0.0,0.0,0.0,20.0,4,1548,Sync,25.566881684142153,c29a38.fffe.b34e68,128,248,254,65535,128,1,160,BOOTING,-1,False,False,False,False,0,healthy
233.923154885,mixed_pdv_loss_holdover,28950.0,28950.0,3125.0,225.0,120500.14752007237,6.0,2.0,1.5,0.0,0.0,0.0,20.0,4,1549,Delay_Resp,17.43220940615875,c29a38.fffe.b34e68,128,248,254,65535,128,1,160,BOOTING,-1,False,False,False,False,0,healthy
234.130705185,mixed_pdv_loss_holdover,-6050.0,-6050.0,9950.0,7050.0,-168633.82033173935,6.0,2.0,1.5,0.0,0.0,0.0,20.0,4,1550,Sync,24.09054576167705,c29a38.fffe.b34e68,128,248,254,65535,128,1,160,BOOTING,-1,False,False,False,False,0,healthy
234.268975485,mixed_pdv_loss_holdover,-6350.0,-6350.0,3125.0,220.0,-2169.6633333407563,6.0,2.0,1.5,0.0,0.0,0.0,20.0,4,1551,Delay_Resp,28.928844444543415,c29a38.fffe.b34e68,128,248,254,65535,128,1,160,BOOTING,-1,False,False,False,False,0,healthy
234.386449785,mixed_pdv_loss_holdover,1675.0,1675.0,3125.0,215.0,68312.81395164857,6.0,2.0,1.5,0.0,0.0,0.0,20.0,4,1552,Sync,17.025000361781576,c29a38.fffe.b34e68,128,248,254,65535,128,1,160,BOOTING,-1,False,False,False,False,0,healthy
234.505643985,mixed_pdv_loss_holdover,2775.0,2775.0,3300.0,390.0,9228.636963878365,6.0,2.0,1.5,0.0,0.0,0.0,20.0,4,1553,Sync,25.16900990148645,c29a38.fffe.b34e68,128,248,254,65535,128,1,160,BOOTING,-1,False,False,False,False,0,healthy
234.721444685,mixed_pdv_loss_holdover,1100.0,1100.0,3300.0,390.0,-7761.79131949104,6.0,2.0,1.5,0.0,0.0,0.0,20.0,4,1554,Sync,23.169526326838923,c29a38.fffe.b34e68,128,248,254,65535,128,1,160,BOOTING,-1,False,False,False,False,0,healthy
234.94796038500002,mixed_pdv_loss_holdover,1125.0,1125.0,3175.0,265.0,110.36762573189242,6.0,2.0,1.5,0.0,0.0,0.0,20.0,4,1555,Sync,26.48823017565418,c29a38.fffe.b34e68,128,248,254,65535,128,1,160,BOOTING,-1,False,False,False,False,0,healthy
235.066518385,mixed_pdv_loss_holdover,2325.0,2325.0,3175.0,257.5,10121.628232596822,6.0,2.0,1.5,0.0,0.0,0.0,20.0,4,1556,Sync,16.869380387661373,c29a38.fffe.b34e68,128,248,254,65535,128,1,160,BOOTING,-1,False,False,False,False,0,healthy
235.184774785,mixed_pdv_loss_holdover,1550.0,1550.0,3450.0,532.5,-6553.556509414745,6.0,2.0,1.5,0.0,0.0,0.0,20.0,4,1557,Sync,25.36860584289579,c29a38.fffe.b34e68,128,248,254,65535,128,1,160,BOOTING,-1,False,False,False,False,0,healthy
235.30338678500001,mixed_pdv_loss_holdover,800.0,800.0,3300.0,382.5,-6323.13762519743,6.0,2.0,1.5,0.0,0.0,0.0,20.0,4,1558,Sync,25.29255050078972,c29a38.fffe.b34e68,128,248,254,65535,128,1,160,BOOTING,-1,False,False,False,False,0,healthy
235.464471885,mixed_pdv_loss_holdover,775.0,775.0,3025.0,107.5,-155.19747015709794,6.0,2.0,1.5,0.0,0.0,0.0,20.0,4,1559,Delay_Resp,24.831595225135672,c29a38.fffe.b34e68,128,248,254,65535,128,1,160,BOOTING,-1,False,False,False,False,0,healthy
235.697493785,mixed_pdv_loss_holdover,750.0,750.0,3050.0,104.5,-107.28605337094403,6.0,2.0,1.5,0.0,0.0,0.0,20.0,4,1560,Sync,25.74865280902657,c29a38.fffe.b34e68,128,248,254,65535,128,1,160,BOOTING,-1,False,False,False,False,0,healthy
235.814479885,mixed_pdv_loss_holdover,750.0,750.0,3050.0,84.0,0.0,6.0,2.0,1.5,0.0,0.0,0.0,20.0,4,1561,Sync,0.0,c29a38.fffe.b34e68,128,248,254,65535,128,1,160,BOOTING,-1,False,False,False,False,0,healthy
236.019556185,mixed_pdv_loss_holdover,750.0,750.0,3050.0,84.0,0.0,6.0,2.0,1.5,0.0,0.0,0.0,20.0,4,1562,Sync,0.0,c29a38.fffe.b34e68,128,248,254,65535,128,1,160,BOOTING,-1,False,False,False,False,0,healthy
236.142530185,mixed_pdv_loss_holdover,750.0,750.0,3050.0,77.5,0.0,6.0,2.0,1.5,0.0,0.0,0.0,20.0,4,1563,Sync,0.0,c29a38.fffe.b34e68,128,248,254,65535,128,1,160,BOOTING,-1,False,False,False,False,0,healthy
236.258432085,mixed_pdv_loss_holdover,750.0,750.0,3050.0,60.5,0.0,6.0,2.0,1.5,0.0,0.0,0.0,20.0,4,1564,Sync,0.0,c29a38.fffe.b34e68,128,248,254,65535,128,1,160,BOOTING,-1,False,False,False,False,0,healthy
236.56506678500003,mixed_pdv_loss_holdover,750.0,750.0,3050.0,50.0,0.0,6.0,2.0,1.5,0.0,0.0,0.0,20.0,4,1565,Sync,0.0,c29a38.fffe.b34e68,128,248,254,65535,128,1,160,BOOTING,-1,False,False,False,False,0,healthy
236.682100685,mixed_pdv_loss_holdover,750.0,750.0,3050.0,45.0,0.0,6.0,2.0,1.5,0.0,0.0,0.0,20.0,4,1566,Sync,0.0,c29a38.fffe.b34e68,128,248,254,65535,128,1,160,BOOTING,-1,False,False,False,False,0,healthy
236.87726268500003,mixed_pdv_loss_holdover,750.0,750.0,3050.0,40.0,0.0,6.0,2.0,1.5,0.0,0.0,0.0,20.0,4,1567,Sync,0.0,c29a38.fffe.b34e68,128,248,254,65535,128,1,160,BOOTING,-1,False,False,False,False,0,healthy
236.99343028500002,mixed_pdv_loss_holdover,750.0,750.0,3050.0,33.0,0.0,6.0,2.0,1.5,0.0,0.0,0.0,20.0,4,1568,Sync,0.0,c29a38.fffe.b34e68,128,248,254,65535,128,1,160,BOOTING,-1,False,False,False,False,0,healthy
237.109604485,mixed_pdv_loss_holdover,750.0,750.0,3050.0,25.5,0.0,6.0,2.0,1.5,0.0,0.0,0.0,20.0,4,1569,Sync,0.0,c29a38.fffe.b34e68,128,248,254,65535,128,1,160,BOOTING,-1,False,False,False,False,0,healthy
237.226761085,mixed_pdv_loss_holdover,750.0,750.0,3050.0,13.5,0.0,6.0,2.0,1.5,0.0,0.0,0.0,20.0,4,1570,Sync,0.0,c29a38.fffe.b34e68,128,248,254,65535,128,1,160,BOOTING,-1,False,False,False,False,0,healthy
237.46609148500002,mixed_pdv_loss_holdover,750.0,750.0,3050.0,1.0,0.0,6.0,2.0,1.5,0.0,0.0,0.0,20.0,4,1571,Sync,0.0,c29a38.fffe.b34e68,128,248,254,65535,128,1,160,BOOTING,-1,False,False,False,False,0,healthy
237.583670169,mixed_pdv_loss_holdover,750.0,750.0,3050.0,0.0,0.0,6.0,2.0,1.5,0.0,0.0,0.0,20.0,4,1572,Sync,0.0,c29a38.fffe.b34e68,128,248,254,65535,128,1,160,BOOTING,-1,False,False,False,False,0,healthy
237.778045827,mixed_pdv_loss_holdover,750.0,750.0,3050.0,0.0,0.0,6.0,2.0,1.5,0.0,0.0,0.0,20.0,4,1573,Sync,0.0,c29a38.fffe.b34e68,128,248,254,65535,128,1,160,BOOTING,-1,False,False,False,False,0,healthy
237.962008001,mixed_pdv_loss_holdover,750.0,750.0,3050.0,0.0,0.0,6.0,2.0,1.5,0.0,0.0,0.0,20.0,4,1574,Sync,0.0,c29a38.fffe.b34e68,128,248,254,65535,128,1,160,BOOTING,-1,False,False,False,False,0,healthy
238.085281465,mixed_pdv_loss_holdover,750.0,750.0,3050.0,0.0,0.0,6.0,2.0,1.5,0.0,0.0,0.0,20.0,4,1575,Sync,0.0,c29a38.fffe.b34e68,128,248,254,65535,128,1,160,BOOTING,-1,False,False,False,False,0,healthy
238.203289658,mixed_pdv_loss_holdover,750.0,750.0,3050.0,0.0,0.0,6.0,2.0,1.5,0.0,0.0,0.0,20.0,4,1576,Sync,0.0,c29a38.fffe.b34e68,128,248,254,65535,128,1,160,BOOTING,-1,False,False,False,False,0,healthy
238.320691384,mixed_pdv_loss_holdover,750.0,750.0,3050.0,0.0,0.0,6.0,2.0,1.5,0.0,0.0,0.0,20.0,4,1577,Sync,0.0,c29a38.fffe.b34e68,128,248,254,65535,128,1,160,BOOTING,-1,False,False,False,False,0,healthy
238.437951767,mixed_pdv_loss_holdover,750.0,750.0,3050.0,0.0,0.0,6.0,2.0,1.5,0.0,0.0,0.0,20.0,4,1578,Sync,0.0,c29a38.fffe.b34e68,128,248,254,65535,128,1,160,BOOTING,-1,False,False,False,False,0,healthy
238.608664936,mixed_pdv_loss_holdover,750.0,750.0,3050.0,0.0,0.0,6.0,2.0,1.5,0.0,0.0,0.0,20.0,4,1579,Sync,0.0,c29a38.fffe.b34e68,128,248,254,65535,128,1,160,BOOTING,-1,False,False,False,False,0,healthy
238.75218862900002,mixed_pdv_loss_holdover,750.0,750.0,3050.0,0.0,0.0,6.0,2.0,1.5,0.0,0.0,0.0,20.0,4,1580,Sync,0.0,c29a38.fffe.b34e68,128,248,254,65535,128,1,160,BOOTING,-1,False,False,False,False,0,healthy
238.94630880000003,mixed_pdv_loss_holdover,750.0,750.0,3050.0,0.0,0.0,6.0,2.0,1.5,0.0,0.0,0.0,20.0,4,1581,Sync,0.0,c29a38.fffe.b34e68,128,248,254,65535,128,1,160,BOOTING,-1,False,False,False,False,0,healthy
239.133708589,mixed_pdv_loss_holdover,750.0,750.0,3050.0,0.0,0.0,6.0,2.0,1.5,0.0,0.0,0.0,20.0,4,1582,Sync,0.0,c29a38.fffe.b34e68,128,248,254,65535,128,1,160,BOOTING,-1,False,False,False,False,0,healthy
239.27173483800001,mixed_pdv_loss_holdover,750.0,750.0,3050.0,0.0,0.0,6.0,2.0,1.5,0.0,0.0,0.0,20.0,4,1583,Sync,0.0,c29a38.fffe.b34e68,128,248,254,65535,128,1,160,BOOTING,-1,False,False,False,False,0,healthy
239.39096820300003,mixed_pdv_loss_holdover,750.0,750.0,3050.0,0.0,0.0,6.0,2.0,1.5,0.0,0.0,0.0,20.0,4,1584,Sync,0.0,c29a38.fffe.b34e68,128,248,254,65535,128,1,160,BOOTING,-1,False,False,False,False,0,healthy
239.50835302700003,mixed_pdv_loss_holdover,750.0,750.0,3050.0,0.0,0.0,6.0,2.0,1.5,0.0,0.0,0.0,20.0,4,1585,Sync,0.0,c29a38.fffe.b34e68,128,248,254,65535,128,1,160,BOOTING,-1,False,False,False,False,0,healthy
239.70958429200002,mixed_pdv_loss_holdover,750.0,750.0,3050.0,0.0,0.0,6.0,2.0,1.5,0.0,0.0,0.0,20.0,4,1586,Sync,0.0,c29a38.fffe.b34e68,128,248,254,65535,128,1,160,BOOTING,-1,False,False,False,False,0,healthy
239.91267546500004,mixed_pdv_loss_holdover,750.0,750.0,3050.0,0.0,0.0,6.0,2.0,1.5,0.0,0.0,0.0,20.0,4,1587,Sync,0.0,c29a38.fffe.b34e68,128,248,254,65535,128,1,160,BOOTING,-1,False,False,False,False,0,healthy
240.02962683400003,mixed_pdv_loss_holdover,750.0,750.0,3050.0,0.0,0.0,6.0,2.0,1.5,0.0,0.0,0.0,20.0,4,1588,Sync,0.0,c29a38.fffe.b34e68,128,248,254,65535,128,1,160,BOOTING,-1,False,False,False,False,0,healthy
240.149212053,mixed_pdv_loss_holdover,750.0,750.0,3050.0,0.0,0.0,6.0,2.0,1.5,0.0,0.0,0.0,20.0,4,1589,Sync,0.0,c29a38.fffe.b34e68,128,248,254,65535,128,1,160,BOOTING,-1,False,False,False,False,0,healthy
240.266803792,mixed_pdv_loss_holdover,750.0,750.0,3050.0,0.0,0.0,6.0,2.0,1.5,0.0,0.0,0.0,20.0,4,1590,Sync,0.0,c29a38.fffe.b34e68,128,248,254,65535,128,1,160,BOOTING,-1,False,False,False,False,0,healthy
240.45489349300001,mixed_pdv_loss_holdover,750.0,750.0,3050.0,0.0,0.0,6.0,2.0,1.5,0.0,0.0,0.0,20.0,4,1591,Sync,0.0,c29a38.fffe.b34e68,128,248,254,65535,128,1,160,BOOTING,-1,False,False,False,False,0,healthy
240.571086561,mixed_pdv_loss_holdover,750.0,750.0,3050.0,0.0,0.0,6.0,2.0,1.5,0.0,0.0,0.0,20.0,4,1592,Sync,0.0,c29a38.fffe.b34e68,128,248,254,65535,128,1,160,BOOTING,-1,False,False,False,False,0,healthy
240.737137622,mixed_pdv_loss_holdover,750.0,750.0,3050.0,0.0,0.0,6.0,2.0,1.5,0.0,0.0,0.0,20.0,4,1593,Sync,0.0,c29a38.fffe.b34e68,128,248,254,65535,128,1,160,BOOTING,-1,False,False,False,False,0,healthy
240.93315529600002,mixed_pdv_loss_holdover,750.0,750.0,3050.0,0.0,0.0,6.0,2.0,1.5,0.0,0.0,0.0,20.0,4,1594,Sync,0.0,c29a38.fffe.b34e68,128,248,254,65535,128,1,160,BOOTING,-1,False,False,False,False,0,healthy
241.04893239600003,mixed_pdv_loss_holdover,750.0,750.0,3050.0,0.0,0.0,6.0,2.0,1.5,0.0,0.0,0.0,20.0,4,1595,Sync,0.0,c29a38.fffe.b34e68,128,248,254,65535,128,1,160,BOOTING,-1,False,False,False,False,0,healthy
241.164951383,mixed_pdv_loss_holdover,750.0,750.0,3050.0,0.0,0.0,6.0,2.0,1.5,0.0,0.0,0.0,20.0,4,1596,Sync,0.0,c29a38.fffe.b34e68,128,248,254,65535,128,1,160,BOOTING,-1,False,False,False,False,0,healthy
241.28155789299998,mixed_pdv_loss_holdover,750.0,750.0,3050.0,0.0,0.0,6.0,2.0,1.5,0.0,0.0,0.0,20.0,4,1597,Sync,0.0,c29a38.fffe.b34e68,128,248,254,65535,128,1,160,BOOTING,-1,False,False,False,False,0,healthy
241.510675346,mixed_pdv_loss_holdover,750.0,750.0,3050.0,0.0,0.0,6.0,2.0,1.5,0.0,0.0,0.0,20.0,4,1598,Sync,0.0,c29a38.fffe.b34e68,128,248,254,65535,128,1,160,BOOTING,-1,False,False,False,False,0,healthy
241.69705590499998,mixed_pdv_loss_holdover,750.0,750.0,3050.0,0.0,0.0,6.0,2.0,1.5,0.0,0.0,0.0,20.0,4,1599,Sync,0.0,c29a38.fffe.b34e68,128,248,254,65535,128,1,160,BOOTING,-1,False,False,False,False,0,healthy
241.81364697,mixed_pdv_loss_holdover,750.0,750.0,3050.0,0.0,0.0,6.0,2.0,1.5,0.0,0.0,0.0,20.0,4,1600,Sync,0.0,c29a38.fffe.b34e68,128,248,254,65535,128,1,160,BOOTING,-1,False,False,False,False,0,healthy
241.92999731300003,mixed_pdv_loss_holdover,750.0,750.0,3050.0,0.0,0.0,6.0,2.0,1.5,0.0,0.0,0.0,20.0,4,1601,Sync,0.0,c29a38.fffe.b34e68,128,248,254,65535,128,1,160,BOOTING,-1,False,False,False,False,0,healthy
242.04625508900003,mixed_pdv_loss_holdover,750.0,750.0,3050.0,0.0,0.0,6.0,2.0,1.5,0.0,0.0,0.0,20.0,4,1602,Sync,0.0,c29a38.fffe.b34e68,128,248,254,65535,128,1,160,BOOTING,-1,False,False,False,False,0,healthy
242.231797789,mixed_pdv_loss_holdover,750.0,750.0,3050.0,0.0,0.0,6.0,2.0,1.5,0.0,0.0,0.0,20.0,4,1603,Sync,0.0,c29a38.fffe.b34e68,128,248,254,65535,128,1,160,BOOTING,-1,False,False,False,False,0,healthy
242.35794388899998,mixed_pdv_loss_holdover,750.0,750.0,3050.0,0.0,0.0,6.0,2.0,1.5,0.0,0.0,0.0,20.0,4,1604,Sync,0.0,c29a38.fffe.b34e68,128,248,254,65535,128,1,160,BOOTING,-1,False,False,False,False,0,healthy
242.55466678899998,mixed_pdv_loss_holdover,750.0,750.0,3050.0,0.0,0.0,6.0,2.0,1.5,0.0,0.0,0.0,20.0,4,1605,Sync,0.0,c29a38.fffe.b34e68,128,248,254,65535,128,1,160,BOOTING,-1,False,False,False,False,0,healthy
242.74188508900002,mixed_pdv_loss_holdover,750.0,750.0,3050.0,0.0,0.0,6.0,2.0,1.5,0.0,0.0,0.0,20.0,4,1606,Sync,0.0,c29a38.fffe.b34e68,128,248,254,65535,128,1,160,BOOTING,-1,False,False,False,False,0,healthy
242.86795628900003,mixed_pdv_loss_holdover,750.0,750.0,3050.0,0.0,0.0,6.0,2.0,1.5,0.0,0.0,0.0,20.0,4,1607,Sync,0.0,c29a38.fffe.b34e68,128,248,254,65535,128,1,160,BOOTING,-1,False,False,False,False,0,healthy
242.985225489,mixed_pdv_loss_holdover,750.0,750.0,3050.0,0.0,0.0,6.0,2.0,1.5,0.0,0.0,0.0,20.0,4,1608,Sync,0.0,c29a38.fffe.b34e68,128,248,254,65535,128,1,160,BOOTING,-1,False,False,False,False,0,healthy
243.10189188900003,mixed_pdv_loss_holdover,750.0,750.0,3050.0,0.0,0.0,6.0,2.0,1.5,0.0,0.0,0.0,20.0,4,1609,Sync,0.0,c29a38.fffe.b34e68,128,248,254,65535,128,1,160,BOOTING,-1,False,False,False,False,0,healthy
243.286863489,mixed_pdv_loss_holdover,750.0,750.0,3050.0,0.0,0.0,6.0,2.0,1.5,0.0,0.0,0.0,20.0,4,1610,Sync,0.0,c29a38.fffe.b34e68,128,248,254,65535,128,1,160,BOOTING,-1,False,False,False,False,0,healthy
243.48748378899998,mixed_pdv_loss_holdover,750.0,750.0,3050.0,0.0,0.0,6.0,2.0,1.5,0.0,0.0,0.0,20.0,4,1611,Sync,0.0,c29a38.fffe.b34e68,128,248,254,65535,128,1,160,BOOTING,-1,False,False,False,False,0,healthy
243.609696889,mixed_pdv_loss_holdover,750.0,750.0,3050.0,0.0,0.0,6.0,2.0,1.5,0.0,0.0,0.0,20.0,4,1612,Sync,0.0,c29a38.fffe.b34e68,128,248,254,65535,128,1,160,BOOTING,-1,False,False,False,False,0,healthy
243.726339689,mixed_pdv_loss_holdover,750.0,750.0,3050.0,0.0,0.0,6.0,2.0,1.5,0.0,0.0,0.0,20.0,4,1613,Sync,0.0,c29a38.fffe.b34e68,128,248,254,65535,128,1,160,BOOTING,-1,False,False,False,False,0,healthy
243.84213858900003,mixed_pdv_loss_holdover,750.0,750.0,3050.0,0.0,0.0,6.0,2.0,1.5,0.0,0.0,0.0,20.0,4,1614,Sync,0.0,c29a38.fffe.b34e68,128,248,254,65535,128,1,160,BOOTING,-1,False,False,False,False,0,healthy
244.03235598900002,mixed_pdv_loss_holdover,750.0,750.0,3050.0,0.0,0.0,6.0,2.0,1.5,0.0,0.0,0.0,20.0,4,1615,Sync,0.0,c29a38.fffe.b34e68,128,248,254,65535,128,1,160,BOOTING,-1,False,False,False,False,0,healthy
244.15206808899998,mixed_pdv_loss_holdover,750.0,750.0,3050.0,0.0,0.0,6.0,2.0,1.5,0.0,0.0,0.0,20.0,4,1616,Sync,0.0,c29a38.fffe.b34e68,128,248,254,65535,128,1,160,BOOTING,-1,False,False,False,False,0,healthy
244.36304038900002,mixed_pdv_loss_holdover,750.0,750.0,3050.0,0.0,0.0,6.0,2.0,1.5,0.0,0.0,0.0,20.0,4,1617,Sync,0.0,c29a38.fffe.b34e68,128,248,254,65535,128,1,160,BOOTING,-1,False,False,False,False,0,healthy
244.52476978900003,mixed_pdv_loss_holdover,750.0,750.0,3050.0,0.0,0.0,6.0,2.0,1.5,0.0,0.0,0.0,20.0,4,1618,Sync,0.0,c29a38.fffe.b34e68,128,248,254,65535,128,1,160,BOOTING,-1,False,False,False,False,0,healthy
244.668372189,mixed_pdv_loss_holdover,750.0,750.0,3050.0,0.0,0.0,6.0,2.0,1.5,0.0,0.0,0.0,20.0,4,1619,Sync,0.0,c29a38.fffe.b34e68,128,248,254,65535,128,1,160,BOOTING,-1,False,False,False,False,0,healthy
244.78605788900003,mixed_pdv_loss_holdover,750.0,750.0,3050.0,0.0,0.0,6.0,2.0,1.5,0.0,0.0,0.0,20.0,4,1620,Sync,0.0,c29a38.fffe.b34e68,128,248,254,65535,128,1,160,BOOTING,-1,False,False,False,False,0,healthy
244.95758498900003,mixed_pdv_loss_holdover,750.0,750.0,3050.0,0.0,0.0,6.0,2.0,1.5,0.0,0.0,0.0,20.0,4,1621,Sync,0.0,c29a38.fffe.b34e68,128,248,254,65535,128,1,160,BOOTING,-1,False,False,False,False,0,healthy
245.18052678900003,mixed_pdv_loss_holdover,750.0,750.0,3050.0,0.0,0.0,6.0,2.0,1.5,0.0,0.0,0.0,20.0,4,1622,Sync,0.0,c29a38.fffe.b34e68,128,248,254,65535,128,1,160,BOOTING,-1,False,False,False,False,0,healthy
245.42082858900002,mixed_pdv_loss_holdover,750.0,750.0,3050.0,0.0,0.0,6.0,2.0,1.5,0.0,0.0,0.0,20.0,4,1623,Sync,0.0,c29a38.fffe.b34e68,128,248,254,65535,128,1,160,BOOTING,-1,False,False,False,False,0,healthy
245.53888368900002,mixed_pdv_loss_holdover,750.0,750.0,3050.0,0.0,0.0,6.0,2.0,1.5,0.0,0.0,0.0,20.0,4,1624,Sync,0.0,c29a38.fffe.b34e68,128,248,254,65535,128,1,160,BOOTING,-1,False,False,False,False,0,healthy
245.658683373,mixed_pdv_loss_holdover,750.0,750.0,3050.0,0.0,0.0,6.0,2.0,1.5,0.0,0.0,0.0,20.0,4,1625,Sync,0.0,c29a38.fffe.b34e68,128,248,254,65535,128,1,160,BOOTING,-1,False,False,False,False,0,healthy
245.773863089,mixed_pdv_loss_holdover,750.0,750.0,3050.0,0.0,0.0,6.0,2.0,1.5,0.0,0.0,0.0,20.0,4,1626,Sync,0.0,c29a38.fffe.b34e68,128,248,254,65535,128,1,160,BOOTING,-1,False,False,False,False,0,healthy
245.889205239,mixed_pdv_loss_holdover,750.0,750.0,3050.0,0.0,0.0,6.0,2.0,1.5,0.0,0.0,0.0,20.0,4,1627,Sync,0.0,c29a38.fffe.b34e68,128,248,254,65535,128,1,160,BOOTING,-1,False,False,False,False,0,healthy
246.09545963899998,mixed_pdv_loss_holdover,750.0,750.0,3050.0,0.0,0.0,6.0,2.0,1.5,0.0,0.0,0.0,20.0,4,1628,Sync,0.0,c29a38.fffe.b34e68,128,248,254,65535,128,1,160,BOOTING,-1,False,False,False,False,0,healthy
246.281336723,mixed_pdv_loss_holdover,750.0,750.0,3050.0,0.0,0.0,6.0,2.0,1.5,0.0,0.0,0.0,20.0,4,1629,Sync,0.0,c29a38.fffe.b34e68,128,248,254,65535,128,1,160,BOOTING,-1,False,False,False,False,0,healthy
246.39758738100002,mixed_pdv_loss_holdover,750.0,750.0,3050.0,0.0,0.0,6.0,2.0,1.5,0.0,0.0,0.0,20.0,4,1630,Sync,0.0,c29a38.fffe.b34e68,128,248,254,65535,128,1,160,BOOTING,-1,False,False,False,False,0,healthy
246.51526565600003,mixed_pdv_loss_holdover,750.0,750.0,3050.0,0.0,0.0,6.0,2.0,1.5,0.0,0.0,0.0,20.0,4,1631,Sync,0.0,c29a38.fffe.b34e68,128,248,254,65535,128,1,160,BOOTING,-1,False,False,False,False,0,healthy
246.631749423,mixed_pdv_loss_holdover,750.0,750.0,3050.0,0.0,0.0,6.0,2.0,1.5,0.0,0.0,0.0,20.0,4,1632,Sync,0.0,c29a38.fffe.b34e68,128,248,254,65535,128,1,160,BOOTING,-1,False,False,False,False,0,healthy
246.80596485600003,mixed_pdv_loss_holdover,750.0,750.0,3050.0,0.0,0.0,6.0,2.0,1.5,0.0,0.0,0.0,20.0,4,1633,Sync,0.0,c29a38.fffe.b34e68,128,248,254,65535,128,1,160,BOOTING,-1,False,False,False,False,0,healthy
246.92056505600002,mixed_pdv_loss_holdover,750.0,750.0,3050.0,0.0,0.0,6.0,2.0,1.5,0.0,0.0,0.0,20.0,4,1634,Sync,0.0,c29a38.fffe.b34e68,128,248,254,65535,128,1,160,BOOTING,-1,False,False,False,False,0,healthy
247.073070431,mixed_pdv_loss_holdover,750.0,750.0,3050.0,0.0,0.0,6.0,2.0,1.5,0.0,0.0,0.0,20.0,4,1635,Sync,0.0,c29a38.fffe.b34e68,128,248,254,65535,128,1,160,BOOTING,-1,False,False,False,False,0,healthy
247.253604173,mixed_pdv_loss_holdover,750.0,750.0,3050.0,0.0,0.0,6.0,2.0,1.5,0.0,0.0,0.0,20.0,4,1636,Sync,0.0,c29a38.fffe.b34e68,128,248,254,65535,128,1,160,BOOTING,-1,False,False,False,False,0,healthy
247.375704356,mixed_pdv_loss_holdover,750.0,750.0,3050.0,0.0,0.0,6.0,2.0,1.5,0.0,0.0,0.0,20.0,4,1637,Sync,0.0,c29a38.fffe.b34e68,128,248,254,65535,128,1,160,BOOTING,-1,False,False,False,False,0,healthy
247.544661973,mixed_pdv_loss_holdover,750.0,750.0,3050.0,0.0,0.0,6.0,2.0,1.5,0.0,0.0,0.0,20.0,4,1638,Sync,0.0,c29a38.fffe.b34e68,128,248,254,65535,128,1,160,BOOTING,-1,False,False,False,False,0,healthy
247.721736489,mixed_pdv_loss_holdover,750.0,750.0,3050.0,0.0,0.0,6.0,2.0,1.5,0.0,0.0,0.0,20.0,4,1639,Sync,0.0,c29a38.fffe.b34e68,128,248,254,65535,128,1,160,BOOTING,-1,False,False,False,False,0,healthy
247.837133089,mixed_pdv_loss_holdover,750.0,750.0,3050.0,0.0,0.0,6.0,2.0,1.5,0.0,0.0,0.0,20.0,4,1640,Sync,0.0,c29a38.fffe.b34e68,128,248,254,65535,128,1,160,BOOTING,-1,False,False,False,False,0,healthy
247.95628563900001,mixed_pdv_loss_holdover,750.0,750.0,3050.0,0.0,0.0,6.0,2.0,1.5,0.0,0.0,0.0,20.0,4,1641,Sync,0.0,c29a38.fffe.b34e68,128,248,254,65535,128,1,160,BOOTING,-1,False,False,False,False,0,healthy
248.071677381,mixed_pdv_loss_holdover,750.0,750.0,3050.0,0.0,0.0,6.0,2.0,1.5,0.0,0.0,0.0,20.0,4,1642,Sync,0.0,c29a38.fffe.b34e68,128,248,254,65535,128,1,160,BOOTING,-1,False,False,False,False,0,healthy
248.260834298,mixed_pdv_loss_holdover,750.0,750.0,3050.0,0.0,0.0,6.0,2.0,1.5,0.0,0.0,0.0,20.0,4,1643,Sync,0.0,c29a38.fffe.b34e68,128,248,254,65535,128,1,160,BOOTING,-1,False,False,False,False,0,healthy
248.37582985600002,mixed_pdv_loss_holdover,750.0,750.0,3050.0,0.0,0.0,6.0,2.0,1.5,0.0,0.0,0.0,20.0,4,1644,Sync,0.0,c29a38.fffe.b34e68,128,248,254,65535,128,1,160,BOOTING,-1,False,False,False,False,0,healthy
248.55783081400003,mixed_pdv_loss_holdover,750.0,750.0,3050.0,0.0,0.0,6.0,2.0,1.5,0.0,0.0,0.0,20.0,4,1645,Sync,0.0,c29a38.fffe.b34e68,128,248,254,65535,128,1,160,BOOTING,-1,False,False,False,False,0,healthy
248.756934939,mixed_pdv_loss_holdover,750.0,750.0,3050.0,0.0,0.0,6.0,2.0,1.5,0.0,0.0,0.0,20.0,4,1646,Sync,0.0,c29a38.fffe.b34e68,128,248,254,65535,128,1,160,BOOTING,-1,False,False,False,False,0,healthy
248.876847039,mixed_pdv_loss_holdover,750.0,750.0,3050.0,0.0,0.0,6.0,2.0,1.5,0.0,0.0,0.0,20.0,4,1647,Sync,0.0,c29a38.fffe.b34e68,128,248,254,65535,128,1,160,BOOTING,-1,False,False,False,False,0,healthy
248.994328598,mixed_pdv_loss_holdover,750.0,750.0,3050.0,0.0,0.0,6.0,2.0,1.5,0.0,0.0,0.0,20.0,4,1648,Sync,0.0,c29a38.fffe.b34e68,128,248,254,65535,128,1,160,BOOTING,-1,False,False,False,False,0,healthy
249.11340854800002,mixed_pdv_loss_holdover,750.0,750.0,3050.0,0.0,0.0,6.0,2.0,1.5,0.0,0.0,0.0,20.0,4,1649,Sync,0.0,c29a38.fffe.b34e68,128,248,254,65535,128,1,160,BOOTING,-1,False,False,False,False,0,healthy
249.23325858900003,mixed_pdv_loss_holdover,750.0,750.0,3050.0,0.0,0.0,6.0,2.0,1.5,0.0,0.0,0.0,20.0,4,1650,Sync,0.0,c29a38.fffe.b34e68,128,248,254,65535,128,1,160,BOOTING,-1,False,False,False,False,0,healthy
249.43029315600003,mixed_pdv_loss_holdover,750.0,750.0,3050.0,0.0,0.0,6.0,2.0,1.5,0.0,0.0,0.0,20.0,4,1651,Sync,0.0,c29a38.fffe.b34e68,128,248,254,65535,128,1,160,BOOTING,-1,False,False,False,False,0,healthy
249.551220281,mixed_pdv_loss_holdover,750.0,750.0,3050.0,0.0,0.0,6.0,2.0,1.5,0.0,0.0,0.0,20.0,4,1652,Sync,0.0,c29a38.fffe.b34e68,128,248,254,65535,128,1,160,BOOTING,-1,False,False,False,False,0,healthy
249.70948195600002,mixed_pdv_loss_holdover,750.0,750.0,3050.0,0.0,0.0,6.0,2.0,1.5,0.0,0.0,0.0,20.0,4,1653,Sync,0.0,c29a38.fffe.b34e68,128,248,254,65535,128,1,160,BOOTING,-1,False,False,False,False,0,healthy
249.91266854800003,mixed_pdv_loss_holdover,750.0,750.0,3050.0,0.0,0.0,6.0,2.0,1.5,0.0,0.0,0.0,20.0,4,1654,Sync,0.0,c29a38.fffe.b34e68,128,248,254,65535,128,1,160,BOOTING,-1,False,False,False,False,0,healthy
250.030044689,mixed_pdv_loss_holdover,750.0,750.0,3050.0,0.0,0.0,6.0,2.0,1.5,0.0,0.0,0.0,20.0,4,1655,Sync,0.0,c29a38.fffe.b34e68,128,248,254,65535,128,1,160,BOOTING,-1,False,False,False,False,0,healthy
250.147117506,mixed_pdv_loss_holdover,750.0,750.0,3050.0,0.0,0.0,6.0,2.0,1.5,0.0,0.0,0.0,20.0,4,1656,Sync,0.0,c29a38.fffe.b34e68,128,248,254,65535,128,1,160,BOOTING,-1,False,False,False,False,0,healthy
250.265743798,mixed_pdv_loss_holdover,750.0,750.0,3050.0,0.0,0.0,6.0,2.0,1.5,0.0,0.0,0.0,20.0,4,1657,Sync,0.0,c29a38.fffe.b34e68,128,248,254,65535,128,1,160,BOOTING,-1,False,False,False,False,0,healthy
250.475757173,mixed_pdv_loss_holdover,750.0,750.0,3050.0,0.0,0.0,6.0,2.0,1.5,0.0,0.0,0.0,20.0,4,1658,Sync,0.0,c29a38.fffe.b34e68,128,248,254,65535,128,1,160,BOOTING,-1,False,False,False,False,0,healthy
250.597882931,mixed_pdv_loss_holdover,750.0,750.0,3050.0,0.0,0.0,6.0,2.0,1.5,0.0,0.0,0.0,20.0,4,1659,Sync,0.0,c29a38.fffe.b34e68,128,248,254,65535,128,1,160,BOOTING,-1,False,False,False,False,0,healthy
250.82789641399998,mixed_pdv_loss_holdover,750.0,750.0,3050.0,0.0,0.0,6.0,2.0,1.5,0.0,0.0,0.0,20.0,4,1660,Sync,0.0,c29a38.fffe.b34e68,128,248,254,65535,128,1,160,BOOTING,-1,False,False,False,False,0,healthy
251.06083910600003,mixed_pdv_loss_holdover,750.0,750.0,3050.0,0.0,0.0,6.0,2.0,1.5,0.0,0.0,0.0,20.0,4,1661,Sync,0.0,c29a38.fffe.b34e68,128,248,254,65535,128,1,160,BOOTING,-1,False,False,False,False,0,healthy
251.17788530599998,mixed_pdv_loss_holdover,750.0,750.0,3050.0,0.0,0.0,6.0,2.0,1.5,0.0,0.0,0.0,20.0,4,1662,Sync,0.0,c29a38.fffe.b34e68,128,248,254,65535,128,1,160,BOOTING,-1,False,False,False,False,0,healthy
251.293911306,mixed_pdv_loss_holdover,750.0,750.0,3050.0,0.0,0.0,6.0,2.0,1.5,0.0,0.0,0.0,20.0,4,1663,Sync,0.0,c29a38.fffe.b34e68,128,248,254,65535,128,1,160,BOOTING,-1,False,False,False,False,0,healthy
251.41122020600002,mixed_pdv_loss_holdover,750.0,750.0,3050.0,0.0,0.0,6.0,2.0,1.5,0.0,0.0,0.0,20.0,4,1664,Sync,0.0,c29a38.fffe.b34e68,128,248,254,65535,128,1,160,BOOTING,-1,False,False,False,False,0,healthy
251.528315306,mixed_pdv_loss_holdover,750.0,750.0,3050.0,0.0,0.0,6.0,2.0,1.5,0.0,0.0,0.0,20.0,4,1665,Sync,0.0,c29a38.fffe.b34e68,128,248,254,65535,128,1,160,BOOTING,-1,False,False,False,False,0,healthy
251.65037100600003,mixed_pdv_loss_holdover,750.0,750.0,3050.0,0.0,0.0,6.0,2.0,1.5,0.0,0.0,0.0,20.0,4,1666,Sync,0.0,c29a38.fffe.b34e68,128,248,254,65535,128,1,160,BOOTING,-1,False,False,False,False,0,healthy
251.83125910600003,mixed_pdv_loss_holdover,750.0,750.0,3050.0,0.0,0.0,6.0,2.0,1.5,0.0,0.0,0.0,20.0,4,1667,Sync,0.0,c29a38.fffe.b34e68,128,248,254,65535,128,1,160,BOOTING,-1,False,False,False,False,0,healthy
251.95529620599999,mixed_pdv_loss_holdover,750.0,750.0,3050.0,0.0,0.0,6.0,2.0,1.5,0.0,0.0,0.0,20.0,4,1668,Sync,0.0,c29a38.fffe.b34e68,128,248,254,65535,128,1,160,BOOTING,-1,False,False,False,False,0,healthy
252.185969706,mixed_pdv_loss_holdover,750.0,750.0,3050.0,0.0,0.0,6.0,2.0,1.5,0.0,0.0,0.0,20.0,4,1669,Sync,0.0,c29a38.fffe.b34e68,128,248,254,65535,128,1,160,BOOTING,-1,False,False,False,False,0,healthy
252.394558106,mixed_pdv_loss_holdover,750.0,750.0,3050.0,0.0,0.0,6.0,2.0,1.5,0.0,0.0,0.0,20.0,4,1670,Sync,0.0,c29a38.fffe.b34e68,128,248,254,65535,128,1,160,BOOTING,-1,False,False,False,False,0,healthy
252.608747206,mixed_pdv_loss_holdover,750.0,750.0,3050.0,0.0,0.0,6.0,2.0,1.5,0.0,0.0,0.0,20.0,4,1671,Sync,0.0,c29a38.fffe.b34e68,128,248,254,65535,128,1,160,BOOTING,-1,False,False,False,False,0,healthy
252.736927206,mixed_pdv_loss_holdover,750.0,750.0,3050.0,0.0,0.0,6.0,2.0,1.5,0.0,0.0,0.0,20.0,4,1672,Sync,0.0,c29a38.fffe.b34e68,128,248,254,65535,128,1,160,BOOTING,-1,False,False,False,False,0,healthy
252.873116506,mixed_pdv_loss_holdover,750.0,750.0,3050.0,0.0,0.0,6.0,2.0,1.5,0.0,0.0,0.0,20.0,4,1673,Sync,0.0,c29a38.fffe.b34e68,128,248,254,65535,128,1,160,BOOTING,-1,False,False,False,False,0,healthy
252.99206970600002,mixed_pdv_loss_holdover,750.0,750.0,3050.0,0.0,0.0,6.0,2.0,1.5,0.0,0.0,0.0,20.0,4,1674,Sync,0.0,c29a38.fffe.b34e68,128,248,254,65535,128,1,160,BOOTING,-1,False,False,False,False,0,healthy
253.11006070599998,mixed_pdv_loss_holdover,750.0,750.0,3050.0,0.0,0.0,6.0,2.0,1.5,0.0,0.0,0.0,20.0,4,1675,Sync,0.0,c29a38.fffe.b34e68,128,248,254,65535,128,1,160,BOOTING,-1,False,False,False,False,0,healthy
253.29291330600003,mixed_pdv_loss_holdover,750.0,750.0,3050.0,0.0,0.0,6.0,2.0,1.5,0.0,0.0,0.0,20.0,4,1676,Sync,0.0,c29a38.fffe.b34e68,128,248,254,65535,128,1,160,BOOTING,-1,False,False,False,False,0,healthy
253.51813490600003,mixed_pdv_loss_holdover,750.0,750.0,3050.0,0.0,0.0,6.0,2.0,1.5,0.0,0.0,0.0,20.0,4,1677,Sync,0.0,c29a38.fffe.b34e68,128,248,254,65535,128,1,160,BOOTING,-1,False,False,False,False,0,healthy
253.635944556,mixed_pdv_loss_holdover,750.0,750.0,3050.0,0.0,0.0,6.0,2.0,1.5,0.0,0.0,0.0,20.0,4,1678,Sync,0.0,c29a38.fffe.b34e68,128,248,254,65535,128,1,160,BOOTING,-1,False,False,False,False,0,healthy
253.75297117300002,mixed_pdv_loss_holdover,750.0,750.0,3050.0,0.0,0.0,6.0,2.0,1.5,0.0,0.0,0.0,20.0,4,1679,Sync,0.0,c29a38.fffe.b34e68,128,248,254,65535,128,1,160,BOOTING,-1,False,False,False,False,0,healthy
253.868387206,mixed_pdv_loss_holdover,750.0,750.0,3050.0,0.0,0.0,6.0,2.0,1.5,0.0,0.0,0.0,20.0,4,1680,Sync,0.0,c29a38.fffe.b34e68,128,248,254,65535,128,1,160,BOOTING,-1,False,False,False,False,0,healthy
254.055933265,mixed_pdv_loss_holdover,750.0,750.0,3050.0,0.0,0.0,6.0,2.0,1.5,0.0,0.0,0.0,20.0,4,1681,Sync,0.0,c29a38.fffe.b34e68,128,248,254,65535,128,1,160,BOOTING,-1,False,False,False,False,0,healthy
254.17091846500003,mixed_pdv_loss_holdover,750.0,750.0,3050.0,0.0,0.0,6.0,2.0,1.5,0.0,0.0,0.0,20.0,4,1682,Sync,0.0,c29a38.fffe.b34e68,128,248,254,65535,128,1,160,BOOTING,-1,False,False,False,False,0,healthy
254.318383731,mixed_pdv_loss_holdover,750.0,750.0,3050.0,0.0,0.0,6.0,2.0,1.5,0.0,0.0,0.0,20.0,4,1683,Sync,0.0,c29a38.fffe.b34e68,128,248,254,65535,128,1,160,BOOTING,-1,False,False,False,False,0,healthy
254.583165556,mixed_pdv_loss_holdover,750.0,750.0,3050.0,0.0,0.0,6.0,2.0,1.5,0.0,0.0,0.0,20.0,4,1684,Sync,0.0,c29a38.fffe.b34e68,128,248,254,65535,128,1,160,BOOTING,-1,False,False,False,False,0,healthy
254.70007685599998,mixed_pdv_loss_holdover,750.0,750.0,3050.0,0.0,0.0,6.0,2.0,1.5,0.0,0.0,0.0,20.0,4,1685,Sync,0.0,c29a38.fffe.b34e68,128,248,254,65535,128,1,160,BOOTING,-1,False,False,False,False,0,healthy
254.81542743999998,mixed_pdv_loss_holdover,750.0,750.0,3050.0,0.0,0.0,6.0,2.0,1.5,0.0,0.0,0.0,20.0,4,1686,Sync,0.0,c29a38.fffe.b34e68,128,248,254,65535,128,1,160,BOOTING,-1,False,False,False,False,0,healthy
254.931189973,mixed_pdv_loss_holdover,750.0,750.0,3050.0,0.0,0.0,6.0,2.0,1.5,0.0,0.0,0.0,20.0,4,1687,Sync,0.0,c29a38.fffe.b34e68,128,248,254,65535,128,1,160,BOOTING,-1,False,False,False,False,0,healthy
255.04701465600002,mixed_pdv_loss_holdover,750.0,750.0,3050.0,0.0,0.0,6.0,2.0,1.5,0.0,0.0,0.0,20.0,4,1688,Sync,0.0,c29a38.fffe.b34e68,128,248,254,65535,128,1,160,BOOTING,-1,False,False,False,False,0,healthy
255.225715706,mixed_pdv_loss_holdover,750.0,750.0,3050.0,0.0,0.0,6.0,2.0,1.5,0.0,0.0,0.0,20.0,4,1689,Sync,0.0,c29a38.fffe.b34e68,128,248,254,65535,128,1,160,BOOTING,-1,False,False,False,False,0,healthy
255.344246481,mixed_pdv_loss_holdover,750.0,750.0,3050.0,0.0,0.0,6.0,2.0,1.5,0.0,0.0,0.0,20.0,4,1690,Sync,0.0,c29a38.fffe.b34e68,128,248,254,65535,128,1,160,BOOTING,-1,False,False,False,False,0,healthy
255.603781398,mixed_pdv_loss_holdover,750.0,750.0,3050.0,0.0,0.0,6.0,2.0,1.5,0.0,0.0,0.0,20.0,4,1691,Sync,0.0,c29a38.fffe.b34e68,128,248,254,65535,128,1,160,BOOTING,-1,False,False,False,False,0,healthy
255.72925959,mixed_pdv_loss_holdover,750.0,750.0,3050.0,0.0,0.0,6.0,2.0,1.5,0.0,0.0,0.0,20.0,4,1692,Sync,0.0,c29a38.fffe.b34e68,128,248,254,65535,128,1,160,BOOTING,-1,False,False,False,False,0,healthy
255.85961619000003,mixed_pdv_loss_holdover,750.0,750.0,3050.0,0.0,0.0,6.0,2.0,1.5,0.0,0.0,0.0,20.0,4,1693,Sync,0.0,c29a38.fffe.b34e68,128,248,254,65535,128,1,160,BOOTING,-1,False,False,False,False,0,healthy
255.975403473,mixed_pdv_loss_holdover,750.0,750.0,3050.0,0.0,0.0,6.0,2.0,1.5,0.0,0.0,0.0,20.0,4,1694,Sync,0.0,c29a38.fffe.b34e68,128,248,254,65535,128,1,160,BOOTING,-1,False,False,False,False,0,healthy
256.09136034,mixed_pdv_loss_holdover,750.0,750.0,3050.0,0.0,0.0,6.0,2.0,1.5,0.0,0.0,0.0,20.0,4,1695,Sync,0.0,c29a38.fffe.b34e68,128,248,254,65535,128,1,160,BOOTING,-1,False,False,False,False,0,healthy
256.321529565,mixed_pdv_loss_holdover,750.0,750.0,3050.0,0.0,0.0,6.0,2.0,1.5,0.0,0.0,0.0,20.0,4,1696,Sync,0.0,c29a38.fffe.b34e68,128,248,254,65535,128,1,160,BOOTING,-1,False,False,False,False,0,healthy
256.518140723,mixed_pdv_loss_holdover,750.0,750.0,3050.0,0.0,0.0,6.0,2.0,1.5,0.0,0.0,0.0,20.0,4,1697,Sync,0.0,c29a38.fffe.b34e68,128,248,254,65535,128,1,160,BOOTING,-1,False,False,False,False,0,healthy
256.640181506,mixed_pdv_loss_holdover,750.0,750.0,3050.0,0.0,0.0,6.0,2.0,1.5,0.0,0.0,0.0,20.0,4,1698,Sync,0.0,c29a38.fffe.b34e68,128,248,254,65535,128,1,160,BOOTING,-1,False,False,False,False,0,healthy
256.75699078099996,mixed_pdv_loss_holdover,750.0,750.0,3050.0,0.0,0.0,6.0,2.0,1.5,0.0,0.0,0.0,20.0,4,1699,Sync,0.0,c29a38.fffe.b34e68,128,248,254,65535,128,1,160,BOOTING,-1,False,False,False,False,0,healthy
256.87681754,mixed_pdv_loss_holdover,750.0,750.0,3050.0,0.0,0.0,6.0,2.0,1.5,0.0,0.0,0.0,20.0,4,1700,Sync,0.0,c29a38.fffe.b34e68,128,248,254,65535,128,1,160,BOOTING,-1,False,False,False,False,0,healthy
257.04936500599996,mixed_pdv_loss_holdover,750.0,750.0,3050.0,0.0,0.0,6.0,2.0,1.5,0.0,0.0,0.0,20.0,4,1701,Sync,0.0,c29a38.fffe.b34e68,128,248,254,65535,128,1,160,BOOTING,-1,False,False,False,False,0,healthy
257.28558139,mixed_pdv_loss_holdover,750.0,750.0,3050.0,0.0,0.0,6.0,2.0,1.5,0.0,0.0,0.0,20.0,4,1702,Sync,0.0,c29a38.fffe.b34e68,128,248,254,65535,128,1,160,BOOTING,-1,False,False,False,False,0,healthy
257.403307748,mixed_pdv_loss_holdover,750.0,750.0,3050.0,0.0,0.0,6.0,2.0,1.5,0.0,0.0,0.0,20.0,4,1703,Sync,0.0,c29a38.fffe.b34e68,128,248,254,65535,128,1,160,BOOTING,-1,False,False,False,False,0,healthy
257.595411648,mixed_pdv_loss_holdover,750.0,750.0,3050.0,0.0,0.0,6.0,2.0,1.5,0.0,0.0,0.0,20.0,4,1704,Sync,0.0,c29a38.fffe.b34e68,128,248,254,65535,128,1,160,BOOTING,-1,False,False,False,False,0,healthy
257.773114148,mixed_pdv_loss_holdover,750.0,750.0,3050.0,0.0,0.0,6.0,2.0,1.5,0.0,0.0,0.0,20.0,4,1705,Sync,0.0,c29a38.fffe.b34e68,128,248,254,65535,128,1,160,BOOTING,-1,False,False,False,False,0,healthy
257.891678648,mixed_pdv_loss_holdover,750.0,750.0,3050.0,0.0,0.0,6.0,2.0,1.5,0.0,0.0,0.0,20.0,4,1706,Sync,0.0,c29a38.fffe.b34e68,128,248,254,65535,128,1,160,BOOTING,-1,False,False,False,False,0,healthy
258.094713648,mixed_pdv_loss_holdover,750.0,750.0,3050.0,0.0,0.0,6.0,2.0,1.5,0.0,0.0,0.0,20.0,4,1707,Sync,0.0,c29a38.fffe.b34e68,128,248,254,65535,128,1,160,BOOTING,-1,False,False,False,False,0,healthy
258.215906648,mixed_pdv_loss_holdover,750.0,750.0,3050.0,0.0,0.0,6.0,2.0,1.5,0.0,0.0,0.0,20.0,4,1708,Sync,0.0,c29a38.fffe.b34e68,128,248,254,65535,128,1,160,BOOTING,-1,False,False,False,False,0,healthy
258.334040348,mixed_pdv_loss_holdover,750.0,750.0,3050.0,0.0,0.0,6.0,2.0,1.5,0.0,0.0,0.0,20.0,4,1709,Sync,0.0,c29a38.fffe.b34e68,128,248,254,65535,128,1,160,BOOTING,-1,False,False,False,False,0,healthy
258.45922184799997,mixed_pdv_loss_holdover,750.0,750.0,3050.0,0.0,0.0,6.0,2.0,1.5,0.0,0.0,0.0,20.0,4,1710,Sync,0.0,c29a38.fffe.b34e68,128,248,254,65535,128,1,160,BOOTING,-1,False,False,False,False,0,healthy
258.710288248,mixed_pdv_loss_holdover,750.0,750.0,3050.0,0.0,0.0,6.0,2.0,1.5,0.0,0.0,0.0,20.0,4,1711,Sync,0.0,c29a38.fffe.b34e68,128,248,254,65535,128,1,160,BOOTING,-1,False,False,False,False,0,healthy
258.83117324799997,mixed_pdv_loss_holdover,750.0,750.0,3050.0,0.0,0.0,6.0,2.0,1.5,0.0,0.0,0.0,20.0,4,1712,Sync,0.0,c29a38.fffe.b34e68,128,248,254,65535,128,1,160,BOOTING,-1,False,False,False,False,0,healthy
259.06163374799996,mixed_pdv_loss_holdover,750.0,750.0,3050.0,0.0,0.0,6.0,2.0,1.5,0.0,0.0,0.0,20.0,4,1713,Sync,0.0,c29a38.fffe.b34e68,128,248,254,65535,128,1,160,BOOTING,-1,False,False,False,False,0,healthy
259.185819748,mixed_pdv_loss_holdover,750.0,750.0,3050.0,0.0,0.0,6.0,2.0,1.5,0.0,0.0,0.0,20.0,4,1714,Sync,0.0,c29a38.fffe.b34e68,128,248,254,65535,128,1,160,BOOTING,-1,False,False,False,False,0,healthy
259.308860348,mixed_pdv_loss_holdover,750.0,750.0,3050.0,0.0,0.0,6.0,2.0,1.5,0.0,0.0,0.0,20.0,4,1715,Sync,0.0,c29a38.fffe.b34e68,128,248,254,65535,128,1,160,BOOTING,-1,False,False,False,False,0,healthy
259.596410448,mixed_pdv_loss_holdover,750.0,750.0,3050.0,0.0,0.0,6.0,2.0,1.5,0.0,0.0,0.0,20.0,4,1716,Sync,10.43296455122169,c29a38.fffe.b34e68,128,248,254,65535,128,1,160,BOOTING,-1,False,False,False,False,0,healthy
259.724077448,mixed_pdv_loss_holdover,750.0,750.0,3050.0,0.0,0.0,6.0,2.0,1.5,0.0,0.0,0.0,20.0,4,1717,Sync,15.665755441888013,c29a38.fffe.b34e68,128,248,254,65535,128,1,160,BOOTING,-1,False,False,False,False,0,healthy
259.848105648,mixed_pdv_loss_holdover,750.0,750.0,3050.0,0.0,0.0,6.0,2.0,1.5,0.0,0.0,0.0,20.0,4,1718,Sync,16.125365037951315,c29a38.fffe.b34e68,128,248,254,65535,128,1,160,BOOTING,-1,False,False,False,False,0,healthy
259.96676884799996,mixed_pdv_loss_holdover,750.0,750.0,3050.0,0.0,0.0,6.0,2.0,1.5,0.0,0.0,0.0,20.0,4,1719,Sync,8.4272124803676,c29a38.fffe.b34e68,128,248,254,65535,128,1,160,BOOTING,-1,False,False,False,False,0,healthy
260.085260648,mixed_pdv_loss_holdover,750.0,750.0,3050.0,0.0,0.0,6.0,2.0,1.5,0.0,0.0,0.0,20.0,4,1720,Sync,16.878805115626083,c29a38.fffe.b34e68,128,248,254,65535,128,1,160,BOOTING,-1,False,False,False,False,0,healthy
260.334838548,mixed_pdv_loss_holdover,750.0,750.0,3050.0,0.0,0.0,6.0,2.0,1.5,0.0,0.0,0.0,20.0,4,1721,Sync,0.0,c29a38.fffe.b34e68,128,248,254,65535,128,1,160,BOOTING,-1,False,False,False,False,0,healthy
260.556513748,mixed_pdv_loss_holdover,750.0,750.0,3050.0,0.0,0.0,6.0,2.0,1.5,0.0,0.0,0.0,20.0,4,1722,Sync,0.0,c29a38.fffe.b34e68,128,248,254,65535,128,1,160,BOOTING,-1,False,False,False,False,0,healthy
260.690411049,mixed_pdv_loss_holdover,750.0,750.0,3050.0,0.0,0.0,6.0,2.0,1.5,0.0,0.0,0.0,20.0,4,1723,Sync,0.0,c29a38.fffe.b34e68,128,248,254,65535,128,1,160,BOOTING,-1,False,False,False,False,0,healthy
260.810894449,mixed_pdv_loss_holdover,750.0,750.0,3050.0,0.0,0.0,6.0,2.0,1.5,0.0,0.0,0.0,20.0,4,1724,Sync,0.0,c29a38.fffe.b34e68,128,248,254,65535,128,1,160,BOOTING,-1,False,False,False,False,0,healthy
260.92819814899997,mixed_pdv_loss_holdover,750.0,750.0,3050.0,0.0,0.0,6.0,2.0,1.5,0.0,0.0,0.0,20.0,4,1725,Sync,0.0,c29a38.fffe.b34e68,128,248,254,65535,128,1,160,BOOTING,-1,False,False,False,False,0,healthy
261.04864174899996,mixed_pdv_loss_holdover,750.0,750.0,3050.0,0.0,0.0,6.0,2.0,1.5,0.0,0.0,0.0,20.0,4,1726,Sync,0.0,c29a38.fffe.b34e68,128,248,254,65535,128,1,160,BOOTING,-1,False,False,False,False,0,healthy
261.224599549,mixed_pdv_loss_holdover,750.0,750.0,3050.0,0.0,0.0,6.0,2.0,1.5,0.0,0.0,0.0,20.0,4,1727,Sync,0.0,c29a38.fffe.b34e68,128,248,254,65535,128,1,160,BOOTING,-1,False,False,False,False,0,healthy
261.41463934899997,mixed_pdv_loss_holdover,750.0,750.0,3050.0,0.0,0.0,6.0,2.0,1.5,0.0,0.0,0.0,20.0,4,1728,Sync,0.0,c29a38.fffe.b34e68,128,248,254,65535,128,1,160,BOOTING,-1,False,False,False,False,0,healthy
261.59558564499997,mixed_pdv_loss_holdover,750.0,750.0,3050.0,0.0,0.0,6.0,2.0,1.5,0.0,0.0,0.0,20.0,4,1729,Sync,0.0,c29a38.fffe.b34e68,128,248,254,65535,128,1,160,BOOTING,-1,False,False,False,False,0,healthy
261.87156593199995,mixed_pdv_loss_holdover,750.0,750.0,3050.0,0.0,0.0,6.0,2.0,1.5,0.0,0.0,0.0,20.0,4,1730,Sync,0.0,c29a38.fffe.b34e68,128,248,254,65535,128,1,160,BOOTING,-1,False,False,False,False,0,healthy
261.997874911,mixed_pdv_loss_holdover,750.0,750.0,3050.0,0.0,0.0,6.0,2.0,1.5,0.0,0.0,0.0,20.0,4,1731,Sync,0.0,c29a38.fffe.b34e68,128,248,254,65535,128,1,160,BOOTING,-1,False,False,False,False,0,healthy
262.117430653,mixed_pdv_loss_holdover,750.0,750.0,3050.0,0.0,0.0,6.0,2.0,1.5,0.0,0.0,0.0,20.0,4,1732,Sync,0.0,c29a38.fffe.b34e68,128,248,254,65535,128,1,160,BOOTING,-1,False,False,False,False,0,healthy
262.235866699,mixed_pdv_loss_holdover,750.0,750.0,3050.0,0.0,0.0,6.0,2.0,1.5,0.0,0.0,0.0,20.0,4,1733,Sync,0.0,c29a38.fffe.b34e68,128,248,254,65535,128,1,160,BOOTING,-1,False,False,False,False,0,healthy
262.353640568,mixed_pdv_loss_holdover,750.0,750.0,3050.0,0.0,0.0,6.0,2.0,1.5,0.0,0.0,0.0,20.0,4,1734,Sync,0.0,c29a38.fffe.b34e68,128,248,254,65535,128,1,160,BOOTING,-1,False,False,False,False,0,healthy
262.47179516399996,mixed_pdv_loss_holdover,750.0,750.0,3050.0,0.0,0.0,6.0,2.0,1.5,0.0,0.0,0.0,20.0,4,1735,Sync,0.0,c29a38.fffe.b34e68,128,248,254,65535,128,1,160,BOOTING,-1,False,False,False,False,0,healthy
262.681419948,mixed_pdv_loss_holdover,750.0,750.0,3050.0,0.0,0.0,6.0,2.0,1.5,0.0,0.0,0.0,20.0,4,1736,Sync,0.0,c29a38.fffe.b34e68,128,248,254,65535,128,1,160,BOOTING,-1,False,False,False,False,0,healthy
262.801023338,mixed_pdv_loss_holdover,750.0,750.0,3050.0,0.0,0.0,6.0,2.0,1.5,0.0,0.0,0.0,20.0,4,1737,Sync,0.0,c29a38.fffe.b34e68,128,248,254,65535,128,1,160,BOOTING,-1,False,False,False,False,0,healthy
263.004164308,mixed_pdv_loss_holdover,750.0,750.0,3050.0,0.0,0.0,6.0,2.0,1.5,0.0,0.0,0.0,20.0,4,1738,Sync,0.0,c29a38.fffe.b34e68,128,248,254,65535,128,1,160,BOOTING,-1,False,False,False,False,0,healthy
263.12034726999997,mixed_pdv_loss_holdover,750.0,750.0,3050.0,0.0,0.0,6.0,2.0,1.5,0.0,0.0,0.0,20.0,4,1739,Sync,0.0,c29a38.fffe.b34e68,128,248,254,65535,128,1,160,BOOTING,-1,False,False,False,False,0,healthy
263.238150469,mixed_pdv_loss_holdover,750.0,750.0,3050.0,0.0,0.0,6.0,2.0,1.5,0.0,0.0,0.0,20.0,4,1740,Sync,0.0,c29a38.fffe.b34e68,128,248,254,65535,128,1,160,BOOTING,-1,False,False,False,False,0,healthy
263.413355956,mixed_pdv_loss_holdover,750.0,750.0,3050.0,0.0,0.0,6.0,2.0,1.5,0.0,0.0,0.0,20.0,4,1741,Sync,0.0,c29a38.fffe.b34e68,128,248,254,65535,128,1,160,BOOTING,-1,False,False,False,False,0,healthy
263.536670106,mixed_pdv_loss_holdover,750.0,750.0,3050.0,0.0,0.0,6.0,2.0,1.5,0.0,0.0,0.0,20.0,4,1742,Sync,0.0,c29a38.fffe.b34e68,128,248,254,65535,128,1,160,BOOTING,-1,False,False,False,False,0,healthy
263.720255544,mixed_pdv_loss_holdover,750.0,750.0,3050.0,0.0,0.0,6.0,2.0,1.5,0.0,0.0,0.0,20.0,4,1743,Sync,0.0,c29a38.fffe.b34e68,128,248,254,65535,128,1,160,BOOTING,-1,False,False,False,False,0,healthy
263.89179070299997,mixed_pdv_loss_holdover,750.0,750.0,3050.0,0.0,0.0,6.0,2.0,1.5,0.0,0.0,0.0,20.0,4,1744,Sync,0.0,c29a38.fffe.b34e68,128,248,254,65535,128,1,160,BOOTING,-1,False,False,False,False,0,healthy
264.008588933,mixed_pdv_loss_holdover,750.0,750.0,3050.0,0.0,0.0,6.0,2.0,1.5,0.0,0.0,0.0,20.0,4,1745,Sync,0.0,c29a38.fffe.b34e68,128,248,254,65535,128,1,160,BOOTING,-1,False,False,False,False,0,healthy
264.124769675,mixed_pdv_loss_holdover,750.0,750.0,3050.0,0.0,0.0,6.0,2.0,1.5,0.0,0.0,0.0,20.0,4,1746,Sync,0.0,c29a38.fffe.b34e68,128,248,254,65535,128,1,160,BOOTING,-1,False,False,False,False,0,healthy
264.24032885699995,mixed_pdv_loss_holdover,750.0,750.0,3050.0,0.0,0.0,6.0,2.0,1.5,0.0,0.0,0.0,20.0,4,1747,Sync,0.0,c29a38.fffe.b34e68,128,248,254,65535,128,1,160,BOOTING,-1,False,False,False,False,0,healthy
264.41448866599995,mixed_pdv_loss_holdover,750.0,750.0,3050.0,0.0,0.0,6.0,2.0,1.5,0.0,0.0,0.0,20.0,4,1748,Sync,0.0,c29a38.fffe.b34e68,128,248,254,65535,128,1,160,BOOTING,-1,False,False,False,False,0,healthy
264.529821541,mixed_pdv_loss_holdover,750.0,750.0,3050.0,0.0,0.0,6.0,2.0,1.5,0.0,0.0,0.0,20.0,4,1749,Sync,0.0,c29a38.fffe.b34e68,128,248,254,65535,128,1,160,BOOTING,-1,False,False,False,False,0,healthy
264.711821623,mixed_pdv_loss_holdover,750.0,750.0,3050.0,0.0,0.0,6.0,2.0,1.5,0.0,0.0,0.0,20.0,4,1750,Sync,0.0,c29a38.fffe.b34e68,128,248,254,65535,128,1,160,BOOTING,-1,False,False,False,False,0,healthy
264.924162846,mixed_pdv_loss_holdover,750.0,750.0,3050.0,0.0,0.0,6.0,2.0,1.5,0.0,0.0,0.0,20.0,4,1751,Sync,0.0,c29a38.fffe.b34e68,128,248,254,65535,128,1,160,BOOTING,-1,False,False,False,False,0,healthy
265.04215584599996,mixed_pdv_loss_holdover,750.0,750.0,3050.0,0.0,0.0,6.0,2.0,1.5,0.0,0.0,0.0,20.0,4,1752,Sync,0.0,c29a38.fffe.b34e68,128,248,254,65535,128,1,160,BOOTING,-1,False,False,False,False,0,healthy
265.160732846,mixed_pdv_loss_holdover,750.0,750.0,3050.0,0.0,0.0,6.0,2.0,1.5,0.0,0.0,0.0,20.0,4,1753,Sync,0.0,c29a38.fffe.b34e68,128,248,254,65535,128,1,160,BOOTING,-1,False,False,False,False,0,healthy
265.28485424599995,mixed_pdv_loss_holdover,750.0,750.0,3050.0,0.0,0.0,6.0,2.0,1.5,0.0,0.0,0.0,20.0,4,1754,Sync,0.0,c29a38.fffe.b34e68,128,248,254,65535,128,1,160,BOOTING,-1,False,False,False,False,0,healthy
265.480464946,mixed_pdv_loss_holdover,750.0,750.0,3050.0,0.0,0.0,6.0,2.0,1.5,0.0,0.0,0.0,20.0,4,1755,Sync,0.0,c29a38.fffe.b34e68,128,248,254,65535,128,1,160,BOOTING,-1,False,False,False,False,0,healthy
265.74617304599997,mixed_pdv_loss_holdover,750.0,750.0,3050.0,0.0,0.0,6.0,2.0,1.5,0.0,0.0,0.0,20.0,4,1756,Sync,0.0,c29a38.fffe.b34e68,128,248,254,65535,128,1,160,BOOTING,-1,False,False,False,False,0,healthy
265.86521894599997,mixed_pdv_loss_holdover,750.0,750.0,3050.0,0.0,0.0,6.0,2.0,1.5,0.0,0.0,0.0,20.0,4,1757,Sync,0.0,c29a38.fffe.b34e68,128,248,254,65535,128,1,160,BOOTING,-1,False,False,False,False,0,healthy
265.983255646,mixed_pdv_loss_holdover,750.0,750.0,3050.0,0.0,0.0,6.0,2.0,1.5,0.0,0.0,0.0,20.0,4,1758,Sync,0.0,c29a38.fffe.b34e68,128,248,254,65535,128,1,160,BOOTING,-1,False,False,False,False,0,healthy
266.098779246,mixed_pdv_loss_holdover,750.0,750.0,3050.0,0.0,0.0,6.0,2.0,1.5,0.0,0.0,0.0,20.0,4,1759,Sync,0.0,c29a38.fffe.b34e68,128,248,254,65535,128,1,160,BOOTING,-1,False,False,False,False,0,healthy
266.291712746,mixed_pdv_loss_holdover,750.0,750.0,3050.0,0.0,0.0,6.0,2.0,1.5,0.0,0.0,0.0,20.0,4,1760,Sync,0.0,c29a38.fffe.b34e68,128,248,254,65535,128,1,160,BOOTING,-1,False,False,False,False,0,healthy
266.51658244699996,mixed_pdv_loss_holdover,750.0,750.0,3050.0,0.0,0.0,6.0,2.0,1.5,0.0,0.0,0.0,20.0,4,1761,Sync,0.0,c29a38.fffe.b34e68,128,248,254,65535,128,1,160,BOOTING,-1,False,False,False,False,0,healthy
266.63423334699996,mixed_pdv_loss_holdover,750.0,750.0,3050.0,0.0,0.0,6.0,2.0,1.5,0.0,0.0,0.0,20.0,4,1762,Sync,0.0,c29a38.fffe.b34e68,128,248,254,65535,128,1,160,BOOTING,-1,False,False,False,False,0,healthy
266.75053124699997,mixed_pdv_loss_holdover,750.0,750.0,3050.0,0.0,0.0,6.0,2.0,1.5,0.0,0.0,0.0,20.0,4,1763,Sync,0.0,c29a38.fffe.b34e68,128,248,254,65535,128,1,160,BOOTING,-1,False,False,False,False,0,healthy
266.869137847,mixed_pdv_loss_holdover,750.0,750.0,3050.0,0.0,0.0,6.0,2.0,1.5,0.0,0.0,0.0,20.0,4,1764,Sync,0.0,c29a38.fffe.b34e68,128,248,254,65535,128,1,160,BOOTING,-1,False,False,False,False,0,healthy
267.10006344699997,mixed_pdv_loss_holdover,750.0,750.0,3050.0,0.0,0.0,6.0,2.0,1.5,0.0,0.0,0.0,20.0,4,1765,Sync,0.0,c29a38.fffe.b34e68,128,248,254,65535,128,1,160,BOOTING,-1,False,False,False,False,0,healthy
267.225438147,mixed_pdv_loss_holdover,750.0,750.0,3050.0,0.0,0.0,6.0,2.0,1.5,0.0,0.0,0.0,20.0,4,1766,Sync,0.0,c29a38.fffe.b34e68,128,248,254,65535,128,1,160,BOOTING,-1,False,False,False,False,0,healthy
267.41899454699995,mixed_pdv_loss_holdover,750.0,750.0,3050.0,0.0,0.0,6.0,2.0,1.5,0.0,0.0,0.0,20.0,4,1767,Sync,0.0,c29a38.fffe.b34e68,128,248,254,65535,128,1,160,BOOTING,-1,False,False,False,False,0,healthy
267.534631447,mixed_pdv_loss_holdover,750.0,750.0,3050.0,0.0,0.0,6.0,2.0,1.5,0.0,0.0,0.0,20.0,4,1768,Sync,0.0,c29a38.fffe.b34e68,128,248,254,65535,128,1,160,BOOTING,-1,False,False,False,False,0,healthy
267.652089747,mixed_pdv_loss_holdover,750.0,750.0,3050.0,0.0,0.0,6.0,2.0,1.5,0.0,0.0,0.0,20.0,4,1769,Sync,0.0,c29a38.fffe.b34e68,128,248,254,65535,128,1,160,BOOTING,-1,False,False,False,False,0,healthy
267.86210744699997,mixed_pdv_loss_holdover,750.0,750.0,3050.0,0.0,0.0,6.0,2.0,1.5,0.0,0.0,0.0,20.0,4,1770,Sync,0.0,c29a38.fffe.b34e68,128,248,254,65535,128,1,160,BOOTING,-1,False,False,False,False,0,healthy
267.97745724699996,mixed_pdv_loss_holdover,750.0,750.0,3050.0,0.0,0.0,6.0,2.0,1.5,0.0,0.0,0.0,20.0,4,1771,Sync,0.0,c29a38.fffe.b34e68,128,248,254,65535,128,1,160,BOOTING,-1,False,False,False,False,0,healthy
268.183446647,mixed_pdv_loss_holdover,750.0,750.0,3050.0,0.0,0.0,6.0,2.0,1.5,0.0,0.0,0.0,20.0,4,1772,Sync,0.0,c29a38.fffe.b34e68,128,248,254,65535,128,1,160,BOOTING,-1,False,False,False,False,0,healthy
268.394332847,mixed_pdv_loss_holdover,750.0,750.0,3050.0,0.0,0.0,6.0,2.0,1.5,0.0,0.0,0.0,20.0,4,1773,Sync,0.0,c29a38.fffe.b34e68,128,248,254,65535,128,1,160,BOOTING,-1,False,False,False,False,0,healthy
268.513016547,mixed_pdv_loss_holdover,750.0,750.0,3050.0,0.0,0.0,6.0,2.0,1.5,0.0,0.0,0.0,20.0,4,1774,Sync,0.0,c29a38.fffe.b34e68,128,248,254,65535,128,1,160,BOOTING,-1,False,False,False,False,0,healthy
268.62958904699997,mixed_pdv_loss_holdover,750.0,750.0,3050.0,0.0,0.0,6.0,2.0,1.5,0.0,0.0,0.0,20.0,4,1775,Sync,0.0,c29a38.fffe.b34e68,128,248,254,65535,128,1,160,BOOTING,-1,False,False,False,False,0,healthy
268.746145447,mixed_pdv_loss_holdover,750.0,750.0,3050.0,0.0,0.0,6.0,2.0,1.5,0.0,0.0,0.0,20.0,4,1776,Sync,0.0,c29a38.fffe.b34e68,128,248,254,65535,128,1,160,BOOTING,-1,False,False,False,False,0,healthy
268.86838284699996,mixed_pdv_loss_holdover,750.0,750.0,3050.0,0.0,0.0,6.0,2.0,1.5,0.0,0.0,0.0,20.0,4,1777,Sync,0.0,c29a38.fffe.b34e68,128,248,254,65535,128,1,160,BOOTING,-1,False,False,False,False,0,healthy
269.06338864699995,mixed_pdv_loss_holdover,750.0,750.0,3050.0,0.0,0.0,6.0,2.0,1.5,0.0,0.0,0.0,20.0,4,1778,Sync,0.0,c29a38.fffe.b34e68,128,248,254,65535,128,1,160,BOOTING,-1,False,False,False,False,0,healthy
269.183405247,mixed_pdv_loss_holdover,750.0,750.0,3050.0,0.0,0.0,6.0,2.0,1.5,0.0,0.0,0.0,20.0,4,1779,Sync,0.0,c29a38.fffe.b34e68,128,248,254,65535,128,1,160,BOOTING,-1,False,False,False,False,0,healthy
269.374630147,mixed_pdv_loss_holdover,750.0,750.0,3050.0,0.0,0.0,6.0,2.0,1.5,0.0,0.0,0.0,20.0,4,1780,Sync,0.0,c29a38.fffe.b34e68,128,248,254,65535,128,1,160,BOOTING,-1,False,False,False,False,0,healthy
269.581675988,mixed_pdv_loss_holdover,750.0,750.0,3050.0,0.0,0.0,6.0,2.0,1.5,0.0,0.0,0.0,20.0,4,1781,Sync,0.0,c29a38.fffe.b34e68,128,248,254,65535,128,1,160,BOOTING,-1,False,False,False,False,0,healthy
269.697855023,mixed_pdv_loss_holdover,750.0,750.0,3050.0,0.0,0.0,6.0,2.0,1.5,0.0,0.0,0.0,20.0,4,1782,Sync,0.0,c29a38.fffe.b34e68,128,248,254,65535,128,1,160,BOOTING,-1,False,False,False,False,0,healthy
269.813506938,mixed_pdv_loss_holdover,750.0,750.0,3050.0,0.0,0.0,6.0,2.0,1.5,0.0,0.0,0.0,20.0,4,1783,Sync,0.0,c29a38.fffe.b34e68,128,248,254,65535,128,1,160,BOOTING,-1,False,False,False,False,0,healthy
269.930696238,mixed_pdv_loss_holdover,750.0,750.0,3050.0,0.0,0.0,6.0,2.0,1.5,0.0,0.0,0.0,20.0,4,1784,Sync,0.0,c29a38.fffe.b34e68,128,248,254,65535,128,1,160,BOOTING,-1,False,False,False,False,0,healthy
270.046345833,mixed_pdv_loss_holdover,750.0,750.0,3050.0,0.0,0.0,6.0,2.0,1.5,0.0,0.0,0.0,20.0,4,1785,Sync,0.0,c29a38.fffe.b34e68,128,248,254,65535,128,1,160,BOOTING,-1,False,False,False,False,0,healthy
270.20378671599997,mixed_pdv_loss_holdover,750.0,750.0,3050.0,0.0,0.0,6.0,2.0,1.5,0.0,0.0,0.0,20.0,4,1786,Sync,0.0,c29a38.fffe.b34e68,128,248,254,65535,128,1,160,BOOTING,-1,False,False,False,False,0,healthy
270.35324048999996,mixed_pdv_loss_holdover,750.0,750.0,3050.0,0.0,0.0,6.0,2.0,1.5,0.0,0.0,0.0,20.0,4,1787,Sync,0.0,c29a38.fffe.b34e68,128,248,254,65535,128,1,160,BOOTING,-1,False,False,False,False,0,healthy
270.528593388,mixed_pdv_loss_holdover,750.0,750.0,3050.0,0.0,0.0,6.0,2.0,1.5,0.0,0.0,0.0,20.0,4,1788,Sync,0.0,c29a38.fffe.b34e68,128,248,254,65535,128,1,160,BOOTING,-1,False,False,False,False,0,healthy
270.717875233,mixed_pdv_loss_holdover,750.0,750.0,3050.0,0.0,0.0,6.0,2.0,1.5,0.0,0.0,0.0,20.0,4,1789,Sync,0.0,c29a38.fffe.b34e68,128,248,254,65535,128,1,160,BOOTING,-1,False,False,False,False,0,healthy
270.83663757899996,mixed_pdv_loss_holdover,750.0,750.0,3050.0,0.0,0.0,6.0,2.0,1.5,0.0,0.0,0.0,20.0,4,1790,Sync,0.0,c29a38.fffe.b34e68,128,248,254,65535,128,1,160,BOOTING,-1,False,False,False,False,0,healthy
270.952247743,mixed_pdv_loss_holdover,750.0,750.0,3050.0,0.0,0.0,6.0,2.0,1.5,0.0,0.0,0.0,20.0,4,1791,Sync,0.0,c29a38.fffe.b34e68,128,248,254,65535,128,1,160,BOOTING,-1,False,False,False,False,0,healthy
271.068184094,mixed_pdv_loss_holdover,750.0,750.0,3050.0,0.0,0.0,6.0,2.0,1.5,0.0,0.0,0.0,20.0,4,1792,Sync,0.0,c29a38.fffe.b34e68,128,248,254,65535,128,1,160,BOOTING,-1,False,False,False,False,0,healthy
271.404461174,mixed_pdv_loss_holdover,750.0,750.0,3050.0,0.0,0.0,6.0,2.0,1.5,0.0,0.0,0.0,20.0,4,1793,Sync,0.0,c29a38.fffe.b34e68,128,248,254,65535,128,1,160,BOOTING,-1,False,False,False,False,0,healthy
271.524209913,mixed_pdv_loss_holdover,750.0,750.0,3050.0,0.0,0.0,6.0,2.0,1.5,0.0,0.0,0.0,20.0,4,1794,Sync,0.0,c29a38.fffe.b34e68,128,248,254,65535,128,1,160,BOOTING,-1,False,False,False,False,0,healthy
271.718287831,mixed_pdv_loss_holdover,750.0,750.0,3050.0,0.0,0.0,6.0,2.0,1.5,0.0,0.0,0.0,20.0,4,1795,Sync,0.0,c29a38.fffe.b34e68,128,248,254,65535,128,1,160,BOOTING,-1,False,False,False,False,0,healthy
271.835092567,mixed_pdv_loss_holdover,750.0,750.0,3050.0,0.0,0.0,6.0,2.0,1.5,0.0,0.0,0.0,20.0,4,1796,Sync,0.0,c29a38.fffe.b34e68,128,248,254,65535,128,1,160,BOOTING,-1,False,False,False,False,0,healthy
271.951722949,mixed_pdv_loss_holdover,750.0,750.0,3050.0,0.0,0.0,6.0,2.0,1.5,0.0,0.0,0.0,20.0,4,1797,Sync,0.0,c29a38.fffe.b34e68,128,248,254,65535,128,1,160,BOOTING,-1,False,False,False,False,0,healthy
272.06844437399997,mixed_pdv_loss_holdover,750.0,750.0,3050.0,0.0,0.0,6.0,2.0,1.5,0.0,0.0,0.0,20.0,4,1798,Sync,0.0,c29a38.fffe.b34e68,128,248,254,65535,128,1,160,BOOTING,-1,False,False,False,False,0,healthy
272.255663069,mixed_pdv_loss_holdover,750.0,750.0,3050.0,0.0,0.0,6.0,2.0,1.5,0.0,0.0,0.0,20.0,4,1799,Sync,0.0,c29a38.fffe.b34e68,128,248,254,65535,128,1,160,BOOTING,-1,False,False,False,False,0,healthy
272.383320244,mixed_pdv_loss_holdover,750.0,750.0,3050.0,0.0,0.0,6.0,2.0,1.5,0.0,0.0,0.0,20.0,4,1800,Sync,0.0,c29a38.fffe.b34e68,128,248,254,65535,128,1,160,BOOTING,-1,False,False,False,False,0,healthy
272.56487506099995,mixed_pdv_loss_holdover,750.0,750.0,3050.0,0.0,0.0,6.0,2.0,1.5,0.0,0.0,0.0,20.0,4,1801,Sync,0.0,c29a38.fffe.b34e68,128,248,254,65535,128,1,160,BOOTING,-1,False,False,False,False,0,healthy
272.748440547,mixed_pdv_loss_holdover,750.0,750.0,3050.0,0.0,0.0,6.0,2.0,1.5,0.0,0.0,0.0,20.0,4,1802,Sync,0.0,c29a38.fffe.b34e68,128,248,254,65535,128,1,160,BOOTING,-1,False,False,False,False,0,healthy
272.867342551,mixed_pdv_loss_holdover,750.0,750.0,3050.0,0.0,0.0,6.0,2.0,1.5,0.0,0.0,0.0,20.0,4,1803,Sync,0.0,c29a38.fffe.b34e68,128,248,254,65535,128,1,160,BOOTING,-1,False,False,False,False,0,healthy
272.984622216,mixed_pdv_loss_holdover,750.0,750.0,3050.0,0.0,0.0,6.0,2.0,1.5,0.0,0.0,0.0,20.0,4,1804,Sync,0.0,c29a38.fffe.b34e68,128,248,254,65535,128,1,160,BOOTING,-1,False,False,False,False,0,healthy
273.100576157,mixed_pdv_loss_holdover,750.0,750.0,3050.0,0.0,0.0,6.0,2.0,1.5,0.0,0.0,0.0,20.0,4,1805,Sync,0.0,c29a38.fffe.b34e68,128,248,254,65535,128,1,160,BOOTING,-1,False,False,False,False,0,healthy
273.26974056999995,mixed_pdv_loss_holdover,750.0,750.0,3050.0,0.0,0.0,6.0,2.0,1.5,0.0,0.0,0.0,20.0,4,1806,Sync,0.0,c29a38.fffe.b34e68,128,248,254,65535,128,1,160,BOOTING,-1,False,False,False,False,0,healthy
273.48392756299995,mixed_pdv_loss_holdover,750.0,750.0,3050.0,0.0,0.0,6.0,2.0,1.5,0.0,0.0,0.0,20.0,4,1807,Sync,0.0,c29a38.fffe.b34e68,128,248,254,65535,128,1,160,BOOTING,-1,False,False,False,False,0,healthy
273.60398696299995,mixed_pdv_loss_holdover,750.0,750.0,3050.0,0.0,0.0,6.0,2.0,1.5,0.0,0.0,0.0,20.0,4,1808,Sync,0.0,c29a38.fffe.b34e68,128,248,254,65535,128,1,160,BOOTING,-1,False,False,False,False,0,healthy
273.78429106299996,mixed_pdv_loss_holdover,750.0,750.0,3050.0,0.0,0.0,6.0,2.0,1.5,0.0,0.0,0.0,20.0,4,1809,Sync,0.0,c29a38.fffe.b34e68,128,248,254,65535,128,1,160,BOOTING,-1,False,False,False,False,0,healthy
273.905256863,mixed_pdv_loss_holdover,750.0,750.0,3050.0,0.0,0.0,6.0,2.0,1.5,0.0,0.0,0.0,20.0,4,1810,Sync,0.0,c29a38.fffe.b34e68,128,248,254,65535,128,1,160,BOOTING,-1,False,False,False,False,0,healthy
274.026072463,mixed_pdv_loss_holdover,750.0,750.0,3050.0,0.0,0.0,6.0,2.0,1.5,0.0,0.0,0.0,20.0,4,1811,Sync,0.0,c29a38.fffe.b34e68,128,248,254,65535,128,1,160,BOOTING,-1,False,False,False,False,0,healthy
274.22090776299996,mixed_pdv_loss_holdover,750.0,750.0,3050.0,0.0,0.0,6.0,2.0,1.5,0.0,0.0,0.0,20.0,4,1812,Sync,0.0,c29a38.fffe.b34e68,128,248,254,65535,128,1,160,BOOTING,-1,False,False,False,False,0,healthy
274.351464863,mixed_pdv_loss_holdover,750.0,750.0,3050.0,0.0,0.0,6.0,2.0,1.5,0.0,0.0,0.0,20.0,4,1813,Sync,0.0,c29a38.fffe.b34e68,128,248,254,65535,128,1,160,BOOTING,-1,False,False,False,False,0,healthy
274.56170326299997,mixed_pdv_loss_holdover,750.0,750.0,3050.0,0.0,0.0,6.0,2.0,1.5,0.0,0.0,0.0,20.0,4,1814,Sync,0.0,c29a38.fffe.b34e68,128,248,254,65535,128,1,160,BOOTING,-1,False,False,False,False,0,healthy
274.816416463,mixed_pdv_loss_holdover,750.0,750.0,3050.0,0.0,0.0,6.0,2.0,1.5,0.0,0.0,0.0,20.0,4,1815,Sync,0.0,c29a38.fffe.b34e68,128,248,254,65535,128,1,160,BOOTING,-1,False,False,False,False,0,healthy
274.933394363,mixed_pdv_loss_holdover,750.0,750.0,3050.0,0.0,0.0,6.0,2.0,1.5,0.0,0.0,0.0,20.0,4,1816,Sync,0.0,c29a38.fffe.b34e68,128,248,254,65535,128,1,160,BOOTING,-1,False,False,False,False,0,healthy
275.04971666299997,mixed_pdv_loss_holdover,750.0,750.0,3050.0,0.0,0.0,6.0,2.0,1.5,0.0,0.0,0.0,20.0,4,1817,Sync,0.0,c29a38.fffe.b34e68,128,248,254,65535,128,1,160,BOOTING,-1,False,False,False,False,0,healthy
275.167185663,mixed_pdv_loss_holdover,750.0,750.0,3050.0,0.0,0.0,6.0,2.0,1.5,0.0,0.0,0.0,20.0,4,1818,Sync,0.0,c29a38.fffe.b34e68,128,248,254,65535,128,1,160,BOOTING,-1,False,False,False,False,0,healthy
275.283122263,mixed_pdv_loss_holdover,750.0,750.0,3050.0,0.0,0.0,6.0,2.0,1.5,0.0,0.0,0.0,20.0,4,1819,Sync,0.0,c29a38.fffe.b34e68,128,248,254,65535,128,1,160,BOOTING,-1,False,False,False,False,0,healthy
275.49528646299996,mixed_pdv_loss_holdover,750.0,750.0,3050.0,0.0,0.0,6.0,2.0,1.5,0.0,0.0,0.0,20.0,4,1820,Sync,0.0,c29a38.fffe.b34e68,128,248,254,65535,128,1,160,BOOTING,-1,False,False,False,False,0,healthy
275.67685036299997,mixed_pdv_loss_holdover,750.0,750.0,3050.0,0.0,0.0,6.0,2.0,1.5,0.0,0.0,0.0,20.0,4,1821,Sync,0.0,c29a38.fffe.b34e68,128,248,254,65535,128,1,160,BOOTING,-1,False,False,False,False,0,healthy
275.793793263,mixed_pdv_loss_holdover,750.0,750.0,3050.0,0.0,0.0,6.0,2.0,1.5,0.0,0.0,0.0,20.0,4,1822,Sync,0.0,c29a38.fffe.b34e68,128,248,254,65535,128,1,160,BOOTING,-1,False,False,False,False,0,healthy
275.91134846299997,mixed_pdv_loss_holdover,750.0,750.0,3050.0,0.0,0.0,6.0,2.0,1.5,0.0,0.0,0.0,20.0,4,1823,Sync,0.0,c29a38.fffe.b34e68,128,248,254,65535,128,1,160,BOOTING,-1,False,False,False,False,0,healthy
276.029616363,mixed_pdv_loss_holdover,750.0,750.0,3050.0,0.0,0.0,6.0,2.0,1.5,0.0,0.0,0.0,20.0,4,1824,Sync,0.0,c29a38.fffe.b34e68,128,248,254,65535,128,1,160,BOOTING,-1,False,False,False,False,0,healthy
276.218365663,mixed_pdv_loss_holdover,750.0,750.0,3050.0,0.0,0.0,6.0,2.0,1.5,0.0,0.0,0.0,20.0,4,1825,Sync,0.0,c29a38.fffe.b34e68,128,248,254,65535,128,1,160,BOOTING,-1,False,False,False,False,0,healthy
276.342671463,mixed_pdv_loss_holdover,750.0,750.0,3050.0,0.0,0.0,6.0,2.0,1.5,0.0,0.0,0.0,20.0,4,1826,Sync,0.0,c29a38.fffe.b34e68,128,248,254,65535,128,1,160,BOOTING,-1,False,False,False,False,0,healthy
276.51191896299997,mixed_pdv_loss_holdover,750.0,750.0,3050.0,0.0,0.0,6.0,2.0,1.5,0.0,0.0,0.0,20.0,4,1827,Sync,0.0,c29a38.fffe.b34e68,128,248,254,65535,128,1,160,BOOTING,-1,False,False,False,False,0,healthy
276.735439763,mixed_pdv_loss_holdover,750.0,750.0,3050.0,0.0,0.0,6.0,2.0,1.5,0.0,0.0,0.0,20.0,4,1828,Sync,0.0,c29a38.fffe.b34e68,128,248,254,65535,128,1,160,BOOTING,-1,False,False,False,False,0,healthy
276.853738663,mixed_pdv_loss_holdover,750.0,750.0,3050.0,0.0,0.0,6.0,2.0,1.5,0.0,0.0,0.0,20.0,4,1829,Sync,0.0,c29a38.fffe.b34e68,128,248,254,65535,128,1,160,BOOTING,-1,False,False,False,False,0,healthy
276.96947336299996,mixed_pdv_loss_holdover,750.0,750.0,3050.0,0.0,0.0,6.0,2.0,1.5,0.0,0.0,0.0,20.0,4,1830,Sync,0.0,c29a38.fffe.b34e68,128,248,254,65535,128,1,160,BOOTING,-1,False,False,False,False,0,healthy
277.08772796299996,mixed_pdv_loss_holdover,750.0,750.0,3050.0,0.0,0.0,6.0,2.0,1.5,0.0,0.0,0.0,20.0,4,1831,Sync,0.0,c29a38.fffe.b34e68,128,248,254,65535,128,1,160,BOOTING,-1,False,False,False,False,0,healthy
277.290923863,mixed_pdv_loss_holdover,750.0,750.0,3050.0,0.0,0.0,6.0,2.0,1.5,0.0,0.0,0.0,20.0,4,1832,Sync,0.0,c29a38.fffe.b34e68,128,248,254,65535,128,1,160,BOOTING,-1,False,False,False,False,0,healthy
277.507339763,mixed_pdv_loss_holdover,750.0,750.0,3050.0,0.0,0.0,6.0,2.0,1.5,0.0,0.0,0.0,20.0,4,1833,Sync,0.0,c29a38.fffe.b34e68,128,248,254,65535,128,1,160,BOOTING,-1,False,False,False,False,0,healthy
277.625594838,mixed_pdv_loss_holdover,750.0,750.0,3050.0,0.0,0.0,6.0,2.0,1.5,0.0,0.0,0.0,20.0,4,1834,Sync,0.0,c29a38.fffe.b34e68,128,248,254,65535,128,1,160,BOOTING,-1,False,False,False,False,0,healthy
277.74285832099997,mixed_pdv_loss_holdover,750.0,750.0,3050.0,0.0,0.0,6.0,2.0,1.5,0.0,0.0,0.0,20.0,4,1835,Sync,0.0,c29a38.fffe.b34e68,128,248,254,65535,128,1,160,BOOTING,-1,False,False,False,False,0,healthy
277.861468571,mixed_pdv_loss_holdover,750.0,750.0,3050.0,0.0,0.0,6.0,2.0,1.5,0.0,0.0,0.0,20.0,4,1836,Sync,0.0,c29a38.fffe.b34e68,128,248,254,65535,128,1,160,BOOTING,-1,False,False,False,False,0,healthy
278.066782746,mixed_pdv_loss_holdover,750.0,750.0,3050.0,0.0,0.0,6.0,2.0,1.5,0.0,0.0,0.0,20.0,4,1837,Sync,0.0,c29a38.fffe.b34e68,128,248,254,65535,128,1,160,BOOTING,-1,False,False,False,False,0,healthy
278.189306705,mixed_pdv_loss_holdover,750.0,750.0,3050.0,0.0,0.0,6.0,2.0,1.5,0.0,0.0,0.0,20.0,4,1838,Sync,0.0,c29a38.fffe.b34e68,128,248,254,65535,128,1,160,BOOTING,-1,False,False,False,False,0,healthy
278.441781821,mixed_pdv_loss_holdover,750.0,750.0,3050.0,0.0,0.0,6.0,2.0,1.5,0.0,0.0,0.0,20.0,4,1839,Sync,0.0,c29a38.fffe.b34e68,128,248,254,65535,128,1,160,BOOTING,-1,False,False,False,False,0,healthy
278.672373446,mixed_pdv_loss_holdover,750.0,750.0,3050.0,0.0,0.0,6.0,2.0,1.5,0.0,0.0,0.0,20.0,4,1840,Sync,0.0,c29a38.fffe.b34e68,128,248,254,65535,128,1,160,BOOTING,-1,False,False,False,False,0,healthy
278.79417901299996,mixed_pdv_loss_holdover,750.0,750.0,3050.0,0.0,0.0,6.0,2.0,1.5,0.0,0.0,0.0,20.0,4,1841,Sync,0.0,c29a38.fffe.b34e68,128,248,254,65535,128,1,160,BOOTING,-1,False,False,False,False,0,healthy
278.917389646,mixed_pdv_loss_holdover,750.0,750.0,3050.0,0.0,0.0,6.0,2.0,1.5,0.0,0.0,0.0,20.0,4,1842,Sync,0.0,c29a38.fffe.b34e68,128,248,254,65535,128,1,160,BOOTING,-1,False,False,False,False,0,healthy
279.035924546,mixed_pdv_loss_holdover,750.0,750.0,3050.0,0.0,0.0,6.0,2.0,1.5,0.0,0.0,0.0,20.0,4,1843,Sync,0.0,c29a38.fffe.b34e68,128,248,254,65535,128,1,160,BOOTING,-1,False,False,False,False,0,healthy
279.15441251299995,mixed_pdv_loss_holdover,750.0,750.0,3050.0,0.0,0.0,6.0,2.0,1.5,0.0,0.0,0.0,20.0,4,1844,Sync,0.0,c29a38.fffe.b34e68,128,248,254,65535,128,1,160,BOOTING,-1,False,False,False,False,0,healthy
279.27227705499996,mixed_pdv_loss_holdover,750.0,750.0,3050.0,0.0,0.0,6.0,2.0,1.5,0.0,0.0,0.0,20.0,4,1845,Sync,0.0,c29a38.fffe.b34e68,128,248,254,65535,128,1,160,BOOTING,-1,False,False,False,False,0,healthy
279.45061941299997,mixed_pdv_loss_holdover,750.0,750.0,3050.0,0.0,0.0,6.0,2.0,1.5,0.0,0.0,0.0,20.0,4,1846,Sync,0.0,c29a38.fffe.b34e68,128,248,254,65535,128,1,160,BOOTING,-1,False,False,False,False,0,healthy
279.57069009599996,mixed_pdv_loss_holdover,750.0,750.0,3050.0,0.0,0.0,6.0,2.0,1.5,0.0,0.0,0.0,20.0,4,1847,Sync,0.0,c29a38.fffe.b34e68,128,248,254,65535,128,1,160,BOOTING,-1,False,False,False,False,0,healthy
279.76532400499997,mixed_pdv_loss_holdover,750.0,750.0,3050.0,0.0,0.0,6.0,2.0,1.5,0.0,0.0,0.0,20.0,4,1848,Sync,0.0,c29a38.fffe.b34e68,128,248,254,65535,128,1,160,BOOTING,-1,False,False,False,False,0,healthy
279.949297538,mixed_pdv_loss_holdover,750.0,750.0,3050.0,0.0,0.0,6.0,2.0,1.5,0.0,0.0,0.0,20.0,4,1849,Sync,0.0,c29a38.fffe.b34e68,128,248,254,65535,128,1,160,BOOTING,-1,False,False,False,False,0,healthy
280.09785098,mixed_pdv_loss_holdover,750.0,750.0,3050.0,0.0,0.0,6.0,2.0,1.5,0.0,0.0,0.0,20.0,4,1850,Sync,0.0,c29a38.fffe.b34e68,128,248,254,65535,128,1,160,BOOTING,-1,False,False,False,False,0,healthy
280.215714238,mixed_pdv_loss_holdover,750.0,750.0,3050.0,0.0,0.0,6.0,2.0,1.5,0.0,0.0,0.0,20.0,4,1851,Sync,0.0,c29a38.fffe.b34e68,128,248,254,65535,128,1,160,BOOTING,-1,False,False,False,False,0,healthy
280.337082921,mixed_pdv_loss_holdover,750.0,750.0,3050.0,0.0,0.0,6.0,2.0,1.5,0.0,0.0,0.0,20.0,4,1852,Sync,0.0,c29a38.fffe.b34e68,128,248,254,65535,128,1,160,BOOTING,-1,False,False,False,False,0,healthy
280.45606240499995,mixed_pdv_loss_holdover,750.0,750.0,3050.0,0.0,0.0,6.0,2.0,1.5,0.0,0.0,0.0,20.0,4,1853,Sync,0.0,c29a38.fffe.b34e68,128,248,254,65535,128,1,160,BOOTING,-1,False,False,False,False,0,healthy
280.65585173799997,mixed_pdv_loss_holdover,750.0,750.0,3050.0,0.0,0.0,6.0,2.0,1.5,0.0,0.0,0.0,20.0,4,1854,Sync,0.0,c29a38.fffe.b34e68,128,248,254,65535,128,1,160,BOOTING,-1,False,False,False,False,0,healthy
280.77139234599997,mixed_pdv_loss_holdover,750.0,750.0,3050.0,0.0,0.0,6.0,2.0,1.5,0.0,0.0,0.0,20.0,4,1855,Sync,0.0,c29a38.fffe.b34e68,128,248,254,65535,128,1,160,BOOTING,-1,False,False,False,False,0,healthy
280.971920971,mixed_pdv_loss_holdover,750.0,750.0,3050.0,0.0,0.0,6.0,2.0,1.5,0.0,0.0,0.0,20.0,4,1856,Sync,0.0,c29a38.fffe.b34e68,128,248,254,65535,128,1,160,BOOTING,-1,False,False,False,False,0,healthy
281.202384355,mixed_pdv_loss_holdover,750.0,750.0,3050.0,0.0,0.0,6.0,2.0,1.5,0.0,0.0,0.0,20.0,4,1857,Sync,0.0,c29a38.fffe.b34e68,128,248,254,65535,128,1,160,BOOTING,-1,False,False,False,False,0,healthy
281.32052123799997,mixed_pdv_loss_holdover,750.0,750.0,3050.0,0.0,0.0,6.0,2.0,1.5,0.0,0.0,0.0,20.0,4,1858,Sync,0.0,c29a38.fffe.b34e68,128,248,254,65535,128,1,160,BOOTING,-1,False,False,False,False,0,healthy
281.438651521,mixed_pdv_loss_holdover,750.0,750.0,3050.0,0.0,0.0,6.0,2.0,1.5,0.0,0.0,0.0,20.0,4,1859,Sync,0.0,c29a38.fffe.b34e68,128,248,254,65535,128,1,160,BOOTING,-1,False,False,False,False,0,healthy
281.558898021,mixed_pdv_loss_holdover,750.0,750.0,3050.0,0.0,0.0,6.0,2.0,1.5,0.0,0.0,0.0,20.0,4,1860,Sync,0.0,c29a38.fffe.b34e68,128,248,254,65535,128,1,160,BOOTING,-1,False,False,False,False,0,healthy
281.677297346,mixed_pdv_loss_holdover,750.0,750.0,3050.0,0.0,0.0,6.0,2.0,1.5,0.0,0.0,0.0,20.0,4,1861,Sync,0.0,c29a38.fffe.b34e68,128,248,254,65535,128,1,160,BOOTING,-1,False,False,False,False,0,healthy
281.89536996299995,mixed_pdv_loss_holdover,750.0,750.0,3050.0,0.0,0.0,6.0,2.0,1.5,0.0,0.0,0.0,20.0,4,1862,Sync,0.0,c29a38.fffe.b34e68,128,248,254,65535,128,1,160,BOOTING,-1,False,False,False,False,0,healthy
282.09653099599996,mixed_pdv_loss_holdover,750.0,750.0,3050.0,0.0,0.0,6.0,2.0,1.5,0.0,0.0,0.0,20.0,4,1863,Sync,0.0,c29a38.fffe.b34e68,128,248,254,65535,128,1,160,BOOTING,-1,False,False,False,False,0,healthy
282.214246855,mixed_pdv_loss_holdover,750.0,750.0,3050.0,0.0,0.0,6.0,2.0,1.5,0.0,0.0,0.0,20.0,4,1864,Sync,0.0,c29a38.fffe.b34e68,128,248,254,65535,128,1,160,BOOTING,-1,False,False,False,False,0,healthy
282.33254708799996,mixed_pdv_loss_holdover,750.0,750.0,3050.0,0.0,0.0,6.0,2.0,1.5,0.0,0.0,0.0,20.0,4,1865,Sync,0.0,c29a38.fffe.b34e68,128,248,254,65535,128,1,160,BOOTING,-1,False,False,False,False,0,healthy
282.449312638,mixed_pdv_loss_holdover,750.0,750.0,3050.0,0.0,0.0,6.0,2.0,1.5,0.0,0.0,0.0,20.0,4,1866,Sync,0.0,c29a38.fffe.b34e68,128,248,254,65535,128,1,160,BOOTING,-1,False,False,False,False,0,healthy
282.67127953,mixed_pdv_loss_holdover,750.0,750.0,3050.0,0.0,0.0,6.0,2.0,1.5,0.0,0.0,0.0,20.0,4,1867,Sync,0.0,c29a38.fffe.b34e68,128,248,254,65535,128,1,160,BOOTING,-1,False,False,False,False,0,healthy
282.78919952999996,mixed_pdv_loss_holdover,750.0,750.0,3050.0,0.0,0.0,6.0,2.0,1.5,0.0,0.0,0.0,20.0,4,1868,Sync,0.0,c29a38.fffe.b34e68,128,248,254,65535,128,1,160,BOOTING,-1,False,False,False,False,0,healthy
282.95917978,mixed_pdv_loss_holdover,750.0,750.0,3050.0,0.0,0.0,6.0,2.0,1.5,0.0,0.0,0.0,20.0,4,1869,Sync,0.0,c29a38.fffe.b34e68,128,248,254,65535,128,1,160,BOOTING,-1,False,False,False,False,0,healthy
283.135093521,mixed_pdv_loss_holdover,750.0,750.0,3050.0,0.0,0.0,6.0,2.0,1.5,0.0,0.0,0.0,20.0,4,1870,Sync,0.0,c29a38.fffe.b34e68,128,248,254,65535,128,1,160,BOOTING,-1,False,False,False,False,0,healthy
283.25006011299996,mixed_pdv_loss_holdover,750.0,750.0,3050.0,0.0,0.0,6.0,2.0,1.5,0.0,0.0,0.0,20.0,4,1871,Sync,0.0,c29a38.fffe.b34e68,128,248,254,65535,128,1,160,BOOTING,-1,False,False,False,False,0,healthy
283.366690546,mixed_pdv_loss_holdover,750.0,750.0,3050.0,0.0,0.0,6.0,2.0,1.5,0.0,0.0,0.0,20.0,4,1872,Sync,0.0,c29a38.fffe.b34e68,128,248,254,65535,128,1,160,BOOTING,-1,False,False,False,False,0,healthy
283.48236398,mixed_pdv_loss_holdover,750.0,750.0,3050.0,0.0,0.0,6.0,2.0,1.5,0.0,0.0,0.0,20.0,4,1873,Sync,0.0,c29a38.fffe.b34e68,128,248,254,65535,128,1,160,BOOTING,-1,False,False,False,False,0,healthy
283.66682103,mixed_pdv_loss_holdover,750.0,750.0,3050.0,0.0,0.0,6.0,2.0,1.5,0.0,0.0,0.0,20.0,4,1874,Sync,0.0,c29a38.fffe.b34e68,128,248,254,65535,128,1,160,BOOTING,-1,False,False,False,False,0,healthy
283.87213192999997,mixed_pdv_loss_holdover,750.0,750.0,3050.0,0.0,0.0,6.0,2.0,1.5,0.0,0.0,0.0,20.0,4,1875,Announce,4.870662005768497,c29a38.fffe.b34e68,128,248,254,65535,128,1,160,BOOTING,-1,False,False,False,False,0,healthy
283.99191133,mixed_pdv_loss_holdover,750.0,750.0,3050.0,0.0,0.0,6.0,2.0,1.5,0.0,0.0,0.0,20.0,4,1876,Sync,16.697361983776393,c29a38.fffe.b34e68,128,248,254,65535,128,1,160,BOOTING,-1,False,False,False,False,0,healthy
284.19747322999996,mixed_pdv_loss_holdover,750.0,750.0,3050.0,0.0,0.0,6.0,2.0,1.5,0.0,0.0,0.0,20.0,4,1877,Sync,9.729429432206807,c29a38.fffe.b34e68,128,248,254,65535,128,1,160,BOOTING,-1,False,False,False,False,0,healthy
284.38727962999997,mixed_pdv_loss_holdover,750.0,750.0,3050.0,0.0,0.0,6.0,2.0,1.5,0.0,0.0,0.0,20.0,4,1878,Sync,21.074104982760378,c29a38.fffe.b34e68,128,248,254,65535,128,1,160,BOOTING,-1,False,False,False,False,0,healthy
284.51158612999996,mixed_pdv_loss_holdover,750.0,750.0,3050.0,0.0,0.0,6.0,2.0,1.5,0.0,0.0,0.0,20.0,4,1879,Sync,16.089263232414883,c29a38.fffe.b34e68,128,248,254,65535,128,1,160,BOOTING,-1,False,False,False,False,0,healthy
284.63136273,mixed_pdv_loss_holdover,750.0,750.0,3050.0,0.0,0.0,6.0,2.0,1.5,0.0,0.0,0.0,20.0,4,1880,Sync,16.69775231555761,c29a38.fffe.b34e68,128,248,254,65535,128,1,160,BOOTING,-1,False,False,False,False,0,healthy
284.74805883,mixed_pdv_loss_holdover,750.0,750.0,3050.0,0.0,0.0,6.0,2.0,1.5,0.0,0.0,0.0,20.0,4,1881,Sync,17.13853333573084,c29a38.fffe.b34e68,128,248,254,65535,128,1,160,BOOTING,-1,False,False,False,False,0,healthy
284.86337453,mixed_pdv_loss_holdover,750.0,750.0,3050.0,0.0,0.0,6.0,2.0,1.5,0.0,0.0,0.0,20.0,4,1882,Sync,17.343692142527523,c29a38.fffe.b34e68,128,248,254,65535,128,1,160,BOOTING,-1,False,False,False,False,0,healthy
285.05750732999996,mixed_pdv_loss_holdover,750.0,750.0,3050.0,0.0,0.0,6.0,2.0,1.5,0.0,0.0,0.0,20.0,4,1883,Sync,10.302226105017986,c29a38.fffe.b34e68,128,248,254,65535,128,1,160,BOOTING,-1,False,False,False,False,0,healthy
285.18462293,mixed_pdv_loss_holdover,750.0,750.0,3050.0,0.0,0.0,6.0,2.0,1.5,0.0,0.0,0.0,20.0,4,1884,Sync,15.733710103241556,c29a38.fffe.b34e68,128,248,254,65535,128,1,160,BOOTING,-1,False,False,False,False,0,healthy
285.37513283,mixed_pdv_loss_holdover,750.0,750.0,3050.0,0.0,0.0,6.0,2.0,1.5,0.0,0.0,0.0,20.0,4,1885,Sync,20.996284182607333,c29a38.fffe.b34e68,128,248,254,65535,128,1,160,BOOTING,-1,False,False,False,False,0,healthy
285.58795953,mixed_pdv_loss_holdover,750.0,750.0,3050.0,0.0,0.0,6.0,2.0,1.5,0.0,0.0,0.0,20.0,4,1886,Sync,9.397317159924292,c29a38.fffe.b34e68,128,248,254,65535,128,1,160,BOOTING,-1,False,False,False,False,0,healthy
285.70369990499995,mixed_pdv_loss_holdover,750.0,750.0,3050.0,0.0,0.0,6.0,2.0,1.5,0.0,0.0,0.0,20.0,4,1887,Sync,17.280054604976577,c29a38.fffe.b34e68,128,248,254,65535,128,1,160,BOOTING,-1,False,False,False,False,0,healthy
285.818405063,mixed_pdv_loss_holdover,750.0,750.0,3050.0,0.0,0.0,6.0,2.0,1.5,0.0,0.0,0.0,20.0,4,1888,Sync,17.43600754204218,c29a38.fffe.b34e68,128,248,254,65535,128,1,160,BOOTING,-1,False,False,False,False,0,healthy
285.93397931299995,mixed_pdv_loss_holdover,750.0,750.0,3050.0,0.0,0.0,6.0,2.0,1.5,0.0,0.0,0.0,20.0,4,1889,Sync,25.957339113178307,c29a38.fffe.b34e68,128,248,254,65535,128,1,160,BOOTING,-1,False,False,False,False,0,healthy
286.04977585499995,mixed_pdv_loss_holdover,750.0,750.0,3050.0,0.0,0.0,6.0,2.0,1.5,0.0,0.0,0.0,20.0,4,1890,Sync,17.271672931304206,c29a38.fffe.b34e68,128,248,254,65535,128,1,160,BOOTING,-1,False,False,False,False,0,healthy
286.24445308699995,mixed_pdv_loss_holdover,656.0,656.0,3437.0,387.0,-482.85050611361805,6.0,2.0,1.5,0.0,0.0,0.0,20.0,4,1891,Sync,25.683537559235003,c29a38.fffe.b34e68,128,248,254,65535,128,1,160,BOOTING,-1,False,False,False,False,0,healthy
286.359541154,mixed_pdv_loss_holdover,757.0,757.0,3241.0,191.0,877.5888120526064,6.0,2.0,1.5,0.0,0.0,0.0,20.0,4,1892,Sync,26.06699441740415,c29a38.fffe.b34e68,128,248,254,65535,128,1,160,BOOTING,-1,False,False,False,False,0,healthy
286.536429195,mixed_pdv_loss_holdover,757.0,757.0,2855.0,-195.0,0.0,6.0,2.0,1.5,0.0,0.0,0.0,20.0,4,1893,Delay_Resp,11.306586859651995,c29a38.fffe.b34e68,128,248,254,65535,128,1,160,BOOTING,-1,False,False,False,False,0,healthy
286.716017218,mixed_pdv_loss_holdover,757.0,757.0,2855.0,-195.0,0.0,6.0,2.0,1.5,0.0,0.0,0.0,20.0,4,1894,Sync,0.0,c29a38.fffe.b34e68,128,248,254,65535,128,1,160,BOOTING,-1,False,False,False,False,0,healthy
286.844163369,mixed_pdv_loss_holdover,757.0,757.0,2855.0,-195.0,0.0,6.0,2.0,1.5,0.0,0.0,0.0,20.0,4,1895,Sync,0.0,c29a38.fffe.b34e68,128,248,254,65535,128,1,160,BOOTING,-1,False,False,False,False,0,healthy
286.959871343,mixed_pdv_loss_holdover,757.0,757.0,2855.0,-195.0,0.0,6.0,2.0,1.5,0.0,0.0,0.0,20.0,4,1896,Sync,0.0,c29a38.fffe.b34e68,128,248,254,65535,128,1,160,BOOTING,-1,False,False,False,False,0,healthy
287.076159633,mixed_pdv_loss_holdover,757.0,757.0,2855.0,-195.0,0.0,6.0,2.0,1.5,0.0,0.0,0.0,20.0,4,1897,Sync,0.0,c29a38.fffe.b34e68,128,248,254,65535,128,1,160,BOOTING,-1,False,False,False,False,0,healthy
287.230640205,mixed_pdv_loss_holdover,757.0,757.0,2855.0,-195.0,0.0,6.0,2.0,1.5,0.0,0.0,0.0,20.0,4,1898,Sync,0.0,c29a38.fffe.b34e68,128,248,254,65535,128,1,160,BOOTING,-1,False,False,False,False,0,healthy
287.342410756,mixed_pdv_loss_holdover,757.0,757.0,2855.0,-195.0,0.0,6.0,2.0,1.5,0.0,0.0,0.0,20.0,4,1899,Sync,0.0,c29a38.fffe.b34e68,128,248,254,65535,128,1,160,BOOTING,-1,False,False,False,False,0,healthy
287.454879551,mixed_pdv_loss_holdover,757.0,757.0,2855.0,-195.0,0.0,6.0,2.0,1.5,0.0,0.0,0.0,20.0,4,1900,Sync,0.0,c29a38.fffe.b34e68,128,248,254,65535,128,1,160,BOOTING,-1,False,False,False,False,0,healthy
287.65163812099996,mixed_pdv_loss_holdover,757.0,757.0,2855.0,-195.0,0.0,6.0,2.0,1.5,0.0,0.0,0.0,20.0,4,1901,Sync,0.0,c29a38.fffe.b34e68,128,248,254,65535,128,1,160,BOOTING,-1,False,False,False,False,0,healthy
287.76603650799996,mixed_pdv_loss_holdover,757.0,757.0,2855.0,-195.0,0.0,6.0,2.0,1.5,0.0,0.0,0.0,20.0,4,1902,Sync,0.0,c29a38.fffe.b34e68,128,248,254,65535,128,1,160,BOOTING,-1,False,False,False,False,0,healthy
287.94000850699996,mixed_pdv_loss_holdover,757.0,757.0,2855.0,-195.0,0.0,6.0,2.0,1.5,0.0,0.0,0.0,20.0,4,1903,Sync,0.0,c29a38.fffe.b34e68,128,248,254,65535,128,1,160,BOOTING,-1,False,False,False,False,0,healthy
288.064804688,mixed_pdv_loss_holdover,757.0,757.0,2855.0,-195.0,0.0,6.0,2.0,1.5,0.0,0.0,0.0,20.0,4,1904,Sync,0.0,c29a38.fffe.b34e68,128,248,254,65535,128,1,160,BOOTING,-1,False,False,False,False,0,healthy
288.17591973099996,mixed_pdv_loss_holdover,757.0,757.0,2855.0,-195.0,0.0,6.0,2.0,1.5,0.0,0.0,0.0,20.0,4,1905,Sync,0.0,c29a38.fffe.b34e68,128,248,254,65535,128,1,160,BOOTING,-1,False,False,False,False,0,healthy
288.28625163,mixed_pdv_loss_holdover,757.0,757.0,2855.0,-195.0,0.0,6.0,2.0,1.5,0.0,0.0,0.0,20.0,4,1906,Sync,0.0,c29a38.fffe.b34e68,128,248,254,65535,128,1,160,BOOTING,-1,False,False,False,False,0,healthy
288.43679049599996,mixed_pdv_loss_holdover,757.0,757.0,2855.0,-195.0,0.0,6.0,2.0,1.5,0.0,0.0,0.0,20.0,4,1907,Sync,0.0,c29a38.fffe.b34e68,128,248,254,65535,128,1,160,BOOTING,-1,False,False,False,False,0,healthy
288.58645360699995,mixed_pdv_loss_holdover,757.0,757.0,2855.0,-195.0,0.0,6.0,2.0,1.5,0.0,0.0,0.0,20.0,4,1908,Sync,0.0,c29a38.fffe.b34e68,128,248,254,65535,128,1,160,BOOTING,-1,False,False,False,False,0,healthy
288.69886614999996,mixed_pdv_loss_holdover,757.0,757.0,2855.0,-195.0,0.0,6.0,2.0,1.5,0.0,0.0,0.0,20.0,4,1909,Sync,0.0,c29a38.fffe.b34e68,128,248,254,65535,128,1,160,BOOTING,-1,False,False,False,False,0,healthy
288.835112439,mixed_pdv_loss_holdover,757.0,757.0,2855.0,-195.0,0.0,6.0,2.0,1.5,0.0,0.0,0.0,20.0,4,1910,Sync,0.0,c29a38.fffe.b34e68,128,248,254,65535,128,1,160,BOOTING,-1,False,False,False,False,0,healthy
288.950858962,mixed_pdv_loss_holdover,757.0,757.0,2855.0,-195.0,0.0,6.0,2.0,1.5,0.0,0.0,0.0,20.0,4,1911,Sync,0.0,c29a38.fffe.b34e68,128,248,254,65535,128,1,160,BOOTING,-1,False,False,False,False,0,healthy
289.06170293099996,mixed_pdv_loss_holdover,757.0,757.0,2855.0,-195.0,0.0,6.0,2.0,1.5,0.0,0.0,0.0,20.0,4,1912,Sync,0.0,c29a38.fffe.b34e68,128,248,254,65535,128,1,160,BOOTING,-1,False,False,False,False,0,healthy
289.195694968,mixed_pdv_loss_holdover,757.0,757.0,2855.0,-195.0,0.0,6.0,2.0,1.5,0.0,0.0,0.0,20.0,4,1913,Sync,0.0,c29a38.fffe.b34e68,128,248,254,65535,128,1,160,BOOTING,-1,False,False,False,False,0,healthy
289.308303174,mixed_pdv_loss_holdover,757.0,757.0,2855.0,-195.0,0.0,6.0,2.0,1.5,0.0,0.0,0.0,20.0,4,1914,Sync,0.0,c29a38.fffe.b34e68,128,248,254,65535,128,1,160,BOOTING,-1,False,False,False,False,0,healthy
289.42995327399996,mixed_pdv_loss_holdover,757.0,757.0,2855.0,-195.0,0.0,6.0,2.0,1.5,0.0,0.0,0.0,20.0,4,1915,Sync,0.0,c29a38.fffe.b34e68,128,248,254,65535,128,1,160,BOOTING,-1,False,False,False,False,0,healthy
289.55572557399995,mixed_pdv_loss_holdover,757.0,757.0,2855.0,-195.0,0.0,6.0,2.0,1.5,0.0,0.0,0.0,20.0,4,1916,Sync,0.0,c29a38.fffe.b34e68,128,248,254,65535,128,1,160,BOOTING,-1,False,False,False,False,0,healthy
289.66900927399996,mixed_pdv_loss_holdover,757.0,757.0,2855.0,-195.0,0.0,6.0,2.0,1.5,0.0,0.0,0.0,20.0,4,1917,Sync,0.0,c29a38.fffe.b34e68,128,248,254,65535,128,1,160,BOOTING,-1,False,False,False,False,0,healthy
289.825925375,mixed_pdv_loss_holdover,757.0,757.0,2855.0,-195.0,0.0,6.0,2.0,1.5,0.0,0.0,0.0,20.0,4,1918,Sync,0.0,c29a38.fffe.b34e68,128,248,254,65535,128,1,160,BOOTING,-1,False,False,False,False,0,healthy
289.93852607499997,mixed_pdv_loss_holdover,757.0,757.0,2855.0,-195.0,0.0,6.0,2.0,1.5,0.0,0.0,0.0,20.0,4,1919,Sync,0.0,c29a38.fffe.b34e68,128,248,254,65535,128,1,160,BOOTING,-1,False,False,False,False,0,healthy
290.073170575,mixed_pdv_loss_holdover,757.0,757.0,2855.0,-195.0,0.0,6.0,2.0,1.5,0.0,0.0,0.0,20.0,4,1920,Sync,0.0,c29a38.fffe.b34e68,128,248,254,65535,128,1,160,BOOTING,-1,False,False,False,False,0,healthy
290.24386147499996,mixed_pdv_loss_holdover,757.0,757.0,2855.0,-195.0,0.0,6.0,2.0,1.5,0.0,0.0,0.0,20.0,4,1921,Sync,0.0,c29a38.fffe.b34e68,128,248,254,65535,128,1,160,BOOTING,-1,False,False,False,False,0,healthy
290.35499927499995,mixed_pdv_loss_holdover,757.0,757.0,2855.0,-195.0,0.0,6.0,2.0,1.5,0.0,0.0,0.0,20.0,4,1922,Sync,0.0,c29a38.fffe.b34e68,128,248,254,65535,128,1,160,BOOTING,-1,False,False,False,False,0,healthy
290.48643477499996,mixed_pdv_loss_holdover,757.0,757.0,2855.0,-195.0,0.0,6.0,2.0,1.5,0.0,0.0,0.0,20.0,4,1923,Sync,0.0,c29a38.fffe.b34e68,128,248,254,65535,128,1,160,BOOTING,-1,False,False,False,False,0,healthy
290.65428227499996,mixed_pdv_loss_holdover,757.0,757.0,2855.0,-195.0,0.0,6.0,2.0,1.5,0.0,0.0,0.0,20.0,4,1924,Sync,0.0,c29a38.fffe.b34e68,128,248,254,65535,128,1,160,BOOTING,-1,False,False,False,False,0,healthy
290.766785475,mixed_pdv_loss_holdover,757.0,757.0,2855.0,-195.0,0.0,6.0,2.0,1.5,0.0,0.0,0.0,20.0,4,1925,Sync,0.0,c29a38.fffe.b34e68,128,248,254,65535,128,1,160,BOOTING,-1,False,False,False,False,0,healthy
290.88068527499996,mixed_pdv_loss_holdover,757.0,757.0,2855.0,-195.0,0.0,6.0,2.0,1.5,0.0,0.0,0.0,20.0,4,1926,Sync,0.0,c29a38.fffe.b34e68,128,248,254,65535,128,1,160,BOOTING,-1,False,False,False,False,0,healthy
291.019846875,mixed_pdv_loss_holdover,757.0,757.0,2855.0,-195.0,0.0,6.0,2.0,1.5,0.0,0.0,0.0,20.0,4,1927,Sync,0.0,c29a38.fffe.b34e68,128,248,254,65535,128,1,160,BOOTING,-1,False,False,False,False,0,healthy
291.182545975,mixed_pdv_loss_holdover,757.0,757.0,2855.0,-195.0,0.0,6.0,2.0,1.5,0.0,0.0,0.0,20.0,4,1928,Sync,0.0,c29a38.fffe.b34e68,128,248,254,65535,128,1,160,BOOTING,-1,False,False,False,False,0,healthy
291.303978175,mixed_pdv_loss_holdover,757.0,757.0,2855.0,-195.0,0.0,6.0,2.0,1.5,0.0,0.0,0.0,20.0,4,1929,Sync,0.0,c29a38.fffe.b34e68,128,248,254,65535,128,1,160,BOOTING,-1,False,False,False,False,0,healthy
291.54882807499996,mixed_pdv_loss_holdover,757.0,757.0,2855.0,-195.0,0.0,6.0,2.0,1.5,0.0,0.0,0.0,20.0,4,1930,Sync,0.0,c29a38.fffe.b34e68,128,248,254,65535,128,1,160,BOOTING,-1,False,False,False,False,0,healthy
291.693897375,mixed_pdv_loss_holdover,757.0,757.0,2855.0,-195.0,0.0,6.0,2.0,1.5,0.0,0.0,0.0,20.0,4,1931,Sync,0.0,c29a38.fffe.b34e68,128,248,254,65535,128,1,160,BOOTING,-1,False,False,False,False,0,healthy
291.806031975,mixed_pdv_loss_holdover,757.0,757.0,2855.0,-195.0,0.0,6.0,2.0,1.5,0.0,0.0,0.0,20.0,4,1932,Sync,0.0,c29a38.fffe.b34e68,128,248,254,65535,128,1,160,BOOTING,-1,False,False,False,False,0,healthy
291.920416375,mixed_pdv_loss_holdover,757.0,757.0,2855.0,-195.0,0.0,6.0,2.0,1.5,0.0,0.0,0.0,20.0,4,1933,Sync,0.0,c29a38.fffe.b34e68,128,248,254,65535,128,1,160,BOOTING,-1,False,False,False,False,0,healthy
292.03413367499996,mixed_pdv_loss_holdover,757.0,757.0,2855.0,-195.0,0.0,6.0,2.0,1.5,0.0,0.0,0.0,20.0,4,1934,Sync,0.0,c29a38.fffe.b34e68,128,248,254,65535,128,1,160,BOOTING,-1,False,False,False,False,0,healthy
292.159797075,mixed_pdv_loss_holdover,757.0,757.0,2855.0,-195.0,0.0,6.0,2.0,1.5,0.0,0.0,0.0,20.0,4,1935,Sync,0.0,c29a38.fffe.b34e68,128,248,254,65535,128,1,160,BOOTING,-1,False,False,False,False,0,healthy
292.27304227499997,mixed_pdv_loss_holdover,757.0,757.0,2855.0,-195.0,0.0,6.0,2.0,1.5,0.0,0.0,0.0,20.0,4,1936,Sync,0.0,c29a38.fffe.b34e68,128,248,254,65535,128,1,160,BOOTING,-1,False,False,False,False,0,healthy
292.467697875,mixed_pdv_loss_holdover,757.0,757.0,2855.0,-195.0,0.0,6.0,2.0,1.5,0.0,0.0,0.0,20.0,4,1937,Sync,0.0,c29a38.fffe.b34e68,128,248,254,65535,128,1,160,BOOTING,-1,False,False,False,False,0,healthy
292.581616075,mixed_pdv_loss_holdover,757.0,757.0,2855.0,-195.0,0.0,6.0,2.0,1.5,0.0,0.0,0.0,20.0,4,1938,Sync,0.0,c29a38.fffe.b34e68,128,248,254,65535,128,1,160,BOOTING,-1,False,False,False,False,0,healthy
292.75147937599996,mixed_pdv_loss_holdover,757.0,757.0,2855.0,-195.0,0.0,6.0,2.0,1.5,0.0,0.0,0.0,20.0,4,1939,Sync,0.0,c29a38.fffe.b34e68,128,248,254,65535,128,1,160,BOOTING,-1,False,False,False,False,0,healthy
292.930451876,mixed_pdv_loss_holdover,757.0,757.0,2855.0,-195.0,0.0,6.0,2.0,1.5,0.0,0.0,0.0,20.0,4,1940,Sync,0.0,c29a38.fffe.b34e68,128,248,254,65535,128,1,160,BOOTING,-1,False,False,False,False,0,healthy
293.044467576,mixed_pdv_loss_holdover,757.0,757.0,2855.0,-195.0,0.0,6.0,2.0,1.5,0.0,0.0,0.0,20.0,4,1941,Sync,0.0,c29a38.fffe.b34e68,128,248,254,65535,128,1,160,BOOTING,-1,False,False,False,False,0,healthy
293.15558887599997,mixed_pdv_loss_holdover,757.0,757.0,2855.0,-97.5,0.0,6.0,2.0,1.5,0.0,0.0,0.0,20.0,4,1942,Sync,0.0,c29a38.fffe.b34e68,128,248,254,65535,128,1,160,BOOTING,-1,False,False,False,False,0,healthy
293.269762076,mixed_pdv_loss_holdover,757.0,757.0,2855.0,0.0,0.0,6.0,2.0,1.5,0.0,0.0,0.0,20.0,4,1943,Sync,0.0,c29a38.fffe.b34e68,128,248,254,65535,128,1,160,BOOTING,-1,False,False,False,False,0,healthy
293.40782797599996,mixed_pdv_loss_holdover,757.0,757.0,2855.0,0.0,0.0,6.0,2.0,1.5,0.0,0.0,0.0,20.0,4,1944,Sync,0.0,c29a38.fffe.b34e68,128,248,254,65535,128,1,160,BOOTING,-1,False,False,False,False,0,healthy
293.559711676,mixed_pdv_loss_holdover,757.0,757.0,2855.0,0.0,0.0,6.0,2.0,1.5,0.0,0.0,0.0,20.0,4,1945,Sync,0.0,c29a38.fffe.b34e68,128,248,254,65535,128,1,160,BOOTING,-1,False,False,False,False,0,healthy
293.71678125899996,mixed_pdv_loss_holdover,757.0,757.0,2855.0,0.0,0.0,6.0,2.0,1.5,0.0,0.0,0.0,20.0,4,1946,Sync,0.0,c29a38.fffe.b34e68,128,248,254,65535,128,1,160,BOOTING,-1,False,False,False,False,0,healthy
293.933276659,mixed_pdv_loss_holdover,757.0,757.0,2855.0,0.0,0.0,6.0,2.0,1.5,0.0,0.0,0.0,20.0,4,1947,Sync,0.0,c29a38.fffe.b34e68,128,248,254,65535,128,1,160,BOOTING,-1,False,False,False,False,0,healthy
294.045532026,mixed_pdv_loss_holdover,757.0,757.0,2855.0,0.0,0.0,6.0,2.0,1.5,0.0,0.0,0.0,20.0,4,1948,Sync,0.0,c29a38.fffe.b34e68,128,248,254,65535,128,1,160,BOOTING,-1,False,False,False,False,0,healthy
294.157288909,mixed_pdv_loss_holdover,757.0,757.0,2855.0,0.0,0.0,6.0,2.0,1.5,0.0,0.0,0.0,20.0,4,1949,Sync,0.0,c29a38.fffe.b34e68,128,248,254,65535,128,1,160,BOOTING,-1,False,False,False,False,0,healthy
294.268787293,mixed_pdv_loss_holdover,757.0,757.0,2855.0,0.0,0.0,6.0,2.0,1.5,0.0,0.0,0.0,20.0,4,1950,Sync,0.0,c29a38.fffe.b34e68,128,248,254,65535,128,1,160,BOOTING,-1,False,False,False,False,0,healthy
294.43681540899996,mixed_pdv_loss_holdover,757.0,757.0,2855.0,0.0,0.0,6.0,2.0,1.5,0.0,0.0,0.0,20.0,4,1951,Sync,0.0,c29a38.fffe.b34e68,128,248,254,65535,128,1,160,BOOTING,-1,False,False,False,False,0,healthy
294.549776701,mixed_pdv_loss_holdover,757.0,757.0,2855.0,0.0,0.0,6.0,2.0,1.5,0.0,0.0,0.0,20.0,4,1952,Sync,0.0,c29a38.fffe.b34e68,128,248,254,65535,128,1,160,BOOTING,-1,False,False,False,False,0,healthy
294.700788184,mixed_pdv_loss_holdover,757.0,757.0,2855.0,0.0,0.0,6.0,2.0,1.5,0.0,0.0,0.0,20.0,4,1953,Sync,0.0,c29a38.fffe.b34e68,128,248,254,65535,128,1,160,BOOTING,-1,False,False,False,False,0,healthy
294.906373326,mixed_pdv_loss_holdover,757.0,757.0,2855.0,0.0,0.0,6.0,2.0,1.5,0.0,0.0,0.0,20.0,4,1954,Sync,0.0,c29a38.fffe.b34e68,128,248,254,65535,128,1,160,BOOTING,-1,False,False,False,False,0,healthy
295.019395118,mixed_pdv_loss_holdover,757.0,757.0,2855.0,0.0,0.0,6.0,2.0,1.5,0.0,0.0,0.0,20.0,4,1955,Sync,0.0,c29a38.fffe.b34e68,128,248,254,65535,128,1,160,BOOTING,-1,False,False,False,False,0,healthy
295.131076468,mixed_pdv_loss_holdover,757.0,757.0,2855.0,0.0,0.0,6.0,2.0,1.5,0.0,0.0,0.0,20.0,4,1956,Sync,0.0,c29a38.fffe.b34e68,128,248,254,65535,128,1,160,BOOTING,-1,False,False,False,False,0,healthy
295.244080384,mixed_pdv_loss_holdover,757.0,757.0,2855.0,0.0,0.0,6.0,2.0,1.5,0.0,0.0,0.0,20.0,4,1957,Sync,0.0,c29a38.fffe.b34e68,128,248,254,65535,128,1,160,BOOTING,-1,False,False,False,False,0,healthy
295.40576553399995,mixed_pdv_loss_holdover,757.0,757.0,2855.0,0.0,0.0,6.0,2.0,1.5,0.0,0.0,0.0,20.0,4,1958,Sync,0.0,c29a38.fffe.b34e68,128,248,254,65535,128,1,160,BOOTING,-1,False,False,False,False,0,healthy
295.51775222599997,mixed_pdv_loss_holdover,757.0,757.0,2855.0,0.0,0.0,6.0,2.0,1.5,0.0,0.0,0.0,20.0,4,1959,Sync,0.0,c29a38.fffe.b34e68,128,248,254,65535,128,1,160,BOOTING,-1,False,False,False,False,0,healthy
295.661989909,mixed_pdv_loss_holdover,757.0,757.0,2855.0,0.0,0.0,6.0,2.0,1.5,0.0,0.0,0.0,20.0,4,1960,Sync,0.0,c29a38.fffe.b34e68,128,248,254,65535,128,1,160,BOOTING,-1,False,False,False,False,0,healthy
295.81781141799996,mixed_pdv_loss_holdover,757.0,757.0,2855.0,0.0,0.0,6.0,2.0,1.5,0.0,0.0,0.0,20.0,4,1961,Sync,0.0,c29a38.fffe.b34e68,128,248,254,65535,128,1,160,BOOTING,-1,False,False,False,False,0,healthy
295.93435751799996,mixed_pdv_loss_holdover,757.0,757.0,2855.0,0.0,0.0,6.0,2.0,1.5,0.0,0.0,0.0,20.0,4,1962,Sync,0.0,c29a38.fffe.b34e68,128,248,254,65535,128,1,160,BOOTING,-1,False,False,False,False,0,healthy
296.149603501,mixed_pdv_loss_holdover,757.0,757.0,2855.0,0.0,0.0,6.0,2.0,1.5,0.0,0.0,0.0,20.0,4,1963,Sync,0.0,c29a38.fffe.b34e68,128,248,254,65535,128,1,160,BOOTING,-1,False,False,False,False,0,healthy
296.357456384,mixed_pdv_loss_holdover,757.0,757.0,2855.0,0.0,0.0,6.0,2.0,1.5,0.0,0.0,0.0,20.0,4,1964,Sync,0.0,c29a38.fffe.b34e68,128,248,254,65535,128,1,160,BOOTING,-1,False,False,False,False,0,healthy
296.46928155899997,mixed_pdv_loss_holdover,757.0,757.0,2855.0,0.0,0.0,6.0,2.0,1.5,0.0,0.0,0.0,20.0,4,1965,Sync,0.0,c29a38.fffe.b34e68,128,248,254,65535,128,1,160,BOOTING,-1,False,False,False,False,0,healthy
296.580388251,mixed_pdv_loss_holdover,757.0,757.0,2855.0,0.0,0.0,6.0,2.0,1.5,0.0,0.0,0.0,20.0,4,1966,Sync,0.0,c29a38.fffe.b34e68,128,248,254,65535,128,1,160,BOOTING,-1,False,False,False,False,0,healthy
296.691325818,mixed_pdv_loss_holdover,757.0,757.0,2855.0,0.0,0.0,6.0,2.0,1.5,0.0,0.0,0.0,20.0,4,1967,Sync,0.0,c29a38.fffe.b34e68,128,248,254,65535,128,1,160,BOOTING,-1,False,False,False,False,0,healthy
296.80481785899997,mixed_pdv_loss_holdover,757.0,757.0,2855.0,0.0,0.0,6.0,2.0,1.5,0.0,0.0,0.0,20.0,4,1968,Sync,0.0,c29a38.fffe.b34e68,128,248,254,65535,128,1,160,BOOTING,-1,False,False,False,False,0,healthy
296.956377934,mixed_pdv_loss_holdover,757.0,757.0,2855.0,0.0,0.0,6.0,2.0,1.5,0.0,0.0,0.0,20.0,4,1969,Sync,0.0,c29a38.fffe.b34e68,128,248,254,65535,128,1,160,BOOTING,-1,False,False,False,False,0,healthy
297.070321234,mixed_pdv_loss_holdover,757.0,757.0,2855.0,0.0,0.0,6.0,2.0,1.5,0.0,0.0,0.0,20.0,4,1970,Sync,0.0,c29a38.fffe.b34e68,128,248,254,65535,128,1,160,BOOTING,-1,False,False,False,False,0,healthy
297.201548834,mixed_pdv_loss_holdover,757.0,757.0,2855.0,0.0,0.0,6.0,2.0,1.5,0.0,0.0,0.0,20.0,4,1971,Sync,0.0,c29a38.fffe.b34e68,128,248,254,65535,128,1,160,BOOTING,-1,False,False,False,False,0,healthy
297.312709634,mixed_pdv_loss_holdover,757.0,757.0,2855.0,0.0,0.0,6.0,2.0,1.5,0.0,0.0,0.0,20.0,4,1972,Sync,0.0,c29a38.fffe.b34e68,128,248,254,65535,128,1,160,BOOTING,-1,False,False,False,False,0,healthy
297.556119734,mixed_pdv_loss_holdover,757.0,757.0,2855.0,0.0,0.0,6.0,2.0,1.5,0.0,0.0,0.0,20.0,4,1973,Sync,0.0,c29a38.fffe.b34e68,128,248,254,65535,128,1,160,BOOTING,-1,False,False,False,False,0,healthy
297.674317634,mixed_pdv_loss_holdover,757.0,757.0,2855.0,0.0,0.0,6.0,2.0,1.5,0.0,0.0,0.0,20.0,4,1974,Sync,0.0,c29a38.fffe.b34e68,128,248,254,65535,128,1,160,BOOTING,-1,False,False,False,False,0,healthy
297.78602523399996,mixed_pdv_loss_holdover,757.0,757.0,2855.0,0.0,0.0,6.0,2.0,1.5,0.0,0.0,0.0,20.0,4,1975,Sync,0.0,c29a38.fffe.b34e68,128,248,254,65535,128,1,160,BOOTING,-1,False,False,False,False,0,healthy
297.899121234,mixed_pdv_loss_holdover,757.0,757.0,2855.0,0.0,0.0,6.0,2.0,1.5,0.0,0.0,0.0,20.0,4,1976,Sync,0.0,c29a38.fffe.b34e68,128,248,254,65535,128,1,160,BOOTING,-1,False,False,False,False,0,healthy
298.086515734,mixed_pdv_loss_holdover,757.0,757.0,2855.0,0.0,0.0,6.0,2.0,1.5,0.0,0.0,0.0,20.0,4,1977,Sync,0.0,c29a38.fffe.b34e68,128,248,254,65535,128,1,160,BOOTING,-1,False,False,False,False,0,healthy
298.245758234,mixed_pdv_loss_holdover,757.0,757.0,2855.0,0.0,0.0,6.0,2.0,1.5,0.0,0.0,0.0,20.0,4,1978,Sync,0.0,c29a38.fffe.b34e68,128,248,254,65535,128,1,160,BOOTING,-1,False,False,False,False,0,healthy
298.35918433399996,mixed_pdv_loss_holdover,757.0,757.0,2855.0,0.0,0.0,6.0,2.0,1.5,0.0,0.0,0.0,20.0,4,1979,Sync,0.0,c29a38.fffe.b34e68,128,248,254,65535,128,1,160,BOOTING,-1,False,False,False,False,0,healthy
298.47149823399997,mixed_pdv_loss_holdover,757.0,757.0,2855.0,0.0,0.0,6.0,2.0,1.5,0.0,0.0,0.0,20.0,4,1980,Sync,0.0,c29a38.fffe.b34e68,128,248,254,65535,128,1,160,BOOTING,-1,False,False,False,False,0,healthy
298.641201534,mixed_pdv_loss_holdover,757.0,757.0,2855.0,0.0,0.0,6.0,2.0,1.5,0.0,0.0,0.0,20.0,4,1981,Sync,0.0,c29a38.fffe.b34e68,128,248,254,65535,128,1,160,BOOTING,-1,False,False,False,False,0,healthy
298.76014003399996,mixed_pdv_loss_holdover,757.0,757.0,2855.0,0.0,0.0,6.0,2.0,1.5,0.0,0.0,0.0,20.0,4,1982,Sync,0.0,c29a38.fffe.b34e68,128,248,254,65535,128,1,160,BOOTING,-1,False,False,False,False,0,healthy
298.885174534,mixed_pdv_loss_holdover,757.0,757.0,2855.0,0.0,0.0,6.0,2.0,1.5,0.0,0.0,0.0,20.0,4,1983,Sync,0.0,c29a38.fffe.b34e68,128,248,254,65535,128,1,160,BOOTING,-1,False,False,False,False,0,healthy
299.01773693399997,mixed_pdv_loss_holdover,757.0,757.0,2855.0,0.0,0.0,6.0,2.0,1.5,0.0,0.0,0.0,20.0,4,1984,Sync,0.0,c29a38.fffe.b34e68,128,248,254,65535,128,1,160,BOOTING,-1,False,False,False,False,0,healthy
299.129319034,mixed_pdv_loss_holdover,757.0,757.0,2855.0,0.0,0.0,6.0,2.0,1.5,0.0,0.0,0.0,20.0,4,1985,Sync,0.0,c29a38.fffe.b34e68,128,248,254,65535,128,1,160,BOOTING,-1,False,False,False,False,0,healthy
299.243728434,mixed_pdv_loss_holdover,757.0,757.0,2855.0,0.0,0.0,6.0,2.0,1.5,0.0,0.0,0.0,20.0,4,1986,Sync,0.0,c29a38.fffe.b34e68,128,248,254,65535,128,1,160,BOOTING,-1,False,False,False,False,0,healthy
299.39009353399996,mixed_pdv_loss_holdover,757.0,757.0,2855.0,0.0,0.0,6.0,2.0,1.5,0.0,0.0,0.0,20.0,4,1987,Sync,0.0,c29a38.fffe.b34e68,128,248,254,65535,128,1,160,BOOTING,-1,False,False,False,False,0,healthy
299.50375433399995,mixed_pdv_loss_holdover,757.0,757.0,2855.0,0.0,0.0,6.0,2.0,1.5,0.0,0.0,0.0,20.0,4,1988,Sync,0.0,c29a38.fffe.b34e68,128,248,254,65535,128,1,160,BOOTING,-1,False,False,False,False,0,healthy
299.668495534,mixed_pdv_loss_holdover,757.0,757.0,2855.0,0.0,0.0,6.0,2.0,1.5,0.0,0.0,0.0,20.0,4,1989,Sync,0.0,c29a38.fffe.b34e68,128,248,254,65535,128,1,160,BOOTING,-1,False,False,False,False,0,healthy
299.79150713399997,mixed_pdv_loss_holdover,757.0,757.0,2855.0,0.0,0.0,6.0,2.0,1.5,0.0,0.0,0.0,20.0,4,1990,Sync,0.0,c29a38.fffe.b34e68,128,248,254,65535,128,1,160,BOOTING,-1,False,False,False,False,0,healthy
299.903935334,mixed_pdv_loss_holdover,757.0,757.0,2855.0,0.0,0.0,6.0,2.0,1.5,0.0,0.0,0.0,20.0,4,1991,Sync,0.0,c29a38.fffe.b34e68,128,248,254,65535,128,1,160,BOOTING,-1,False,False,False,False,0,healthy
300.093448734,mixed_pdv_loss_holdover,757.0,757.0,2855.0,0.0,0.0,6.0,2.0,1.5,0.0,0.0,0.0,20.0,4,1992,Sync,0.0,c29a38.fffe.b34e68,128,248,254,65535,128,1,160,BOOTING,-1,False,False,False,False,0,healthy
300.379106434,mixed_pdv_loss_holdover,757.0,757.0,2855.0,0.0,0.0,6.0,2.0,1.5,0.0,0.0,0.0,20.0,4,1993,Sync,0.0,c29a38.fffe.b34e68,128,248,254,65535,128,1,160,BOOTING,-1,False,False,False,False,0,healthy
300.494096234,mixed_pdv_loss_holdover,757.0,757.0,2855.0,0.0,0.0,6.0,2.0,1.5,0.0,0.0,0.0,20.0,4,1994,Sync,0.0,c29a38.fffe.b34e68,128,248,254,65535,128,1,160,BOOTING,-1,False,False,False,False,0,healthy
300.61009953399997,mixed_pdv_loss_holdover,757.0,757.0,2855.0,0.0,0.0,6.0,2.0,1.5,0.0,0.0,0.0,20.0,4,1995,Sync,0.0,c29a38.fffe.b34e68,128,248,254,65535,128,1,160,BOOTING,-1,False,False,False,False,0,healthy
300.72292633399996,mixed_pdv_loss_holdover,757.0,757.0,2855.0,0.0,0.0,6.0,2.0,1.5,0.0,0.0,0.0,20.0,4,1996,Sync,0.0,c29a38.fffe.b34e68,128,248,254,65535,128,1,160,BOOTING,-1,False,False,False,False,0,healthy
300.834845235,mixed_pdv_loss_holdover,757.0,757.0,2855.0,0.0,0.0,6.0,2.0,1.5,0.0,0.0,0.0,20.0,4,1997,Sync,0.0,c29a38.fffe.b34e68,128,248,254,65535,128,1,160,BOOTING,-1,False,False,False,False,0,healthy
300.950606635,mixed_pdv_loss_holdover,757.0,757.0,2855.0,0.0,0.0,6.0,2.0,1.5,0.0,0.0,0.0,20.0,4,1998,Sync,0.0,c29a38.fffe.b34e68,128,248,254,65535,128,1,160,BOOTING,-1,False,False,False,False,0,healthy
301.06332563499996,mixed_pdv_loss_holdover,757.0,757.0,2855.0,0.0,0.0,6.0,2.0,1.5,0.0,0.0,0.0,20.0,4,1999,Sync,0.0,c29a38.fffe.b34e68,128,248,254,65535,128,1,160,BOOTING,-1,False,False,False,False,0,healthy
301.193315735,mixed_pdv_loss_holdover,757.0,757.0,2855.0,0.0,0.0,6.0,2.0,1.5,0.0,0.0,0.0,20.0,4,2000,Sync,0.0,c29a38.fffe.b34e68,128,248,254,65535,128,1,160,BOOTING,-1,False,False,False,False,0,healthy
301.30807413499997,mixed_pdv_loss_holdover,757.0,757.0,2855.0,0.0,0.0,6.0,2.0,1.5,0.0,0.0,0.0,20.0,4,2001,Sync,0.0,c29a38.fffe.b34e68,128,248,254,65535,128,1,160,BOOTING,-1,False,False,False,False,0,healthy
301.51680053499996,mixed_pdv_loss_holdover,757.0,757.0,2855.0,0.0,0.0,6.0,2.0,1.5,0.0,0.0,0.0,20.0,4,2002,Sync,0.0,c29a38.fffe.b34e68,128,248,254,65535,128,1,160,BOOTING,-1,False,False,False,False,0,healthy
301.715581972,mixed_pdv_loss_holdover,757.0,757.0,2855.0,0.0,0.0,6.0,2.0,1.5,0.0,0.0,0.0,20.0,4,2003,Sync,0.0,c29a38.fffe.b34e68,128,248,254,65535,128,1,160,BOOTING,-1,False,False,False,False,0,healthy
301.83034545,mixed_pdv_loss_holdover,757.0,757.0,2855.0,0.0,0.0,6.0,2.0,1.5,0.0,0.0,0.0,20.0,4,2004,Sync,0.0,c29a38.fffe.b34e68,128,248,254,65535,128,1,160,BOOTING,-1,False,False,False,False,0,healthy
301.94433977799997,mixed_pdv_loss_holdover,757.0,757.0,2855.0,0.0,0.0,6.0,2.0,1.5,0.0,0.0,0.0,20.0,4,2005,Sync,0.0,c29a38.fffe.b34e68,128,248,254,65535,128,1,160,BOOTING,-1,False,False,False,False,0,healthy
302.058294257,mixed_pdv_loss_holdover,757.0,757.0,2855.0,0.0,0.0,6.0,2.0,1.5,0.0,0.0,0.0,20.0,4,2006,Sync,0.0,c29a38.fffe.b34e68,128,248,254,65535,128,1,160,BOOTING,-1,False,False,False,False,0,healthy
302.302752349,mixed_pdv_loss_holdover,757.0,757.0,2855.0,0.0,0.0,6.0,2.0,1.5,0.0,0.0,0.0,20.0,4,2007,Sync,0.0,c29a38.fffe.b34e68,128,248,254,65535,128,1,160,BOOTING,-1,False,False,False,False,0,healthy
302.41627606199995,mixed_pdv_loss_holdover,757.0,757.0,2855.0,0.0,0.0,6.0,2.0,1.5,0.0,0.0,0.0,20.0,4,2008,Sync,0.0,c29a38.fffe.b34e68,128,248,254,65535,128,1,160,BOOTING,-1,False,False,False,False,0,healthy
302.56853169799996,mixed_pdv_loss_holdover,757.0,757.0,2855.0,0.0,0.0,6.0,2.0,1.5,0.0,0.0,0.0,20.0,4,2009,Sync,0.0,c29a38.fffe.b34e68,128,248,254,65535,128,1,160,BOOTING,-1,False,False,False,False,0,healthy
302.681312479,mixed_pdv_loss_holdover,757.0,757.0,2855.0,0.0,0.0,6.0,2.0,1.5,0.0,0.0,0.0,20.0,4,2010,Sync,0.0,c29a38.fffe.b34e68,128,248,254,65535,128,1,160,BOOTING,-1,False,False,False,False,0,healthy
302.794425587,mixed_pdv_loss_holdover,757.0,757.0,2855.0,0.0,0.0,6.0,2.0,1.5,0.0,0.0,0.0,20.0,4,2011,Sync,0.0,c29a38.fffe.b34e68,128,248,254,65535,128,1,160,BOOTING,-1,False,False,False,False,0,healthy
302.974390895,mixed_pdv_loss_holdover,757.0,757.0,2855.0,0.0,0.0,6.0,2.0,1.5,0.0,0.0,0.0,20.0,4,2012,Sync,0.0,c29a38.fffe.b34e68,128,248,254,65535,128,1,160,BOOTING,-1,False,False,False,False,0,healthy
303.09083645299995,mixed_pdv_loss_holdover,757.0,757.0,2855.0,0.0,0.0,6.0,2.0,1.5,0.0,0.0,0.0,20.0,4,2013,Sync,0.0,c29a38.fffe.b34e68,128,248,254,65535,128,1,160,BOOTING,-1,False,False,False,False,0,healthy
303.24975433599997,mixed_pdv_loss_holdover,757.0,757.0,2855.0,0.0,0.0,6.0,2.0,1.5,0.0,0.0,0.0,20.0,4,2014,Sync,0.0,c29a38.fffe.b34e68,128,248,254,65535,128,1,160,BOOTING,-1,False,False,False,False,0,healthy
303.38601995199997,mixed_pdv_loss_holdover,757.0,757.0,2855.0,0.0,0.0,6.0,2.0,1.5,0.0,0.0,0.0,20.0,4,2015,Sync,0.0,c29a38.fffe.b34e68,128,248,254,65535,128,1,160,BOOTING,-1,False,False,False,False,0,healthy
303.503522026,mixed_pdv_loss_holdover,757.0,757.0,2855.0,0.0,0.0,6.0,2.0,1.5,0.0,0.0,0.0,20.0,4,2016,Sync,0.0,c29a38.fffe.b34e68,128,248,254,65535,128,1,160,BOOTING,-1,False,False,False,False,0,healthy
303.71051607299995,mixed_pdv_loss_holdover,757.0,757.0,2855.0,0.0,0.0,6.0,2.0,1.5,0.0,0.0,0.0,20.0,4,2017,Sync,0.0,c29a38.fffe.b34e68,128,248,254,65535,128,1,160,BOOTING,-1,False,False,False,False,0,healthy
303.866144007,mixed_pdv_loss_holdover,757.0,757.0,2855.0,0.0,0.0,6.0,2.0,1.5,0.0,0.0,0.0,20.0,4,2018,Sync,0.0,c29a38.fffe.b34e68,128,248,254,65535,128,1,160,BOOTING,-1,False,False,False,False,0,healthy
303.98251630299995,mixed_pdv_loss_holdover,757.0,757.0,2855.0,0.0,0.0,6.0,2.0,1.5,0.0,0.0,0.0,20.0,4,2019,Sync,0.0,c29a38.fffe.b34e68,128,248,254,65535,128,1,160,BOOTING,-1,False,False,False,False,0,healthy
304.099782785,mixed_pdv_loss_holdover,757.0,757.0,2855.0,0.0,0.0,6.0,2.0,1.5,0.0,0.0,0.0,20.0,4,2020,Sync,0.0,c29a38.fffe.b34e68,128,248,254,65535,128,1,160,BOOTING,-1,False,False,False,False,0,healthy
304.303709601,mixed_pdv_loss_holdover,757.0,757.0,2855.0,0.0,0.0,6.0,2.0,1.5,0.0,0.0,0.0,20.0,4,2021,Sync,0.0,c29a38.fffe.b34e68,128,248,254,65535,128,1,160,BOOTING,-1,False,False,False,False,0,healthy
304.47479319499996,mixed_pdv_loss_holdover,757.0,757.0,2855.0,0.0,0.0,6.0,2.0,1.5,0.0,0.0,0.0,20.0,4,2022,Sync,0.0,c29a38.fffe.b34e68,128,248,254,65535,128,1,160,BOOTING,-1,False,False,False,False,0,healthy
304.604962502,mixed_pdv_loss_holdover,757.0,757.0,2855.0,0.0,0.0,6.0,2.0,1.5,0.0,0.0,0.0,20.0,4,2023,Sync,0.0,c29a38.fffe.b34e68,128,248,254,65535,128,1,160,BOOTING,-1,False,False,False,False,0,healthy
304.72193373899995,mixed_pdv_loss_holdover,757.0,757.0,2855.0,0.0,0.0,6.0,2.0,1.5,0.0,0.0,0.0,20.0,4,2024,Sync,0.0,c29a38.fffe.b34e68,128,248,254,65535,128,1,160,BOOTING,-1,False,False,False,False,0,healthy
305.02880263699996,mixed_pdv_loss_holdover,757.0,757.0,2855.0,0.0,0.0,6.0,2.0,1.5,0.0,0.0,0.0,20.0,4,2025,Sync,0.0,c29a38.fffe.b34e68,128,248,254,65535,128,1,160,BOOTING,-1,False,False,False,False,0,healthy
305.188868229,mixed_pdv_loss_holdover,757.0,757.0,2855.0,0.0,0.0,6.0,2.0,1.5,0.0,0.0,0.0,20.0,4,2026,Sync,0.0,c29a38.fffe.b34e68,128,248,254,65535,128,1,160,BOOTING,-1,False,False,False,False,0,healthy
305.30572163399995,mixed_pdv_loss_holdover,757.0,757.0,2855.0,0.0,0.0,6.0,2.0,1.5,0.0,0.0,0.0,20.0,4,2027,Sync,0.0,c29a38.fffe.b34e68,128,248,254,65535,128,1,160,BOOTING,-1,False,False,False,False,0,healthy
305.419707663,mixed_pdv_loss_holdover,757.0,757.0,2855.0,0.0,0.0,6.0,2.0,1.5,0.0,0.0,0.0,20.0,4,2028,Sync,0.0,c29a38.fffe.b34e68,128,248,254,65535,128,1,160,BOOTING,-1,False,False,False,False,0,healthy
305.533971468,mixed_pdv_loss_holdover,757.0,757.0,2855.0,0.0,0.0,6.0,2.0,1.5,0.0,0.0,0.0,20.0,4,2029,Sync,0.0,c29a38.fffe.b34e68,128,248,254,65535,128,1,160,BOOTING,-1,False,False,False,False,0,healthy
305.645494431,mixed_pdv_loss_holdover,757.0,757.0,2855.0,0.0,0.0,6.0,2.0,1.5,0.0,0.0,0.0,20.0,4,2030,Sync,0.0,c29a38.fffe.b34e68,128,248,254,65535,128,1,160,BOOTING,-1,False,False,False,False,0,healthy
305.78493694599996,mixed_pdv_loss_holdover,757.0,757.0,2855.0,0.0,0.0,6.0,2.0,1.5,0.0,0.0,0.0,20.0,4,2031,Sync,0.0,c29a38.fffe.b34e68,128,248,254,65535,128,1,160,BOOTING,-1,False,False,False,False,0,healthy
305.89749749,mixed_pdv_loss_holdover,757.0,757.0,2855.0,0.0,0.0,6.0,2.0,1.5,0.0,0.0,0.0,20.0,4,2032,Sync,0.0,c29a38.fffe.b34e68,128,248,254,65535,128,1,160,BOOTING,-1,False,False,False,False,0,healthy
306.026075566,mixed_pdv_loss_holdover,757.0,757.0,2855.0,0.0,0.0,6.0,2.0,1.5,0.0,0.0,0.0,20.0,4,2033,Sync,0.0,c29a38.fffe.b34e68,128,248,254,65535,128,1,160,BOOTING,-1,False,False,False,False,0,healthy
306.15174035399997,mixed_pdv_loss_holdover,757.0,757.0,2855.0,0.0,0.0,6.0,2.0,1.5,0.0,0.0,0.0,20.0,4,2034,Sync,0.0,c29a38.fffe.b34e68,128,248,254,65535,128,1,160,BOOTING,-1,False,False,False,False,0,healthy
306.26341175799996,mixed_pdv_loss_holdover,757.0,757.0,2855.0,0.0,0.0,6.0,2.0,1.5,0.0,0.0,0.0,20.0,4,2035,Sync,0.0,c29a38.fffe.b34e68,128,248,254,65535,128,1,160,BOOTING,-1,False,False,False,False,0,healthy
306.39393565999995,mixed_pdv_loss_holdover,757.0,757.0,2855.0,0.0,0.0,6.0,2.0,1.5,0.0,0.0,0.0,20.0,4,2036,Sync,0.0,c29a38.fffe.b34e68,128,248,254,65535,128,1,160,BOOTING,-1,False,False,False,False,0,healthy
306.507358737,mixed_pdv_loss_holdover,757.0,757.0,2855.0,0.0,0.0,6.0,2.0,1.5,0.0,0.0,0.0,20.0,4,2037,Sync,0.0,c29a38.fffe.b34e68,128,248,254,65535,128,1,160,BOOTING,-1,False,False,False,False,0,healthy
306.80255667899996,mixed_pdv_loss_holdover,757.0,757.0,2855.0,0.0,0.0,6.0,2.0,1.5,0.0,0.0,0.0,20.0,4,2038,Sync,0.0,c29a38.fffe.b34e68,128,248,254,65535,128,1,160,BOOTING,-1,False,False,False,False,0,healthy
306.93507361999997,mixed_pdv_loss_holdover,757.0,757.0,2855.0,0.0,0.0,6.0,2.0,1.5,0.0,0.0,0.0,20.0,4,2039,Sync,0.0,c29a38.fffe.b34e68,128,248,254,65535,128,1,160,BOOTING,-1,False,False,False,False,0,healthy
307.046011325,mixed_pdv_loss_holdover,757.0,757.0,2855.0,0.0,0.0,6.0,2.0,1.5,0.0,0.0,0.0,20.0,4,2040,Sync,0.0,c29a38.fffe.b34e68,128,248,254,65535,128,1,160,BOOTING,-1,False,False,False,False,0,healthy
307.15926625699996,mixed_pdv_loss_holdover,757.0,757.0,2855.0,0.0,0.0,6.0,2.0,1.5,0.0,0.0,0.0,20.0,4,2041,Sync,0.0,c29a38.fffe.b34e68,128,248,254,65535,128,1,160,BOOTING,-1,False,False,False,False,0,healthy
307.27160244,mixed_pdv_loss_holdover,757.0,757.0,2855.0,0.0,0.0,6.0,2.0,1.5,0.0,0.0,0.0,20.0,4,2042,Sync,0.0,c29a38.fffe.b34e68,128,248,254,65535,128,1,160,BOOTING,-1,False,False,False,False,0,healthy
307.554699709,mixed_pdv_loss_holdover,757.0,757.0,2855.0,0.0,0.0,6.0,2.0,1.5,0.0,0.0,0.0,20.0,4,2043,Sync,0.0,c29a38.fffe.b34e68,128,248,254,65535,128,1,160,BOOTING,-1,False,False,False,False,0,healthy
307.66728235799997,mixed_pdv_loss_holdover,757.0,757.0,2855.0,0.0,0.0,6.0,2.0,1.5,0.0,0.0,0.0,20.0,4,2044,Sync,0.0,c29a38.fffe.b34e68,128,248,254,65535,128,1,160,BOOTING,-1,False,False,False,False,0,healthy
307.821037644,mixed_pdv_loss_holdover,757.0,757.0,2855.0,0.0,0.0,6.0,2.0,1.5,0.0,0.0,0.0,20.0,4,2045,Sync,0.0,c29a38.fffe.b34e68,128,248,254,65535,128,1,160,BOOTING,-1,False,False,False,False,0,healthy
307.933685212,mixed_pdv_loss_holdover,757.0,757.0,2855.0,0.0,0.0,6.0,2.0,1.5,0.0,0.0,0.0,20.0,4,2046,Sync,0.0,c29a38.fffe.b34e68,128,248,254,65535,128,1,160,BOOTING,-1,False,False,False,False,0,healthy
308.04611071899996,mixed_pdv_loss_holdover,757.0,757.0,2855.0,0.0,0.0,6.0,2.0,1.5,0.0,0.0,0.0,20.0,4,2047,Sync,0.0,c29a38.fffe.b34e68,128,248,254,65535,128,1,160,BOOTING,-1,False,False,False,False,0,healthy
308.32094225199995,mixed_pdv_loss_holdover,757.0,757.0,2855.0,0.0,0.0,6.0,2.0,1.5,0.0,0.0,0.0,20.0,4,2048,Sync,0.0,c29a38.fffe.b34e68,128,248,254,65535,128,1,160,BOOTING,-1,False,False,False,False,0,healthy
308.432650966,mixed_pdv_loss_holdover,757.0,757.0,2855.0,0.0,0.0,6.0,2.0,1.5,0.0,0.0,0.0,20.0,4,2049,Sync,0.0,c29a38.fffe.b34e68,128,248,254,65535,128,1,160,BOOTING,-1,False,False,False,False,0,healthy
308.55363758799996,mixed_pdv_loss_holdover,757.0,757.0,2855.0,0.0,0.0,6.0,2.0,1.5,0.0,0.0,0.0,20.0,4,2050,Sync,0.0,c29a38.fffe.b34e68,128,248,254,65535,128,1,160,BOOTING,-1,False,False,False,False,0,healthy
308.665766816,mixed_pdv_loss_holdover,757.0,757.0,2855.0,0.0,0.0,6.0,2.0,1.5,0.0,0.0,0.0,20.0,4,2051,Sync,0.0,c29a38.fffe.b34e68,128,248,254,65535,128,1,160,BOOTING,-1,False,False,False,False,0,healthy
308.777376102,mixed_pdv_loss_holdover,757.0,757.0,2855.0,0.0,0.0,6.0,2.0,1.5,0.0,0.0,0.0,20.0,4,2052,Sync,0.0,c29a38.fffe.b34e68,128,248,254,65535,128,1,160,BOOTING,-1,False,False,False,False,0,healthy
308.889459617,mixed_pdv_loss_holdover,757.0,757.0,2855.0,0.0,0.0,6.0,2.0,1.5,0.0,0.0,0.0,20.0,4,2053,Sync,0.0,c29a38.fffe.b34e68,128,248,254,65535,128,1,160,BOOTING,-1,False,False,False,False,0,healthy
309.06713167199996,mixed_pdv_loss_holdover,757.0,757.0,2855.0,0.0,0.0,6.0,2.0,1.5,0.0,0.0,0.0,20.0,4,2054,Sync,0.0,c29a38.fffe.b34e68,128,248,254,65535,128,1,160,BOOTING,-1,False,False,False,False,0,healthy
309.205014965,mixed_pdv_loss_holdover,757.0,757.0,2855.0,0.0,0.0,6.0,2.0,1.5,0.0,0.0,0.0,20.0,4,2055,Sync,14.505020561118823,c29a38.fffe.b34e68,128,248,254,65535,128,1,160,BOOTING,-1,False,False,False,False,0,healthy
309.32140554399996,mixed_pdv_loss_holdover,757.0,757.0,2855.0,0.0,0.0,6.0,2.0,1.5,0.0,0.0,0.0,20.0,4,2056,Sync,17.183521357001677,c29a38.fffe.b34e68,128,248,254,65535,128,1,160,BOOTING,-1,False,False,False,False,0,healthy
309.454546855,mixed_pdv_loss_holdover,757.0,757.0,2855.0,0.0,0.0,6.0,2.0,1.5,0.0,0.0,0.0,20.0,4,2057,Sync,15.021633668602908,c29a38.fffe.b34e68,128,248,254,65535,128,1,160,BOOTING,-1,False,False,False,False,0,healthy
309.56666798,mixed_pdv_loss_holdover,757.0,757.0,2855.0,0.0,0.0,6.0,2.0,1.5,0.0,0.0,0.0,20.0,4,2058,Sync,17.837851698332717,c29a38.fffe.b34e68,128,248,254,65535,128,1,160,BOOTING,-1,False,False,False,False,0,healthy
309.67902301799995,mixed_pdv_loss_holdover,757.0,757.0,2855.0,0.0,0.0,6.0,2.0,1.5,0.0,0.0,0.0,20.0,4,2059,Sync,17.80071490875589,c29a38.fffe.b34e68,128,248,254,65535,128,1,160,BOOTING,-1,False,False,False,False,0,healthy
309.824121818,mixed_pdv_loss_holdover,757.0,757.0,2855.0,0.0,0.0,6.0,2.0,1.5,0.0,0.0,0.0,20.0,4,2060,Sync,13.783711512428875,c29a38.fffe.b34e68,128,248,254,65535,128,1,160,BOOTING,-1,False,False,False,False,0,healthy
309.950430326,mixed_pdv_loss_holdover,757.0,757.0,2855.0,0.0,0.0,6.0,2.0,1.5,0.0,0.0,0.0,20.0,4,2061,Sync,15.834246098446876,c29a38.fffe.b34e68,128,248,254,65535,128,1,160,BOOTING,-1,False,False,False,False,0,healthy
310.062007268,mixed_pdv_loss_holdover,757.0,757.0,2855.0,0.0,0.0,6.0,2.0,1.5,0.0,0.0,0.0,20.0,4,2062,Sync,17.92485045879832,c29a38.fffe.b34e68,128,248,254,65535,128,1,160,BOOTING,-1,False,False,False,False,0,healthy
310.19932091,mixed_pdv_loss_holdover,757.0,757.0,2855.0,0.0,0.0,6.0,2.0,1.5,0.0,0.0,0.0,20.0,4,2063,Sync,14.565195204714453,c29a38.fffe.b34e68,128,248,254,65535,128,1,160,BOOTING,-1,False,False,False,False,0,healthy
310.31076979299996,mixed_pdv_loss_holdover,757.0,757.0,2855.0,0.0,0.0,6.0,2.0,1.5,0.0,0.0,0.0,20.0,4,2064,Sync,17.94544679286161,c29a38.fffe.b34e68,128,248,254,65535,128,1,160,BOOTING,-1,False,False,False,False,0,healthy
310.438325701,mixed_pdv_loss_holdover,757.0,757.0,2855.0,0.0,0.0,6.0,2.0,1.5,0.0,0.0,0.0,20.0,4,2065,Sync,15.679399185488728,c29a38.fffe.b34e68,128,248,254,65535,128,1,160,BOOTING,-1,False,False,False,False,0,healthy
310.58488777599996,mixed_pdv_loss_holdover,757.0,757.0,2855.0,0.0,0.0,6.0,2.0,1.5,0.0,0.0,0.0,20.0,4,2066,Sync,13.646095007869567,c29a38.fffe.b34e68,128,248,254,65535,128,1,160,BOOTING,-1,False,False,False,False,0,healthy
310.69610675999996,mixed_pdv_loss_holdover,757.0,757.0,2855.0,0.0,0.0,6.0,2.0,1.5,0.0,0.0,0.0,20.0,4,2067,Sync,17.982541541648363,c29a38.fffe.b34e68,128,248,254,65535,128,1,160,BOOTING,-1,False,False,False,False,0,healthy
310.821747293,mixed_pdv_loss_holdover,757.0,757.0,2855.0,0.0,0.0,6.0,2.0,1.5,0.0,0.0,0.0,20.0,4,2068,Sync,15.918429763423775,c29a38.fffe.b34e68,128,248,254,65535,128,1,160,BOOTING,-1,False,False,False,False,0,healthy
310.937708285,mixed_pdv_loss_holdover,757.0,757.0,2855.0,0.0,0.0,6.0,2.0,1.5,0.0,0.0,0.0,20.0,4,2069,Sync,17.24717912037209,c29a38.fffe.b34e68,128,248,254,65535,128,1,160,BOOTING,-1,False,False,False,False,0,healthy
311.050214451,mixed_pdv_loss_holdover,757.0,757.0,2855.0,0.0,0.0,6.0,2.0,1.5,0.0,0.0,0.0,20.0,4,2070,Sync,26.665205176398278,c29a38.fffe.b34e68,128,248,254,65535,128,1,160,BOOTING,-1,False,False,False,False,0,healthy
311.229075918,mixed_pdv_loss_holdover,757.0,757.0,2855.0,0.0,0.0,6.0,2.0,1.5,0.0,0.0,0.0,20.0,4,2071,Sync,0.0,c29a38.fffe.b34e68,128,248,254,65535,128,1,160,BOOTING,-1,False,False,False,False,0,healthy
311.34268428499996,mixed_pdv_loss_holdover,757.0,757.0,2855.0,0.0,0.0,6.0,2.0,1.5,0.0,0.0,0.0,20.0,4,2072,Sync,0.0,c29a38.fffe.b34e68,128,248,254,65535,128,1,160,BOOTING,-1,False,False,False,False,0,healthy
311.52103746,mixed_pdv_loss_holdover,757.0,757.0,2855.0,0.0,0.0,6.0,2.0,1.5,0.0,0.0,0.0,20.0,4,2073,Sync,0.0,c29a38.fffe.b34e68,128,248,254,65535,128,1,160,BOOTING,-1,False,False,False,False,0,healthy
311.637693743,mixed_pdv_loss_holdover,757.0,757.0,2855.0,0.0,0.0,6.0,2.0,1.5,0.0,0.0,0.0,20.0,4,2074,Sync,0.0,c29a38.fffe.b34e68,128,248,254,65535,128,1,160,BOOTING,-1,False,False,False,False,0,healthy
311.74883425999997,mixed_pdv_loss_holdover,757.0,757.0,2855.0,0.0,0.0,6.0,2.0,1.5,0.0,0.0,0.0,20.0,4,2075,Sync,0.0,c29a38.fffe.b34e68,128,248,254,65535,128,1,160,BOOTING,-1,False,False,False,False,0,healthy
311.861838451,mixed_pdv_loss_holdover,757.0,757.0,2855.0,0.0,0.0,6.0,2.0,1.5,0.0,0.0,0.0,20.0,4,2076,Sync,0.0,c29a38.fffe.b34e68,128,248,254,65535,128,1,160,BOOTING,-1,False,False,False,False,0,healthy
312.024972668,mixed_pdv_loss_holdover,757.0,757.0,2855.0,0.0,0.0,6.0,2.0,1.5,0.0,0.0,0.0,20.0,4,2077,Sync,0.0,c29a38.fffe.b34e68,128,248,254,65535,128,1,160,BOOTING,-1,False,False,False,False,0,healthy
312.139085018,mixed_pdv_loss_holdover,757.0,757.0,2855.0,0.0,0.0,6.0,2.0,1.5,0.0,0.0,0.0,20.0,4,2078,Sync,0.0,c29a38.fffe.b34e68,128,248,254,65535,128,1,160,BOOTING,-1,False,False,False,False,0,healthy
312.264337068,mixed_pdv_loss_holdover,757.0,757.0,2855.0,0.0,0.0,6.0,2.0,1.5,0.0,0.0,0.0,20.0,4,2079,Sync,0.0,c29a38.fffe.b34e68,128,248,254,65535,128,1,160,BOOTING,-1,False,False,False,False,0,healthy
312.45019921,mixed_pdv_loss_holdover,757.0,757.0,2855.0,0.0,0.0,6.0,2.0,1.5,0.0,0.0,0.0,20.0,4,2080,Sync,0.0,c29a38.fffe.b34e68,128,248,254,65535,128,1,160,BOOTING,-1,False,False,False,False,0,healthy
312.569323801,mixed_pdv_loss_holdover,757.0,757.0,2855.0,0.0,0.0,6.0,2.0,1.5,0.0,0.0,0.0,20.0,4,2081,Sync,0.0,c29a38.fffe.b34e68,128,248,254,65535,128,1,160,BOOTING,-1,False,False,False,False,0,healthy
312.72043291,mixed_pdv_loss_holdover,757.0,757.0,2855.0,0.0,0.0,6.0,2.0,1.5,0.0,0.0,0.0,20.0,4,2082,Sync,0.0,c29a38.fffe.b34e68,128,248,254,65535,128,1,160,BOOTING,-1,False,False,False,False,0,healthy
312.875045701,mixed_pdv_loss_holdover,757.0,757.0,2855.0,0.0,0.0,6.0,2.0,1.5,0.0,0.0,0.0,20.0,4,2083,Sync,0.0,c29a38.fffe.b34e68,128,248,254,65535,128,1,160,BOOTING,-1,False,False,False,False,0,healthy
312.99774749299996,mixed_pdv_loss_holdover,757.0,757.0,2855.0,0.0,0.0,6.0,2.0,1.5,0.0,0.0,0.0,20.0,4,2084,Sync,0.0,c29a38.fffe.b34e68,128,248,254,65535,128,1,160,BOOTING,-1,False,False,False,False,0,healthy
313.12317682599996,mixed_pdv_loss_holdover,757.0,757.0,2855.0,0.0,0.0,6.0,2.0,1.5,0.0,0.0,0.0,20.0,4,2085,Sync,0.0,c29a38.fffe.b34e68,128,248,254,65535,128,1,160,BOOTING,-1,False,False,False,False,0,healthy
313.329476968,mixed_pdv_loss_holdover,757.0,757.0,2855.0,0.0,0.0,6.0,2.0,1.5,0.0,0.0,0.0,20.0,4,2086,Sync,0.0,c29a38.fffe.b34e68,128,248,254,65535,128,1,160,BOOTING,-1,False,False,False,False,0,healthy
313.47091203499997,mixed_pdv_loss_holdover,757.0,757.0,2855.0,0.0,0.0,6.0,2.0,1.5,0.0,0.0,0.0,20.0,4,2087,Sync,0.0,c29a38.fffe.b34e68,128,248,254,65535,128,1,160,BOOTING,-1,False,False,False,False,0,healthy
313.588021701,mixed_pdv_loss_holdover,757.0,757.0,2855.0,0.0,0.0,6.0,2.0,1.5,0.0,0.0,0.0,20.0,4,2088,Sync,0.0,c29a38.fffe.b34e68,128,248,254,65535,128,1,160,BOOTING,-1,False,False,False,False,0,healthy
313.701950168,mixed_pdv_loss_holdover,757.0,757.0,2855.0,0.0,0.0,6.0,2.0,1.5,0.0,0.0,0.0,20.0,4,2089,Sync,0.0,c29a38.fffe.b34e68,128,248,254,65535,128,1,160,BOOTING,-1,False,False,False,False,0,healthy
313.824580735,mixed_pdv_loss_holdover,757.0,757.0,2855.0,0.0,0.0,6.0,2.0,1.5,0.0,0.0,0.0,20.0,4,2090,Sync,0.0,c29a38.fffe.b34e68,128,248,254,65535,128,1,160,BOOTING,-1,False,False,False,False,0,healthy
313.945578626,mixed_pdv_loss_holdover,757.0,757.0,2855.0,0.0,0.0,6.0,2.0,1.5,0.0,0.0,0.0,20.0,4,2091,Sync,0.0,c29a38.fffe.b34e68,128,248,254,65535,128,1,160,BOOTING,-1,False,False,False,False,0,healthy
314.05659796,mixed_pdv_loss_holdover,757.0,757.0,2855.0,0.0,0.0,6.0,2.0,1.5,0.0,0.0,0.0,20.0,4,2092,Sync,0.0,c29a38.fffe.b34e68,128,248,254,65535,128,1,160,BOOTING,-1,False,False,False,False,0,healthy
314.217082185,mixed_pdv_loss_holdover,757.0,757.0,2855.0,0.0,0.0,6.0,2.0,1.5,0.0,0.0,0.0,20.0,4,2093,Sync,0.0,c29a38.fffe.b34e68,128,248,254,65535,128,1,160,BOOTING,-1,False,False,False,False,0,healthy
314.330644443,mixed_pdv_loss_holdover,757.0,757.0,2855.0,0.0,0.0,6.0,2.0,1.5,0.0,0.0,0.0,20.0,4,2094,Sync,0.0,c29a38.fffe.b34e68,128,248,254,65535,128,1,160,BOOTING,-1,False,False,False,False,0,healthy
314.550465326,mixed_pdv_loss_holdover,757.0,757.0,2855.0,0.0,0.0,6.0,2.0,1.5,0.0,0.0,0.0,20.0,4,2095,Sync,0.0,c29a38.fffe.b34e68,128,248,254,65535,128,1,160,BOOTING,-1,False,False,False,False,0,healthy
314.68720990099996,mixed_pdv_loss_holdover,757.0,757.0,2855.0,0.0,0.0,6.0,2.0,1.5,0.0,0.0,0.0,20.0,4,2096,Sync,0.0,c29a38.fffe.b34e68,128,248,254,65535,128,1,160,BOOTING,-1,False,False,False,False,0,healthy
314.804523068,mixed_pdv_loss_holdover,757.0,757.0,2855.0,0.0,0.0,6.0,2.0,1.5,0.0,0.0,0.0,20.0,4,2097,Sync,0.0,c29a38.fffe.b34e68,128,248,254,65535,128,1,160,BOOTING,-1,False,False,False,False,0,healthy
314.987660051,mixed_pdv_loss_holdover,757.0,757.0,2855.0,0.0,0.0,6.0,2.0,1.5,0.0,0.0,0.0,20.0,4,2098,Sync,0.0,c29a38.fffe.b34e68,128,248,254,65535,128,1,160,BOOTING,-1,False,False,False,False,0,healthy
315.099464051,mixed_pdv_loss_holdover,757.0,757.0,2855.0,0.0,0.0,6.0,2.0,1.5,0.0,0.0,0.0,20.0,4,2099,Sync,0.0,c29a38.fffe.b34e68,128,248,254,65535,128,1,160,BOOTING,-1,False,False,False,False,0,healthy
315.36850324299996,mixed_pdv_loss_holdover,757.0,757.0,2855.0,0.0,0.0,6.0,2.0,1.5,0.0,0.0,0.0,20.0,4,2100,Sync,0.0,c29a38.fffe.b34e68,128,248,254,65535,128,1,160,BOOTING,-1,False,False,False,False,0,healthy
315.56634576,mixed_pdv_loss_holdover,757.0,757.0,2855.0,0.0,0.0,6.0,2.0,1.5,0.0,0.0,0.0,20.0,4,2101,Sync,0.0,c29a38.fffe.b34e68,128,248,254,65535,128,1,160,BOOTING,-1,False,False,False,False,0,healthy
315.67705376799995,mixed_pdv_loss_holdover,757.0,757.0,2855.0,0.0,0.0,6.0,2.0,1.5,0.0,0.0,0.0,20.0,4,2102,Sync,0.0,c29a38.fffe.b34e68,128,248,254,65535,128,1,160,BOOTING,-1,False,False,False,False,0,healthy
315.79146626799997,mixed_pdv_loss_holdover,757.0,757.0,2855.0,0.0,0.0,6.0,2.0,1.5,0.0,0.0,0.0,20.0,4,2103,Sync,0.0,c29a38.fffe.b34e68,128,248,254,65535,128,1,160,BOOTING,-1,False,False,False,False,0,healthy
315.90668946799997,mixed_pdv_loss_holdover,757.0,757.0,2855.0,0.0,0.0,6.0,2.0,1.5,0.0,0.0,0.0,20.0,4,2104,Sync,0.0,c29a38.fffe.b34e68,128,248,254,65535,128,1,160,BOOTING,-1,False,False,False,False,0,healthy
316.01891436799997,mixed_pdv_loss_holdover,757.0,757.0,2855.0,0.0,0.0,6.0,2.0,1.5,0.0,0.0,0.0,20.0,4,2105,Sync,0.0,c29a38.fffe.b34e68,128,248,254,65535,128,1,160,BOOTING,-1,False,False,False,False,0,healthy
316.20340386799995,mixed_pdv_loss_holdover,757.0,757.0,2855.0,0.0,0.0,6.0,2.0,1.5,0.0,0.0,0.0,20.0,4,2106,Sync,0.0,c29a38.fffe.b34e68,128,248,254,65535,128,1,160,BOOTING,-1,False,False,False,False,0,healthy
316.314775768,mixed_pdv_loss_holdover,757.0,757.0,2855.0,0.0,0.0,6.0,2.0,1.5,0.0,0.0,0.0,20.0,4,2107,Sync,0.0,c29a38.fffe.b34e68,128,248,254,65535,128,1,160,BOOTING,-1,False,False,False,False,0,healthy
316.428812468,mixed_pdv_loss_holdover,757.0,757.0,2855.0,0.0,0.0,6.0,2.0,1.5,0.0,0.0,0.0,20.0,4,2108,Sync,0.0,c29a38.fffe.b34e68,128,248,254,65535,128,1,160,BOOTING,-1,False,False,False,False,0,healthy
316.58176016799996,mixed_pdv_loss_holdover,757.0,757.0,2855.0,0.0,0.0,6.0,2.0,1.5,0.0,0.0,0.0,20.0,4,2109,Sync,0.0,c29a38.fffe.b34e68,128,248,254,65535,128,1,160,BOOTING,-1,False,False,False,False,0,healthy
316.69413626799997,mixed_pdv_loss_holdover,757.0,757.0,2855.0,0.0,0.0,6.0,2.0,1.5,0.0,0.0,0.0,20.0,4,2110,Sync,0.0,c29a38.fffe.b34e68,128,248,254,65535,128,1,160,BOOTING,-1,False,False,False,False,0,healthy
316.83451986899996,mixed_pdv_loss_holdover,757.0,757.0,2855.0,0.0,0.0,6.0,2.0,1.5,0.0,0.0,0.0,20.0,4,2111,Sync,0.0,c29a38.fffe.b34e68,128,248,254,65535,128,1,160,BOOTING,-1,False,False,False,False,0,healthy
317.02346696899997,mixed_pdv_loss_holdover,757.0,757.0,2855.0,0.0,0.0,6.0,2.0,1.5,0.0,0.0,0.0,20.0,4,2112,Sync,0.0,c29a38.fffe.b34e68,128,248,254,65535,128,1,160,BOOTING,-1,False,False,False,False,0,healthy
317.13768296899997,mixed_pdv_loss_holdover,757.0,757.0,2855.0,0.0,0.0,6.0,2.0,1.5,0.0,0.0,0.0,20.0,4,2113,Sync,0.0,c29a38.fffe.b34e68,128,248,254,65535,128,1,160,BOOTING,-1,False,False,False,False,0,healthy
317.30150146899996,mixed_pdv_loss_holdover,757.0,757.0,2855.0,0.0,0.0,6.0,2.0,1.5,0.0,0.0,0.0,20.0,4,2114,Sync,0.0,c29a38.fffe.b34e68,128,248,254,65535,128,1,160,BOOTING,-1,False,False,False,False,0,healthy
317.432656169,mixed_pdv_loss_holdover,757.0,757.0,2855.0,0.0,0.0,6.0,2.0,1.5,0.0,0.0,0.0,20.0,4,2115,Sync,0.0,c29a38.fffe.b34e68,128,248,254,65535,128,1,160,BOOTING,-1,False,False,False,False,0,healthy
317.543060869,mixed_pdv_loss_holdover,757.0,757.0,2855.0,0.0,0.0,6.0,2.0,1.5,0.0,0.0,0.0,20.0,4,2116,Sync,0.0,c29a38.fffe.b34e68,128,248,254,65535,128,1,160,BOOTING,-1,False,False,False,False,0,healthy
317.653504694,mixed_pdv_loss_holdover,757.0,757.0,2855.0,0.0,0.0,6.0,2.0,1.5,0.0,0.0,0.0,20.0,4,2117,Sync,0.0,c29a38.fffe.b34e68,128,248,254,65535,128,1,160,BOOTING,-1,False,False,False,False,0,healthy
317.916805185,mixed_pdv_loss_holdover,757.0,757.0,2855.0,0.0,0.0,6.0,2.0,1.5,0.0,0.0,0.0,20.0,4,2118,Sync,0.0,c29a38.fffe.b34e68,128,248,254,65535,128,1,160,BOOTING,-1,False,False,False,False,0,healthy
318.028080177,mixed_pdv_loss_holdover,757.0,757.0,2855.0,0.0,0.0,6.0,2.0,1.5,0.0,0.0,0.0,20.0,4,2119,Sync,0.0,c29a38.fffe.b34e68,128,248,254,65535,128,1,160,BOOTING,-1,False,False,False,False,0,healthy
318.142301427,mixed_pdv_loss_holdover,757.0,757.0,2855.0,0.0,0.0,6.0,2.0,1.5,0.0,0.0,0.0,20.0,4,2120,Sync,0.0,c29a38.fffe.b34e68,128,248,254,65535,128,1,160,BOOTING,-1,False,False,False,False,0,healthy
318.25686166099996,mixed_pdv_loss_holdover,757.0,757.0,2855.0,0.0,0.0,6.0,2.0,1.5,0.0,0.0,0.0,20.0,4,2121,Sync,0.0,c29a38.fffe.b34e68,128,248,254,65535,128,1,160,BOOTING,-1,False,False,False,False,0,healthy
318.37308894399996,mixed_pdv_loss_holdover,757.0,757.0,2855.0,0.0,0.0,6.0,2.0,1.5,0.0,0.0,0.0,20.0,4,2122,Sync,0.0,c29a38.fffe.b34e68,128,248,254,65535,128,1,160,BOOTING,-1,False,False,False,False,0,healthy
318.487872202,mixed_pdv_loss_holdover,757.0,757.0,2855.0,0.0,0.0,6.0,2.0,1.5,0.0,0.0,0.0,20.0,4,2123,Sync,0.0,c29a38.fffe.b34e68,128,248,254,65535,128,1,160,BOOTING,-1,False,False,False,False,0,healthy
318.629286461,mixed_pdv_loss_holdover,757.0,757.0,2855.0,0.0,0.0,6.0,2.0,1.5,0.0,0.0,0.0,20.0,4,2124,Sync,0.0,c29a38.fffe.b34e68,128,248,254,65535,128,1,160,BOOTING,-1,False,False,False,False,0,healthy
318.750041802,mixed_pdv_loss_holdover,757.0,757.0,2855.0,0.0,0.0,6.0,2.0,1.5,0.0,0.0,0.0,20.0,4,2125,Sync,0.0,c29a38.fffe.b34e68,128,248,254,65535,128,1,160,BOOTING,-1,False,False,False,False,0,healthy
318.862030602,mixed_pdv_loss_holdover,757.0,757.0,2855.0,0.0,0.0,6.0,2.0,1.5,0.0,0.0,0.0,20.0,4,2126,Sync,0.0,c29a38.fffe.b34e68,128,248,254,65535,128,1,160,BOOTING,-1,False,False,False,False,0,healthy
319.03866236899995,mixed_pdv_loss_holdover,757.0,757.0,2855.0,0.0,0.0,6.0,2.0,1.5,0.0,0.0,0.0,20.0,4,2127,Sync,0.0,c29a38.fffe.b34e68,128,248,254,65535,128,1,160,BOOTING,-1,False,False,False,False,0,healthy
319.152018469,mixed_pdv_loss_holdover,757.0,757.0,2855.0,0.0,0.0,6.0,2.0,1.5,0.0,0.0,0.0,20.0,4,2128,Sync,0.0,c29a38.fffe.b34e68,128,248,254,65535,128,1,160,BOOTING,-1,False,False,False,False,0,healthy
319.270609102,mixed_pdv_loss_holdover,757.0,757.0,2855.0,0.0,0.0,6.0,2.0,1.5,0.0,0.0,0.0,20.0,4,2129,Sync,0.0,c29a38.fffe.b34e68,128,248,254,65535,128,1,160,BOOTING,-1,False,False,False,False,0,healthy
319.409523794,mixed_pdv_loss_holdover,757.0,757.0,2855.0,0.0,0.0,6.0,2.0,1.5,0.0,0.0,0.0,20.0,4,2130,Sync,0.0,c29a38.fffe.b34e68,128,248,254,65535,128,1,160,BOOTING,-1,False,False,False,False,0,healthy
319.522605077,mixed_pdv_loss_holdover,757.0,757.0,2855.0,0.0,0.0,6.0,2.0,1.5,0.0,0.0,0.0,20.0,4,2131,Sync,0.0,c29a38.fffe.b34e68,128,248,254,65535,128,1,160,BOOTING,-1,False,False,False,False,0,healthy
319.72039479399996,mixed_pdv_loss_holdover,757.0,757.0,2855.0,0.0,0.0,6.0,2.0,1.5,0.0,0.0,0.0,20.0,4,2132,Sync,0.0,c29a38.fffe.b34e68,128,248,254,65535,128,1,160,BOOTING,-1,False,False,False,False,0,healthy
319.839077369,mixed_pdv_loss_holdover,757.0,757.0,2855.0,0.0,0.0,6.0,2.0,1.5,0.0,0.0,0.0,20.0,4,2133,Sync,0.0,c29a38.fffe.b34e68,128,248,254,65535,128,1,160,BOOTING,-1,False,False,False,False,0,healthy
319.95066558599996,mixed_pdv_loss_holdover,757.0,757.0,2855.0,0.0,0.0,6.0,2.0,1.5,0.0,0.0,0.0,20.0,4,2134,Sync,0.0,c29a38.fffe.b34e68,128,248,254,65535,128,1,160,BOOTING,-1,False,False,False,False,0,healthy
320.06191582699995,mixed_pdv_loss_holdover,757.0,757.0,2855.0,0.0,0.0,6.0,2.0,1.5,0.0,0.0,0.0,20.0,4,2135,Sync,0.0,c29a38.fffe.b34e68,128,248,254,65535,128,1,160,BOOTING,-1,False,False,False,False,0,healthy
320.210281444,mixed_pdv_loss_holdover,757.0,757.0,2855.0,0.0,0.0,6.0,2.0,1.5,0.0,0.0,0.0,20.0,4,2136,Sync,0.0,c29a38.fffe.b34e68,128,248,254,65535,128,1,160,BOOTING,-1,False,False,False,False,0,healthy
320.325492327,mixed_pdv_loss_holdover,757.0,757.0,2855.0,0.0,0.0,6.0,2.0,1.5,0.0,0.0,0.0,20.0,4,2137,Sync,0.0,c29a38.fffe.b34e68,128,248,254,65535,128,1,160,BOOTING,-1,False,False,False,False,0,healthy
320.461930919,mixed_pdv_loss_holdover,757.0,757.0,2855.0,0.0,0.0,6.0,2.0,1.5,0.0,0.0,0.0,20.0,4,2138,Sync,0.0,c29a38.fffe.b34e68,128,248,254,65535,128,1,160,BOOTING,-1,False,False,False,False,0,healthy
320.631516911,mixed_pdv_loss_holdover,757.0,757.0,2855.0,0.0,0.0,6.0,2.0,1.5,0.0,0.0,0.0,20.0,4,2139,Sync,0.0,c29a38.fffe.b34e68,128,248,254,65535,128,1,160,BOOTING,-1,False,False,False,False,0,healthy
320.744951936,mixed_pdv_loss_holdover,757.0,757.0,2855.0,0.0,0.0,6.0,2.0,1.5,0.0,0.0,0.0,20.0,4,2140,Sync,0.0,c29a38.fffe.b34e68,128,248,254,65535,128,1,160,BOOTING,-1,False,False,False,False,0,healthy
320.910077427,mixed_pdv_loss_holdover,757.0,757.0,2855.0,0.0,0.0,6.0,2.0,1.5,0.0,0.0,0.0,20.0,4,2141,Sync,0.0,c29a38.fffe.b34e68,128,248,254,65535,128,1,160,BOOTING,-1,False,False,False,False,0,healthy
321.027323219,mixed_pdv_loss_holdover,757.0,757.0,2855.0,0.0,0.0,6.0,2.0,1.5,0.0,0.0,0.0,20.0,4,2142,Sync,0.0,c29a38.fffe.b34e68,128,248,254,65535,128,1,160,BOOTING,-1,False,False,False,False,0,healthy
321.144186394,mixed_pdv_loss_holdover,757.0,757.0,2855.0,0.0,0.0,6.0,2.0,1.5,0.0,0.0,0.0,20.0,4,2143,Sync,0.0,c29a38.fffe.b34e68,128,248,254,65535,128,1,160,BOOTING,-1,False,False,False,False,0,healthy
321.26045621099996,mixed_pdv_loss_holdover,757.0,757.0,2855.0,0.0,0.0,6.0,2.0,1.5,0.0,0.0,0.0,20.0,4,2144,Sync,0.0,c29a38.fffe.b34e68,128,248,254,65535,128,1,160,BOOTING,-1,False,False,False,False,0,healthy
321.450090711,mixed_pdv_loss_holdover,757.0,757.0,2855.0,0.0,0.0,6.0,2.0,1.5,0.0,0.0,0.0,20.0,4,2145,Sync,0.0,c29a38.fffe.b34e68,128,248,254,65535,128,1,160,BOOTING,-1,False,False,False,False,0,healthy
321.56490001099996,mixed_pdv_loss_holdover,757.0,757.0,2855.0,0.0,0.0,6.0,2.0,1.5,0.0,0.0,0.0,20.0,4,2146,Sync,0.0,c29a38.fffe.b34e68,128,248,254,65535,128,1,160,BOOTING,-1,False,False,False,False,0,healthy
321.753441711,mixed_pdv_loss_holdover,757.0,757.0,2855.0,0.0,0.0,6.0,2.0,1.5,0.0,0.0,0.0,20.0,4,2147,Sync,0.0,c29a38.fffe.b34e68,128,248,254,65535,128,1,160,BOOTING,-1,False,False,False,False,0,healthy
321.90580541099996,mixed_pdv_loss_holdover,757.0,757.0,2855.0,0.0,0.0,6.0,2.0,1.5,0.0,0.0,0.0,20.0,4,2148,Sync,0.0,c29a38.fffe.b34e68,128,248,254,65535,128,1,160,BOOTING,-1,False,False,False,False,0,healthy
322.019047011,mixed_pdv_loss_holdover,757.0,757.0,2855.0,0.0,0.0,6.0,2.0,1.5,0.0,0.0,0.0,20.0,4,2149,Sync,0.0,c29a38.fffe.b34e68,128,248,254,65535,128,1,160,BOOTING,-1,False,False,False,False,0,healthy
322.130995811,mixed_pdv_loss_holdover,757.0,757.0,2855.0,0.0,0.0,6.0,2.0,1.5,0.0,0.0,0.0,20.0,4,2150,Sync,0.0,c29a38.fffe.b34e68,128,248,254,65535,128,1,160,BOOTING,-1,False,False,False,False,0,healthy
322.24258961099997,mixed_pdv_loss_holdover,757.0,757.0,2855.0,0.0,0.0,6.0,2.0,1.5,0.0,0.0,0.0,20.0,4,2151,Sync,0.0,c29a38.fffe.b34e68,128,248,254,65535,128,1,160,BOOTING,-1,False,False,False,False,0,healthy
322.404996111,mixed_pdv_loss_holdover,757.0,757.0,2855.0,0.0,0.0,6.0,2.0,1.5,0.0,0.0,0.0,20.0,4,2152,Sync,0.0,c29a38.fffe.b34e68,128,248,254,65535,128,1,160,BOOTING,-1,False,False,False,False,0,healthy
322.518258211,mixed_pdv_loss_holdover,757.0,757.0,2855.0,0.0,0.0,6.0,2.0,1.5,0.0,0.0,0.0,20.0,4,2153,Sync,0.0,c29a38.fffe.b34e68,128,248,254,65535,128,1,160,BOOTING,-1,False,False,False,False,0,healthy
322.660419811,mixed_pdv_loss_holdover,757.0,757.0,2855.0,0.0,0.0,6.0,2.0,1.5,0.0,0.0,0.0,20.0,4,2154,Sync,0.0,c29a38.fffe.b34e68,128,248,254,65535,128,1,160,BOOTING,-1,False,False,False,False,0,healthy
322.874978311,mixed_pdv_loss_holdover,757.0,757.0,2855.0,0.0,0.0,6.0,2.0,1.5,0.0,0.0,0.0,20.0,4,2155,Sync,0.0,c29a38.fffe.b34e68,128,248,254,65535,128,1,160,BOOTING,-1,False,False,False,False,0,healthy
322.992515111,mixed_pdv_loss_holdover,757.0,757.0,2855.0,0.0,0.0,6.0,2.0,1.5,0.0,0.0,0.0,20.0,4,2156,Sync,0.0,c29a38.fffe.b34e68,128,248,254,65535,128,1,160,BOOTING,-1,False,False,False,False,0,healthy
323.214389611,mixed_pdv_loss_holdover,757.0,757.0,2855.0,0.0,0.0,6.0,2.0,1.5,0.0,0.0,0.0,20.0,4,2157,Sync,0.0,c29a38.fffe.b34e68,128,248,254,65535,128,1,160,BOOTING,-1,False,False,False,False,0,healthy
323.440555512,mixed_pdv_loss_holdover,757.0,757.0,2855.0,0.0,0.0,6.0,2.0,1.5,0.0,0.0,0.0,20.0,4,2158,Sync,0.0,c29a38.fffe.b34e68,128,248,254,65535,128,1,160,BOOTING,-1,False,False,False,False,0,healthy
323.555227812,mixed_pdv_loss_holdover,757.0,757.0,2855.0,0.0,0.0,6.0,2.0,1.5,0.0,0.0,0.0,20.0,4,2159,Sync,0.0,c29a38.fffe.b34e68,128,248,254,65535,128,1,160,BOOTING,-1,False,False,False,False,0,healthy
323.67043621199997,mixed_pdv_loss_holdover,757.0,757.0,2855.0,0.0,0.0,6.0,2.0,1.5,0.0,0.0,0.0,20.0,4,2160,Sync,0.0,c29a38.fffe.b34e68,128,248,254,65535,128,1,160,BOOTING,-1,False,False,False,False,0,healthy
323.788596812,mixed_pdv_loss_holdover,757.0,757.0,2855.0,0.0,0.0,6.0,2.0,1.5,0.0,0.0,0.0,20.0,4,2161,Sync,0.0,c29a38.fffe.b34e68,128,248,254,65535,128,1,160,BOOTING,-1,False,False,False,False,0,healthy
323.90335551199996,mixed_pdv_loss_holdover,757.0,757.0,2855.0,0.0,0.0,6.0,2.0,1.5,0.0,0.0,0.0,20.0,4,2162,Sync,0.0,c29a38.fffe.b34e68,128,248,254,65535,128,1,160,BOOTING,-1,False,False,False,False,0,healthy
324.079379412,mixed_pdv_loss_holdover,757.0,757.0,2855.0,0.0,0.0,6.0,2.0,1.5,0.0,0.0,0.0,20.0,4,2163,Sync,0.0,c29a38.fffe.b34e68,128,248,254,65535,128,1,160,BOOTING,-1,False,False,False,False,0,healthy
324.26542791199995,mixed_pdv_loss_holdover,757.0,757.0,2855.0,0.0,0.0,6.0,2.0,1.5,0.0,0.0,0.0,20.0,4,2164,Sync,0.0,c29a38.fffe.b34e68,128,248,254,65535,128,1,160,BOOTING,-1,False,False,False,False,0,healthy
324.380348612,mixed_pdv_loss_holdover,757.0,757.0,2855.0,0.0,0.0,6.0,2.0,1.5,0.0,0.0,0.0,20.0,4,2165,Sync,0.0,c29a38.fffe.b34e68,128,248,254,65535,128,1,160,BOOTING,-1,False,False,False,False,0,healthy
324.49658981199997,mixed_pdv_loss_holdover,757.0,757.0,2855.0,0.0,0.0,6.0,2.0,1.5,0.0,0.0,0.0,20.0,4,2166,Sync,0.0,c29a38.fffe.b34e68,128,248,254,65535,128,1,160,BOOTING,-1,False,False,False,False,0,healthy
324.68520161199996,mixed_pdv_loss_holdover,757.0,757.0,2855.0,0.0,0.0,6.0,2.0,1.5,0.0,0.0,0.0,20.0,4,2167,Sync,0.0,c29a38.fffe.b34e68,128,248,254,65535,128,1,160,BOOTING,-1,False,False,False,False,0,healthy
324.87639211199996,mixed_pdv_loss_holdover,757.0,757.0,2855.0,0.0,0.0,6.0,2.0,1.5,0.0,0.0,0.0,20.0,4,2168,Sync,0.0,c29a38.fffe.b34e68,128,248,254,65535,128,1,160,BOOTING,-1,False,False,False,False,0,healthy
325.087295312,mixed_pdv_loss_holdover,757.0,757.0,2855.0,0.0,0.0,6.0,2.0,1.5,0.0,0.0,0.0,20.0,4,2169,Sync,0.0,c29a38.fffe.b34e68,128,248,254,65535,128,1,160,BOOTING,-1,False,False,False,False,0,healthy
325.210549412,mixed_pdv_loss_holdover,757.0,757.0,2855.0,0.0,0.0,6.0,2.0,1.5,0.0,0.0,0.0,20.0,4,2170,Sync,0.0,c29a38.fffe.b34e68,128,248,254,65535,128,1,160,BOOTING,-1,False,False,False,False,0,healthy
325.331721012,mixed_pdv_loss_holdover,757.0,757.0,2855.0,0.0,0.0,6.0,2.0,1.5,0.0,0.0,0.0,20.0,4,2171,Sync,0.0,c29a38.fffe.b34e68,128,248,254,65535,128,1,160,BOOTING,-1,False,False,False,False,0,healthy
325.44640731299995,mixed_pdv_loss_holdover,757.0,757.0,2855.0,0.0,0.0,6.0,2.0,1.5,0.0,0.0,0.0,20.0,4,2172,Sync,0.0,c29a38.fffe.b34e68,128,248,254,65535,128,1,160,BOOTING,-1,False,False,False,False,0,healthy
325.60826861299995,mixed_pdv_loss_holdover,757.0,757.0,2855.0,0.0,0.0,6.0,2.0,1.5,0.0,0.0,0.0,20.0,4,2173,Sync,0.0,c29a38.fffe.b34e68,128,248,254,65535,128,1,160,BOOTING,-1,False,False,False,False,0,healthy
325.73017245399996,mixed_pdv_loss_holdover,757.0,757.0,2855.0,0.0,0.0,6.0,2.0,1.5,0.0,0.0,0.0,20.0,4,2174,Sync,0.0,c29a38.fffe.b34e68,128,248,254,65535,128,1,160,BOOTING,-1,False,False,False,False,0,healthy
325.905499621,mixed_pdv_loss_holdover,757.0,757.0,2855.0,0.0,0.0,6.0,2.0,1.5,0.0,0.0,0.0,20.0,4,2175,Sync,0.0,c29a38.fffe.b34e68,128,248,254,65535,128,1,160,BOOTING,-1,False,False,False,False,0,healthy
326.091823579,mixed_pdv_loss_holdover,757.0,757.0,2855.0,0.0,0.0,6.0,2.0,1.5,0.0,0.0,0.0,20.0,4,2176,Sync,0.0,c29a38.fffe.b34e68,128,248,254,65535,128,1,160,BOOTING,-1,False,False,False,False,0,healthy
326.203146329,mixed_pdv_loss_holdover,757.0,757.0,2855.0,0.0,0.0,6.0,2.0,1.5,0.0,0.0,0.0,20.0,4,2177,Sync,0.0,c29a38.fffe.b34e68,128,248,254,65535,128,1,160,BOOTING,-1,False,False,False,False,0,healthy
326.316281421,mixed_pdv_loss_holdover,757.0,757.0,2855.0,0.0,0.0,6.0,2.0,1.5,0.0,0.0,0.0,20.0,4,2178,Sync,0.0,c29a38.fffe.b34e68,128,248,254,65535,128,1,160,BOOTING,-1,False,False,False,False,0,healthy
326.428514238,mixed_pdv_loss_holdover,757.0,757.0,2855.0,0.0,0.0,6.0,2.0,1.5,0.0,0.0,0.0,20.0,4,2179,Sync,0.0,c29a38.fffe.b34e68,128,248,254,65535,128,1,160,BOOTING,-1,False,False,False,False,0,healthy
326.69576198799996,mixed_pdv_loss_holdover,757.0,757.0,2855.0,0.0,0.0,6.0,2.0,1.5,0.0,0.0,0.0,20.0,4,2180,Sync,0.0,c29a38.fffe.b34e68,128,248,254,65535,128,1,160,BOOTING,-1,False,False,False,False,0,healthy
326.807763621,mixed_pdv_loss_holdover,757.0,757.0,2855.0,0.0,0.0,6.0,2.0,1.5,0.0,0.0,0.0,20.0,4,2181,Sync,0.0,c29a38.fffe.b34e68,128,248,254,65535,128,1,160,BOOTING,-1,False,False,False,False,0,healthy
326.944697671,mixed_pdv_loss_holdover,757.0,757.0,2855.0,0.0,0.0,6.0,2.0,1.5,0.0,0.0,0.0,20.0,4,2182,Sync,0.0,c29a38.fffe.b34e68,128,248,254,65535,128,1,160,BOOTING,-1,False,False,False,False,0,healthy
327.05551047899996,mixed_pdv_loss_holdover,757.0,757.0,2855.0,0.0,0.0,6.0,2.0,1.5,0.0,0.0,0.0,20.0,4,2183,Sync,0.0,c29a38.fffe.b34e68,128,248,254,65535,128,1,160,BOOTING,-1,False,False,False,False,0,healthy
327.166806921,mixed_pdv_loss_holdover,757.0,757.0,2855.0,0.0,0.0,6.0,2.0,1.5,0.0,0.0,0.0,20.0,4,2184,Sync,0.0,c29a38.fffe.b34e68,128,248,254,65535,128,1,160,BOOTING,-1,False,False,False,False,0,healthy
327.278635121,mixed_pdv_loss_holdover,757.0,757.0,2855.0,0.0,0.0,6.0,2.0,1.5,0.0,0.0,0.0,20.0,4,2185,Sync,0.0,c29a38.fffe.b34e68,128,248,254,65535,128,1,160,BOOTING,-1,False,False,False,False,0,healthy
327.45753233799996,mixed_pdv_loss_holdover,757.0,757.0,2855.0,0.0,0.0,6.0,2.0,1.5,0.0,0.0,0.0,20.0,4,2186,Sync,0.0,c29a38.fffe.b34e68,128,248,254,65535,128,1,160,BOOTING,-1,False,False,False,False,0,healthy
327.634320946,mixed_pdv_loss_holdover,757.0,757.0,2855.0,0.0,0.0,6.0,2.0,1.5,0.0,0.0,0.0,20.0,4,2187,Sync,0.0,c29a38.fffe.b34e68,128,248,254,65535,128,1,160,BOOTING,-1,False,False,False,False,0,healthy
327.748770629,mixed_pdv_loss_holdover,757.0,757.0,2855.0,0.0,0.0,6.0,2.0,1.5,0.0,0.0,0.0,20.0,4,2188,Sync,0.0,c29a38.fffe.b34e68,128,248,254,65535,128,1,160,BOOTING,-1,False,False,False,False,0,healthy
327.895795621,mixed_pdv_loss_holdover,757.0,757.0,2855.0,0.0,0.0,6.0,2.0,1.5,0.0,0.0,0.0,20.0,4,2189,Sync,0.0,c29a38.fffe.b34e68,128,248,254,65535,128,1,160,BOOTING,-1,False,False,False,False,0,healthy
328.029294829,mixed_pdv_loss_holdover,757.0,757.0,2855.0,0.0,0.0,6.0,2.0,1.5,0.0,0.0,0.0,20.0,4,2190,Sync,0.0,c29a38.fffe.b34e68,128,248,254,65535,128,1,160,BOOTING,-1,False,False,False,False,0,healthy
328.182748038,mixed_pdv_loss_holdover,757.0,757.0,2855.0,0.0,0.0,6.0,2.0,1.5,0.0,0.0,0.0,20.0,4,2191,Sync,0.0,c29a38.fffe.b34e68,128,248,254,65535,128,1,160,BOOTING,-1,False,False,False,False,0,healthy
328.294819063,mixed_pdv_loss_holdover,757.0,757.0,2855.0,0.0,0.0,6.0,2.0,1.5,0.0,0.0,0.0,20.0,4,2192,Sync,0.0,c29a38.fffe.b34e68,128,248,254,65535,128,1,160,BOOTING,-1,False,False,False,False,0,healthy
328.426608779,mixed_pdv_loss_holdover,757.0,757.0,2855.0,0.0,0.0,6.0,2.0,1.5,0.0,0.0,0.0,20.0,4,2193,Sync,0.0,c29a38.fffe.b34e68,128,248,254,65535,128,1,160,BOOTING,-1,False,False,False,False,0,healthy
328.545479271,mixed_pdv_loss_holdover,757.0,757.0,2855.0,0.0,0.0,6.0,2.0,1.5,0.0,0.0,0.0,20.0,4,2194,Sync,0.0,c29a38.fffe.b34e68,128,248,254,65535,128,1,160,BOOTING,-1,False,False,False,False,0,healthy
328.659906471,mixed_pdv_loss_holdover,757.0,757.0,2855.0,0.0,0.0,6.0,2.0,1.5,0.0,0.0,0.0,20.0,4,2195,Sync,0.0,c29a38.fffe.b34e68,128,248,254,65535,128,1,160,BOOTING,-1,False,False,False,False,0,healthy
328.79224457099997,mixed_pdv_loss_holdover,757.0,757.0,2855.0,0.0,0.0,6.0,2.0,1.5,0.0,0.0,0.0,20.0,4,2196,Sync,0.0,c29a38.fffe.b34e68,128,248,254,65535,128,1,160,BOOTING,-1,False,False,False,False,0,healthy
328.913666471,mixed_pdv_loss_holdover,757.0,757.0,2855.0,0.0,0.0,6.0,2.0,1.5,0.0,0.0,0.0,20.0,4,2197,Sync,0.0,c29a38.fffe.b34e68,128,248,254,65535,128,1,160,BOOTING,-1,False,False,False,False,0,healthy
329.063374771,mixed_pdv_loss_holdover,757.0,757.0,2855.0,0.0,0.0,6.0,2.0,1.5,0.0,0.0,0.0,20.0,4,2198,Sync,0.0,c29a38.fffe.b34e68,128,248,254,65535,128,1,160,BOOTING,-1,False,False,False,False,0,healthy
329.235974271,mixed_pdv_loss_holdover,757.0,757.0,2855.0,0.0,0.0,6.0,2.0,1.5,0.0,0.0,0.0,20.0,4,2199,Sync,0.0,c29a38.fffe.b34e68,128,248,254,65535,128,1,160,BOOTING,-1,False,False,False,False,0,healthy
329.34838797099997,mixed_pdv_loss_holdover,757.0,757.0,2855.0,0.0,0.0,6.0,2.0,1.5,0.0,0.0,0.0,20.0,4,2200,Sync,0.0,c29a38.fffe.b34e68,128,248,254,65535,128,1,160,BOOTING,-1,False,False,False,False,0,healthy
329.464263271,mixed_pdv_loss_holdover,757.0,757.0,2855.0,0.0,0.0,6.0,2.0,1.5,0.0,0.0,0.0,20.0,4,2201,Sync,0.0,c29a38.fffe.b34e68,128,248,254,65535,128,1,160,BOOTING,-1,False,False,False,False,0,healthy
329.60022307099996,mixed_pdv_loss_holdover,757.0,757.0,2855.0,0.0,0.0,6.0,2.0,1.5,0.0,0.0,0.0,20.0,4,2202,Sync,0.0,c29a38.fffe.b34e68,128,248,254,65535,128,1,160,BOOTING,-1,False,False,False,False,0,healthy
329.720917871,mixed_pdv_loss_holdover,757.0,757.0,2855.0,0.0,0.0,6.0,2.0,1.5,0.0,0.0,0.0,20.0,4,2203,Sync,0.0,c29a38.fffe.b34e68,128,248,254,65535,128,1,160,BOOTING,-1,False,False,False,False,0,healthy
329.94278237099996,mixed_pdv_loss_holdover,757.0,757.0,2855.0,0.0,0.0,6.0,2.0,1.5,0.0,0.0,0.0,20.0,4,2204,Sync,0.0,c29a38.fffe.b34e68,128,248,254,65535,128,1,160,BOOTING,-1,False,False,False,False,0,healthy
330.217207771,mixed_pdv_loss_holdover,757.0,757.0,2855.0,0.0,0.0,6.0,2.0,1.5,0.0,0.0,0.0,20.0,4,2205,Sync,0.0,c29a38.fffe.b34e68,128,248,254,65535,128,1,160,BOOTING,-1,False,False,False,False,0,healthy
330.331507571,mixed_pdv_loss_holdover,757.0,757.0,2855.0,0.0,0.0,6.0,2.0,1.5,0.0,0.0,0.0,20.0,4,2206,Sync,0.0,c29a38.fffe.b34e68,128,248,254,65535,128,1,160,BOOTING,-1,False,False,False,False,0,healthy
330.444186871,mixed_pdv_loss_holdover,757.0,757.0,2855.0,0.0,0.0,6.0,2.0,1.5,0.0,0.0,0.0,20.0,4,2207,Sync,0.0,c29a38.fffe.b34e68,128,248,254,65535,128,1,160,BOOTING,-1,False,False,False,False,0,healthy
330.556127071,mixed_pdv_loss_holdover,757.0,757.0,2855.0,0.0,0.0,6.0,2.0,1.5,0.0,0.0,0.0,20.0,4,2208,Sync,0.0,c29a38.fffe.b34e68,128,248,254,65535,128,1,160,BOOTING,-1,False,False,False,False,0,healthy
330.667543471,mixed_pdv_loss_holdover,757.0,757.0,2855.0,0.0,0.0,6.0,2.0,1.5,0.0,0.0,0.0,20.0,4,2209,Sync,0.0,c29a38.fffe.b34e68,128,248,254,65535,128,1,160,BOOTING,-1,False,False,False,False,0,healthy
330.80005527099996,mixed_pdv_loss_holdover,757.0,757.0,2855.0,0.0,0.0,6.0,2.0,1.5,0.0,0.0,0.0,20.0,4,2210,Sync,0.0,c29a38.fffe.b34e68,128,248,254,65535,128,1,160,BOOTING,-1,False,False,False,False,0,healthy
330.91311897099996,mixed_pdv_loss_holdover,757.0,757.0,2855.0,0.0,0.0,6.0,2.0,1.5,0.0,0.0,0.0,20.0,4,2211,Sync,0.0,c29a38.fffe.b34e68,128,248,254,65535,128,1,160,BOOTING,-1,False,False,False,False,0,healthy
331.040353671,mixed_pdv_loss_holdover,757.0,757.0,2855.0,0.0,0.0,6.0,2.0,1.5,0.0,0.0,0.0,20.0,4,2212,Sync,0.0,c29a38.fffe.b34e68,128,248,254,65535,128,1,160,BOOTING,-1,False,False,False,False,0,healthy
331.231918071,mixed_pdv_loss_holdover,757.0,757.0,2855.0,0.0,0.0,6.0,2.0,1.5,0.0,0.0,0.0,20.0,4,2213,Sync,0.0,c29a38.fffe.b34e68,128,248,254,65535,128,1,160,BOOTING,-1,False,False,False,False,0,healthy
331.346701171,mixed_pdv_loss_holdover,757.0,757.0,2855.0,0.0,0.0,6.0,2.0,1.5,0.0,0.0,0.0,20.0,4,2214,Sync,0.0,c29a38.fffe.b34e68,128,248,254,65535,128,1,160,BOOTING,-1,False,False,False,False,0,healthy
331.542457271,mixed_pdv_loss_holdover,757.0,757.0,2855.0,0.0,0.0,6.0,2.0,1.5,0.0,0.0,0.0,20.0,4,2215,Sync,0.0,c29a38.fffe.b34e68,128,248,254,65535,128,1,160,BOOTING,-1,False,False,False,False,0,healthy
331.68214017099996,mixed_pdv_loss_holdover,757.0,757.0,2855.0,0.0,0.0,6.0,2.0,1.5,0.0,0.0,0.0,20.0,4,2216,Sync,0.0,c29a38.fffe.b34e68,128,248,254,65535,128,1,160,BOOTING,-1,False,False,False,False,0,healthy
331.797773771,mixed_pdv_loss_holdover,757.0,757.0,2855.0,0.0,0.0,6.0,2.0,1.5,0.0,0.0,0.0,20.0,4,2217,Sync,0.0,c29a38.fffe.b34e68,128,248,254,65535,128,1,160,BOOTING,-1,False,False,False,False,0,healthy
331.90967547099996,mixed_pdv_loss_holdover,757.0,757.0,2855.0,0.0,0.0,6.0,2.0,1.5,0.0,0.0,0.0,20.0,4,2218,Sync,0.0,c29a38.fffe.b34e68,128,248,254,65535,128,1,160,BOOTING,-1,False,False,False,False,0,healthy
332.022385571,mixed_pdv_loss_holdover,757.0,757.0,2855.0,0.0,0.0,6.0,2.0,1.5,0.0,0.0,0.0,20.0,4,2219,Sync,0.0,c29a38.fffe.b34e68,128,248,254,65535,128,1,160,BOOTING,-1,False,False,False,False,0,healthy
332.15866177099997,mixed_pdv_loss_holdover,757.0,757.0,2855.0,0.0,0.0,6.0,2.0,1.5,0.0,0.0,0.0,20.0,4,2220,Sync,0.0,c29a38.fffe.b34e68,128,248,254,65535,128,1,160,BOOTING,-1,False,False,False,False,0,healthy
332.277712471,mixed_pdv_loss_holdover,757.0,757.0,2855.0,0.0,0.0,6.0,2.0,1.5,0.0,0.0,0.0,20.0,4,2221,Sync,0.0,c29a38.fffe.b34e68,128,248,254,65535,128,1,160,BOOTING,-1,False,False,False,False,0,healthy
332.441646071,mixed_pdv_loss_holdover,757.0,757.0,2855.0,0.0,0.0,6.0,2.0,1.5,0.0,0.0,0.0,20.0,4,2222,Sync,0.0,c29a38.fffe.b34e68,128,248,254,65535,128,1,160,BOOTING,-1,False,False,False,False,0,healthy
332.59521447099996,mixed_pdv_loss_holdover,757.0,757.0,2855.0,0.0,0.0,6.0,2.0,1.5,0.0,0.0,0.0,20.0,4,2223,Sync,0.0,c29a38.fffe.b34e68,128,248,254,65535,128,1,160,BOOTING,-1,False,False,False,False,0,healthy
332.71113917099996,mixed_pdv_loss_holdover,757.0,757.0,2855.0,0.0,0.0,6.0,2.0,1.5,0.0,0.0,0.0,20.0,4,2224,Sync,0.0,c29a38.fffe.b34e68,128,248,254,65535,128,1,160,BOOTING,-1,False,False,False,False,0,healthy
332.84722957099996,mixed_pdv_loss_holdover,757.0,757.0,2855.0,0.0,0.0,6.0,2.0,1.5,0.0,0.0,0.0,20.0,4,2225,Sync,0.0,c29a38.fffe.b34e68,128,248,254,65535,128,1,160,BOOTING,-1,False,False,False,False,0,healthy
332.973619871,mixed_pdv_loss_holdover,757.0,757.0,2855.0,0.0,0.0,6.0,2.0,1.5,0.0,0.0,0.0,20.0,4,2226,Sync,0.0,c29a38.fffe.b34e68,128,248,254,65535,128,1,160,BOOTING,-1,False,False,False,False,0,healthy
333.08635057099997,mixed_pdv_loss_holdover,757.0,757.0,2855.0,0.0,0.0,6.0,2.0,1.5,0.0,0.0,0.0,20.0,4,2227,Sync,0.0,c29a38.fffe.b34e68,128,248,254,65535,128,1,160,BOOTING,-1,False,False,False,False,0,healthy
333.260312071,mixed_pdv_loss_holdover,757.0,757.0,2855.0,0.0,0.0,6.0,2.0,1.5,0.0,0.0,0.0,20.0,4,2228,Sync,0.0,c29a38.fffe.b34e68,128,248,254,65535,128,1,160,BOOTING,-1,False,False,False,False,0,healthy
333.51375827199996,mixed_pdv_loss_holdover,757.0,757.0,2855.0,0.0,0.0,6.0,2.0,1.5,0.0,0.0,0.0,20.0,4,2229,Sync,0.0,c29a38.fffe.b34e68,128,248,254,65535,128,1,160,BOOTING,-1,False,False,False,False,0,healthy
333.631035572,mixed_pdv_loss_holdover,757.0,757.0,2855.0,0.0,0.0,6.0,2.0,1.5,0.0,0.0,0.0,20.0,4,2230,Sync,0.0,c29a38.fffe.b34e68,128,248,254,65535,128,1,160,BOOTING,-1,False,False,False,False,0,healthy
333.814625993,mixed_pdv_loss_holdover,757.0,757.0,2855.0,0.0,0.0,6.0,2.0,1.5,0.0,0.0,0.0,20.0,4,2231,Sync,0.0,c29a38.fffe.b34e68,128,248,254,65535,128,1,160,BOOTING,-1,False,False,False,False,0,healthy
333.928903219,mixed_pdv_loss_holdover,757.0,757.0,2855.0,0.0,0.0,6.0,2.0,1.5,0.0,0.0,0.0,20.0,4,2232,Sync,0.0,c29a38.fffe.b34e68,128,248,254,65535,128,1,160,BOOTING,-1,False,False,False,False,0,healthy
334.05729883699996,mixed_pdv_loss_holdover,757.0,757.0,2855.0,0.0,0.0,6.0,2.0,1.5,0.0,0.0,0.0,20.0,4,2233,Sync,0.0,c29a38.fffe.b34e68,128,248,254,65535,128,1,160,BOOTING,-1,False,False,False,False,0,healthy
334.25343358699996,mixed_pdv_loss_holdover,757.0,757.0,2855.0,0.0,0.0,6.0,2.0,1.5,0.0,0.0,0.0,20.0,4,2234,Announce,5.098535573120042,c29a38.fffe.b34e68,128,248,254,65535,128,1,160,BOOTING,-1,False,False,False,False,0,healthy
334.36945225899996,mixed_pdv_loss_holdover,757.0,757.0,2855.0,0.0,0.0,6.0,2.0,1.5,0.0,0.0,0.0,20.0,4,2235,Sync,17.238604489457316,c29a38.fffe.b34e68,128,248,254,65535,128,1,160,BOOTING,-1,False,False,False,False,0,healthy
334.54152684499996,mixed_pdv_loss_holdover,757.0,757.0,2855.0,0.0,0.0,6.0,2.0,1.5,0.0,0.0,0.0,20.0,4,2236,Sync,11.622866842172197,c29a38.fffe.b34e68,128,248,254,65535,128,1,160,BOOTING,-1,False,False,False,False,0,healthy
334.728843415,mixed_pdv_loss_holdover,757.0,757.0,2855.0,0.0,0.0,6.0,2.0,1.5,0.0,0.0,0.0,20.0,4,2237,Sync,10.67711201416897,c29a38.fffe.b34e68,128,248,254,65535,128,1,160,BOOTING,-1,False,False,False,False,0,healthy
334.84332055199997,mixed_pdv_loss_holdover,757.0,757.0,2855.0,0.0,0.0,6.0,2.0,1.5,0.0,0.0,0.0,20.0,4,2238,Sync,17.47073741021404,c29a38.fffe.b34e68,128,248,254,65535,128,1,160,BOOTING,-1,False,False,False,False,0,healthy
334.95519681099995,mixed_pdv_loss_holdover,757.0,757.0,2855.0,0.0,0.0,6.0,2.0,1.5,0.0,0.0,0.0,20.0,4,2239,Sync,17.876893792098237,c29a38.fffe.b34e68,128,248,254,65535,128,1,160,BOOTING,-1,False,False,False,False,0,healthy
335.06840432399997,mixed_pdv_loss_holdover,757.0,757.0,2855.0,0.0,0.0,6.0,2.0,1.5,0.0,0.0,0.0,20.0,4,2240,Sync,17.666671999053996,c29a38.fffe.b34e68,128,248,254,65535,128,1,160,BOOTING,-1,False,False,False,False,0,healthy
335.22245483999995,mixed_pdv_loss_holdover,757.0,757.0,2855.0,0.0,0.0,6.0,2.0,1.5,0.0,0.0,0.0,20.0,4,2241,Sync,12.982754306387454,c29a38.fffe.b34e68,128,248,254,65535,128,1,160,BOOTING,-1,False,False,False,False,0,healthy
335.340246838,mixed_pdv_loss_holdover,757.0,757.0,2855.0,0.0,0.0,6.0,2.0,1.5,0.0,0.0,0.0,20.0,4,2242,Sync,33.9581641190855,c29a38.fffe.b34e68,128,248,254,65535,128,1,160,BOOTING,-1,False,False,False,False,0,healthy
335.583075793,mixed_pdv_loss_holdover,757.0,757.0,2855.0,0.0,0.0,6.0,2.0,1.5,0.0,0.0,0.0,20.0,4,2243,Sync,0.0,c29a38.fffe.b34e68,128,248,254,65535,128,1,160,BOOTING,-1,False,False,False,False,0,healthy
335.734211561,mixed_pdv_loss_holdover,757.0,757.0,2855.0,0.0,0.0,6.0,2.0,1.5,0.0,0.0,0.0,20.0,4,2244,Sync,0.0,c29a38.fffe.b34e68,128,248,254,65535,128,1,160,BOOTING,-1,False,False,False,False,0,healthy
335.848842871,mixed_pdv_loss_holdover,757.0,757.0,2855.0,0.0,0.0,6.0,2.0,1.5,0.0,0.0,0.0,20.0,4,2245,Sync,0.0,c29a38.fffe.b34e68,128,248,254,65535,128,1,160,BOOTING,-1,False,False,False,False,0,healthy
335.96318725099997,mixed_pdv_loss_holdover,757.0,757.0,2855.0,0.0,0.0,6.0,2.0,1.5,0.0,0.0,0.0,20.0,4,2246,Sync,0.0,c29a38.fffe.b34e68,128,248,254,65535,128,1,160,BOOTING,-1,False,False,False,False,0,healthy
336.076383911,mixed_pdv_loss_holdover,757.0,757.0,2855.0,0.0,0.0,6.0,2.0,1.5,0.0,0.0,0.0,20.0,4,2247,Sync,0.0,c29a38.fffe.b34e68,128,248,254,65535,128,1,160,BOOTING,-1,False,False,False,False,0,healthy
336.297072062,mixed_pdv_loss_holdover,757.0,757.0,2855.0,0.0,0.0,6.0,2.0,1.5,0.0,0.0,0.0,20.0,4,2248,Sync,0.0,c29a38.fffe.b34e68,128,248,254,65535,128,1,160,BOOTING,-1,False,False,False,False,0,healthy
336.47836658899996,mixed_pdv_loss_holdover,757.0,757.0,2855.0,0.0,0.0,6.0,2.0,1.5,0.0,0.0,0.0,20.0,4,2249,Sync,0.0,c29a38.fffe.b34e68,128,248,254,65535,128,1,160,BOOTING,-1,False,False,False,False,0,healthy
336.591121468,mixed_pdv_loss_holdover,757.0,757.0,2855.0,0.0,0.0,6.0,2.0,1.5,0.0,0.0,0.0,20.0,4,2250,Sync,0.0,c29a38.fffe.b34e68,128,248,254,65535,128,1,160,BOOTING,-1,False,False,False,False,0,healthy
336.701626742,mixed_pdv_loss_holdover,757.0,757.0,2855.0,0.0,0.0,6.0,2.0,1.5,0.0,0.0,0.0,20.0,4,2251,Sync,0.0,c29a38.fffe.b34e68,128,248,254,65535,128,1,160,BOOTING,-1,False,False,False,False,0,healthy
336.812940381,mixed_pdv_loss_holdover,757.0,757.0,2855.0,0.0,0.0,6.0,2.0,1.5,0.0,0.0,0.0,20.0,4,2252,Sync,0.0,c29a38.fffe.b34e68,128,248,254,65535,128,1,160,BOOTING,-1,False,False,False,False,0,healthy
337.07933626299996,mixed_pdv_loss_holdover,757.0,757.0,2855.0,0.0,0.0,6.0,2.0,1.5,0.0,0.0,0.0,20.0,4,2253,Sync,0.0,c29a38.fffe.b34e68,128,248,254,65535,128,1,160,BOOTING,-1,False,False,False,False,0,healthy
337.192806674,mixed_pdv_loss_holdover,757.0,757.0,2855.0,0.0,0.0,6.0,2.0,1.5,0.0,0.0,0.0,20.0,4,2254,Sync,0.0,c29a38.fffe.b34e68,128,248,254,65535,128,1,160,BOOTING,-1,False,False,False,False,0,healthy
337.396640923,mixed_pdv_loss_holdover,757.0,757.0,2855.0,0.0,0.0,6.0,2.0,1.5,0.0,0.0,0.0,20.0,4,2255,Sync,0.0,c29a38.fffe.b34e68,128,248,254,65535,128,1,160,BOOTING,-1,False,False,False,False,0,healthy
337.510626823,mixed_pdv_loss_holdover,757.0,757.0,2855.0,0.0,0.0,6.0,2.0,1.5,0.0,0.0,0.0,20.0,4,2256,Sync,0.0,c29a38.fffe.b34e68,128,248,254,65535,128,1,160,BOOTING,-1,False,False,False,False,0,healthy
337.62363022299996,mixed_pdv_loss_holdover,757.0,757.0,2855.0,0.0,0.0,6.0,2.0,1.5,0.0,0.0,0.0,20.0,4,2257,Sync,0.0,c29a38.fffe.b34e68,128,248,254,65535,128,1,160,BOOTING,-1,False,False,False,False,0,healthy
337.75447132299996,mixed_pdv_loss_holdover,757.0,757.0,2855.0,0.0,0.0,6.0,2.0,1.5,0.0,0.0,0.0,20.0,4,2258,Sync,0.0,c29a38.fffe.b34e68,128,248,254,65535,128,1,160,BOOTING,-1,False,False,False,False,0,healthy
337.871740023,mixed_pdv_loss_holdover,757.0,757.0,2855.0,0.0,0.0,6.0,2.0,1.5,0.0,0.0,0.0,20.0,4,2259,Sync,0.0,c29a38.fffe.b34e68,128,248,254,65535,128,1,160,BOOTING,-1,False,False,False,False,0,healthy
337.98769432299997,mixed_pdv_loss_holdover,757.0,757.0,2855.0,0.0,0.0,6.0,2.0,1.5,0.0,0.0,0.0,20.0,4,2260,Sync,0.0,c29a38.fffe.b34e68,128,248,254,65535,128,1,160,BOOTING,-1,False,False,False,False,0,healthy
338.100883523,mixed_pdv_loss_holdover,757.0,757.0,2855.0,0.0,0.0,6.0,2.0,1.5,0.0,0.0,0.0,20.0,4,2261,Sync,0.0,c29a38.fffe.b34e68,128,248,254,65535,128,1,160,BOOTING,-1,False,False,False,False,0,healthy
338.24242602299995,mixed_pdv_loss_holdover,757.0,757.0,2855.0,0.0,0.0,6.0,2.0,1.5,0.0,0.0,0.0,20.0,4,2262,Sync,0.0,c29a38.fffe.b34e68,128,248,254,65535,128,1,160,BOOTING,-1,False,False,False,False,0,healthy
338.398755123,mixed_pdv_loss_holdover,757.0,757.0,2855.0,0.0,0.0,6.0,2.0,1.5,0.0,0.0,0.0,20.0,4,2263,Sync,0.0,c29a38.fffe.b34e68,128,248,254,65535,128,1,160,BOOTING,-1,False,False,False,False,0,healthy
338.542070523,mixed_pdv_loss_holdover,757.0,757.0,2855.0,0.0,0.0,6.0,2.0,1.5,0.0,0.0,0.0,20.0,4,2264,Sync,0.0,c29a38.fffe.b34e68,128,248,254,65535,128,1,160,BOOTING,-1,False,False,False,False,0,healthy
338.70274872299996,mixed_pdv_loss_holdover,757.0,757.0,2855.0,0.0,0.0,6.0,2.0,1.5,0.0,0.0,0.0,20.0,4,2265,Sync,0.0,c29a38.fffe.b34e68,128,248,254,65535,128,1,160,BOOTING,-1,False,False,False,False,0,healthy
338.911203023,mixed_pdv_loss_holdover,757.0,757.0,2855.0,0.0,0.0,6.0,2.0,1.5,0.0,0.0,0.0,20.0,4,2266,Sync,0.0,c29a38.fffe.b34e68,128,248,254,65535,128,1,160,BOOTING,-1,False,False,False,False,0,healthy
339.023799123,mixed_pdv_loss_holdover,757.0,757.0,2855.0,0.0,0.0,6.0,2.0,1.5,0.0,0.0,0.0,20.0,4,2267,Sync,0.0,c29a38.fffe.b34e68,128,248,254,65535,128,1,160,BOOTING,-1,False,False,False,False,0,healthy
339.13422862299996,mixed_pdv_loss_holdover,757.0,757.0,2855.0,0.0,0.0,6.0,2.0,1.5,0.0,0.0,0.0,20.0,4,2268,Sync,0.0,c29a38.fffe.b34e68,128,248,254,65535,128,1,160,BOOTING,-1,False,False,False,False,0,healthy
339.250987323,mixed_pdv_loss_holdover,757.0,757.0,2855.0,0.0,0.0,6.0,2.0,1.5,0.0,0.0,0.0,20.0,4,2269,Sync,0.0,c29a38.fffe.b34e68,128,248,254,65535,128,1,160,BOOTING,-1,False,False,False,False,0,healthy
339.44388232299997,mixed_pdv_loss_holdover,757.0,757.0,2855.0,0.0,0.0,6.0,2.0,1.5,0.0,0.0,0.0,20.0,4,2270,Sync,0.0,c29a38.fffe.b34e68,128,248,254,65535,128,1,160,BOOTING,-1,False,False,False,False,0,healthy
339.556918323,mixed_pdv_loss_holdover,757.0,757.0,2855.0,0.0,0.0,6.0,2.0,1.5,0.0,0.0,0.0,20.0,4,2271,Sync,0.0,c29a38.fffe.b34e68,128,248,254,65535,128,1,160,BOOTING,-1,False,False,False,False,0,healthy
339.77271922299997,mixed_pdv_loss_holdover,757.0,757.0,2855.0,0.0,0.0,6.0,2.0,1.5,0.0,0.0,0.0,20.0,4,2272,Sync,0.0,c29a38.fffe.b34e68,128,248,254,65535,128,1,160,BOOTING,-1,False,False,False,False,0,healthy
340.04187062299997,mixed_pdv_loss_holdover,757.0,757.0,2855.0,0.0,0.0,6.0,2.0,1.5,0.0,0.0,0.0,20.0,4,2273,Sync,0.0,c29a38.fffe.b34e68,128,248,254,65535,128,1,160,BOOTING,-1,False,False,False,False,0,healthy
340.158286423,mixed_pdv_loss_holdover,757.0,757.0,2855.0,0.0,0.0,6.0,2.0,1.5,0.0,0.0,0.0,20.0,4,2274,Sync,0.0,c29a38.fffe.b34e68,128,248,254,65535,128,1,160,BOOTING,-1,False,False,False,False,0,healthy
340.279899523,mixed_pdv_loss_holdover,757.0,757.0,2855.0,0.0,0.0,6.0,2.0,1.5,0.0,0.0,0.0,20.0,4,2275,Sync,0.0,c29a38.fffe.b34e68,128,248,254,65535,128,1,160,BOOTING,-1,False,False,False,False,0,healthy
340.395940123,mixed_pdv_loss_holdover,757.0,757.0,2855.0,0.0,0.0,6.0,2.0,1.5,0.0,0.0,0.0,20.0,4,2276,Sync,0.0,c29a38.fffe.b34e68,128,248,254,65535,128,1,160,BOOTING,-1,False,False,False,False,0,healthy
340.51190862299995,mixed_pdv_loss_holdover,757.0,757.0,2855.0,0.0,0.0,6.0,2.0,1.5,0.0,0.0,0.0,20.0,4,2277,Sync,0.0,c29a38.fffe.b34e68,128,248,254,65535,128,1,160,BOOTING,-1,False,False,False,False,0,healthy
340.62781572299997,mixed_pdv_loss_holdover,757.0,757.0,2855.0,0.0,0.0,6.0,2.0,1.5,0.0,0.0,0.0,20.0,4,2278,Sync,0.0,c29a38.fffe.b34e68,128,248,254,65535,128,1,160,BOOTING,-1,False,False,False,False,0,healthy
340.79183142299996,mixed_pdv_loss_holdover,757.0,757.0,2855.0,0.0,0.0,6.0,2.0,1.5,0.0,0.0,0.0,20.0,4,2279,Sync,0.0,c29a38.fffe.b34e68,128,248,254,65535,128,1,160,BOOTING,-1,False,False,False,False,0,healthy
340.90792452299996,mixed_pdv_loss_holdover,757.0,757.0,2855.0,0.0,0.0,6.0,2.0,1.5,0.0,0.0,0.0,20.0,4,2280,Sync,0.0,c29a38.fffe.b34e68,128,248,254,65535,128,1,160,BOOTING,-1,False,False,False,False,0,healthy
341.049344423,mixed_pdv_loss_holdover,757.0,757.0,2855.0,0.0,0.0,6.0,2.0,1.5,0.0,0.0,0.0,20.0,4,2281,Sync,0.0,c29a38.fffe.b34e68,128,248,254,65535,128,1,160,BOOTING,-1,False,False,False,False,0,healthy
341.248446323,mixed_pdv_loss_holdover,757.0,757.0,2855.0,0.0,0.0,6.0,2.0,1.5,0.0,0.0,0.0,20.0,4,2282,Sync,0.0,c29a38.fffe.b34e68,128,248,254,65535,128,1,160,BOOTING,-1,False,False,False,False,0,healthy
341.36428062299996,mixed_pdv_loss_holdover,757.0,757.0,2855.0,0.0,0.0,6.0,2.0,1.5,0.0,0.0,0.0,20.0,4,2283,Sync,0.0,c29a38.fffe.b34e68,128,248,254,65535,128,1,160,BOOTING,-1,False,False,False,False,0,healthy
341.526064223,mixed_pdv_loss_holdover,757.0,757.0,2855.0,0.0,0.0,6.0,2.0,1.5,0.0,0.0,0.0,20.0,4,2284,Sync,0.0,c29a38.fffe.b34e68,128,248,254,65535,128,1,160,BOOTING,-1,False,False,False,False,0,healthy
341.649897823,mixed_pdv_loss_holdover,757.0,757.0,2855.0,0.0,0.0,6.0,2.0,1.5,0.0,0.0,0.0,20.0,4,2285,Sync,0.0,c29a38.fffe.b34e68,128,248,254,65535,128,1,160,BOOTING,-1,False,False,False,False,0,healthy
341.764191198,mixed_pdv_loss_holdover,757.0,757.0,2855.0,0.0,0.0,6.0,2.0,1.5,0.0,0.0,0.0,20.0,4,2286,Sync,0.0,c29a38.fffe.b34e68,128,248,254,65535,128,1,160,BOOTING,-1,False,False,False,False,0,healthy
341.875806181,mixed_pdv_loss_holdover,757.0,757.0,2855.0,0.0,0.0,6.0,2.0,1.5,0.0,0.0,0.0,20.0,4,2287,Sync,0.0,c29a38.fffe.b34e68,128,248,254,65535,128,1,160,BOOTING,-1,False,False,False,False,0,healthy
341.99114374799996,mixed_pdv_loss_holdover,757.0,757.0,2855.0,0.0,0.0,6.0,2.0,1.5,0.0,0.0,0.0,20.0,4,2288,Sync,0.0,c29a38.fffe.b34e68,128,248,254,65535,128,1,160,BOOTING,-1,False,False,False,False,0,healthy
342.10305179,mixed_pdv_loss_holdover,757.0,757.0,2855.0,0.0,0.0,6.0,2.0,1.5,0.0,0.0,0.0,20.0,4,2289,Sync,0.0,c29a38.fffe.b34e68,128,248,254,65535,128,1,160,BOOTING,-1,False,False,False,False,0,healthy
342.21898904,mixed_pdv_loss_holdover,757.0,757.0,2855.0,0.0,0.0,6.0,2.0,1.5,0.0,0.0,0.0,20.0,4,2290,Sync,0.0,c29a38.fffe.b34e68,128,248,254,65535,128,1,160,BOOTING,-1,False,False,False,False,0,healthy
342.37283174,mixed_pdv_loss_holdover,757.0,757.0,2855.0,0.0,0.0,6.0,2.0,1.5,0.0,0.0,0.0,20.0,4,2291,Sync,0.0,c29a38.fffe.b34e68,128,248,254,65535,128,1,160,BOOTING,-1,False,False,False,False,0,healthy
342.487251448,mixed_pdv_loss_holdover,757.0,757.0,2855.0,0.0,0.0,6.0,2.0,1.5,0.0,0.0,0.0,20.0,4,2292,Sync,0.0,c29a38.fffe.b34e68,128,248,254,65535,128,1,160,BOOTING,-1,False,False,False,False,0,healthy
342.605844098,mixed_pdv_loss_holdover,757.0,757.0,2855.0,0.0,0.0,6.0,2.0,1.5,0.0,0.0,0.0,20.0,4,2293,Sync,0.0,c29a38.fffe.b34e68,128,248,254,65535,128,1,160,BOOTING,-1,False,False,False,False,0,healthy
342.724504306,mixed_pdv_loss_holdover,757.0,757.0,2855.0,0.0,0.0,6.0,2.0,1.5,0.0,0.0,0.0,20.0,4,2294,Sync,0.0,c29a38.fffe.b34e68,128,248,254,65535,128,1,160,BOOTING,-1,False,False,False,False,0,healthy
342.83574932299996,mixed_pdv_loss_holdover,757.0,757.0,2855.0,0.0,0.0,6.0,2.0,1.5,0.0,0.0,0.0,20.0,4,2295,Sync,0.0,c29a38.fffe.b34e68,128,248,254,65535,128,1,160,BOOTING,-1,False,False,False,False,0,healthy
342.96991980599995,mixed_pdv_loss_holdover,757.0,757.0,2855.0,0.0,0.0,6.0,2.0,1.5,0.0,0.0,0.0,20.0,4,2296,Sync,0.0,c29a38.fffe.b34e68,128,248,254,65535,128,1,160,BOOTING,-1,False,False,False,False,0,healthy
343.08204583099996,mixed_pdv_loss_holdover,757.0,757.0,2855.0,0.0,0.0,6.0,2.0,1.5,0.0,0.0,0.0,20.0,4,2297,Sync,0.0,c29a38.fffe.b34e68,128,248,254,65535,128,1,160,BOOTING,-1,False,False,False,False,0,healthy
343.223877265,mixed_pdv_loss_holdover,757.0,757.0,2855.0,0.0,0.0,6.0,2.0,1.5,0.0,0.0,0.0,20.0,4,2298,Sync,0.0,c29a38.fffe.b34e68,128,248,254,65535,128,1,160,BOOTING,-1,False,False,False,False,0,healthy
343.339304573,mixed_pdv_loss_holdover,757.0,757.0,2855.0,0.0,0.0,6.0,2.0,1.5,0.0,0.0,0.0,20.0,4,2299,Sync,0.0,c29a38.fffe.b34e68,128,248,254,65535,128,1,160,BOOTING,-1,False,False,False,False,0,healthy
343.45230904,mixed_pdv_loss_holdover,757.0,757.0,2855.0,0.0,0.0,6.0,2.0,1.5,0.0,0.0,0.0,20.0,4,2300,Sync,0.0,c29a38.fffe.b34e68,128,248,254,65535,128,1,160,BOOTING,-1,False,False,False,False,0,healthy
343.60136453999996,mixed_pdv_loss_holdover,757.0,757.0,2855.0,0.0,0.0,6.0,2.0,1.5,0.0,0.0,0.0,20.0,4,2301,Sync,0.0,c29a38.fffe.b34e68,128,248,254,65535,128,1,160,BOOTING,-1,False,False,False,False,0,healthy
343.71658514,mixed_pdv_loss_holdover,757.0,757.0,2855.0,0.0,0.0,6.0,2.0,1.5,0.0,0.0,0.0,20.0,4,2302,Sync,0.0,c29a38.fffe.b34e68,128,248,254,65535,128,1,160,BOOTING,-1,False,False,False,False,0,healthy
343.89690933099996,mixed_pdv_loss_holdover,757.0,757.0,2855.0,0.0,0.0,6.0,2.0,1.5,0.0,0.0,0.0,20.0,4,2303,Sync,0.0,c29a38.fffe.b34e68,128,248,254,65535,128,1,160,BOOTING,-1,False,False,False,False,0,healthy
344.07086424799996,mixed_pdv_loss_holdover,757.0,757.0,2855.0,0.0,0.0,6.0,2.0,1.5,0.0,0.0,0.0,20.0,4,2304,Sync,0.0,c29a38.fffe.b34e68,128,248,254,65535,128,1,160,BOOTING,-1,False,False,False,False,0,healthy
344.18373699,mixed_pdv_loss_holdover,757.0,757.0,2855.0,0.0,0.0,6.0,2.0,1.5,0.0,0.0,0.0,20.0,4,2305,Sync,0.0,c29a38.fffe.b34e68,128,248,254,65535,128,1,160,BOOTING,-1,False,False,False,False,0,healthy
344.297899665,mixed_pdv_loss_holdover,757.0,757.0,2855.0,0.0,0.0,6.0,2.0,1.5,0.0,0.0,0.0,20.0,4,2306,Sync,0.0,c29a38.fffe.b34e68,128,248,254,65535,128,1,160,BOOTING,-1,False,False,False,False,0,healthy
344.428493223,mixed_pdv_loss_holdover,757.0,757.0,2855.0,0.0,0.0,6.0,2.0,1.5,0.0,0.0,0.0,20.0,4,2307,Sync,0.0,c29a38.fffe.b34e68,128,248,254,65535,128,1,160,BOOTING,-1,False,False,False,False,0,healthy
344.58632149799996,mixed_pdv_loss_holdover,757.0,757.0,2855.0,0.0,0.0,6.0,2.0,1.5,0.0,0.0,0.0,20.0,4,2308,Sync,0.0,c29a38.fffe.b34e68,128,248,254,65535,128,1,160,BOOTING,-1,False,False,False,False,0,healthy
344.698845631,mixed_pdv_loss_holdover,757.0,757.0,2855.0,0.0,0.0,6.0,2.0,1.5,0.0,0.0,0.0,20.0,4,2309,Sync,0.0,c29a38.fffe.b34e68,128,248,254,65535,128,1,160,BOOTING,-1,False,False,False,False,0,healthy
344.96922279,mixed_pdv_loss_holdover,757.0,757.0,2855.0,0.0,0.0,6.0,2.0,1.5,0.0,0.0,0.0,20.0,4,2310,Sync,0.0,c29a38.fffe.b34e68,128,248,254,65535,128,1,160,BOOTING,-1,False,False,False,False,0,healthy
345.113258073,mixed_pdv_loss_holdover,757.0,757.0,2855.0,0.0,0.0,6.0,2.0,1.5,0.0,0.0,0.0,20.0,4,2311,Sync,0.0,c29a38.fffe.b34e68,128,248,254,65535,128,1,160,BOOTING,-1,False,False,False,False,0,healthy
345.22786908999996,mixed_pdv_loss_holdover,757.0,757.0,2855.0,0.0,0.0,6.0,2.0,1.5,0.0,0.0,0.0,20.0,4,2312,Sync,0.0,c29a38.fffe.b34e68,128,248,254,65535,128,1,160,BOOTING,-1,False,False,False,False,0,healthy
345.363946973,mixed_pdv_loss_holdover,757.0,757.0,2855.0,0.0,0.0,6.0,2.0,1.5,0.0,0.0,0.0,20.0,4,2313,Sync,0.0,c29a38.fffe.b34e68,128,248,254,65535,128,1,160,BOOTING,-1,False,False,False,False,0,healthy
345.479247048,mixed_pdv_loss_holdover,757.0,757.0,2855.0,0.0,0.0,6.0,2.0,1.5,0.0,0.0,0.0,20.0,4,2314,Sync,0.0,c29a38.fffe.b34e68,128,248,254,65535,128,1,160,BOOTING,-1,False,False,False,False,0,healthy
345.63950614,mixed_pdv_loss_holdover,757.0,757.0,2855.0,0.0,0.0,6.0,2.0,1.5,0.0,0.0,0.0,20.0,4,2315,Sync,0.0,c29a38.fffe.b34e68,128,248,254,65535,128,1,160,BOOTING,-1,False,False,False,False,0,healthy
345.820615365,mixed_pdv_loss_holdover,757.0,757.0,2855.0,0.0,0.0,6.0,2.0,1.5,0.0,0.0,0.0,20.0,4,2316,Sync,0.0,c29a38.fffe.b34e68,128,248,254,65535,128,1,160,BOOTING,-1,False,False,False,False,0,healthy
345.932222648,mixed_pdv_loss_holdover,757.0,757.0,2855.0,0.0,0.0,6.0,2.0,1.5,0.0,0.0,0.0,20.0,4,2317,Sync,0.0,c29a38.fffe.b34e68,128,248,254,65535,128,1,160,BOOTING,-1,False,False,False,False,0,healthy
346.141729381,mixed_pdv_loss_holdover,757.0,757.0,2855.0,0.0,0.0,6.0,2.0,1.5,0.0,0.0,0.0,20.0,4,2318,Sync,0.0,c29a38.fffe.b34e68,128,248,254,65535,128,1,160,BOOTING,-1,False,False,False,False,0,healthy
346.285238773,mixed_pdv_loss_holdover,757.0,757.0,2855.0,0.0,0.0,6.0,2.0,1.5,0.0,0.0,0.0,20.0,4,2319,Sync,0.0,c29a38.fffe.b34e68,128,248,254,65535,128,1,160,BOOTING,-1,False,False,False,False,0,healthy
346.397236556,mixed_pdv_loss_holdover,757.0,757.0,2855.0,0.0,0.0,6.0,2.0,1.5,0.0,0.0,0.0,20.0,4,2320,Sync,0.0,c29a38.fffe.b34e68,128,248,254,65535,128,1,160,BOOTING,-1,False,False,False,False,0,healthy
346.512479248,mixed_pdv_loss_holdover,757.0,757.0,2855.0,0.0,0.0,6.0,2.0,1.5,0.0,0.0,0.0,20.0,4,2321,Sync,0.0,c29a38.fffe.b34e68,128,248,254,65535,128,1,160,BOOTING,-1,False,False,False,False,0,healthy
346.62500961499995,mixed_pdv_loss_holdover,757.0,757.0,2855.0,0.0,0.0,6.0,2.0,1.5,0.0,0.0,0.0,20.0,4,2322,Sync,0.0,c29a38.fffe.b34e68,128,248,254,65535,128,1,160,BOOTING,-1,False,False,False,False,0,healthy
346.80909223099997,mixed_pdv_loss_holdover,757.0,757.0,2855.0,0.0,0.0,6.0,2.0,1.5,0.0,0.0,0.0,20.0,4,2323,Sync,0.0,c29a38.fffe.b34e68,128,248,254,65535,128,1,160,BOOTING,-1,False,False,False,False,0,healthy
346.92491251499996,mixed_pdv_loss_holdover,757.0,757.0,2855.0,0.0,0.0,6.0,2.0,1.5,0.0,0.0,0.0,20.0,4,2324,Sync,0.0,c29a38.fffe.b34e68,128,248,254,65535,128,1,160,BOOTING,-1,False,False,False,False,0,healthy
347.07546593999996,mixed_pdv_loss_holdover,757.0,757.0,2855.0,0.0,0.0,6.0,2.0,1.5,0.0,0.0,0.0,20.0,4,2325,Sync,0.0,c29a38.fffe.b34e68,128,248,254,65535,128,1,160,BOOTING,-1,False,False,False,False,0,healthy
347.208904648,mixed_pdv_loss_holdover,757.0,757.0,2855.0,0.0,0.0,6.0,2.0,1.5,0.0,0.0,0.0,20.0,4,2326,Sync,0.0,c29a38.fffe.b34e68,128,248,254,65535,128,1,160,BOOTING,-1,False,False,False,False,0,healthy
347.320832856,mixed_pdv_loss_holdover,757.0,757.0,2855.0,0.0,0.0,6.0,2.0,1.5,0.0,0.0,0.0,20.0,4,2327,Sync,0.0,c29a38.fffe.b34e68,128,248,254,65535,128,1,160,BOOTING,-1,False,False,False,False,0,healthy
347.46028746499996,mixed_pdv_loss_holdover,757.0,757.0,2855.0,0.0,0.0,6.0,2.0,1.5,0.0,0.0,0.0,20.0,4,2328,Sync,0.0,c29a38.fffe.b34e68,128,248,254,65535,128,1,160,BOOTING,-1,False,False,False,False,0,healthy
347.62469025599995,mixed_pdv_loss_holdover,757.0,757.0,2855.0,0.0,0.0,6.0,2.0,1.5,0.0,0.0,0.0,20.0,4,2329,Sync,0.0,c29a38.fffe.b34e68,128,248,254,65535,128,1,160,BOOTING,-1,False,False,False,False,0,healthy
347.73900043099997,mixed_pdv_loss_holdover,757.0,757.0,2855.0,0.0,0.0,6.0,2.0,1.5,0.0,0.0,0.0,20.0,4,2330,Sync,0.0,c29a38.fffe.b34e68,128,248,254,65535,128,1,160,BOOTING,-1,False,False,False,False,0,healthy
347.898783231,mixed_pdv_loss_holdover,757.0,757.0,2855.0,0.0,0.0,6.0,2.0,1.5,0.0,0.0,0.0,20.0,4,2331,Sync,0.0,c29a38.fffe.b34e68,128,248,254,65535,128,1,160,BOOTING,-1,False,False,False,False,0,healthy
348.08769363199997,mixed_pdv_loss_holdover,757.0,757.0,2855.0,0.0,0.0,6.0,2.0,1.5,0.0,0.0,0.0,20.0,4,2332,Sync,0.0,c29a38.fffe.b34e68,128,248,254,65535,128,1,160,BOOTING,-1,False,False,False,False,0,healthy
348.201219132,mixed_pdv_loss_holdover,757.0,757.0,2855.0,0.0,0.0,6.0,2.0,1.5,0.0,0.0,0.0,20.0,4,2333,Sync,0.0,c29a38.fffe.b34e68,128,248,254,65535,128,1,160,BOOTING,-1,False,False,False,False,0,healthy
348.31374193199997,mixed_pdv_loss_holdover,757.0,757.0,2855.0,0.0,0.0,6.0,2.0,1.5,0.0,0.0,0.0,20.0,4,2334,Sync,0.0,c29a38.fffe.b34e68,128,248,254,65535,128,1,160,BOOTING,-1,False,False,False,False,0,healthy
348.426904332,mixed_pdv_loss_holdover,757.0,757.0,2855.0,0.0,0.0,6.0,2.0,1.5,0.0,0.0,0.0,20.0,4,2335,Sync,0.0,c29a38.fffe.b34e68,128,248,254,65535,128,1,160,BOOTING,-1,False,False,False,False,0,healthy
348.560930332,mixed_pdv_loss_holdover,757.0,757.0,2855.0,0.0,0.0,6.0,2.0,1.5,0.0,0.0,0.0,20.0,4,2336,Sync,0.0,c29a38.fffe.b34e68,128,248,254,65535,128,1,160,BOOTING,-1,False,False,False,False,0,healthy
348.678744932,mixed_pdv_loss_holdover,757.0,757.0,2855.0,0.0,0.0,6.0,2.0,1.5,0.0,0.0,0.0,20.0,4,2337,Sync,0.0,c29a38.fffe.b34e68,128,248,254,65535,128,1,160,BOOTING,-1,False,False,False,False,0,healthy
348.895222832,mixed_pdv_loss_holdover,757.0,757.0,2855.0,0.0,0.0,6.0,2.0,1.5,0.0,0.0,0.0,20.0,4,2338,Sync,0.0,c29a38.fffe.b34e68,128,248,254,65535,128,1,160,BOOTING,-1,False,False,False,False,0,healthy
349.045144332,mixed_pdv_loss_holdover,757.0,757.0,2855.0,0.0,0.0,6.0,2.0,1.5,0.0,0.0,0.0,20.0,4,2339,Sync,0.0,c29a38.fffe.b34e68,128,248,254,65535,128,1,160,BOOTING,-1,False,False,False,False,0,healthy
349.159345332,mixed_pdv_loss_holdover,757.0,757.0,2855.0,0.0,0.0,6.0,2.0,1.5,0.0,0.0,0.0,20.0,4,2340,Sync,0.0,c29a38.fffe.b34e68,128,248,254,65535,128,1,160,BOOTING,-1,False,False,False,False,0,healthy
349.278073432,mixed_pdv_loss_holdover,757.0,757.0,2855.0,0.0,0.0,6.0,2.0,1.5,0.0,0.0,0.0,20.0,4,2341,Sync,0.0,c29a38.fffe.b34e68,128,248,254,65535,128,1,160,BOOTING,-1,False,False,False,False,0,healthy
349.465443332,mixed_pdv_loss_holdover,757.0,757.0,2855.0,0.0,0.0,6.0,2.0,1.5,0.0,0.0,0.0,20.0,4,2342,Sync,0.0,c29a38.fffe.b34e68,128,248,254,65535,128,1,160,BOOTING,-1,False,False,False,False,0,healthy
349.648226932,mixed_pdv_loss_holdover,757.0,757.0,2855.0,0.0,0.0,6.0,2.0,1.5,0.0,0.0,0.0,20.0,4,2343,Sync,0.0,c29a38.fffe.b34e68,128,248,254,65535,128,1,160,BOOTING,-1,False,False,False,False,0,healthy
349.76338615699996,mixed_pdv_loss_holdover,757.0,757.0,2855.0,0.0,0.0,6.0,2.0,1.5,0.0,0.0,0.0,20.0,4,2344,Sync,0.0,c29a38.fffe.b34e68,128,248,254,65535,128,1,160,BOOTING,-1,False,False,False,False,0,healthy
349.958936732,mixed_pdv_loss_holdover,757.0,757.0,2855.0,0.0,0.0,6.0,2.0,1.5,0.0,0.0,0.0,20.0,4,2345,Sync,0.0,c29a38.fffe.b34e68,128,248,254,65535,128,1,160,BOOTING,-1,False,False,False,False,0,healthy
350.13001423199995,mixed_pdv_loss_holdover,757.0,757.0,2855.0,0.0,0.0,6.0,2.0,1.5,0.0,0.0,0.0,20.0,4,2346,Sync,0.0,c29a38.fffe.b34e68,128,248,254,65535,128,1,160,BOOTING,-1,False,False,False,False,0,healthy
350.243604357,mixed_pdv_loss_holdover,757.0,757.0,2855.0,0.0,0.0,6.0,2.0,1.5,0.0,0.0,0.0,20.0,4,2347,Sync,0.0,c29a38.fffe.b34e68,128,248,254,65535,128,1,160,BOOTING,-1,False,False,False,False,0,healthy
350.356069365,mixed_pdv_loss_holdover,757.0,757.0,2855.0,0.0,0.0,6.0,2.0,1.5,0.0,0.0,0.0,20.0,4,2348,Sync,0.0,c29a38.fffe.b34e68,128,248,254,65535,128,1,160,BOOTING,-1,False,False,False,False,0,healthy
350.470003057,mixed_pdv_loss_holdover,757.0,757.0,2855.0,0.0,0.0,6.0,2.0,1.5,0.0,0.0,0.0,20.0,4,2349,Sync,0.0,c29a38.fffe.b34e68,128,248,254,65535,128,1,160,BOOTING,-1,False,False,False,False,0,healthy
350.624920457,mixed_pdv_loss_holdover,757.0,757.0,2855.0,0.0,0.0,6.0,2.0,1.5,0.0,0.0,0.0,20.0,4,2350,Sync,0.0,c29a38.fffe.b34e68,128,248,254,65535,128,1,160,BOOTING,-1,False,False,False,False,0,healthy
350.736958848,mixed_pdv_loss_holdover,757.0,757.0,2855.0,0.0,0.0,6.0,2.0,1.5,0.0,0.0,0.0,20.0,4,2351,Sync,0.0,c29a38.fffe.b34e68,128,248,254,65535,128,1,160,BOOTING,-1,False,False,False,False,0,healthy
350.95845054,mixed_pdv_loss_holdover,757.0,757.0,2855.0,0.0,0.0,6.0,2.0,1.5,0.0,0.0,0.0,20.0,4,2352,Sync,0.0,c29a38.fffe.b34e68,128,248,254,65535,128,1,160,BOOTING,-1,False,False,False,False,0,healthy
351.115128857,mixed_pdv_loss_holdover,757.0,757.0,2855.0,0.0,0.0,6.0,2.0,1.5,0.0,0.0,0.0,20.0,4,2353,Sync,0.0,c29a38.fffe.b34e68,128,248,254,65535,128,1,160,BOOTING,-1,False,False,False,False,0,healthy
351.23336529,mixed_pdv_loss_holdover,757.0,757.0,2855.0,0.0,0.0,6.0,2.0,1.5,0.0,0.0,0.0,20.0,4,2354,Sync,0.0,c29a38.fffe.b34e68,128,248,254,65535,128,1,160,BOOTING,-1,False,False,False,False,0,healthy
351.34642842299996,mixed_pdv_loss_holdover,757.0,757.0,2855.0,0.0,0.0,6.0,2.0,1.5,0.0,0.0,0.0,20.0,4,2355,Sync,0.0,c29a38.fffe.b34e68,128,248,254,65535,128,1,160,BOOTING,-1,False,False,False,False,0,healthy
351.46094346499996,mixed_pdv_loss_holdover,757.0,757.0,2855.0,0.0,0.0,6.0,2.0,1.5,0.0,0.0,0.0,20.0,4,2356,Sync,0.0,c29a38.fffe.b34e68,128,248,254,65535,128,1,160,BOOTING,-1,False,False,False,False,0,healthy
351.638010007,mixed_pdv_loss_holdover,757.0,757.0,2855.0,0.0,0.0,6.0,2.0,1.5,0.0,0.0,0.0,20.0,4,2357,Sync,0.0,c29a38.fffe.b34e68,128,248,254,65535,128,1,160,BOOTING,-1,False,False,False,False,0,healthy
351.751926832,mixed_pdv_loss_holdover,757.0,757.0,2855.0,0.0,0.0,6.0,2.0,1.5,0.0,0.0,0.0,20.0,4,2358,Sync,0.0,c29a38.fffe.b34e68,128,248,254,65535,128,1,160,BOOTING,-1,False,False,False,False,0,healthy
351.93292184,mixed_pdv_loss_holdover,757.0,757.0,2855.0,0.0,0.0,6.0,2.0,1.5,0.0,0.0,0.0,20.0,4,2359,Sync,0.0,c29a38.fffe.b34e68,128,248,254,65535,128,1,160,BOOTING,-1,False,False,False,False,0,healthy
352.134388307,mixed_pdv_loss_holdover,757.0,757.0,2855.0,0.0,0.0,6.0,2.0,1.5,0.0,0.0,0.0,20.0,4,2360,Sync,0.0,c29a38.fffe.b34e68,128,248,254,65535,128,1,160,BOOTING,-1,False,False,False,False,0,healthy
352.267750565,mixed_pdv_loss_holdover,757.0,757.0,2855.0,0.0,0.0,6.0,2.0,1.5,0.0,0.0,0.0,20.0,4,2361,Sync,0.0,c29a38.fffe.b34e68,128,248,254,65535,128,1,160,BOOTING,-1,False,False,False,False,0,healthy
352.381013898,mixed_pdv_loss_holdover,757.0,757.0,2855.0,0.0,0.0,6.0,2.0,1.5,0.0,0.0,0.0,20.0,4,2362,Sync,0.0,c29a38.fffe.b34e68,128,248,254,65535,128,1,160,BOOTING,-1,False,False,False,False,0,healthy
352.49515493999996,mixed_pdv_loss_holdover,757.0,757.0,2855.0,0.0,0.0,6.0,2.0,1.5,0.0,0.0,0.0,20.0,4,2363,Sync,0.0,c29a38.fffe.b34e68,128,248,254,65535,128,1,160,BOOTING,-1,False,False,False,False,0,healthy
352.64836128999997,mixed_pdv_loss_holdover,757.0,757.0,2855.0,0.0,0.0,6.0,2.0,1.5,0.0,0.0,0.0,20.0,4,2364,Sync,0.0,c29a38.fffe.b34e68,128,248,254,65535,128,1,160,BOOTING,-1,False,False,False,False,0,healthy
352.82432444,mixed_pdv_loss_holdover,757.0,757.0,2855.0,0.0,0.0,6.0,2.0,1.5,0.0,0.0,0.0,20.0,4,2365,Sync,0.0,c29a38.fffe.b34e68,128,248,254,65535,128,1,160,BOOTING,-1,False,False,False,False,0,healthy
352.94119779,mixed_pdv_loss_holdover,757.0,757.0,2855.0,0.0,0.0,6.0,2.0,1.5,0.0,0.0,0.0,20.0,4,2366,Sync,0.0,c29a38.fffe.b34e68,128,248,254,65535,128,1,160,BOOTING,-1,False,False,False,False,0,healthy
353.08587125699995,mixed_pdv_loss_holdover,757.0,757.0,2855.0,0.0,0.0,6.0,2.0,1.5,0.0,0.0,0.0,20.0,4,2367,Sync,0.0,c29a38.fffe.b34e68,128,248,254,65535,128,1,160,BOOTING,-1,False,False,False,False,0,healthy
353.229142132,mixed_pdv_loss_holdover,757.0,757.0,2855.0,0.0,0.0,6.0,2.0,1.5,0.0,0.0,0.0,20.0,4,2368,Sync,0.0,c29a38.fffe.b34e68,128,248,254,65535,128,1,160,BOOTING,-1,False,False,False,False,0,healthy
353.34713574,mixed_pdv_loss_holdover,757.0,757.0,2855.0,0.0,0.0,6.0,2.0,1.5,0.0,0.0,0.0,20.0,4,2369,Sync,0.0,c29a38.fffe.b34e68,128,248,254,65535,128,1,160,BOOTING,-1,False,False,False,False,0,healthy
353.465752132,mixed_pdv_loss_holdover,757.0,757.0,2855.0,0.0,0.0,6.0,2.0,1.5,0.0,0.0,0.0,20.0,4,2370,Sync,0.0,c29a38.fffe.b34e68,128,248,254,65535,128,1,160,BOOTING,-1,False,False,False,False,0,healthy
353.626143098,mixed_pdv_loss_holdover,757.0,757.0,2855.0,0.0,0.0,6.0,2.0,1.5,0.0,0.0,0.0,20.0,4,2371,Sync,0.0,c29a38.fffe.b34e68,128,248,254,65535,128,1,160,BOOTING,-1,False,False,False,False,0,healthy
353.739269198,mixed_pdv_loss_holdover,757.0,757.0,2855.0,0.0,0.0,6.0,2.0,1.5,0.0,0.0,0.0,20.0,4,2372,Sync,0.0,c29a38.fffe.b34e68,128,248,254,65535,128,1,160,BOOTING,-1,False,False,False,False,0,healthy
353.884013498,mixed_pdv_loss_holdover,757.0,757.0,2855.0,0.0,0.0,6.0,2.0,1.5,0.0,0.0,0.0,20.0,4,2373,Sync,0.0,c29a38.fffe.b34e68,128,248,254,65535,128,1,160,BOOTING,-1,False,False,False,False,0,healthy
354.05850159799996,mixed_pdv_loss_holdover,757.0,757.0,2855.0,0.0,0.0,6.0,2.0,1.5,0.0,0.0,0.0,20.0,4,2374,Sync,0.0,c29a38.fffe.b34e68,128,248,254,65535,128,1,160,BOOTING,-1,False,False,False,False,0,healthy
354.17631909799996,mixed_pdv_loss_holdover,757.0,757.0,2855.0,0.0,0.0,6.0,2.0,1.5,0.0,0.0,0.0,20.0,4,2375,Sync,0.0,c29a38.fffe.b34e68,128,248,254,65535,128,1,160,BOOTING,-1,False,False,False,False,0,healthy
354.28996549799996,mixed_pdv_loss_holdover,757.0,757.0,2855.0,0.0,0.0,6.0,2.0,1.5,0.0,0.0,0.0,20.0,4,2376,Sync,0.0,c29a38.fffe.b34e68,128,248,254,65535,128,1,160,BOOTING,-1,False,False,False,False,0,healthy
354.448614198,mixed_pdv_loss_holdover,757.0,757.0,2855.0,0.0,0.0,6.0,2.0,1.5,0.0,0.0,0.0,20.0,4,2377,Sync,0.0,c29a38.fffe.b34e68,128,248,254,65535,128,1,160,BOOTING,-1,False,False,False,False,0,healthy
354.631146398,mixed_pdv_loss_holdover,757.0,757.0,2855.0,0.0,0.0,6.0,2.0,1.5,0.0,0.0,0.0,20.0,4,2378,Sync,0.0,c29a38.fffe.b34e68,128,248,254,65535,128,1,160,BOOTING,-1,False,False,False,False,0,healthy
354.74502729799997,mixed_pdv_loss_holdover,757.0,757.0,2855.0,0.0,0.0,6.0,2.0,1.5,0.0,0.0,0.0,20.0,4,2379,Sync,0.0,c29a38.fffe.b34e68,128,248,254,65535,128,1,160,BOOTING,-1,False,False,False,False,0,healthy
354.897251198,mixed_pdv_loss_holdover,757.0,757.0,2855.0,0.0,0.0,6.0,2.0,1.5,0.0,0.0,0.0,20.0,4,2380,Sync,0.0,c29a38.fffe.b34e68,128,248,254,65535,128,1,160,BOOTING,-1,False,False,False,False,0,healthy
355.081408498,mixed_pdv_loss_holdover,757.0,757.0,2855.0,0.0,0.0,6.0,2.0,1.5,0.0,0.0,0.0,20.0,4,2381,Sync,0.0,c29a38.fffe.b34e68,128,248,254,65535,128,1,160,BOOTING,-1,False,False,False,False,0,healthy
355.20125519799996,mixed_pdv_loss_holdover,757.0,757.0,2855.0,0.0,0.0,6.0,2.0,1.5,0.0,0.0,0.0,20.0,4,2382,Sync,0.0,c29a38.fffe.b34e68,128,248,254,65535,128,1,160,BOOTING,-1,False,False,False,False,0,healthy
355.31968959799997,mixed_pdv_loss_holdover,757.0,757.0,2855.0,0.0,0.0,6.0,2.0,1.5,0.0,0.0,0.0,20.0,4,2383,Sync,0.0,c29a38.fffe.b34e68,128,248,254,65535,128,1,160,BOOTING,-1,False,False,False,False,0,healthy
355.435531698,mixed_pdv_loss_holdover,757.0,757.0,2855.0,0.0,0.0,6.0,2.0,1.5,0.0,0.0,0.0,20.0,4,2384,Sync,0.0,c29a38.fffe.b34e68,128,248,254,65535,128,1,160,BOOTING,-1,False,False,False,False,0,healthy
355.646153198,mixed_pdv_loss_holdover,757.0,757.0,2855.0,0.0,0.0,6.0,2.0,1.5,0.0,0.0,0.0,20.0,4,2385,Sync,0.0,c29a38.fffe.b34e68,128,248,254,65535,128,1,160,BOOTING,-1,False,False,False,False,0,healthy
355.759335298,mixed_pdv_loss_holdover,757.0,757.0,2855.0,0.0,0.0,6.0,2.0,1.5,0.0,0.0,0.0,20.0,4,2386,Sync,0.0,c29a38.fffe.b34e68,128,248,254,65535,128,1,160,BOOTING,-1,False,False,False,False,0,healthy
355.913346198,mixed_pdv_loss_holdover,757.0,757.0,2855.0,0.0,0.0,6.0,2.0,1.5,0.0,0.0,0.0,20.0,4,2387,Sync,0.0,c29a38.fffe.b34e68,128,248,254,65535,128,1,160,BOOTING,-1,False,False,False,False,0,healthy
356.117243998,mixed_pdv_loss_holdover,757.0,757.0,2855.0,0.0,0.0,6.0,2.0,1.5,0.0,0.0,0.0,20.0,4,2388,Sync,0.0,c29a38.fffe.b34e68,128,248,254,65535,128,1,160,BOOTING,-1,False,False,False,False,0,healthy
356.23069919799997,mixed_pdv_loss_holdover,757.0,757.0,2855.0,0.0,0.0,6.0,2.0,1.5,0.0,0.0,0.0,20.0,4,2389,Sync,0.0,c29a38.fffe.b34e68,128,248,254,65535,128,1,160,BOOTING,-1,False,False,False,False,0,healthy
356.347637598,mixed_pdv_loss_holdover,757.0,757.0,2855.0,0.0,0.0,6.0,2.0,1.5,0.0,0.0,0.0,20.0,4,2390,Sync,0.0,c29a38.fffe.b34e68,128,248,254,65535,128,1,160,BOOTING,-1,False,False,False,False,0,healthy
356.46213429899996,mixed_pdv_loss_holdover,757.0,757.0,2855.0,0.0,0.0,6.0,2.0,1.5,0.0,0.0,0.0,20.0,4,2391,Sync,0.0,c29a38.fffe.b34e68,128,248,254,65535,128,1,160,BOOTING,-1,False,False,False,False,0,healthy
356.68484329899997,mixed_pdv_loss_holdover,757.0,757.0,2855.0,0.0,0.0,6.0,2.0,1.5,0.0,0.0,0.0,20.0,4,2392,Sync,0.0,c29a38.fffe.b34e68,128,248,254,65535,128,1,160,BOOTING,-1,False,False,False,False,0,healthy
356.79930249899996,mixed_pdv_loss_holdover,757.0,757.0,2855.0,0.0,0.0,6.0,2.0,1.5,0.0,0.0,0.0,20.0,4,2393,Sync,0.0,c29a38.fffe.b34e68,128,248,254,65535,128,1,160,BOOTING,-1,False,False,False,False,0,healthy
356.965442499,mixed_pdv_loss_holdover,757.0,757.0,2855.0,0.0,0.0,6.0,2.0,1.5,0.0,0.0,0.0,20.0,4,2394,Sync,0.0,c29a38.fffe.b34e68,128,248,254,65535,128,1,160,BOOTING,-1,False,False,False,False,0,healthy
357.07949729899997,mixed_pdv_loss_holdover,757.0,757.0,2855.0,0.0,0.0,6.0,2.0,1.5,0.0,0.0,0.0,20.0,4,2395,Sync,0.0,c29a38.fffe.b34e68,128,248,254,65535,128,1,160,BOOTING,-1,False,False,False,False,0,healthy
357.19425729899996,mixed_pdv_loss_holdover,757.0,757.0,2855.0,0.0,0.0,6.0,2.0,1.5,0.0,0.0,0.0,20.0,4,2396,Sync,0.0,c29a38.fffe.b34e68,128,248,254,65535,128,1,160,BOOTING,-1,False,False,False,False,0,healthy
357.35081019899997,mixed_pdv_loss_holdover,757.0,757.0,2855.0,0.0,0.0,6.0,2.0,1.5,0.0,0.0,0.0,20.0,4,2397,Sync,0.0,c29a38.fffe.b34e68,128,248,254,65535,128,1,160,BOOTING,-1,False,False,False,False,0,healthy
357.466946699,mixed_pdv_loss_holdover,757.0,757.0,2855.0,0.0,0.0,6.0,2.0,1.5,0.0,0.0,0.0,20.0,4,2398,Sync,0.0,c29a38.fffe.b34e68,128,248,254,65535,128,1,160,BOOTING,-1,False,False,False,False,0,healthy
357.625091699,mixed_pdv_loss_holdover,757.0,757.0,2855.0,0.0,0.0,6.0,2.0,1.5,0.0,0.0,0.0,20.0,4,2399,Sync,0.0,c29a38.fffe.b34e68,128,248,254,65535,128,1,160,BOOTING,-1,False,False,False,False,0,healthy
357.744071899,mixed_pdv_loss_holdover,757.0,757.0,2855.0,0.0,0.0,6.0,2.0,1.5,0.0,0.0,0.0,20.0,4,2400,Sync,0.0,c29a38.fffe.b34e68,128,248,254,65535,128,1,160,BOOTING,-1,False,False,False,False,0,healthy
357.927297799,mixed_pdv_loss_holdover,757.0,757.0,2855.0,0.0,0.0,6.0,2.0,1.5,0.0,0.0,0.0,20.0,4,2401,Sync,0.0,c29a38.fffe.b34e68,128,248,254,65535,128,1,160,BOOTING,-1,False,False,False,False,0,healthy
358.05314128199996,mixed_pdv_loss_holdover,757.0,757.0,2855.0,0.0,0.0,6.0,2.0,1.5,0.0,0.0,0.0,20.0,4,2402,Sync,0.0,c29a38.fffe.b34e68,128,248,254,65535,128,1,160,BOOTING,-1,False,False,False,False,0,healthy
358.166058665,mixed_pdv_loss_holdover,757.0,757.0,2855.0,0.0,0.0,6.0,2.0,1.5,0.0,0.0,0.0,20.0,4,2403,Sync,0.0,c29a38.fffe.b34e68,128,248,254,65535,128,1,160,BOOTING,-1,False,False,False,False,0,healthy
358.27952944,mixed_pdv_loss_holdover,757.0,757.0,2855.0,0.0,0.0,6.0,2.0,1.5,0.0,0.0,0.0,20.0,4,2404,Sync,0.0,c29a38.fffe.b34e68,128,248,254,65535,128,1,160,BOOTING,-1,False,False,False,False,0,healthy
358.430465024,mixed_pdv_loss_holdover,757.0,757.0,2855.0,0.0,0.0,6.0,2.0,1.5,0.0,0.0,0.0,20.0,4,2405,Sync,0.0,c29a38.fffe.b34e68,128,248,254,65535,128,1,160,BOOTING,-1,False,False,False,False,0,healthy
358.61085713999995,mixed_pdv_loss_holdover,757.0,757.0,2855.0,0.0,0.0,6.0,2.0,1.5,0.0,0.0,0.0,20.0,4,2406,Announce,5.54347951658971,c29a38.fffe.b34e68,128,248,254,65535,128,1,160,BOOTING,-1,False,False,False,False,0,healthy
358.72356607399996,mixed_pdv_loss_holdover,757.0,757.0,2855.0,0.0,0.0,6.0,2.0,1.5,0.0,0.0,0.0,20.0,4,2407,Sync,35.48964450324412,c29a38.fffe.b34e68,128,248,254,65535,128,1,160,BOOTING,-1,False,False,False,False,0,healthy
358.92989637399995,mixed_pdv_loss_holdover,757.0,757.0,2855.0,0.0,0.0,6.0,2.0,1.5,0.0,0.0,0.0,20.0,4,2408,Sync,9.693195812733718,c29a38.fffe.b34e68,128,248,254,65535,128,1,160,BOOTING,-1,False,False,False,False,0,healthy
359.15451967399997,mixed_pdv_loss_holdover,757.0,757.0,2855.0,0.0,0.0,6.0,2.0,1.5,0.0,0.0,0.0,20.0,4,2409,Sync,17.807591643429976,c29a38.fffe.b34e68,128,248,254,65535,128,1,160,BOOTING,-1,False,False,False,False,0,healthy
359.26882351499995,mixed_pdv_loss_holdover,757.0,757.0,2855.0,0.0,0.0,6.0,2.0,1.5,0.0,0.0,0.0,20.0,4,2410,Sync,17.497224787051064,c29a38.fffe.b34e68,128,248,254,65535,128,1,160,BOOTING,-1,False,False,False,False,0,healthy
359.399369315,mixed_pdv_loss_holdover,757.0,757.0,2855.0,0.0,0.0,6.0,2.0,1.5,0.0,0.0,0.0,20.0,4,2411,Sync,15.320293720665358,c29a38.fffe.b34e68,128,248,254,65535,128,1,160,BOOTING,-1,False,False,False,False,0,healthy
359.51835246499996,mixed_pdv_loss_holdover,757.0,757.0,2855.0,0.0,0.0,6.0,2.0,1.5,0.0,0.0,0.0,20.0,4,2412,Sync,16.809102801536405,c29a38.fffe.b34e68,128,248,254,65535,128,1,160,BOOTING,-1,False,False,False,False,0,healthy
359.67462809,mixed_pdv_loss_holdover,757.0,757.0,2855.0,0.0,0.0,6.0,2.0,1.5,0.0,0.0,0.0,20.0,4,2413,Sync,12.7979011442095,c29a38.fffe.b34e68,128,248,254,65535,128,1,160,BOOTING,-1,False,False,False,False,0,healthy
359.850465657,mixed_pdv_loss_holdover,757.0,757.0,2855.0,0.0,0.0,6.0,2.0,1.5,0.0,0.0,0.0,20.0,4,2414,Sync,11.37413371967493,c29a38.fffe.b34e68,128,248,254,65535,128,1,160,BOOTING,-1,False,False,False,False,0,healthy
359.96963113199996,mixed_pdv_loss_holdover,757.0,757.0,2855.0,0.0,0.0,6.0,2.0,1.5,0.0,0.0,0.0,20.0,4,2415,Sync,41.95846154266146,c29a38.fffe.b34e68,128,248,254,65535,128,1,160,BOOTING,-1,False,False,False,False,0,healthy
360.276100574,mixed_pdv_loss_holdover,757.0,757.0,2855.0,0.0,0.0,6.0,2.0,1.5,0.0,0.0,0.0,20.0,4,2416,Sync,13.051872232010409,c29a38.fffe.b34e68,128,248,254,65535,128,1,160,BOOTING,-1,False,False,False,False,0,healthy
360.48246534,mixed_pdv_loss_holdover,757.0,757.0,2855.0,0.0,0.0,6.0,2.0,1.5,0.0,0.0,0.0,20.0,4,2417,Sync,0.0,c29a38.fffe.b34e68,128,248,254,65535,128,1,160,BOOTING,-1,False,False,False,False,0,healthy
360.59662764899997,mixed_pdv_loss_holdover,757.0,757.0,2855.0,0.0,0.0,6.0,2.0,1.5,0.0,0.0,0.0,20.0,4,2418,Sync,26.27837529109682,c29a38.fffe.b34e68,128,248,254,65535,128,1,160,BOOTING,-1,False,False,False,False,0,healthy
360.71030560699995,mixed_pdv_loss_holdover,757.0,757.0,2200.0,-655.0,0.0,6.0,2.0,1.5,0.0,0.0,0.0,20.0,4,2419,Sync,26.39034033317578,c29a38.fffe.b34e68,128,248,254,65535,128,1,160,BOOTING,-1,False,False,False,False,0,healthy
360.827476413,mixed_pdv_loss_holdover,1400.0,1400.0,2200.0,-655.0,5487.715088344979,6.0,2.0,1.5,0.0,0.0,0.0,20.0,4,2420,Sync,17.069098253017046,c29a38.fffe.b34e68,128,248,254,65535,128,1,160,BOOTING,-1,False,False,False,False,0,healthy
360.960090123,mixed_pdv_loss_holdover,1512.0,1512.0,2570.0,-285.0,844.5582285572967,6.0,2.0,1.5,0.0,0.0,0.0,20.0,4,2421,Delay_Resp,30.16279387704631,c29a38.fffe.b34e68,128,248,254,65535,128,1,160,BOOTING,-1,False,False,False,False,0,healthy
361.0775988,mixed_pdv_loss_holdover,1428.0,1428.0,2546.0,-309.0,-714.8408283075778,6.0,2.0,1.5,0.0,0.0,0.0,20.0,4,2422,Sync,25.53002958241349,c29a38.fffe.b34e68,128,248,254,65535,128,1,160,BOOTING,-1,False,False,False,False,0,healthy
361.249223971,mixed_pdv_loss_holdover,1428.0,1428.0,2570.0,-285.0,0.0,6.0,2.0,1.5,0.0,0.0,0.0,20.0,4,2423,Sync,29.13325575069358,c29a38.fffe.b34e68,128,248,254,65535,128,1,160,BOOTING,-1,False,False,False,False,0,healthy
361.443780798,mixed_pdv_loss_holdover,1737.0,1737.0,2546.0,-309.0,1588.2249148729347,6.0,2.0,1.5,0.0,0.0,0.0,20.0,4,2424,Sync,15.419659367698396,c29a38.fffe.b34e68,128,248,254,65535,128,1,160,BOOTING,-1,False,False,False,False,0,healthy
361.554645409,mixed_pdv_loss_holdover,881.0,881.0,2546.0,-309.0,-7721.129333145957,6.0,2.0,1.5,0.0,0.0,0.0,20.0,4,2425,Sync,18.040021806415787,c29a38.fffe.b34e68,128,248,254,65535,128,1,160,BOOTING,-1,False,False,False,False,0,healthy
361.67065681699995,mixed_pdv_loss_holdover,714.0,714.0,2522.0,-333.0,-1439.5136036970885,6.0,2.0,1.5,0.0,0.0,0.0,20.0,4,2426,Delay_Resp,34.47936775322368,c29a38.fffe.b34e68,128,248,254,65535,128,1,160,BOOTING,-1,False,False,False,False,0,healthy
361.863551526,mixed_pdv_loss_holdover,1285.0,1285.0,2546.0,-309.0,2960.164138042342,6.0,2.0,1.5,0.0,0.0,0.0,20.0,4,2427,Delay_Resp,20.73670149241571,c29a38.fffe.b34e68,128,248,254,65535,128,1,160,BOOTING,-1,False,False,False,False,0,healthy
361.97901839599996,mixed_pdv_loss_holdover,1285.0,1285.0,2546.0,-309.0,0.0,6.0,2.0,1.5,0.0,0.0,0.0,20.0,4,2428,Sync,8.660492832274706,c29a38.fffe.b34e68,128,248,254,65535,128,1,160,BOOTING,-1,False,False,False,False,0,healthy
362.11182486999996,mixed_pdv_loss_holdover,405.0,405.0,2546.0,-309.0,-6626.182997674955,6.0,2.0,1.5,0.0,0.0,0.0,20.0,4,2429,Sync,15.059506812897625,c29a38.fffe.b34e68,128,248,254,65535,128,1,160,BOOTING,-1,False,False,False,False,0,healthy
362.233813237,mixed_pdv_loss_holdover,405.0,405.0,2546.0,-309.0,0.0,6.0,2.0,1.5,0.0,0.0,0.0,20.0,4,2430,Sync,8.197502963538858,c29a38.fffe.b34e68,128,248,254,65535,128,1,160,BOOTING,-1,False,False,False,False,0,healthy
362.350833663,mixed_pdv_loss_holdover,309.0,309.0,2546.0,-309.0,-820.3695994064436,6.0,2.0,1.5,0.0,0.0,0.0,20.0,4,2431,Sync,25.636549981451363,c29a38.fffe.b34e68,128,248,254,65535,128,1,160,BOOTING,-1,False,False,False,False,0,healthy
362.463946255,mixed_pdv_loss_holdover,1000.0,1000.0,2522.0,-333.0,6108.957347560756,6.0,2.0,1.5,0.0,0.0,0.0,20.0,4,2432,Sync,53.04449216405866,c29a38.fffe.b34e68,128,248,254,65535,128,1,160,BOOTING,-1,False,False,False,False,0,healthy
362.71185913,mixed_pdv_loss_holdover,1856.0,1856.0,2522.0,-333.0,3452.8259171695277,6.0,2.0,1.5,0.0,0.0,0.0,20.0,4,2433,Sync,12.101025410640869,c29a38.fffe.b34e68,128,248,254,65535,128,1,160,BOOTING,-1,False,False,False,False,0,healthy
362.824543866,mixed_pdv_loss_holdover,1666.0,1666.0,2522.0,-333.0,-1686.1201147952331,6.0,2.0,1.5,0.0,0.0,0.0,20.0,4,2434,Sync,17.748632787318243,c29a38.fffe.b34e68,128,248,254,65535,128,1,160,BOOTING,-1,False,False,False,False,0,healthy
363.022127455,mixed_pdv_loss_holdover,2737.0,2737.0,2593.0,-262.0,5420.490666358589,6.0,2.0,1.5,0.0,0.0,0.0,20.0,4,2435,Sync,25.305745407836547,c29a38.fffe.b34e68,128,248,254,65535,128,1,160,BOOTING,-1,False,False,False,False,0,healthy
363.13739775,mixed_pdv_loss_holdover,619.0,619.0,2712.0,-143.0,-18374.20473331575,6.0,2.0,1.5,0.0,0.0,0.0,20.0,4,2436,Delay_Resp,34.70104765498725,c29a38.fffe.b34e68,128,248,254,65535,128,1,160,BOOTING,-1,False,False,False,False,0,healthy
363.251394382,mixed_pdv_loss_holdover,619.0,619.0,2712.0,-143.0,0.0,6.0,2.0,1.5,0.0,0.0,0.0,20.0,4,2437,Sync,17.544377977761894,c29a38.fffe.b34e68,128,248,254,65535,128,1,160,BOOTING,-1,False,False,False,False,0,healthy
363.382822736,mixed_pdv_loss_holdover,714.0,714.0,2712.0,-143.0,722.82728276438,6.0,2.0,1.5,0.0,0.0,0.0,20.0,4,2438,Delay_Resp,30.43483295850021,c29a38.fffe.b34e68,128,248,254,65535,128,1,160,BOOTING,-1,False,False,False,False,0,healthy
363.497107858,mixed_pdv_loss_holdover,1333.0,1333.0,2570.0,-285.0,5416.278069860505,6.0,2.0,1.5,0.0,0.0,0.0,20.0,4,2439,Sync,26.25013604132716,c29a38.fffe.b34e68,128,248,254,65535,128,1,160,BOOTING,-1,False,False,False,False,0,healthy
363.686338391,mixed_pdv_loss_holdover,1713.0,1713.0,2570.0,-285.0,2008.132588201293,6.0,2.0,1.5,0.0,0.0,0.0,20.0,4,2440,Sync,10.569118885269962,c29a38.fffe.b34e68,128,248,254,65535,128,1,160,BOOTING,-1,False,False,False,False,0,healthy
363.816527293,mixed_pdv_loss_holdover,571.0,571.0,2570.0,-285.0,-8771.86904917687,6.0,2.0,1.5,0.0,0.0,0.0,20.0,4,2441,Sync,23.043438833214196,c29a38.fffe.b34e68,128,248,254,65535,128,1,160,BOOTING,-1,False,False,False,False,0,healthy
363.926699576,mixed_pdv_loss_holdover,666.0,666.0,2570.0,-285.0,862.2858437090067,6.0,2.0,1.5,0.0,0.0,0.0,20.0,4,2442,Sync,18.15338618334751,c29a38.fffe.b34e68,128,248,254,65535,128,1,160,BOOTING,-1,False,False,False,False,0,healthy
364.037373459,mixed_pdv_loss_holdover,666.0,666.0,2570.0,-285.0,0.0,6.0,2.0,1.5,0.0,0.0,0.0,20.0,4,2443,Sync,27.106666168023498,c29a38.fffe.b34e68,128,248,254,65535,128,1,160,BOOTING,-1,False,False,False,False,0,healthy
364.17949970399997,mixed_pdv_loss_holdover,1190.0,1190.0,2617.0,-238.0,3686.863042079612,6.0,2.0,1.5,0.0,0.0,0.0,20.0,4,2444,Sync,21.107994515722968,c29a38.fffe.b34e68,128,248,254,65535,128,1,160,BOOTING,-1,False,False,False,False,0,healthy
364.29104419799995,mixed_pdv_loss_holdover,286.0,286.0,2331.0,-524.0,-8104.389267300926,6.0,2.0,1.5,0.0,0.0,0.0,20.0,4,2445,Delay_Resp,44.82516187666441,c29a38.fffe.b34e68,128,248,254,65535,128,1,160,BOOTING,-1,False,False,False,False,0,healthy
364.426107395,mixed_pdv_loss_holdover,1286.0,1286.0,2331.0,-524.0,7403.941430468549,6.0,2.0,1.5,0.0,0.0,0.0,20.0,4,2446,Sync,22.211824291405648,c29a38.fffe.b34e68,128,248,254,65535,128,1,160,BOOTING,-1,False,False,False,False,0,healthy
364.557912657,mixed_pdv_loss_holdover,334.0,334.0,2331.0,-524.0,-7222.776887314239,6.0,2.0,1.5,0.0,0.0,0.0,20.0,4,2447,Sync,30.34780204753882,c29a38.fffe.b34e68,128,248,254,65535,128,1,160,BOOTING,-1,False,False,False,False,0,healthy
364.67290383399995,mixed_pdv_loss_holdover,905.0,905.0,2283.0,-572.0,4965.598360647308,6.0,2.0,1.5,0.0,0.0,0.0,20.0,4,2448,Delay_Resp,60.874235594625496,c29a38.fffe.b34e68,128,248,254,65535,128,1,160,BOOTING,-1,False,False,False,False,0,healthy
364.952327062,mixed_pdv_loss_holdover,953.0,953.0,2283.0,-572.0,171.78242604796216,6.0,2.0,1.5,0.0,0.0,0.0,20.0,4,2449,Sync,10.736401627997635,c29a38.fffe.b34e68,128,248,254,65535,128,1,160,BOOTING,-1,False,False,False,False,0,healthy
365.06206874199995,mixed_pdv_loss_holdover,953.0,953.0,2283.0,-572.0,0.0,6.0,2.0,1.5,0.0,0.0,0.0,20.0,4,2450,Sync,9.112308103907257,c29a38.fffe.b34e68,128,248,254,65535,128,1,160,BOOTING,-1,False,False,False,False,0,healthy
365.174656031,mixed_pdv_loss_holdover,763.0,763.0,2188.0,-667.0,-1687.5794922102211,6.0,2.0,1.5,0.0,0.0,0.0,20.0,4,2451,Sync,26.64599198226665,c29a38.fffe.b34e68,128,248,254,65535,128,1,160,BOOTING,-1,False,False,False,False,0,healthy
365.28844383,mixed_pdv_loss_holdover,1309.0,1309.0,2117.0,-738.0,4798.405495126014,6.0,2.0,1.5,0.0,0.0,0.0,20.0,4,2452,Sync,26.364865357835246,c29a38.fffe.b34e68,128,248,254,65535,128,1,160,BOOTING,-1,False,False,False,False,0,healthy
365.39953449499995,mixed_pdv_loss_holdover,928.0,928.0,2117.0,-738.0,-3429.63110356909,6.0,2.0,1.5,0.0,0.0,0.0,20.0,4,2453,Sync,18.00331287962777,c29a38.fffe.b34e68,128,248,254,65535,128,1,160,BOOTING,-1,False,False,False,False,0,healthy
365.52346861999996,mixed_pdv_loss_holdover,1119.0,1119.0,2117.0,-738.0,1541.1413119670788,6.0,2.0,1.5,0.0,0.0,0.0,20.0,4,2454,Sync,24.20640804136773,c29a38.fffe.b34e68,128,248,254,65535,128,1,160,BOOTING,-1,False,False,False,False,0,healthy
365.63418227799997,mixed_pdv_loss_holdover,739.0,739.0,2117.0,-738.0,-3432.2775244222344,6.0,2.0,1.5,0.0,0.0,0.0,20.0,4,2455,Sync,18.06461854959071,c29a38.fffe.b34e68,128,248,254,65535,128,1,160,BOOTING,-1,False,False,False,False,0,healthy
365.82413197399995,mixed_pdv_loss_holdover,931.0,931.0,2103.0,-752.0,1010.7939314628597,6.0,2.0,1.5,0.0,0.0,0.0,20.0,4,2456,Delay_Resp,21.058206905476244,c29a38.fffe.b34e68,128,248,254,65535,128,1,160,BOOTING,-1,False,False,False,False,0,healthy
365.93685251299996,mixed_pdv_loss_holdover,1038.0,1038.0,2103.0,-752.0,949.2502515445909,6.0,2.0,1.5,0.0,0.0,0.0,20.0,4,2457,Sync,26.614493033960496,c29a38.fffe.b34e68,128,248,254,65535,128,1,160,BOOTING,-1,False,False,False,False,0,healthy
366.07608193699997,mixed_pdv_loss_holdover,1038.0,1038.0,2103.0,-752.0,0.0,6.0,2.0,1.5,0.0,0.0,0.0,20.0,4,2458,Sync,14.364779674732407,c29a38.fffe.b34e68,128,248,254,65535,128,1,160,BOOTING,-1,False,False,False,False,0,healthy
366.205446765,mixed_pdv_loss_holdover,1228.0,1228.0,2103.0,-752.0,1468.714510253047,6.0,2.0,1.5,0.0,0.0,0.0,20.0,4,2459,Delay_Resp,38.6503818487644,c29a38.fffe.b34e68,128,248,254,65535,128,1,160,BOOTING,-1,False,False,False,False,0,healthy
366.316507356,mixed_pdv_loss_holdover,943.0,943.0,2103.0,-752.0,-2566.166787280736,6.0,2.0,1.5,0.0,0.0,0.0,20.0,4,2460,Sync,18.008187980917448,c29a38.fffe.b34e68,128,248,254,65535,128,1,160,BOOTING,-1,False,False,False,False,0,healthy
366.427575763,mixed_pdv_loss_holdover,191.0,191.0,2094.0,-761.0,-6770.602192934736,6.0,2.0,1.5,0.0,0.0,0.0,20.0,4,2461,Delay_Resp,36.013841451780515,c29a38.fffe.b34e68,128,248,254,65535,128,1,160,BOOTING,-1,False,False,False,False,0,healthy
366.585306748,mixed_pdv_loss_holdover,951.0,951.0,2103.0,-752.0,4818.330399699191,6.0,2.0,1.5,0.0,0.0,0.0,20.0,4,2462,Sync,25.359633682627322,c29a38.fffe.b34e68,128,248,254,65535,128,1,160,BOOTING,-1,False,False,False,False,0,healthy
366.696247579,mixed_pdv_loss_holdover,2751.0,2751.0,2103.0,-752.0,16224.864946253243,6.0,2.0,1.5,0.0,0.0,0.0,20.0,4,2463,Sync,18.027627718059158,c29a38.fffe.b34e68,128,248,254,65535,128,1,160,BOOTING,-1,False,False,False,False,0,healthy
366.826241331,mixed_pdv_loss_holdover,1704.0,1704.0,2103.0,-752.0,-8054.233252686259,6.0,2.0,1.5,0.0,0.0,0.0,20.0,4,2464,Sync,38.46338707109007,c29a38.fffe.b34e68,128,248,254,65535,128,1,160,BOOTING,-1,False,False,False,False,0,healthy
367.01411353199995,mixed_pdv_loss_holdover,1704.0,1704.0,2103.0,-752.0,0.0,6.0,2.0,1.5,0.0,0.0,0.0,20.0,4,2465,Sync,5.322767257090248,c29a38.fffe.b34e68,128,248,254,65535,128,1,160,BOOTING,-1,False,False,False,False,0,healthy
367.128044178,mixed_pdv_loss_holdover,1999.0,1999.0,2307.0,-548.0,2589.294543277902,6.0,2.0,1.5,0.0,0.0,0.0,20.0,4,2466,Delay_Resp,61.44088746761123,c29a38.fffe.b34e68,128,248,254,65535,128,1,160,BOOTING,-1,False,False,False,False,0,healthy
367.40653905199997,mixed_pdv_loss_holdover,429.0,429.0,2426.0,-429.0,-5637.446669844493,6.0,2.0,1.5,0.0,0.0,0.0,20.0,4,2467,Sync,10.772191088874827,c29a38.fffe.b34e68,128,248,254,65535,128,1,160,BOOTING,-1,False,False,False,False,0,healthy
367.517332009,mixed_pdv_loss_holdover,452.0,452.0,2403.0,-380.5,207.59442317258296,6.0,2.0,1.5,0.0,0.0,0.0,20.0,4,2468,Delay_Resp,45.12922242882238,c29a38.fffe.b34e68,128,248,254,65535,128,1,160,BOOTING,-1,False,False,False,False,0,healthy
367.630147262,mixed_pdv_loss_holdover,2356.0,2356.0,2403.0,-309.0,16877.150468295862,6.0,2.0,1.5,0.0,0.0,0.0,20.0,4,2469,Sync,26.592148847104824,c29a38.fffe.b34e68,128,248,254,65535,128,1,160,BOOTING,-1,False,False,False,False,0,healthy
367.742185136,mixed_pdv_loss_holdover,2356.0,2356.0,2403.0,-309.0,0.0,6.0,2.0,1.5,0.0,0.0,0.0,20.0,4,2470,Sync,0.0,c29a38.fffe.b34e68,128,248,254,65535,128,1,160,BOOTING,-1,False,False,False,False,0,healthy
367.853766089,mixed_pdv_loss_holdover,453.0,453.0,2331.0,-333.5,-17054.882117741283,6.0,2.0,1.5,0.0,0.0,0.0,20.0,4,2471,Sync,26.88630917142609,c29a38.fffe.b34e68,128,248,254,65535,128,1,160,BOOTING,-1,False,False,False,False,0,healthy
367.979205122,mixed_pdv_loss_holdover,453.0,453.0,2331.0,-274.0,0.0,6.0,2.0,1.5,0.0,0.0,0.0,20.0,4,2472,Sync,0.0,c29a38.fffe.b34e68,128,248,254,65535,128,1,160,BOOTING,-1,False,False,False,False,0,healthy
368.092624392,mixed_pdv_loss_holdover,453.0,453.0,2331.0,-250.5,0.0,6.0,2.0,1.5,0.0,0.0,0.0,20.0,4,2473,Sync,0.0,c29a38.fffe.b34e68,128,248,254,65535,128,1,160,BOOTING,-1,False,False,False,False,0,healthy
368.24406919,mixed_pdv_loss_holdover,453.0,453.0,2331.0,-239.0,0.0,6.0,2.0,1.5,0.0,0.0,0.0,20.0,4,2474,Sync,0.0,c29a38.fffe.b34e68,128,248,254,65535,128,1,160,BOOTING,-1,False,False,False,False,0,healthy
368.381740049,mixed_pdv_loss_holdover,453.0,453.0,2331.0,-239.0,0.0,6.0,2.0,1.5,0.0,0.0,0.0,20.0,4,2475,Sync,0.0,c29a38.fffe.b34e68,128,248,254,65535,128,1,160,BOOTING,-1,False,False,False,False,0,healthy
368.495346253,mixed_pdv_loss_holdover,453.0,453.0,2331.0,-239.0,0.0,6.0,2.0,1.5,0.0,0.0,0.0,20.0,4,2476,Sync,0.0,c29a38.fffe.b34e68,128,248,254,65535,128,1,160,BOOTING,-1,False,False,False,False,0,healthy
368.61075545999995,mixed_pdv_loss_holdover,453.0,453.0,2331.0,-239.0,0.0,6.0,2.0,1.5,0.0,0.0,0.0,20.0,4,2477,Sync,0.0,c29a38.fffe.b34e68,128,248,254,65535,128,1,160,BOOTING,-1,False,False,False,False,0,healthy
368.72362296899996,mixed_pdv_loss_holdover,453.0,453.0,2331.0,-239.0,0.0,6.0,2.0,1.5,0.0,0.0,0.0,20.0,4,2478,Sync,0.0,c29a38.fffe.b34e68,128,248,254,65535,128,1,160,BOOTING,-1,False,False,False,False,0,healthy
368.835400662,mixed_pdv_loss_holdover,453.0,453.0,2331.0,-239.0,0.0,6.0,2.0,1.5,0.0,0.0,0.0,20.0,4,2479,Sync,0.0,c29a38.fffe.b34e68,128,248,254,65535,128,1,160,BOOTING,-1,False,False,False,False,0,healthy
369.064519153,mixed_pdv_loss_holdover,453.0,453.0,2331.0,-227.0,0.0,6.0,2.0,1.5,0.0,0.0,0.0,20.0,4,2480,Sync,0.0,c29a38.fffe.b34e68,128,248,254,65535,128,1,160,BOOTING,-1,False,False,False,False,0,healthy
369.17628018899995,mixed_pdv_loss_holdover,453.0,453.0,2331.0,-215.0,0.0,6.0,2.0,1.5,0.0,0.0,0.0,20.0,4,2481,Sync,0.0,c29a38.fffe.b34e68,128,248,254,65535,128,1,160,BOOTING,-1,False,False,False,False,0,healthy
369.325706306,mixed_pdv_loss_holdover,453.0,453.0,2331.0,-215.0,0.0,6.0,2.0,1.5,0.0,0.0,0.0,20.0,4,2482,Sync,0.0,c29a38.fffe.b34e68,128,248,254,65535,128,1,160,BOOTING,-1,False,False,False,False,0,healthy
369.46629729999995,mixed_pdv_loss_holdover,453.0,453.0,2331.0,-215.0,0.0,6.0,2.0,1.5,0.0,0.0,0.0,20.0,4,2483,Sync,0.0,c29a38.fffe.b34e68,128,248,254,65535,128,1,160,BOOTING,-1,False,False,False,False,0,healthy
369.580343524,mixed_pdv_loss_holdover,453.0,453.0,2331.0,-215.0,0.0,6.0,2.0,1.5,0.0,0.0,0.0,20.0,4,2484,Sync,0.0,c29a38.fffe.b34e68,128,248,254,65535,128,1,160,BOOTING,-1,False,False,False,False,0,healthy
369.69204526299995,mixed_pdv_loss_holdover,453.0,453.0,2331.0,-215.0,0.0,6.0,2.0,1.5,0.0,0.0,0.0,20.0,4,2485,Sync,0.0,c29a38.fffe.b34e68,128,248,254,65535,128,1,160,BOOTING,-1,False,False,False,False,0,healthy
369.916799256,mixed_pdv_loss_holdover,453.0,453.0,2331.0,-215.0,0.0,6.0,2.0,1.5,0.0,0.0,0.0,20.0,4,2486,Sync,0.0,c29a38.fffe.b34e68,128,248,254,65535,128,1,160,BOOTING,-1,False,False,False,False,0,healthy
370.03910533,mixed_pdv_loss_holdover,453.0,453.0,2331.0,-215.0,0.0,6.0,2.0,1.5,0.0,0.0,0.0,20.0,4,2487,Sync,0.0,c29a38.fffe.b34e68,128,248,254,65535,128,1,160,BOOTING,-1,False,False,False,False,0,healthy
370.152723527,mixed_pdv_loss_holdover,453.0,453.0,2331.0,-203.0,0.0,6.0,2.0,1.5,0.0,0.0,0.0,20.0,4,2488,Sync,0.0,c29a38.fffe.b34e68,128,248,254,65535,128,1,160,BOOTING,-1,False,False,False,False,0,healthy
370.264060725,mixed_pdv_loss_holdover,453.0,453.0,2331.0,-191.0,0.0,6.0,2.0,1.5,0.0,0.0,0.0,20.0,4,2489,Sync,0.0,c29a38.fffe.b34e68,128,248,254,65535,128,1,160,BOOTING,-1,False,False,False,False,0,healthy
370.39216019599996,mixed_pdv_loss_holdover,453.0,453.0,2331.0,-191.0,0.0,6.0,2.0,1.5,0.0,0.0,0.0,20.0,4,2490,Sync,0.0,c29a38.fffe.b34e68,128,248,254,65535,128,1,160,BOOTING,-1,False,False,False,False,0,healthy
370.50596109599996,mixed_pdv_loss_holdover,453.0,453.0,2331.0,-191.0,0.0,6.0,2.0,1.5,0.0,0.0,0.0,20.0,4,2491,Sync,0.0,c29a38.fffe.b34e68,128,248,254,65535,128,1,160,BOOTING,-1,False,False,False,False,0,healthy
370.661150996,mixed_pdv_loss_holdover,453.0,453.0,2331.0,-143.0,0.0,6.0,2.0,1.5,0.0,0.0,0.0,20.0,4,2492,Sync,0.0,c29a38.fffe.b34e68,128,248,254,65535,128,1,160,BOOTING,-1,False,False,False,False,0,healthy
370.800301996,mixed_pdv_loss_holdover,453.0,453.0,2331.0,-83.5,0.0,6.0,2.0,1.5,0.0,0.0,0.0,20.0,4,2493,Sync,0.0,c29a38.fffe.b34e68,128,248,254,65535,128,1,160,BOOTING,-1,False,False,False,False,0,healthy
370.911304196,mixed_pdv_loss_holdover,453.0,453.0,2331.0,-72.0,0.0,6.0,2.0,1.5,0.0,0.0,0.0,20.0,4,2494,Sync,0.0,c29a38.fffe.b34e68,128,248,254,65535,128,1,160,BOOTING,-1,False,False,False,False,0,healthy
371.16634949599995,mixed_pdv_loss_holdover,453.0,453.0,2331.0,-72.0,0.0,6.0,2.0,1.5,0.0,0.0,0.0,20.0,4,2495,Sync,0.0,c29a38.fffe.b34e68,128,248,254,65535,128,1,160,BOOTING,-1,False,False,False,False,0,healthy
371.34992929599997,mixed_pdv_loss_holdover,453.0,453.0,2331.0,-36.0,0.0,6.0,2.0,1.5,0.0,0.0,0.0,20.0,4,2496,Sync,0.0,c29a38.fffe.b34e68,128,248,254,65535,128,1,160,BOOTING,-1,False,False,False,False,0,healthy
371.46387959599997,mixed_pdv_loss_holdover,453.0,453.0,2331.0,0.0,0.0,6.0,2.0,1.5,0.0,0.0,0.0,20.0,4,2497,Sync,0.0,c29a38.fffe.b34e68,128,248,254,65535,128,1,160,BOOTING,-1,False,False,False,False,0,healthy
371.57701779599995,mixed_pdv_loss_holdover,453.0,453.0,2331.0,0.0,0.0,6.0,2.0,1.5,0.0,0.0,0.0,20.0,4,2498,Sync,0.0,c29a38.fffe.b34e68,128,248,254,65535,128,1,160,BOOTING,-1,False,False,False,False,0,healthy
371.69167449599996,mixed_pdv_loss_holdover,453.0,453.0,2331.0,0.0,0.0,6.0,2.0,1.5,0.0,0.0,0.0,20.0,4,2499,Sync,0.0,c29a38.fffe.b34e68,128,248,254,65535,128,1,160,BOOTING,-1,False,False,False,False,0,healthy
371.850385996,mixed_pdv_loss_holdover,453.0,453.0,2331.0,0.0,0.0,6.0,2.0,1.5,0.0,0.0,0.0,20.0,4,2500,Sync,0.0,c29a38.fffe.b34e68,128,248,254,65535,128,1,160,BOOTING,-1,False,False,False,False,0,healthy
372.142289296,mixed_pdv_loss_holdover,453.0,453.0,2331.0,0.0,0.0,6.0,2.0,1.5,0.0,0.0,0.0,20.0,4,2501,Sync,0.0,c29a38.fffe.b34e68,128,248,254,65535,128,1,160,BOOTING,-1,False,False,False,False,0,healthy
372.254005796,mixed_pdv_loss_holdover,453.0,453.0,2331.0,0.0,0.0,6.0,2.0,1.5,0.0,0.0,0.0,20.0,4,2502,Sync,0.0,c29a38.fffe.b34e68,128,248,254,65535,128,1,160,BOOTING,-1,False,False,False,False,0,healthy
372.531805696,mixed_pdv_loss_holdover,453.0,453.0,2331.0,0.0,0.0,6.0,2.0,1.5,0.0,0.0,0.0,20.0,4,2503,Sync,0.0,c29a38.fffe.b34e68,128,248,254,65535,128,1,160,BOOTING,-1,False,False,False,False,0,healthy
372.644948596,mixed_pdv_loss_holdover,453.0,453.0,2331.0,0.0,0.0,6.0,2.0,1.5,0.0,0.0,0.0,20.0,4,2504,Sync,0.0,c29a38.fffe.b34e68,128,248,254,65535,128,1,160,BOOTING,-1,False,False,False,False,0,healthy
372.760418196,mixed_pdv_loss_holdover,453.0,453.0,2331.0,0.0,0.0,6.0,2.0,1.5,0.0,0.0,0.0,20.0,4,2505,Sync,0.0,c29a38.fffe.b34e68,128,248,254,65535,128,1,160,BOOTING,-1,False,False,False,False,0,healthy
372.879979796,mixed_pdv_loss_holdover,453.0,453.0,2331.0,0.0,0.0,6.0,2.0,1.5,0.0,0.0,0.0,20.0,4,2506,Sync,0.0,c29a38.fffe.b34e68,128,248,254,65535,128,1,160,BOOTING,-1,False,False,False,False,0,healthy
372.99372929599997,mixed_pdv_loss_holdover,453.0,453.0,2331.0,0.0,0.0,6.0,2.0,1.5,0.0,0.0,0.0,20.0,4,2507,Sync,0.0,c29a38.fffe.b34e68,128,248,254,65535,128,1,160,BOOTING,-1,False,False,False,False,0,healthy
373.145117396,mixed_pdv_loss_holdover,453.0,453.0,2331.0,0.0,0.0,6.0,2.0,1.5,0.0,0.0,0.0,20.0,4,2508,Sync,0.0,c29a38.fffe.b34e68,128,248,254,65535,128,1,160,BOOTING,-1,False,False,False,False,0,healthy
373.258279196,mixed_pdv_loss_holdover,453.0,453.0,2331.0,0.0,0.0,6.0,2.0,1.5,0.0,0.0,0.0,20.0,4,2509,Sync,0.0,c29a38.fffe.b34e68,128,248,254,65535,128,1,160,BOOTING,-1,False,False,False,False,0,healthy
373.419047596,mixed_pdv_loss_holdover,453.0,453.0,2331.0,0.0,0.0,6.0,2.0,1.5,0.0,0.0,0.0,20.0,4,2510,Sync,0.0,c29a38.fffe.b34e68,128,248,254,65535,128,1,160,BOOTING,-1,False,False,False,False,0,healthy
373.532981296,mixed_pdv_loss_holdover,453.0,453.0,2331.0,0.0,0.0,6.0,2.0,1.5,0.0,0.0,0.0,20.0,4,2511,Sync,0.0,c29a38.fffe.b34e68,128,248,254,65535,128,1,160,BOOTING,-1,False,False,False,False,0,healthy
373.73103242099995,mixed_pdv_loss_holdover,453.0,453.0,2331.0,0.0,0.0,6.0,2.0,1.5,0.0,0.0,0.0,20.0,4,2512,Sync,0.0,c29a38.fffe.b34e68,128,248,254,65535,128,1,160,BOOTING,-1,False,False,False,False,0,healthy
373.86579397099996,mixed_pdv_loss_holdover,453.0,453.0,2331.0,0.0,0.0,6.0,2.0,1.5,0.0,0.0,0.0,20.0,4,2513,Sync,0.0,c29a38.fffe.b34e68,128,248,254,65535,128,1,160,BOOTING,-1,False,False,False,False,0,healthy
373.979905037,mixed_pdv_loss_holdover,453.0,453.0,2331.0,0.0,0.0,6.0,2.0,1.5,0.0,0.0,0.0,20.0,4,2514,Sync,0.0,c29a38.fffe.b34e68,128,248,254,65535,128,1,160,BOOTING,-1,False,False,False,False,0,healthy
374.09173021199996,mixed_pdv_loss_holdover,453.0,453.0,2331.0,0.0,0.0,6.0,2.0,1.5,0.0,0.0,0.0,20.0,4,2515,Sync,0.0,c29a38.fffe.b34e68,128,248,254,65535,128,1,160,BOOTING,-1,False,False,False,False,0,healthy
374.38085613699997,mixed_pdv_loss_holdover,453.0,453.0,2331.0,0.0,0.0,6.0,2.0,1.5,0.0,0.0,0.0,20.0,4,2516,Sync,0.0,c29a38.fffe.b34e68,128,248,254,65535,128,1,160,BOOTING,-1,False,False,False,False,0,healthy
374.55684082899995,mixed_pdv_loss_holdover,453.0,453.0,2331.0,0.0,0.0,6.0,2.0,1.5,0.0,0.0,0.0,20.0,4,2517,Sync,0.0,c29a38.fffe.b34e68,128,248,254,65535,128,1,160,BOOTING,-1,False,False,False,False,0,healthy
374.670954921,mixed_pdv_loss_holdover,453.0,453.0,2331.0,0.0,0.0,6.0,2.0,1.5,0.0,0.0,0.0,20.0,4,2518,Sync,0.0,c29a38.fffe.b34e68,128,248,254,65535,128,1,160,BOOTING,-1,False,False,False,False,0,healthy
374.783677146,mixed_pdv_loss_holdover,453.0,453.0,2331.0,0.0,0.0,6.0,2.0,1.5,0.0,0.0,0.0,20.0,4,2519,Sync,0.0,c29a38.fffe.b34e68,128,248,254,65535,128,1,160,BOOTING,-1,False,False,False,False,0,healthy
374.895173696,mixed_pdv_loss_holdover,453.0,453.0,2331.0,0.0,0.0,6.0,2.0,1.5,0.0,0.0,0.0,20.0,4,2520,Sync,0.0,c29a38.fffe.b34e68,128,248,254,65535,128,1,160,BOOTING,-1,False,False,False,False,0,healthy
375.043308954,mixed_pdv_loss_holdover,453.0,453.0,2331.0,0.0,0.0,6.0,2.0,1.5,0.0,0.0,0.0,20.0,4,2521,Sync,0.0,c29a38.fffe.b34e68,128,248,254,65535,128,1,160,BOOTING,-1,False,False,False,False,0,healthy
375.185828529,mixed_pdv_loss_holdover,453.0,453.0,2331.0,0.0,0.0,6.0,2.0,1.5,0.0,0.0,0.0,20.0,4,2522,Sync,0.0,c29a38.fffe.b34e68,128,248,254,65535,128,1,160,BOOTING,-1,False,False,False,False,0,healthy
375.303427787,mixed_pdv_loss_holdover,453.0,453.0,2331.0,0.0,0.0,6.0,2.0,1.5,0.0,0.0,0.0,20.0,4,2523,Sync,0.0,c29a38.fffe.b34e68,128,248,254,65535,128,1,160,BOOTING,-1,False,False,False,False,0,healthy
375.566268296,mixed_pdv_loss_holdover,453.0,453.0,2331.0,0.0,0.0,6.0,2.0,1.5,0.0,0.0,0.0,20.0,4,2524,Sync,0.0,c29a38.fffe.b34e68,128,248,254,65535,128,1,160,BOOTING,-1,False,False,False,False,0,healthy
375.696869371,mixed_pdv_loss_holdover,453.0,453.0,2331.0,0.0,0.0,6.0,2.0,1.5,0.0,0.0,0.0,20.0,4,2525,Sync,0.0,c29a38.fffe.b34e68,128,248,254,65535,128,1,160,BOOTING,-1,False,False,False,False,0,healthy
375.81002407899996,mixed_pdv_loss_holdover,453.0,453.0,2331.0,0.0,0.0,6.0,2.0,1.5,0.0,0.0,0.0,20.0,4,2526,Sync,0.0,c29a38.fffe.b34e68,128,248,254,65535,128,1,160,BOOTING,-1,False,False,False,False,0,healthy
375.922503754,mixed_pdv_loss_holdover,453.0,453.0,2331.0,0.0,0.0,6.0,2.0,1.5,0.0,0.0,0.0,20.0,4,2527,Sync,0.0,c29a38.fffe.b34e68,128,248,254,65535,128,1,160,BOOTING,-1,False,False,False,False,0,healthy
376.034729604,mixed_pdv_loss_holdover,453.0,453.0,2331.0,0.0,0.0,6.0,2.0,1.5,0.0,0.0,0.0,20.0,4,2528,Sync,0.0,c29a38.fffe.b34e68,128,248,254,65535,128,1,160,BOOTING,-1,False,False,False,False,0,healthy
376.314879987,mixed_pdv_loss_holdover,453.0,453.0,2331.0,0.0,0.0,6.0,2.0,1.5,0.0,0.0,0.0,20.0,4,2529,Sync,0.0,c29a38.fffe.b34e68,128,248,254,65535,128,1,160,BOOTING,-1,False,False,False,False,0,healthy
376.429004346,mixed_pdv_loss_holdover,453.0,453.0,2331.0,0.0,0.0,6.0,2.0,1.5,0.0,0.0,0.0,20.0,4,2530,Sync,0.0,c29a38.fffe.b34e68,128,248,254,65535,128,1,160,BOOTING,-1,False,False,False,False,0,healthy
376.64063004599996,mixed_pdv_loss_holdover,453.0,453.0,2331.0,0.0,0.0,6.0,2.0,1.5,0.0,0.0,0.0,20.0,4,2531,Sync,0.0,c29a38.fffe.b34e68,128,248,254,65535,128,1,160,BOOTING,-1,False,False,False,False,0,healthy
376.75310027899997,mixed_pdv_loss_holdover,453.0,453.0,2331.0,0.0,0.0,6.0,2.0,1.5,0.0,0.0,0.0,20.0,4,2532,Sync,0.0,c29a38.fffe.b34e68,128,248,254,65535,128,1,160,BOOTING,-1,False,False,False,False,0,healthy
376.863808404,mixed_pdv_loss_holdover,453.0,453.0,2331.0,0.0,0.0,6.0,2.0,1.5,0.0,0.0,0.0,20.0,4,2533,Sync,0.0,c29a38.fffe.b34e68,128,248,254,65535,128,1,160,BOOTING,-1,False,False,False,False,0,healthy
376.97741438699995,mixed_pdv_loss_holdover,453.0,453.0,2331.0,0.0,0.0,6.0,2.0,1.5,0.0,0.0,0.0,20.0,4,2534,Sync,0.0,c29a38.fffe.b34e68,128,248,254,65535,128,1,160,BOOTING,-1,False,False,False,False,0,healthy
377.089322429,mixed_pdv_loss_holdover,453.0,453.0,2331.0,0.0,0.0,6.0,2.0,1.5,0.0,0.0,0.0,20.0,4,2535,Sync,0.0,c29a38.fffe.b34e68,128,248,254,65535,128,1,160,BOOTING,-1,False,False,False,False,0,healthy
377.23807506199995,mixed_pdv_loss_holdover,453.0,453.0,2331.0,0.0,0.0,6.0,2.0,1.5,0.0,0.0,0.0,20.0,4,2536,Sync,0.0,c29a38.fffe.b34e68,128,248,254,65535,128,1,160,BOOTING,-1,False,False,False,False,0,healthy
377.445952696,mixed_pdv_loss_holdover,453.0,453.0,2331.0,0.0,0.0,6.0,2.0,1.5,0.0,0.0,0.0,20.0,4,2537,Sync,0.0,c29a38.fffe.b34e68,128,248,254,65535,128,1,160,BOOTING,-1,False,False,False,False,0,healthy
377.565186096,mixed_pdv_loss_holdover,453.0,453.0,2331.0,0.0,0.0,6.0,2.0,1.5,0.0,0.0,0.0,20.0,4,2538,Sync,0.0,c29a38.fffe.b34e68,128,248,254,65535,128,1,160,BOOTING,-1,False,False,False,False,0,healthy
377.746319429,mixed_pdv_loss_holdover,453.0,453.0,2331.0,0.0,0.0,6.0,2.0,1.5,0.0,0.0,0.0,20.0,4,2539,Sync,0.0,c29a38.fffe.b34e68,128,248,254,65535,128,1,160,BOOTING,-1,False,False,False,False,0,healthy
377.92428265399997,mixed_pdv_loss_holdover,453.0,453.0,2331.0,0.0,0.0,6.0,2.0,1.5,0.0,0.0,0.0,20.0,4,2540,Sync,0.0,c29a38.fffe.b34e68,128,248,254,65535,128,1,160,BOOTING,-1,False,False,False,False,0,healthy
378.03599177899997,mixed_pdv_loss_holdover,453.0,453.0,2331.0,0.0,0.0,6.0,2.0,1.5,0.0,0.0,0.0,20.0,4,2541,Sync,0.0,c29a38.fffe.b34e68,128,248,254,65535,128,1,160,BOOTING,-1,False,False,False,False,0,healthy
378.14948473699997,mixed_pdv_loss_holdover,453.0,453.0,2331.0,0.0,0.0,6.0,2.0,1.5,0.0,0.0,0.0,20.0,4,2542,Sync,0.0,c29a38.fffe.b34e68,128,248,254,65535,128,1,160,BOOTING,-1,False,False,False,False,0,healthy
378.262585179,mixed_pdv_loss_holdover,453.0,453.0,2331.0,0.0,0.0,6.0,2.0,1.5,0.0,0.0,0.0,20.0,4,2543,Sync,0.0,c29a38.fffe.b34e68,128,248,254,65535,128,1,160,BOOTING,-1,False,False,False,False,0,healthy
378.406360312,mixed_pdv_loss_holdover,453.0,453.0,2331.0,0.0,0.0,6.0,2.0,1.5,0.0,0.0,0.0,20.0,4,2544,Sync,0.0,c29a38.fffe.b34e68,128,248,254,65535,128,1,160,BOOTING,-1,False,False,False,False,0,healthy
378.52378558699996,mixed_pdv_loss_holdover,453.0,453.0,2331.0,0.0,0.0,6.0,2.0,1.5,0.0,0.0,0.0,20.0,4,2545,Sync,0.0,c29a38.fffe.b34e68,128,248,254,65535,128,1,160,BOOTING,-1,False,False,False,False,0,healthy
378.68488361199996,mixed_pdv_loss_holdover,453.0,453.0,2331.0,0.0,0.0,6.0,2.0,1.5,0.0,0.0,0.0,20.0,4,2546,Sync,0.0,c29a38.fffe.b34e68,128,248,254,65535,128,1,160,BOOTING,-1,False,False,False,False,0,healthy
378.87848187099996,mixed_pdv_loss_holdover,453.0,453.0,2331.0,0.0,0.0,6.0,2.0,1.5,0.0,0.0,0.0,20.0,4,2547,Sync,0.0,c29a38.fffe.b34e68,128,248,254,65535,128,1,160,BOOTING,-1,False,False,False,False,0,healthy
379.008899521,mixed_pdv_loss_holdover,453.0,453.0,2331.0,0.0,0.0,6.0,2.0,1.5,0.0,0.0,0.0,20.0,4,2548,Sync,0.0,c29a38.fffe.b34e68,128,248,254,65535,128,1,160,BOOTING,-1,False,False,False,False,0,healthy
379.121824787,mixed_pdv_loss_holdover,453.0,453.0,2331.0,0.0,0.0,6.0,2.0,1.5,0.0,0.0,0.0,20.0,4,2549,Sync,0.0,c29a38.fffe.b34e68,128,248,254,65535,128,1,160,BOOTING,-1,False,False,False,False,0,healthy
379.238716471,mixed_pdv_loss_holdover,453.0,453.0,2331.0,0.0,0.0,6.0,2.0,1.5,0.0,0.0,0.0,20.0,4,2550,Sync,0.0,c29a38.fffe.b34e68,128,248,254,65535,128,1,160,BOOTING,-1,False,False,False,False,0,healthy
379.43120812899997,mixed_pdv_loss_holdover,453.0,453.0,2331.0,0.0,0.0,6.0,2.0,1.5,0.0,0.0,0.0,20.0,4,2551,Sync,0.0,c29a38.fffe.b34e68,128,248,254,65535,128,1,160,BOOTING,-1,False,False,False,False,0,healthy
379.549632629,mixed_pdv_loss_holdover,453.0,453.0,2331.0,0.0,0.0,6.0,2.0,1.5,0.0,0.0,0.0,20.0,4,2552,Sync,0.0,c29a38.fffe.b34e68,128,248,254,65535,128,1,160,BOOTING,-1,False,False,False,False,0,healthy
379.72356772899997,mixed_pdv_loss_holdover,453.0,453.0,2331.0,0.0,0.0,6.0,2.0,1.5,0.0,0.0,0.0,20.0,4,2553,Sync,0.0,c29a38.fffe.b34e68,128,248,254,65535,128,1,160,BOOTING,-1,False,False,False,False,0,healthy
379.89184902899996,mixed_pdv_loss_holdover,453.0,453.0,2331.0,0.0,0.0,6.0,2.0,1.5,0.0,0.0,0.0,20.0,4,2554,Sync,0.0,c29a38.fffe.b34e68,128,248,254,65535,128,1,160,BOOTING,-1,False,False,False,False,0,healthy
380.01026592899996,mixed_pdv_loss_holdover,453.0,453.0,2331.0,0.0,0.0,6.0,2.0,1.5,0.0,0.0,0.0,20.0,4,2555,Sync,0.0,c29a38.fffe.b34e68,128,248,254,65535,128,1,160,BOOTING,-1,False,False,False,False,0,healthy
380.12516452899996,mixed_pdv_loss_holdover,453.0,453.0,2331.0,0.0,0.0,6.0,2.0,1.5,0.0,0.0,0.0,20.0,4,2556,Sync,0.0,c29a38.fffe.b34e68,128,248,254,65535,128,1,160,BOOTING,-1,False,False,False,False,0,healthy
380.23775602899997,mixed_pdv_loss_holdover,453.0,453.0,2331.0,0.0,0.0,6.0,2.0,1.5,0.0,0.0,0.0,20.0,4,2557,Sync,0.0,c29a38.fffe.b34e68,128,248,254,65535,128,1,160,BOOTING,-1,False,False,False,False,0,healthy
380.483252329,mixed_pdv_loss_holdover,453.0,453.0,2331.0,0.0,0.0,6.0,2.0,1.5,0.0,0.0,0.0,20.0,4,2558,Sync,0.0,c29a38.fffe.b34e68,128,248,254,65535,128,1,160,BOOTING,-1,False,False,False,False,0,healthy
380.59743332899995,mixed_pdv_loss_holdover,453.0,453.0,2331.0,0.0,0.0,6.0,2.0,1.5,0.0,0.0,0.0,20.0,4,2559,Sync,0.0,c29a38.fffe.b34e68,128,248,254,65535,128,1,160,BOOTING,-1,False,False,False,False,0,healthy
380.773403229,mixed_pdv_loss_holdover,453.0,453.0,2331.0,0.0,0.0,6.0,2.0,1.5,0.0,0.0,0.0,20.0,4,2560,Sync,0.0,c29a38.fffe.b34e68,128,248,254,65535,128,1,160,BOOTING,-1,False,False,False,False,0,healthy
380.890780629,mixed_pdv_loss_holdover,453.0,453.0,2331.0,0.0,0.0,6.0,2.0,1.5,0.0,0.0,0.0,20.0,4,2561,Sync,0.0,c29a38.fffe.b34e68,128,248,254,65535,128,1,160,BOOTING,-1,False,False,False,False,0,healthy
381.006291929,mixed_pdv_loss_holdover,453.0,453.0,2331.0,0.0,0.0,6.0,2.0,1.5,0.0,0.0,0.0,20.0,4,2562,Sync,0.0,c29a38.fffe.b34e68,128,248,254,65535,128,1,160,BOOTING,-1,False,False,False,False,0,healthy
381.17274712899996,mixed_pdv_loss_holdover,453.0,453.0,2331.0,0.0,0.0,6.0,2.0,1.5,0.0,0.0,0.0,20.0,4,2563,Sync,0.0,c29a38.fffe.b34e68,128,248,254,65535,128,1,160,BOOTING,-1,False,False,False,False,0,healthy
381.29689542899996,mixed_pdv_loss_holdover,453.0,453.0,2331.0,0.0,0.0,6.0,2.0,1.5,0.0,0.0,0.0,20.0,4,2564,Sync,0.0,c29a38.fffe.b34e68,128,248,254,65535,128,1,160,BOOTING,-1,False,False,False,False,0,healthy
381.521697729,mixed_pdv_loss_holdover,453.0,453.0,2331.0,0.0,0.0,6.0,2.0,1.5,0.0,0.0,0.0,20.0,4,2565,Sync,0.0,c29a38.fffe.b34e68,128,248,254,65535,128,1,160,BOOTING,-1,False,False,False,False,0,healthy
381.66621812899996,mixed_pdv_loss_holdover,453.0,453.0,2331.0,0.0,0.0,6.0,2.0,1.5,0.0,0.0,0.0,20.0,4,2566,Sync,0.0,c29a38.fffe.b34e68,128,248,254,65535,128,1,160,BOOTING,-1,False,False,False,False,0,healthy
381.783386829,mixed_pdv_loss_holdover,453.0,453.0,2331.0,0.0,0.0,6.0,2.0,1.5,0.0,0.0,0.0,20.0,4,2567,Sync,0.0,c29a38.fffe.b34e68,128,248,254,65535,128,1,160,BOOTING,-1,False,False,False,False,0,healthy
381.89663457899997,mixed_pdv_loss_holdover,453.0,453.0,2331.0,0.0,0.0,6.0,2.0,1.5,0.0,0.0,0.0,20.0,4,2568,Sync,0.0,c29a38.fffe.b34e68,128,248,254,65535,128,1,160,BOOTING,-1,False,False,False,False,0,healthy
382.073220146,mixed_pdv_loss_holdover,453.0,453.0,2331.0,0.0,0.0,6.0,2.0,1.5,0.0,0.0,0.0,20.0,4,2569,Sync,0.0,c29a38.fffe.b34e68,128,248,254,65535,128,1,160,BOOTING,-1,False,False,False,False,0,healthy
382.246356296,mixed_pdv_loss_holdover,453.0,453.0,2331.0,0.0,0.0,6.0,2.0,1.5,0.0,0.0,0.0,20.0,4,2570,Sync,0.0,c29a38.fffe.b34e68,128,248,254,65535,128,1,160,BOOTING,-1,False,False,False,False,0,healthy
382.36968893799997,mixed_pdv_loss_holdover,453.0,453.0,2331.0,0.0,0.0,6.0,2.0,1.5,0.0,0.0,0.0,20.0,4,2571,Sync,0.0,c29a38.fffe.b34e68,128,248,254,65535,128,1,160,BOOTING,-1,False,False,False,False,0,healthy
382.567221254,mixed_pdv_loss_holdover,453.0,453.0,2331.0,0.0,0.0,6.0,2.0,1.5,0.0,0.0,0.0,20.0,4,2572,Sync,0.0,c29a38.fffe.b34e68,128,248,254,65535,128,1,160,BOOTING,-1,False,False,False,False,0,healthy
382.69365360399996,mixed_pdv_loss_holdover,453.0,453.0,2331.0,0.0,0.0,6.0,2.0,1.5,0.0,0.0,0.0,20.0,4,2573,Sync,0.0,c29a38.fffe.b34e68,128,248,254,65535,128,1,160,BOOTING,-1,False,False,False,False,0,healthy
382.80538500399996,mixed_pdv_loss_holdover,453.0,453.0,2331.0,0.0,0.0,6.0,2.0,1.5,0.0,0.0,0.0,20.0,4,2574,Sync,0.0,c29a38.fffe.b34e68,128,248,254,65535,128,1,160,BOOTING,-1,False,False,False,False,0,healthy
382.917174063,mixed_pdv_loss_holdover,453.0,453.0,2331.0,0.0,0.0,6.0,2.0,1.5,0.0,0.0,0.0,20.0,4,2575,Sync,0.0,c29a38.fffe.b34e68,128,248,254,65535,128,1,160,BOOTING,-1,False,False,False,False,0,healthy
383.02826737099997,mixed_pdv_loss_holdover,453.0,453.0,2331.0,0.0,0.0,6.0,2.0,1.5,0.0,0.0,0.0,20.0,4,2576,Sync,0.0,c29a38.fffe.b34e68,128,248,254,65535,128,1,160,BOOTING,-1,False,False,False,False,0,healthy
383.172812138,mixed_pdv_loss_holdover,453.0,453.0,2331.0,0.0,0.0,6.0,2.0,1.5,0.0,0.0,0.0,20.0,4,2577,Sync,0.0,c29a38.fffe.b34e68,128,248,254,65535,128,1,160,BOOTING,-1,False,False,False,False,0,healthy
383.28567846299995,mixed_pdv_loss_holdover,453.0,453.0,2331.0,0.0,0.0,6.0,2.0,1.5,0.0,0.0,0.0,20.0,4,2578,Sync,0.0,c29a38.fffe.b34e68,128,248,254,65535,128,1,160,BOOTING,-1,False,False,False,False,0,healthy
383.421144838,mixed_pdv_loss_holdover,453.0,453.0,2331.0,0.0,0.0,6.0,2.0,1.5,0.0,0.0,0.0,20.0,4,2579,Sync,0.0,c29a38.fffe.b34e68,128,248,254,65535,128,1,160,BOOTING,-1,False,False,False,False,0,healthy
383.54718311299996,mixed_pdv_loss_holdover,453.0,453.0,2331.0,0.0,0.0,6.0,2.0,1.5,0.0,0.0,0.0,20.0,4,2580,Sync,0.0,c29a38.fffe.b34e68,128,248,254,65535,128,1,160,BOOTING,-1,False,False,False,False,0,healthy
383.66607899599995,mixed_pdv_loss_holdover,453.0,453.0,2331.0,0.0,0.0,6.0,2.0,1.5,0.0,0.0,0.0,20.0,4,2581,Sync,0.0,c29a38.fffe.b34e68,128,248,254,65535,128,1,160,BOOTING,-1,False,False,False,False,0,healthy
383.80144417099996,mixed_pdv_loss_holdover,453.0,453.0,2331.0,0.0,0.0,6.0,2.0,1.5,0.0,0.0,0.0,20.0,4,2582,Sync,0.0,c29a38.fffe.b34e68,128,248,254,65535,128,1,160,BOOTING,-1,False,False,False,False,0,healthy
383.912608521,mixed_pdv_loss_holdover,453.0,453.0,2331.0,0.0,0.0,6.0,2.0,1.5,0.0,0.0,0.0,20.0,4,2583,Sync,0.0,c29a38.fffe.b34e68,128,248,254,65535,128,1,160,BOOTING,-1,False,False,False,False,0,healthy
384.045669196,mixed_pdv_loss_holdover,453.0,453.0,2331.0,0.0,0.0,6.0,2.0,1.5,0.0,0.0,0.0,20.0,4,2584,Sync,0.0,c29a38.fffe.b34e68,128,248,254,65535,128,1,160,BOOTING,-1,False,False,False,False,0,healthy
384.236911896,mixed_pdv_loss_holdover,453.0,453.0,2331.0,0.0,0.0,6.0,2.0,1.5,0.0,0.0,0.0,20.0,4,2585,Sync,0.0,c29a38.fffe.b34e68,128,248,254,65535,128,1,160,BOOTING,-1,False,False,False,False,0,healthy
384.34828579599997,mixed_pdv_loss_holdover,453.0,453.0,2331.0,0.0,0.0,6.0,2.0,1.5,0.0,0.0,0.0,20.0,4,2586,Sync,0.0,c29a38.fffe.b34e68,128,248,254,65535,128,1,160,BOOTING,-1,False,False,False,False,0,healthy
384.52877480399997,mixed_pdv_loss_holdover,453.0,453.0,2331.0,0.0,0.0,6.0,2.0,1.5,0.0,0.0,0.0,20.0,4,2587,Sync,0.0,c29a38.fffe.b34e68,128,248,254,65535,128,1,160,BOOTING,-1,False,False,False,False,0,healthy
384.653123479,mixed_pdv_loss_holdover,453.0,453.0,2331.0,0.0,0.0,6.0,2.0,1.5,0.0,0.0,0.0,20.0,4,2588,Sync,0.0,c29a38.fffe.b34e68,128,248,254,65535,128,1,160,BOOTING,-1,False,False,False,False,0,healthy
384.769664629,mixed_pdv_loss_holdover,453.0,453.0,2331.0,0.0,0.0,6.0,2.0,1.5,0.0,0.0,0.0,20.0,4,2589,Sync,0.0,c29a38.fffe.b34e68,128,248,254,65535,128,1,160,BOOTING,-1,False,False,False,False,0,healthy
384.88140455399997,mixed_pdv_loss_holdover,453.0,453.0,2331.0,0.0,0.0,6.0,2.0,1.5,0.0,0.0,0.0,20.0,4,2590,Sync,0.0,c29a38.fffe.b34e68,128,248,254,65535,128,1,160,BOOTING,-1,False,False,False,False,0,healthy
385.011062929,mixed_pdv_loss_holdover,453.0,453.0,2331.0,0.0,0.0,6.0,2.0,1.5,0.0,0.0,0.0,20.0,4,2591,Sync,0.0,c29a38.fffe.b34e68,128,248,254,65535,128,1,160,BOOTING,-1,False,False,False,False,0,healthy
385.137211113,mixed_pdv_loss_holdover,453.0,453.0,2331.0,0.0,0.0,6.0,2.0,1.5,0.0,0.0,0.0,20.0,4,2592,Sync,0.0,c29a38.fffe.b34e68,128,248,254,65535,128,1,160,BOOTING,-1,False,False,False,False,0,healthy
385.249881363,mixed_pdv_loss_holdover,453.0,453.0,2331.0,0.0,0.0,6.0,2.0,1.5,0.0,0.0,0.0,20.0,4,2593,Sync,0.0,c29a38.fffe.b34e68,128,248,254,65535,128,1,160,BOOTING,-1,False,False,False,False,0,healthy
385.433340646,mixed_pdv_loss_holdover,453.0,453.0,2331.0,0.0,0.0,6.0,2.0,1.5,0.0,0.0,0.0,20.0,4,2594,Sync,0.0,c29a38.fffe.b34e68,128,248,254,65535,128,1,160,BOOTING,-1,False,False,False,False,0,healthy
385.546968805,mixed_pdv_loss_holdover,453.0,453.0,2331.0,0.0,0.0,6.0,2.0,1.5,0.0,0.0,0.0,20.0,4,2595,Sync,0.0,c29a38.fffe.b34e68,128,248,254,65535,128,1,160,BOOTING,-1,False,False,False,False,0,healthy
385.69887540499997,mixed_pdv_loss_holdover,453.0,453.0,2331.0,0.0,0.0,6.0,2.0,1.5,0.0,0.0,0.0,20.0,4,2596,Sync,0.0,c29a38.fffe.b34e68,128,248,254,65535,128,1,160,BOOTING,-1,False,False,False,False,0,healthy
385.860250905,mixed_pdv_loss_holdover,453.0,453.0,2331.0,0.0,0.0,6.0,2.0,1.5,0.0,0.0,0.0,20.0,4,2597,Sync,0.0,c29a38.fffe.b34e68,128,248,254,65535,128,1,160,BOOTING,-1,False,False,False,False,0,healthy
385.975845705,mixed_pdv_loss_holdover,453.0,453.0,2331.0,0.0,0.0,6.0,2.0,1.5,0.0,0.0,0.0,20.0,4,2598,Sync,0.0,c29a38.fffe.b34e68,128,248,254,65535,128,1,160,BOOTING,-1,False,False,False,False,0,healthy
386.08885190499996,mixed_pdv_loss_holdover,453.0,453.0,2331.0,0.0,0.0,6.0,2.0,1.5,0.0,0.0,0.0,20.0,4,2599,Sync,0.0,c29a38.fffe.b34e68,128,248,254,65535,128,1,160,BOOTING,-1,False,False,False,False,0,healthy
386.199896305,mixed_pdv_loss_holdover,453.0,453.0,2331.0,0.0,0.0,6.0,2.0,1.5,0.0,0.0,0.0,20.0,4,2600,Sync,0.0,c29a38.fffe.b34e68,128,248,254,65535,128,1,160,BOOTING,-1,False,False,False,False,0,healthy
386.341185405,mixed_pdv_loss_holdover,453.0,453.0,2331.0,0.0,0.0,6.0,2.0,1.5,0.0,0.0,0.0,20.0,4,2601,Sync,0.0,c29a38.fffe.b34e68,128,248,254,65535,128,1,160,BOOTING,-1,False,False,False,False,0,healthy
386.452871805,mixed_pdv_loss_holdover,453.0,453.0,2331.0,0.0,0.0,6.0,2.0,1.5,0.0,0.0,0.0,20.0,4,2602,Sync,0.0,c29a38.fffe.b34e68,128,248,254,65535,128,1,160,BOOTING,-1,False,False,False,False,0,healthy
386.58165500499996,mixed_pdv_loss_holdover,453.0,453.0,2331.0,0.0,0.0,6.0,2.0,1.5,0.0,0.0,0.0,20.0,4,2603,Sync,0.0,c29a38.fffe.b34e68,128,248,254,65535,128,1,160,BOOTING,-1,False,False,False,False,0,healthy
386.69550370499996,mixed_pdv_loss_holdover,453.0,453.0,2331.0,0.0,0.0,6.0,2.0,1.5,0.0,0.0,0.0,20.0,4,2604,Sync,0.0,c29a38.fffe.b34e68,128,248,254,65535,128,1,160,BOOTING,-1,False,False,False,False,0,healthy
386.90435120499995,mixed_pdv_loss_holdover,453.0,453.0,2331.0,0.0,0.0,6.0,2.0,1.5,0.0,0.0,0.0,20.0,4,2605,Sync,0.0,c29a38.fffe.b34e68,128,248,254,65535,128,1,160,BOOTING,-1,False,False,False,False,0,healthy
387.048057805,mixed_pdv_loss_holdover,453.0,453.0,2331.0,0.0,0.0,6.0,2.0,1.5,0.0,0.0,0.0,20.0,4,2606,Sync,0.0,c29a38.fffe.b34e68,128,248,254,65535,128,1,160,BOOTING,-1,False,False,False,False,0,healthy
387.162542305,mixed_pdv_loss_holdover,453.0,453.0,2331.0,0.0,0.0,6.0,2.0,1.5,0.0,0.0,0.0,20.0,4,2607,Sync,0.0,c29a38.fffe.b34e68,128,248,254,65535,128,1,160,BOOTING,-1,False,False,False,False,0,healthy
387.275991106,mixed_pdv_loss_holdover,453.0,453.0,2331.0,0.0,0.0,6.0,2.0,1.5,0.0,0.0,0.0,20.0,4,2608,Sync,0.0,c29a38.fffe.b34e68,128,248,254,65535,128,1,160,BOOTING,-1,False,False,False,False,0,healthy
387.390369706,mixed_pdv_loss_holdover,453.0,453.0,2331.0,0.0,0.0,6.0,2.0,1.5,0.0,0.0,0.0,20.0,4,2609,Sync,0.0,c29a38.fffe.b34e68,128,248,254,65535,128,1,160,BOOTING,-1,False,False,False,False,0,healthy
387.512065706,mixed_pdv_loss_holdover,453.0,453.0,2331.0,0.0,0.0,6.0,2.0,1.5,0.0,0.0,0.0,20.0,4,2610,Sync,0.0,c29a38.fffe.b34e68,128,248,254,65535,128,1,160,BOOTING,-1,False,False,False,False,0,healthy
387.625573306,mixed_pdv_loss_holdover,453.0,453.0,2331.0,0.0,0.0,6.0,2.0,1.5,0.0,0.0,0.0,20.0,4,2611,Sync,0.0,c29a38.fffe.b34e68,128,248,254,65535,128,1,160,BOOTING,-1,False,False,False,False,0,healthy
387.81033080599997,mixed_pdv_loss_holdover,453.0,453.0,2331.0,0.0,0.0,6.0,2.0,1.5,0.0,0.0,0.0,20.0,4,2612,Sync,0.0,c29a38.fffe.b34e68,128,248,254,65535,128,1,160,BOOTING,-1,False,False,False,False,0,healthy
387.92308610599997,mixed_pdv_loss_holdover,453.0,453.0,2331.0,0.0,0.0,6.0,2.0,1.5,0.0,0.0,0.0,20.0,4,2613,Sync,0.0,c29a38.fffe.b34e68,128,248,254,65535,128,1,160,BOOTING,-1,False,False,False,False,0,healthy
388.076934206,mixed_pdv_loss_holdover,453.0,453.0,2331.0,0.0,0.0,6.0,2.0,1.5,0.0,0.0,0.0,20.0,4,2614,Sync,0.0,c29a38.fffe.b34e68,128,248,254,65535,128,1,160,BOOTING,-1,False,False,False,False,0,healthy
388.226444606,mixed_pdv_loss_holdover,453.0,453.0,2331.0,0.0,0.0,6.0,2.0,1.5,0.0,0.0,0.0,20.0,4,2615,Sync,0.0,c29a38.fffe.b34e68,128,248,254,65535,128,1,160,BOOTING,-1,False,False,False,False,0,healthy
388.346253006,mixed_pdv_loss_holdover,453.0,453.0,2331.0,0.0,0.0,6.0,2.0,1.5,0.0,0.0,0.0,20.0,4,2616,Sync,0.0,c29a38.fffe.b34e68,128,248,254,65535,128,1,160,BOOTING,-1,False,False,False,False,0,healthy
388.46080310599996,mixed_pdv_loss_holdover,453.0,453.0,2331.0,0.0,0.0,6.0,2.0,1.5,0.0,0.0,0.0,20.0,4,2617,Sync,0.0,c29a38.fffe.b34e68,128,248,254,65535,128,1,160,BOOTING,-1,False,False,False,False,0,healthy
388.591927506,mixed_pdv_loss_holdover,453.0,453.0,2331.0,0.0,0.0,6.0,2.0,1.5,0.0,0.0,0.0,20.0,4,2618,Sync,0.0,c29a38.fffe.b34e68,128,248,254,65535,128,1,160,BOOTING,-1,False,False,False,False,0,healthy
388.702701506,mixed_pdv_loss_holdover,453.0,453.0,2331.0,0.0,0.0,6.0,2.0,1.5,0.0,0.0,0.0,20.0,4,2619,Sync,0.0,c29a38.fffe.b34e68,128,248,254,65535,128,1,160,BOOTING,-1,False,False,False,False,0,healthy
388.907931707,mixed_pdv_loss_holdover,453.0,453.0,2331.0,0.0,0.0,6.0,2.0,1.5,0.0,0.0,0.0,20.0,4,2620,Sync,0.0,c29a38.fffe.b34e68,128,248,254,65535,128,1,160,BOOTING,-1,False,False,False,False,0,healthy
389.039865007,mixed_pdv_loss_holdover,453.0,453.0,2331.0,0.0,0.0,6.0,2.0,1.5,0.0,0.0,0.0,20.0,4,2621,Sync,0.0,c29a38.fffe.b34e68,128,248,254,65535,128,1,160,BOOTING,-1,False,False,False,False,0,healthy
389.15161800699997,mixed_pdv_loss_holdover,453.0,453.0,2331.0,0.0,0.0,6.0,2.0,1.5,0.0,0.0,0.0,20.0,4,2622,Sync,0.0,c29a38.fffe.b34e68,128,248,254,65535,128,1,160,BOOTING,-1,False,False,False,False,0,healthy
389.263657507,mixed_pdv_loss_holdover,453.0,453.0,2331.0,0.0,0.0,6.0,2.0,1.5,0.0,0.0,0.0,20.0,4,2623,Sync,0.0,c29a38.fffe.b34e68,128,248,254,65535,128,1,160,BOOTING,-1,False,False,False,False,0,healthy
389.489291107,mixed_pdv_loss_holdover,453.0,453.0,2331.0,0.0,0.0,6.0,2.0,1.5,0.0,0.0,0.0,20.0,4,2624,Sync,0.0,c29a38.fffe.b34e68,128,248,254,65535,128,1,160,BOOTING,-1,False,False,False,False,0,healthy
389.60595190699996,mixed_pdv_loss_holdover,453.0,453.0,2331.0,0.0,0.0,6.0,2.0,1.5,0.0,0.0,0.0,20.0,4,2625,Sync,0.0,c29a38.fffe.b34e68,128,248,254,65535,128,1,160,BOOTING,-1,False,False,False,False,0,healthy
389.749892348,mixed_pdv_loss_holdover,453.0,453.0,2331.0,0.0,0.0,6.0,2.0,1.5,0.0,0.0,0.0,20.0,4,2626,Sync,0.0,c29a38.fffe.b34e68,128,248,254,65535,128,1,160,BOOTING,-1,False,False,False,False,0,healthy
389.86251393,mixed_pdv_loss_holdover,453.0,453.0,2331.0,0.0,0.0,6.0,2.0,1.5,0.0,0.0,0.0,20.0,4,2627,Sync,0.0,c29a38.fffe.b34e68,128,248,254,65535,128,1,160,BOOTING,-1,False,False,False,False,0,healthy
389.975232077,mixed_pdv_loss_holdover,453.0,453.0,2331.0,0.0,0.0,6.0,2.0,1.5,0.0,0.0,0.0,20.0,4,2628,Sync,0.0,c29a38.fffe.b34e68,128,248,254,65535,128,1,160,BOOTING,-1,False,False,False,False,0,healthy
390.089688927,mixed_pdv_loss_holdover,453.0,453.0,2331.0,0.0,0.0,6.0,2.0,1.5,0.0,0.0,0.0,20.0,4,2629,Sync,0.0,c29a38.fffe.b34e68,128,248,254,65535,128,1,160,BOOTING,-1,False,False,False,False,0,healthy
390.287636171,mixed_pdv_loss_holdover,453.0,453.0,2331.0,0.0,0.0,6.0,2.0,1.5,0.0,0.0,0.0,20.0,4,2630,Sync,0.0,c29a38.fffe.b34e68,128,248,254,65535,128,1,160,BOOTING,-1,False,False,False,False,0,healthy
390.419607402,mixed_pdv_loss_holdover,453.0,453.0,2331.0,0.0,0.0,6.0,2.0,1.5,0.0,0.0,0.0,20.0,4,2631,Sync,0.0,c29a38.fffe.b34e68,128,248,254,65535,128,1,160,BOOTING,-1,False,False,False,False,0,healthy
390.531541551,mixed_pdv_loss_holdover,453.0,453.0,2331.0,0.0,0.0,6.0,2.0,1.5,0.0,0.0,0.0,20.0,4,2632,Sync,0.0,c29a38.fffe.b34e68,128,248,254,65535,128,1,160,BOOTING,-1,False,False,False,False,0,healthy
390.64389815699997,mixed_pdv_loss_holdover,453.0,453.0,2331.0,0.0,0.0,6.0,2.0,1.5,0.0,0.0,0.0,20.0,4,2633,Sync,0.0,c29a38.fffe.b34e68,128,248,254,65535,128,1,160,BOOTING,-1,False,False,False,False,0,healthy
390.84292570599996,mixed_pdv_loss_holdover,453.0,453.0,2331.0,0.0,0.0,6.0,2.0,1.5,0.0,0.0,0.0,20.0,4,2634,Sync,0.0,c29a38.fffe.b34e68,128,248,254,65535,128,1,160,BOOTING,-1,False,False,False,False,0,healthy
390.95268904799997,mixed_pdv_loss_holdover,453.0,453.0,2331.0,0.0,0.0,6.0,2.0,1.5,0.0,0.0,0.0,20.0,4,2635,Sync,0.0,c29a38.fffe.b34e68,128,248,254,65535,128,1,160,BOOTING,-1,False,False,False,False,0,healthy
391.112550468,mixed_pdv_loss_holdover,453.0,453.0,2331.0,0.0,0.0,6.0,2.0,1.5,0.0,0.0,0.0,20.0,4,2636,Sync,0.0,c29a38.fffe.b34e68,128,248,254,65535,128,1,160,BOOTING,-1,False,False,False,False,0,healthy
391.244066901,mixed_pdv_loss_holdover,453.0,453.0,2331.0,0.0,0.0,6.0,2.0,1.5,0.0,0.0,0.0,20.0,4,2637,Sync,0.0,c29a38.fffe.b34e68,128,248,254,65535,128,1,160,BOOTING,-1,False,False,False,False,0,healthy
391.364288559,mixed_pdv_loss_holdover,453.0,453.0,2331.0,0.0,0.0,6.0,2.0,1.5,0.0,0.0,0.0,20.0,4,2638,Sync,0.0,c29a38.fffe.b34e68,128,248,254,65535,128,1,160,BOOTING,-1,False,False,False,False,0,healthy
391.47573694899995,mixed_pdv_loss_holdover,453.0,453.0,2331.0,0.0,0.0,6.0,2.0,1.5,0.0,0.0,0.0,20.0,4,2639,Announce,8.972763087921882,c29a38.fffe.b34e68,128,248,254,65535,128,1,160,BOOTING,-1,False,False,False,False,0,healthy
391.650209488,mixed_pdv_loss_holdover,453.0,453.0,2331.0,0.0,0.0,6.0,2.0,1.5,0.0,0.0,0.0,20.0,4,2640,Sync,11.463121998813559,c29a38.fffe.b34e68,128,248,254,65535,128,1,160,BOOTING,-1,False,False,False,False,0,healthy
391.77047524799997,mixed_pdv_loss_holdover,453.0,453.0,2331.0,0.0,0.0,6.0,2.0,1.5,0.0,0.0,0.0,20.0,4,2641,Sync,16.629837120723966,c29a38.fffe.b34e68,128,248,254,65535,128,1,160,BOOTING,-1,False,False,False,False,0,healthy
391.92357782899995,mixed_pdv_loss_holdover,453.0,453.0,2331.0,0.0,0.0,6.0,2.0,1.5,0.0,0.0,0.0,20.0,4,2642,Sync,19.59470559154258,c29a38.fffe.b34e68,128,248,254,65535,128,1,160,BOOTING,-1,False,False,False,False,0,healthy
392.04710609299997,mixed_pdv_loss_holdover,453.0,453.0,2331.0,0.0,0.0,6.0,2.0,1.5,0.0,0.0,0.0,20.0,4,2643,Follow_Up,8.095313312262514,c29a38.fffe.b34e68,128,248,254,65535,128,1,160,BOOTING,-1,False,False,False,False,0,healthy
392.15779887499997,mixed_pdv_loss_holdover,453.0,453.0,2331.0,0.0,0.0,6.0,2.0,1.5,0.0,0.0,0.0,20.0,4,2644,Sync,9.034012714577822,c29a38.fffe.b34e68,128,248,254,65535,128,1,160,BOOTING,-1,False,False,False,False,0,healthy
392.27116264999995,mixed_pdv_loss_holdover,453.0,453.0,2331.0,0.0,0.0,6.0,2.0,1.5,0.0,0.0,0.0,20.0,4,2645,Sync,17.642320044479078,c29a38.fffe.b34e68,128,248,254,65535,128,1,160,BOOTING,-1,False,False,False,False,0,healthy
392.398488333,mixed_pdv_loss_holdover,453.0,453.0,2331.0,0.0,0.0,6.0,2.0,1.5,0.0,0.0,0.0,20.0,4,2646,Sync,15.707750022431897,c29a38.fffe.b34e68,128,248,254,65535,128,1,160,BOOTING,-1,False,False,False,False,0,healthy
392.512378019,mixed_pdv_loss_holdover,453.0,453.0,2331.0,0.0,0.0,6.0,2.0,1.5,0.0,0.0,0.0,20.0,4,2647,Sync,8.780426350460392,c29a38.fffe.b34e68,128,248,254,65535,128,1,160,BOOTING,-1,False,False,False,False,0,healthy
392.660314287,mixed_pdv_loss_holdover,453.0,453.0,2331.0,0.0,0.0,6.0,2.0,1.5,0.0,0.0,0.0,20.0,4,2648,Sync,27.03867046314405,c29a38.fffe.b34e68,128,248,254,65535,128,1,160,BOOTING,-1,False,False,False,False,0,healthy
392.841466687,mixed_pdv_loss_holdover,453.0,453.0,2331.0,0.0,0.0,6.0,2.0,1.5,0.0,0.0,0.0,20.0,4,2649,Sync,11.040427838661214,c29a38.fffe.b34e68,128,248,254,65535,128,1,160,BOOTING,-1,False,False,False,False,0,healthy
392.95375548699997,mixed_pdv_loss_holdover,453.0,453.0,2331.0,0.0,0.0,6.0,2.0,1.5,0.0,0.0,0.0,20.0,4,2650,Sync,35.6224307321874,c29a38.fffe.b34e68,128,248,254,65535,128,1,160,BOOTING,-1,False,False,False,False,0,healthy
393.18635958699997,mixed_pdv_loss_holdover,453.0,453.0,2331.0,0.0,0.0,6.0,2.0,1.5,0.0,0.0,0.0,20.0,4,2651,Sync,8.598300717829018,c29a38.fffe.b34e68,128,248,254,65535,128,1,160,BOOTING,-1,False,False,False,False,0,healthy
393.325969187,mixed_pdv_loss_holdover,453.0,453.0,2331.0,0.0,0.0,6.0,2.0,1.5,0.0,0.0,0.0,20.0,4,2652,Sync,0.0,c29a38.fffe.b34e68,128,248,254,65535,128,1,160,BOOTING,-1,False,False,False,False,0,healthy
393.43979398799996,mixed_pdv_loss_holdover,453.0,453.0,2331.0,0.0,0.0,6.0,2.0,1.5,0.0,0.0,0.0,20.0,4,2653,Sync,0.0,c29a38.fffe.b34e68,128,248,254,65535,128,1,160,BOOTING,-1,False,False,False,False,0,healthy
393.552223588,mixed_pdv_loss_holdover,453.0,453.0,2331.0,0.0,0.0,6.0,2.0,1.5,0.0,0.0,0.0,20.0,4,2654,Sync,0.0,c29a38.fffe.b34e68,128,248,254,65535,128,1,160,BOOTING,-1,False,False,False,False,0,healthy
393.664963188,mixed_pdv_loss_holdover,453.0,453.0,2331.0,0.0,0.0,6.0,2.0,1.5,0.0,0.0,0.0,20.0,4,2655,Sync,0.0,c29a38.fffe.b34e68,128,248,254,65535,128,1,160,BOOTING,-1,False,False,False,False,0,healthy
393.87116698799997,mixed_pdv_loss_holdover,453.0,453.0,2331.0,0.0,0.0,6.0,2.0,1.5,0.0,0.0,0.0,20.0,4,2656,Sync,0.0,c29a38.fffe.b34e68,128,248,254,65535,128,1,160,BOOTING,-1,False,False,False,False,0,healthy
393.985380088,mixed_pdv_loss_holdover,453.0,453.0,2331.0,0.0,0.0,6.0,2.0,1.5,0.0,0.0,0.0,20.0,4,2657,Sync,0.0,c29a38.fffe.b34e68,128,248,254,65535,128,1,160,BOOTING,-1,False,False,False,False,0,healthy
394.132580888,mixed_pdv_loss_holdover,453.0,453.0,2331.0,0.0,0.0,6.0,2.0,1.5,0.0,0.0,0.0,20.0,4,2658,Sync,0.0,c29a38.fffe.b34e68,128,248,254,65535,128,1,160,BOOTING,-1,False,False,False,False,0,healthy
394.314847888,mixed_pdv_loss_holdover,453.0,453.0,2331.0,0.0,0.0,6.0,2.0,1.5,0.0,0.0,0.0,20.0,4,2659,Sync,0.0,c29a38.fffe.b34e68,128,248,254,65535,128,1,160,BOOTING,-1,False,False,False,False,0,healthy
394.42929768799996,mixed_pdv_loss_holdover,453.0,453.0,2331.0,0.0,0.0,6.0,2.0,1.5,0.0,0.0,0.0,20.0,4,2660,Sync,0.0,c29a38.fffe.b34e68,128,248,254,65535,128,1,160,BOOTING,-1,False,False,False,False,0,healthy
394.541948388,mixed_pdv_loss_holdover,453.0,453.0,2331.0,0.0,0.0,6.0,2.0,1.5,0.0,0.0,0.0,20.0,4,2661,Sync,0.0,c29a38.fffe.b34e68,128,248,254,65535,128,1,160,BOOTING,-1,False,False,False,False,0,healthy
394.65536568799996,mixed_pdv_loss_holdover,453.0,453.0,2331.0,0.0,0.0,6.0,2.0,1.5,0.0,0.0,0.0,20.0,4,2662,Sync,0.0,c29a38.fffe.b34e68,128,248,254,65535,128,1,160,BOOTING,-1,False,False,False,False,0,healthy
394.821097888,mixed_pdv_loss_holdover,453.0,453.0,2331.0,0.0,0.0,6.0,2.0,1.5,0.0,0.0,0.0,20.0,4,2663,Sync,0.0,c29a38.fffe.b34e68,128,248,254,65535,128,1,160,BOOTING,-1,False,False,False,False,0,healthy
394.935525788,mixed_pdv_loss_holdover,453.0,453.0,2331.0,0.0,0.0,6.0,2.0,1.5,0.0,0.0,0.0,20.0,4,2664,Sync,0.0,c29a38.fffe.b34e68,128,248,254,65535,128,1,160,BOOTING,-1,False,False,False,False,0,healthy
395.076096888,mixed_pdv_loss_holdover,453.0,453.0,2331.0,0.0,0.0,6.0,2.0,1.5,0.0,0.0,0.0,20.0,4,2665,Sync,0.0,c29a38.fffe.b34e68,128,248,254,65535,128,1,160,BOOTING,-1,False,False,False,False,0,healthy
395.258364788,mixed_pdv_loss_holdover,453.0,453.0,2331.0,0.0,0.0,6.0,2.0,1.5,0.0,0.0,0.0,20.0,4,2666,Sync,0.0,c29a38.fffe.b34e68,128,248,254,65535,128,1,160,BOOTING,-1,False,False,False,False,0,healthy
395.38967798799996,mixed_pdv_loss_holdover,453.0,453.0,2331.0,0.0,0.0,6.0,2.0,1.5,0.0,0.0,0.0,20.0,4,2667,Sync,0.0,c29a38.fffe.b34e68,128,248,254,65535,128,1,160,BOOTING,-1,False,False,False,False,0,healthy
395.50269818799995,mixed_pdv_loss_holdover,453.0,453.0,2331.0,0.0,0.0,6.0,2.0,1.5,0.0,0.0,0.0,20.0,4,2668,Sync,0.0,c29a38.fffe.b34e68,128,248,254,65535,128,1,160,BOOTING,-1,False,False,False,False,0,healthy
395.626563288,mixed_pdv_loss_holdover,453.0,453.0,2331.0,0.0,0.0,6.0,2.0,1.5,0.0,0.0,0.0,20.0,4,2669,Sync,0.0,c29a38.fffe.b34e68,128,248,254,65535,128,1,160,BOOTING,-1,False,False,False,False,0,healthy
395.748357188,mixed_pdv_loss_holdover,453.0,453.0,2331.0,0.0,0.0,6.0,2.0,1.5,0.0,0.0,0.0,20.0,4,2670,Sync,0.0,c29a38.fffe.b34e68,128,248,254,65535,128,1,160,BOOTING,-1,False,False,False,False,0,healthy
395.862243288,mixed_pdv_loss_holdover,453.0,453.0,2331.0,0.0,0.0,6.0,2.0,1.5,0.0,0.0,0.0,20.0,4,2671,Sync,0.0,c29a38.fffe.b34e68,128,248,254,65535,128,1,160,BOOTING,-1,False,False,False,False,0,healthy
396.008989188,mixed_pdv_loss_holdover,453.0,453.0,2331.0,0.0,0.0,6.0,2.0,1.5,0.0,0.0,0.0,20.0,4,2672,Sync,0.0,c29a38.fffe.b34e68,128,248,254,65535,128,1,160,BOOTING,-1,False,False,False,False,0,healthy
396.121296988,mixed_pdv_loss_holdover,453.0,453.0,2331.0,0.0,0.0,6.0,2.0,1.5,0.0,0.0,0.0,20.0,4,2673,Sync,0.0,c29a38.fffe.b34e68,128,248,254,65535,128,1,160,BOOTING,-1,False,False,False,False,0,healthy
396.29513318799997,mixed_pdv_loss_holdover,453.0,453.0,2331.0,0.0,0.0,6.0,2.0,1.5,0.0,0.0,0.0,20.0,4,2674,Sync,0.0,c29a38.fffe.b34e68,128,248,254,65535,128,1,160,BOOTING,-1,False,False,False,False,0,healthy
396.479600189,mixed_pdv_loss_holdover,453.0,453.0,2331.0,0.0,0.0,6.0,2.0,1.5,0.0,0.0,0.0,20.0,4,2675,Sync,0.0,c29a38.fffe.b34e68,128,248,254,65535,128,1,160,BOOTING,-1,False,False,False,False,0,healthy
396.599340689,mixed_pdv_loss_holdover,453.0,453.0,2331.0,0.0,0.0,6.0,2.0,1.5,0.0,0.0,0.0,20.0,4,2676,Sync,0.0,c29a38.fffe.b34e68,128,248,254,65535,128,1,160,BOOTING,-1,False,False,False,False,0,healthy
396.712066289,mixed_pdv_loss_holdover,453.0,453.0,2331.0,0.0,0.0,6.0,2.0,1.5,0.0,0.0,0.0,20.0,4,2677,Sync,0.0,c29a38.fffe.b34e68,128,248,254,65535,128,1,160,BOOTING,-1,False,False,False,False,0,healthy
396.82322138899997,mixed_pdv_loss_holdover,453.0,453.0,2331.0,0.0,0.0,6.0,2.0,1.5,0.0,0.0,0.0,20.0,4,2678,Sync,0.0,c29a38.fffe.b34e68,128,248,254,65535,128,1,160,BOOTING,-1,False,False,False,False,0,healthy
397.02128968899996,mixed_pdv_loss_holdover,453.0,453.0,2331.0,0.0,0.0,6.0,2.0,1.5,0.0,0.0,0.0,20.0,4,2679,Sync,0.0,c29a38.fffe.b34e68,128,248,254,65535,128,1,160,BOOTING,-1,False,False,False,False,0,healthy
397.13420378899997,mixed_pdv_loss_holdover,453.0,453.0,2331.0,0.0,0.0,6.0,2.0,1.5,0.0,0.0,0.0,20.0,4,2680,Sync,0.0,c29a38.fffe.b34e68,128,248,254,65535,128,1,160,BOOTING,-1,False,False,False,False,0,healthy
397.30922748899997,mixed_pdv_loss_holdover,453.0,453.0,2331.0,0.0,0.0,6.0,2.0,1.5,0.0,0.0,0.0,20.0,4,2681,Sync,0.0,c29a38.fffe.b34e68,128,248,254,65535,128,1,160,BOOTING,-1,False,False,False,False,0,healthy
397.44612378899996,mixed_pdv_loss_holdover,453.0,453.0,2331.0,0.0,0.0,6.0,2.0,1.5,0.0,0.0,0.0,20.0,4,2682,Sync,0.0,c29a38.fffe.b34e68,128,248,254,65535,128,1,160,BOOTING,-1,False,False,False,False,0,healthy
397.561724589,mixed_pdv_loss_holdover,453.0,453.0,2331.0,0.0,0.0,6.0,2.0,1.5,0.0,0.0,0.0,20.0,4,2683,Sync,0.0,c29a38.fffe.b34e68,128,248,254,65535,128,1,160,BOOTING,-1,False,False,False,False,0,healthy
397.675029689,mixed_pdv_loss_holdover,453.0,453.0,2331.0,0.0,0.0,6.0,2.0,1.5,0.0,0.0,0.0,20.0,4,2684,Sync,0.0,c29a38.fffe.b34e68,128,248,254,65535,128,1,160,BOOTING,-1,False,False,False,False,0,healthy
397.81349769099995,mixed_pdv_loss_holdover,453.0,453.0,2331.0,0.0,0.0,6.0,2.0,1.5,0.0,0.0,0.0,20.0,4,2685,Sync,0.0,c29a38.fffe.b34e68,128,248,254,65535,128,1,160,BOOTING,-1,False,False,False,False,0,healthy
397.92523804499996,mixed_pdv_loss_holdover,453.0,453.0,2331.0,0.0,0.0,6.0,2.0,1.5,0.0,0.0,0.0,20.0,4,2686,Sync,0.0,c29a38.fffe.b34e68,128,248,254,65535,128,1,160,BOOTING,-1,False,False,False,False,0,healthy
398.041742263,mixed_pdv_loss_holdover,453.0,453.0,2331.0,0.0,0.0,6.0,2.0,1.5,0.0,0.0,0.0,20.0,4,2687,Sync,0.0,c29a38.fffe.b34e68,128,248,254,65535,128,1,160,BOOTING,-1,False,False,False,False,0,healthy
398.16732938999996,mixed_pdv_loss_holdover,453.0,453.0,2331.0,0.0,0.0,6.0,2.0,1.5,0.0,0.0,0.0,20.0,4,2688,Sync,0.0,c29a38.fffe.b34e68,128,248,254,65535,128,1,160,BOOTING,-1,False,False,False,False,0,healthy
398.281502237,mixed_pdv_loss_holdover,453.0,453.0,2331.0,0.0,0.0,6.0,2.0,1.5,0.0,0.0,0.0,20.0,4,2689,Sync,0.0,c29a38.fffe.b34e68,128,248,254,65535,128,1,160,BOOTING,-1,False,False,False,False,0,healthy
398.42334606099996,mixed_pdv_loss_holdover,453.0,453.0,2331.0,0.0,0.0,6.0,2.0,1.5,0.0,0.0,0.0,20.0,4,2690,Sync,0.0,c29a38.fffe.b34e68,128,248,254,65535,128,1,160,BOOTING,-1,False,False,False,False,0,healthy
398.603944405,mixed_pdv_loss_holdover,453.0,453.0,2331.0,0.0,0.0,6.0,2.0,1.5,0.0,0.0,0.0,20.0,4,2691,Sync,0.0,c29a38.fffe.b34e68,128,248,254,65535,128,1,160,BOOTING,-1,False,False,False,False,0,healthy
398.717127546,mixed_pdv_loss_holdover,453.0,453.0,2331.0,0.0,0.0,6.0,2.0,1.5,0.0,0.0,0.0,20.0,4,2692,Sync,0.0,c29a38.fffe.b34e68,128,248,254,65535,128,1,160,BOOTING,-1,False,False,False,False,0,healthy
398.945345806,mixed_pdv_loss_holdover,453.0,453.0,2331.0,0.0,0.0,6.0,2.0,1.5,0.0,0.0,0.0,20.0,4,2693,Sync,0.0,c29a38.fffe.b34e68,128,248,254,65535,128,1,160,BOOTING,-1,False,False,False,False,0,healthy
399.119159483,mixed_pdv_loss_holdover,453.0,453.0,2331.0,0.0,0.0,6.0,2.0,1.5,0.0,0.0,0.0,20.0,4,2694,Sync,0.0,c29a38.fffe.b34e68,128,248,254,65535,128,1,160,BOOTING,-1,False,False,False,False,0,healthy
399.231417642,mixed_pdv_loss_holdover,453.0,453.0,2331.0,0.0,0.0,6.0,2.0,1.5,0.0,0.0,0.0,20.0,4,2695,Sync,0.0,c29a38.fffe.b34e68,128,248,254,65535,128,1,160,BOOTING,-1,False,False,False,False,0,healthy
399.34308021,mixed_pdv_loss_holdover,453.0,453.0,2331.0,0.0,0.0,6.0,2.0,1.5,0.0,0.0,0.0,20.0,4,2696,Sync,0.0,c29a38.fffe.b34e68,128,248,254,65535,128,1,160,BOOTING,-1,False,False,False,False,0,healthy
399.454660479,mixed_pdv_loss_holdover,453.0,453.0,2331.0,0.0,0.0,6.0,2.0,1.5,0.0,0.0,0.0,20.0,4,2697,Sync,0.0,c29a38.fffe.b34e68,128,248,254,65535,128,1,160,BOOTING,-1,False,False,False,False,0,healthy
399.600583842,mixed_pdv_loss_holdover,453.0,453.0,2331.0,0.0,0.0,6.0,2.0,1.5,0.0,0.0,0.0,20.0,4,2698,Sync,0.0,c29a38.fffe.b34e68,128,248,254,65535,128,1,160,BOOTING,-1,False,False,False,False,0,healthy
399.714668916,mixed_pdv_loss_holdover,453.0,453.0,2331.0,0.0,0.0,6.0,2.0,1.5,0.0,0.0,0.0,20.0,4,2699,Sync,0.0,c29a38.fffe.b34e68,128,248,254,65535,128,1,160,BOOTING,-1,False,False,False,False,0,healthy
399.900497841,mixed_pdv_loss_holdover,453.0,453.0,2331.0,0.0,0.0,6.0,2.0,1.5,0.0,0.0,0.0,20.0,4,2700,Sync,0.0,c29a38.fffe.b34e68,128,248,254,65535,128,1,160,BOOTING,-1,False,False,False,False,0,healthy
400.05799912199996,mixed_pdv_loss_holdover,453.0,453.0,2331.0,0.0,0.0,6.0,2.0,1.5,0.0,0.0,0.0,20.0,4,2701,Sync,0.0,c29a38.fffe.b34e68,128,248,254,65535,128,1,160,BOOTING,-1,False,False,False,False,0,healthy
400.170250367,mixed_pdv_loss_holdover,453.0,453.0,2331.0,0.0,0.0,6.0,2.0,1.5,0.0,0.0,0.0,20.0,4,2702,Sync,0.0,c29a38.fffe.b34e68,128,248,254,65535,128,1,160,BOOTING,-1,False,False,False,False,0,healthy
400.28263711299996,mixed_pdv_loss_holdover,453.0,453.0,2331.0,0.0,0.0,6.0,2.0,1.5,0.0,0.0,0.0,20.0,4,2703,Sync,0.0,c29a38.fffe.b34e68,128,248,254,65535,128,1,160,BOOTING,-1,False,False,False,False,0,healthy
400.402290704,mixed_pdv_loss_holdover,453.0,453.0,2331.0,0.0,0.0,6.0,2.0,1.5,0.0,0.0,0.0,20.0,4,2704,Sync,0.0,c29a38.fffe.b34e68,128,248,254,65535,128,1,160,BOOTING,-1,False,False,False,False,0,healthy
400.537958032,mixed_pdv_loss_holdover,453.0,453.0,2331.0,0.0,0.0,6.0,2.0,1.5,0.0,0.0,0.0,20.0,4,2705,Sync,0.0,c29a38.fffe.b34e68,128,248,254,65535,128,1,160,BOOTING,-1,False,False,False,False,0,healthy
400.650510049,mixed_pdv_loss_holdover,453.0,453.0,2331.0,0.0,0.0,6.0,2.0,1.5,0.0,0.0,0.0,20.0,4,2706,Sync,0.0,c29a38.fffe.b34e68,128,248,254,65535,128,1,160,BOOTING,-1,False,False,False,False,0,healthy
400.876913495,mixed_pdv_loss_holdover,453.0,453.0,2331.0,0.0,0.0,6.0,2.0,1.5,0.0,0.0,0.0,20.0,4,2707,Sync,0.0,c29a38.fffe.b34e68,128,248,254,65535,128,1,160,BOOTING,-1,False,False,False,False,0,healthy
400.989281131,mixed_pdv_loss_holdover,453.0,453.0,2331.0,0.0,0.0,6.0,2.0,1.5,0.0,0.0,0.0,20.0,4,2708,Sync,0.0,c29a38.fffe.b34e68,128,248,254,65535,128,1,160,BOOTING,-1,False,False,False,False,0,healthy
401.13198473,mixed_pdv_loss_holdover,453.0,453.0,2331.0,0.0,0.0,6.0,2.0,1.5,0.0,0.0,0.0,20.0,4,2709,Sync,0.0,c29a38.fffe.b34e68,128,248,254,65535,128,1,160,BOOTING,-1,False,False,False,False,0,healthy
401.24697571599995,mixed_pdv_loss_holdover,453.0,453.0,2331.0,0.0,0.0,6.0,2.0,1.5,0.0,0.0,0.0,20.0,4,2710,Sync,0.0,c29a38.fffe.b34e68,128,248,254,65535,128,1,160,BOOTING,-1,False,False,False,False,0,healthy
401.36289512599996,mixed_pdv_loss_holdover,453.0,453.0,2331.0,0.0,0.0,6.0,2.0,1.5,0.0,0.0,0.0,20.0,4,2711,Sync,0.0,c29a38.fffe.b34e68,128,248,254,65535,128,1,160,BOOTING,-1,False,False,False,False,0,healthy
401.476397997,mixed_pdv_loss_holdover,453.0,453.0,2331.0,0.0,0.0,6.0,2.0,1.5,0.0,0.0,0.0,20.0,4,2712,Sync,0.0,c29a38.fffe.b34e68,128,248,254,65535,128,1,160,BOOTING,-1,False,False,False,False,0,healthy
401.609677379,mixed_pdv_loss_holdover,453.0,453.0,2331.0,0.0,0.0,6.0,2.0,1.5,0.0,0.0,0.0,20.0,4,2713,Sync,0.0,c29a38.fffe.b34e68,128,248,254,65535,128,1,160,BOOTING,-1,False,False,False,False,0,healthy
401.797437207,mixed_pdv_loss_holdover,453.0,453.0,2331.0,0.0,0.0,6.0,2.0,1.5,0.0,0.0,0.0,20.0,4,2714,Sync,0.0,c29a38.fffe.b34e68,128,248,254,65535,128,1,160,BOOTING,-1,False,False,False,False,0,healthy
401.909283455,mixed_pdv_loss_holdover,453.0,453.0,2331.0,0.0,0.0,6.0,2.0,1.5,0.0,0.0,0.0,20.0,4,2715,Sync,0.0,c29a38.fffe.b34e68,128,248,254,65535,128,1,160,BOOTING,-1,False,False,False,False,0,healthy
402.091830047,mixed_pdv_loss_holdover,453.0,453.0,2331.0,0.0,0.0,6.0,2.0,1.5,0.0,0.0,0.0,20.0,4,2716,Sync,0.0,c29a38.fffe.b34e68,128,248,254,65535,128,1,160,BOOTING,-1,False,False,False,False,0,healthy
402.253755556,mixed_pdv_loss_holdover,453.0,453.0,2331.0,0.0,0.0,6.0,2.0,1.5,0.0,0.0,0.0,20.0,4,2717,Sync,0.0,c29a38.fffe.b34e68,128,248,254,65535,128,1,160,BOOTING,-1,False,False,False,False,0,healthy
402.37408715799995,mixed_pdv_loss_holdover,453.0,453.0,2331.0,0.0,0.0,6.0,2.0,1.5,0.0,0.0,0.0,20.0,4,2718,Sync,0.0,c29a38.fffe.b34e68,128,248,254,65535,128,1,160,BOOTING,-1,False,False,False,False,0,healthy
402.488717093,mixed_pdv_loss_holdover,453.0,453.0,2331.0,0.0,0.0,6.0,2.0,1.5,0.0,0.0,0.0,20.0,4,2719,Sync,0.0,c29a38.fffe.b34e68,128,248,254,65535,128,1,160,BOOTING,-1,False,False,False,False,0,healthy
402.701001552,mixed_pdv_loss_holdover,453.0,453.0,2331.0,0.0,0.0,6.0,2.0,1.5,0.0,0.0,0.0,20.0,4,2720,Sync,0.0,c29a38.fffe.b34e68,128,248,254,65535,128,1,160,BOOTING,-1,False,False,False,False,0,healthy
402.913966373,mixed_pdv_loss_holdover,453.0,453.0,2331.0,0.0,0.0,6.0,2.0,1.5,0.0,0.0,0.0,20.0,4,2721,Sync,0.0,c29a38.fffe.b34e68,128,248,254,65535,128,1,160,BOOTING,-1,False,False,False,False,0,healthy
403.02680749499996,mixed_pdv_loss_holdover,453.0,453.0,2331.0,0.0,0.0,6.0,2.0,1.5,0.0,0.0,0.0,20.0,4,2722,Sync,0.0,c29a38.fffe.b34e68,128,248,254,65535,128,1,160,BOOTING,-1,False,False,False,False,0,healthy
403.138510946,mixed_pdv_loss_holdover,453.0,453.0,2331.0,0.0,0.0,6.0,2.0,1.5,0.0,0.0,0.0,20.0,4,2723,Sync,0.0,c29a38.fffe.b34e68,128,248,254,65535,128,1,160,BOOTING,-1,False,False,False,False,0,healthy
403.24957356199997,mixed_pdv_loss_holdover,453.0,453.0,2331.0,0.0,0.0,6.0,2.0,1.5,0.0,0.0,0.0,20.0,4,2724,Sync,0.0,c29a38.fffe.b34e68,128,248,254,65535,128,1,160,BOOTING,-1,False,False,False,False,0,healthy
403.379304038,mixed_pdv_loss_holdover,453.0,453.0,2331.0,0.0,0.0,6.0,2.0,1.5,0.0,0.0,0.0,20.0,4,2725,Sync,0.0,c29a38.fffe.b34e68,128,248,254,65535,128,1,160,BOOTING,-1,False,False,False,False,0,healthy
403.49189278899996,mixed_pdv_loss_holdover,453.0,453.0,2331.0,0.0,0.0,6.0,2.0,1.5,0.0,0.0,0.0,20.0,4,2726,Sync,0.0,c29a38.fffe.b34e68,128,248,254,65535,128,1,160,BOOTING,-1,False,False,False,False,0,healthy
403.650094273,mixed_pdv_loss_holdover,453.0,453.0,2331.0,0.0,0.0,6.0,2.0,1.5,0.0,0.0,0.0,20.0,4,2727,Sync,0.0,c29a38.fffe.b34e68,128,248,254,65535,128,1,160,BOOTING,-1,False,False,False,False,0,healthy
403.919780658,mixed_pdv_loss_holdover,453.0,453.0,2331.0,0.0,0.0,6.0,2.0,1.5,0.0,0.0,0.0,20.0,4,2728,Sync,0.0,c29a38.fffe.b34e68,128,248,254,65535,128,1,160,BOOTING,-1,False,False,False,False,0,healthy
404.031772205,mixed_pdv_loss_holdover,453.0,453.0,2331.0,0.0,0.0,6.0,2.0,1.5,0.0,0.0,0.0,20.0,4,2729,Sync,0.0,c29a38.fffe.b34e68,128,248,254,65535,128,1,160,BOOTING,-1,False,False,False,False,0,healthy
404.156185074,mixed_pdv_loss_holdover,453.0,453.0,2331.0,0.0,0.0,6.0,2.0,1.5,0.0,0.0,0.0,20.0,4,2730,Sync,0.0,c29a38.fffe.b34e68,128,248,254,65535,128,1,160,BOOTING,-1,False,False,False,False,0,healthy
404.270144555,mixed_pdv_loss_holdover,453.0,453.0,2331.0,0.0,0.0,6.0,2.0,1.5,0.0,0.0,0.0,20.0,4,2731,Sync,0.0,c29a38.fffe.b34e68,128,248,254,65535,128,1,160,BOOTING,-1,False,False,False,False,0,healthy
404.382691778,mixed_pdv_loss_holdover,453.0,453.0,2331.0,0.0,0.0,6.0,2.0,1.5,0.0,0.0,0.0,20.0,4,2732,Sync,0.0,c29a38.fffe.b34e68,128,248,254,65535,128,1,160,BOOTING,-1,False,False,False,False,0,healthy
404.495909756,mixed_pdv_loss_holdover,453.0,453.0,2331.0,0.0,0.0,6.0,2.0,1.5,0.0,0.0,0.0,20.0,4,2733,Sync,0.0,c29a38.fffe.b34e68,128,248,254,65535,128,1,160,BOOTING,-1,False,False,False,False,0,healthy
404.638867001,mixed_pdv_loss_holdover,453.0,453.0,2331.0,0.0,0.0,6.0,2.0,1.5,0.0,0.0,0.0,20.0,4,2734,Sync,0.0,c29a38.fffe.b34e68,128,248,254,65535,128,1,160,BOOTING,-1,False,False,False,False,0,healthy
404.84843711999997,mixed_pdv_loss_holdover,453.0,453.0,2331.0,0.0,0.0,6.0,2.0,1.5,0.0,0.0,0.0,20.0,4,2735,Sync,0.0,c29a38.fffe.b34e68,128,248,254,65535,128,1,160,BOOTING,-1,False,False,False,False,0,healthy
404.966926473,mixed_pdv_loss_holdover,453.0,453.0,2331.0,0.0,0.0,6.0,2.0,1.5,0.0,0.0,0.0,20.0,4,2736,Sync,0.0,c29a38.fffe.b34e68,128,248,254,65535,128,1,160,BOOTING,-1,False,False,False,False,0,healthy
405.166171289,mixed_pdv_loss_holdover,453.0,453.0,2331.0,0.0,0.0,6.0,2.0,1.5,0.0,0.0,0.0,20.0,4,2737,Sync,0.0,c29a38.fffe.b34e68,128,248,254,65535,128,1,160,BOOTING,-1,False,False,False,False,0,healthy
405.299781496,mixed_pdv_loss_holdover,453.0,453.0,2331.0,0.0,0.0,6.0,2.0,1.5,0.0,0.0,0.0,20.0,4,2738,Sync,0.0,c29a38.fffe.b34e68,128,248,254,65535,128,1,160,BOOTING,-1,False,False,False,False,0,healthy
405.412152399,mixed_pdv_loss_holdover,453.0,453.0,2331.0,0.0,0.0,6.0,2.0,1.5,0.0,0.0,0.0,20.0,4,2739,Sync,0.0,c29a38.fffe.b34e68,128,248,254,65535,128,1,160,BOOTING,-1,False,False,False,False,0,healthy
405.528290858,mixed_pdv_loss_holdover,453.0,453.0,2331.0,0.0,0.0,6.0,2.0,1.5,0.0,0.0,0.0,20.0,4,2740,Sync,0.0,c29a38.fffe.b34e68,128,248,254,65535,128,1,160,BOOTING,-1,False,False,False,False,0,healthy
405.64332847,mixed_pdv_loss_holdover,453.0,453.0,2331.0,0.0,0.0,6.0,2.0,1.5,0.0,0.0,0.0,20.0,4,2741,Sync,0.0,c29a38.fffe.b34e68,128,248,254,65535,128,1,160,BOOTING,-1,False,False,False,False,0,healthy
405.77687750499996,mixed_pdv_loss_holdover,453.0,453.0,2331.0,0.0,0.0,6.0,2.0,1.5,0.0,0.0,0.0,20.0,4,2742,Sync,0.0,c29a38.fffe.b34e68,128,248,254,65535,128,1,160,BOOTING,-1,False,False,False,False,0,healthy
405.890605222,mixed_pdv_loss_holdover,453.0,453.0,2331.0,0.0,0.0,6.0,2.0,1.5,0.0,0.0,0.0,20.0,4,2743,Sync,0.0,c29a38.fffe.b34e68,128,248,254,65535,128,1,160,BOOTING,-1,False,False,False,False,0,healthy
406.05874755499997,mixed_pdv_loss_holdover,453.0,453.0,2331.0,0.0,0.0,6.0,2.0,1.5,0.0,0.0,0.0,20.0,4,2744,Sync,0.0,c29a38.fffe.b34e68,128,248,254,65535,128,1,160,BOOTING,-1,False,False,False,False,0,healthy
406.18779708,mixed_pdv_loss_holdover,453.0,453.0,2331.0,0.0,0.0,6.0,2.0,1.5,0.0,0.0,0.0,20.0,4,2745,Sync,0.0,c29a38.fffe.b34e68,128,248,254,65535,128,1,160,BOOTING,-1,False,False,False,False,0,healthy
406.29984289699996,mixed_pdv_loss_holdover,453.0,453.0,2331.0,0.0,0.0,6.0,2.0,1.5,0.0,0.0,0.0,20.0,4,2746,Sync,0.0,c29a38.fffe.b34e68,128,248,254,65535,128,1,160,BOOTING,-1,False,False,False,False,0,healthy
406.414769613,mixed_pdv_loss_holdover,453.0,453.0,2331.0,0.0,0.0,6.0,2.0,1.5,0.0,0.0,0.0,20.0,4,2747,Sync,0.0,c29a38.fffe.b34e68,128,248,254,65535,128,1,160,BOOTING,-1,False,False,False,False,0,healthy
406.54727020499996,mixed_pdv_loss_holdover,453.0,453.0,2331.0,0.0,0.0,6.0,2.0,1.5,0.0,0.0,0.0,20.0,4,2748,Sync,0.0,c29a38.fffe.b34e68,128,248,254,65535,128,1,160,BOOTING,-1,False,False,False,False,0,healthy
406.65977307199995,mixed_pdv_loss_holdover,453.0,453.0,2331.0,0.0,0.0,6.0,2.0,1.5,0.0,0.0,0.0,20.0,4,2749,Sync,0.0,c29a38.fffe.b34e68,128,248,254,65535,128,1,160,BOOTING,-1,False,False,False,False,0,healthy
406.783239822,mixed_pdv_loss_holdover,453.0,453.0,2331.0,0.0,0.0,6.0,2.0,1.5,0.0,0.0,0.0,20.0,4,2750,Sync,0.0,c29a38.fffe.b34e68,128,248,254,65535,128,1,160,BOOTING,-1,False,False,False,False,0,healthy
406.895507105,mixed_pdv_loss_holdover,453.0,453.0,2331.0,0.0,0.0,6.0,2.0,1.5,0.0,0.0,0.0,20.0,4,2751,Sync,0.0,c29a38.fffe.b34e68,128,248,254,65535,128,1,160,BOOTING,-1,False,False,False,False,0,healthy
407.063538797,mixed_pdv_loss_holdover,453.0,453.0,2331.0,0.0,0.0,6.0,2.0,1.5,0.0,0.0,0.0,20.0,4,2752,Sync,0.0,c29a38.fffe.b34e68,128,248,254,65535,128,1,160,BOOTING,-1,False,False,False,False,0,healthy
407.207224647,mixed_pdv_loss_holdover,453.0,453.0,2331.0,0.0,0.0,6.0,2.0,1.5,0.0,0.0,0.0,20.0,4,2753,Sync,0.0,c29a38.fffe.b34e68,128,248,254,65535,128,1,160,BOOTING,-1,False,False,False,False,0,healthy
407.32376937199996,mixed_pdv_loss_holdover,453.0,453.0,2331.0,0.0,0.0,6.0,2.0,1.5,0.0,0.0,0.0,20.0,4,2754,Sync,0.0,c29a38.fffe.b34e68,128,248,254,65535,128,1,160,BOOTING,-1,False,False,False,False,0,healthy
407.448037838,mixed_pdv_loss_holdover,453.0,453.0,2331.0,0.0,0.0,6.0,2.0,1.5,0.0,0.0,0.0,20.0,4,2755,Sync,0.0,c29a38.fffe.b34e68,128,248,254,65535,128,1,160,BOOTING,-1,False,False,False,False,0,healthy
407.580273605,mixed_pdv_loss_holdover,453.0,453.0,2331.0,0.0,0.0,6.0,2.0,1.5,0.0,0.0,0.0,20.0,4,2756,Sync,0.0,c29a38.fffe.b34e68,128,248,254,65535,128,1,160,BOOTING,-1,False,False,False,False,0,healthy
407.69749913799996,mixed_pdv_loss_holdover,453.0,453.0,2331.0,0.0,0.0,6.0,2.0,1.5,0.0,0.0,0.0,20.0,4,2757,Sync,0.0,c29a38.fffe.b34e68,128,248,254,65535,128,1,160,BOOTING,-1,False,False,False,False,0,healthy
407.829789172,mixed_pdv_loss_holdover,453.0,453.0,2331.0,0.0,0.0,6.0,2.0,1.5,0.0,0.0,0.0,20.0,4,2758,Sync,0.0,c29a38.fffe.b34e68,128,248,254,65535,128,1,160,BOOTING,-1,False,False,False,False,0,healthy
407.95432723,mixed_pdv_loss_holdover,453.0,453.0,2331.0,0.0,0.0,6.0,2.0,1.5,0.0,0.0,0.0,20.0,4,2759,Sync,0.0,c29a38.fffe.b34e68,128,248,254,65535,128,1,160,BOOTING,-1,False,False,False,False,0,healthy
408.06513921299995,mixed_pdv_loss_holdover,453.0,453.0,2331.0,0.0,0.0,6.0,2.0,1.5,0.0,0.0,0.0,20.0,4,2760,Sync,0.0,c29a38.fffe.b34e68,128,248,254,65535,128,1,160,BOOTING,-1,False,False,False,False,0,healthy
408.19471444699997,mixed_pdv_loss_holdover,453.0,453.0,2331.0,0.0,0.0,6.0,2.0,1.5,0.0,0.0,0.0,20.0,4,2761,Sync,0.0,c29a38.fffe.b34e68,128,248,254,65535,128,1,160,BOOTING,-1,False,False,False,False,0,healthy
408.30848047999996,mixed_pdv_loss_holdover,453.0,453.0,2331.0,0.0,0.0,6.0,2.0,1.5,0.0,0.0,0.0,20.0,4,2762,Sync,0.0,c29a38.fffe.b34e68,128,248,254,65535,128,1,160,BOOTING,-1,False,False,False,False,0,healthy
408.446354022,mixed_pdv_loss_holdover,453.0,453.0,2331.0,0.0,0.0,6.0,2.0,1.5,0.0,0.0,0.0,20.0,4,2763,Sync,0.0,c29a38.fffe.b34e68,128,248,254,65535,128,1,160,BOOTING,-1,False,False,False,False,0,healthy
408.57102188,mixed_pdv_loss_holdover,453.0,453.0,2331.0,0.0,0.0,6.0,2.0,1.5,0.0,0.0,0.0,20.0,4,2764,Sync,0.0,c29a38.fffe.b34e68,128,248,254,65535,128,1,160,BOOTING,-1,False,False,False,False,0,healthy
408.68085413,mixed_pdv_loss_holdover,453.0,453.0,2331.0,0.0,0.0,6.0,2.0,1.5,0.0,0.0,0.0,20.0,4,2765,Sync,0.0,c29a38.fffe.b34e68,128,248,254,65535,128,1,160,BOOTING,-1,False,False,False,False,0,healthy
408.79447817199997,mixed_pdv_loss_holdover,453.0,453.0,2331.0,0.0,0.0,6.0,2.0,1.5,0.0,0.0,0.0,20.0,4,2766,Sync,0.0,c29a38.fffe.b34e68,128,248,254,65535,128,1,160,BOOTING,-1,False,False,False,False,0,healthy
409.068263588,mixed_pdv_loss_holdover,453.0,453.0,2331.0,0.0,0.0,6.0,2.0,1.5,0.0,0.0,0.0,20.0,4,2767,Sync,0.0,c29a38.fffe.b34e68,128,248,254,65535,128,1,160,BOOTING,-1,False,False,False,False,0,healthy
409.179213347,mixed_pdv_loss_holdover,453.0,453.0,2331.0,0.0,0.0,6.0,2.0,1.5,0.0,0.0,0.0,20.0,4,2768,Sync,0.0,c29a38.fffe.b34e68,128,248,254,65535,128,1,160,BOOTING,-1,False,False,False,False,0,healthy
409.36661558,mixed_pdv_loss_holdover,453.0,453.0,2331.0,0.0,0.0,6.0,2.0,1.5,0.0,0.0,0.0,20.0,4,2769,Sync,0.0,c29a38.fffe.b34e68,128,248,254,65535,128,1,160,BOOTING,-1,False,False,False,False,0,healthy
410.93448737999995,mixed_pdv_loss_holdover,0.0,0.0,0.0,0.0,-288.9266839291366,6.0,2.0,1.5,0.0,0.0,0.0,20.0,4,2770,Sync,0.0,9afaad.fffe.86c168,128,255,254,65535,128,0,160,HOLDOVER,-1,False,True,False,False,0,healthy
411.04636581299997,mixed_pdv_loss_holdover,0.0,0.0,0.0,0.0,0.0,6.0,2.0,1.5,0.0,0.0,0.0,20.0,4,2771,Sync,0.0,9afaad.fffe.86c168,128,255,254,65535,128,0,160,HOLDOVER,-1,False,True,False,False,0,healthy
411.158226739,mixed_pdv_loss_holdover,0.0,0.0,0.0,0.0,0.0,6.0,2.0,1.5,0.0,0.0,0.0,20.0,4,2772,Sync,0.0,9afaad.fffe.86c168,128,255,254,65535,128,0,160,HOLDOVER,-1,False,True,False,False,0,healthy
411.271997447,mixed_pdv_loss_holdover,0.0,0.0,0.0,0.0,0.0,6.0,2.0,1.5,0.0,0.0,0.0,20.0,4,2773,Sync,0.0,9afaad.fffe.86c168,128,255,254,65535,128,0,160,HOLDOVER,-1,False,True,False,False,0,healthy
411.38237511399996,mixed_pdv_loss_holdover,0.0,0.0,0.0,0.0,0.0,6.0,2.0,1.5,0.0,0.0,0.0,20.0,4,2774,Sync,0.0,9afaad.fffe.86c168,128,255,254,65535,128,0,160,HOLDOVER,-1,False,True,False,False,0,healthy
411.49740330599997,mixed_pdv_loss_holdover,0.0,0.0,0.0,0.0,0.0,6.0,2.0,1.5,0.0,0.0,0.0,20.0,4,2775,Sync,0.0,9afaad.fffe.86c168,128,255,254,65535,128,0,160,HOLDOVER,-1,False,True,False,False,0,healthy
411.629767498,mixed_pdv_loss_holdover,0.0,0.0,0.0,0.0,0.0,6.0,2.0,1.5,0.0,0.0,0.0,20.0,4,2776,Sync,0.0,9afaad.fffe.86c168,128,255,254,65535,128,0,160,HOLDOVER,-1,False,True,False,False,0,healthy
411.740537606,mixed_pdv_loss_holdover,0.0,0.0,0.0,0.0,0.0,6.0,2.0,1.5,0.0,0.0,0.0,20.0,4,2777,Sync,0.0,9afaad.fffe.86c168,128,255,254,65535,128,0,160,HOLDOVER,-1,False,True,False,False,0,healthy
411.85037190599996,mixed_pdv_loss_holdover,0.0,0.0,0.0,0.0,0.0,6.0,2.0,1.5,0.0,0.0,0.0,20.0,4,2778,Sync,0.0,9afaad.fffe.86c168,128,255,254,65535,128,0,160,HOLDOVER,-1,False,True,False,False,0,healthy
411.961317506,mixed_pdv_loss_holdover,0.0,0.0,0.0,0.0,0.0,6.0,2.0,1.5,0.0,0.0,0.0,20.0,4,2779,Sync,0.0,9afaad.fffe.86c168,128,255,254,65535,128,0,160,HOLDOVER,-1,False,True,False,False,0,healthy
412.079790506,mixed_pdv_loss_holdover,0.0,0.0,0.0,0.0,0.0,6.0,2.0,1.5,0.0,0.0,0.0,20.0,4,2780,Sync,0.0,9afaad.fffe.86c168,128,255,254,65535,128,0,160,HOLDOVER,-1,False,True,False,False,0,healthy
412.222226806,mixed_pdv_loss_holdover,0.0,0.0,0.0,0.0,0.0,6.0,2.0,1.5,0.0,0.0,0.0,20.0,4,2781,Sync,0.0,9afaad.fffe.86c168,128,255,254,65535,128,0,160,HOLDOVER,-1,False,True,False,False,0,healthy
412.350482306,mixed_pdv_loss_holdover,0.0,0.0,0.0,0.0,0.0,6.0,2.0,1.5,0.0,0.0,0.0,20.0,4,2782,Sync,0.0,9afaad.fffe.86c168,128,255,254,65535,128,0,160,HOLDOVER,-1,False,True,False,False,0,healthy
412.462751607,mixed_pdv_loss_holdover,0.0,0.0,0.0,0.0,0.0,6.0,2.0,1.5,0.0,0.0,0.0,20.0,4,2783,Sync,0.0,9afaad.fffe.86c168,128,255,254,65535,128,0,160,HOLDOVER,-1,False,True,False,False,0,healthy
412.57470820699996,mixed_pdv_loss_holdover,0.0,0.0,0.0,0.0,0.0,6.0,2.0,1.5,0.0,0.0,0.0,20.0,4,2784,Sync,0.0,9afaad.fffe.86c168,128,255,254,65535,128,0,160,HOLDOVER,-1,False,True,False,False,0,healthy
412.68848810699996,mixed_pdv_loss_holdover,0.0,0.0,0.0,0.0,0.0,6.0,2.0,1.5,0.0,0.0,0.0,20.0,4,2785,Sync,0.0,9afaad.fffe.86c168,128,255,254,65535,128,0,160,HOLDOVER,-1,False,True,False,False,0,healthy
412.81893360699996,mixed_pdv_loss_holdover,0.0,0.0,0.0,0.0,0.0,6.0,2.0,1.5,0.0,0.0,0.0,20.0,4,2786,Sync,0.0,9afaad.fffe.86c168,128,255,254,65535,128,0,160,HOLDOVER,-1,False,True,False,False,0,healthy
412.93446650699997,mixed_pdv_loss_holdover,0.0,0.0,0.0,0.0,0.0,6.0,2.0,1.5,0.0,0.0,0.0,20.0,4,2787,Sync,0.0,9afaad.fffe.86c168,128,255,254,65535,128,0,160,HOLDOVER,-1,False,True,False,False,0,healthy
413.047249407,mixed_pdv_loss_holdover,0.0,0.0,0.0,0.0,0.0,6.0,2.0,1.5,0.0,0.0,0.0,20.0,4,2788,Sync,0.0,9afaad.fffe.86c168,128,255,254,65535,128,0,160,HOLDOVER,-1,False,True,False,False,0,healthy
413.17877220699995,mixed_pdv_loss_holdover,0.0,0.0,0.0,0.0,0.0,6.0,2.0,1.5,0.0,0.0,0.0,20.0,4,2789,Sync,0.0,9afaad.fffe.86c168,128,255,254,65535,128,0,160,HOLDOVER,-1,False,True,False,False,0,healthy
413.290692307,mixed_pdv_loss_holdover,0.0,0.0,0.0,0.0,0.0,6.0,2.0,1.5,0.0,0.0,0.0,20.0,4,2790,Sync,0.0,9afaad.fffe.86c168,128,255,254,65535,128,0,160,HOLDOVER,-1,False,True,False,False,0,healthy
413.420379107,mixed_pdv_loss_holdover,0.0,0.0,0.0,0.0,0.0,6.0,2.0,1.5,0.0,0.0,0.0,20.0,4,2791,Sync,0.0,9afaad.fffe.86c168,128,255,254,65535,128,0,160,HOLDOVER,-1,False,True,False,False,0,healthy
413.532120507,mixed_pdv_loss_holdover,0.0,0.0,0.0,0.0,0.0,6.0,2.0,1.5,0.0,0.0,0.0,20.0,4,2792,Sync,0.0,9afaad.fffe.86c168,128,255,254,65535,128,0,160,HOLDOVER,-1,False,True,False,False,0,healthy
413.64449060699997,mixed_pdv_loss_holdover,0.0,0.0,0.0,0.0,0.0,6.0,2.0,1.5,0.0,0.0,0.0,20.0,4,2793,Sync,0.0,9afaad.fffe.86c168,128,255,254,65535,128,0,160,HOLDOVER,-1,False,True,False,False,0,healthy
413.77284825699996,mixed_pdv_loss_holdover,0.0,0.0,0.0,0.0,0.0,6.0,2.0,1.5,0.0,0.0,0.0,20.0,4,2794,Sync,0.0,9afaad.fffe.86c168,128,255,254,65535,128,0,160,HOLDOVER,-1,False,True,False,False,0,healthy
413.88341658999997,mixed_pdv_loss_holdover,0.0,0.0,0.0,0.0,0.0,6.0,2.0,1.5,0.0,0.0,0.0,20.0,4,2795,Sync,0.0,9afaad.fffe.86c168,128,255,254,65535,128,0,160,HOLDOVER,-1,False,True,False,False,0,healthy
413.99631564,mixed_pdv_loss_holdover,0.0,0.0,0.0,0.0,0.0,6.0,2.0,1.5,0.0,0.0,0.0,20.0,4,2796,Sync,0.0,9afaad.fffe.86c168,128,255,254,65535,128,0,160,HOLDOVER,-1,False,True,False,False,0,healthy
414.10933917399996,mixed_pdv_loss_holdover,0.0,0.0,0.0,0.0,0.0,6.0,2.0,1.5,0.0,0.0,0.0,20.0,4,2797,Sync,0.0,9afaad.fffe.86c168,128,255,254,65535,128,0,160,HOLDOVER,-1,False,True,False,False,0,healthy
414.220886874,mixed_pdv_loss_holdover,0.0,0.0,0.0,0.0,0.0,6.0,2.0,1.5,0.0,0.0,0.0,20.0,4,2798,Sync,0.0,9afaad.fffe.86c168,128,255,254,65535,128,0,160,HOLDOVER,-1,False,True,False,False,0,healthy
414.33646708199996,mixed_pdv_loss_holdover,0.0,0.0,0.0,0.0,0.0,6.0,2.0,1.5,0.0,0.0,0.0,20.0,4,2799,Sync,0.0,9afaad.fffe.86c168,128,255,254,65535,128,0,160,HOLDOVER,-1,False,True,False,False,0,healthy
414.44817244899997,mixed_pdv_loss_holdover,0.0,0.0,0.0,0.0,0.0,6.0,2.0,1.5,0.0,0.0,0.0,20.0,4,2800,Sync,0.0,9afaad.fffe.86c168,128,255,254,65535,128,0,160,HOLDOVER,-1,False,True,False,False,0,healthy
414.575396615,mixed_pdv_loss_holdover,0.0,0.0,0.0,0.0,0.0,6.0,2.0,1.5,0.0,0.0,0.0,20.0,4,2801,Sync,0.0,9afaad.fffe.86c168,128,255,254,65535,128,0,160,HOLDOVER,-1,False,True,False,False,0,healthy
414.686351415,mixed_pdv_loss_holdover,0.0,0.0,0.0,0.0,0.0,6.0,2.0,1.5,0.0,0.0,0.0,20.0,4,2802,Sync,0.0,9afaad.fffe.86c168,128,255,254,65535,128,0,160,HOLDOVER,-1,False,True,False,False,0,healthy
414.814609582,mixed_pdv_loss_holdover,0.0,0.0,0.0,0.0,0.0,6.0,2.0,1.5,0.0,0.0,0.0,20.0,4,2803,Sync,0.0,9afaad.fffe.86c168,128,255,254,65535,128,0,160,HOLDOVER,-1,False,True,False,False,0,healthy
414.926694999,mixed_pdv_loss_holdover,0.0,0.0,0.0,0.0,0.0,6.0,2.0,1.5,0.0,0.0,0.0,20.0,4,2804,Sync,0.0,9afaad.fffe.86c168,128,255,254,65535,128,0,160,HOLDOVER,-1,False,True,False,False,0,healthy
415.040049632,mixed_pdv_loss_holdover,0.0,0.0,0.0,0.0,0.0,6.0,2.0,1.5,0.0,0.0,0.0,20.0,4,2805,Sync,0.0,9afaad.fffe.86c168,128,255,254,65535,128,0,160,HOLDOVER,-1,False,True,False,False,0,healthy
415.173416199,mixed_pdv_loss_holdover,0.0,0.0,0.0,0.0,0.0,6.0,2.0,1.5,0.0,0.0,0.0,20.0,4,2806,Sync,0.0,9afaad.fffe.86c168,128,255,254,65535,128,0,160,HOLDOVER,-1,False,True,False,False,0,healthy
415.28706774,mixed_pdv_loss_holdover,0.0,0.0,0.0,0.0,0.0,6.0,2.0,1.5,0.0,0.0,0.0,20.0,4,2807,Sync,0.0,9afaad.fffe.86c168,128,255,254,65535,128,0,160,HOLDOVER,-1,False,True,False,False,0,healthy
415.421108882,mixed_pdv_loss_holdover,0.0,0.0,0.0,0.0,0.0,6.0,2.0,1.5,0.0,0.0,0.0,20.0,4,2808,Sync,0.0,9afaad.fffe.86c168,128,255,254,65535,128,0,160,HOLDOVER,-1,False,True,False,False,0,healthy
415.55199311499996,mixed_pdv_loss_holdover,0.0,0.0,0.0,0.0,0.0,6.0,2.0,1.5,0.0,0.0,0.0,20.0,4,2809,Sync,0.0,9afaad.fffe.86c168,128,255,254,65535,128,0,160,HOLDOVER,-1,False,True,False,False,0,healthy
415.66197524,mixed_pdv_loss_holdover,0.0,0.0,0.0,0.0,0.0,6.0,2.0,1.5,0.0,0.0,0.0,20.0,4,2810,Sync,0.0,9afaad.fffe.86c168,128,255,254,65535,128,0,160,HOLDOVER,-1,False,True,False,False,0,healthy
415.773786299,mixed_pdv_loss_holdover,0.0,0.0,0.0,0.0,0.0,6.0,2.0,1.5,0.0,0.0,0.0,20.0,4,2811,Sync,0.0,9afaad.fffe.86c168,128,255,254,65535,128,0,160,HOLDOVER,-1,False,True,False,False,0,healthy
415.883930674,mixed_pdv_loss_holdover,0.0,0.0,0.0,0.0,0.0,6.0,2.0,1.5,0.0,0.0,0.0,20.0,4,2812,Sync,0.0,9afaad.fffe.86c168,128,255,254,65535,128,0,160,HOLDOVER,-1,False,True,False,False,0,healthy
416.01097984899997,mixed_pdv_loss_holdover,0.0,0.0,0.0,0.0,0.0,6.0,2.0,1.5,0.0,0.0,0.0,20.0,4,2813,Sync,0.0,9afaad.fffe.86c168,128,255,254,65535,128,0,160,HOLDOVER,-1,False,True,False,False,0,healthy
416.12608485699997,mixed_pdv_loss_holdover,0.0,0.0,0.0,0.0,0.0,6.0,2.0,1.5,0.0,0.0,0.0,20.0,4,2814,Sync,0.0,9afaad.fffe.86c168,128,255,254,65535,128,0,160,HOLDOVER,-1,False,True,False,False,0,healthy
416.23559939,mixed_pdv_loss_holdover,0.0,0.0,0.0,0.0,0.0,6.0,2.0,1.5,0.0,0.0,0.0,20.0,4,2815,Sync,0.0,9afaad.fffe.86c168,128,255,254,65535,128,0,160,HOLDOVER,-1,False,True,False,False,0,healthy
416.34660671499995,mixed_pdv_loss_holdover,0.0,0.0,0.0,0.0,0.0,6.0,2.0,1.5,0.0,0.0,0.0,20.0,4,2816,Sync,0.0,9afaad.fffe.86c168,128,255,254,65535,128,0,160,HOLDOVER,-1,False,True,False,False,0,healthy
416.459355799,mixed_pdv_loss_holdover,0.0,0.0,0.0,0.0,0.0,6.0,2.0,1.5,0.0,0.0,0.0,20.0,4,2817,Sync,0.0,9afaad.fffe.86c168,128,255,254,65535,128,0,160,HOLDOVER,-1,False,True,False,False,0,healthy
416.59242802399996,mixed_pdv_loss_holdover,0.0,0.0,0.0,0.0,0.0,6.0,2.0,1.5,0.0,0.0,0.0,20.0,4,2818,Sync,0.0,9afaad.fffe.86c168,128,255,254,65535,128,0,160,HOLDOVER,-1,False,True,False,False,0,healthy
416.704902749,mixed_pdv_loss_holdover,0.0,0.0,0.0,0.0,0.0,6.0,2.0,1.5,0.0,0.0,0.0,20.0,4,2819,Sync,0.0,9afaad.fffe.86c168,128,255,254,65535,128,0,160,HOLDOVER,-1,False,True,False,False,0,healthy
416.83636118199996,mixed_pdv_loss_holdover,0.0,0.0,0.0,0.0,0.0,6.0,2.0,1.5,0.0,0.0,0.0,20.0,4,2820,Sync,0.0,9afaad.fffe.86c168,128,255,254,65535,128,0,160,HOLDOVER,-1,False,True,False,False,0,healthy
416.96471825699996,mixed_pdv_loss_holdover,0.0,0.0,0.0,0.0,0.0,6.0,2.0,1.5,0.0,0.0,0.0,20.0,4,2821,Sync,0.0,9afaad.fffe.86c168,128,255,254,65535,128,0,160,HOLDOVER,-1,False,True,False,False,0,healthy
417.075175582,mixed_pdv_loss_holdover,0.0,0.0,0.0,0.0,0.0,6.0,2.0,1.5,0.0,0.0,0.0,20.0,4,2822,Sync,0.0,9afaad.fffe.86c168,128,255,254,65535,128,0,160,HOLDOVER,-1,False,True,False,False,0,healthy
417.20435710699996,mixed_pdv_loss_holdover,0.0,0.0,0.0,0.0,0.0,6.0,2.0,1.5,0.0,0.0,0.0,20.0,4,2823,Sync,0.0,9afaad.fffe.86c168,128,255,254,65535,128,0,160,HOLDOVER,-1,False,True,False,False,0,healthy
417.31566308199996,mixed_pdv_loss_holdover,0.0,0.0,0.0,0.0,0.0,6.0,2.0,1.5,0.0,0.0,0.0,20.0,4,2824,Sync,0.0,9afaad.fffe.86c168,128,255,254,65535,128,0,160,HOLDOVER,-1,False,True,False,False,0,healthy
417.447570682,mixed_pdv_loss_holdover,0.0,0.0,0.0,0.0,0.0,6.0,2.0,1.5,0.0,0.0,0.0,20.0,4,2825,Sync,0.0,9afaad.fffe.86c168,128,255,254,65535,128,0,160,HOLDOVER,-1,False,True,False,False,0,healthy
417.57792407399995,mixed_pdv_loss_holdover,0.0,0.0,0.0,0.0,0.0,6.0,2.0,1.5,0.0,0.0,0.0,20.0,4,2826,Sync,0.0,9afaad.fffe.86c168,128,255,254,65535,128,0,160,HOLDOVER,-1,False,True,False,False,0,healthy
417.691083365,mixed_pdv_loss_holdover,0.0,0.0,0.0,0.0,0.0,6.0,2.0,1.5,0.0,0.0,0.0,20.0,4,2827,Sync,0.0,9afaad.fffe.86c168,128,255,254,65535,128,0,160,HOLDOVER,-1,False,True,False,False,0,healthy
417.822620465,mixed_pdv_loss_holdover,0.0,0.0,0.0,0.0,0.0,6.0,2.0,1.5,0.0,0.0,0.0,20.0,4,2828,Sync,0.0,9afaad.fffe.86c168,128,255,254,65535,128,0,160,HOLDOVER,-1,False,True,False,False,0,healthy
417.95088406599996,mixed_pdv_loss_holdover,0.0,0.0,0.0,0.0,0.0,6.0,2.0,1.5,0.0,0.0,0.0,20.0,4,2829,Sync,0.0,9afaad.fffe.86c168,128,255,254,65535,128,0,160,HOLDOVER,-1,False,True,False,False,0,healthy
418.062029066,mixed_pdv_loss_holdover,0.0,0.0,0.0,0.0,0.0,6.0,2.0,1.5,0.0,0.0,0.0,20.0,4,2830,Sync,0.0,9afaad.fffe.86c168,128,255,254,65535,128,0,160,HOLDOVER,-1,False,True,False,False,0,healthy
418.173575466,mixed_pdv_loss_holdover,0.0,0.0,0.0,0.0,0.0,6.0,2.0,1.5,0.0,0.0,0.0,20.0,4,2831,Sync,0.0,9afaad.fffe.86c168,128,255,254,65535,128,0,160,HOLDOVER,-1,False,True,False,False,0,healthy
418.28642546599997,mixed_pdv_loss_holdover,0.0,0.0,0.0,0.0,0.0,6.0,2.0,1.5,0.0,0.0,0.0,20.0,4,2832,Sync,0.0,9afaad.fffe.86c168,128,255,254,65535,128,0,160,HOLDOVER,-1,False,True,False,False,0,healthy
418.419713566,mixed_pdv_loss_holdover,0.0,0.0,0.0,0.0,0.0,6.0,2.0,1.5,0.0,0.0,0.0,20.0,4,2833,Sync,0.0,9afaad.fffe.86c168,128,255,254,65535,128,0,160,HOLDOVER,-1,False,True,False,False,0,healthy
418.531487466,mixed_pdv_loss_holdover,0.0,0.0,0.0,0.0,0.0,6.0,2.0,1.5,0.0,0.0,0.0,20.0,4,2834,Sync,0.0,9afaad.fffe.86c168,128,255,254,65535,128,0,160,HOLDOVER,-1,False,True,False,False,0,healthy
418.646178466,mixed_pdv_loss_holdover,0.0,0.0,0.0,0.0,0.0,6.0,2.0,1.5,0.0,0.0,0.0,20.0,4,2835,Sync,8.719079962682837,9afaad.fffe.86c168,128,255,254,65535,128,0,160,HOLDOVER,-1,False,True,False,False,0,healthy
418.78255396599997,mixed_pdv_loss_holdover,0.0,0.0,0.0,0.0,0.0,6.0,2.0,1.5,0.0,0.0,0.0,20.0,4,2836,Sync,14.665390777670563,9afaad.fffe.86c168,128,255,254,65535,128,0,160,HOLDOVER,-1,False,True,False,False,0,healthy
418.89648936599997,mixed_pdv_loss_holdover,0.0,0.0,0.0,0.0,0.0,6.0,2.0,1.5,0.0,0.0,0.0,20.0,4,2837,Sync,8.776903403156327,9afaad.fffe.86c168,128,255,254,65535,128,0,160,HOLDOVER,-1,False,True,False,False,0,healthy
419.011725266,mixed_pdv_loss_holdover,0.0,0.0,0.0,0.0,0.0,6.0,2.0,1.5,0.0,0.0,0.0,20.0,4,2838,Sync,0.0,9afaad.fffe.86c168,128,255,254,65535,128,0,160,HOLDOVER,-1,False,True,False,False,0,healthy
419.126612466,mixed_pdv_loss_holdover,0.0,0.0,0.0,0.0,0.0,6.0,2.0,1.5,0.0,0.0,0.0,20.0,4,2839,Sync,17.40837969765152,9afaad.fffe.86c168,128,255,254,65535,128,0,160,HOLDOVER,-1,False,True,False,False,0,healthy
419.239406666,mixed_pdv_loss_holdover,0.0,0.0,0.0,0.0,0.0,6.0,2.0,1.5,0.0,0.0,0.0,20.0,4,2840,Sync,17.731408175243654,9afaad.fffe.86c168,128,255,254,65535,128,0,160,HOLDOVER,-1,False,True,False,False,0,healthy
419.355410766,mixed_pdv_loss_holdover,0.0,0.0,0.0,0.0,0.0,6.0,2.0,1.5,0.0,0.0,0.0,20.0,4,2841,Sync,8.620384969152113,9afaad.fffe.86c168,128,255,254,65535,128,0,160,HOLDOVER,-1,False,True,False,False,0,healthy
419.469313166,mixed_pdv_loss_holdover,0.0,0.0,0.0,0.0,0.0,6.0,2.0,1.5,0.0,0.0,0.0,20.0,4,2842,Sync,17.55889252552615,9afaad.fffe.86c168,128,255,254,65535,128,0,160,HOLDOVER,-1,False,True,False,False,0,healthy
419.609311666,mixed_pdv_loss_holdover,0.0,0.0,0.0,0.0,0.0,6.0,2.0,1.5,0.0,0.0,0.0,20.0,4,2843,Sync,0.0,9afaad.fffe.86c168,128,255,254,65535,128,0,160,HOLDOVER,-1,False,True,False,False,0,healthy
419.72367136599996,mixed_pdv_loss_holdover,0.0,0.0,0.0,0.0,0.0,6.0,2.0,1.5,0.0,0.0,0.0,20.0,4,2844,Sync,0.0,9afaad.fffe.86c168,128,255,254,65535,128,0,160,HOLDOVER,-1,False,True,False,False,0,healthy
419.85943106599996,mixed_pdv_loss_holdover,0.0,0.0,0.0,0.0,0.0,6.0,2.0,1.5,0.0,0.0,0.0,20.0,4,2845,Sync,0.0,9afaad.fffe.86c168,128,255,254,65535,128,0,160,HOLDOVER,-1,False,True,False,False,0,healthy
419.99356446599995,mixed_pdv_loss_holdover,0.0,0.0,0.0,0.0,0.0,6.0,2.0,1.5,0.0,0.0,0.0,20.0,4,2846,Sync,0.0,9afaad.fffe.86c168,128,255,254,65535,128,0,160,HOLDOVER,-1,False,True,False,False,0,healthy
420.107742666,mixed_pdv_loss_holdover,0.0,0.0,0.0,0.0,0.0,6.0,2.0,1.5,0.0,0.0,0.0,20.0,4,2847,Sync,0.0,9afaad.fffe.86c168,128,255,254,65535,128,0,160,HOLDOVER,-1,False,True,False,False,0,healthy
420.24315396599997,mixed_pdv_loss_holdover,0.0,0.0,0.0,0.0,0.0,6.0,2.0,1.5,0.0,0.0,0.0,20.0,4,2848,Sync,0.0,9afaad.fffe.86c168,128,255,254,65535,128,0,160,HOLDOVER,-1,False,True,False,False,0,healthy
420.372841166,mixed_pdv_loss_holdover,0.0,0.0,0.0,0.0,0.0,6.0,2.0,1.5,0.0,0.0,0.0,20.0,4,2849,Sync,0.0,9afaad.fffe.86c168,128,255,254,65535,128,0,160,HOLDOVER,-1,False,True,False,False,0,healthy
420.48452686599995,mixed_pdv_loss_holdover,0.0,0.0,0.0,0.0,0.0,6.0,2.0,1.5,0.0,0.0,0.0,20.0,4,2850,Sync,0.0,9afaad.fffe.86c168,128,255,254,65535,128,0,160,HOLDOVER,-1,False,True,False,False,0,healthy
420.60676426599997,mixed_pdv_loss_holdover,0.0,0.0,0.0,0.0,0.0,6.0,2.0,1.5,0.0,0.0,0.0,20.0,4,2851,Sync,0.0,9afaad.fffe.86c168,128,255,254,65535,128,0,160,HOLDOVER,-1,False,True,False,False,0,healthy
420.736274366,mixed_pdv_loss_holdover,0.0,0.0,0.0,0.0,0.0,6.0,2.0,1.5,0.0,0.0,0.0,20.0,4,2852,Sync,0.0,9afaad.fffe.86c168,128,255,254,65535,128,0,160,HOLDOVER,-1,False,True,False,False,0,healthy
420.84770666599997,mixed_pdv_loss_holdover,0.0,0.0,0.0,0.0,0.0,6.0,2.0,1.5,0.0,0.0,0.0,20.0,4,2853,Sync,0.0,9afaad.fffe.86c168,128,255,254,65535,128,0,160,HOLDOVER,-1,False,True,False,False,0,healthy
420.960833866,mixed_pdv_loss_holdover,0.0,0.0,0.0,0.0,0.0,6.0,2.0,1.5,0.0,0.0,0.0,20.0,4,2854,Sync,0.0,9afaad.fffe.86c168,128,255,254,65535,128,0,160,HOLDOVER,-1,False,True,False,False,0,healthy
421.076563066,mixed_pdv_loss_holdover,0.0,0.0,0.0,0.0,0.0,6.0,2.0,1.5,0.0,0.0,0.0,20.0,4,2855,Sync,0.0,9afaad.fffe.86c168,128,255,254,65535,128,0,160,HOLDOVER,-1,False,True,False,False,0,healthy
421.197045266,mixed_pdv_loss_holdover,0.0,0.0,0.0,0.0,0.0,6.0,2.0,1.5,0.0,0.0,0.0,20.0,4,2856,Sync,0.0,9afaad.fffe.86c168,128,255,254,65535,128,0,160,HOLDOVER,-1,False,True,False,False,0,healthy
421.315719766,mixed_pdv_loss_holdover,0.0,0.0,0.0,0.0,0.0,6.0,2.0,1.5,0.0,0.0,0.0,20.0,4,2857,Sync,0.0,9afaad.fffe.86c168,128,255,254,65535,128,0,160,HOLDOVER,-1,False,True,False,False,0,healthy
421.430045566,mixed_pdv_loss_holdover,0.0,0.0,0.0,0.0,0.0,6.0,2.0,1.5,0.0,0.0,0.0,20.0,4,2858,Sync,0.0,9afaad.fffe.86c168,128,255,254,65535,128,0,160,HOLDOVER,-1,False,True,False,False,0,healthy
421.55981186599996,mixed_pdv_loss_holdover,0.0,0.0,0.0,0.0,0.0,6.0,2.0,1.5,0.0,0.0,0.0,20.0,4,2859,Sync,0.0,9afaad.fffe.86c168,128,255,254,65535,128,0,160,HOLDOVER,-1,False,True,False,False,0,healthy
421.673098466,mixed_pdv_loss_holdover,0.0,0.0,0.0,0.0,0.0,6.0,2.0,1.5,0.0,0.0,0.0,20.0,4,2860,Sync,0.0,9afaad.fffe.86c168,128,255,254,65535,128,0,160,HOLDOVER,-1,False,True,False,False,0,healthy
421.788092599,mixed_pdv_loss_holdover,0.0,0.0,0.0,0.0,0.0,6.0,2.0,1.5,0.0,0.0,0.0,20.0,4,2861,Sync,0.0,9afaad.fffe.86c168,128,255,254,65535,128,0,160,HOLDOVER,-1,False,True,False,False,0,healthy
421.901293691,mixed_pdv_loss_holdover,0.0,0.0,0.0,0.0,0.0,6.0,2.0,1.5,0.0,0.0,0.0,20.0,4,2862,Sync,0.0,9afaad.fffe.86c168,128,255,254,65535,128,0,160,HOLDOVER,-1,False,True,False,False,0,healthy
422.030353941,mixed_pdv_loss_holdover,0.0,0.0,0.0,0.0,0.0,6.0,2.0,1.5,0.0,0.0,0.0,20.0,4,2863,Sync,0.0,9afaad.fffe.86c168,128,255,254,65535,128,0,160,HOLDOVER,-1,False,True,False,False,0,healthy
422.143341999,mixed_pdv_loss_holdover,0.0,0.0,0.0,0.0,0.0,6.0,2.0,1.5,0.0,0.0,0.0,20.0,4,2864,Sync,0.0,9afaad.fffe.86c168,128,255,254,65535,128,0,160,HOLDOVER,-1,False,True,False,False,0,healthy
422.256296599,mixed_pdv_loss_holdover,0.0,0.0,0.0,0.0,0.0,6.0,2.0,1.5,0.0,0.0,0.0,20.0,4,2865,Sync,0.0,9afaad.fffe.86c168,128,255,254,65535,128,0,160,HOLDOVER,-1,False,True,False,False,0,healthy
422.39086262399996,mixed_pdv_loss_holdover,0.0,0.0,0.0,0.0,0.0,6.0,2.0,1.5,0.0,0.0,0.0,20.0,4,2866,Sync,0.0,9afaad.fffe.86c168,128,255,254,65535,128,0,160,HOLDOVER,-1,False,True,False,False,0,healthy
422.50274454099997,mixed_pdv_loss_holdover,0.0,0.0,0.0,0.0,0.0,6.0,2.0,1.5,0.0,0.0,0.0,20.0,4,2867,Sync,0.0,9afaad.fffe.86c168,128,255,254,65535,128,0,160,HOLDOVER,-1,False,True,False,False,0,healthy
422.618511658,mixed_pdv_loss_holdover,0.0,0.0,0.0,0.0,0.0,6.0,2.0,1.5,0.0,0.0,0.0,20.0,4,2868,Sync,0.0,9afaad.fffe.86c168,128,255,254,65535,128,0,160,HOLDOVER,-1,False,True,False,False,0,healthy
422.73100994099997,mixed_pdv_loss_holdover,0.0,0.0,0.0,0.0,0.0,6.0,2.0,1.5,0.0,0.0,0.0,20.0,4,2869,Sync,0.0,9afaad.fffe.86c168,128,255,254,65535,128,0,160,HOLDOVER,-1,False,True,False,False,0,healthy
422.84077811599997,mixed_pdv_loss_holdover,0.0,0.0,0.0,0.0,0.0,6.0,2.0,1.5,0.0,0.0,0.0,20.0,4,2870,Sync,0.0,9afaad.fffe.86c168,128,255,254,65535,128,0,160,HOLDOVER,-1,False,True,False,False,0,healthy
422.96848426599996,mixed_pdv_loss_holdover,0.0,0.0,0.0,0.0,0.0,6.0,2.0,1.5,0.0,0.0,0.0,20.0,4,2871,Sync,0.0,9afaad.fffe.86c168,128,255,254,65535,128,0,160,HOLDOVER,-1,False,True,False,False,0,healthy
423.08119549099996,mixed_pdv_loss_holdover,0.0,0.0,0.0,0.0,0.0,6.0,2.0,1.5,0.0,0.0,0.0,20.0,4,2872,Sync,0.0,9afaad.fffe.86c168,128,255,254,65535,128,0,160,HOLDOVER,-1,False,True,False,False,0,healthy
423.19462180799997,mixed_pdv_loss_holdover,0.0,0.0,0.0,0.0,0.0,6.0,2.0,1.5,0.0,0.0,0.0,20.0,4,2873,Sync,0.0,9afaad.fffe.86c168,128,255,254,65535,128,0,160,HOLDOVER,-1,False,True,False,False,0,healthy
423.327004699,mixed_pdv_loss_holdover,0.0,0.0,0.0,0.0,0.0,6.0,2.0,1.5,0.0,0.0,0.0,20.0,4,2874,Sync,0.0,9afaad.fffe.86c168,128,255,254,65535,128,0,160,HOLDOVER,-1,False,True,False,False,0,healthy
423.43942167399996,mixed_pdv_loss_holdover,0.0,0.0,0.0,0.0,0.0,6.0,2.0,1.5,0.0,0.0,0.0,20.0,4,2875,Sync,0.0,9afaad.fffe.86c168,128,255,254,65535,128,0,160,HOLDOVER,-1,False,True,False,False,0,healthy
423.573272516,mixed_pdv_loss_holdover,0.0,0.0,0.0,0.0,0.0,6.0,2.0,1.5,0.0,0.0,0.0,20.0,4,2876,Sync,0.0,9afaad.fffe.86c168,128,255,254,65535,128,0,160,HOLDOVER,-1,False,True,False,False,0,healthy
423.68266852399995,mixed_pdv_loss_holdover,0.0,0.0,0.0,0.0,0.0,6.0,2.0,1.5,0.0,0.0,0.0,20.0,4,2877,Sync,0.0,9afaad.fffe.86c168,128,255,254,65535,128,0,160,HOLDOVER,-1,False,True,False,False,0,healthy
423.80893147399996,mixed_pdv_loss_holdover,0.0,0.0,0.0,0.0,0.0,6.0,2.0,1.5,0.0,0.0,0.0,20.0,4,2878,Sync,0.0,9afaad.fffe.86c168,128,255,254,65535,128,0,160,HOLDOVER,-1,False,True,False,False,0,healthy
423.922860858,mixed_pdv_loss_holdover,0.0,0.0,0.0,0.0,0.0,6.0,2.0,1.5,0.0,0.0,0.0,20.0,4,2879,Sync,0.0,9afaad.fffe.86c168,128,255,254,65535,128,0,160,HOLDOVER,-1,False,True,False,False,0,healthy
424.033470166,mixed_pdv_loss_holdover,0.0,0.0,0.0,0.0,0.0,6.0,2.0,1.5,0.0,0.0,0.0,20.0,4,2880,Sync,0.0,9afaad.fffe.86c168,128,255,254,65535,128,0,160,HOLDOVER,-1,False,True,False,False,0,healthy
424.169984658,mixed_pdv_loss_holdover,0.0,0.0,0.0,0.0,0.0,6.0,2.0,1.5,0.0,0.0,0.0,20.0,4,2881,Sync,0.0,9afaad.fffe.86c168,128,255,254,65535,128,0,160,HOLDOVER,-1,False,True,False,False,0,healthy
424.281860249,mixed_pdv_loss_holdover,0.0,0.0,0.0,0.0,0.0,6.0,2.0,1.5,0.0,0.0,0.0,20.0,4,2882,Sync,0.0,9afaad.fffe.86c168,128,255,254,65535,128,0,160,HOLDOVER,-1,False,True,False,False,0,healthy
424.412685449,mixed_pdv_loss_holdover,0.0,0.0,0.0,0.0,0.0,6.0,2.0,1.5,0.0,0.0,0.0,20.0,4,2883,Sync,0.0,9afaad.fffe.86c168,128,255,254,65535,128,0,160,HOLDOVER,-1,False,True,False,False,0,healthy
424.525838233,mixed_pdv_loss_holdover,0.0,0.0,0.0,0.0,0.0,6.0,2.0,1.5,0.0,0.0,0.0,20.0,4,2884,Sync,0.0,9afaad.fffe.86c168,128,255,254,65535,128,0,160,HOLDOVER,-1,False,True,False,False,0,healthy
424.639488583,mixed_pdv_loss_holdover,0.0,0.0,0.0,0.0,0.0,6.0,2.0,1.5,0.0,0.0,0.0,20.0,4,2885,Sync,0.0,9afaad.fffe.86c168,128,255,254,65535,128,0,160,HOLDOVER,-1,False,True,False,False,0,healthy
424.768468441,mixed_pdv_loss_holdover,0.0,0.0,0.0,0.0,0.0,6.0,2.0,1.5,0.0,0.0,0.0,20.0,4,2886,Sync,0.0,9afaad.fffe.86c168,128,255,254,65535,128,0,160,HOLDOVER,-1,False,True,False,False,0,healthy
424.879095933,mixed_pdv_loss_holdover,0.0,0.0,0.0,0.0,0.0,6.0,2.0,1.5,0.0,0.0,0.0,20.0,4,2887,Sync,0.0,9afaad.fffe.86c168,128,255,254,65535,128,0,160,HOLDOVER,-1,False,True,False,False,0,healthy
425.01040263299996,mixed_pdv_loss_holdover,0.0,0.0,0.0,0.0,0.0,6.0,2.0,1.5,0.0,0.0,0.0,20.0,4,2888,Sync,0.0,9afaad.fffe.86c168,128,255,254,65535,128,0,160,HOLDOVER,-1,False,True,False,False,0,healthy
425.142137833,mixed_pdv_loss_holdover,0.0,0.0,0.0,0.0,0.0,6.0,2.0,1.5,0.0,0.0,0.0,20.0,4,2889,Sync,0.0,9afaad.fffe.86c168,128,255,254,65535,128,0,160,HOLDOVER,-1,False,True,False,False,0,healthy
425.255685133,mixed_pdv_loss_holdover,0.0,0.0,0.0,0.0,0.0,6.0,2.0,1.5,0.0,0.0,0.0,20.0,4,2890,Sync,0.0,9afaad.fffe.86c168,128,255,254,65535,128,0,160,HOLDOVER,-1,False,True,False,False,0,healthy
425.366783033,mixed_pdv_loss_holdover,0.0,0.0,0.0,0.0,0.0,6.0,2.0,1.5,0.0,0.0,0.0,20.0,4,2891,Sync,0.0,9afaad.fffe.86c168,128,255,254,65535,128,0,160,HOLDOVER,-1,False,True,False,False,0,healthy
425.47990553299996,mixed_pdv_loss_holdover,0.0,0.0,0.0,0.0,0.0,6.0,2.0,1.5,0.0,0.0,0.0,20.0,4,2892,Sync,0.0,9afaad.fffe.86c168,128,255,254,65535,128,0,160,HOLDOVER,-1,False,True,False,False,0,healthy
425.612834433,mixed_pdv_loss_holdover,0.0,0.0,0.0,0.0,0.0,6.0,2.0,1.5,0.0,0.0,0.0,20.0,4,2893,Sync,0.0,9afaad.fffe.86c168,128,255,254,65535,128,0,160,HOLDOVER,-1,False,True,False,False,0,healthy
425.75003803299995,mixed_pdv_loss_holdover,0.0,0.0,0.0,0.0,0.0,6.0,2.0,1.5,0.0,0.0,0.0,20.0,4,2894,Sync,0.0,9afaad.fffe.86c168,128,255,254,65535,128,0,160,HOLDOVER,-1,False,True,False,False,0,healthy
425.862281733,mixed_pdv_loss_holdover,0.0,0.0,0.0,0.0,0.0,6.0,2.0,1.5,0.0,0.0,0.0,20.0,4,2895,Sync,0.0,9afaad.fffe.86c168,128,255,254,65535,128,0,160,HOLDOVER,-1,False,True,False,False,0,healthy
425.97660613299996,mixed_pdv_loss_holdover,0.0,0.0,0.0,0.0,0.0,6.0,2.0,1.5,0.0,0.0,0.0,20.0,4,2896,Sync,0.0,9afaad.fffe.86c168,128,255,254,65535,128,0,160,HOLDOVER,-1,False,True,False,False,0,healthy
426.088398133,mixed_pdv_loss_holdover,0.0,0.0,0.0,0.0,0.0,6.0,2.0,1.5,0.0,0.0,0.0,20.0,4,2897,Sync,0.0,9afaad.fffe.86c168,128,255,254,65535,128,0,160,HOLDOVER,-1,False,True,False,False,0,healthy
426.20324223299997,mixed_pdv_loss_holdover,0.0,0.0,0.0,0.0,0.0,6.0,2.0,1.5,0.0,0.0,0.0,20.0,4,2898,Sync,0.0,9afaad.fffe.86c168,128,255,254,65535,128,0,160,HOLDOVER,-1,False,True,False,False,0,healthy
426.334024233,mixed_pdv_loss_holdover,0.0,0.0,0.0,0.0,0.0,6.0,2.0,1.5,0.0,0.0,0.0,20.0,4,2899,Sync,0.0,9afaad.fffe.86c168,128,255,254,65535,128,0,160,HOLDOVER,-1,False,True,False,False,0,healthy
426.445293833,mixed_pdv_loss_holdover,0.0,0.0,0.0,0.0,0.0,6.0,2.0,1.5,0.0,0.0,0.0,20.0,4,2900,Sync,0.0,9afaad.fffe.86c168,128,255,254,65535,128,0,160,HOLDOVER,-1,False,True,False,False,0,healthy
426.572999933,mixed_pdv_loss_holdover,0.0,0.0,0.0,0.0,0.0,6.0,2.0,1.5,0.0,0.0,0.0,20.0,4,2901,Sync,0.0,9afaad.fffe.86c168,128,255,254,65535,128,0,160,HOLDOVER,-1,False,True,False,False,0,healthy
426.68578533299996,mixed_pdv_loss_holdover,0.0,0.0,0.0,0.0,0.0,6.0,2.0,1.5,0.0,0.0,0.0,20.0,4,2902,Sync,0.0,9afaad.fffe.86c168,128,255,254,65535,128,0,160,HOLDOVER,-1,False,True,False,False,0,healthy
426.800181533,mixed_pdv_loss_holdover,0.0,0.0,0.0,0.0,0.0,6.0,2.0,1.5,0.0,0.0,0.0,20.0,4,2903,Sync,0.0,9afaad.fffe.86c168,128,255,254,65535,128,0,160,HOLDOVER,-1,False,True,False,False,0,healthy
426.917921833,mixed_pdv_loss_holdover,0.0,0.0,0.0,0.0,0.0,6.0,2.0,1.5,0.0,0.0,0.0,20.0,4,2904,Sync,0.0,9afaad.fffe.86c168,128,255,254,65535,128,0,160,HOLDOVER,-1,False,True,False,False,0,healthy
427.03038913299997,mixed_pdv_loss_holdover,0.0,0.0,0.0,0.0,0.0,6.0,2.0,1.5,0.0,0.0,0.0,20.0,4,2905,Sync,0.0,9afaad.fffe.86c168,128,255,254,65535,128,0,160,HOLDOVER,-1,False,True,False,False,0,healthy
427.144350133,mixed_pdv_loss_holdover,0.0,0.0,0.0,0.0,0.0,6.0,2.0,1.5,0.0,0.0,0.0,20.0,4,2906,Sync,0.0,9afaad.fffe.86c168,128,255,254,65535,128,0,160,HOLDOVER,-1,False,True,False,False,0,healthy
427.256034033,mixed_pdv_loss_holdover,0.0,0.0,0.0,0.0,0.0,6.0,2.0,1.5,0.0,0.0,0.0,20.0,4,2907,Sync,0.0,9afaad.fffe.86c168,128,255,254,65535,128,0,160,HOLDOVER,-1,False,True,False,False,0,healthy
427.36769803299995,mixed_pdv_loss_holdover,0.0,0.0,0.0,0.0,0.0,6.0,2.0,1.5,0.0,0.0,0.0,20.0,4,2908,Sync,0.0,9afaad.fffe.86c168,128,255,254,65535,128,0,160,HOLDOVER,-1,False,True,False,False,0,healthy
427.478653233,mixed_pdv_loss_holdover,0.0,0.0,0.0,0.0,0.0,6.0,2.0,1.5,0.0,0.0,0.0,20.0,4,2909,Sync,0.0,9afaad.fffe.86c168,128,255,254,65535,128,0,160,HOLDOVER,-1,False,True,False,False,0,healthy
427.608818333,mixed_pdv_loss_holdover,0.0,0.0,0.0,0.0,0.0,6.0,2.0,1.5,0.0,0.0,0.0,20.0,4,2910,Sync,0.0,9afaad.fffe.86c168,128,255,254,65535,128,0,160,HOLDOVER,-1,False,True,False,False,0,healthy
427.72422623299997,mixed_pdv_loss_holdover,0.0,0.0,0.0,0.0,0.0,6.0,2.0,1.5,0.0,0.0,0.0,20.0,4,2911,Sync,0.0,9afaad.fffe.86c168,128,255,254,65535,128,0,160,HOLDOVER,-1,False,True,False,False,0,healthy
427.836959933,mixed_pdv_loss_holdover,0.0,0.0,0.0,0.0,0.0,6.0,2.0,1.5,0.0,0.0,0.0,20.0,4,2912,Sync,0.0,9afaad.fffe.86c168,128,255,254,65535,128,0,160,HOLDOVER,-1,False,True,False,False,0,healthy
427.954212033,mixed_pdv_loss_holdover,0.0,0.0,0.0,0.0,0.0,6.0,2.0,1.5,0.0,0.0,0.0,20.0,4,2913,Sync,0.0,9afaad.fffe.86c168,128,255,254,65535,128,0,160,HOLDOVER,-1,False,True,False,False,0,healthy
428.066965833,mixed_pdv_loss_holdover,0.0,0.0,0.0,0.0,0.0,6.0,2.0,1.5,0.0,0.0,0.0,20.0,4,2914,Sync,0.0,9afaad.fffe.86c168,128,255,254,65535,128,0,160,HOLDOVER,-1,False,True,False,False,0,healthy
428.18248923299996,mixed_pdv_loss_holdover,0.0,0.0,0.0,0.0,0.0,6.0,2.0,1.5,0.0,0.0,0.0,20.0,4,2915,Sync,0.0,9afaad.fffe.86c168,128,255,254,65535,128,0,160,HOLDOVER,-1,False,True,False,False,0,healthy
428.294768333,mixed_pdv_loss_holdover,0.0,0.0,0.0,0.0,0.0,6.0,2.0,1.5,0.0,0.0,0.0,20.0,4,2916,Sync,0.0,9afaad.fffe.86c168,128,255,254,65535,128,0,160,HOLDOVER,-1,False,True,False,False,0,healthy
428.423729933,mixed_pdv_loss_holdover,0.0,0.0,0.0,0.0,0.0,6.0,2.0,1.5,0.0,0.0,0.0,20.0,4,2917,Sync,0.0,9afaad.fffe.86c168,128,255,254,65535,128,0,160,HOLDOVER,-1,False,True,False,False,0,healthy
428.541757433,mixed_pdv_loss_holdover,0.0,0.0,0.0,0.0,0.0,6.0,2.0,1.5,0.0,0.0,0.0,20.0,4,2918,Sync,0.0,9afaad.fffe.86c168,128,255,254,65535,128,0,160,HOLDOVER,-1,False,True,False,False,0,healthy
428.653349833,mixed_pdv_loss_holdover,0.0,0.0,0.0,0.0,0.0,6.0,2.0,1.5,0.0,0.0,0.0,20.0,4,2919,Sync,0.0,9afaad.fffe.86c168,128,255,254,65535,128,0,160,HOLDOVER,-1,False,True,False,False,0,healthy
428.770514533,mixed_pdv_loss_holdover,0.0,0.0,0.0,0.0,0.0,6.0,2.0,1.5,0.0,0.0,0.0,20.0,4,2920,Sync,0.0,9afaad.fffe.86c168,128,255,254,65535,128,0,160,HOLDOVER,-1,False,True,False,False,0,healthy
428.884866833,mixed_pdv_loss_holdover,0.0,0.0,0.0,0.0,0.0,6.0,2.0,1.5,0.0,0.0,0.0,20.0,4,2921,Sync,0.0,9afaad.fffe.86c168,128,255,254,65535,128,0,160,HOLDOVER,-1,False,True,False,False,0,healthy
429.002475733,mixed_pdv_loss_holdover,0.0,0.0,0.0,0.0,0.0,6.0,2.0,1.5,0.0,0.0,0.0,20.0,4,2922,Sync,0.0,9afaad.fffe.86c168,128,255,254,65535,128,0,160,HOLDOVER,-1,False,True,False,False,0,healthy
429.132556133,mixed_pdv_loss_holdover,0.0,0.0,0.0,0.0,0.0,6.0,2.0,1.5,0.0,0.0,0.0,20.0,4,2923,Sync,0.0,9afaad.fffe.86c168,128,255,254,65535,128,0,160,HOLDOVER,-1,False,True,False,False,0,healthy
429.245564833,mixed_pdv_loss_holdover,0.0,0.0,0.0,0.0,0.0,6.0,2.0,1.5,0.0,0.0,0.0,20.0,4,2924,Sync,0.0,9afaad.fffe.86c168,128,255,254,65535,128,0,160,HOLDOVER,-1,False,True,False,False,0,healthy
429.362132333,mixed_pdv_loss_holdover,0.0,0.0,0.0,0.0,0.0,6.0,2.0,1.5,0.0,0.0,0.0,20.0,4,2925,Sync,0.0,9afaad.fffe.86c168,128,255,254,65535,128,0,160,HOLDOVER,-1,False,True,False,False,0,healthy
429.47422393299996,mixed_pdv_loss_holdover,0.0,0.0,0.0,0.0,0.0,6.0,2.0,1.5,0.0,0.0,0.0,20.0,4,2926,Sync,0.0,9afaad.fffe.86c168,128,255,254,65535,128,0,160,HOLDOVER,-1,False,True,False,False,0,healthy
429.605038933,mixed_pdv_loss_holdover,0.0,0.0,0.0,0.0,0.0,6.0,2.0,1.5,0.0,0.0,0.0,20.0,4,2927,Sync,0.0,9afaad.fffe.86c168,128,255,254,65535,128,0,160,HOLDOVER,-1,False,True,False,False,0,healthy
429.714534033,mixed_pdv_loss_holdover,0.0,0.0,0.0,0.0,0.0,6.0,2.0,1.5,0.0,0.0,0.0,20.0,4,2928,Sync,0.0,9afaad.fffe.86c168,128,255,254,65535,128,0,160,HOLDOVER,-1,False,True,False,False,0,healthy
429.84091398799995,mixed_pdv_loss_holdover,0.0,0.0,0.0,0.0,0.0,6.0,2.0,1.5,0.0,0.0,0.0,20.0,4,2929,Sync,0.0,9afaad.fffe.86c168,128,255,254,65535,128,0,160,HOLDOVER,-1,False,True,False,False,0,healthy
429.955174661,mixed_pdv_loss_holdover,0.0,0.0,0.0,0.0,0.0,6.0,2.0,1.5,0.0,0.0,0.0,20.0,4,2930,Sync,0.0,9afaad.fffe.86c168,128,255,254,65535,128,0,160,HOLDOVER,-1,False,True,False,False,0,healthy
430.068857343,mixed_pdv_loss_holdover,0.0,0.0,0.0,0.0,0.0,6.0,2.0,1.5,0.0,0.0,0.0,20.0,4,2931,Sync,0.0,9afaad.fffe.86c168,128,255,254,65535,128,0,160,HOLDOVER,-1,False,True,False,False,0,healthy
430.202368708,mixed_pdv_loss_holdover,0.0,0.0,0.0,0.0,0.0,6.0,2.0,1.5,0.0,0.0,0.0,20.0,4,2932,Sync,0.0,9afaad.fffe.86c168,128,255,254,65535,128,0,160,HOLDOVER,-1,False,True,False,False,0,healthy
430.31851836699997,mixed_pdv_loss_holdover,0.0,0.0,0.0,0.0,0.0,6.0,2.0,1.5,0.0,0.0,0.0,20.0,4,2933,Sync,0.0,9afaad.fffe.86c168,128,255,254,65535,128,0,160,HOLDOVER,-1,False,True,False,False,0,healthy
430.43418502199995,mixed_pdv_loss_holdover,0.0,0.0,0.0,0.0,0.0,6.0,2.0,1.5,0.0,0.0,0.0,20.0,4,2934,Sync,0.0,9afaad.fffe.86c168,128,255,254,65535,128,0,160,HOLDOVER,-1,False,True,False,False,0,healthy
430.57120466699996,mixed_pdv_loss_holdover,0.0,0.0,0.0,0.0,0.0,6.0,2.0,1.5,0.0,0.0,0.0,20.0,4,2935,Sync,0.0,9afaad.fffe.86c168,128,255,254,65535,128,0,160,HOLDOVER,-1,False,True,False,False,0,healthy
430.683463696,mixed_pdv_loss_holdover,0.0,0.0,0.0,0.0,0.0,6.0,2.0,1.5,0.0,0.0,0.0,20.0,4,2936,Sync,0.0,9afaad.fffe.86c168,128,255,254,65535,128,0,160,HOLDOVER,-1,False,True,False,False,0,healthy
430.809464354,mixed_pdv_loss_holdover,0.0,0.0,0.0,0.0,0.0,6.0,2.0,1.5,0.0,0.0,0.0,20.0,4,2937,Sync,0.0,9afaad.fffe.86c168,128,255,254,65535,128,0,160,HOLDOVER,-1,False,True,False,False,0,healthy
430.938695056,mixed_pdv_loss_holdover,0.0,0.0,0.0,0.0,0.0,6.0,2.0,1.5,0.0,0.0,0.0,20.0,4,2938,Sync,0.0,9afaad.fffe.86c168,128,255,254,65535,128,0,160,HOLDOVER,-1,False,True,False,False,0,healthy
431.049739805,mixed_pdv_loss_holdover,0.0,0.0,0.0,0.0,0.0,6.0,2.0,1.5,0.0,0.0,0.0,20.0,4,2939,Sync,0.0,9afaad.fffe.86c168,128,255,254,65535,128,0,160,HOLDOVER,-1,False,True,False,False,0,healthy
431.16419410199995,mixed_pdv_loss_holdover,0.0,0.0,0.0,0.0,0.0,6.0,2.0,1.5,0.0,0.0,0.0,20.0,4,2940,Sync,0.0,9afaad.fffe.86c168,128,255,254,65535,128,0,160,HOLDOVER,-1,False,True,False,False,0,healthy
431.276145022,mixed_pdv_loss_holdover,0.0,0.0,0.0,0.0,0.0,6.0,2.0,1.5,0.0,0.0,0.0,20.0,4,2941,Sync,0.0,9afaad.fffe.86c168,128,255,254,65535,128,0,160,HOLDOVER,-1,False,True,False,False,0,healthy
431.412755425,mixed_pdv_loss_holdover,0.0,0.0,0.0,0.0,0.0,6.0,2.0,1.5,0.0,0.0,0.0,20.0,4,2942,Sync,0.0,9afaad.fffe.86c168,128,255,254,65535,128,0,160,HOLDOVER,-1,False,True,False,False,0,healthy
431.536679141,mixed_pdv_loss_holdover,0.0,0.0,0.0,0.0,0.0,6.0,2.0,1.5,0.0,0.0,0.0,20.0,4,2943,Sync,0.0,9afaad.fffe.86c168,128,255,254,65535,128,0,160,HOLDOVER,-1,False,True,False,False,0,healthy
431.648192199,mixed_pdv_loss_holdover,0.0,0.0,0.0,0.0,0.0,6.0,2.0,1.5,0.0,0.0,0.0,20.0,4,2944,Sync,0.0,9afaad.fffe.86c168,128,255,254,65535,128,0,160,HOLDOVER,-1,False,True,False,False,0,healthy
431.75996467,mixed_pdv_loss_holdover,0.0,0.0,0.0,0.0,0.0,6.0,2.0,1.5,0.0,0.0,0.0,20.0,4,2945,Sync,0.0,9afaad.fffe.86c168,128,255,254,65535,128,0,160,HOLDOVER,-1,False,True,False,False,0,healthy
431.869634555,mixed_pdv_loss_holdover,0.0,0.0,0.0,0.0,0.0,6.0,2.0,1.5,0.0,0.0,0.0,20.0,4,2946,Sync,0.0,9afaad.fffe.86c168,128,255,254,65535,128,0,160,HOLDOVER,-1,False,True,False,False,0,healthy
431.989104537,mixed_pdv_loss_holdover,0.0,0.0,0.0,0.0,0.0,6.0,2.0,1.5,0.0,0.0,0.0,20.0,4,2947,Sync,0.0,9afaad.fffe.86c168,128,255,254,65535,128,0,160,HOLDOVER,-1,False,True,False,False,0,healthy
432.100807857,mixed_pdv_loss_holdover,0.0,0.0,0.0,0.0,0.0,6.0,2.0,1.5,0.0,0.0,0.0,20.0,4,2948,Sync,0.0,9afaad.fffe.86c168,128,255,254,65535,128,0,160,HOLDOVER,-1,False,True,False,False,0,healthy
432.23295396199995,mixed_pdv_loss_holdover,0.0,0.0,0.0,0.0,0.0,6.0,2.0,1.5,0.0,0.0,0.0,20.0,4,2949,Sync,0.0,9afaad.fffe.86c168,128,255,254,65535,128,0,160,HOLDOVER,-1,False,True,False,False,0,healthy
432.362182262,mixed_pdv_loss_holdover,0.0,0.0,0.0,0.0,0.0,6.0,2.0,1.5,0.0,0.0,0.0,20.0,4,2950,Sync,0.0,9afaad.fffe.86c168,128,255,254,65535,128,0,160,HOLDOVER,-1,False,True,False,False,0,healthy
432.474826137,mixed_pdv_loss_holdover,0.0,0.0,0.0,0.0,0.0,6.0,2.0,1.5,0.0,0.0,0.0,20.0,4,2951,Sync,0.0,9afaad.fffe.86c168,128,255,254,65535,128,0,160,HOLDOVER,-1,False,True,False,False,0,healthy
432.59243172099997,mixed_pdv_loss_holdover,0.0,0.0,0.0,0.0,0.0,6.0,2.0,1.5,0.0,0.0,0.0,20.0,4,2952,Sync,0.0,9afaad.fffe.86c168,128,255,254,65535,128,0,160,HOLDOVER,-1,False,True,False,False,0,healthy
432.707066195,mixed_pdv_loss_holdover,0.0,0.0,0.0,0.0,0.0,6.0,2.0,1.5,0.0,0.0,0.0,20.0,4,2953,Sync,0.0,9afaad.fffe.86c168,128,255,254,65535,128,0,160,HOLDOVER,-1,False,True,False,False,0,healthy
432.831813485,mixed_pdv_loss_holdover,0.0,0.0,0.0,0.0,0.0,6.0,2.0,1.5,0.0,0.0,0.0,20.0,4,2954,Sync,0.0,9afaad.fffe.86c168,128,255,254,65535,128,0,160,HOLDOVER,-1,False,True,False,False,0,healthy
432.942740869,mixed_pdv_loss_holdover,0.0,0.0,0.0,0.0,0.0,6.0,2.0,1.5,0.0,0.0,0.0,20.0,4,2955,Sync,0.0,9afaad.fffe.86c168,128,255,254,65535,128,0,160,HOLDOVER,-1,False,True,False,False,0,healthy
433.053656055,mixed_pdv_loss_holdover,0.0,0.0,0.0,0.0,0.0,6.0,2.0,1.5,0.0,0.0,0.0,20.0,4,2956,Sync,0.0,9afaad.fffe.86c168,128,255,254,65535,128,0,160,HOLDOVER,-1,False,True,False,False,0,healthy
433.165095543,mixed_pdv_loss_holdover,0.0,0.0,0.0,0.0,0.0,6.0,2.0,1.5,0.0,0.0,0.0,20.0,4,2957,Sync,0.0,9afaad.fffe.86c168,128,255,254,65535,128,0,160,HOLDOVER,-1,False,True,False,False,0,healthy
433.276064514,mixed_pdv_loss_holdover,0.0,0.0,0.0,0.0,0.0,6.0,2.0,1.5,0.0,0.0,0.0,20.0,4,2958,Sync,0.0,9afaad.fffe.86c168,128,255,254,65535,128,0,160,HOLDOVER,-1,False,True,False,False,0,healthy
433.39571140799995,mixed_pdv_loss_holdover,0.0,0.0,0.0,0.0,0.0,6.0,2.0,1.5,0.0,0.0,0.0,20.0,4,2959,Sync,0.0,9afaad.fffe.86c168,128,255,254,65535,128,0,160,HOLDOVER,-1,False,True,False,False,0,healthy
433.508837422,mixed_pdv_loss_holdover,0.0,0.0,0.0,0.0,0.0,6.0,2.0,1.5,0.0,0.0,0.0,20.0,4,2960,Sync,0.0,9afaad.fffe.86c168,128,255,254,65535,128,0,160,HOLDOVER,-1,False,True,False,False,0,healthy
433.620919593,mixed_pdv_loss_holdover,0.0,0.0,0.0,0.0,0.0,6.0,2.0,1.5,0.0,0.0,0.0,20.0,4,2961,Sync,0.0,9afaad.fffe.86c168,128,255,254,65535,128,0,160,HOLDOVER,-1,False,True,False,False,0,healthy
433.758519358,mixed_pdv_loss_holdover,0.0,0.0,0.0,0.0,0.0,6.0,2.0,1.5,0.0,0.0,0.0,20.0,4,2962,Sync,0.0,9afaad.fffe.86c168,128,255,254,65535,128,0,160,HOLDOVER,-1,False,True,False,False,0,healthy
433.872990888,mixed_pdv_loss_holdover,0.0,0.0,0.0,0.0,0.0,6.0,2.0,1.5,0.0,0.0,0.0,20.0,4,2963,Sync,0.0,9afaad.fffe.86c168,128,255,254,65535,128,0,160,HOLDOVER,-1,False,True,False,False,0,healthy
434.000785766,mixed_pdv_loss_holdover,0.0,0.0,0.0,0.0,0.0,6.0,2.0,1.5,0.0,0.0,0.0,20.0,4,2964,Sync,0.0,9afaad.fffe.86c168,128,255,254,65535,128,0,160,HOLDOVER,-1,False,True,False,False,0,healthy
434.11314700099996,mixed_pdv_loss_holdover,0.0,0.0,0.0,0.0,0.0,6.0,2.0,1.5,0.0,0.0,0.0,20.0,4,2965,Sync,0.0,9afaad.fffe.86c168,128,255,254,65535,128,0,160,HOLDOVER,-1,False,True,False,False,0,healthy
434.228017959,mixed_pdv_loss_holdover,0.0,0.0,0.0,0.0,0.0,6.0,2.0,1.5,0.0,0.0,0.0,20.0,4,2966,Sync,0.0,9afaad.fffe.86c168,128,255,254,65535,128,0,160,HOLDOVER,-1,False,True,False,False,0,healthy
434.341458023,mixed_pdv_loss_holdover,0.0,0.0,0.0,0.0,0.0,6.0,2.0,1.5,0.0,0.0,0.0,20.0,4,2967,Sync,0.0,9afaad.fffe.86c168,128,255,254,65535,128,0,160,HOLDOVER,-1,False,True,False,False,0,healthy
434.45363971999996,mixed_pdv_loss_holdover,0.0,0.0,0.0,0.0,0.0,6.0,2.0,1.5,0.0,0.0,0.0,20.0,4,2968,Sync,0.0,9afaad.fffe.86c168,128,255,254,65535,128,0,160,HOLDOVER,-1,False,True,False,False,0,healthy
434.569935866,mixed_pdv_loss_holdover,0.0,0.0,0.0,0.0,0.0,6.0,2.0,1.5,0.0,0.0,0.0,20.0,4,2969,Sync,0.0,9afaad.fffe.86c168,128,255,254,65535,128,0,160,HOLDOVER,-1,False,True,False,False,0,healthy
434.68473322799997,mixed_pdv_loss_holdover,0.0,0.0,0.0,0.0,0.0,6.0,2.0,1.5,0.0,0.0,0.0,20.0,4,2970,Sync,0.0,9afaad.fffe.86c168,128,255,254,65535,128,0,160,HOLDOVER,-1,False,True,False,False,0,healthy
434.819688791,mixed_pdv_loss_holdover,0.0,0.0,0.0,0.0,0.0,6.0,2.0,1.5,0.0,0.0,0.0,20.0,4,2971,Sync,0.0,9afaad.fffe.86c168,128,255,254,65535,128,0,160,HOLDOVER,-1,False,True,False,False,0,healthy
434.955777755,mixed_pdv_loss_holdover,0.0,0.0,0.0,0.0,0.0,6.0,2.0,1.5,0.0,0.0,0.0,20.0,4,2972,Sync,0.0,9afaad.fffe.86c168,128,255,254,65535,128,0,160,HOLDOVER,-1,False,True,False,False,0,healthy
435.073635671,mixed_pdv_loss_holdover,0.0,0.0,0.0,0.0,0.0,6.0,2.0,1.5,0.0,0.0,0.0,20.0,4,2973,Sync,0.0,9afaad.fffe.86c168,128,255,254,65535,128,0,160,HOLDOVER,-1,False,True,False,False,0,healthy
435.21192494999997,mixed_pdv_loss_holdover,0.0,0.0,0.0,0.0,0.0,6.0,2.0,1.5,0.0,0.0,0.0,20.0,4,2974,Sync,0.0,9afaad.fffe.86c168,128,255,254,65535,128,0,160,HOLDOVER,-1,False,True,False,False,0,healthy
435.32476301599996,mixed_pdv_loss_holdover,0.0,0.0,0.0,0.0,0.0,6.0,2.0,1.5,0.0,0.0,0.0,20.0,4,2975,Sync,0.0,9afaad.fffe.86c168,128,255,254,65535,128,0,160,HOLDOVER,-1,False,True,False,False,0,healthy
435.435125303,mixed_pdv_loss_holdover,0.0,0.0,0.0,0.0,0.0,6.0,2.0,1.5,0.0,0.0,0.0,20.0,4,2976,Sync,0.0,9afaad.fffe.86c168,128,255,254,65535,128,0,160,HOLDOVER,-1,False,True,False,False,0,healthy
435.54764164299996,mixed_pdv_loss_holdover,0.0,0.0,0.0,0.0,0.0,6.0,2.0,1.5,0.0,0.0,0.0,20.0,4,2977,Sync,0.0,9afaad.fffe.86c168,128,255,254,65535,128,0,160,HOLDOVER,-1,False,True,False,False,0,healthy
435.65881690599997,mixed_pdv_loss_holdover,0.0,0.0,0.0,0.0,0.0,6.0,2.0,1.5,0.0,0.0,0.0,20.0,4,2978,Sync,0.0,9afaad.fffe.86c168,128,255,254,65535,128,0,160,HOLDOVER,-1,False,True,False,False,0,healthy
435.771355375,mixed_pdv_loss_holdover,0.0,0.0,0.0,0.0,0.0,6.0,2.0,1.5,0.0,0.0,0.0,20.0,4,2979,Sync,0.0,9afaad.fffe.86c168,128,255,254,65535,128,0,160,HOLDOVER,-1,False,True,False,False,0,healthy
435.885187959,mixed_pdv_loss_holdover,0.0,0.0,0.0,0.0,0.0,6.0,2.0,1.5,0.0,0.0,0.0,20.0,4,2980,Sync,0.0,9afaad.fffe.86c168,128,255,254,65535,128,0,160,HOLDOVER,-1,False,True,False,False,0,healthy
435.999699842,mixed_pdv_loss_holdover,0.0,0.0,0.0,0.0,0.0,6.0,2.0,1.5,0.0,0.0,0.0,20.0,4,2981,Sync,0.0,9afaad.fffe.86c168,128,255,254,65535,128,0,160,HOLDOVER,-1,False,True,False,False,0,healthy
436.13104121799995,mixed_pdv_loss_holdover,0.0,0.0,0.0,0.0,0.0,6.0,2.0,1.5,0.0,0.0,0.0,20.0,4,2982,Sync,0.0,9afaad.fffe.86c168,128,255,254,65535,128,0,160,HOLDOVER,-1,False,True,False,False,0,healthy
436.24743219,mixed_pdv_loss_holdover,0.0,0.0,0.0,0.0,0.0,6.0,2.0,1.5,0.0,0.0,0.0,20.0,4,2983,Sync,0.0,9afaad.fffe.86c168,128,255,254,65535,128,0,160,HOLDOVER,-1,False,True,False,False,0,healthy
436.386062721,mixed_pdv_loss_holdover,0.0,0.0,0.0,0.0,0.0,6.0,2.0,1.5,0.0,0.0,0.0,20.0,4,2984,Sync,0.0,9afaad.fffe.86c168,128,255,254,65535,128,0,160,HOLDOVER,-1,False,True,False,False,0,healthy
436.499369809,mixed_pdv_loss_holdover,0.0,0.0,0.0,0.0,0.0,6.0,2.0,1.5,0.0,0.0,0.0,20.0,4,2985,Sync,0.0,9afaad.fffe.86c168,128,255,254,65535,128,0,160,HOLDOVER,-1,False,True,False,False,0,healthy
436.609934764,mixed_pdv_loss_holdover,0.0,0.0,0.0,0.0,0.0,6.0,2.0,1.5,0.0,0.0,0.0,20.0,4,2986,Sync,0.0,9afaad.fffe.86c168,128,255,254,65535,128,0,160,HOLDOVER,-1,False,True,False,False,0,healthy
436.72118112199996,mixed_pdv_loss_holdover,0.0,0.0,0.0,0.0,0.0,6.0,2.0,1.5,0.0,0.0,0.0,20.0,4,2987,Sync,0.0,9afaad.fffe.86c168,128,255,254,65535,128,0,160,HOLDOVER,-1,False,True,False,False,0,healthy
436.83234877499996,mixed_pdv_loss_holdover,0.0,0.0,0.0,0.0,0.0,6.0,2.0,1.5,0.0,0.0,0.0,20.0,4,2988,Sync,0.0,9afaad.fffe.86c168,128,255,254,65535,128,0,160,HOLDOVER,-1,False,True,False,False,0,healthy
436.963887212,mixed_pdv_loss_holdover,0.0,0.0,0.0,0.0,0.0,6.0,2.0,1.5,0.0,0.0,0.0,20.0,4,2989,Sync,0.0,9afaad.fffe.86c168,128,255,254,65535,128,0,160,HOLDOVER,-1,False,True,False,False,0,healthy
437.07559448,mixed_pdv_loss_holdover,0.0,0.0,0.0,0.0,0.0,6.0,2.0,1.5,0.0,0.0,0.0,20.0,4,2990,Sync,0.0,9afaad.fffe.86c168,128,255,254,65535,128,0,160,HOLDOVER,-1,False,True,False,False,0,healthy
437.187403383,mixed_pdv_loss_holdover,0.0,0.0,0.0,0.0,0.0,6.0,2.0,1.5,0.0,0.0,0.0,20.0,4,2991,Sync,0.0,9afaad.fffe.86c168,128,255,254,65535,128,0,160,HOLDOVER,-1,False,True,False,False,0,healthy
437.299979202,mixed_pdv_loss_holdover,0.0,0.0,0.0,0.0,0.0,6.0,2.0,1.5,0.0,0.0,0.0,20.0,4,2992,Sync,0.0,9afaad.fffe.86c168,128,255,254,65535,128,0,160,HOLDOVER,-1,False,True,False,False,0,healthy
437.415297153,mixed_pdv_loss_holdover,0.0,0.0,0.0,0.0,0.0,6.0,2.0,1.5,0.0,0.0,0.0,20.0,4,2993,Sync,0.0,9afaad.fffe.86c168,128,255,254,65535,128,0,160,HOLDOVER,-1,False,True,False,False,0,healthy
437.529519753,mixed_pdv_loss_holdover,0.0,0.0,0.0,0.0,0.0,6.0,2.0,1.5,0.0,0.0,0.0,20.0,4,2994,Sync,0.0,9afaad.fffe.86c168,128,255,254,65535,128,0,160,HOLDOVER,-1,False,True,False,False,0,healthy
437.64194787599996,mixed_pdv_loss_holdover,0.0,0.0,0.0,0.0,0.0,6.0,2.0,1.5,0.0,0.0,0.0,20.0,4,2995,Sync,0.0,9afaad.fffe.86c168,128,255,254,65535,128,0,160,HOLDOVER,-1,False,True,False,False,0,healthy
437.75922382,mixed_pdv_loss_holdover,0.0,0.0,0.0,0.0,0.0,6.0,2.0,1.5,0.0,0.0,0.0,20.0,4,2996,Sync,0.0,9afaad.fffe.86c168,128,255,254,65535,128,0,160,HOLDOVER,-1,False,True,False,False,0,healthy
437.869294961,mixed_pdv_loss_holdover,0.0,0.0,0.0,0.0,0.0,6.0,2.0,1.5,0.0,0.0,0.0,20.0,4,2997,Sync,0.0,9afaad.fffe.86c168,128,255,254,65535,128,0,160,HOLDOVER,-1,False,True,False,False,0,healthy
437.999030245,mixed_pdv_loss_holdover,0.0,0.0,0.0,0.0,0.0,6.0,2.0,1.5,0.0,0.0,0.0,20.0,4,2998,Sync,0.0,9afaad.fffe.86c168,128,255,254,65535,128,0,160,HOLDOVER,-1,False,True,False,False,0,healthy
438.110154353,mixed_pdv_loss_holdover,0.0,0.0,0.0,0.0,0.0,6.0,2.0,1.5,0.0,0.0,0.0,20.0,4,2999,Sync,0.0,9afaad.fffe.86c168,128,255,254,65535,128,0,160,HOLDOVER,-1,False,True,False,False,0,healthy
438.243695361,mixed_pdv_loss_holdover,0.0,0.0,0.0,0.0,0.0,6.0,2.0,1.5,0.0,0.0,0.0,20.0,4,3000,Sync,0.0,9afaad.fffe.86c168,128,255,254,65535,128,0,160,HOLDOVER,-1,False,True,False,False,0,healthy
438.377760336,mixed_pdv_loss_holdover,0.0,0.0,0.0,0.0,0.0,6.0,2.0,1.5,0.0,0.0,0.0,20.0,4,3001,Sync,0.0,9afaad.fffe.86c168,128,255,254,65535,128,0,160,HOLDOVER,-1,False,True,False,False,0,healthy
438.49033186099996,mixed_pdv_loss_holdover,0.0,0.0,0.0,0.0,0.0,6.0,2.0,1.5,0.0,0.0,0.0,20.0,4,3002,Sync,0.0,9afaad.fffe.86c168,128,255,254,65535,128,0,160,HOLDOVER,-1,False,True,False,False,0,healthy
438.603524978,mixed_pdv_loss_holdover,0.0,0.0,0.0,0.0,0.0,6.0,2.0,1.5,0.0,0.0,0.0,20.0,4,3003,Sync,0.0,9afaad.fffe.86c168,128,255,254,65535,128,0,160,HOLDOVER,-1,False,True,False,False,0,healthy
438.71979039499996,mixed_pdv_loss_holdover,0.0,0.0,0.0,0.0,0.0,6.0,2.0,1.5,0.0,0.0,0.0,20.0,4,3004,Sync,0.0,9afaad.fffe.86c168,128,255,254,65535,128,0,160,HOLDOVER,-1,False,True,False,False,0,healthy
438.831533253,mixed_pdv_loss_holdover,0.0,0.0,0.0,0.0,0.0,6.0,2.0,1.5,0.0,0.0,0.0,20.0,4,3005,Sync,0.0,9afaad.fffe.86c168,128,255,254,65535,128,0,160,HOLDOVER,-1,False,True,False,False,0,healthy
438.95132609499996,mixed_pdv_loss_holdover,0.0,0.0,0.0,0.0,0.0,6.0,2.0,1.5,0.0,0.0,0.0,20.0,4,3006,Sync,0.0,9afaad.fffe.86c168,128,255,254,65535,128,0,160,HOLDOVER,-1,False,True,False,False,0,healthy
439.06176142,mixed_pdv_loss_holdover,0.0,0.0,0.0,0.0,0.0,6.0,2.0,1.5,0.0,0.0,0.0,20.0,4,3007,Sync,0.0,9afaad.fffe.86c168,128,255,254,65535,128,0,160,HOLDOVER,-1,False,True,False,False,0,healthy
439.18885239499997,mixed_pdv_loss_holdover,0.0,0.0,0.0,0.0,0.0,6.0,2.0,1.5,0.0,0.0,0.0,20.0,4,3008,Sync,0.0,9afaad.fffe.86c168,128,255,254,65535,128,0,160,HOLDOVER,-1,False,True,False,False,0,healthy
439.300027653,mixed_pdv_loss_holdover,0.0,0.0,0.0,0.0,0.0,6.0,2.0,1.5,0.0,0.0,0.0,20.0,4,3009,Sync,0.0,9afaad.fffe.86c168,128,255,254,65535,128,0,160,HOLDOVER,-1,False,True,False,False,0,healthy
439.41144408599996,mixed_pdv_loss_holdover,0.0,0.0,0.0,0.0,0.0,6.0,2.0,1.5,0.0,0.0,0.0,20.0,4,3010,Sync,0.0,9afaad.fffe.86c168,128,255,254,65535,128,0,160,HOLDOVER,-1,False,True,False,False,0,healthy
439.52744596099996,mixed_pdv_loss_holdover,0.0,0.0,0.0,0.0,0.0,6.0,2.0,1.5,0.0,0.0,0.0,20.0,4,3011,Sync,0.0,9afaad.fffe.86c168,128,255,254,65535,128,0,160,HOLDOVER,-1,False,True,False,False,0,healthy
439.71160291999996,mixed_pdv_loss_holdover,0.0,0.0,0.0,0.0,0.0,6.0,2.0,1.5,0.0,0.0,0.0,20.0,4,3012,Sync,0.0,9afaad.fffe.86c168,128,255,254,65535,128,0,160,HOLDOVER,-1,False,True,False,False,0,healthy
439.82429957,mixed_pdv_loss_holdover,0.0,0.0,0.0,0.0,0.0,6.0,2.0,1.5,0.0,0.0,0.0,20.0,4,3013,Sync,0.0,9afaad.fffe.86c168,128,255,254,65535,128,0,160,HOLDOVER,-1,False,True,False,False,0,healthy
439.938291195,mixed_pdv_loss_holdover,0.0,0.0,0.0,0.0,0.0,6.0,2.0,1.5,0.0,0.0,0.0,20.0,4,3014,Sync,0.0,9afaad.fffe.86c168,128,255,254,65535,128,0,160,HOLDOVER,-1,False,True,False,False,0,healthy
440.048374795,mixed_pdv_loss_holdover,0.0,0.0,0.0,0.0,0.0,6.0,2.0,1.5,0.0,0.0,0.0,20.0,4,3015,Sync,0.0,9afaad.fffe.86c168,128,255,254,65535,128,0,160,HOLDOVER,-1,False,True,False,False,0,healthy
440.164442395,mixed_pdv_loss_holdover,0.0,0.0,0.0,0.0,0.0,6.0,2.0,1.5,0.0,0.0,0.0,20.0,4,3016,Sync,0.0,9afaad.fffe.86c168,128,255,254,65535,128,0,160,HOLDOVER,-1,False,True,False,False,0,healthy
440.275729028,mixed_pdv_loss_holdover,0.0,0.0,0.0,0.0,0.0,6.0,2.0,1.5,0.0,0.0,0.0,20.0,4,3017,Sync,0.0,9afaad.fffe.86c168,128,255,254,65535,128,0,160,HOLDOVER,-1,False,True,False,False,0,healthy
440.404143395,mixed_pdv_loss_holdover,0.0,0.0,0.0,0.0,0.0,6.0,2.0,1.5,0.0,0.0,0.0,20.0,4,3018,Sync,0.0,9afaad.fffe.86c168,128,255,254,65535,128,0,160,HOLDOVER,-1,False,True,False,False,0,healthy
440.515419028,mixed_pdv_loss_holdover,0.0,0.0,0.0,0.0,0.0,6.0,2.0,1.5,0.0,0.0,0.0,20.0,4,3019,Sync,0.0,9afaad.fffe.86c168,128,255,254,65535,128,0,160,HOLDOVER,-1,False,True,False,False,0,healthy
440.64819672799996,mixed_pdv_loss_holdover,0.0,0.0,0.0,0.0,0.0,6.0,2.0,1.5,0.0,0.0,0.0,20.0,4,3020,Sync,0.0,9afaad.fffe.86c168,128,255,254,65535,128,0,160,HOLDOVER,-1,False,True,False,False,0,healthy
440.78731721099996,mixed_pdv_loss_holdover,0.0,0.0,0.0,0.0,0.0,6.0,2.0,1.5,0.0,0.0,0.0,20.0,4,3021,Sync,0.0,9afaad.fffe.86c168,128,255,254,65535,128,0,160,HOLDOVER,-1,False,True,False,False,0,healthy
440.90104034499996,mixed_pdv_loss_holdover,0.0,0.0,0.0,0.0,0.0,6.0,2.0,1.5,0.0,0.0,0.0,20.0,4,3022,Sync,0.0,9afaad.fffe.86c168,128,255,254,65535,128,0,160,HOLDOVER,-1,False,True,False,False,0,healthy
441.01263919499996,mixed_pdv_loss_holdover,0.0,0.0,0.0,0.0,0.0,6.0,2.0,1.5,0.0,0.0,0.0,20.0,4,3023,Sync,0.0,9afaad.fffe.86c168,128,255,254,65535,128,0,160,HOLDOVER,-1,False,True,False,False,0,healthy
441.14091707,mixed_pdv_loss_holdover,0.0,0.0,0.0,0.0,0.0,6.0,2.0,1.5,0.0,0.0,0.0,20.0,4,3024,Sync,0.0,9afaad.fffe.86c168,128,255,254,65535,128,0,160,HOLDOVER,-1,False,True,False,False,0,healthy
441.251474036,mixed_pdv_loss_holdover,0.0,0.0,0.0,0.0,0.0,6.0,2.0,1.5,0.0,0.0,0.0,20.0,4,3025,Sync,0.0,9afaad.fffe.86c168,128,255,254,65535,128,0,160,HOLDOVER,-1,False,True,False,False,0,healthy
441.379790595,mixed_pdv_loss_holdover,0.0,0.0,0.0,0.0,0.0,6.0,2.0,1.5,0.0,0.0,0.0,20.0,4,3026,Sync,0.0,9afaad.fffe.86c168,128,255,254,65535,128,0,160,HOLDOVER,-1,False,True,False,False,0,healthy
441.49044417799996,mixed_pdv_loss_holdover,0.0,0.0,0.0,0.0,0.0,6.0,2.0,1.5,0.0,0.0,0.0,20.0,4,3027,Sync,0.0,9afaad.fffe.86c168,128,255,254,65535,128,0,160,HOLDOVER,-1,False,True,False,False,0,healthy
441.621052128,mixed_pdv_loss_holdover,0.0,0.0,0.0,0.0,0.0,6.0,2.0,1.5,0.0,0.0,0.0,20.0,4,3028,Sync,0.0,9afaad.fffe.86c168,128,255,254,65535,128,0,160,HOLDOVER,-1,False,True,False,False,0,healthy
441.74983471999997,mixed_pdv_loss_holdover,0.0,0.0,0.0,0.0,0.0,6.0,2.0,1.5,0.0,0.0,0.0,20.0,4,3029,Sync,0.0,9afaad.fffe.86c168,128,255,254,65535,128,0,160,HOLDOVER,-1,False,True,False,False,0,healthy
441.862134728,mixed_pdv_loss_holdover,0.0,0.0,0.0,0.0,0.0,6.0,2.0,1.5,0.0,0.0,0.0,20.0,4,3030,Sync,0.0,9afaad.fffe.86c168,128,255,254,65535,128,0,160,HOLDOVER,-1,False,True,False,False,0,healthy
441.996142595,mixed_pdv_loss_holdover,0.0,0.0,0.0,0.0,0.0,6.0,2.0,1.5,0.0,0.0,0.0,20.0,4,3031,Sync,0.0,9afaad.fffe.86c168,128,255,254,65535,128,0,160,HOLDOVER,-1,False,True,False,False,0,healthy
442.10754536999997,mixed_pdv_loss_holdover,0.0,0.0,0.0,0.0,0.0,6.0,2.0,1.5,0.0,0.0,0.0,20.0,4,3032,Sync,0.0,9afaad.fffe.86c168,128,255,254,65535,128,0,160,HOLDOVER,-1,False,True,False,False,0,healthy
442.237976586,mixed_pdv_loss_holdover,0.0,0.0,0.0,0.0,0.0,6.0,2.0,1.5,0.0,0.0,0.0,20.0,4,3033,Sync,0.0,9afaad.fffe.86c168,128,255,254,65535,128,0,160,HOLDOVER,-1,False,True,False,False,0,healthy
442.366098445,mixed_pdv_loss_holdover,0.0,0.0,0.0,0.0,0.0,6.0,2.0,1.5,0.0,0.0,0.0,20.0,4,3034,Sync,0.0,9afaad.fffe.86c168,128,255,254,65535,128,0,160,HOLDOVER,-1,False,True,False,False,0,healthy
442.476748086,mixed_pdv_loss_holdover,0.0,0.0,0.0,0.0,0.0,6.0,2.0,1.5,0.0,0.0,0.0,20.0,4,3035,Sync,0.0,9afaad.fffe.86c168,128,255,254,65535,128,0,160,HOLDOVER,-1,False,True,False,False,0,healthy
442.609061678,mixed_pdv_loss_holdover,0.0,0.0,0.0,0.0,0.0,6.0,2.0,1.5,0.0,0.0,0.0,20.0,4,3036,Sync,0.0,9afaad.fffe.86c168,128,255,254,65535,128,0,160,HOLDOVER,-1,False,True,False,False,0,healthy
442.72106532799995,mixed_pdv_loss_holdover,0.0,0.0,0.0,0.0,0.0,6.0,2.0,1.5,0.0,0.0,0.0,20.0,4,3037,Sync,0.0,9afaad.fffe.86c168,128,255,254,65535,128,0,160,HOLDOVER,-1,False,True,False,False,0,healthy
442.83325762799996,mixed_pdv_loss_holdover,0.0,0.0,0.0,0.0,0.0,6.0,2.0,1.5,0.0,0.0,0.0,20.0,4,3038,Sync,0.0,9afaad.fffe.86c168,128,255,254,65535,128,0,160,HOLDOVER,-1,False,True,False,False,0,healthy
442.969248978,mixed_pdv_loss_holdover,0.0,0.0,0.0,0.0,0.0,6.0,2.0,1.5,0.0,0.0,0.0,20.0,4,3039,Sync,0.0,9afaad.fffe.86c168,128,255,254,65535,128,0,160,HOLDOVER,-1,False,True,False,False,0,healthy
443.083352528,mixed_pdv_loss_holdover,0.0,0.0,0.0,0.0,0.0,6.0,2.0,1.5,0.0,0.0,0.0,20.0,4,3040,Sync,0.0,9afaad.fffe.86c168,128,255,254,65535,128,0,160,HOLDOVER,-1,False,True,False,False,0,healthy
443.21467850299996,mixed_pdv_loss_holdover,0.0,0.0,0.0,0.0,0.0,6.0,2.0,1.5,0.0,0.0,0.0,20.0,4,3041,Sync,0.0,9afaad.fffe.86c168,128,255,254,65535,128,0,160,HOLDOVER,-1,False,True,False,False,0,healthy
443.33269677,mixed_pdv_loss_holdover,0.0,0.0,0.0,0.0,0.0,6.0,2.0,1.5,0.0,0.0,0.0,20.0,4,3042,Sync,0.0,9afaad.fffe.86c168,128,255,254,65535,128,0,160,HOLDOVER,-1,False,True,False,False,0,healthy
443.44404041999996,mixed_pdv_loss_holdover,0.0,0.0,0.0,0.0,0.0,6.0,2.0,1.5,0.0,0.0,0.0,20.0,4,3043,Announce,8.981203687863415,9afaad.fffe.86c168,128,255,254,65535,128,0,160,HOLDOVER,-1,False,True,False,False,0,healthy
443.572593661,mixed_pdv_loss_holdover,0.0,0.0,0.0,0.0,0.0,6.0,2.0,1.5,0.0,0.0,0.0,20.0,4,3044,Sync,7.778878169239185,9afaad.fffe.86c168,128,255,254,65535,128,0,160,HOLDOVER,-1,False,True,False,False,0,healthy
443.683958195,mixed_pdv_loss_holdover,0.0,0.0,0.0,0.0,0.0,6.0,2.0,1.5,0.0,0.0,0.0,20.0,4,3045,Sync,17.959038916282672,9afaad.fffe.86c168,128,255,254,65535,128,0,160,HOLDOVER,-1,False,True,False,False,0,healthy
443.79585829499996,mixed_pdv_loss_holdover,0.0,0.0,0.0,0.0,0.0,6.0,2.0,1.5,0.0,0.0,0.0,20.0,4,3046,Sync,17.873085010654744,9afaad.fffe.86c168,128,255,254,65535,128,0,160,HOLDOVER,-1,False,True,False,False,0,healthy
443.929915795,mixed_pdv_loss_holdover,0.0,0.0,0.0,0.0,0.0,6.0,2.0,1.5,0.0,0.0,0.0,20.0,4,3047,Sync,7.459485668460939,9afaad.fffe.86c168,128,255,254,65535,128,0,160,HOLDOVER,-1,False,True,False,False,0,healthy
444.042047595,mixed_pdv_loss_holdover,0.0,0.0,0.0,0.0,0.0,6.0,2.0,1.5,0.0,0.0,0.0,20.0,4,3048,Sync,0.0,9afaad.fffe.86c168,128,255,254,65535,128,0,160,HOLDOVER,-1,False,True,False,False,0,healthy
444.177758295,mixed_pdv_loss_holdover,0.0,0.0,0.0,0.0,0.0,6.0,2.0,1.5,0.0,0.0,0.0,20.0,4,3049,Sync,0.0,9afaad.fffe.86c168,128,255,254,65535,128,0,160,HOLDOVER,-1,False,True,False,False,0,healthy
444.28976259499996,mixed_pdv_loss_holdover,0.0,0.0,0.0,0.0,0.0,6.0,2.0,1.5,0.0,0.0,0.0,20.0,4,3050,Sync,0.0,9afaad.fffe.86c168,128,255,254,65535,128,0,160,HOLDOVER,-1,False,True,False,False,0,healthy
444.401368695,mixed_pdv_loss_holdover,0.0,0.0,0.0,0.0,0.0,6.0,2.0,1.5,0.0,0.0,0.0,20.0,4,3051,Sync,0.0,9afaad.fffe.86c168,128,255,254,65535,128,0,160,HOLDOVER,-1,False,True,False,False,0,healthy
444.53154919499997,mixed_pdv_loss_holdover,0.0,0.0,0.0,0.0,0.0,6.0,2.0,1.5,0.0,0.0,0.0,20.0,4,3052,Sync,0.0,9afaad.fffe.86c168,128,255,254,65535,128,0,160,HOLDOVER,-1,False,True,False,False,0,healthy
444.64344789499995,mixed_pdv_loss_holdover,0.0,0.0,0.0,0.0,0.0,6.0,2.0,1.5,0.0,0.0,0.0,20.0,4,3053,Sync,0.0,9afaad.fffe.86c168,128,255,254,65535,128,0,160,HOLDOVER,-1,False,True,False,False,0,healthy
444.769864095,mixed_pdv_loss_holdover,0.0,0.0,0.0,0.0,0.0,6.0,2.0,1.5,0.0,0.0,0.0,20.0,4,3054,Sync,0.0,9afaad.fffe.86c168,128,255,254,65535,128,0,160,HOLDOVER,-1,False,True,False,False,0,healthy
444.881576995,mixed_pdv_loss_holdover,0.0,0.0,0.0,0.0,0.0,6.0,2.0,1.5,0.0,0.0,0.0,20.0,4,3055,Sync,0.0,9afaad.fffe.86c168,128,255,254,65535,128,0,160,HOLDOVER,-1,False,True,False,False,0,healthy
444.99585529499996,mixed_pdv_loss_holdover,0.0,0.0,0.0,0.0,0.0,6.0,2.0,1.5,0.0,0.0,0.0,20.0,4,3056,Sync,0.0,9afaad.fffe.86c168,128,255,254,65535,128,0,160,HOLDOVER,-1,False,True,False,False,0,healthy
445.12655889499996,mixed_pdv_loss_holdover,0.0,0.0,0.0,0.0,0.0,6.0,2.0,1.5,0.0,0.0,0.0,20.0,4,3057,Sync,0.0,9afaad.fffe.86c168,128,255,254,65535,128,0,160,HOLDOVER,-1,False,True,False,False,0,healthy
445.238667595,mixed_pdv_loss_holdover,0.0,0.0,0.0,0.0,0.0,6.0,2.0,1.5,0.0,0.0,0.0,20.0,4,3058,Sync,0.0,9afaad.fffe.86c168,128,255,254,65535,128,0,160,HOLDOVER,-1,False,True,False,False,0,healthy
445.374685195,mixed_pdv_loss_holdover,0.0,0.0,0.0,0.0,0.0,6.0,2.0,1.5,0.0,0.0,0.0,20.0,4,3059,Sync,0.0,9afaad.fffe.86c168,128,255,254,65535,128,0,160,HOLDOVER,-1,False,True,False,False,0,healthy
445.48673629499996,mixed_pdv_loss_holdover,0.0,0.0,0.0,0.0,0.0,6.0,2.0,1.5,0.0,0.0,0.0,20.0,4,3060,Sync,0.0,9afaad.fffe.86c168,128,255,254,65535,128,0,160,HOLDOVER,-1,False,True,False,False,0,healthy
445.615565495,mixed_pdv_loss_holdover,0.0,0.0,0.0,0.0,0.0,6.0,2.0,1.5,0.0,0.0,0.0,20.0,4,3061,Sync,0.0,9afaad.fffe.86c168,128,255,254,65535,128,0,160,HOLDOVER,-1,False,True,False,False,0,healthy
445.72691779499996,mixed_pdv_loss_holdover,0.0,0.0,0.0,0.0,0.0,6.0,2.0,1.5,0.0,0.0,0.0,20.0,4,3062,Sync,0.0,9afaad.fffe.86c168,128,255,254,65535,128,0,160,HOLDOVER,-1,False,True,False,False,0,healthy
445.838753086,mixed_pdv_loss_holdover,0.0,0.0,0.0,0.0,0.0,6.0,2.0,1.5,0.0,0.0,0.0,20.0,4,3063,Sync,0.0,9afaad.fffe.86c168,128,255,254,65535,128,0,160,HOLDOVER,-1,False,True,False,False,0,healthy
445.948751986,mixed_pdv_loss_holdover,0.0,0.0,0.0,0.0,0.0,6.0,2.0,1.5,0.0,0.0,0.0,20.0,4,3064,Sync,0.0,9afaad.fffe.86c168,128,255,254,65535,128,0,160,HOLDOVER,-1,False,True,False,False,0,healthy
446.05885887,mixed_pdv_loss_holdover,0.0,0.0,0.0,0.0,0.0,6.0,2.0,1.5,0.0,0.0,0.0,20.0,4,3065,Sync,0.0,9afaad.fffe.86c168,128,255,254,65535,128,0,160,HOLDOVER,-1,False,True,False,False,0,healthy
446.188408253,mixed_pdv_loss_holdover,0.0,0.0,0.0,0.0,0.0,6.0,2.0,1.5,0.0,0.0,0.0,20.0,4,3066,Sync,0.0,9afaad.fffe.86c168,128,255,254,65535,128,0,160,HOLDOVER,-1,False,True,False,False,0,healthy
446.30229455299997,mixed_pdv_loss_holdover,0.0,0.0,0.0,0.0,0.0,6.0,2.0,1.5,0.0,0.0,0.0,20.0,4,3067,Sync,0.0,9afaad.fffe.86c168,128,255,254,65535,128,0,160,HOLDOVER,-1,False,True,False,False,0,healthy
446.41696772,mixed_pdv_loss_holdover,0.0,0.0,0.0,0.0,0.0,6.0,2.0,1.5,0.0,0.0,0.0,20.0,4,3068,Sync,0.0,9afaad.fffe.86c168,128,255,254,65535,128,0,160,HOLDOVER,-1,False,True,False,False,0,healthy
446.53515337,mixed_pdv_loss_holdover,0.0,0.0,0.0,0.0,0.0,6.0,2.0,1.5,0.0,0.0,0.0,20.0,4,3069,Sync,0.0,9afaad.fffe.86c168,128,255,254,65535,128,0,160,HOLDOVER,-1,False,True,False,False,0,healthy
446.648225945,mixed_pdv_loss_holdover,0.0,0.0,0.0,0.0,0.0,6.0,2.0,1.5,0.0,0.0,0.0,20.0,4,3070,Sync,0.0,9afaad.fffe.86c168,128,255,254,65535,128,0,160,HOLDOVER,-1,False,True,False,False,0,healthy
446.777415536,mixed_pdv_loss_holdover,0.0,0.0,0.0,0.0,0.0,6.0,2.0,1.5,0.0,0.0,0.0,20.0,4,3071,Sync,0.0,9afaad.fffe.86c168,128,255,254,65535,128,0,160,HOLDOVER,-1,False,True,False,False,0,healthy
446.88733047,mixed_pdv_loss_holdover,0.0,0.0,0.0,0.0,0.0,6.0,2.0,1.5,0.0,0.0,0.0,20.0,4,3072,Sync,0.0,9afaad.fffe.86c168,128,255,254,65535,128,0,160,HOLDOVER,-1,False,True,False,False,0,healthy
447.014786278,mixed_pdv_loss_holdover,0.0,0.0,0.0,0.0,0.0,6.0,2.0,1.5,0.0,0.0,0.0,20.0,4,3073,Sync,0.0,9afaad.fffe.86c168,128,255,254,65535,128,0,160,HOLDOVER,-1,False,True,False,False,0,healthy
447.143753578,mixed_pdv_loss_holdover,0.0,0.0,0.0,0.0,0.0,6.0,2.0,1.5,0.0,0.0,0.0,20.0,4,3074,Sync,0.0,9afaad.fffe.86c168,128,255,254,65535,128,0,160,HOLDOVER,-1,False,True,False,False,0,healthy
447.254750728,mixed_pdv_loss_holdover,0.0,0.0,0.0,0.0,0.0,6.0,2.0,1.5,0.0,0.0,0.0,20.0,4,3075,Sync,0.0,9afaad.fffe.86c168,128,255,254,65535,128,0,160,HOLDOVER,-1,False,True,False,False,0,healthy
447.38996997,mixed_pdv_loss_holdover,0.0,0.0,0.0,0.0,0.0,6.0,2.0,1.5,0.0,0.0,0.0,20.0,4,3076,Sync,0.0,9afaad.fffe.86c168,128,255,254,65535,128,0,160,HOLDOVER,-1,False,True,False,False,0,healthy
447.503314978,mixed_pdv_loss_holdover,0.0,0.0,0.0,0.0,0.0,6.0,2.0,1.5,0.0,0.0,0.0,20.0,4,3077,Sync,0.0,9afaad.fffe.86c168,128,255,254,65535,128,0,160,HOLDOVER,-1,False,True,False,False,0,healthy
447.616277095,mixed_pdv_loss_holdover,0.0,0.0,0.0,0.0,0.0,6.0,2.0,1.5,0.0,0.0,0.0,20.0,4,3078,Sync,0.0,9afaad.fffe.86c168,128,255,254,65535,128,0,160,HOLDOVER,-1,False,True,False,False,0,healthy
447.730143045,mixed_pdv_loss_holdover,0.0,0.0,0.0,0.0,0.0,6.0,2.0,1.5,0.0,0.0,0.0,20.0,4,3079,Sync,0.0,9afaad.fffe.86c168,128,255,254,65535,128,0,160,HOLDOVER,-1,False,True,False,False,0,healthy
447.83982037799996,mixed_pdv_loss_holdover,0.0,0.0,0.0,0.0,0.0,6.0,2.0,1.5,0.0,0.0,0.0,20.0,4,3080,Sync,0.0,9afaad.fffe.86c168,128,255,254,65535,128,0,160,HOLDOVER,-1,False,True,False,False,0,healthy
447.949929828,mixed_pdv_loss_holdover,0.0,0.0,0.0,0.0,0.0,6.0,2.0,1.5,0.0,0.0,0.0,20.0,4,3081,Sync,0.0,9afaad.fffe.86c168,128,255,254,65535,128,0,160,HOLDOVER,-1,False,True,False,False,0,healthy
448.06105210299995,mixed_pdv_loss_holdover,0.0,0.0,0.0,0.0,0.0,6.0,2.0,1.5,0.0,0.0,0.0,20.0,4,3082,Sync,0.0,9afaad.fffe.86c168,128,255,254,65535,128,0,160,HOLDOVER,-1,False,True,False,False,0,healthy
448.173970586,mixed_pdv_loss_holdover,0.0,0.0,0.0,0.0,0.0,6.0,2.0,1.5,0.0,0.0,0.0,20.0,4,3083,Sync,0.0,9afaad.fffe.86c168,128,255,254,65535,128,0,160,HOLDOVER,-1,False,True,False,False,0,healthy
448.286251528,mixed_pdv_loss_holdover,0.0,0.0,0.0,0.0,0.0,6.0,2.0,1.5,0.0,0.0,0.0,20.0,4,3084,Sync,0.0,9afaad.fffe.86c168,128,255,254,65535,128,0,160,HOLDOVER,-1,False,True,False,False,0,healthy
448.427025953,mixed_pdv_loss_holdover,0.0,0.0,0.0,0.0,0.0,6.0,2.0,1.5,0.0,0.0,0.0,20.0,4,3085,Sync,0.0,9afaad.fffe.86c168,128,255,254,65535,128,0,160,HOLDOVER,-1,False,True,False,False,0,healthy
448.54784427,mixed_pdv_loss_holdover,0.0,0.0,0.0,0.0,0.0,6.0,2.0,1.5,0.0,0.0,0.0,20.0,4,3086,Sync,0.0,9afaad.fffe.86c168,128,255,254,65535,128,0,160,HOLDOVER,-1,False,True,False,False,0,healthy
448.661430453,mixed_pdv_loss_holdover,0.0,0.0,0.0,0.0,0.0,6.0,2.0,1.5,0.0,0.0,0.0,20.0,4,3087,Sync,0.0,9afaad.fffe.86c168,128,255,254,65535,128,0,160,HOLDOVER,-1,False,True,False,False,0,healthy
448.78960171999995,mixed_pdv_loss_holdover,0.0,0.0,0.0,0.0,0.0,6.0,2.0,1.5,0.0,0.0,0.0,20.0,4,3088,Sync,0.0,9afaad.fffe.86c168,128,255,254,65535,128,0,160,HOLDOVER,-1,False,True,False,False,0,healthy
448.899081236,mixed_pdv_loss_holdover,0.0,0.0,0.0,0.0,0.0,6.0,2.0,1.5,0.0,0.0,0.0,20.0,4,3089,Sync,0.0,9afaad.fffe.86c168,128,255,254,65535,128,0,160,HOLDOVER,-1,False,True,False,False,0,healthy
449.025681886,mixed_pdv_loss_holdover,0.0,0.0,0.0,0.0,0.0,6.0,2.0,1.5,0.0,0.0,0.0,20.0,4,3090,Sync,0.0,9afaad.fffe.86c168,128,255,254,65535,128,0,160,HOLDOVER,-1,False,True,False,False,0,healthy
449.15289872,mixed_pdv_loss_holdover,0.0,0.0,0.0,0.0,0.0,6.0,2.0,1.5,0.0,0.0,0.0,20.0,4,3091,Sync,0.0,9afaad.fffe.86c168,128,255,254,65535,128,0,160,HOLDOVER,-1,False,True,False,False,0,healthy
449.263749111,mixed_pdv_loss_holdover,0.0,0.0,0.0,0.0,0.0,6.0,2.0,1.5,0.0,0.0,0.0,20.0,4,3092,Sync,0.0,9afaad.fffe.86c168,128,255,254,65535,128,0,160,HOLDOVER,-1,False,True,False,False,0,healthy
449.392416478,mixed_pdv_loss_holdover,0.0,0.0,0.0,0.0,0.0,6.0,2.0,1.5,0.0,0.0,0.0,20.0,4,3093,Sync,0.0,9afaad.fffe.86c168,128,255,254,65535,128,0,160,HOLDOVER,-1,False,True,False,False,0,healthy
449.50380715299997,mixed_pdv_loss_holdover,0.0,0.0,0.0,0.0,0.0,6.0,2.0,1.5,0.0,0.0,0.0,20.0,4,3094,Sync,0.0,9afaad.fffe.86c168,128,255,254,65535,128,0,160,HOLDOVER,-1,False,True,False,False,0,healthy
449.61750865299996,mixed_pdv_loss_holdover,0.0,0.0,0.0,0.0,0.0,6.0,2.0,1.5,0.0,0.0,0.0,20.0,4,3095,Sync,0.0,9afaad.fffe.86c168,128,255,254,65535,128,0,160,HOLDOVER,-1,False,True,False,False,0,healthy
449.73936482,mixed_pdv_loss_holdover,0.0,0.0,0.0,0.0,0.0,6.0,2.0,1.5,0.0,0.0,0.0,20.0,4,3096,Sync,0.0,9afaad.fffe.86c168,128,255,254,65535,128,0,160,HOLDOVER,-1,False,True,False,False,0,healthy
449.851133895,mixed_pdv_loss_holdover,0.0,0.0,0.0,0.0,0.0,6.0,2.0,1.5,0.0,0.0,0.0,20.0,4,3097,Sync,0.0,9afaad.fffe.86c168,128,255,254,65535,128,0,160,HOLDOVER,-1,False,True,False,False,0,healthy
449.98127159499995,mixed_pdv_loss_holdover,0.0,0.0,0.0,0.0,0.0,6.0,2.0,1.5,0.0,0.0,0.0,20.0,4,3098,Sync,0.0,9afaad.fffe.86c168,128,255,254,65535,128,0,160,HOLDOVER,-1,False,True,False,False,0,healthy
450.092403678,mixed_pdv_loss_holdover,0.0,0.0,0.0,0.0,0.0,6.0,2.0,1.5,0.0,0.0,0.0,20.0,4,3099,Sync,0.0,9afaad.fffe.86c168,128,255,254,65535,128,0,160,HOLDOVER,-1,False,True,False,False,0,healthy
450.204503195,mixed_pdv_loss_holdover,0.0,0.0,0.0,0.0,0.0,6.0,2.0,1.5,0.0,0.0,0.0,20.0,4,3100,Sync,0.0,9afaad.fffe.86c168,128,255,254,65535,128,0,160,HOLDOVER,-1,False,True,False,False,0,healthy
450.338661695,mixed_pdv_loss_holdover,0.0,0.0,0.0,0.0,0.0,6.0,2.0,1.5,0.0,0.0,0.0,20.0,4,3101,Sync,0.0,9afaad.fffe.86c168,128,255,254,65535,128,0,160,HOLDOVER,-1,False,True,False,False,0,healthy
450.45180819499996,mixed_pdv_loss_holdover,0.0,0.0,0.0,0.0,0.0,6.0,2.0,1.5,0.0,0.0,0.0,20.0,4,3102,Sync,0.0,9afaad.fffe.86c168,128,255,254,65535,128,0,160,HOLDOVER,-1,False,True,False,False,0,healthy
450.56811369499997,mixed_pdv_loss_holdover,0.0,0.0,0.0,0.0,0.0,6.0,2.0,1.5,0.0,0.0,0.0,20.0,4,3103,Sync,0.0,9afaad.fffe.86c168,128,255,254,65535,128,0,160,HOLDOVER,-1,False,True,False,False,0,healthy
450.680456995,mixed_pdv_loss_holdover,0.0,0.0,0.0,0.0,0.0,6.0,2.0,1.5,0.0,0.0,0.0,20.0,4,3104,Sync,0.0,9afaad.fffe.86c168,128,255,254,65535,128,0,160,HOLDOVER,-1,False,True,False,False,0,healthy
450.81461609499996,mixed_pdv_loss_holdover,0.0,0.0,0.0,0.0,0.0,6.0,2.0,1.5,0.0,0.0,0.0,20.0,4,3105,Sync,0.0,9afaad.fffe.86c168,128,255,254,65535,128,0,160,HOLDOVER,-1,False,True,False,False,0,healthy
450.93054009499997,mixed_pdv_loss_holdover,0.0,0.0,0.0,0.0,0.0,6.0,2.0,1.5,0.0,0.0,0.0,20.0,4,3106,Sync,0.0,9afaad.fffe.86c168,128,255,254,65535,128,0,160,HOLDOVER,-1,False,True,False,False,0,healthy
451.045007995,mixed_pdv_loss_holdover,0.0,0.0,0.0,0.0,0.0,6.0,2.0,1.5,0.0,0.0,0.0,20.0,4,3107,Sync,0.0,9afaad.fffe.86c168,128,255,254,65535,128,0,160,HOLDOVER,-1,False,True,False,False,0,healthy
451.159384795,mixed_pdv_loss_holdover,0.0,0.0,0.0,0.0,0.0,6.0,2.0,1.5,0.0,0.0,0.0,20.0,4,3108,Sync,0.0,9afaad.fffe.86c168,128,255,254,65535,128,0,160,HOLDOVER,-1,False,True,False,False,0,healthy
451.270010695,mixed_pdv_loss_holdover,0.0,0.0,0.0,0.0,0.0,6.0,2.0,1.5,0.0,0.0,0.0,20.0,4,3109,Sync,0.0,9afaad.fffe.86c168,128,255,254,65535,128,0,160,HOLDOVER,-1,False,True,False,False,0,healthy
451.381881895,mixed_pdv_loss_holdover,0.0,0.0,0.0,0.0,0.0,6.0,2.0,1.5,0.0,0.0,0.0,20.0,4,3110,Sync,0.0,9afaad.fffe.86c168,128,255,254,65535,128,0,160,HOLDOVER,-1,False,True,False,False,0,healthy
451.49303849499995,mixed_pdv_loss_holdover,0.0,0.0,0.0,0.0,0.0,6.0,2.0,1.5,0.0,0.0,0.0,20.0,4,3111,Sync,0.0,9afaad.fffe.86c168,128,255,254,65535,128,0,160,HOLDOVER,-1,False,True,False,False,0,healthy
451.625729895,mixed_pdv_loss_holdover,0.0,0.0,0.0,0.0,0.0,6.0,2.0,1.5,0.0,0.0,0.0,20.0,4,3112,Sync,0.0,9afaad.fffe.86c168,128,255,254,65535,128,0,160,HOLDOVER,-1,False,True,False,False,0,healthy
451.762219095,mixed_pdv_loss_holdover,0.0,0.0,0.0,0.0,0.0,6.0,2.0,1.5,0.0,0.0,0.0,20.0,4,3113,Sync,0.0,9afaad.fffe.86c168,128,255,254,65535,128,0,160,HOLDOVER,-1,False,True,False,False,0,healthy
451.875478995,mixed_pdv_loss_holdover,0.0,0.0,0.0,0.0,0.0,6.0,2.0,1.5,0.0,0.0,0.0,20.0,4,3114,Sync,0.0,9afaad.fffe.86c168,128,255,254,65535,128,0,160,HOLDOVER,-1,False,True,False,False,0,healthy
451.99147769499996,mixed_pdv_loss_holdover,0.0,0.0,0.0,0.0,0.0,6.0,2.0,1.5,0.0,0.0,0.0,20.0,4,3115,Sync,0.0,9afaad.fffe.86c168,128,255,254,65535,128,0,160,HOLDOVER,-1,False,True,False,False,0,healthy
452.10680149499996,mixed_pdv_loss_holdover,0.0,0.0,0.0,0.0,0.0,6.0,2.0,1.5,0.0,0.0,0.0,20.0,4,3116,Sync,0.0,9afaad.fffe.86c168,128,255,254,65535,128,0,160,HOLDOVER,-1,False,True,False,False,0,healthy
452.24212969499996,mixed_pdv_loss_holdover,0.0,0.0,0.0,0.0,0.0,6.0,2.0,1.5,0.0,0.0,0.0,20.0,4,3117,Sync,0.0,9afaad.fffe.86c168,128,255,254,65535,128,0,160,HOLDOVER,-1,False,True,False,False,0,healthy
452.363049795,mixed_pdv_loss_holdover,0.0,0.0,0.0,0.0,0.0,6.0,2.0,1.5,0.0,0.0,0.0,20.0,4,3118,Sync,0.0,9afaad.fffe.86c168,128,255,254,65535,128,0,160,HOLDOVER,-1,False,True,False,False,0,healthy
452.47414679499997,mixed_pdv_loss_holdover,0.0,0.0,0.0,0.0,0.0,6.0,2.0,1.5,0.0,0.0,0.0,20.0,4,3119,Sync,0.0,9afaad.fffe.86c168,128,255,254,65535,128,0,160,HOLDOVER,-1,False,True,False,False,0,healthy
452.58697759499995,mixed_pdv_loss_holdover,0.0,0.0,0.0,0.0,0.0,6.0,2.0,1.5,0.0,0.0,0.0,20.0,4,3120,Sync,0.0,9afaad.fffe.86c168,128,255,254,65535,128,0,160,HOLDOVER,-1,False,True,False,False,0,healthy
452.699535595,mixed_pdv_loss_holdover,0.0,0.0,0.0,0.0,0.0,6.0,2.0,1.5,0.0,0.0,0.0,20.0,4,3121,Sync,0.0,9afaad.fffe.86c168,128,255,254,65535,128,0,160,HOLDOVER,-1,False,True,False,False,0,healthy
452.819207995,mixed_pdv_loss_holdover,0.0,0.0,0.0,0.0,0.0,6.0,2.0,1.5,0.0,0.0,0.0,20.0,4,3122,Sync,0.0,9afaad.fffe.86c168,128,255,254,65535,128,0,160,HOLDOVER,-1,False,True,False,False,0,healthy
452.94984819499996,mixed_pdv_loss_holdover,0.0,0.0,0.0,0.0,0.0,6.0,2.0,1.5,0.0,0.0,0.0,20.0,4,3123,Sync,0.0,9afaad.fffe.86c168,128,255,254,65535,128,0,160,HOLDOVER,-1,False,True,False,False,0,healthy
453.06216459499996,mixed_pdv_loss_holdover,0.0,0.0,0.0,0.0,0.0,6.0,2.0,1.5,0.0,0.0,0.0,20.0,4,3124,Sync,0.0,9afaad.fffe.86c168,128,255,254,65535,128,0,160,HOLDOVER,-1,False,True,False,False,0,healthy
453.180884495,mixed_pdv_loss_holdover,0.0,0.0,0.0,0.0,0.0,6.0,2.0,1.5,0.0,0.0,0.0,20.0,4,3125,Sync,0.0,9afaad.fffe.86c168,128,255,254,65535,128,0,160,HOLDOVER,-1,False,True,False,False,0,healthy
453.294934095,mixed_pdv_loss_holdover,0.0,0.0,0.0,0.0,0.0,6.0,2.0,1.5,0.0,0.0,0.0,20.0,4,3126,Sync,0.0,9afaad.fffe.86c168,128,255,254,65535,128,0,160,HOLDOVER,-1,False,True,False,False,0,healthy
453.408760095,mixed_pdv_loss_holdover,0.0,0.0,0.0,0.0,0.0,6.0,2.0,1.5,0.0,0.0,0.0,20.0,4,3127,Sync,0.0,9afaad.fffe.86c168,128,255,254,65535,128,0,160,HOLDOVER,-1,False,True,False,False,0,healthy
453.528154595,mixed_pdv_loss_holdover,0.0,0.0,0.0,0.0,0.0,6.0,2.0,1.5,0.0,0.0,0.0,20.0,4,3128,Sync,0.0,9afaad.fffe.86c168,128,255,254,65535,128,0,160,HOLDOVER,-1,False,True,False,False,0,healthy
453.668740395,mixed_pdv_loss_holdover,0.0,0.0,0.0,0.0,0.0,6.0,2.0,1.5,0.0,0.0,0.0,20.0,4,3129,Sync,0.0,9afaad.fffe.86c168,128,255,254,65535,128,0,160,HOLDOVER,-1,False,True,False,False,0,healthy
453.779048495,mixed_pdv_loss_holdover,0.0,0.0,0.0,0.0,0.0,6.0,2.0,1.5,0.0,0.0,0.0,20.0,4,3130,Sync,0.0,9afaad.fffe.86c168,128,255,254,65535,128,0,160,HOLDOVER,-1,False,True,False,False,0,healthy
453.891407928,mixed_pdv_loss_holdover,0.0,0.0,0.0,0.0,0.0,6.0,2.0,1.5,0.0,0.0,0.0,20.0,4,3131,Sync,0.0,9afaad.fffe.86c168,128,255,254,65535,128,0,160,HOLDOVER,-1,False,True,False,False,0,healthy
454.01116339699996,mixed_pdv_loss_holdover,0.0,0.0,0.0,0.0,0.0,6.0,2.0,1.5,0.0,0.0,0.0,20.0,4,3132,Sync,0.0,9afaad.fffe.86c168,128,255,254,65535,128,0,160,HOLDOVER,-1,False,True,False,False,0,healthy
454.148370565,mixed_pdv_loss_holdover,0.0,0.0,0.0,0.0,0.0,6.0,2.0,1.5,0.0,0.0,0.0,20.0,4,3133,Sync,0.0,9afaad.fffe.86c168,128,255,254,65535,128,0,160,HOLDOVER,-1,False,True,False,False,0,healthy
454.26038483099995,mixed_pdv_loss_holdover,0.0,0.0,0.0,0.0,0.0,6.0,2.0,1.5,0.0,0.0,0.0,20.0,4,3134,Sync,0.0,9afaad.fffe.86c168,128,255,254,65535,128,0,160,HOLDOVER,-1,False,True,False,False,0,healthy
454.372982449,mixed_pdv_loss_holdover,0.0,0.0,0.0,0.0,0.0,6.0,2.0,1.5,0.0,0.0,0.0,20.0,4,3135,Sync,0.0,9afaad.fffe.86c168,128,255,254,65535,128,0,160,HOLDOVER,-1,False,True,False,False,0,healthy
454.48553012499997,mixed_pdv_loss_holdover,0.0,0.0,0.0,0.0,0.0,6.0,2.0,1.5,0.0,0.0,0.0,20.0,4,3136,Sync,0.0,9afaad.fffe.86c168,128,255,254,65535,128,0,160,HOLDOVER,-1,False,True,False,False,0,healthy
454.616985416,mixed_pdv_loss_holdover,0.0,0.0,0.0,0.0,0.0,6.0,2.0,1.5,0.0,0.0,0.0,20.0,4,3137,Sync,0.0,9afaad.fffe.86c168,128,255,254,65535,128,0,160,HOLDOVER,-1,False,True,False,False,0,healthy
454.746194739,mixed_pdv_loss_holdover,0.0,0.0,0.0,0.0,0.0,6.0,2.0,1.5,0.0,0.0,0.0,20.0,4,3138,Sync,0.0,9afaad.fffe.86c168,128,255,254,65535,128,0,160,HOLDOVER,-1,False,True,False,False,0,healthy
454.85614457599996,mixed_pdv_loss_holdover,0.0,0.0,0.0,0.0,0.0,6.0,2.0,1.5,0.0,0.0,0.0,20.0,4,3139,Sync,0.0,9afaad.fffe.86c168,128,255,254,65535,128,0,160,HOLDOVER,-1,False,True,False,False,0,healthy
454.986838488,mixed_pdv_loss_holdover,0.0,0.0,0.0,0.0,0.0,6.0,2.0,1.5,0.0,0.0,0.0,20.0,4,3140,Sync,0.0,9afaad.fffe.86c168,128,255,254,65535,128,0,160,HOLDOVER,-1,False,True,False,False,0,healthy
455.09789929699997,mixed_pdv_loss_holdover,0.0,0.0,0.0,0.0,0.0,6.0,2.0,1.5,0.0,0.0,0.0,20.0,4,3141,Sync,0.0,9afaad.fffe.86c168,128,255,254,65535,128,0,160,HOLDOVER,-1,False,True,False,False,0,healthy
455.211946184,mixed_pdv_loss_holdover,0.0,0.0,0.0,0.0,0.0,6.0,2.0,1.5,0.0,0.0,0.0,20.0,4,3142,Sync,0.0,9afaad.fffe.86c168,128,255,254,65535,128,0,160,HOLDOVER,-1,False,True,False,False,0,healthy
455.34216991899996,mixed_pdv_loss_holdover,0.0,0.0,0.0,0.0,0.0,6.0,2.0,1.5,0.0,0.0,0.0,20.0,4,3143,Sync,0.0,9afaad.fffe.86c168,128,255,254,65535,128,0,160,HOLDOVER,-1,False,True,False,False,0,healthy
455.455143337,mixed_pdv_loss_holdover,0.0,0.0,0.0,0.0,0.0,6.0,2.0,1.5,0.0,0.0,0.0,20.0,4,3144,Sync,0.0,9afaad.fffe.86c168,128,255,254,65535,128,0,160,HOLDOVER,-1,False,True,False,False,0,healthy
455.569432243,mixed_pdv_loss_holdover,0.0,0.0,0.0,0.0,0.0,6.0,2.0,1.5,0.0,0.0,0.0,20.0,4,3145,Sync,0.0,9afaad.fffe.86c168,128,255,254,65535,128,0,160,HOLDOVER,-1,False,True,False,False,0,healthy
455.682071543,mixed_pdv_loss_holdover,0.0,0.0,0.0,0.0,0.0,6.0,2.0,1.5,0.0,0.0,0.0,20.0,4,3146,Sync,0.0,9afaad.fffe.86c168,128,255,254,65535,128,0,160,HOLDOVER,-1,False,True,False,False,0,healthy
455.80502757399995,mixed_pdv_loss_holdover,0.0,0.0,0.0,0.0,0.0,6.0,2.0,1.5,0.0,0.0,0.0,20.0,4,3147,Sync,0.0,9afaad.fffe.86c168,128,255,254,65535,128,0,160,HOLDOVER,-1,False,True,False,False,0,healthy
455.936601263,mixed_pdv_loss_holdover,0.0,0.0,0.0,0.0,0.0,6.0,2.0,1.5,0.0,0.0,0.0,20.0,4,3148,Sync,0.0,9afaad.fffe.86c168,128,255,254,65535,128,0,160,HOLDOVER,-1,False,True,False,False,0,healthy
456.04639681099997,mixed_pdv_loss_holdover,0.0,0.0,0.0,0.0,0.0,6.0,2.0,1.5,0.0,0.0,0.0,20.0,4,3149,Sync,0.0,9afaad.fffe.86c168,128,255,254,65535,128,0,160,HOLDOVER,-1,False,True,False,False,0,healthy
456.156698615,mixed_pdv_loss_holdover,0.0,0.0,0.0,0.0,0.0,6.0,2.0,1.5,0.0,0.0,0.0,20.0,4,3150,Sync,0.0,9afaad.fffe.86c168,128,255,254,65535,128,0,160,HOLDOVER,-1,False,True,False,False,0,healthy
456.268102183,mixed_pdv_loss_holdover,0.0,0.0,0.0,0.0,0.0,6.0,2.0,1.5,0.0,0.0,0.0,20.0,4,3151,Sync,0.0,9afaad.fffe.86c168,128,255,254,65535,128,0,160,HOLDOVER,-1,False,True,False,False,0,healthy
456.379491223,mixed_pdv_loss_holdover,0.0,0.0,0.0,0.0,0.0,6.0,2.0,1.5,0.0,0.0,0.0,20.0,4,3152,Sync,0.0,9afaad.fffe.86c168,128,255,254,65535,128,0,160,HOLDOVER,-1,False,True,False,False,0,healthy
456.49031628,mixed_pdv_loss_holdover,0.0,0.0,0.0,0.0,0.0,6.0,2.0,1.5,0.0,0.0,0.0,20.0,4,3153,Sync,0.0,9afaad.fffe.86c168,128,255,254,65535,128,0,160,HOLDOVER,-1,False,True,False,False,0,healthy
456.602924532,mixed_pdv_loss_holdover,0.0,0.0,0.0,0.0,0.0,6.0,2.0,1.5,0.0,0.0,0.0,20.0,4,3154,Sync,0.0,9afaad.fffe.86c168,128,255,254,65535,128,0,160,HOLDOVER,-1,False,True,False,False,0,healthy
456.742725173,mixed_pdv_loss_holdover,0.0,0.0,0.0,0.0,0.0,6.0,2.0,1.5,0.0,0.0,0.0,20.0,4,3155,Sync,0.0,9afaad.fffe.86c168,128,255,254,65535,128,0,160,HOLDOVER,-1,False,True,False,False,0,healthy
456.85796535099996,mixed_pdv_loss_holdover,0.0,0.0,0.0,0.0,0.0,6.0,2.0,1.5,0.0,0.0,0.0,20.0,4,3156,Sync,0.0,9afaad.fffe.86c168,128,255,254,65535,128,0,160,HOLDOVER,-1,False,True,False,False,0,healthy
456.970720106,mixed_pdv_loss_holdover,0.0,0.0,0.0,0.0,0.0,6.0,2.0,1.5,0.0,0.0,0.0,20.0,4,3157,Sync,0.0,9afaad.fffe.86c168,128,255,254,65535,128,0,160,HOLDOVER,-1,False,True,False,False,0,healthy
457.081052484,mixed_pdv_loss_holdover,0.0,0.0,0.0,0.0,0.0,6.0,2.0,1.5,0.0,0.0,0.0,20.0,4,3158,Sync,0.0,9afaad.fffe.86c168,128,255,254,65535,128,0,160,HOLDOVER,-1,False,True,False,False,0,healthy
457.191816109,mixed_pdv_loss_holdover,0.0,0.0,0.0,0.0,0.0,6.0,2.0,1.5,0.0,0.0,0.0,20.0,4,3159,Sync,0.0,9afaad.fffe.86c168,128,255,254,65535,128,0,160,HOLDOVER,-1,False,True,False,False,0,healthy
457.306440842,mixed_pdv_loss_holdover,0.0,0.0,0.0,0.0,0.0,6.0,2.0,1.5,0.0,0.0,0.0,20.0,4,3160,Sync,0.0,9afaad.fffe.86c168,128,255,254,65535,128,0,160,HOLDOVER,-1,False,True,False,False,0,healthy
457.417796272,mixed_pdv_loss_holdover,0.0,0.0,0.0,0.0,0.0,6.0,2.0,1.5,0.0,0.0,0.0,20.0,4,3161,Sync,0.0,9afaad.fffe.86c168,128,255,254,65535,128,0,160,HOLDOVER,-1,False,True,False,False,0,healthy
457.529256332,mixed_pdv_loss_holdover,0.0,0.0,0.0,0.0,0.0,6.0,2.0,1.5,0.0,0.0,0.0,20.0,4,3162,Sync,0.0,9afaad.fffe.86c168,128,255,254,65535,128,0,160,HOLDOVER,-1,False,True,False,False,0,healthy
457.641738306,mixed_pdv_loss_holdover,0.0,0.0,0.0,0.0,0.0,6.0,2.0,1.5,0.0,0.0,0.0,20.0,4,3163,Sync,0.0,9afaad.fffe.86c168,128,255,254,65535,128,0,160,HOLDOVER,-1,False,True,False,False,0,healthy
457.77169742399997,mixed_pdv_loss_holdover,0.0,0.0,0.0,0.0,0.0,6.0,2.0,1.5,0.0,0.0,0.0,20.0,4,3164,Sync,0.0,9afaad.fffe.86c168,128,255,254,65535,128,0,160,HOLDOVER,-1,False,True,False,False,0,healthy
457.885452634,mixed_pdv_loss_holdover,0.0,0.0,0.0,0.0,0.0,6.0,2.0,1.5,0.0,0.0,0.0,20.0,4,3165,Sync,0.0,9afaad.fffe.86c168,128,255,254,65535,128,0,160,HOLDOVER,-1,False,True,False,False,0,healthy
457.999593233,mixed_pdv_loss_holdover,0.0,0.0,0.0,0.0,0.0,6.0,2.0,1.5,0.0,0.0,0.0,20.0,4,3166,Sync,0.0,9afaad.fffe.86c168,128,255,254,65535,128,0,160,HOLDOVER,-1,False,True,False,False,0,healthy
458.110788012,mixed_pdv_loss_holdover,0.0,0.0,0.0,0.0,0.0,6.0,2.0,1.5,0.0,0.0,0.0,20.0,4,3167,Sync,0.0,9afaad.fffe.86c168,128,255,254,65535,128,0,160,HOLDOVER,-1,False,True,False,False,0,healthy
458.22076120599996,mixed_pdv_loss_holdover,0.0,0.0,0.0,0.0,0.0,6.0,2.0,1.5,0.0,0.0,0.0,20.0,4,3168,Sync,0.0,9afaad.fffe.86c168,128,255,254,65535,128,0,160,HOLDOVER,-1,False,True,False,False,0,healthy
458.332837471,mixed_pdv_loss_holdover,0.0,0.0,0.0,0.0,0.0,6.0,2.0,1.5,0.0,0.0,0.0,20.0,4,3169,Sync,0.0,9afaad.fffe.86c168,128,255,254,65535,128,0,160,HOLDOVER,-1,False,True,False,False,0,healthy
458.443738485,mixed_pdv_loss_holdover,0.0,0.0,0.0,0.0,0.0,6.0,2.0,1.5,0.0,0.0,0.0,20.0,4,3170,Sync,0.0,9afaad.fffe.86c168,128,255,254,65535,128,0,160,HOLDOVER,-1,False,True,False,False,0,healthy
458.556936927,mixed_pdv_loss_holdover,0.0,0.0,0.0,0.0,0.0,6.0,2.0,1.5,0.0,0.0,0.0,20.0,4,3171,Sync,0.0,9afaad.fffe.86c168,128,255,254,65535,128,0,160,HOLDOVER,-1,False,True,False,False,0,healthy
458.66962778299995,mixed_pdv_loss_holdover,0.0,0.0,0.0,0.0,0.0,6.0,2.0,1.5,0.0,0.0,0.0,20.0,4,3172,Sync,0.0,9afaad.fffe.86c168,128,255,254,65535,128,0,160,HOLDOVER,-1,False,True,False,False,0,healthy
458.801404848,mixed_pdv_loss_holdover,0.0,0.0,0.0,0.0,0.0,6.0,2.0,1.5,0.0,0.0,0.0,20.0,4,3173,Sync,0.0,9afaad.fffe.86c168,128,255,254,65535,128,0,160,HOLDOVER,-1,False,True,False,False,0,healthy
458.914359015,mixed_pdv_loss_holdover,0.0,0.0,0.0,0.0,0.0,6.0,2.0,1.5,0.0,0.0,0.0,20.0,4,3174,Sync,0.0,9afaad.fffe.86c168,128,255,254,65535,128,0,160,HOLDOVER,-1,False,True,False,False,0,healthy
459.05299091499995,mixed_pdv_loss_holdover,0.0,0.0,0.0,0.0,0.0,6.0,2.0,1.5,0.0,0.0,0.0,20.0,4,3175,Sync,0.0,9afaad.fffe.86c168,128,255,254,65535,128,0,160,HOLDOVER,-1,False,True,False,False,0,healthy
459.189473615,mixed_pdv_loss_holdover,0.0,0.0,0.0,0.0,0.0,6.0,2.0,1.5,0.0,0.0,0.0,20.0,4,3176,Sync,0.0,9afaad.fffe.86c168,128,255,254,65535,128,0,160,HOLDOVER,-1,False,True,False,False,0,healthy
459.301715415,mixed_pdv_loss_holdover,0.0,0.0,0.0,0.0,0.0,6.0,2.0,1.5,0.0,0.0,0.0,20.0,4,3177,Sync,0.0,9afaad.fffe.86c168,128,255,254,65535,128,0,160,HOLDOVER,-1,False,True,False,False,0,healthy
459.41537381499995,mixed_pdv_loss_holdover,0.0,0.0,0.0,0.0,0.0,6.0,2.0,1.5,0.0,0.0,0.0,20.0,4,3178,Sync,0.0,9afaad.fffe.86c168,128,255,254,65535,128,0,160,HOLDOVER,-1,False,True,False,False,0,healthy
459.546049315,mixed_pdv_loss_holdover,0.0,0.0,0.0,0.0,0.0,6.0,2.0,1.5,0.0,0.0,0.0,20.0,4,3179,Sync,0.0,9afaad.fffe.86c168,128,255,254,65535,128,0,160,HOLDOVER,-1,False,True,False,False,0,healthy
459.657013215,mixed_pdv_loss_holdover,0.0,0.0,0.0,0.0,0.0,6.0,2.0,1.5,0.0,0.0,0.0,20.0,4,3180,Sync,0.0,9afaad.fffe.86c168,128,255,254,65535,128,0,160,HOLDOVER,-1,False,True,False,False,0,healthy
459.78691371499997,mixed_pdv_loss_holdover,0.0,0.0,0.0,0.0,0.0,6.0,2.0,1.5,0.0,0.0,0.0,20.0,4,3181,Sync,0.0,9afaad.fffe.86c168,128,255,254,65535,128,0,160,HOLDOVER,-1,False,True,False,False,0,healthy
459.965699215,mixed_pdv_loss_holdover,0.0,0.0,0.0,0.0,0.0,6.0,2.0,1.5,0.0,0.0,0.0,20.0,4,3182,Sync,0.0,9afaad.fffe.86c168,128,255,254,65535,128,0,160,HOLDOVER,-1,False,True,False,False,0,healthy
460.10256211499996,mixed_pdv_loss_holdover,0.0,0.0,0.0,0.0,0.0,6.0,2.0,1.5,0.0,0.0,0.0,20.0,4,3183,Sync,0.0,9afaad.fffe.86c168,128,255,254,65535,128,0,160,HOLDOVER,-1,False,True,False,False,0,healthy
460.238386915,mixed_pdv_loss_holdover,0.0,0.0,0.0,0.0,0.0,6.0,2.0,1.5,0.0,0.0,0.0,20.0,4,3184,Sync,0.0,9afaad.fffe.86c168,128,255,254,65535,128,0,160,HOLDOVER,-1,False,True,False,False,0,healthy
460.352947215,mixed_pdv_loss_holdover,0.0,0.0,0.0,0.0,0.0,6.0,2.0,1.5,0.0,0.0,0.0,20.0,4,3185,Sync,0.0,9afaad.fffe.86c168,128,255,254,65535,128,0,160,HOLDOVER,-1,False,True,False,False,0,healthy
460.46654831499995,mixed_pdv_loss_holdover,0.0,0.0,0.0,0.0,0.0,6.0,2.0,1.5,0.0,0.0,0.0,20.0,4,3186,Sync,0.0,9afaad.fffe.86c168,128,255,254,65535,128,0,160,HOLDOVER,-1,False,True,False,False,0,healthy
460.598921915,mixed_pdv_loss_holdover,0.0,0.0,0.0,0.0,0.0,6.0,2.0,1.5,0.0,0.0,0.0,20.0,4,3187,Sync,0.0,9afaad.fffe.86c168,128,255,254,65535,128,0,160,HOLDOVER,-1,False,True,False,False,0,healthy
460.710524615,mixed_pdv_loss_holdover,0.0,0.0,0.0,0.0,0.0,6.0,2.0,1.5,0.0,0.0,0.0,20.0,4,3188,Sync,0.0,9afaad.fffe.86c168,128,255,254,65535,128,0,160,HOLDOVER,-1,False,True,False,False,0,healthy
460.825256315,mixed_pdv_loss_holdover,0.0,0.0,0.0,0.0,0.0,6.0,2.0,1.5,0.0,0.0,0.0,20.0,4,3189,Sync,0.0,9afaad.fffe.86c168,128,255,254,65535,128,0,160,HOLDOVER,-1,False,True,False,False,0,healthy
460.941555015,mixed_pdv_loss_holdover,0.0,0.0,0.0,0.0,0.0,6.0,2.0,1.5,0.0,0.0,0.0,20.0,4,3190,Sync,0.0,9afaad.fffe.86c168,128,255,254,65535,128,0,160,HOLDOVER,-1,False,True,False,False,0,healthy
461.053472215,mixed_pdv_loss_holdover,0.0,0.0,0.0,0.0,0.0,6.0,2.0,1.5,0.0,0.0,0.0,20.0,4,3191,Sync,0.0,9afaad.fffe.86c168,128,255,254,65535,128,0,160,HOLDOVER,-1,False,True,False,False,0,healthy
461.17173291499995,mixed_pdv_loss_holdover,0.0,0.0,0.0,0.0,0.0,6.0,2.0,1.5,0.0,0.0,0.0,20.0,4,3192,Sync,0.0,9afaad.fffe.86c168,128,255,254,65535,128,0,160,HOLDOVER,-1,False,True,False,False,0,healthy
461.284374915,mixed_pdv_loss_holdover,0.0,0.0,0.0,0.0,0.0,6.0,2.0,1.5,0.0,0.0,0.0,20.0,4,3193,Sync,0.0,9afaad.fffe.86c168,128,255,254,65535,128,0,160,HOLDOVER,-1,False,True,False,False,0,healthy
461.426042115,mixed_pdv_loss_holdover,0.0,0.0,0.0,0.0,0.0,6.0,2.0,1.5,0.0,0.0,0.0,20.0,4,3194,Sync,0.0,9afaad.fffe.86c168,128,255,254,65535,128,0,160,HOLDOVER,-1,False,True,False,False,0,healthy
461.556894115,mixed_pdv_loss_holdover,0.0,0.0,0.0,0.0,0.0,6.0,2.0,1.5,0.0,0.0,0.0,20.0,4,3195,Sync,0.0,9afaad.fffe.86c168,128,255,254,65535,128,0,160,HOLDOVER,-1,False,True,False,False,0,healthy
461.671354315,mixed_pdv_loss_holdover,0.0,0.0,0.0,0.0,0.0,6.0,2.0,1.5,0.0,0.0,0.0,20.0,4,3196,Sync,0.0,9afaad.fffe.86c168,128,255,254,65535,128,0,160,HOLDOVER,-1,False,True,False,False,0,healthy
461.78306821499996,mixed_pdv_loss_holdover,0.0,0.0,0.0,0.0,0.0,6.0,2.0,1.5,0.0,0.0,0.0,20.0,4,3197,Sync,0.0,9afaad.fffe.86c168,128,255,254,65535,128,0,160,HOLDOVER,-1,False,True,False,False,0,healthy
461.89431465499996,mixed_pdv_loss_holdover,0.0,0.0,0.0,0.0,0.0,6.0,2.0,1.5,0.0,0.0,0.0,20.0,4,3198,Sync,0.0,9afaad.fffe.86c168,128,255,254,65535,128,0,160,HOLDOVER,-1,False,True,False,False,0,healthy
462.00886761,mixed_pdv_loss_holdover,0.0,0.0,0.0,0.0,0.0,6.0,2.0,1.5,0.0,0.0,0.0,20.0,4,3199,Sync,0.0,9afaad.fffe.86c168,128,255,254,65535,128,0,160,HOLDOVER,-1,False,True,False,False,0,healthy
462.13967948299995,mixed_pdv_loss_holdover,0.0,0.0,0.0,0.0,0.0,6.0,2.0,1.5,0.0,0.0,0.0,20.0,4,3200,Sync,0.0,9afaad.fffe.86c168,128,255,254,65535,128,0,160,HOLDOVER,-1,False,True,False,False,0,healthy
462.251881734,mixed_pdv_loss_holdover,0.0,0.0,0.0,0.0,0.0,6.0,2.0,1.5,0.0,0.0,0.0,20.0,4,3201,Sync,0.0,9afaad.fffe.86c168,128,255,254,65535,128,0,160,HOLDOVER,-1,False,True,False,False,0,healthy
462.38731992699996,mixed_pdv_loss_holdover,0.0,0.0,0.0,0.0,0.0,6.0,2.0,1.5,0.0,0.0,0.0,20.0,4,3202,Sync,0.0,9afaad.fffe.86c168,128,255,254,65535,128,0,160,HOLDOVER,-1,False,True,False,False,0,healthy
462.50234232099996,mixed_pdv_loss_holdover,0.0,0.0,0.0,0.0,0.0,6.0,2.0,1.5,0.0,0.0,0.0,20.0,4,3203,Sync,0.0,9afaad.fffe.86c168,128,255,254,65535,128,0,160,HOLDOVER,-1,False,True,False,False,0,healthy
462.617397967,mixed_pdv_loss_holdover,0.0,0.0,0.0,0.0,0.0,6.0,2.0,1.5,0.0,0.0,0.0,20.0,4,3204,Sync,0.0,9afaad.fffe.86c168,128,255,254,65535,128,0,160,HOLDOVER,-1,False,True,False,False,0,healthy
462.75652896599996,mixed_pdv_loss_holdover,0.0,0.0,0.0,0.0,0.0,6.0,2.0,1.5,0.0,0.0,0.0,20.0,4,3205,Sync,0.0,9afaad.fffe.86c168,128,255,254,65535,128,0,160,HOLDOVER,-1,False,True,False,False,0,healthy
462.87157739599996,mixed_pdv_loss_holdover,0.0,0.0,0.0,0.0,0.0,6.0,2.0,1.5,0.0,0.0,0.0,20.0,4,3206,Sync,0.0,9afaad.fffe.86c168,128,255,254,65535,128,0,160,HOLDOVER,-1,False,True,False,False,0,healthy
462.983688568,mixed_pdv_loss_holdover,0.0,0.0,0.0,0.0,0.0,6.0,2.0,1.5,0.0,0.0,0.0,20.0,4,3207,Sync,0.0,9afaad.fffe.86c168,128,255,254,65535,128,0,160,HOLDOVER,-1,False,True,False,False,0,healthy
463.093347134,mixed_pdv_loss_holdover,0.0,0.0,0.0,0.0,0.0,6.0,2.0,1.5,0.0,0.0,0.0,20.0,4,3208,Sync,0.0,9afaad.fffe.86c168,128,255,254,65535,128,0,160,HOLDOVER,-1,False,True,False,False,0,healthy
463.20821350299997,mixed_pdv_loss_holdover,0.0,0.0,0.0,0.0,0.0,6.0,2.0,1.5,0.0,0.0,0.0,20.0,4,3209,Sync,0.0,9afaad.fffe.86c168,128,255,254,65535,128,0,160,HOLDOVER,-1,False,True,False,False,0,healthy
463.32587387999996,mixed_pdv_loss_holdover,0.0,0.0,0.0,0.0,0.0,6.0,2.0,1.5,0.0,0.0,0.0,20.0,4,3210,Sync,0.0,9afaad.fffe.86c168,128,255,254,65535,128,0,160,HOLDOVER,-1,False,True,False,False,0,healthy
463.44121163799997,mixed_pdv_loss_holdover,0.0,0.0,0.0,0.0,0.0,6.0,2.0,1.5,0.0,0.0,0.0,20.0,4,3211,Sync,0.0,9afaad.fffe.86c168,128,255,254,65535,128,0,160,HOLDOVER,-1,False,True,False,False,0,healthy
463.57887064299996,mixed_pdv_loss_holdover,0.0,0.0,0.0,0.0,0.0,6.0,2.0,1.5,0.0,0.0,0.0,20.0,4,3212,Sync,0.0,9afaad.fffe.86c168,128,255,254,65535,128,0,160,HOLDOVER,-1,False,True,False,False,0,healthy
463.693171131,mixed_pdv_loss_holdover,0.0,0.0,0.0,0.0,0.0,6.0,2.0,1.5,0.0,0.0,0.0,20.0,4,3213,Sync,0.0,9afaad.fffe.86c168,128,255,254,65535,128,0,160,HOLDOVER,-1,False,True,False,False,0,healthy
463.83362511999997,mixed_pdv_loss_holdover,0.0,0.0,0.0,0.0,0.0,6.0,2.0,1.5,0.0,0.0,0.0,20.0,4,3214,Sync,0.0,9afaad.fffe.86c168,128,255,254,65535,128,0,160,HOLDOVER,-1,False,True,False,False,0,healthy
463.951468338,mixed_pdv_loss_holdover,0.0,0.0,0.0,0.0,0.0,6.0,2.0,1.5,0.0,0.0,0.0,20.0,4,3215,Sync,0.0,9afaad.fffe.86c168,128,255,254,65535,128,0,160,HOLDOVER,-1,False,True,False,False,0,healthy
464.06631822699995,mixed_pdv_loss_holdover,0.0,0.0,0.0,0.0,0.0,6.0,2.0,1.5,0.0,0.0,0.0,20.0,4,3216,Sync,0.0,9afaad.fffe.86c168,128,255,254,65535,128,0,160,HOLDOVER,-1,False,True,False,False,0,healthy
464.201432474,mixed_pdv_loss_holdover,0.0,0.0,0.0,0.0,0.0,6.0,2.0,1.5,0.0,0.0,0.0,20.0,4,3217,Sync,0.0,9afaad.fffe.86c168,128,255,254,65535,128,0,160,HOLDOVER,-1,False,True,False,False,0,healthy
464.315011934,mixed_pdv_loss_holdover,0.0,0.0,0.0,0.0,0.0,6.0,2.0,1.5,0.0,0.0,0.0,20.0,4,3218,Sync,0.0,9afaad.fffe.86c168,128,255,254,65535,128,0,160,HOLDOVER,-1,False,True,False,False,0,healthy
464.44582156399997,mixed_pdv_loss_holdover,0.0,0.0,0.0,0.0,0.0,6.0,2.0,1.5,0.0,0.0,0.0,20.0,4,3219,Sync,0.0,9afaad.fffe.86c168,128,255,254,65535,128,0,160,HOLDOVER,-1,False,True,False,False,0,healthy
464.55940424199997,mixed_pdv_loss_holdover,0.0,0.0,0.0,0.0,0.0,6.0,2.0,1.5,0.0,0.0,0.0,20.0,4,3220,Sync,0.0,9afaad.fffe.86c168,128,255,254,65535,128,0,160,HOLDOVER,-1,False,True,False,False,0,healthy
464.674797681,mixed_pdv_loss_holdover,0.0,0.0,0.0,0.0,0.0,6.0,2.0,1.5,0.0,0.0,0.0,20.0,4,3221,Sync,0.0,9afaad.fffe.86c168,128,255,254,65535,128,0,160,HOLDOVER,-1,False,True,False,False,0,healthy
464.810061712,mixed_pdv_loss_holdover,0.0,0.0,0.0,0.0,0.0,6.0,2.0,1.5,0.0,0.0,0.0,20.0,4,3222,Sync,0.0,9afaad.fffe.86c168,128,255,254,65535,128,0,160,HOLDOVER,-1,False,True,False,False,0,healthy
464.92438287299996,mixed_pdv_loss_holdover,0.0,0.0,0.0,0.0,0.0,6.0,2.0,1.5,0.0,0.0,0.0,20.0,4,3223,Sync,0.0,9afaad.fffe.86c168,128,255,254,65535,128,0,160,HOLDOVER,-1,False,True,False,False,0,healthy
465.04070621799997,mixed_pdv_loss_holdover,0.0,0.0,0.0,0.0,0.0,6.0,2.0,1.5,0.0,0.0,0.0,20.0,4,3224,Sync,0.0,9afaad.fffe.86c168,128,255,254,65535,128,0,160,HOLDOVER,-1,False,True,False,False,0,healthy
465.173396137,mixed_pdv_loss_holdover,0.0,0.0,0.0,0.0,0.0,6.0,2.0,1.5,0.0,0.0,0.0,20.0,4,3225,Sync,0.0,9afaad.fffe.86c168,128,255,254,65535,128,0,160,HOLDOVER,-1,False,True,False,False,0,healthy
465.28696067699997,mixed_pdv_loss_holdover,0.0,0.0,0.0,0.0,0.0,6.0,2.0,1.5,0.0,0.0,0.0,20.0,4,3226,Sync,0.0,9afaad.fffe.86c168,128,255,254,65535,128,0,160,HOLDOVER,-1,False,True,False,False,0,healthy
465.415431598,mixed_pdv_loss_holdover,0.0,0.0,0.0,0.0,0.0,6.0,2.0,1.5,0.0,0.0,0.0,20.0,4,3227,Sync,0.0,9afaad.fffe.86c168,128,255,254,65535,128,0,160,HOLDOVER,-1,False,True,False,False,0,healthy
465.54246368099996,mixed_pdv_loss_holdover,0.0,0.0,0.0,0.0,0.0,6.0,2.0,1.5,0.0,0.0,0.0,20.0,4,3228,Sync,0.0,9afaad.fffe.86c168,128,255,254,65535,128,0,160,HOLDOVER,-1,False,True,False,False,0,healthy
465.653022508,mixed_pdv_loss_holdover,0.0,0.0,0.0,0.0,0.0,6.0,2.0,1.5,0.0,0.0,0.0,20.0,4,3229,Sync,0.0,9afaad.fffe.86c168,128,255,254,65535,128,0,160,HOLDOVER,-1,False,True,False,False,0,healthy
465.76731656,mixed_pdv_loss_holdover,0.0,0.0,0.0,0.0,0.0,6.0,2.0,1.5,0.0,0.0,0.0,20.0,4,3230,Sync,0.0,9afaad.fffe.86c168,128,255,254,65535,128,0,160,HOLDOVER,-1,False,True,False,False,0,healthy
465.880969156,mixed_pdv_loss_holdover,0.0,0.0,0.0,0.0,0.0,6.0,2.0,1.5,0.0,0.0,0.0,20.0,4,3231,Sync,0.0,9afaad.fffe.86c168,128,255,254,65535,128,0,160,HOLDOVER,-1,False,True,False,False,0,healthy
465.99344211,mixed_pdv_loss_holdover,0.0,0.0,0.0,0.0,0.0,6.0,2.0,1.5,0.0,0.0,0.0,20.0,4,3232,Sync,0.0,9afaad.fffe.86c168,128,255,254,65535,128,0,160,HOLDOVER,-1,False,True,False,False,0,healthy
466.13007583999996,mixed_pdv_loss_holdover,0.0,0.0,0.0,0.0,0.0,6.0,2.0,1.5,0.0,0.0,0.0,20.0,4,3233,Sync,0.0,9afaad.fffe.86c168,128,255,254,65535,128,0,160,HOLDOVER,-1,False,True,False,False,0,healthy
466.244954594,mixed_pdv_loss_holdover,0.0,0.0,0.0,0.0,0.0,6.0,2.0,1.5,0.0,0.0,0.0,20.0,4,3234,Sync,0.0,9afaad.fffe.86c168,128,255,254,65535,128,0,160,HOLDOVER,-1,False,True,False,False,0,healthy
466.382963289,mixed_pdv_loss_holdover,0.0,0.0,0.0,0.0,0.0,6.0,2.0,1.5,0.0,0.0,0.0,20.0,4,3235,Sync,0.0,9afaad.fffe.86c168,128,255,254,65535,128,0,160,HOLDOVER,-1,False,True,False,False,0,healthy
466.495669793,mixed_pdv_loss_holdover,0.0,0.0,0.0,0.0,0.0,6.0,2.0,1.5,0.0,0.0,0.0,20.0,4,3236,Sync,0.0,9afaad.fffe.86c168,128,255,254,65535,128,0,160,HOLDOVER,-1,False,True,False,False,0,healthy
466.62986018,mixed_pdv_loss_holdover,0.0,0.0,0.0,0.0,0.0,6.0,2.0,1.5,0.0,0.0,0.0,20.0,4,3237,Announce,7.452098636544488,9afaad.fffe.86c168,128,255,254,65535,128,0,160,HOLDOVER,-1,False,True,False,False,0,healthy
466.743547199,mixed_pdv_loss_holdover,0.0,0.0,0.0,0.0,0.0,6.0,2.0,1.5,0.0,0.0,0.0,20.0,4,3238,Sync,17.592157992990007,9afaad.fffe.86c168,128,255,254,65535,128,0,160,HOLDOVER,-1,False,True,False,False,0,healthy
466.856196851,mixed_pdv_loss_holdover,0.0,0.0,0.0,0.0,0.0,6.0,2.0,1.5,0.0,0.0,0.0,20.0,4,3239,Sync,17.754160483333905,9afaad.fffe.86c168,128,255,254,65535,128,0,160,HOLDOVER,-1,False,True,False,False,0,healthy
466.976078821,mixed_pdv_loss_holdover,0.0,0.0,0.0,0.0,0.0,6.0,2.0,1.5,0.0,0.0,0.0,20.0,4,3240,Sync,8.341537931017035,9afaad.fffe.86c168,128,255,254,65535,128,0,160,HOLDOVER,-1,False,True,False,False,0,healthy
467.089656038,mixed_pdv_loss_holdover,0.0,0.0,0.0,0.0,0.0,6.0,2.0,1.5,0.0,0.0,0.0,20.0,4,3241,Sync,8.80458270077179,9afaad.fffe.86c168,128,255,254,65535,128,0,160,HOLDOVER,-1,False,True,False,False,0,healthy
467.215176634,mixed_pdv_loss_holdover,0.0,0.0,0.0,0.0,0.0,6.0,2.0,1.5,0.0,0.0,0.0,20.0,4,3242,Sync,15.933640085647625,9afaad.fffe.86c168,128,255,254,65535,128,0,160,HOLDOVER,-1,False,True,False,False,0,healthy
467.329155907,mixed_pdv_loss_holdover,0.0,0.0,0.0,0.0,0.0,6.0,2.0,1.5,0.0,0.0,0.0,20.0,4,3243,Sync,8.773524989935147,9afaad.fffe.86c168,128,255,254,65535,128,0,160,HOLDOVER,-1,False,True,False,False,0,healthy
467.472484646,mixed_pdv_loss_holdover,0.0,0.0,0.0,0.0,0.0,6.0,2.0,1.5,0.0,0.0,0.0,20.0,4,3244,Sync,13.95393564440442,9afaad.fffe.86c168,128,255,254,65535,128,0,160,HOLDOVER,-1,False,True,False,False,0,healthy
467.586851249,mixed_pdv_loss_holdover,0.0,0.0,0.0,0.0,0.0,6.0,2.0,1.5,0.0,0.0,0.0,20.0,4,3245,Sync,8.743811337999896,9afaad.fffe.86c168,128,255,254,65535,128,0,160,HOLDOVER,-1,False,True,False,False,0,healthy
467.699135121,mixed_pdv_loss_holdover,0.0,0.0,0.0,0.0,0.0,6.0,2.0,1.5,0.0,0.0,0.0,20.0,4,3246,Sync,17.811997078266035,9afaad.fffe.86c168,128,255,254,65535,128,0,160,HOLDOVER,-1,False,True,False,False,0,healthy
467.829863521,mixed_pdv_loss_holdover,0.0,0.0,0.0,0.0,0.0,6.0,2.0,1.5,0.0,0.0,0.0,20.0,4,3247,Sync,15.298894501882181,9afaad.fffe.86c168,128,255,254,65535,128,0,160,HOLDOVER,-1,False,True,False,False,0,healthy
467.96318582699996,mixed_pdv_loss_holdover,0.0,0.0,0.0,0.0,0.0,6.0,2.0,1.5,0.0,0.0,0.0,20.0,4,3248,Sync,15.00124067761382,9afaad.fffe.86c168,128,255,254,65535,128,0,160,HOLDOVER,-1,False,True,False,False,0,healthy
468.076431432,mixed_pdv_loss_holdover,0.0,0.0,0.0,0.0,0.0,6.0,2.0,1.5,0.0,0.0,0.0,20.0,4,3249,Sync,17.66072952676128,9afaad.fffe.86c168,128,255,254,65535,128,0,160,HOLDOVER,-1,False,True,False,False,0,healthy
468.213393932,mixed_pdv_loss_holdover,0.0,0.0,0.0,0.0,0.0,6.0,2.0,1.5,0.0,0.0,0.0,20.0,4,3250,Sync,0.0,9afaad.fffe.86c168,128,255,254,65535,128,0,160,HOLDOVER,-1,False,True,False,False,0,healthy
468.326855632,mixed_pdv_loss_holdover,0.0,0.0,0.0,0.0,0.0,6.0,2.0,1.5,0.0,0.0,0.0,20.0,4,3251,Sync,0.0,9afaad.fffe.86c168,128,255,254,65535,128,0,160,HOLDOVER,-1,False,True,False,False,0,healthy
468.441202132,mixed_pdv_loss_holdover,0.0,0.0,0.0,0.0,0.0,6.0,2.0,1.5,0.0,0.0,0.0,20.0,4,3252,Sync,0.0,9afaad.fffe.86c168,128,255,254,65535,128,0,160,HOLDOVER,-1,False,True,False,False,0,healthy
468.578203132,mixed_pdv_loss_holdover,0.0,0.0,0.0,0.0,0.0,6.0,2.0,1.5,0.0,0.0,0.0,20.0,4,3253,Sync,0.0,9afaad.fffe.86c168,128,255,254,65535,128,0,160,HOLDOVER,-1,False,True,False,False,0,healthy
468.694431732,mixed_pdv_loss_holdover,0.0,0.0,0.0,0.0,0.0,6.0,2.0,1.5,0.0,0.0,0.0,20.0,4,3254,Sync,0.0,9afaad.fffe.86c168,128,255,254,65535,128,0,160,HOLDOVER,-1,False,True,False,False,0,healthy
468.82993213199995,mixed_pdv_loss_holdover,0.0,0.0,0.0,0.0,0.0,6.0,2.0,1.5,0.0,0.0,0.0,20.0,4,3255,Sync,0.0,9afaad.fffe.86c168,128,255,254,65535,128,0,160,HOLDOVER,-1,False,True,False,False,0,healthy
468.96092523199997,mixed_pdv_loss_holdover,0.0,0.0,0.0,0.0,0.0,6.0,2.0,1.5,0.0,0.0,0.0,20.0,4,3256,Sync,0.0,9afaad.fffe.86c168,128,255,254,65535,128,0,160,HOLDOVER,-1,False,True,False,False,0,healthy
469.07295543199996,mixed_pdv_loss_holdover,0.0,0.0,0.0,0.0,0.0,6.0,2.0,1.5,0.0,0.0,0.0,20.0,4,3257,Sync,0.0,9afaad.fffe.86c168,128,255,254,65535,128,0,160,HOLDOVER,-1,False,True,False,False,0,healthy
469.187381132,mixed_pdv_loss_holdover,0.0,0.0,0.0,0.0,0.0,6.0,2.0,1.5,0.0,0.0,0.0,20.0,4,3258,Sync,0.0,9afaad.fffe.86c168,128,255,254,65535,128,0,160,HOLDOVER,-1,False,True,False,False,0,healthy
469.30056233199997,mixed_pdv_loss_holdover,0.0,0.0,0.0,0.0,0.0,6.0,2.0,1.5,0.0,0.0,0.0,20.0,4,3259,Sync,0.0,9afaad.fffe.86c168,128,255,254,65535,128,0,160,HOLDOVER,-1,False,True,False,False,0,healthy
469.435925432,mixed_pdv_loss_holdover,0.0,0.0,0.0,0.0,0.0,6.0,2.0,1.5,0.0,0.0,0.0,20.0,4,3260,Sync,0.0,9afaad.fffe.86c168,128,255,254,65535,128,0,160,HOLDOVER,-1,False,True,False,False,0,healthy
469.567960032,mixed_pdv_loss_holdover,0.0,0.0,0.0,0.0,0.0,6.0,2.0,1.5,0.0,0.0,0.0,20.0,4,3261,Sync,0.0,9afaad.fffe.86c168,128,255,254,65535,128,0,160,HOLDOVER,-1,False,True,False,False,0,healthy
469.68277843199996,mixed_pdv_loss_holdover,0.0,0.0,0.0,0.0,0.0,6.0,2.0,1.5,0.0,0.0,0.0,20.0,4,3262,Sync,0.0,9afaad.fffe.86c168,128,255,254,65535,128,0,160,HOLDOVER,-1,False,True,False,False,0,healthy
469.818293957,mixed_pdv_loss_holdover,0.0,0.0,0.0,0.0,0.0,6.0,2.0,1.5,0.0,0.0,0.0,20.0,4,3263,Sync,0.0,9afaad.fffe.86c168,128,255,254,65535,128,0,160,HOLDOVER,-1,False,True,False,False,0,healthy
469.93359064,mixed_pdv_loss_holdover,0.0,0.0,0.0,0.0,0.0,6.0,2.0,1.5,0.0,0.0,0.0,20.0,4,3264,Sync,0.0,9afaad.fffe.86c168,128,255,254,65535,128,0,160,HOLDOVER,-1,False,True,False,False,0,healthy
470.043537932,mixed_pdv_loss_holdover,0.0,0.0,0.0,0.0,0.0,6.0,2.0,1.5,0.0,0.0,0.0,20.0,4,3265,Sync,0.0,9afaad.fffe.86c168,128,255,254,65535,128,0,160,HOLDOVER,-1,False,True,False,False,0,healthy
470.170293315,mixed_pdv_loss_holdover,0.0,0.0,0.0,0.0,0.0,6.0,2.0,1.5,0.0,0.0,0.0,20.0,4,3266,Sync,0.0,9afaad.fffe.86c168,128,255,254,65535,128,0,160,HOLDOVER,-1,False,True,False,False,0,healthy
470.281017665,mixed_pdv_loss_holdover,0.0,0.0,0.0,0.0,0.0,6.0,2.0,1.5,0.0,0.0,0.0,20.0,4,3267,Sync,0.0,9afaad.fffe.86c168,128,255,254,65535,128,0,160,HOLDOVER,-1,False,True,False,False,0,healthy
470.395634182,mixed_pdv_loss_holdover,0.0,0.0,0.0,0.0,0.0,6.0,2.0,1.5,0.0,0.0,0.0,20.0,4,3268,Sync,0.0,9afaad.fffe.86c168,128,255,254,65535,128,0,160,HOLDOVER,-1,False,True,False,False,0,healthy
470.51259791499996,mixed_pdv_loss_holdover,0.0,0.0,0.0,0.0,0.0,6.0,2.0,1.5,0.0,0.0,0.0,20.0,4,3269,Sync,0.0,9afaad.fffe.86c168,128,255,254,65535,128,0,160,HOLDOVER,-1,False,True,False,False,0,healthy
470.62352924799995,mixed_pdv_loss_holdover,0.0,0.0,0.0,0.0,0.0,6.0,2.0,1.5,0.0,0.0,0.0,20.0,4,3270,Sync,0.0,9afaad.fffe.86c168,128,255,254,65535,128,0,160,HOLDOVER,-1,False,True,False,False,0,healthy
470.757857032,mixed_pdv_loss_holdover,0.0,0.0,0.0,0.0,0.0,6.0,2.0,1.5,0.0,0.0,0.0,20.0,4,3271,Sync,0.0,9afaad.fffe.86c168,128,255,254,65535,128,0,160,HOLDOVER,-1,False,True,False,False,0,healthy
470.870553865,mixed_pdv_loss_holdover,0.0,0.0,0.0,0.0,0.0,6.0,2.0,1.5,0.0,0.0,0.0,20.0,4,3272,Sync,0.0,9afaad.fffe.86c168,128,255,254,65535,128,0,160,HOLDOVER,-1,False,True,False,False,0,healthy
471.00184262299996,mixed_pdv_loss_holdover,0.0,0.0,0.0,0.0,0.0,6.0,2.0,1.5,0.0,0.0,0.0,20.0,4,3273,Sync,0.0,9afaad.fffe.86c168,128,255,254,65535,128,0,160,HOLDOVER,-1,False,True,False,False,0,healthy
471.113008898,mixed_pdv_loss_holdover,0.0,0.0,0.0,0.0,0.0,6.0,2.0,1.5,0.0,0.0,0.0,20.0,4,3274,Sync,0.0,9afaad.fffe.86c168,128,255,254,65535,128,0,160,HOLDOVER,-1,False,True,False,False,0,healthy
471.22355385699996,mixed_pdv_loss_holdover,0.0,0.0,0.0,0.0,0.0,6.0,2.0,1.5,0.0,0.0,0.0,20.0,4,3275,Sync,0.0,9afaad.fffe.86c168,128,255,254,65535,128,0,160,HOLDOVER,-1,False,True,False,False,0,healthy
471.33432908199995,mixed_pdv_loss_holdover,0.0,0.0,0.0,0.0,0.0,6.0,2.0,1.5,0.0,0.0,0.0,20.0,4,3276,Sync,0.0,9afaad.fffe.86c168,128,255,254,65535,128,0,160,HOLDOVER,-1,False,True,False,False,0,healthy
471.445501865,mixed_pdv_loss_holdover,0.0,0.0,0.0,0.0,0.0,6.0,2.0,1.5,0.0,0.0,0.0,20.0,4,3277,Sync,0.0,9afaad.fffe.86c168,128,255,254,65535,128,0,160,HOLDOVER,-1,False,True,False,False,0,healthy
471.574608132,mixed_pdv_loss_holdover,0.0,0.0,0.0,0.0,0.0,6.0,2.0,1.5,0.0,0.0,0.0,20.0,4,3278,Sync,0.0,9afaad.fffe.86c168,128,255,254,65535,128,0,160,HOLDOVER,-1,False,True,False,False,0,healthy
471.685711707,mixed_pdv_loss_holdover,0.0,0.0,0.0,0.0,0.0,6.0,2.0,1.5,0.0,0.0,0.0,20.0,4,3279,Sync,0.0,9afaad.fffe.86c168,128,255,254,65535,128,0,160,HOLDOVER,-1,False,True,False,False,0,healthy
471.81662820699995,mixed_pdv_loss_holdover,0.0,0.0,0.0,0.0,0.0,6.0,2.0,1.5,0.0,0.0,0.0,20.0,4,3280,Sync,0.0,9afaad.fffe.86c168,128,255,254,65535,128,0,160,HOLDOVER,-1,False,True,False,False,0,healthy
471.94850106499996,mixed_pdv_loss_holdover,0.0,0.0,0.0,0.0,0.0,6.0,2.0,1.5,0.0,0.0,0.0,20.0,4,3281,Sync,0.0,9afaad.fffe.86c168,128,255,254,65535,128,0,160,HOLDOVER,-1,False,True,False,False,0,healthy
472.06111439,mixed_pdv_loss_holdover,0.0,0.0,0.0,0.0,0.0,6.0,2.0,1.5,0.0,0.0,0.0,20.0,4,3282,Sync,0.0,9afaad.fffe.86c168,128,255,254,65535,128,0,160,HOLDOVER,-1,False,True,False,False,0,healthy
472.200421415,mixed_pdv_loss_holdover,0.0,0.0,0.0,0.0,0.0,6.0,2.0,1.5,0.0,0.0,0.0,20.0,4,3283,Sync,0.0,9afaad.fffe.86c168,128,255,254,65535,128,0,160,HOLDOVER,-1,False,True,False,False,0,healthy
472.30973968999996,mixed_pdv_loss_holdover,0.0,0.0,0.0,0.0,0.0,6.0,2.0,1.5,0.0,0.0,0.0,20.0,4,3284,Sync,0.0,9afaad.fffe.86c168,128,255,254,65535,128,0,160,HOLDOVER,-1,False,True,False,False,0,healthy
472.418723657,mixed_pdv_loss_holdover,0.0,0.0,0.0,0.0,0.0,6.0,2.0,1.5,0.0,0.0,0.0,20.0,4,3285,Sync,0.0,9afaad.fffe.86c168,128,255,254,65535,128,0,160,HOLDOVER,-1,False,True,False,False,0,healthy
472.544602615,mixed_pdv_loss_holdover,0.0,0.0,0.0,0.0,0.0,6.0,2.0,1.5,0.0,0.0,0.0,20.0,4,3286,Sync,0.0,9afaad.fffe.86c168,128,255,254,65535,128,0,160,HOLDOVER,-1,False,True,False,False,0,healthy
472.65804506499995,mixed_pdv_loss_holdover,0.0,0.0,0.0,0.0,0.0,6.0,2.0,1.5,0.0,0.0,0.0,20.0,4,3287,Sync,0.0,9afaad.fffe.86c168,128,255,254,65535,128,0,160,HOLDOVER,-1,False,True,False,False,0,healthy
472.77094576499996,mixed_pdv_loss_holdover,0.0,0.0,0.0,0.0,0.0,6.0,2.0,1.5,0.0,0.0,0.0,20.0,4,3288,Sync,0.0,9afaad.fffe.86c168,128,255,254,65535,128,0,160,HOLDOVER,-1,False,True,False,False,0,healthy
472.88401687299995,mixed_pdv_loss_holdover,0.0,0.0,0.0,0.0,0.0,6.0,2.0,1.5,0.0,0.0,0.0,20.0,4,3289,Sync,0.0,9afaad.fffe.86c168,128,255,254,65535,128,0,160,HOLDOVER,-1,False,True,False,False,0,healthy
472.99900610699996,mixed_pdv_loss_holdover,0.0,0.0,0.0,0.0,0.0,6.0,2.0,1.5,0.0,0.0,0.0,20.0,4,3290,Sync,0.0,9afaad.fffe.86c168,128,255,254,65535,128,0,160,HOLDOVER,-1,False,True,False,False,0,healthy
473.13367929,mixed_pdv_loss_holdover,0.0,0.0,0.0,0.0,0.0,6.0,2.0,1.5,0.0,0.0,0.0,20.0,4,3291,Sync,0.0,9afaad.fffe.86c168,128,255,254,65535,128,0,160,HOLDOVER,-1,False,True,False,False,0,healthy
473.24504879,mixed_pdv_loss_holdover,0.0,0.0,0.0,0.0,0.0,6.0,2.0,1.5,0.0,0.0,0.0,20.0,4,3292,Sync,0.0,9afaad.fffe.86c168,128,255,254,65535,128,0,160,HOLDOVER,-1,False,True,False,False,0,healthy
473.37310868199995,mixed_pdv_loss_holdover,0.0,0.0,0.0,0.0,0.0,6.0,2.0,1.5,0.0,0.0,0.0,20.0,4,3293,Sync,0.0,9afaad.fffe.86c168,128,255,254,65535,128,0,160,HOLDOVER,-1,False,True,False,False,0,healthy
473.48295440699997,mixed_pdv_loss_holdover,0.0,0.0,0.0,0.0,0.0,6.0,2.0,1.5,0.0,0.0,0.0,20.0,4,3294,Sync,0.0,9afaad.fffe.86c168,128,255,254,65535,128,0,160,HOLDOVER,-1,False,True,False,False,0,healthy
473.61176844,mixed_pdv_loss_holdover,0.0,0.0,0.0,0.0,0.0,6.0,2.0,1.5,0.0,0.0,0.0,20.0,4,3295,Sync,0.0,9afaad.fffe.86c168,128,255,254,65535,128,0,160,HOLDOVER,-1,False,True,False,False,0,healthy
473.722740107,mixed_pdv_loss_holdover,0.0,0.0,0.0,0.0,0.0,6.0,2.0,1.5,0.0,0.0,0.0,20.0,4,3296,Sync,0.0,9afaad.fffe.86c168,128,255,254,65535,128,0,160,HOLDOVER,-1,False,True,False,False,0,healthy
473.83235015699995,mixed_pdv_loss_holdover,0.0,0.0,0.0,0.0,0.0,6.0,2.0,1.5,0.0,0.0,0.0,20.0,4,3297,Sync,0.0,9afaad.fffe.86c168,128,255,254,65535,128,0,160,HOLDOVER,-1,False,True,False,False,0,healthy
473.947484682,mixed_pdv_loss_holdover,0.0,0.0,0.0,0.0,0.0,6.0,2.0,1.5,0.0,0.0,0.0,20.0,4,3298,Sync,0.0,9afaad.fffe.86c168,128,255,254,65535,128,0,160,HOLDOVER,-1,False,True,False,False,0,healthy
474.059968665,mixed_pdv_loss_holdover,0.0,0.0,0.0,0.0,0.0,6.0,2.0,1.5,0.0,0.0,0.0,20.0,4,3299,Sync,0.0,9afaad.fffe.86c168,128,255,254,65535,128,0,160,HOLDOVER,-1,False,True,False,False,0,healthy
474.220817815,mixed_pdv_loss_holdover,0.0,0.0,0.0,0.0,0.0,6.0,2.0,1.5,0.0,0.0,0.0,20.0,4,3300,Sync,0.0,9afaad.fffe.86c168,128,255,254,65535,128,0,160,HOLDOVER,-1,False,True,False,False,0,healthy
474.33232224799997,mixed_pdv_loss_holdover,0.0,0.0,0.0,0.0,0.0,6.0,2.0,1.5,0.0,0.0,0.0,20.0,4,3301,Sync,0.0,9afaad.fffe.86c168,128,255,254,65535,128,0,160,HOLDOVER,-1,False,True,False,False,0,healthy
474.462305948,mixed_pdv_loss_holdover,0.0,0.0,0.0,0.0,0.0,6.0,2.0,1.5,0.0,0.0,0.0,20.0,4,3302,Sync,0.0,9afaad.fffe.86c168,128,255,254,65535,128,0,160,HOLDOVER,-1,False,True,False,False,0,healthy
474.58905024,mixed_pdv_loss_holdover,0.0,0.0,0.0,0.0,0.0,6.0,2.0,1.5,0.0,0.0,0.0,20.0,4,3303,Sync,0.0,9afaad.fffe.86c168,128,255,254,65535,128,0,160,HOLDOVER,-1,False,True,False,False,0,healthy
474.700024473,mixed_pdv_loss_holdover,0.0,0.0,0.0,0.0,0.0,6.0,2.0,1.5,0.0,0.0,0.0,20.0,4,3304,Sync,0.0,9afaad.fffe.86c168,128,255,254,65535,128,0,160,HOLDOVER,-1,False,True,False,False,0,healthy
474.830531132,mixed_pdv_loss_holdover,0.0,0.0,0.0,0.0,0.0,6.0,2.0,1.5,0.0,0.0,0.0,20.0,4,3305,Sync,0.0,9afaad.fffe.86c168,128,255,254,65535,128,0,160,HOLDOVER,-1,False,True,False,False,0,healthy
474.965424865,mixed_pdv_loss_holdover,0.0,0.0,0.0,0.0,0.0,6.0,2.0,1.5,0.0,0.0,0.0,20.0,4,3306,Sync,0.0,9afaad.fffe.86c168,128,255,254,65535,128,0,160,HOLDOVER,-1,False,True,False,False,0,healthy
475.076774748,mixed_pdv_loss_holdover,0.0,0.0,0.0,0.0,0.0,6.0,2.0,1.5,0.0,0.0,0.0,20.0,4,3307,Sync,0.0,9afaad.fffe.86c168,128,255,254,65535,128,0,160,HOLDOVER,-1,False,True,False,False,0,healthy
475.206627515,mixed_pdv_loss_holdover,0.0,0.0,0.0,0.0,0.0,6.0,2.0,1.5,0.0,0.0,0.0,20.0,4,3308,Sync,0.0,9afaad.fffe.86c168,128,255,254,65535,128,0,160,HOLDOVER,-1,False,True,False,False,0,healthy
475.339851915,mixed_pdv_loss_holdover,0.0,0.0,0.0,0.0,0.0,6.0,2.0,1.5,0.0,0.0,0.0,20.0,4,3309,Sync,0.0,9afaad.fffe.86c168,128,255,254,65535,128,0,160,HOLDOVER,-1,False,True,False,False,0,healthy
475.453394415,mixed_pdv_loss_holdover,0.0,0.0,0.0,0.0,0.0,6.0,2.0,1.5,0.0,0.0,0.0,20.0,4,3310,Sync,0.0,9afaad.fffe.86c168,128,255,254,65535,128,0,160,HOLDOVER,-1,False,True,False,False,0,healthy
475.58634131499997,mixed_pdv_loss_holdover,0.0,0.0,0.0,0.0,0.0,6.0,2.0,1.5,0.0,0.0,0.0,20.0,4,3311,Sync,0.0,9afaad.fffe.86c168,128,255,254,65535,128,0,160,HOLDOVER,-1,False,True,False,False,0,healthy
475.696687415,mixed_pdv_loss_holdover,0.0,0.0,0.0,0.0,0.0,6.0,2.0,1.5,0.0,0.0,0.0,20.0,4,3312,Sync,0.0,9afaad.fffe.86c168,128,255,254,65535,128,0,160,HOLDOVER,-1,False,True,False,False,0,healthy
475.826509215,mixed_pdv_loss_holdover,0.0,0.0,0.0,0.0,0.0,6.0,2.0,1.5,0.0,0.0,0.0,20.0,4,3313,Sync,0.0,9afaad.fffe.86c168,128,255,254,65535,128,0,160,HOLDOVER,-1,False,True,False,False,0,healthy
475.939245615,mixed_pdv_loss_holdover,0.0,0.0,0.0,0.0,0.0,6.0,2.0,1.5,0.0,0.0,0.0,20.0,4,3314,Sync,0.0,9afaad.fffe.86c168,128,255,254,65535,128,0,160,HOLDOVER,-1,False,True,False,False,0,healthy
476.05239051499996,mixed_pdv_loss_holdover,0.0,0.0,0.0,0.0,0.0,6.0,2.0,1.5,0.0,0.0,0.0,20.0,4,3315,Sync,0.0,9afaad.fffe.86c168,128,255,254,65535,128,0,160,HOLDOVER,-1,False,True,False,False,0,healthy
476.16761141499995,mixed_pdv_loss_holdover,0.0,0.0,0.0,0.0,0.0,6.0,2.0,1.5,0.0,0.0,0.0,20.0,4,3316,Sync,0.0,9afaad.fffe.86c168,128,255,254,65535,128,0,160,HOLDOVER,-1,False,True,False,False,0,healthy
476.28133041499996,mixed_pdv_loss_holdover,0.0,0.0,0.0,0.0,0.0,6.0,2.0,1.5,0.0,0.0,0.0,20.0,4,3317,Sync,0.0,9afaad.fffe.86c168,128,255,254,65535,128,0,160,HOLDOVER,-1,False,True,False,False,0,healthy
476.397232515,mixed_pdv_loss_holdover,0.0,0.0,0.0,0.0,0.0,6.0,2.0,1.5,0.0,0.0,0.0,20.0,4,3318,Sync,0.0,9afaad.fffe.86c168,128,255,254,65535,128,0,160,HOLDOVER,-1,False,True,False,False,0,healthy
476.516646815,mixed_pdv_loss_holdover,0.0,0.0,0.0,0.0,0.0,6.0,2.0,1.5,0.0,0.0,0.0,20.0,4,3319,Sync,0.0,9afaad.fffe.86c168,128,255,254,65535,128,0,160,HOLDOVER,-1,False,True,False,False,0,healthy
476.63110531499996,mixed_pdv_loss_holdover,0.0,0.0,0.0,0.0,0.0,6.0,2.0,1.5,0.0,0.0,0.0,20.0,4,3320,Sync,0.0,9afaad.fffe.86c168,128,255,254,65535,128,0,160,HOLDOVER,-1,False,True,False,False,0,healthy
476.768004515,mixed_pdv_loss_holdover,0.0,0.0,0.0,0.0,0.0,6.0,2.0,1.5,0.0,0.0,0.0,20.0,4,3321,Sync,0.0,9afaad.fffe.86c168,128,255,254,65535,128,0,160,HOLDOVER,-1,False,True,False,False,0,healthy
476.87856161499997,mixed_pdv_loss_holdover,0.0,0.0,0.0,0.0,0.0,6.0,2.0,1.5,0.0,0.0,0.0,20.0,4,3322,Sync,0.0,9afaad.fffe.86c168,128,255,254,65535,128,0,160,HOLDOVER,-1,False,True,False,False,0,healthy
477.00631061499996,mixed_pdv_loss_holdover,0.0,0.0,0.0,0.0,0.0,6.0,2.0,1.5,0.0,0.0,0.0,20.0,4,3323,Sync,0.0,9afaad.fffe.86c168,128,255,254,65535,128,0,160,HOLDOVER,-1,False,True,False,False,0,healthy
477.136090515,mixed_pdv_loss_holdover,0.0,0.0,0.0,0.0,0.0,6.0,2.0,1.5,0.0,0.0,0.0,20.0,4,3324,Sync,0.0,9afaad.fffe.86c168,128,255,254,65535,128,0,160,HOLDOVER,-1,False,True,False,False,0,healthy
477.249605815,mixed_pdv_loss_holdover,0.0,0.0,0.0,0.0,0.0,6.0,2.0,1.5,0.0,0.0,0.0,20.0,4,3325,Sync,0.0,9afaad.fffe.86c168,128,255,254,65535,128,0,160,HOLDOVER,-1,False,True,False,False,0,healthy
477.36396751499996,mixed_pdv_loss_holdover,0.0,0.0,0.0,0.0,0.0,6.0,2.0,1.5,0.0,0.0,0.0,20.0,4,3326,Sync,0.0,9afaad.fffe.86c168,128,255,254,65535,128,0,160,HOLDOVER,-1,False,True,False,False,0,healthy
477.477396915,mixed_pdv_loss_holdover,0.0,0.0,0.0,0.0,0.0,6.0,2.0,1.5,0.0,0.0,0.0,20.0,4,3327,Sync,0.0,9afaad.fffe.86c168,128,255,254,65535,128,0,160,HOLDOVER,-1,False,True,False,False,0,healthy
477.59238741499996,mixed_pdv_loss_holdover,0.0,0.0,0.0,0.0,0.0,6.0,2.0,1.5,0.0,0.0,0.0,20.0,4,3328,Sync,0.0,9afaad.fffe.86c168,128,255,254,65535,128,0,160,HOLDOVER,-1,False,True,False,False,0,healthy
477.71266981499997,mixed_pdv_loss_holdover,0.0,0.0,0.0,0.0,0.0,6.0,2.0,1.5,0.0,0.0,0.0,20.0,4,3329,Sync,0.0,9afaad.fffe.86c168,128,255,254,65535,128,0,160,HOLDOVER,-1,False,True,False,False,0,healthy
477.82585985699995,mixed_pdv_loss_holdover,0.0,0.0,0.0,0.0,0.0,6.0,2.0,1.5,0.0,0.0,0.0,20.0,4,3330,Sync,0.0,9afaad.fffe.86c168,128,255,254,65535,128,0,160,HOLDOVER,-1,False,True,False,False,0,healthy
477.942005098,mixed_pdv_loss_holdover,0.0,0.0,0.0,0.0,0.0,6.0,2.0,1.5,0.0,0.0,0.0,20.0,4,3331,Sync,0.0,9afaad.fffe.86c168,128,255,254,65535,128,0,160,HOLDOVER,-1,False,True,False,False,0,healthy
478.052125548,mixed_pdv_loss_holdover,0.0,0.0,0.0,0.0,0.0,6.0,2.0,1.5,0.0,0.0,0.0,20.0,4,3332,Sync,0.0,9afaad.fffe.86c168,128,255,254,65535,128,0,160,HOLDOVER,-1,False,True,False,False,0,healthy
478.16466306499996,mixed_pdv_loss_holdover,0.0,0.0,0.0,0.0,0.0,6.0,2.0,1.5,0.0,0.0,0.0,20.0,4,3333,Sync,0.0,9afaad.fffe.86c168,128,255,254,65535,128,0,160,HOLDOVER,-1,False,True,False,False,0,healthy
478.274998198,mixed_pdv_loss_holdover,0.0,0.0,0.0,0.0,0.0,6.0,2.0,1.5,0.0,0.0,0.0,20.0,4,3334,Sync,0.0,9afaad.fffe.86c168,128,255,254,65535,128,0,160,HOLDOVER,-1,False,True,False,False,0,healthy
478.38671346499996,mixed_pdv_loss_holdover,0.0,0.0,0.0,0.0,0.0,6.0,2.0,1.5,0.0,0.0,0.0,20.0,4,3335,Sync,0.0,9afaad.fffe.86c168,128,255,254,65535,128,0,160,HOLDOVER,-1,False,True,False,False,0,healthy
478.499121915,mixed_pdv_loss_holdover,0.0,0.0,0.0,0.0,0.0,6.0,2.0,1.5,0.0,0.0,0.0,20.0,4,3336,Sync,0.0,9afaad.fffe.86c168,128,255,254,65535,128,0,160,HOLDOVER,-1,False,True,False,False,0,healthy
478.618467882,mixed_pdv_loss_holdover,0.0,0.0,0.0,0.0,0.0,6.0,2.0,1.5,0.0,0.0,0.0,20.0,4,3337,Sync,0.0,9afaad.fffe.86c168,128,255,254,65535,128,0,160,HOLDOVER,-1,False,True,False,False,0,healthy
478.75185947299997,mixed_pdv_loss_holdover,0.0,0.0,0.0,0.0,0.0,6.0,2.0,1.5,0.0,0.0,0.0,20.0,4,3338,Sync,0.0,9afaad.fffe.86c168,128,255,254,65535,128,0,160,HOLDOVER,-1,False,True,False,False,0,healthy
478.86419458999995,mixed_pdv_loss_holdover,0.0,0.0,0.0,0.0,0.0,6.0,2.0,1.5,0.0,0.0,0.0,20.0,4,3339,Sync,0.0,9afaad.fffe.86c168,128,255,254,65535,128,0,160,HOLDOVER,-1,False,True,False,False,0,healthy
478.995642665,mixed_pdv_loss_holdover,0.0,0.0,0.0,0.0,0.0,6.0,2.0,1.5,0.0,0.0,0.0,20.0,4,3340,Sync,0.0,9afaad.fffe.86c168,128,255,254,65535,128,0,160,HOLDOVER,-1,False,True,False,False,0,healthy
479.10539269,mixed_pdv_loss_holdover,0.0,0.0,0.0,0.0,0.0,6.0,2.0,1.5,0.0,0.0,0.0,20.0,4,3341,Sync,0.0,9afaad.fffe.86c168,128,255,254,65535,128,0,160,HOLDOVER,-1,False,True,False,False,0,healthy
479.231303182,mixed_pdv_loss_holdover,0.0,0.0,0.0,0.0,0.0,6.0,2.0,1.5,0.0,0.0,0.0,20.0,4,3342,Sync,0.0,9afaad.fffe.86c168,128,255,254,65535,128,0,160,HOLDOVER,-1,False,True,False,False,0,healthy
479.347534865,mixed_pdv_loss_holdover,0.0,0.0,0.0,0.0,0.0,6.0,2.0,1.5,0.0,0.0,0.0,20.0,4,3343,Sync,0.0,9afaad.fffe.86c168,128,255,254,65535,128,0,160,HOLDOVER,-1,False,True,False,False,0,healthy
479.458906748,mixed_pdv_loss_holdover,0.0,0.0,0.0,0.0,0.0,6.0,2.0,1.5,0.0,0.0,0.0,20.0,4,3344,Sync,0.0,9afaad.fffe.86c168,128,255,254,65535,128,0,160,HOLDOVER,-1,False,True,False,False,0,healthy
479.570831382,mixed_pdv_loss_holdover,0.0,0.0,0.0,0.0,0.0,6.0,2.0,1.5,0.0,0.0,0.0,20.0,4,3345,Sync,0.0,9afaad.fffe.86c168,128,255,254,65535,128,0,160,HOLDOVER,-1,False,True,False,False,0,healthy
479.68135764,mixed_pdv_loss_holdover,0.0,0.0,0.0,0.0,0.0,6.0,2.0,1.5,0.0,0.0,0.0,20.0,4,3346,Sync,0.0,9afaad.fffe.86c168,128,255,254,65535,128,0,160,HOLDOVER,-1,False,True,False,False,0,healthy
479.81328219799997,mixed_pdv_loss_holdover,0.0,0.0,0.0,0.0,0.0,6.0,2.0,1.5,0.0,0.0,0.0,20.0,4,3347,Sync,0.0,9afaad.fffe.86c168,128,255,254,65535,128,0,160,HOLDOVER,-1,False,True,False,False,0,healthy
479.938309207,mixed_pdv_loss_holdover,0.0,0.0,0.0,0.0,0.0,6.0,2.0,1.5,0.0,0.0,0.0,20.0,4,3348,Sync,0.0,9afaad.fffe.86c168,128,255,254,65535,128,0,160,HOLDOVER,-1,False,True,False,False,0,healthy
480.05097853999996,mixed_pdv_loss_holdover,0.0,0.0,0.0,0.0,0.0,6.0,2.0,1.5,0.0,0.0,0.0,20.0,4,3349,Sync,0.0,9afaad.fffe.86c168,128,255,254,65535,128,0,160,HOLDOVER,-1,False,True,False,False,0,healthy
480.179229282,mixed_pdv_loss_holdover,0.0,0.0,0.0,0.0,0.0,6.0,2.0,1.5,0.0,0.0,0.0,20.0,4,3350,Sync,0.0,9afaad.fffe.86c168,128,255,254,65535,128,0,160,HOLDOVER,-1,False,True,False,False,0,healthy
480.28903769799996,mixed_pdv_loss_holdover,0.0,0.0,0.0,0.0,0.0,6.0,2.0,1.5,0.0,0.0,0.0,20.0,4,3351,Sync,0.0,9afaad.fffe.86c168,128,255,254,65535,128,0,160,HOLDOVER,-1,False,True,False,False,0,healthy
480.400321857,mixed_pdv_loss_holdover,0.0,0.0,0.0,0.0,0.0,6.0,2.0,1.5,0.0,0.0,0.0,20.0,4,3352,Sync,0.0,9afaad.fffe.86c168,128,255,254,65535,128,0,160,HOLDOVER,-1,False,True,False,False,0,healthy
480.527500282,mixed_pdv_loss_holdover,0.0,0.0,0.0,0.0,0.0,6.0,2.0,1.5,0.0,0.0,0.0,20.0,4,3353,Sync,0.0,9afaad.fffe.86c168,128,255,254,65535,128,0,160,HOLDOVER,-1,False,True,False,False,0,healthy
480.639175948,mixed_pdv_loss_holdover,0.0,0.0,0.0,0.0,0.0,6.0,2.0,1.5,0.0,0.0,0.0,20.0,4,3354,Sync,0.0,9afaad.fffe.86c168,128,255,254,65535,128,0,160,HOLDOVER,-1,False,True,False,False,0,healthy
480.75528599,mixed_pdv_loss_holdover,0.0,0.0,0.0,0.0,0.0,6.0,2.0,1.5,0.0,0.0,0.0,20.0,4,3355,Sync,0.0,9afaad.fffe.86c168,128,255,254,65535,128,0,160,HOLDOVER,-1,False,True,False,False,0,healthy
480.866931315,mixed_pdv_loss_holdover,0.0,0.0,0.0,0.0,0.0,6.0,2.0,1.5,0.0,0.0,0.0,20.0,4,3356,Sync,0.0,9afaad.fffe.86c168,128,255,254,65535,128,0,160,HOLDOVER,-1,False,True,False,False,0,healthy
480.97871918199996,mixed_pdv_loss_holdover,0.0,0.0,0.0,0.0,0.0,6.0,2.0,1.5,0.0,0.0,0.0,20.0,4,3357,Sync,0.0,9afaad.fffe.86c168,128,255,254,65535,128,0,160,HOLDOVER,-1,False,True,False,False,0,healthy
481.091941723,mixed_pdv_loss_holdover,0.0,0.0,0.0,0.0,0.0,6.0,2.0,1.5,0.0,0.0,0.0,20.0,4,3358,Sync,0.0,9afaad.fffe.86c168,128,255,254,65535,128,0,160,HOLDOVER,-1,False,True,False,False,0,healthy
481.20389055699997,mixed_pdv_loss_holdover,0.0,0.0,0.0,0.0,0.0,6.0,2.0,1.5,0.0,0.0,0.0,20.0,4,3359,Sync,0.0,9afaad.fffe.86c168,128,255,254,65535,128,0,160,HOLDOVER,-1,False,True,False,False,0,healthy
481.33153088999995,mixed_pdv_loss_holdover,0.0,0.0,0.0,0.0,0.0,6.0,2.0,1.5,0.0,0.0,0.0,20.0,4,3360,Sync,0.0,9afaad.fffe.86c168,128,255,254,65535,128,0,160,HOLDOVER,-1,False,True,False,False,0,healthy
481.44134324799995,mixed_pdv_loss_holdover,0.0,0.0,0.0,0.0,0.0,6.0,2.0,1.5,0.0,0.0,0.0,20.0,4,3361,Sync,0.0,9afaad.fffe.86c168,128,255,254,65535,128,0,160,HOLDOVER,-1,False,True,False,False,0,healthy
481.57147141499996,mixed_pdv_loss_holdover,0.0,0.0,0.0,0.0,0.0,6.0,2.0,1.5,0.0,0.0,0.0,20.0,4,3362,Sync,0.0,9afaad.fffe.86c168,128,255,254,65535,128,0,160,HOLDOVER,-1,False,True,False,False,0,healthy
481.681791423,mixed_pdv_loss_holdover,0.0,0.0,0.0,0.0,0.0,6.0,2.0,1.5,0.0,0.0,0.0,20.0,4,3363,Sync,0.0,9afaad.fffe.86c168,128,255,254,65535,128,0,160,HOLDOVER,-1,False,True,False,False,0,healthy
481.81037628999997,mixed_pdv_loss_holdover,0.0,0.0,0.0,0.0,0.0,6.0,2.0,1.5,0.0,0.0,0.0,20.0,4,3364,Sync,0.0,9afaad.fffe.86c168,128,255,254,65535,128,0,160,HOLDOVER,-1,False,True,False,False,0,healthy
481.92296954,mixed_pdv_loss_holdover,0.0,0.0,0.0,0.0,0.0,6.0,2.0,1.5,0.0,0.0,0.0,20.0,4,3365,Sync,0.0,9afaad.fffe.86c168,128,255,254,65535,128,0,160,HOLDOVER,-1,False,True,False,False,0,healthy
482.03671404,mixed_pdv_loss_holdover,0.0,0.0,0.0,0.0,0.0,6.0,2.0,1.5,0.0,0.0,0.0,20.0,4,3366,Sync,0.0,9afaad.fffe.86c168,128,255,254,65535,128,0,160,HOLDOVER,-1,False,True,False,False,0,healthy
482.17843664,mixed_pdv_loss_holdover,0.0,0.0,0.0,0.0,0.0,6.0,2.0,1.5,0.0,0.0,0.0,20.0,4,3367,Sync,0.0,9afaad.fffe.86c168,128,255,254,65535,128,0,160,HOLDOVER,-1,False,True,False,False,0,healthy
482.29282853999996,mixed_pdv_loss_holdover,0.0,0.0,0.0,0.0,0.0,6.0,2.0,1.5,0.0,0.0,0.0,20.0,4,3368,Sync,0.0,9afaad.fffe.86c168,128,255,254,65535,128,0,160,HOLDOVER,-1,False,True,False,False,0,healthy
482.42920834,mixed_pdv_loss_holdover,0.0,0.0,0.0,0.0,0.0,6.0,2.0,1.5,0.0,0.0,0.0,20.0,4,3369,Sync,0.0,9afaad.fffe.86c168,128,255,254,65535,128,0,160,HOLDOVER,-1,False,True,False,False,0,healthy
482.54131534,mixed_pdv_loss_holdover,0.0,0.0,0.0,0.0,0.0,6.0,2.0,1.5,0.0,0.0,0.0,20.0,4,3370,Sync,0.0,9afaad.fffe.86c168,128,255,254,65535,128,0,160,HOLDOVER,-1,False,True,False,False,0,healthy
482.65624684,mixed_pdv_loss_holdover,0.0,0.0,0.0,0.0,0.0,6.0,2.0,1.5,0.0,0.0,0.0,20.0,4,3371,Sync,0.0,9afaad.fffe.86c168,128,255,254,65535,128,0,160,HOLDOVER,-1,False,True,False,False,0,healthy
482.77027044,mixed_pdv_loss_holdover,0.0,0.0,0.0,0.0,0.0,6.0,2.0,1.5,0.0,0.0,0.0,20.0,4,3372,Sync,0.0,9afaad.fffe.86c168,128,255,254,65535,128,0,160,HOLDOVER,-1,False,True,False,False,0,healthy
482.88468584,mixed_pdv_loss_holdover,0.0,0.0,0.0,0.0,0.0,6.0,2.0,1.5,0.0,0.0,0.0,20.0,4,3373,Sync,0.0,9afaad.fffe.86c168,128,255,254,65535,128,0,160,HOLDOVER,-1,False,True,False,False,0,healthy
483.03152814,mixed_pdv_loss_holdover,0.0,0.0,0.0,0.0,0.0,6.0,2.0,1.5,0.0,0.0,0.0,20.0,4,3374,Sync,0.0,9afaad.fffe.86c168,128,255,254,65535,128,0,160,HOLDOVER,-1,False,True,False,False,0,healthy
483.18153734,mixed_pdv_loss_holdover,0.0,0.0,0.0,0.0,0.0,6.0,2.0,1.5,0.0,0.0,0.0,20.0,4,3375,Sync,0.0,9afaad.fffe.86c168,128,255,254,65535,128,0,160,HOLDOVER,-1,False,True,False,False,0,healthy
483.29599284,mixed_pdv_loss_holdover,0.0,0.0,0.0,0.0,0.0,6.0,2.0,1.5,0.0,0.0,0.0,20.0,4,3376,Sync,0.0,9afaad.fffe.86c168,128,255,254,65535,128,0,160,HOLDOVER,-1,False,True,False,False,0,healthy
483.41441813999995,mixed_pdv_loss_holdover,0.0,0.0,0.0,0.0,0.0,6.0,2.0,1.5,0.0,0.0,0.0,20.0,4,3377,Sync,0.0,9afaad.fffe.86c168,128,255,254,65535,128,0,160,HOLDOVER,-1,False,True,False,False,0,healthy
483.53324383999995,mixed_pdv_loss_holdover,0.0,0.0,0.0,0.0,0.0,6.0,2.0,1.5,0.0,0.0,0.0,20.0,4,3378,Sync,0.0,9afaad.fffe.86c168,128,255,254,65535,128,0,160,HOLDOVER,-1,False,True,False,False,0,healthy
483.64863334,mixed_pdv_loss_holdover,0.0,0.0,0.0,0.0,0.0,6.0,2.0,1.5,0.0,0.0,0.0,20.0,4,3379,Sync,0.0,9afaad.fffe.86c168,128,255,254,65535,128,0,160,HOLDOVER,-1,False,True,False,False,0,healthy
483.79187084,mixed_pdv_loss_holdover,0.0,0.0,0.0,0.0,0.0,6.0,2.0,1.5,0.0,0.0,0.0,20.0,4,3380,Sync,0.0,9afaad.fffe.86c168,128,255,254,65535,128,0,160,HOLDOVER,-1,False,True,False,False,0,healthy
483.90585783999995,mixed_pdv_loss_holdover,0.0,0.0,0.0,0.0,0.0,6.0,2.0,1.5,0.0,0.0,0.0,20.0,4,3381,Sync,0.0,9afaad.fffe.86c168,128,255,254,65535,128,0,160,HOLDOVER,-1,False,True,False,False,0,healthy
484.03045993999996,mixed_pdv_loss_holdover,0.0,0.0,0.0,0.0,0.0,6.0,2.0,1.5,0.0,0.0,0.0,20.0,4,3382,Sync,0.0,9afaad.fffe.86c168,128,255,254,65535,128,0,160,HOLDOVER,-1,False,True,False,False,0,healthy
484.17157984,mixed_pdv_loss_holdover,0.0,0.0,0.0,0.0,0.0,6.0,2.0,1.5,0.0,0.0,0.0,20.0,4,3383,Sync,0.0,9afaad.fffe.86c168,128,255,254,65535,128,0,160,HOLDOVER,-1,False,True,False,False,0,healthy
484.28662443999997,mixed_pdv_loss_holdover,0.0,0.0,0.0,0.0,0.0,6.0,2.0,1.5,0.0,0.0,0.0,20.0,4,3384,Sync,0.0,9afaad.fffe.86c168,128,255,254,65535,128,0,160,HOLDOVER,-1,False,True,False,False,0,healthy
484.41843764,mixed_pdv_loss_holdover,0.0,0.0,0.0,0.0,0.0,6.0,2.0,1.5,0.0,0.0,0.0,20.0,4,3385,Sync,0.0,9afaad.fffe.86c168,128,255,254,65535,128,0,160,HOLDOVER,-1,False,True,False,False,0,healthy
484.54079443999996,mixed_pdv_loss_holdover,0.0,0.0,0.0,0.0,0.0,6.0,2.0,1.5,0.0,0.0,0.0,20.0,4,3386,Sync,0.0,9afaad.fffe.86c168,128,255,254,65535,128,0,160,HOLDOVER,-1,False,True,False,False,0,healthy
484.65689824,mixed_pdv_loss_holdover,0.0,0.0,0.0,0.0,0.0,6.0,2.0,1.5,0.0,0.0,0.0,20.0,4,3387,Sync,0.0,9afaad.fffe.86c168,128,255,254,65535,128,0,160,HOLDOVER,-1,False,True,False,False,0,healthy
484.78957634,mixed_pdv_loss_holdover,0.0,0.0,0.0,0.0,0.0,6.0,2.0,1.5,0.0,0.0,0.0,20.0,4,3388,Sync,0.0,9afaad.fffe.86c168,128,255,254,65535,128,0,160,HOLDOVER,-1,False,True,False,False,0,healthy
484.90450033999997,mixed_pdv_loss_holdover,0.0,0.0,0.0,0.0,0.0,6.0,2.0,1.5,0.0,0.0,0.0,20.0,4,3389,Sync,0.0,9afaad.fffe.86c168,128,255,254,65535,128,0,160,HOLDOVER,-1,False,True,False,False,0,healthy
485.02607364,mixed_pdv_loss_holdover,0.0,0.0,0.0,0.0,0.0,6.0,2.0,1.5,0.0,0.0,0.0,20.0,4,3390,Sync,0.0,9afaad.fffe.86c168,128,255,254,65535,128,0,160,HOLDOVER,-1,False,True,False,False,0,healthy
485.16538204,mixed_pdv_loss_holdover,0.0,0.0,0.0,0.0,0.0,6.0,2.0,1.5,0.0,0.0,0.0,20.0,4,3391,Sync,0.0,9afaad.fffe.86c168,128,255,254,65535,128,0,160,HOLDOVER,-1,False,True,False,False,0,healthy
485.27980823999997,mixed_pdv_loss_holdover,0.0,0.0,0.0,0.0,0.0,6.0,2.0,1.5,0.0,0.0,0.0,20.0,4,3392,Sync,0.0,9afaad.fffe.86c168,128,255,254,65535,128,0,160,HOLDOVER,-1,False,True,False,False,0,healthy
485.39508673999995,mixed_pdv_loss_holdover,0.0,0.0,0.0,0.0,0.0,6.0,2.0,1.5,0.0,0.0,0.0,20.0,4,3393,Sync,0.0,9afaad.fffe.86c168,128,255,254,65535,128,0,160,HOLDOVER,-1,False,True,False,False,0,healthy
485.51191924,mixed_pdv_loss_holdover,0.0,0.0,0.0,0.0,0.0,6.0,2.0,1.5,0.0,0.0,0.0,20.0,4,3394,Sync,0.0,9afaad.fffe.86c168,128,255,254,65535,128,0,160,HOLDOVER,-1,False,True,False,False,0,healthy
485.62713873999996,mixed_pdv_loss_holdover,0.0,0.0,0.0,0.0,0.0,6.0,2.0,1.5,0.0,0.0,0.0,20.0,4,3395,Sync,0.0,9afaad.fffe.86c168,128,255,254,65535,128,0,160,HOLDOVER,-1,False,True,False,False,0,healthy
485.74348943999996,mixed_pdv_loss_holdover,0.0,0.0,0.0,0.0,0.0,6.0,2.0,1.5,0.0,0.0,0.0,20.0,4,3396,Sync,0.0,9afaad.fffe.86c168,128,255,254,65535,128,0,160,HOLDOVER,-1,False,True,False,False,0,healthy
485.864304172,mixed_pdv_loss_holdover,0.0,0.0,0.0,0.0,0.0,6.0,2.0,1.5,0.0,0.0,0.0,20.0,4,3397,Sync,0.0,9afaad.fffe.86c168,128,255,254,65535,128,0,160,HOLDOVER,-1,False,True,False,False,0,healthy
486.01272069,mixed_pdv_loss_holdover,0.0,0.0,0.0,0.0,0.0,6.0,2.0,1.5,0.0,0.0,0.0,20.0,4,3398,Sync,0.0,9afaad.fffe.86c168,128,255,254,65535,128,0,160,HOLDOVER,-1,False,True,False,False,0,healthy
486.12756856,mixed_pdv_loss_holdover,0.0,0.0,0.0,0.0,0.0,6.0,2.0,1.5,0.0,0.0,0.0,20.0,4,3399,Sync,0.0,9afaad.fffe.86c168,128,255,254,65535,128,0,160,HOLDOVER,-1,False,True,False,False,0,healthy
486.241356457,mixed_pdv_loss_holdover,0.0,0.0,0.0,0.0,0.0,6.0,2.0,1.5,0.0,0.0,0.0,20.0,4,3400,Sync,0.0,9afaad.fffe.86c168,128,255,254,65535,128,0,160,HOLDOVER,-1,False,True,False,False,0,healthy
486.35687568599997,mixed_pdv_loss_holdover,0.0,0.0,0.0,0.0,0.0,6.0,2.0,1.5,0.0,0.0,0.0,20.0,4,3401,Sync,0.0,9afaad.fffe.86c168,128,255,254,65535,128,0,160,HOLDOVER,-1,False,True,False,False,0,healthy
486.469133755,mixed_pdv_loss_holdover,0.0,0.0,0.0,0.0,0.0,6.0,2.0,1.5,0.0,0.0,0.0,20.0,4,3402,Sync,0.0,9afaad.fffe.86c168,128,255,254,65535,128,0,160,HOLDOVER,-1,False,True,False,False,0,healthy
486.58341271999996,mixed_pdv_loss_holdover,0.0,0.0,0.0,0.0,0.0,6.0,2.0,1.5,0.0,0.0,0.0,20.0,4,3403,Sync,0.0,9afaad.fffe.86c168,128,255,254,65535,128,0,160,HOLDOVER,-1,False,True,False,False,0,healthy
486.698856575,mixed_pdv_loss_holdover,0.0,0.0,0.0,0.0,0.0,6.0,2.0,1.5,0.0,0.0,0.0,20.0,4,3404,Sync,0.0,9afaad.fffe.86c168,128,255,254,65535,128,0,160,HOLDOVER,-1,False,True,False,False,0,healthy
486.81657329999996,mixed_pdv_loss_holdover,0.0,0.0,0.0,0.0,0.0,6.0,2.0,1.5,0.0,0.0,0.0,20.0,4,3405,Sync,0.0,9afaad.fffe.86c168,128,255,254,65535,128,0,160,HOLDOVER,-1,False,True,False,False,0,healthy
486.949957516,mixed_pdv_loss_holdover,0.0,0.0,0.0,0.0,0.0,6.0,2.0,1.5,0.0,0.0,0.0,20.0,4,3406,Sync,0.0,9afaad.fffe.86c168,128,255,254,65535,128,0,160,HOLDOVER,-1,False,True,False,False,0,healthy
487.06504987799997,mixed_pdv_loss_holdover,0.0,0.0,0.0,0.0,0.0,6.0,2.0,1.5,0.0,0.0,0.0,20.0,4,3407,Sync,0.0,9afaad.fffe.86c168,128,255,254,65535,128,0,160,HOLDOVER,-1,False,True,False,False,0,healthy
487.198995706,mixed_pdv_loss_holdover,0.0,0.0,0.0,0.0,0.0,6.0,2.0,1.5,0.0,0.0,0.0,20.0,4,3408,Sync,0.0,9afaad.fffe.86c168,128,255,254,65535,128,0,160,HOLDOVER,-1,False,True,False,False,0,healthy
487.31433767299995,mixed_pdv_loss_holdover,0.0,0.0,0.0,0.0,0.0,6.0,2.0,1.5,0.0,0.0,0.0,20.0,4,3409,Sync,0.0,9afaad.fffe.86c168,128,255,254,65535,128,0,160,HOLDOVER,-1,False,True,False,False,0,healthy
487.432482023,mixed_pdv_loss_holdover,0.0,0.0,0.0,0.0,0.0,6.0,2.0,1.5,0.0,0.0,0.0,20.0,4,3410,Sync,0.0,9afaad.fffe.86c168,128,255,254,65535,128,0,160,HOLDOVER,-1,False,True,False,False,0,healthy
487.562542582,mixed_pdv_loss_holdover,0.0,0.0,0.0,0.0,0.0,6.0,2.0,1.5,0.0,0.0,0.0,20.0,4,3411,Sync,0.0,9afaad.fffe.86c168,128,255,254,65535,128,0,160,HOLDOVER,-1,False,True,False,False,0,healthy
487.67750247099997,mixed_pdv_loss_holdover,0.0,0.0,0.0,0.0,0.0,6.0,2.0,1.5,0.0,0.0,0.0,20.0,4,3412,Sync,0.0,9afaad.fffe.86c168,128,255,254,65535,128,0,160,HOLDOVER,-1,False,True,False,False,0,healthy
487.80778602699996,mixed_pdv_loss_holdover,0.0,0.0,0.0,0.0,0.0,6.0,2.0,1.5,0.0,0.0,0.0,20.0,4,3413,Sync,0.0,9afaad.fffe.86c168,128,255,254,65535,128,0,160,HOLDOVER,-1,False,True,False,False,0,healthy
487.9387096,mixed_pdv_loss_holdover,0.0,0.0,0.0,0.0,0.0,6.0,2.0,1.5,0.0,0.0,0.0,20.0,4,3414,Sync,0.0,9afaad.fffe.86c168,128,255,254,65535,128,0,160,HOLDOVER,-1,False,True,False,False,0,healthy
488.05051513999996,mixed_pdv_loss_holdover,0.0,0.0,0.0,0.0,0.0,6.0,2.0,1.5,0.0,0.0,0.0,20.0,4,3415,Sync,0.0,9afaad.fffe.86c168,128,255,254,65535,128,0,160,HOLDOVER,-1,False,True,False,False,0,healthy
488.186194478,mixed_pdv_loss_holdover,0.0,0.0,0.0,0.0,0.0,6.0,2.0,1.5,0.0,0.0,0.0,20.0,4,3416,Sync,0.0,9afaad.fffe.86c168,128,255,254,65535,128,0,160,HOLDOVER,-1,False,True,False,False,0,healthy
488.298527637,mixed_pdv_loss_holdover,0.0,0.0,0.0,0.0,0.0,6.0,2.0,1.5,0.0,0.0,0.0,20.0,4,3417,Sync,0.0,9afaad.fffe.86c168,128,255,254,65535,128,0,160,HOLDOVER,-1,False,True,False,False,0,healthy
488.43176650099997,mixed_pdv_loss_holdover,0.0,0.0,0.0,0.0,0.0,6.0,2.0,1.5,0.0,0.0,0.0,20.0,4,3418,Sync,0.0,9afaad.fffe.86c168,128,255,254,65535,128,0,160,HOLDOVER,-1,False,True,False,False,0,healthy
488.544565729,mixed_pdv_loss_holdover,0.0,0.0,0.0,0.0,0.0,6.0,2.0,1.5,0.0,0.0,0.0,20.0,4,3419,Sync,0.0,9afaad.fffe.86c168,128,255,254,65535,128,0,160,HOLDOVER,-1,False,True,False,False,0,healthy
488.655384778,mixed_pdv_loss_holdover,0.0,0.0,0.0,0.0,0.0,6.0,2.0,1.5,0.0,0.0,0.0,20.0,4,3420,Sync,0.0,9afaad.fffe.86c168,128,255,254,65535,128,0,160,HOLDOVER,-1,False,True,False,False,0,healthy
488.783987757,mixed_pdv_loss_holdover,0.0,0.0,0.0,0.0,0.0,6.0,2.0,1.5,0.0,0.0,0.0,20.0,4,3421,Sync,0.0,9afaad.fffe.86c168,128,255,254,65535,128,0,160,HOLDOVER,-1,False,True,False,False,0,healthy
488.895680519,mixed_pdv_loss_holdover,0.0,0.0,0.0,0.0,0.0,6.0,2.0,1.5,0.0,0.0,0.0,20.0,4,3422,Sync,0.0,9afaad.fffe.86c168,128,255,254,65535,128,0,160,HOLDOVER,-1,False,True,False,False,0,healthy
489.00987985,mixed_pdv_loss_holdover,0.0,0.0,0.0,0.0,0.0,6.0,2.0,1.5,0.0,0.0,0.0,20.0,4,3423,Sync,0.0,9afaad.fffe.86c168,128,255,254,65535,128,0,160,HOLDOVER,-1,False,True,False,False,0,healthy
489.146995462,mixed_pdv_loss_holdover,0.0,0.0,0.0,0.0,0.0,6.0,2.0,1.5,0.0,0.0,0.0,20.0,4,3424,Sync,0.0,9afaad.fffe.86c168,128,255,254,65535,128,0,160,HOLDOVER,-1,False,True,False,False,0,healthy
489.260190593,mixed_pdv_loss_holdover,0.0,0.0,0.0,0.0,0.0,6.0,2.0,1.5,0.0,0.0,0.0,20.0,4,3425,Sync,0.0,9afaad.fffe.86c168,128,255,254,65535,128,0,160,HOLDOVER,-1,False,True,False,False,0,healthy
489.38564376799997,mixed_pdv_loss_holdover,0.0,0.0,0.0,0.0,0.0,6.0,2.0,1.5,0.0,0.0,0.0,20.0,4,3426,Sync,0.0,9afaad.fffe.86c168,128,255,254,65535,128,0,160,HOLDOVER,-1,False,True,False,False,0,healthy
489.49989906099995,mixed_pdv_loss_holdover,0.0,0.0,0.0,0.0,0.0,6.0,2.0,1.5,0.0,0.0,0.0,20.0,4,3427,Sync,0.0,9afaad.fffe.86c168,128,255,254,65535,128,0,160,HOLDOVER,-1,False,True,False,False,0,healthy
489.61849963199995,mixed_pdv_loss_holdover,0.0,0.0,0.0,0.0,0.0,6.0,2.0,1.5,0.0,0.0,0.0,20.0,4,3428,Sync,0.0,9afaad.fffe.86c168,128,255,254,65535,128,0,160,HOLDOVER,-1,False,True,False,False,0,healthy
489.73569915499996,mixed_pdv_loss_holdover,0.0,0.0,0.0,0.0,0.0,6.0,2.0,1.5,0.0,0.0,0.0,20.0,4,3429,Sync,0.0,9afaad.fffe.86c168,128,255,254,65535,128,0,160,HOLDOVER,-1,False,True,False,False,0,healthy
489.846392548,mixed_pdv_loss_holdover,0.0,0.0,0.0,0.0,0.0,6.0,2.0,1.5,0.0,0.0,0.0,20.0,4,3430,Sync,0.0,9afaad.fffe.86c168,128,255,254,65535,128,0,160,HOLDOVER,-1,False,True,False,False,0,healthy
489.963131966,mixed_pdv_loss_holdover,0.0,0.0,0.0,0.0,0.0,6.0,2.0,1.5,0.0,0.0,0.0,20.0,4,3431,Sync,0.0,9afaad.fffe.86c168,128,255,254,65535,128,0,160,HOLDOVER,-1,False,True,False,False,0,healthy
490.078227074,mixed_pdv_loss_holdover,0.0,0.0,0.0,0.0,0.0,6.0,2.0,1.5,0.0,0.0,0.0,20.0,4,3432,Sync,0.0,9afaad.fffe.86c168,128,255,254,65535,128,0,160,HOLDOVER,-1,False,True,False,False,0,healthy
490.21274833999996,mixed_pdv_loss_holdover,0.0,0.0,0.0,0.0,0.0,6.0,2.0,1.5,0.0,0.0,0.0,20.0,4,3433,Sync,0.0,9afaad.fffe.86c168,128,255,254,65535,128,0,160,HOLDOVER,-1,False,True,False,False,0,healthy
490.34855049199996,mixed_pdv_loss_holdover,0.0,0.0,0.0,0.0,0.0,6.0,2.0,1.5,0.0,0.0,0.0,20.0,4,3434,Sync,0.0,9afaad.fffe.86c168,128,255,254,65535,128,0,160,HOLDOVER,-1,False,True,False,False,0,healthy
490.463514832,mixed_pdv_loss_holdover,0.0,0.0,0.0,0.0,0.0,6.0,2.0,1.5,0.0,0.0,0.0,20.0,4,3435,Sync,0.0,9afaad.fffe.86c168,128,255,254,65535,128,0,160,HOLDOVER,-1,False,True,False,False,0,healthy
490.58315629199996,mixed_pdv_loss_holdover,0.0,0.0,0.0,0.0,0.0,6.0,2.0,1.5,0.0,0.0,0.0,20.0,4,3436,Sync,0.0,9afaad.fffe.86c168,128,255,254,65535,128,0,160,HOLDOVER,-1,False,True,False,False,0,healthy
490.70051189199995,mixed_pdv_loss_holdover,0.0,0.0,0.0,0.0,0.0,6.0,2.0,1.5,0.0,0.0,0.0,20.0,4,3437,Sync,0.0,9afaad.fffe.86c168,128,255,254,65535,128,0,160,HOLDOVER,-1,False,True,False,False,0,healthy
490.84360989199996,mixed_pdv_loss_holdover,0.0,0.0,0.0,0.0,0.0,6.0,2.0,1.5,0.0,0.0,0.0,20.0,4,3438,Sync,0.0,9afaad.fffe.86c168,128,255,254,65535,128,0,160,HOLDOVER,-1,False,True,False,False,0,healthy
490.978405292,mixed_pdv_loss_holdover,0.0,0.0,0.0,0.0,0.0,6.0,2.0,1.5,0.0,0.0,0.0,20.0,4,3439,Sync,0.0,9afaad.fffe.86c168,128,255,254,65535,128,0,160,HOLDOVER,-1,False,True,False,False,0,healthy
491.093883592,mixed_pdv_loss_holdover,0.0,0.0,0.0,0.0,0.0,6.0,2.0,1.5,0.0,0.0,0.0,20.0,4,3440,Sync,0.0,9afaad.fffe.86c168,128,255,254,65535,128,0,160,HOLDOVER,-1,False,True,False,False,0,healthy
491.237988192,mixed_pdv_loss_holdover,0.0,0.0,0.0,0.0,0.0,6.0,2.0,1.5,0.0,0.0,0.0,20.0,4,3441,Sync,0.0,9afaad.fffe.86c168,128,255,254,65535,128,0,160,HOLDOVER,-1,False,True,False,False,0,healthy
491.35773779199997,mixed_pdv_loss_holdover,0.0,0.0,0.0,0.0,0.0,6.0,2.0,1.5,0.0,0.0,0.0,20.0,4,3442,Sync,0.0,9afaad.fffe.86c168,128,255,254,65535,128,0,160,HOLDOVER,-1,False,True,False,False,0,healthy
491.470618892,mixed_pdv_loss_holdover,0.0,0.0,0.0,0.0,0.0,6.0,2.0,1.5,0.0,0.0,0.0,20.0,4,3443,Sync,0.0,9afaad.fffe.86c168,128,255,254,65535,128,0,160,HOLDOVER,-1,False,True,False,False,0,healthy
491.584187892,mixed_pdv_loss_holdover,0.0,0.0,0.0,0.0,0.0,6.0,2.0,1.5,0.0,0.0,0.0,20.0,4,3444,Sync,0.0,9afaad.fffe.86c168,128,255,254,65535,128,0,160,HOLDOVER,-1,False,True,False,False,0,healthy
491.700159392,mixed_pdv_loss_holdover,0.0,0.0,0.0,0.0,0.0,6.0,2.0,1.5,0.0,0.0,0.0,20.0,4,3445,Sync,0.0,9afaad.fffe.86c168,128,255,254,65535,128,0,160,HOLDOVER,-1,False,True,False,False,0,healthy
491.836239192,mixed_pdv_loss_holdover,0.0,0.0,0.0,0.0,0.0,6.0,2.0,1.5,0.0,0.0,0.0,20.0,4,3446,Sync,0.0,9afaad.fffe.86c168,128,255,254,65535,128,0,160,HOLDOVER,-1,False,True,False,False,0,healthy
491.96363569199997,mixed_pdv_loss_holdover,0.0,0.0,0.0,0.0,0.0,6.0,2.0,1.5,0.0,0.0,0.0,20.0,4,3447,Sync,0.0,9afaad.fffe.86c168,128,255,254,65535,128,0,160,HOLDOVER,-1,False,True,False,False,0,healthy
492.07992969199995,mixed_pdv_loss_holdover,0.0,0.0,0.0,0.0,0.0,6.0,2.0,1.5,0.0,0.0,0.0,20.0,4,3448,Announce,8.598895901767534,9afaad.fffe.86c168,128,255,254,65535,128,0,160,HOLDOVER,-1,False,True,False,False,0,healthy
492.212218492,mixed_pdv_loss_holdover,0.0,0.0,0.0,0.0,0.0,6.0,2.0,1.5,0.0,0.0,0.0,20.0,4,3449,Sync,15.118437842051664,9afaad.fffe.86c168,128,255,254,65535,128,0,160,HOLDOVER,-1,False,True,False,False,0,healthy
492.348555692,mixed_pdv_loss_holdover,0.0,0.0,0.0,0.0,0.0,6.0,2.0,1.5,0.0,0.0,0.0,20.0,4,3450,Sync,0.0,9afaad.fffe.86c168,128,255,254,65535,128,0,160,HOLDOVER,-1,False,True,False,False,0,healthy
492.4639954919999,mixed_pdv_loss_holdover,0.0,0.0,0.0,0.0,0.0,6.0,2.0,1.5,0.0,0.0,0.0,20.0,4,3451,Sync,0.0,9afaad.fffe.86c168,128,255,254,65535,128,0,160,HOLDOVER,-1,False,True,False,False,0,healthy
492.59550389199995,mixed_pdv_loss_holdover,0.0,0.0,0.0,0.0,0.0,6.0,2.0,1.5,0.0,0.0,0.0,20.0,4,3452,Sync,0.0,9afaad.fffe.86c168,128,255,254,65535,128,0,160,HOLDOVER,-1,False,True,False,False,0,healthy
492.70934389199994,mixed_pdv_loss_holdover,0.0,0.0,0.0,0.0,0.0,6.0,2.0,1.5,0.0,0.0,0.0,20.0,4,3453,Sync,0.0,9afaad.fffe.86c168,128,255,254,65535,128,0,160,HOLDOVER,-1,False,True,False,False,0,healthy
492.82800249199994,mixed_pdv_loss_holdover,0.0,0.0,0.0,0.0,0.0,6.0,2.0,1.5,0.0,0.0,0.0,20.0,4,3454,Sync,0.0,9afaad.fffe.86c168,128,255,254,65535,128,0,160,HOLDOVER,-1,False,True,False,False,0,healthy
492.96605379199997,mixed_pdv_loss_holdover,0.0,0.0,0.0,0.0,0.0,6.0,2.0,1.5,0.0,0.0,0.0,20.0,4,3455,Sync,0.0,9afaad.fffe.86c168,128,255,254,65535,128,0,160,HOLDOVER,-1,False,True,False,False,0,healthy
493.08132059199994,mixed_pdv_loss_holdover,0.0,0.0,0.0,0.0,0.0,6.0,2.0,1.5,0.0,0.0,0.0,20.0,4,3456,Sync,0.0,9afaad.fffe.86c168,128,255,254,65535,128,0,160,HOLDOVER,-1,False,True,False,False,0,healthy
493.199737792,mixed_pdv_loss_holdover,0.0,0.0,0.0,0.0,0.0,6.0,2.0,1.5,0.0,0.0,0.0,20.0,4,3457,Sync,0.0,9afaad.fffe.86c168,128,255,254,65535,128,0,160,HOLDOVER,-1,False,True,False,False,0,healthy
493.32087219199997,mixed_pdv_loss_holdover,0.0,0.0,0.0,0.0,0.0,6.0,2.0,1.5,0.0,0.0,0.0,20.0,4,3458,Sync,0.0,9afaad.fffe.86c168,128,255,254,65535,128,0,160,HOLDOVER,-1,False,True,False,False,0,healthy
493.43413349199994,mixed_pdv_loss_holdover,0.0,0.0,0.0,0.0,0.0,6.0,2.0,1.5,0.0,0.0,0.0,20.0,4,3459,Sync,0.0,9afaad.fffe.86c168,128,255,254,65535,128,0,160,HOLDOVER,-1,False,True,False,False,0,healthy
493.56896469199995,mixed_pdv_loss_holdover,0.0,0.0,0.0,0.0,0.0,6.0,2.0,1.5,0.0,0.0,0.0,20.0,4,3460,Sync,0.0,9afaad.fffe.86c168,128,255,254,65535,128,0,160,HOLDOVER,-1,False,True,False,False,0,healthy
493.68720869199996,mixed_pdv_loss_holdover,0.0,0.0,0.0,0.0,0.0,6.0,2.0,1.5,0.0,0.0,0.0,20.0,4,3461,Sync,0.0,9afaad.fffe.86c168,128,255,254,65535,128,0,160,HOLDOVER,-1,False,True,False,False,0,healthy
493.81781059199994,mixed_pdv_loss_holdover,0.0,0.0,0.0,0.0,0.0,6.0,2.0,1.5,0.0,0.0,0.0,20.0,4,3462,Sync,0.0,9afaad.fffe.86c168,128,255,254,65535,128,0,160,HOLDOVER,-1,False,True,False,False,0,healthy
493.931919186,mixed_pdv_loss_holdover,0.0,0.0,0.0,0.0,0.0,6.0,2.0,1.5,0.0,0.0,0.0,20.0,4,3463,Sync,0.0,9afaad.fffe.86c168,128,255,254,65535,128,0,160,HOLDOVER,-1,False,True,False,False,0,healthy
494.045310312,mixed_pdv_loss_holdover,0.0,0.0,0.0,0.0,0.0,6.0,2.0,1.5,0.0,0.0,0.0,20.0,4,3464,Sync,0.0,9afaad.fffe.86c168,128,255,254,65535,128,0,160,HOLDOVER,-1,False,True,False,False,0,healthy
494.177768144,mixed_pdv_loss_holdover,0.0,0.0,0.0,0.0,0.0,6.0,2.0,1.5,0.0,0.0,0.0,20.0,4,3465,Sync,0.0,9afaad.fffe.86c168,128,255,254,65535,128,0,160,HOLDOVER,-1,False,True,False,False,0,healthy
494.29035750099996,mixed_pdv_loss_holdover,0.0,0.0,0.0,0.0,0.0,6.0,2.0,1.5,0.0,0.0,0.0,20.0,4,3466,Sync,0.0,9afaad.fffe.86c168,128,255,254,65535,128,0,160,HOLDOVER,-1,False,True,False,False,0,healthy
494.41065589,mixed_pdv_loss_holdover,0.0,0.0,0.0,0.0,0.0,6.0,2.0,1.5,0.0,0.0,0.0,20.0,4,3467,Sync,0.0,9afaad.fffe.86c168,128,255,254,65535,128,0,160,HOLDOVER,-1,False,True,False,False,0,healthy
494.537672912,mixed_pdv_loss_holdover,0.0,0.0,0.0,0.0,0.0,6.0,2.0,1.5,0.0,0.0,0.0,20.0,4,3468,Sync,0.0,9afaad.fffe.86c168,128,255,254,65535,128,0,160,HOLDOVER,-1,False,True,False,False,0,healthy
494.64955637299994,mixed_pdv_loss_holdover,0.0,0.0,0.0,0.0,0.0,6.0,2.0,1.5,0.0,0.0,0.0,20.0,4,3469,Sync,0.0,9afaad.fffe.86c168,128,255,254,65535,128,0,160,HOLDOVER,-1,False,True,False,False,0,healthy
494.7659617599999,mixed_pdv_loss_holdover,0.0,0.0,0.0,0.0,0.0,6.0,2.0,1.5,0.0,0.0,0.0,20.0,4,3470,Sync,0.0,9afaad.fffe.86c168,128,255,254,65535,128,0,160,HOLDOVER,-1,False,True,False,False,0,healthy
494.877334383,mixed_pdv_loss_holdover,0.0,0.0,0.0,0.0,0.0,6.0,2.0,1.5,0.0,0.0,0.0,20.0,4,3471,Sync,0.0,9afaad.fffe.86c168,128,255,254,65535,128,0,160,HOLDOVER,-1,False,True,False,False,0,healthy
495.00793817699997,mixed_pdv_loss_holdover,0.0,0.0,0.0,0.0,0.0,6.0,2.0,1.5,0.0,0.0,0.0,20.0,4,3472,Sync,0.0,9afaad.fffe.86c168,128,255,254,65535,128,0,160,HOLDOVER,-1,False,True,False,False,0,healthy
495.12043000499995,mixed_pdv_loss_holdover,0.0,0.0,0.0,0.0,0.0,6.0,2.0,1.5,0.0,0.0,0.0,20.0,4,3473,Sync,0.0,9afaad.fffe.86c168,128,255,254,65535,128,0,160,HOLDOVER,-1,False,True,False,False,0,healthy
495.233342349,mixed_pdv_loss_holdover,0.0,0.0,0.0,0.0,0.0,6.0,2.0,1.5,0.0,0.0,0.0,20.0,4,3474,Sync,0.0,9afaad.fffe.86c168,128,255,254,65535,128,0,160,HOLDOVER,-1,False,True,False,False,0,healthy
495.368603209,mixed_pdv_loss_holdover,0.0,0.0,0.0,0.0,0.0,6.0,2.0,1.5,0.0,0.0,0.0,20.0,4,3475,Sync,0.0,9afaad.fffe.86c168,128,255,254,65535,128,0,160,HOLDOVER,-1,False,True,False,False,0,healthy
495.48143400299995,mixed_pdv_loss_holdover,0.0,0.0,0.0,0.0,0.0,6.0,2.0,1.5,0.0,0.0,0.0,20.0,4,3476,Sync,0.0,9afaad.fffe.86c168,128,255,254,65535,128,0,160,HOLDOVER,-1,False,True,False,False,0,healthy
495.612695172,mixed_pdv_loss_holdover,0.0,0.0,0.0,0.0,0.0,6.0,2.0,1.5,0.0,0.0,0.0,20.0,4,3477,Sync,0.0,9afaad.fffe.86c168,128,255,254,65535,128,0,160,HOLDOVER,-1,False,True,False,False,0,healthy
495.75230569799993,mixed_pdv_loss_holdover,0.0,0.0,0.0,0.0,0.0,6.0,2.0,1.5,0.0,0.0,0.0,20.0,4,3478,Sync,0.0,9afaad.fffe.86c168,128,255,254,65535,128,0,160,HOLDOVER,-1,False,True,False,False,0,healthy
495.86287625899996,mixed_pdv_loss_holdover,0.0,0.0,0.0,0.0,0.0,6.0,2.0,1.5,0.0,0.0,0.0,20.0,4,3479,Sync,0.0,9afaad.fffe.86c168,128,255,254,65535,128,0,160,HOLDOVER,-1,False,True,False,False,0,healthy
495.99049648399995,mixed_pdv_loss_holdover,0.0,0.0,0.0,0.0,0.0,6.0,2.0,1.5,0.0,0.0,0.0,20.0,4,3480,Sync,0.0,9afaad.fffe.86c168,128,255,254,65535,128,0,160,HOLDOVER,-1,False,True,False,False,0,healthy
496.10270536799993,mixed_pdv_loss_holdover,0.0,0.0,0.0,0.0,0.0,6.0,2.0,1.5,0.0,0.0,0.0,20.0,4,3481,Sync,0.0,9afaad.fffe.86c168,128,255,254,65535,128,0,160,HOLDOVER,-1,False,True,False,False,0,healthy
496.237508491,mixed_pdv_loss_holdover,0.0,0.0,0.0,0.0,0.0,6.0,2.0,1.5,0.0,0.0,0.0,20.0,4,3482,Sync,0.0,9afaad.fffe.86c168,128,255,254,65535,128,0,160,HOLDOVER,-1,False,True,False,False,0,healthy
496.35092417100003,mixed_pdv_loss_holdover,0.0,0.0,0.0,0.0,0.0,6.0,2.0,1.5,0.0,0.0,0.0,20.0,4,3483,Sync,0.0,9afaad.fffe.86c168,128,255,254,65535,128,0,160,HOLDOVER,-1,False,True,False,False,0,healthy
496.463323924,mixed_pdv_loss_holdover,0.0,0.0,0.0,0.0,0.0,6.0,2.0,1.5,0.0,0.0,0.0,20.0,4,3484,Sync,0.0,9afaad.fffe.86c168,128,255,254,65535,128,0,160,HOLDOVER,-1,False,True,False,False,0,healthy
496.576418467,mixed_pdv_loss_holdover,0.0,0.0,0.0,0.0,0.0,6.0,2.0,1.5,0.0,0.0,0.0,20.0,4,3485,Sync,0.0,9afaad.fffe.86c168,128,255,254,65535,128,0,160,HOLDOVER,-1,False,True,False,False,0,healthy
496.69084666199996,mixed_pdv_loss_holdover,0.0,0.0,0.0,0.0,0.0,6.0,2.0,1.5,0.0,0.0,0.0,20.0,4,3486,Sync,0.0,9afaad.fffe.86c168,128,255,254,65535,128,0,160,HOLDOVER,-1,False,True,False,False,0,healthy
496.812493026,mixed_pdv_loss_holdover,0.0,0.0,0.0,0.0,0.0,6.0,2.0,1.5,0.0,0.0,0.0,20.0,4,3487,Sync,0.0,9afaad.fffe.86c168,128,255,254,65535,128,0,160,HOLDOVER,-1,False,True,False,False,0,healthy
496.94248104799993,mixed_pdv_loss_holdover,0.0,0.0,0.0,0.0,0.0,6.0,2.0,1.5,0.0,0.0,0.0,20.0,4,3488,Sync,0.0,9afaad.fffe.86c168,128,255,254,65535,128,0,160,HOLDOVER,-1,False,True,False,False,0,healthy
497.05258432499994,mixed_pdv_loss_holdover,0.0,0.0,0.0,0.0,0.0,6.0,2.0,1.5,0.0,0.0,0.0,20.0,4,3489,Sync,0.0,9afaad.fffe.86c168,128,255,254,65535,128,0,160,HOLDOVER,-1,False,True,False,False,0,healthy
497.163066613,mixed_pdv_loss_holdover,0.0,0.0,0.0,0.0,0.0,6.0,2.0,1.5,0.0,0.0,0.0,20.0,4,3490,Sync,0.0,9afaad.fffe.86c168,128,255,254,65535,128,0,160,HOLDOVER,-1,False,True,False,False,0,healthy
497.2742108549999,mixed_pdv_loss_holdover,0.0,0.0,0.0,0.0,0.0,6.0,2.0,1.5,0.0,0.0,0.0,20.0,4,3491,Sync,0.0,9afaad.fffe.86c168,128,255,254,65535,128,0,160,HOLDOVER,-1,False,True,False,False,0,healthy
497.40424057900003,mixed_pdv_loss_holdover,0.0,0.0,0.0,0.0,0.0,6.0,2.0,1.5,0.0,0.0,0.0,20.0,4,3492,Sync,0.0,9afaad.fffe.86c168,128,255,254,65535,128,0,160,HOLDOVER,-1,False,True,False,False,0,healthy
497.5176516789999,mixed_pdv_loss_holdover,0.0,0.0,0.0,0.0,0.0,6.0,2.0,1.5,0.0,0.0,0.0,20.0,4,3493,Sync,0.0,9afaad.fffe.86c168,128,255,254,65535,128,0,160,HOLDOVER,-1,False,True,False,False,0,healthy
497.652393322,mixed_pdv_loss_holdover,0.0,0.0,0.0,0.0,0.0,6.0,2.0,1.5,0.0,0.0,0.0,20.0,4,3494,Sync,0.0,9afaad.fffe.86c168,128,255,254,65535,128,0,160,HOLDOVER,-1,False,True,False,False,0,healthy
497.782017435,mixed_pdv_loss_holdover,0.0,0.0,0.0,0.0,0.0,6.0,2.0,1.5,0.0,0.0,0.0,20.0,4,3495,Sync,0.0,9afaad.fffe.86c168,128,255,254,65535,128,0,160,HOLDOVER,-1,False,True,False,False,0,healthy
497.89515241299995,mixed_pdv_loss_holdover,0.0,0.0,0.0,0.0,0.0,6.0,2.0,1.5,0.0,0.0,0.0,20.0,4,3496,Sync,0.0,9afaad.fffe.86c168,128,255,254,65535,128,0,160,HOLDOVER,-1,False,True,False,False,0,healthy
498.03197306399994,mixed_pdv_loss_holdover,0.0,0.0,0.0,0.0,0.0,6.0,2.0,1.5,0.0,0.0,0.0,20.0,4,3497,Sync,0.0,9afaad.fffe.86c168,128,255,254,65535,128,0,160,HOLDOVER,-1,False,True,False,False,0,healthy
498.14308193899996,mixed_pdv_loss_holdover,0.0,0.0,0.0,0.0,0.0,6.0,2.0,1.5,0.0,0.0,0.0,20.0,4,3498,Sync,0.0,9afaad.fffe.86c168,128,255,254,65535,128,0,160,HOLDOVER,-1,False,True,False,False,0,healthy
498.254096401,mixed_pdv_loss_holdover,0.0,0.0,0.0,0.0,0.0,6.0,2.0,1.5,0.0,0.0,0.0,20.0,4,3499,Sync,0.0,9afaad.fffe.86c168,128,255,254,65535,128,0,160,HOLDOVER,-1,False,True,False,False,0,healthy
498.382852881,mixed_pdv_loss_holdover,0.0,0.0,0.0,0.0,0.0,6.0,2.0,1.5,0.0,0.0,0.0,20.0,4,3500,Sync,0.0,9afaad.fffe.86c168,128,255,254,65535,128,0,160,HOLDOVER,-1,False,True,False,False,0,healthy
498.494718706,mixed_pdv_loss_holdover,0.0,0.0,0.0,0.0,0.0,6.0,2.0,1.5,0.0,0.0,0.0,20.0,4,3501,Sync,0.0,9afaad.fffe.86c168,128,255,254,65535,128,0,160,HOLDOVER,-1,False,True,False,False,0,healthy
498.626844684,mixed_pdv_loss_holdover,0.0,0.0,0.0,0.0,0.0,6.0,2.0,1.5,0.0,0.0,0.0,20.0,4,3502,Sync,0.0,9afaad.fffe.86c168,128,255,254,65535,128,0,160,HOLDOVER,-1,False,True,False,False,0,healthy
498.74289658699996,mixed_pdv_loss_holdover,0.0,0.0,0.0,0.0,0.0,6.0,2.0,1.5,0.0,0.0,0.0,20.0,4,3503,Sync,0.0,9afaad.fffe.86c168,128,255,254,65535,128,0,160,HOLDOVER,-1,False,True,False,False,0,healthy
498.85519140599996,mixed_pdv_loss_holdover,0.0,0.0,0.0,0.0,0.0,6.0,2.0,1.5,0.0,0.0,0.0,20.0,4,3504,Sync,0.0,9afaad.fffe.86c168,128,255,254,65535,128,0,160,HOLDOVER,-1,False,True,False,False,0,healthy
498.97365651,mixed_pdv_loss_holdover,0.0,0.0,0.0,0.0,0.0,6.0,2.0,1.5,0.0,0.0,0.0,20.0,4,3505,Sync,0.0,9afaad.fffe.86c168,128,255,254,65535,128,0,160,HOLDOVER,-1,False,True,False,False,0,healthy
499.087741451,mixed_pdv_loss_holdover,0.0,0.0,0.0,0.0,0.0,6.0,2.0,1.5,0.0,0.0,0.0,20.0,4,3506,Sync,0.0,9afaad.fffe.86c168,128,255,254,65535,128,0,160,HOLDOVER,-1,False,True,False,False,0,healthy
499.20370098899997,mixed_pdv_loss_holdover,0.0,0.0,0.0,0.0,0.0,6.0,2.0,1.5,0.0,0.0,0.0,20.0,4,3507,Sync,0.0,9afaad.fffe.86c168,128,255,254,65535,128,0,160,HOLDOVER,-1,False,True,False,False,0,healthy
499.33945777799994,mixed_pdv_loss_holdover,0.0,0.0,0.0,0.0,0.0,6.0,2.0,1.5,0.0,0.0,0.0,20.0,4,3508,Sync,0.0,9afaad.fffe.86c168,128,255,254,65535,128,0,160,HOLDOVER,-1,False,True,False,False,0,healthy
499.449719397,mixed_pdv_loss_holdover,0.0,0.0,0.0,0.0,0.0,6.0,2.0,1.5,0.0,0.0,0.0,20.0,4,3509,Sync,0.0,9afaad.fffe.86c168,128,255,254,65535,128,0,160,HOLDOVER,-1,False,True,False,False,0,healthy
499.579999697,mixed_pdv_loss_holdover,0.0,0.0,0.0,0.0,0.0,6.0,2.0,1.5,0.0,0.0,0.0,20.0,4,3510,Sync,0.0,9afaad.fffe.86c168,128,255,254,65535,128,0,160,HOLDOVER,-1,False,True,False,False,0,healthy
499.69201139699993,mixed_pdv_loss_holdover,0.0,0.0,0.0,0.0,0.0,6.0,2.0,1.5,0.0,0.0,0.0,20.0,4,3511,Sync,0.0,9afaad.fffe.86c168,128,255,254,65535,128,0,160,HOLDOVER,-1,False,True,False,False,0,healthy
499.805533497,mixed_pdv_loss_holdover,0.0,0.0,0.0,0.0,0.0,6.0,2.0,1.5,0.0,0.0,0.0,20.0,4,3512,Sync,0.0,9afaad.fffe.86c168,128,255,254,65535,128,0,160,HOLDOVER,-1,False,True,False,False,0,healthy
499.92126949699997,mixed_pdv_loss_holdover,0.0,0.0,0.0,0.0,0.0,6.0,2.0,1.5,0.0,0.0,0.0,20.0,4,3513,Sync,0.0,9afaad.fffe.86c168,128,255,254,65535,128,0,160,HOLDOVER,-1,False,True,False,False,0,healthy
500.034677197,mixed_pdv_loss_holdover,0.0,0.0,0.0,0.0,0.0,6.0,2.0,1.5,0.0,0.0,0.0,20.0,4,3514,Sync,0.0,9afaad.fffe.86c168,128,255,254,65535,128,0,160,HOLDOVER,-1,False,True,False,False,0,healthy
500.16759439699996,mixed_pdv_loss_holdover,0.0,0.0,0.0,0.0,0.0,6.0,2.0,1.5,0.0,0.0,0.0,20.0,4,3515,Sync,0.0,9afaad.fffe.86c168,128,255,254,65535,128,0,160,HOLDOVER,-1,False,True,False,False,0,healthy
500.28068059699996,mixed_pdv_loss_holdover,0.0,0.0,0.0,0.0,0.0,6.0,2.0,1.5,0.0,0.0,0.0,20.0,4,3516,Sync,0.0,9afaad.fffe.86c168,128,255,254,65535,128,0,160,HOLDOVER,-1,False,True,False,False,0,healthy
500.412031097,mixed_pdv_loss_holdover,0.0,0.0,0.0,0.0,0.0,6.0,2.0,1.5,0.0,0.0,0.0,20.0,4,3517,Sync,0.0,9afaad.fffe.86c168,128,255,254,65535,128,0,160,HOLDOVER,-1,False,True,False,False,0,healthy
500.54244919699994,mixed_pdv_loss_holdover,0.0,0.0,0.0,0.0,0.0,6.0,2.0,1.5,0.0,0.0,0.0,20.0,4,3518,Sync,0.0,9afaad.fffe.86c168,128,255,254,65535,128,0,160,HOLDOVER,-1,False,True,False,False,0,healthy
500.65348789699993,mixed_pdv_loss_holdover,0.0,0.0,0.0,0.0,0.0,6.0,2.0,1.5,0.0,0.0,0.0,20.0,4,3519,Sync,0.0,9afaad.fffe.86c168,128,255,254,65535,128,0,160,HOLDOVER,-1,False,True,False,False,0,healthy
500.78225799699993,mixed_pdv_loss_holdover,0.0,0.0,0.0,0.0,0.0,6.0,2.0,1.5,0.0,0.0,0.0,20.0,4,3520,Sync,0.0,9afaad.fffe.86c168,128,255,254,65535,128,0,160,HOLDOVER,-1,False,True,False,False,0,healthy
500.89362149699997,mixed_pdv_loss_holdover,0.0,0.0,0.0,0.0,0.0,6.0,2.0,1.5,0.0,0.0,0.0,20.0,4,3521,Sync,0.0,9afaad.fffe.86c168,128,255,254,65535,128,0,160,HOLDOVER,-1,False,True,False,False,0,healthy
501.00973369699994,mixed_pdv_loss_holdover,0.0,0.0,0.0,0.0,0.0,6.0,2.0,1.5,0.0,0.0,0.0,20.0,4,3522,Sync,0.0,9afaad.fffe.86c168,128,255,254,65535,128,0,160,HOLDOVER,-1,False,True,False,False,0,healthy
501.138975497,mixed_pdv_loss_holdover,0.0,0.0,0.0,0.0,0.0,6.0,2.0,1.5,0.0,0.0,0.0,20.0,4,3523,Sync,0.0,9afaad.fffe.86c168,128,255,254,65535,128,0,160,HOLDOVER,-1,False,True,False,False,0,healthy
501.250509497,mixed_pdv_loss_holdover,0.0,0.0,0.0,0.0,0.0,6.0,2.0,1.5,0.0,0.0,0.0,20.0,4,3524,Sync,0.0,9afaad.fffe.86c168,128,255,254,65535,128,0,160,HOLDOVER,-1,False,True,False,False,0,healthy
501.379043697,mixed_pdv_loss_holdover,0.0,0.0,0.0,0.0,0.0,6.0,2.0,1.5,0.0,0.0,0.0,20.0,4,3525,Sync,0.0,9afaad.fffe.86c168,128,255,254,65535,128,0,160,HOLDOVER,-1,False,True,False,False,0,healthy
501.493097297,mixed_pdv_loss_holdover,0.0,0.0,0.0,0.0,0.0,6.0,2.0,1.5,0.0,0.0,0.0,20.0,4,3526,Sync,0.0,9afaad.fffe.86c168,128,255,254,65535,128,0,160,HOLDOVER,-1,False,True,False,False,0,healthy
501.627954397,mixed_pdv_loss_holdover,0.0,0.0,0.0,0.0,0.0,6.0,2.0,1.5,0.0,0.0,0.0,20.0,4,3527,Sync,0.0,9afaad.fffe.86c168,128,255,254,65535,128,0,160,HOLDOVER,-1,False,True,False,False,0,healthy
501.743097997,mixed_pdv_loss_holdover,0.0,0.0,0.0,0.0,0.0,6.0,2.0,1.5,0.0,0.0,0.0,20.0,4,3528,Sync,0.0,9afaad.fffe.86c168,128,255,254,65535,128,0,160,HOLDOVER,-1,False,True,False,False,0,healthy
501.8535613469999,mixed_pdv_loss_holdover,0.0,0.0,0.0,0.0,0.0,6.0,2.0,1.5,0.0,0.0,0.0,20.0,4,3529,Sync,0.0,9afaad.fffe.86c168,128,255,254,65535,128,0,160,HOLDOVER,-1,False,True,False,False,0,healthy
501.967688547,mixed_pdv_loss_holdover,0.0,0.0,0.0,0.0,0.0,6.0,2.0,1.5,0.0,0.0,0.0,20.0,4,3530,Sync,0.0,9afaad.fffe.86c168,128,255,254,65535,128,0,160,HOLDOVER,-1,False,True,False,False,0,healthy
502.07771687199994,mixed_pdv_loss_holdover,0.0,0.0,0.0,0.0,0.0,6.0,2.0,1.5,0.0,0.0,0.0,20.0,4,3531,Sync,0.0,9afaad.fffe.86c168,128,255,254,65535,128,0,160,HOLDOVER,-1,False,True,False,False,0,healthy
502.20369152999996,mixed_pdv_loss_holdover,0.0,0.0,0.0,0.0,0.0,6.0,2.0,1.5,0.0,0.0,0.0,20.0,4,3532,Sync,0.0,9afaad.fffe.86c168,128,255,254,65535,128,0,160,HOLDOVER,-1,False,True,False,False,0,healthy
502.34049522999993,mixed_pdv_loss_holdover,0.0,0.0,0.0,0.0,0.0,6.0,2.0,1.5,0.0,0.0,0.0,20.0,4,3533,Sync,0.0,9afaad.fffe.86c168,128,255,254,65535,128,0,160,HOLDOVER,-1,False,True,False,False,0,healthy
502.453835747,mixed_pdv_loss_holdover,0.0,0.0,0.0,0.0,0.0,6.0,2.0,1.5,0.0,0.0,0.0,20.0,4,3534,Sync,0.0,9afaad.fffe.86c168,128,255,254,65535,128,0,160,HOLDOVER,-1,False,True,False,False,0,healthy
502.585077205,mixed_pdv_loss_holdover,0.0,0.0,0.0,0.0,0.0,6.0,2.0,1.5,0.0,0.0,0.0,20.0,4,3535,Sync,0.0,9afaad.fffe.86c168,128,255,254,65535,128,0,160,HOLDOVER,-1,False,True,False,False,0,healthy
502.69770703,mixed_pdv_loss_holdover,0.0,0.0,0.0,0.0,0.0,6.0,2.0,1.5,0.0,0.0,0.0,20.0,4,3536,Sync,0.0,9afaad.fffe.86c168,128,255,254,65535,128,0,160,HOLDOVER,-1,False,True,False,False,0,healthy
502.81289939699997,mixed_pdv_loss_holdover,0.0,0.0,0.0,0.0,0.0,6.0,2.0,1.5,0.0,0.0,0.0,20.0,4,3537,Sync,0.0,9afaad.fffe.86c168,128,255,254,65535,128,0,160,HOLDOVER,-1,False,True,False,False,0,healthy
502.92769576300003,mixed_pdv_loss_holdover,0.0,0.0,0.0,0.0,0.0,6.0,2.0,1.5,0.0,0.0,0.0,20.0,4,3538,Sync,0.0,9afaad.fffe.86c168,128,255,254,65535,128,0,160,HOLDOVER,-1,False,True,False,False,0,healthy
503.039421755,mixed_pdv_loss_holdover,0.0,0.0,0.0,0.0,0.0,6.0,2.0,1.5,0.0,0.0,0.0,20.0,4,3539,Sync,0.0,9afaad.fffe.86c168,128,255,254,65535,128,0,160,HOLDOVER,-1,False,True,False,False,0,healthy
503.15421748,mixed_pdv_loss_holdover,0.0,0.0,0.0,0.0,0.0,6.0,2.0,1.5,0.0,0.0,0.0,20.0,4,3540,Sync,0.0,9afaad.fffe.86c168,128,255,254,65535,128,0,160,HOLDOVER,-1,False,True,False,False,0,healthy
503.266203255,mixed_pdv_loss_holdover,0.0,0.0,0.0,0.0,0.0,6.0,2.0,1.5,0.0,0.0,0.0,20.0,4,3541,Sync,0.0,9afaad.fffe.86c168,128,255,254,65535,128,0,160,HOLDOVER,-1,False,True,False,False,0,healthy
503.39527202999994,mixed_pdv_loss_holdover,0.0,0.0,0.0,0.0,0.0,6.0,2.0,1.5,0.0,0.0,0.0,20.0,4,3542,Sync,0.0,9afaad.fffe.86c168,128,255,254,65535,128,0,160,HOLDOVER,-1,False,True,False,False,0,healthy
503.50851913799994,mixed_pdv_loss_holdover,0.0,0.0,0.0,0.0,0.0,6.0,2.0,1.5,0.0,0.0,0.0,20.0,4,3543,Sync,0.0,9afaad.fffe.86c168,128,255,254,65535,128,0,160,HOLDOVER,-1,False,True,False,False,0,healthy
503.62255897999995,mixed_pdv_loss_holdover,0.0,0.0,0.0,0.0,0.0,6.0,2.0,1.5,0.0,0.0,0.0,20.0,4,3544,Sync,0.0,9afaad.fffe.86c168,128,255,254,65535,128,0,160,HOLDOVER,-1,False,True,False,False,0,healthy
503.73509668,mixed_pdv_loss_holdover,0.0,0.0,0.0,0.0,0.0,6.0,2.0,1.5,0.0,0.0,0.0,20.0,4,3545,Sync,0.0,9afaad.fffe.86c168,128,255,254,65535,128,0,160,HOLDOVER,-1,False,True,False,False,0,healthy
503.847062838,mixed_pdv_loss_holdover,0.0,0.0,0.0,0.0,0.0,6.0,2.0,1.5,0.0,0.0,0.0,20.0,4,3546,Sync,0.0,9afaad.fffe.86c168,128,255,254,65535,128,0,160,HOLDOVER,-1,False,True,False,False,0,healthy
503.97915368,mixed_pdv_loss_holdover,0.0,0.0,0.0,0.0,0.0,6.0,2.0,1.5,0.0,0.0,0.0,20.0,4,3547,Sync,0.0,9afaad.fffe.86c168,128,255,254,65535,128,0,160,HOLDOVER,-1,False,True,False,False,0,healthy
504.09015706299994,mixed_pdv_loss_holdover,0.0,0.0,0.0,0.0,0.0,6.0,2.0,1.5,0.0,0.0,0.0,20.0,4,3548,Sync,0.0,9afaad.fffe.86c168,128,255,254,65535,128,0,160,HOLDOVER,-1,False,True,False,False,0,healthy
504.206599488,mixed_pdv_loss_holdover,0.0,0.0,0.0,0.0,0.0,6.0,2.0,1.5,0.0,0.0,0.0,20.0,4,3549,Sync,0.0,9afaad.fffe.86c168,128,255,254,65535,128,0,160,HOLDOVER,-1,False,True,False,False,0,healthy
504.34054767999993,mixed_pdv_loss_holdover,0.0,0.0,0.0,0.0,0.0,6.0,2.0,1.5,0.0,0.0,0.0,20.0,4,3550,Sync,0.0,9afaad.fffe.86c168,128,255,254,65535,128,0,160,HOLDOVER,-1,False,True,False,False,0,healthy
504.452457188,mixed_pdv_loss_holdover,0.0,0.0,0.0,0.0,0.0,6.0,2.0,1.5,0.0,0.0,0.0,20.0,4,3551,Sync,0.0,9afaad.fffe.86c168,128,255,254,65535,128,0,160,HOLDOVER,-1,False,True,False,False,0,healthy
504.56480422199996,mixed_pdv_loss_holdover,0.0,0.0,0.0,0.0,0.0,6.0,2.0,1.5,0.0,0.0,0.0,20.0,4,3552,Sync,0.0,9afaad.fffe.86c168,128,255,254,65535,128,0,160,HOLDOVER,-1,False,True,False,False,0,healthy
504.67731982999993,mixed_pdv_loss_holdover,0.0,0.0,0.0,0.0,0.0,6.0,2.0,1.5,0.0,0.0,0.0,20.0,4,3553,Sync,0.0,9afaad.fffe.86c168,128,255,254,65535,128,0,160,HOLDOVER,-1,False,True,False,False,0,healthy
504.820277663,mixed_pdv_loss_holdover,0.0,0.0,0.0,0.0,0.0,6.0,2.0,1.5,0.0,0.0,0.0,20.0,4,3554,Sync,0.0,9afaad.fffe.86c168,128,255,254,65535,128,0,160,HOLDOVER,-1,False,True,False,False,0,healthy
504.952138605,mixed_pdv_loss_holdover,0.0,0.0,0.0,0.0,0.0,6.0,2.0,1.5,0.0,0.0,0.0,20.0,4,3555,Sync,0.0,9afaad.fffe.86c168,128,255,254,65535,128,0,160,HOLDOVER,-1,False,True,False,False,0,healthy
505.06398495499997,mixed_pdv_loss_holdover,0.0,0.0,0.0,0.0,0.0,6.0,2.0,1.5,0.0,0.0,0.0,20.0,4,3556,Sync,0.0,9afaad.fffe.86c168,128,255,254,65535,128,0,160,HOLDOVER,-1,False,True,False,False,0,healthy
505.192744722,mixed_pdv_loss_holdover,0.0,0.0,0.0,0.0,0.0,6.0,2.0,1.5,0.0,0.0,0.0,20.0,4,3557,Sync,0.0,9afaad.fffe.86c168,128,255,254,65535,128,0,160,HOLDOVER,-1,False,True,False,False,0,healthy
505.304609405,mixed_pdv_loss_holdover,0.0,0.0,0.0,0.0,0.0,6.0,2.0,1.5,0.0,0.0,0.0,20.0,4,3558,Sync,0.0,9afaad.fffe.86c168,128,255,254,65535,128,0,160,HOLDOVER,-1,False,True,False,False,0,healthy
505.43609533800003,mixed_pdv_loss_holdover,0.0,0.0,0.0,0.0,0.0,6.0,2.0,1.5,0.0,0.0,0.0,20.0,4,3559,Sync,0.0,9afaad.fffe.86c168,128,255,254,65535,128,0,160,HOLDOVER,-1,False,True,False,False,0,healthy
505.558083597,mixed_pdv_loss_holdover,0.0,0.0,0.0,0.0,0.0,6.0,2.0,1.5,0.0,0.0,0.0,20.0,4,3560,Sync,0.0,9afaad.fffe.86c168,128,255,254,65535,128,0,160,HOLDOVER,-1,False,True,False,False,0,healthy
505.672361588,mixed_pdv_loss_holdover,0.0,0.0,0.0,0.0,0.0,6.0,2.0,1.5,0.0,0.0,0.0,20.0,4,3561,Sync,0.0,9afaad.fffe.86c168,128,255,254,65535,128,0,160,HOLDOVER,-1,False,True,False,False,0,healthy
505.813657322,mixed_pdv_loss_holdover,0.0,0.0,0.0,0.0,0.0,6.0,2.0,1.5,0.0,0.0,0.0,20.0,4,3562,Sync,0.0,9afaad.fffe.86c168,128,255,254,65535,128,0,160,HOLDOVER,-1,False,True,False,False,0,healthy
505.928972613,mixed_pdv_loss_holdover,0.0,0.0,0.0,0.0,0.0,6.0,2.0,1.5,0.0,0.0,0.0,20.0,4,3563,Sync,0.0,9afaad.fffe.86c168,128,255,254,65535,128,0,160,HOLDOVER,-1,False,True,False,False,0,healthy
506.063723347,mixed_pdv_loss_holdover,0.0,0.0,0.0,0.0,0.0,6.0,2.0,1.5,0.0,0.0,0.0,20.0,4,3564,Sync,0.0,9afaad.fffe.86c168,128,255,254,65535,128,0,160,HOLDOVER,-1,False,True,False,False,0,healthy
506.19799328799996,mixed_pdv_loss_holdover,0.0,0.0,0.0,0.0,0.0,6.0,2.0,1.5,0.0,0.0,0.0,20.0,4,3565,Sync,0.0,9afaad.fffe.86c168,128,255,254,65535,128,0,160,HOLDOVER,-1,False,True,False,False,0,healthy
506.3107918719999,mixed_pdv_loss_holdover,0.0,0.0,0.0,0.0,0.0,6.0,2.0,1.5,0.0,0.0,0.0,20.0,4,3566,Sync,0.0,9afaad.fffe.86c168,128,255,254,65535,128,0,160,HOLDOVER,-1,False,True,False,False,0,healthy
506.426531122,mixed_pdv_loss_holdover,0.0,0.0,0.0,0.0,0.0,6.0,2.0,1.5,0.0,0.0,0.0,20.0,4,3567,Sync,0.0,9afaad.fffe.86c168,128,255,254,65535,128,0,160,HOLDOVER,-1,False,True,False,False,0,healthy
506.53740085499993,mixed_pdv_loss_holdover,0.0,0.0,0.0,0.0,0.0,6.0,2.0,1.5,0.0,0.0,0.0,20.0,4,3568,Sync,0.0,9afaad.fffe.86c168,128,255,254,65535,128,0,160,HOLDOVER,-1,False,True,False,False,0,healthy
506.65188683799994,mixed_pdv_loss_holdover,0.0,0.0,0.0,0.0,0.0,6.0,2.0,1.5,0.0,0.0,0.0,20.0,4,3569,Sync,0.0,9afaad.fffe.86c168,128,255,254,65535,128,0,160,HOLDOVER,-1,False,True,False,False,0,healthy
506.770887772,mixed_pdv_loss_holdover,0.0,0.0,0.0,0.0,0.0,6.0,2.0,1.5,0.0,0.0,0.0,20.0,4,3570,Sync,0.0,9afaad.fffe.86c168,128,255,254,65535,128,0,160,HOLDOVER,-1,False,True,False,False,0,healthy
506.88426917199996,mixed_pdv_loss_holdover,0.0,0.0,0.0,0.0,0.0,6.0,2.0,1.5,0.0,0.0,0.0,20.0,4,3571,Sync,0.0,9afaad.fffe.86c168,128,255,254,65535,128,0,160,HOLDOVER,-1,False,True,False,False,0,healthy
507.018684588,mixed_pdv_loss_holdover,0.0,0.0,0.0,0.0,0.0,6.0,2.0,1.5,0.0,0.0,0.0,20.0,4,3572,Sync,0.0,9afaad.fffe.86c168,128,255,254,65535,128,0,160,HOLDOVER,-1,False,True,False,False,0,healthy
507.137788588,mixed_pdv_loss_holdover,0.0,0.0,0.0,0.0,0.0,6.0,2.0,1.5,0.0,0.0,0.0,20.0,4,3573,Sync,0.0,9afaad.fffe.86c168,128,255,254,65535,128,0,160,HOLDOVER,-1,False,True,False,False,0,healthy
507.25424698800003,mixed_pdv_loss_holdover,0.0,0.0,0.0,0.0,0.0,6.0,2.0,1.5,0.0,0.0,0.0,20.0,4,3574,Sync,0.0,9afaad.fffe.86c168,128,255,254,65535,128,0,160,HOLDOVER,-1,False,True,False,False,0,healthy
507.389346388,mixed_pdv_loss_holdover,0.0,0.0,0.0,0.0,0.0,6.0,2.0,1.5,0.0,0.0,0.0,20.0,4,3575,Sync,0.0,9afaad.fffe.86c168,128,255,254,65535,128,0,160,HOLDOVER,-1,False,True,False,False,0,healthy
507.501766088,mixed_pdv_loss_holdover,0.0,0.0,0.0,0.0,0.0,6.0,2.0,1.5,0.0,0.0,0.0,20.0,4,3576,Sync,0.0,9afaad.fffe.86c168,128,255,254,65535,128,0,160,HOLDOVER,-1,False,True,False,False,0,healthy
507.63425248799996,mixed_pdv_loss_holdover,0.0,0.0,0.0,0.0,0.0,6.0,2.0,1.5,0.0,0.0,0.0,20.0,4,3577,Sync,0.0,9afaad.fffe.86c168,128,255,254,65535,128,0,160,HOLDOVER,-1,False,True,False,False,0,healthy
507.7679971879999,mixed_pdv_loss_holdover,0.0,0.0,0.0,0.0,0.0,6.0,2.0,1.5,0.0,0.0,0.0,20.0,4,3578,Sync,0.0,9afaad.fffe.86c168,128,255,254,65535,128,0,160,HOLDOVER,-1,False,True,False,False,0,healthy
507.88175028899997,mixed_pdv_loss_holdover,0.0,0.0,0.0,0.0,0.0,6.0,2.0,1.5,0.0,0.0,0.0,20.0,4,3579,Sync,0.0,9afaad.fffe.86c168,128,255,254,65535,128,0,160,HOLDOVER,-1,False,True,False,False,0,healthy
507.99916048899996,mixed_pdv_loss_holdover,0.0,0.0,0.0,0.0,0.0,6.0,2.0,1.5,0.0,0.0,0.0,20.0,4,3580,Sync,0.0,9afaad.fffe.86c168,128,255,254,65535,128,0,160,HOLDOVER,-1,False,True,False,False,0,healthy
508.13526558899997,mixed_pdv_loss_holdover,0.0,0.0,0.0,0.0,0.0,6.0,2.0,1.5,0.0,0.0,0.0,20.0,4,3581,Sync,0.0,9afaad.fffe.86c168,128,255,254,65535,128,0,160,HOLDOVER,-1,False,True,False,False,0,healthy
508.25273538899995,mixed_pdv_loss_holdover,0.0,0.0,0.0,0.0,0.0,6.0,2.0,1.5,0.0,0.0,0.0,20.0,4,3582,Sync,0.0,9afaad.fffe.86c168,128,255,254,65535,128,0,160,HOLDOVER,-1,False,True,False,False,0,healthy
508.39453868899994,mixed_pdv_loss_holdover,0.0,0.0,0.0,0.0,0.0,6.0,2.0,1.5,0.0,0.0,0.0,20.0,4,3583,Sync,0.0,9afaad.fffe.86c168,128,255,254,65535,128,0,160,HOLDOVER,-1,False,True,False,False,0,healthy
508.508489589,mixed_pdv_loss_holdover,0.0,0.0,0.0,0.0,0.0,6.0,2.0,1.5,0.0,0.0,0.0,20.0,4,3584,Sync,0.0,9afaad.fffe.86c168,128,255,254,65535,128,0,160,HOLDOVER,-1,False,True,False,False,0,healthy
508.64314328899997,mixed_pdv_loss_holdover,0.0,0.0,0.0,0.0,0.0,6.0,2.0,1.5,0.0,0.0,0.0,20.0,4,3585,Sync,0.0,9afaad.fffe.86c168,128,255,254,65535,128,0,160,HOLDOVER,-1,False,True,False,False,0,healthy
508.776135689,mixed_pdv_loss_holdover,0.0,0.0,0.0,0.0,0.0,6.0,2.0,1.5,0.0,0.0,0.0,20.0,4,3586,Sync,0.0,9afaad.fffe.86c168,128,255,254,65535,128,0,160,HOLDOVER,-1,False,True,False,False,0,healthy
508.88802288899996,mixed_pdv_loss_holdover,0.0,0.0,0.0,0.0,0.0,6.0,2.0,1.5,0.0,0.0,0.0,20.0,4,3587,Sync,0.0,9afaad.fffe.86c168,128,255,254,65535,128,0,160,HOLDOVER,-1,False,True,False,False,0,healthy
509.024199389,mixed_pdv_loss_holdover,0.0,0.0,0.0,0.0,0.0,6.0,2.0,1.5,0.0,0.0,0.0,20.0,4,3588,Sync,0.0,9afaad.fffe.86c168,128,255,254,65535,128,0,160,HOLDOVER,-1,False,True,False,False,0,healthy
509.1570957889999,mixed_pdv_loss_holdover,0.0,0.0,0.0,0.0,0.0,6.0,2.0,1.5,0.0,0.0,0.0,20.0,4,3589,Sync,0.0,9afaad.fffe.86c168,128,255,254,65535,128,0,160,HOLDOVER,-1,False,True,False,False,0,healthy
509.271586289,mixed_pdv_loss_holdover,0.0,0.0,0.0,0.0,0.0,6.0,2.0,1.5,0.0,0.0,0.0,20.0,4,3590,Sync,0.0,9afaad.fffe.86c168,128,255,254,65535,128,0,160,HOLDOVER,-1,False,True,False,False,0,healthy
509.4054876889999,mixed_pdv_loss_holdover,0.0,0.0,0.0,0.0,0.0,6.0,2.0,1.5,0.0,0.0,0.0,20.0,4,3591,Sync,0.0,9afaad.fffe.86c168,128,255,254,65535,128,0,160,HOLDOVER,-1,False,True,False,False,0,healthy
509.51816128900003,mixed_pdv_loss_holdover,0.0,0.0,0.0,0.0,0.0,6.0,2.0,1.5,0.0,0.0,0.0,20.0,4,3592,Sync,0.0,9afaad.fffe.86c168,128,255,254,65535,128,0,160,HOLDOVER,-1,False,True,False,False,0,healthy
509.650031889,mixed_pdv_loss_holdover,0.0,0.0,0.0,0.0,0.0,6.0,2.0,1.5,0.0,0.0,0.0,20.0,4,3593,Sync,0.0,9afaad.fffe.86c168,128,255,254,65535,128,0,160,HOLDOVER,-1,False,True,False,False,0,healthy
509.781964589,mixed_pdv_loss_holdover,0.0,0.0,0.0,0.0,0.0,6.0,2.0,1.5,0.0,0.0,0.0,20.0,4,3594,Sync,0.0,9afaad.fffe.86c168,128,255,254,65535,128,0,160,HOLDOVER,-1,False,True,False,False,0,healthy
509.892272472,mixed_pdv_loss_holdover,0.0,0.0,0.0,0.0,0.0,6.0,2.0,1.5,0.0,0.0,0.0,20.0,4,3595,Sync,0.0,9afaad.fffe.86c168,128,255,254,65535,128,0,160,HOLDOVER,-1,False,True,False,False,0,healthy
510.020215672,mixed_pdv_loss_holdover,0.0,0.0,0.0,0.0,0.0,6.0,2.0,1.5,0.0,0.0,0.0,20.0,4,3596,Sync,0.0,9afaad.fffe.86c168,128,255,254,65535,128,0,160,HOLDOVER,-1,False,True,False,False,0,healthy
510.13335828,mixed_pdv_loss_holdover,0.0,0.0,0.0,0.0,0.0,6.0,2.0,1.5,0.0,0.0,0.0,20.0,4,3597,Sync,0.0,9afaad.fffe.86c168,128,255,254,65535,128,0,160,HOLDOVER,-1,False,True,False,False,0,healthy
510.244546555,mixed_pdv_loss_holdover,0.0,0.0,0.0,0.0,0.0,6.0,2.0,1.5,0.0,0.0,0.0,20.0,4,3598,Sync,0.0,9afaad.fffe.86c168,128,255,254,65535,128,0,160,HOLDOVER,-1,False,True,False,False,0,healthy
510.358111105,mixed_pdv_loss_holdover,0.0,0.0,0.0,0.0,0.0,6.0,2.0,1.5,0.0,0.0,0.0,20.0,4,3599,Sync,0.0,9afaad.fffe.86c168,128,255,254,65535,128,0,160,HOLDOVER,-1,False,True,False,False,0,healthy
510.472043789,mixed_pdv_loss_holdover,0.0,0.0,0.0,0.0,0.0,6.0,2.0,1.5,0.0,0.0,0.0,20.0,4,3600,Sync,0.0,9afaad.fffe.86c168,128,255,254,65535,128,0,160,HOLDOVER,-1,False,True,False,False,0,healthy
510.60686977999995,mixed_pdv_loss_holdover,0.0,0.0,0.0,0.0,0.0,6.0,2.0,1.5,0.0,0.0,0.0,20.0,4,3601,Sync,0.0,9afaad.fffe.86c168,128,255,254,65535,128,0,160,HOLDOVER,-1,False,True,False,False,0,healthy
510.7242760799999,mixed_pdv_loss_holdover,0.0,0.0,0.0,0.0,0.0,6.0,2.0,1.5,0.0,0.0,0.0,20.0,4,3602,Sync,0.0,9afaad.fffe.86c168,128,255,254,65535,128,0,160,HOLDOVER,-1,False,True,False,False,0,healthy
510.838897089,mixed_pdv_loss_holdover,0.0,0.0,0.0,0.0,0.0,6.0,2.0,1.5,0.0,0.0,0.0,20.0,4,3603,Sync,0.0,9afaad.fffe.86c168,128,255,254,65535,128,0,160,HOLDOVER,-1,False,True,False,False,0,healthy
510.970272655,mixed_pdv_loss_holdover,0.0,0.0,0.0,0.0,0.0,6.0,2.0,1.5,0.0,0.0,0.0,20.0,4,3604,Sync,0.0,9afaad.fffe.86c168,128,255,254,65535,128,0,160,HOLDOVER,-1,False,True,False,False,0,healthy
511.082624822,mixed_pdv_loss_holdover,0.0,0.0,0.0,0.0,0.0,6.0,2.0,1.5,0.0,0.0,0.0,20.0,4,3605,Sync,0.0,9afaad.fffe.86c168,128,255,254,65535,128,0,160,HOLDOVER,-1,False,True,False,False,0,healthy
511.212049264,mixed_pdv_loss_holdover,0.0,0.0,0.0,0.0,0.0,6.0,2.0,1.5,0.0,0.0,0.0,20.0,4,3606,Sync,0.0,9afaad.fffe.86c168,128,255,254,65535,128,0,160,HOLDOVER,-1,False,True,False,False,0,healthy
511.339184514,mixed_pdv_loss_holdover,0.0,0.0,0.0,0.0,0.0,6.0,2.0,1.5,0.0,0.0,0.0,20.0,4,3607,Sync,0.0,9afaad.fffe.86c168,128,255,254,65535,128,0,160,HOLDOVER,-1,False,True,False,False,0,healthy
511.452632372,mixed_pdv_loss_holdover,0.0,0.0,0.0,0.0,0.0,6.0,2.0,1.5,0.0,0.0,0.0,20.0,4,3608,Sync,0.0,9afaad.fffe.86c168,128,255,254,65535,128,0,160,HOLDOVER,-1,False,True,False,False,0,healthy
511.56701211399997,mixed_pdv_loss_holdover,0.0,0.0,0.0,0.0,0.0,6.0,2.0,1.5,0.0,0.0,0.0,20.0,4,3609,Sync,0.0,9afaad.fffe.86c168,128,255,254,65535,128,0,160,HOLDOVER,-1,False,True,False,False,0,healthy
511.679038405,mixed_pdv_loss_holdover,0.0,0.0,0.0,0.0,0.0,6.0,2.0,1.5,0.0,0.0,0.0,20.0,4,3610,Sync,0.0,9afaad.fffe.86c168,128,255,254,65535,128,0,160,HOLDOVER,-1,False,True,False,False,0,healthy
511.795378805,mixed_pdv_loss_holdover,0.0,0.0,0.0,0.0,0.0,6.0,2.0,1.5,0.0,0.0,0.0,20.0,4,3611,Sync,0.0,9afaad.fffe.86c168,128,255,254,65535,128,0,160,HOLDOVER,-1,False,True,False,False,0,healthy
511.92714679700003,mixed_pdv_loss_holdover,0.0,0.0,0.0,0.0,0.0,6.0,2.0,1.5,0.0,0.0,0.0,20.0,4,3612,Sync,0.0,9afaad.fffe.86c168,128,255,254,65535,128,0,160,HOLDOVER,-1,False,True,False,False,0,healthy
512.037016264,mixed_pdv_loss_holdover,0.0,0.0,0.0,0.0,0.0,6.0,2.0,1.5,0.0,0.0,0.0,20.0,4,3613,Sync,0.0,9afaad.fffe.86c168,128,255,254,65535,128,0,160,HOLDOVER,-1,False,True,False,False,0,healthy
512.165307889,mixed_pdv_loss_holdover,0.0,0.0,0.0,0.0,0.0,6.0,2.0,1.5,0.0,0.0,0.0,20.0,4,3614,Sync,0.0,9afaad.fffe.86c168,128,255,254,65535,128,0,160,HOLDOVER,-1,False,True,False,False,0,healthy
512.2767850050001,mixed_pdv_loss_holdover,0.0,0.0,0.0,0.0,0.0,6.0,2.0,1.5,0.0,0.0,0.0,20.0,4,3615,Sync,0.0,9afaad.fffe.86c168,128,255,254,65535,128,0,160,HOLDOVER,-1,False,True,False,False,0,healthy
512.407074597,mixed_pdv_loss_holdover,0.0,0.0,0.0,0.0,0.0,6.0,2.0,1.5,0.0,0.0,0.0,20.0,4,3616,Sync,0.0,9afaad.fffe.86c168,128,255,254,65535,128,0,160,HOLDOVER,-1,False,True,False,False,0,healthy
512.524356872,mixed_pdv_loss_holdover,0.0,0.0,0.0,0.0,0.0,6.0,2.0,1.5,0.0,0.0,0.0,20.0,4,3617,Sync,0.0,9afaad.fffe.86c168,128,255,254,65535,128,0,160,HOLDOVER,-1,False,True,False,False,0,healthy
512.635631772,mixed_pdv_loss_holdover,0.0,0.0,0.0,0.0,0.0,6.0,2.0,1.5,0.0,0.0,0.0,20.0,4,3618,Sync,0.0,9afaad.fffe.86c168,128,255,254,65535,128,0,160,HOLDOVER,-1,False,True,False,False,0,healthy
512.7680385890001,mixed_pdv_loss_holdover,0.0,0.0,0.0,0.0,0.0,6.0,2.0,1.5,0.0,0.0,0.0,20.0,4,3619,Sync,0.0,9afaad.fffe.86c168,128,255,254,65535,128,0,160,HOLDOVER,-1,False,True,False,False,0,healthy
512.8829300140001,mixed_pdv_loss_holdover,0.0,0.0,0.0,0.0,0.0,6.0,2.0,1.5,0.0,0.0,0.0,20.0,4,3620,Sync,0.0,9afaad.fffe.86c168,128,255,254,65535,128,0,160,HOLDOVER,-1,False,True,False,False,0,healthy
513.027365697,mixed_pdv_loss_holdover,0.0,0.0,0.0,0.0,0.0,6.0,2.0,1.5,0.0,0.0,0.0,20.0,4,3621,Sync,0.0,9afaad.fffe.86c168,128,255,254,65535,128,0,160,HOLDOVER,-1,False,True,False,False,0,healthy
513.1502906970001,mixed_pdv_loss_holdover,0.0,0.0,0.0,0.0,0.0,6.0,2.0,1.5,0.0,0.0,0.0,20.0,4,3622,Sync,0.0,9afaad.fffe.86c168,128,255,254,65535,128,0,160,HOLDOVER,-1,False,True,False,False,0,healthy
513.2606905470001,mixed_pdv_loss_holdover,0.0,0.0,0.0,0.0,0.0,6.0,2.0,1.5,0.0,0.0,0.0,20.0,4,3623,Sync,0.0,9afaad.fffe.86c168,128,255,254,65535,128,0,160,HOLDOVER,-1,False,True,False,False,0,healthy
513.374090739,mixed_pdv_loss_holdover,0.0,0.0,0.0,0.0,0.0,6.0,2.0,1.5,0.0,0.0,0.0,20.0,4,3624,Sync,0.0,9afaad.fffe.86c168,128,255,254,65535,128,0,160,HOLDOVER,-1,False,True,False,False,0,healthy
513.484425414,mixed_pdv_loss_holdover,0.0,0.0,0.0,0.0,0.0,6.0,2.0,1.5,0.0,0.0,0.0,20.0,4,3625,Sync,0.0,9afaad.fffe.86c168,128,255,254,65535,128,0,160,HOLDOVER,-1,False,True,False,False,0,healthy
513.611938697,mixed_pdv_loss_holdover,0.0,0.0,0.0,0.0,0.0,6.0,2.0,1.5,0.0,0.0,0.0,20.0,4,3626,Sync,0.0,9afaad.fffe.86c168,128,255,254,65535,128,0,160,HOLDOVER,-1,False,True,False,False,0,healthy
513.74230318,mixed_pdv_loss_holdover,0.0,0.0,0.0,0.0,0.0,6.0,2.0,1.5,0.0,0.0,0.0,20.0,4,3627,Sync,0.0,9afaad.fffe.86c168,128,255,254,65535,128,0,160,HOLDOVER,-1,False,True,False,False,0,healthy
513.857310472,mixed_pdv_loss_holdover,0.0,0.0,0.0,0.0,0.0,6.0,2.0,1.5,0.0,0.0,0.0,20.0,4,3628,Sync,0.0,9afaad.fffe.86c168,128,255,254,65535,128,0,160,HOLDOVER,-1,False,True,False,False,0,healthy
513.988700189,mixed_pdv_loss_holdover,0.0,0.0,0.0,0.0,0.0,6.0,2.0,1.5,0.0,0.0,0.0,20.0,4,3629,Sync,0.0,9afaad.fffe.86c168,128,255,254,65535,128,0,160,HOLDOVER,-1,False,True,False,False,0,healthy
514.1047215890001,mixed_pdv_loss_holdover,0.0,0.0,0.0,0.0,0.0,6.0,2.0,1.5,0.0,0.0,0.0,20.0,4,3630,Sync,0.0,9afaad.fffe.86c168,128,255,254,65535,128,0,160,HOLDOVER,-1,False,True,False,False,0,healthy
514.242382889,mixed_pdv_loss_holdover,0.0,0.0,0.0,0.0,0.0,6.0,2.0,1.5,0.0,0.0,0.0,20.0,4,3631,Sync,0.0,9afaad.fffe.86c168,128,255,254,65535,128,0,160,HOLDOVER,-1,False,True,False,False,0,healthy
514.372045089,mixed_pdv_loss_holdover,0.0,0.0,0.0,0.0,0.0,6.0,2.0,1.5,0.0,0.0,0.0,20.0,4,3632,Sync,0.0,9afaad.fffe.86c168,128,255,254,65535,128,0,160,HOLDOVER,-1,False,True,False,False,0,healthy
514.483469989,mixed_pdv_loss_holdover,0.0,0.0,0.0,0.0,0.0,6.0,2.0,1.5,0.0,0.0,0.0,20.0,4,3633,Sync,0.0,9afaad.fffe.86c168,128,255,254,65535,128,0,160,HOLDOVER,-1,False,True,False,False,0,healthy
514.6052668890001,mixed_pdv_loss_holdover,0.0,0.0,0.0,0.0,0.0,6.0,2.0,1.5,0.0,0.0,0.0,20.0,4,3634,Sync,0.0,9afaad.fffe.86c168,128,255,254,65535,128,0,160,HOLDOVER,-1,False,True,False,False,0,healthy
514.737516589,mixed_pdv_loss_holdover,0.0,0.0,0.0,0.0,0.0,6.0,2.0,1.5,0.0,0.0,0.0,20.0,4,3635,Sync,0.0,9afaad.fffe.86c168,128,255,254,65535,128,0,160,HOLDOVER,-1,False,True,False,False,0,healthy
514.8528010890001,mixed_pdv_loss_holdover,0.0,0.0,0.0,0.0,0.0,6.0,2.0,1.5,0.0,0.0,0.0,20.0,4,3636,Sync,0.0,9afaad.fffe.86c168,128,255,254,65535,128,0,160,HOLDOVER,-1,False,True,False,False,0,healthy
514.9833794890001,mixed_pdv_loss_holdover,0.0,0.0,0.0,0.0,0.0,6.0,2.0,1.5,0.0,0.0,0.0,20.0,4,3637,Sync,0.0,9afaad.fffe.86c168,128,255,254,65535,128,0,160,HOLDOVER,-1,False,True,False,False,0,healthy
515.096286489,mixed_pdv_loss_holdover,0.0,0.0,0.0,0.0,0.0,6.0,2.0,1.5,0.0,0.0,0.0,20.0,4,3638,Sync,0.0,9afaad.fffe.86c168,128,255,254,65535,128,0,160,HOLDOVER,-1,False,True,False,False,0,healthy
515.209952389,mixed_pdv_loss_holdover,0.0,0.0,0.0,0.0,0.0,6.0,2.0,1.5,0.0,0.0,0.0,20.0,4,3639,Sync,0.0,9afaad.fffe.86c168,128,255,254,65535,128,0,160,HOLDOVER,-1,False,True,False,False,0,healthy
515.328729689,mixed_pdv_loss_holdover,0.0,0.0,0.0,0.0,0.0,6.0,2.0,1.5,0.0,0.0,0.0,20.0,4,3640,Sync,0.0,9afaad.fffe.86c168,128,255,254,65535,128,0,160,HOLDOVER,-1,False,True,False,False,0,healthy
515.442086389,mixed_pdv_loss_holdover,0.0,0.0,0.0,0.0,0.0,6.0,2.0,1.5,0.0,0.0,0.0,20.0,4,3641,Sync,0.0,9afaad.fffe.86c168,128,255,254,65535,128,0,160,HOLDOVER,-1,False,True,False,False,0,healthy
515.571972589,mixed_pdv_loss_holdover,0.0,0.0,0.0,0.0,0.0,6.0,2.0,1.5,0.0,0.0,0.0,20.0,4,3642,Sync,0.0,9afaad.fffe.86c168,128,255,254,65535,128,0,160,HOLDOVER,-1,False,True,False,False,0,healthy
515.6821013890001,mixed_pdv_loss_holdover,0.0,0.0,0.0,0.0,0.0,6.0,2.0,1.5,0.0,0.0,0.0,20.0,4,3643,Sync,0.0,9afaad.fffe.86c168,128,255,254,65535,128,0,160,HOLDOVER,-1,False,True,False,False,0,healthy
515.7936214890001,mixed_pdv_loss_holdover,0.0,0.0,0.0,0.0,0.0,6.0,2.0,1.5,0.0,0.0,0.0,20.0,4,3644,Announce,8.966993394015404,9afaad.fffe.86c168,128,255,254,65535,128,0,160,HOLDOVER,-1,False,True,False,False,0,healthy
515.922754789,mixed_pdv_loss_holdover,0.0,0.0,0.0,0.0,0.0,6.0,2.0,1.5,0.0,0.0,0.0,20.0,4,3645,Sync,15.487871834772433,9afaad.fffe.86c168,128,255,254,65535,128,0,160,HOLDOVER,-1,False,True,False,False,0,healthy
516.0357639890001,mixed_pdv_loss_holdover,0.0,0.0,0.0,0.0,0.0,6.0,2.0,1.5,0.0,0.0,0.0,20.0,4,3646,Sync,17.697674171648046,9afaad.fffe.86c168,128,255,254,65535,128,0,160,HOLDOVER,-1,False,True,False,False,0,healthy
516.148572689,mixed_pdv_loss_holdover,0.0,0.0,0.0,0.0,0.0,6.0,2.0,1.5,0.0,0.0,0.0,20.0,4,3647,Sync,0.0,9afaad.fffe.86c168,128,255,254,65535,128,0,160,HOLDOVER,-1,False,True,False,False,0,healthy
516.2629657890001,mixed_pdv_loss_holdover,0.0,0.0,0.0,0.0,0.0,6.0,2.0,1.5,0.0,0.0,0.0,20.0,4,3648,Sync,26.225357997984414,9afaad.fffe.86c168,128,255,254,65535,128,0,160,HOLDOVER,-1,False,True,False,False,0,healthy
516.403776289,mixed_pdv_loss_holdover,0.0,0.0,0.0,0.0,0.0,6.0,2.0,1.5,0.0,0.0,0.0,20.0,4,3649,Sync,0.0,9afaad.fffe.86c168,128,255,254,65535,128,0,160,HOLDOVER,-1,False,True,False,False,0,healthy
516.520332389,mixed_pdv_loss_holdover,0.0,0.0,0.0,0.0,0.0,6.0,2.0,1.5,0.0,0.0,0.0,20.0,4,3650,Sync,34.318238170281376,9afaad.fffe.86c168,128,255,254,65535,128,0,160,HOLDOVER,-1,False,True,False,False,0,healthy
516.652125589,mixed_pdv_loss_holdover,0.0,0.0,0.0,0.0,0.0,6.0,2.0,1.5,0.0,0.0,0.0,20.0,4,3651,Sync,15.175289772164266,9afaad.fffe.86c168,128,255,254,65535,128,0,160,HOLDOVER,-1,False,True,False,False,0,healthy
516.786439289,mixed_pdv_loss_holdover,0.0,0.0,0.0,0.0,0.0,6.0,2.0,1.5,0.0,0.0,0.0,20.0,4,3652,Sync,7.445256887420628,9afaad.fffe.86c168,128,255,254,65535,128,0,160,HOLDOVER,-1,False,True,False,False,0,healthy
516.899665689,mixed_pdv_loss_holdover,0.0,0.0,0.0,0.0,0.0,6.0,2.0,1.5,0.0,0.0,0.0,20.0,4,3653,Sync,0.0,9afaad.fffe.86c168,128,255,254,65535,128,0,160,HOLDOVER,-1,False,True,False,False,0,healthy
517.012030489,mixed_pdv_loss_holdover,0.0,0.0,0.0,0.0,0.0,6.0,2.0,1.5,0.0,0.0,0.0,20.0,4,3654,Sync,17.799168422847636,9afaad.fffe.86c168,128,255,254,65535,128,0,160,HOLDOVER,-1,False,True,False,False,0,healthy
517.1253746890001,mixed_pdv_loss_holdover,0.0,0.0,0.0,0.0,0.0,6.0,2.0,1.5,0.0,0.0,0.0,20.0,4,3655,Sync,17.645366944223827,9afaad.fffe.86c168,128,255,254,65535,128,0,160,HOLDOVER,-1,False,True,False,False,0,healthy
517.238733789,mixed_pdv_loss_holdover,0.0,0.0,0.0,0.0,0.0,6.0,2.0,1.5,0.0,0.0,0.0,20.0,4,3656,Sync,8.821523812387193,9afaad.fffe.86c168,128,255,254,65535,128,0,160,HOLDOVER,-1,False,True,False,False,0,healthy
517.368521589,mixed_pdv_loss_holdover,0.0,0.0,0.0,0.0,0.0,6.0,2.0,1.5,0.0,0.0,0.0,20.0,4,3657,Sync,7.704884434436528,9afaad.fffe.86c168,128,255,254,65535,128,0,160,HOLDOVER,-1,False,True,False,False,0,healthy
517.4819103890001,mixed_pdv_loss_holdover,0.0,0.0,0.0,0.0,0.0,6.0,2.0,1.5,0.0,0.0,0.0,20.0,4,3658,Sync,17.6384263701448,9afaad.fffe.86c168,128,255,254,65535,128,0,160,HOLDOVER,-1,False,True,False,False,0,healthy
517.596379889,mixed_pdv_loss_holdover,0.0,0.0,0.0,0.0,0.0,6.0,2.0,1.5,0.0,0.0,0.0,20.0,4,3659,Sync,8.735951498002825,9afaad.fffe.86c168,128,255,254,65535,128,0,160,HOLDOVER,-1,False,True,False,False,0,healthy
517.728388289,mixed_pdv_loss_holdover,0.0,0.0,0.0,0.0,0.0,6.0,2.0,1.5,0.0,0.0,0.0,20.0,4,3660,Sync,7.575275512769372,9afaad.fffe.86c168,128,255,254,65535,128,0,160,HOLDOVER,-1,False,True,False,False,0,healthy
517.842369589,mixed_pdv_loss_holdover,0.0,0.0,0.0,0.0,0.0,6.0,2.0,1.5,0.0,0.0,0.0,20.0,4,3661,Sync,26.320106894732632,c29a38.fffe.b34e68,128,248,254,65535,128,1,160,BOOTING,-1,False,False,False,False,0,healthy
517.97265437,mixed_pdv_loss_holdover,0.0,0.0,0.0,0.0,0.0,6.0,2.0,1.5,0.0,0.0,0.0,20.0,4,3662,Sync,15.350987157893718,c29a38.fffe.b34e68,128,248,254,65535,128,1,160,BOOTING,-1,False,False,False,False,0,healthy
518.083956735,mixed_pdv_loss_holdover,0.0,0.0,0.0,0.0,0.0,6.0,2.0,1.5,0.0,0.0,0.0,20.0,4,3663,Sync,17.969070109152533,c29a38.fffe.b34e68,128,248,254,65535,128,1,160,BOOTING,-1,False,False,False,False,0,healthy
518.194763177,mixed_pdv_loss_holdover,0.0,0.0,0.0,0.0,0.0,6.0,2.0,1.5,0.0,0.0,0.0,20.0,4,3664,Sync,0.0,c29a38.fffe.b34e68,128,248,254,65535,128,1,160,BOOTING,-1,False,False,False,False,0,healthy
518.3103072060001,mixed_pdv_loss_holdover,0.0,0.0,0.0,0.0,0.0,6.0,2.0,1.5,0.0,0.0,0.0,20.0,4,3665,Sync,0.0,c29a38.fffe.b34e68,128,248,254,65535,128,1,160,BOOTING,-1,False,False,False,False,0,healthy
518.4226657170001,mixed_pdv_loss_holdover,0.0,0.0,0.0,0.0,0.0,6.0,2.0,1.5,0.0,0.0,0.0,20.0,4,3666,Sync,0.0,c29a38.fffe.b34e68,128,248,254,65535,128,1,160,BOOTING,-1,False,False,False,False,0,healthy
518.537497778,mixed_pdv_loss_holdover,0.0,0.0,0.0,0.0,0.0,6.0,2.0,1.5,0.0,0.0,0.0,20.0,4,3667,Sync,0.0,c29a38.fffe.b34e68,128,248,254,65535,128,1,160,BOOTING,-1,False,False,False,False,0,healthy
518.6528771840001,mixed_pdv_loss_holdover,0.0,0.0,0.0,0.0,0.0,6.0,2.0,1.5,0.0,0.0,0.0,20.0,4,3668,Sync,0.0,c29a38.fffe.b34e68,128,248,254,65535,128,1,160,BOOTING,-1,False,False,False,False,0,healthy
518.791584576,mixed_pdv_loss_holdover,0.0,0.0,0.0,0.0,0.0,6.0,2.0,1.5,0.0,0.0,0.0,20.0,4,3669,Sync,0.0,c29a38.fffe.b34e68,128,248,254,65535,128,1,160,BOOTING,-1,False,False,False,False,0,healthy
518.90408354,mixed_pdv_loss_holdover,0.0,0.0,0.0,0.0,0.0,6.0,2.0,1.5,0.0,0.0,0.0,20.0,4,3670,Sync,0.0,c29a38.fffe.b34e68,128,248,254,65535,128,1,160,BOOTING,-1,False,False,False,False,0,healthy
519.0346529020001,mixed_pdv_loss_holdover,0.0,0.0,0.0,0.0,0.0,6.0,2.0,1.5,0.0,0.0,0.0,20.0,4,3671,Sync,0.0,c29a38.fffe.b34e68,128,248,254,65535,128,1,160,BOOTING,-1,False,False,False,False,0,healthy
519.160666471,mixed_pdv_loss_holdover,0.0,0.0,0.0,0.0,0.0,6.0,2.0,1.5,0.0,0.0,0.0,20.0,4,3672,Sync,0.0,c29a38.fffe.b34e68,128,248,254,65535,128,1,160,BOOTING,-1,False,False,False,False,0,healthy
519.2728216300001,mixed_pdv_loss_holdover,0.0,0.0,0.0,0.0,0.0,6.0,2.0,1.5,0.0,0.0,0.0,20.0,4,3673,Sync,0.0,c29a38.fffe.b34e68,128,248,254,65535,128,1,160,BOOTING,-1,False,False,False,False,0,healthy
519.4061006510001,mixed_pdv_loss_holdover,0.0,0.0,0.0,0.0,0.0,6.0,2.0,1.5,0.0,0.0,0.0,20.0,4,3674,Sync,0.0,c29a38.fffe.b34e68,128,248,254,65535,128,1,160,BOOTING,-1,False,False,False,False,0,healthy
519.5204212980001,mixed_pdv_loss_holdover,0.0,0.0,0.0,0.0,0.0,6.0,2.0,1.5,0.0,0.0,0.0,20.0,4,3675,Sync,0.0,c29a38.fffe.b34e68,128,248,254,65535,128,1,160,BOOTING,-1,False,False,False,False,0,healthy
519.6562935100001,mixed_pdv_loss_holdover,0.0,0.0,0.0,0.0,0.0,6.0,2.0,1.5,0.0,0.0,0.0,20.0,4,3676,Sync,0.0,c29a38.fffe.b34e68,128,248,254,65535,128,1,160,BOOTING,-1,False,False,False,False,0,healthy
519.7943945760001,mixed_pdv_loss_holdover,0.0,0.0,0.0,0.0,0.0,6.0,2.0,1.5,0.0,0.0,0.0,20.0,4,3677,Sync,0.0,c29a38.fffe.b34e68,128,248,254,65535,128,1,160,BOOTING,-1,False,False,False,False,0,healthy
519.9078666290001,mixed_pdv_loss_holdover,0.0,0.0,0.0,0.0,0.0,6.0,2.0,1.5,0.0,0.0,0.0,20.0,4,3678,Sync,0.0,c29a38.fffe.b34e68,128,248,254,65535,128,1,160,BOOTING,-1,False,False,False,False,0,healthy
520.020635018,mixed_pdv_loss_holdover,0.0,0.0,0.0,0.0,0.0,6.0,2.0,1.5,0.0,0.0,0.0,20.0,4,3679,Sync,0.0,c29a38.fffe.b34e68,128,248,254,65535,128,1,160,BOOTING,-1,False,False,False,False,0,healthy
520.154286122,mixed_pdv_loss_holdover,0.0,0.0,0.0,0.0,0.0,6.0,2.0,1.5,0.0,0.0,0.0,20.0,4,3680,Sync,0.0,c29a38.fffe.b34e68,128,248,254,65535,128,1,160,BOOTING,-1,False,False,False,False,0,healthy
520.264127128,mixed_pdv_loss_holdover,0.0,0.0,0.0,0.0,0.0,6.0,2.0,1.5,0.0,0.0,0.0,20.0,4,3681,Sync,0.0,c29a38.fffe.b34e68,128,248,254,65535,128,1,160,BOOTING,-1,False,False,False,False,0,healthy
520.392383458,mixed_pdv_loss_holdover,0.0,0.0,0.0,0.0,0.0,6.0,2.0,1.5,0.0,0.0,0.0,20.0,4,3682,Sync,0.0,c29a38.fffe.b34e68,128,248,254,65535,128,1,160,BOOTING,-1,False,False,False,False,0,healthy
520.5031076810001,mixed_pdv_loss_holdover,0.0,0.0,0.0,0.0,0.0,6.0,2.0,1.5,0.0,0.0,0.0,20.0,4,3683,Sync,0.0,c29a38.fffe.b34e68,128,248,254,65535,128,1,160,BOOTING,-1,False,False,False,False,0,healthy
520.61812807,mixed_pdv_loss_holdover,0.0,0.0,0.0,0.0,0.0,6.0,2.0,1.5,0.0,0.0,0.0,20.0,4,3684,Sync,0.0,c29a38.fffe.b34e68,128,248,254,65535,128,1,160,BOOTING,-1,False,False,False,False,0,healthy
520.749201008,mixed_pdv_loss_holdover,0.0,0.0,0.0,0.0,0.0,6.0,2.0,1.5,0.0,0.0,0.0,20.0,4,3685,Sync,0.0,c29a38.fffe.b34e68,128,248,254,65535,128,1,160,BOOTING,-1,False,False,False,False,0,healthy
520.8632574540001,mixed_pdv_loss_holdover,0.0,0.0,0.0,0.0,0.0,6.0,2.0,1.5,0.0,0.0,0.0,20.0,4,3686,Sync,0.0,c29a38.fffe.b34e68,128,248,254,65535,128,1,160,BOOTING,-1,False,False,False,False,0,healthy
520.977998244,mixed_pdv_loss_holdover,0.0,0.0,0.0,0.0,0.0,6.0,2.0,1.5,0.0,0.0,0.0,20.0,4,3687,Sync,0.0,c29a38.fffe.b34e68,128,248,254,65535,128,1,160,BOOTING,-1,False,False,False,False,0,healthy
521.090658005,mixed_pdv_loss_holdover,0.0,0.0,0.0,0.0,0.0,6.0,2.0,1.5,0.0,0.0,0.0,20.0,4,3688,Sync,0.0,c29a38.fffe.b34e68,128,248,254,65535,128,1,160,BOOTING,-1,False,False,False,False,0,healthy
521.205441164,mixed_pdv_loss_holdover,0.0,0.0,0.0,0.0,0.0,6.0,2.0,1.5,0.0,0.0,0.0,20.0,4,3689,Sync,0.0,c29a38.fffe.b34e68,128,248,254,65535,128,1,160,BOOTING,-1,False,False,False,False,0,healthy
521.33360501,mixed_pdv_loss_holdover,0.0,0.0,0.0,0.0,0.0,6.0,2.0,1.5,0.0,0.0,0.0,20.0,4,3690,Sync,0.0,c29a38.fffe.b34e68,128,248,254,65535,128,1,160,BOOTING,-1,False,False,False,False,0,healthy
521.442750753,mixed_pdv_loss_holdover,0.0,0.0,0.0,0.0,0.0,6.0,2.0,1.5,0.0,0.0,0.0,20.0,4,3691,Sync,0.0,c29a38.fffe.b34e68,128,248,254,65535,128,1,160,BOOTING,-1,False,False,False,False,0,healthy
521.557045455,mixed_pdv_loss_holdover,0.0,0.0,0.0,0.0,0.0,6.0,2.0,1.5,0.0,0.0,0.0,20.0,4,3692,Sync,0.0,c29a38.fffe.b34e68,128,248,254,65535,128,1,160,BOOTING,-1,False,False,False,False,0,healthy
521.673060068,mixed_pdv_loss_holdover,0.0,0.0,0.0,0.0,0.0,6.0,2.0,1.5,0.0,0.0,0.0,20.0,4,3693,Sync,0.0,c29a38.fffe.b34e68,128,248,254,65535,128,1,160,BOOTING,-1,False,False,False,False,0,healthy
521.786825068,mixed_pdv_loss_holdover,0.0,0.0,0.0,0.0,0.0,6.0,2.0,1.5,0.0,0.0,0.0,20.0,4,3694,Sync,0.0,c29a38.fffe.b34e68,128,248,254,65535,128,1,160,BOOTING,-1,False,False,False,False,0,healthy
521.8997964680001,mixed_pdv_loss_holdover,0.0,0.0,0.0,0.0,0.0,6.0,2.0,1.5,0.0,0.0,0.0,20.0,4,3695,Sync,0.0,c29a38.fffe.b34e68,128,248,254,65535,128,1,160,BOOTING,-1,False,False,False,False,0,healthy
522.031065568,mixed_pdv_loss_holdover,0.0,0.0,0.0,0.0,0.0,6.0,2.0,1.5,0.0,0.0,0.0,20.0,4,3696,Sync,0.0,c29a38.fffe.b34e68,128,248,254,65535,128,1,160,BOOTING,-1,False,False,False,False,0,healthy
522.168871768,mixed_pdv_loss_holdover,0.0,0.0,0.0,0.0,0.0,6.0,2.0,1.5,0.0,0.0,0.0,20.0,4,3697,Sync,0.0,c29a38.fffe.b34e68,128,248,254,65535,128,1,160,BOOTING,-1,False,False,False,False,0,healthy
522.283749068,mixed_pdv_loss_holdover,0.0,0.0,0.0,0.0,0.0,6.0,2.0,1.5,0.0,0.0,0.0,20.0,4,3698,Sync,0.0,c29a38.fffe.b34e68,128,248,254,65535,128,1,160,BOOTING,-1,False,False,False,False,0,healthy
522.4143047680001,mixed_pdv_loss_holdover,0.0,0.0,0.0,0.0,0.0,6.0,2.0,1.5,0.0,0.0,0.0,20.0,4,3699,Sync,0.0,c29a38.fffe.b34e68,128,248,254,65535,128,1,160,BOOTING,-1,False,False,False,False,0,healthy
522.547598868,mixed_pdv_loss_holdover,0.0,0.0,0.0,0.0,0.0,6.0,2.0,1.5,0.0,0.0,0.0,20.0,4,3700,Sync,0.0,c29a38.fffe.b34e68,128,248,254,65535,128,1,160,BOOTING,-1,False,False,False,False,0,healthy
522.658312268,mixed_pdv_loss_holdover,0.0,0.0,0.0,0.0,0.0,6.0,2.0,1.5,0.0,0.0,0.0,20.0,4,3701,Sync,0.0,c29a38.fffe.b34e68,128,248,254,65535,128,1,160,BOOTING,-1,False,False,False,False,0,healthy
522.788221268,mixed_pdv_loss_holdover,0.0,0.0,0.0,0.0,0.0,6.0,2.0,1.5,0.0,0.0,0.0,20.0,4,3702,Sync,0.0,c29a38.fffe.b34e68,128,248,254,65535,128,1,160,BOOTING,-1,False,False,False,False,0,healthy
522.904643868,mixed_pdv_loss_holdover,0.0,0.0,0.0,0.0,0.0,6.0,2.0,1.5,0.0,0.0,0.0,20.0,4,3703,Sync,0.0,c29a38.fffe.b34e68,128,248,254,65535,128,1,160,BOOTING,-1,False,False,False,False,0,healthy
523.029824168,mixed_pdv_loss_holdover,0.0,0.0,0.0,0.0,0.0,6.0,2.0,1.5,0.0,0.0,0.0,20.0,4,3704,Sync,0.0,c29a38.fffe.b34e68,128,248,254,65535,128,1,160,BOOTING,-1,False,False,False,False,0,healthy
523.168966168,mixed_pdv_loss_holdover,0.0,0.0,0.0,0.0,0.0,6.0,2.0,1.5,0.0,0.0,0.0,20.0,4,3705,Sync,0.0,c29a38.fffe.b34e68,128,248,254,65535,128,1,160,BOOTING,-1,False,False,False,False,0,healthy
523.282957168,mixed_pdv_loss_holdover,0.0,0.0,0.0,0.0,0.0,6.0,2.0,1.5,0.0,0.0,0.0,20.0,4,3706,Sync,0.0,c29a38.fffe.b34e68,128,248,254,65535,128,1,160,BOOTING,-1,False,False,False,False,0,healthy
523.4191393680001,mixed_pdv_loss_holdover,0.0,0.0,0.0,0.0,0.0,6.0,2.0,1.5,0.0,0.0,0.0,20.0,4,3707,Sync,0.0,c29a38.fffe.b34e68,128,248,254,65535,128,1,160,BOOTING,-1,False,False,False,False,0,healthy
523.562138968,mixed_pdv_loss_holdover,0.0,0.0,0.0,0.0,0.0,6.0,2.0,1.5,0.0,0.0,0.0,20.0,4,3708,Sync,0.0,c29a38.fffe.b34e68,128,248,254,65535,128,1,160,BOOTING,-1,False,False,False,False,0,healthy
523.674044268,mixed_pdv_loss_holdover,0.0,0.0,0.0,0.0,0.0,6.0,2.0,1.5,0.0,0.0,0.0,20.0,4,3709,Sync,0.0,c29a38.fffe.b34e68,128,248,254,65535,128,1,160,BOOTING,-1,False,False,False,False,0,healthy
523.806932068,mixed_pdv_loss_holdover,0.0,0.0,0.0,0.0,0.0,6.0,2.0,1.5,0.0,0.0,0.0,20.0,4,3710,Sync,0.0,c29a38.fffe.b34e68,128,248,254,65535,128,1,160,BOOTING,-1,False,False,False,False,0,healthy
523.921037668,mixed_pdv_loss_holdover,0.0,0.0,0.0,0.0,0.0,6.0,2.0,1.5,0.0,0.0,0.0,20.0,4,3711,Sync,0.0,c29a38.fffe.b34e68,128,248,254,65535,128,1,160,BOOTING,-1,False,False,False,False,0,healthy
524.052625068,mixed_pdv_loss_holdover,0.0,0.0,0.0,0.0,0.0,6.0,2.0,1.5,0.0,0.0,0.0,20.0,4,3712,Sync,0.0,c29a38.fffe.b34e68,128,248,254,65535,128,1,160,BOOTING,-1,False,False,False,False,0,healthy
524.167368568,mixed_pdv_loss_holdover,0.0,0.0,0.0,0.0,0.0,6.0,2.0,1.5,0.0,0.0,0.0,20.0,4,3713,Sync,0.0,c29a38.fffe.b34e68,128,248,254,65535,128,1,160,BOOTING,-1,False,False,False,False,0,healthy
524.281096668,mixed_pdv_loss_holdover,0.0,0.0,0.0,0.0,0.0,6.0,2.0,1.5,0.0,0.0,0.0,20.0,4,3714,Sync,0.0,c29a38.fffe.b34e68,128,248,254,65535,128,1,160,BOOTING,-1,False,False,False,False,0,healthy
524.397535068,mixed_pdv_loss_holdover,0.0,0.0,0.0,0.0,0.0,6.0,2.0,1.5,0.0,0.0,0.0,20.0,4,3715,Sync,0.0,c29a38.fffe.b34e68,128,248,254,65535,128,1,160,BOOTING,-1,False,False,False,False,0,healthy
524.5237624680001,mixed_pdv_loss_holdover,0.0,0.0,0.0,0.0,0.0,6.0,2.0,1.5,0.0,0.0,0.0,20.0,4,3716,Sync,0.0,c29a38.fffe.b34e68,128,248,254,65535,128,1,160,BOOTING,-1,False,False,False,False,0,healthy
524.638751868,mixed_pdv_loss_holdover,0.0,0.0,0.0,0.0,0.0,6.0,2.0,1.5,0.0,0.0,0.0,20.0,4,3717,Sync,0.0,c29a38.fffe.b34e68,128,248,254,65535,128,1,160,BOOTING,-1,False,False,False,False,0,healthy
524.781845068,mixed_pdv_loss_holdover,0.0,0.0,0.0,0.0,0.0,6.0,2.0,1.5,0.0,0.0,0.0,20.0,4,3718,Sync,0.0,c29a38.fffe.b34e68,128,248,254,65535,128,1,160,BOOTING,-1,False,False,False,False,0,healthy
524.895172168,mixed_pdv_loss_holdover,0.0,0.0,0.0,0.0,0.0,6.0,2.0,1.5,0.0,0.0,0.0,20.0,4,3719,Sync,0.0,c29a38.fffe.b34e68,128,248,254,65535,128,1,160,BOOTING,-1,False,False,False,False,0,healthy
525.022960868,mixed_pdv_loss_holdover,0.0,0.0,0.0,0.0,0.0,6.0,2.0,1.5,0.0,0.0,0.0,20.0,4,3720,Sync,0.0,c29a38.fffe.b34e68,128,248,254,65535,128,1,160,BOOTING,-1,False,False,False,False,0,healthy
525.141882968,mixed_pdv_loss_holdover,0.0,0.0,0.0,0.0,0.0,6.0,2.0,1.5,0.0,0.0,0.0,20.0,4,3721,Sync,0.0,c29a38.fffe.b34e68,128,248,254,65535,128,1,160,BOOTING,-1,False,False,False,False,0,healthy
525.253463568,mixed_pdv_loss_holdover,0.0,0.0,0.0,0.0,0.0,6.0,2.0,1.5,0.0,0.0,0.0,20.0,4,3722,Sync,0.0,c29a38.fffe.b34e68,128,248,254,65535,128,1,160,BOOTING,-1,False,False,False,False,0,healthy
525.367811468,mixed_pdv_loss_holdover,0.0,0.0,0.0,0.0,0.0,6.0,2.0,1.5,0.0,0.0,0.0,20.0,4,3723,Sync,0.0,c29a38.fffe.b34e68,128,248,254,65535,128,1,160,BOOTING,-1,False,False,False,False,0,healthy
525.481271968,mixed_pdv_loss_holdover,0.0,0.0,0.0,0.0,0.0,6.0,2.0,1.5,0.0,0.0,0.0,20.0,4,3724,Sync,0.0,c29a38.fffe.b34e68,128,248,254,65535,128,1,160,BOOTING,-1,False,False,False,False,0,healthy
525.596050268,mixed_pdv_loss_holdover,0.0,0.0,0.0,0.0,0.0,6.0,2.0,1.5,0.0,0.0,0.0,20.0,4,3725,Sync,0.0,c29a38.fffe.b34e68,128,248,254,65535,128,1,160,BOOTING,-1,False,False,False,False,0,healthy
525.7384194680001,mixed_pdv_loss_holdover,0.0,0.0,0.0,0.0,0.0,6.0,2.0,1.5,0.0,0.0,0.0,20.0,4,3726,Sync,0.0,c29a38.fffe.b34e68,128,248,254,65535,128,1,160,BOOTING,-1,False,False,False,False,0,healthy
525.8511337680001,mixed_pdv_loss_holdover,0.0,0.0,0.0,0.0,0.0,6.0,2.0,1.5,0.0,0.0,0.0,20.0,4,3727,Sync,0.0,c29a38.fffe.b34e68,128,248,254,65535,128,1,160,BOOTING,-1,False,False,False,False,0,healthy
525.9870077530001,mixed_pdv_loss_holdover,0.0,0.0,0.0,0.0,0.0,6.0,2.0,1.5,0.0,0.0,0.0,20.0,4,3728,Sync,0.0,c29a38.fffe.b34e68,128,248,254,65535,128,1,160,BOOTING,-1,False,False,False,False,0,healthy
526.098972088,mixed_pdv_loss_holdover,0.0,0.0,0.0,0.0,0.0,6.0,2.0,1.5,0.0,0.0,0.0,20.0,4,3729,Sync,0.0,c29a38.fffe.b34e68,128,248,254,65535,128,1,160,BOOTING,-1,False,False,False,False,0,healthy
526.229487701,mixed_pdv_loss_holdover,0.0,0.0,0.0,0.0,0.0,6.0,2.0,1.5,0.0,0.0,0.0,20.0,4,3730,Sync,0.0,c29a38.fffe.b34e68,128,248,254,65535,128,1,160,BOOTING,-1,False,False,False,False,0,healthy
526.361623751,mixed_pdv_loss_holdover,0.0,0.0,0.0,0.0,0.0,6.0,2.0,1.5,0.0,0.0,0.0,20.0,4,3731,Sync,0.0,c29a38.fffe.b34e68,128,248,254,65535,128,1,160,BOOTING,-1,False,False,False,False,0,healthy
526.473961808,mixed_pdv_loss_holdover,0.0,0.0,0.0,0.0,0.0,6.0,2.0,1.5,0.0,0.0,0.0,20.0,4,3732,Sync,0.0,c29a38.fffe.b34e68,128,248,254,65535,128,1,160,BOOTING,-1,False,False,False,False,0,healthy
526.585434545,mixed_pdv_loss_holdover,0.0,0.0,0.0,0.0,0.0,6.0,2.0,1.5,0.0,0.0,0.0,20.0,4,3733,Sync,0.0,c29a38.fffe.b34e68,128,248,254,65535,128,1,160,BOOTING,-1,False,False,False,False,0,healthy
526.6987658950001,mixed_pdv_loss_holdover,0.0,0.0,0.0,0.0,0.0,6.0,2.0,1.5,0.0,0.0,0.0,20.0,4,3734,Sync,0.0,c29a38.fffe.b34e68,128,248,254,65535,128,1,160,BOOTING,-1,False,False,False,False,0,healthy
526.834984448,mixed_pdv_loss_holdover,0.0,0.0,0.0,0.0,0.0,6.0,2.0,1.5,0.0,0.0,0.0,20.0,4,3735,Sync,0.0,c29a38.fffe.b34e68,128,248,254,65535,128,1,160,BOOTING,-1,False,False,False,False,0,healthy
526.976413178,mixed_pdv_loss_holdover,0.0,0.0,0.0,0.0,0.0,6.0,2.0,1.5,0.0,0.0,0.0,20.0,4,3736,Sync,0.0,c29a38.fffe.b34e68,128,248,254,65535,128,1,160,BOOTING,-1,False,False,False,False,0,healthy
527.0893396370001,mixed_pdv_loss_holdover,0.0,0.0,0.0,0.0,0.0,6.0,2.0,1.5,0.0,0.0,0.0,20.0,4,3737,Sync,0.0,c29a38.fffe.b34e68,128,248,254,65535,128,1,160,BOOTING,-1,False,False,False,False,0,healthy
527.225963469,mixed_pdv_loss_holdover,0.0,0.0,0.0,0.0,0.0,6.0,2.0,1.5,0.0,0.0,0.0,20.0,4,3738,Sync,0.0,c29a38.fffe.b34e68,128,248,254,65535,128,1,160,BOOTING,-1,False,False,False,False,0,healthy
527.345994936,mixed_pdv_loss_holdover,0.0,0.0,0.0,0.0,0.0,6.0,2.0,1.5,0.0,0.0,0.0,20.0,4,3739,Sync,0.0,c29a38.fffe.b34e68,128,248,254,65535,128,1,160,BOOTING,-1,False,False,False,False,0,healthy
527.45648341,mixed_pdv_loss_holdover,0.0,0.0,0.0,0.0,0.0,6.0,2.0,1.5,0.0,0.0,0.0,20.0,4,3740,Sync,0.0,c29a38.fffe.b34e68,128,248,254,65535,128,1,160,BOOTING,-1,False,False,False,False,0,healthy
527.569117804,mixed_pdv_loss_holdover,0.0,0.0,0.0,0.0,0.0,6.0,2.0,1.5,0.0,0.0,0.0,20.0,4,3741,Sync,0.0,c29a38.fffe.b34e68,128,248,254,65535,128,1,160,BOOTING,-1,False,False,False,False,0,healthy
527.6819448370001,mixed_pdv_loss_holdover,0.0,0.0,0.0,0.0,0.0,6.0,2.0,1.5,0.0,0.0,0.0,20.0,4,3742,Sync,0.0,c29a38.fffe.b34e68,128,248,254,65535,128,1,160,BOOTING,-1,False,False,False,False,0,healthy
527.796075289,mixed_pdv_loss_holdover,0.0,0.0,0.0,0.0,0.0,6.0,2.0,1.5,0.0,0.0,0.0,20.0,4,3743,Sync,0.0,c29a38.fffe.b34e68,128,248,254,65535,128,1,160,BOOTING,-1,False,False,False,False,0,healthy
527.915930526,mixed_pdv_loss_holdover,0.0,0.0,0.0,0.0,0.0,6.0,2.0,1.5,0.0,0.0,0.0,20.0,4,3744,Sync,0.0,c29a38.fffe.b34e68,128,248,254,65535,128,1,160,BOOTING,-1,False,False,False,False,0,healthy
528.032876473,mixed_pdv_loss_holdover,0.0,0.0,0.0,0.0,0.0,6.0,2.0,1.5,0.0,0.0,0.0,20.0,4,3745,Sync,0.0,c29a38.fffe.b34e68,128,248,254,65535,128,1,160,BOOTING,-1,False,False,False,False,0,healthy
528.1722372500001,mixed_pdv_loss_holdover,0.0,0.0,0.0,0.0,0.0,6.0,2.0,1.5,0.0,0.0,0.0,20.0,4,3746,Sync,0.0,c29a38.fffe.b34e68,128,248,254,65535,128,1,160,BOOTING,-1,False,False,False,False,0,healthy
528.2864662540001,mixed_pdv_loss_holdover,0.0,0.0,0.0,0.0,0.0,6.0,2.0,1.5,0.0,0.0,0.0,20.0,4,3747,Sync,0.0,c29a38.fffe.b34e68,128,248,254,65535,128,1,160,BOOTING,-1,False,False,False,False,0,healthy
528.400399988,mixed_pdv_loss_holdover,0.0,0.0,0.0,0.0,0.0,6.0,2.0,1.5,0.0,0.0,0.0,20.0,4,3748,Sync,0.0,c29a38.fffe.b34e68,128,248,254,65535,128,1,160,BOOTING,-1,False,False,False,False,0,healthy
528.51083535,mixed_pdv_loss_holdover,0.0,0.0,0.0,0.0,0.0,6.0,2.0,1.5,0.0,0.0,0.0,20.0,4,3749,Sync,0.0,c29a38.fffe.b34e68,128,248,254,65535,128,1,160,BOOTING,-1,False,False,False,False,0,healthy
528.6224356710001,mixed_pdv_loss_holdover,0.0,0.0,0.0,0.0,0.0,6.0,2.0,1.5,0.0,0.0,0.0,20.0,4,3750,Sync,0.0,c29a38.fffe.b34e68,128,248,254,65535,128,1,160,BOOTING,-1,False,False,False,False,0,healthy
528.736906833,mixed_pdv_loss_holdover,0.0,0.0,0.0,0.0,0.0,6.0,2.0,1.5,0.0,0.0,0.0,20.0,4,3751,Sync,0.0,c29a38.fffe.b34e68,128,248,254,65535,128,1,160,BOOTING,-1,False,False,False,False,0,healthy
528.8490837100001,mixed_pdv_loss_holdover,0.0,0.0,0.0,0.0,0.0,6.0,2.0,1.5,0.0,0.0,0.0,20.0,4,3752,Sync,0.0,c29a38.fffe.b34e68,128,248,254,65535,128,1,160,BOOTING,-1,False,False,False,False,0,healthy
528.961415748,mixed_pdv_loss_holdover,0.0,0.0,0.0,0.0,0.0,6.0,2.0,1.5,0.0,0.0,0.0,20.0,4,3753,Sync,0.0,c29a38.fffe.b34e68,128,248,254,65535,128,1,160,BOOTING,-1,False,False,False,False,0,healthy
529.0738338120001,mixed_pdv_loss_holdover,0.0,0.0,0.0,0.0,0.0,6.0,2.0,1.5,0.0,0.0,0.0,20.0,4,3754,Sync,0.0,c29a38.fffe.b34e68,128,248,254,65535,128,1,160,BOOTING,-1,False,False,False,False,0,healthy
529.187377997,mixed_pdv_loss_holdover,0.0,0.0,0.0,0.0,0.0,6.0,2.0,1.5,0.0,0.0,0.0,20.0,4,3755,Sync,0.0,c29a38.fffe.b34e68,128,248,254,65535,128,1,160,BOOTING,-1,False,False,False,False,0,healthy
529.30174847,mixed_pdv_loss_holdover,0.0,0.0,0.0,0.0,0.0,6.0,2.0,1.5,0.0,0.0,0.0,20.0,4,3756,Sync,0.0,c29a38.fffe.b34e68,128,248,254,65535,128,1,160,BOOTING,-1,False,False,False,False,0,healthy
529.4384082270001,mixed_pdv_loss_holdover,0.0,0.0,0.0,0.0,0.0,6.0,2.0,1.5,0.0,0.0,0.0,20.0,4,3757,Sync,0.0,c29a38.fffe.b34e68,128,248,254,65535,128,1,160,BOOTING,-1,False,False,False,False,0,healthy
529.568766545,mixed_pdv_loss_holdover,0.0,0.0,0.0,0.0,0.0,6.0,2.0,1.5,0.0,0.0,0.0,20.0,4,3758,Sync,0.0,c29a38.fffe.b34e68,128,248,254,65535,128,1,160,BOOTING,-1,False,False,False,False,0,healthy
529.680881281,mixed_pdv_loss_holdover,0.0,0.0,0.0,0.0,0.0,6.0,2.0,1.5,0.0,0.0,0.0,20.0,4,3759,Sync,0.0,c29a38.fffe.b34e68,128,248,254,65535,128,1,160,BOOTING,-1,False,False,False,False,0,healthy
529.790891944,mixed_pdv_loss_holdover,0.0,0.0,0.0,0.0,0.0,6.0,2.0,1.5,0.0,0.0,0.0,20.0,4,3760,Sync,0.0,c29a38.fffe.b34e68,128,248,254,65535,128,1,160,BOOTING,-1,False,False,False,False,0,healthy
529.91886364,mixed_pdv_loss_holdover,0.0,0.0,0.0,0.0,0.0,6.0,2.0,1.5,0.0,0.0,0.0,20.0,4,3761,Sync,0.0,c29a38.fffe.b34e68,128,248,254,65535,128,1,160,BOOTING,-1,False,False,False,False,0,healthy
530.031785633,mixed_pdv_loss_holdover,0.0,0.0,0.0,0.0,0.0,6.0,2.0,1.5,0.0,0.0,0.0,20.0,4,3762,Sync,0.0,c29a38.fffe.b34e68,128,248,254,65535,128,1,160,BOOTING,-1,False,False,False,False,0,healthy
530.165793599,mixed_pdv_loss_holdover,0.0,0.0,0.0,0.0,0.0,6.0,2.0,1.5,0.0,0.0,0.0,20.0,4,3763,Sync,0.0,c29a38.fffe.b34e68,128,248,254,65535,128,1,160,BOOTING,-1,False,False,False,False,0,healthy
530.278740448,mixed_pdv_loss_holdover,0.0,0.0,0.0,0.0,0.0,6.0,2.0,1.5,0.0,0.0,0.0,20.0,4,3764,Sync,0.0,c29a38.fffe.b34e68,128,248,254,65535,128,1,160,BOOTING,-1,False,False,False,False,0,healthy
530.414947835,mixed_pdv_loss_holdover,0.0,0.0,0.0,0.0,0.0,6.0,2.0,1.5,0.0,0.0,0.0,20.0,4,3765,Sync,0.0,c29a38.fffe.b34e68,128,248,254,65535,128,1,160,BOOTING,-1,False,False,False,False,0,healthy
530.549581041,mixed_pdv_loss_holdover,0.0,0.0,0.0,0.0,0.0,6.0,2.0,1.5,0.0,0.0,0.0,20.0,4,3766,Sync,0.0,c29a38.fffe.b34e68,128,248,254,65535,128,1,160,BOOTING,-1,False,False,False,False,0,healthy
530.662665841,mixed_pdv_loss_holdover,0.0,0.0,0.0,0.0,0.0,6.0,2.0,1.5,0.0,0.0,0.0,20.0,4,3767,Sync,0.0,c29a38.fffe.b34e68,128,248,254,65535,128,1,160,BOOTING,-1,False,False,False,False,0,healthy
530.795518841,mixed_pdv_loss_holdover,0.0,0.0,0.0,0.0,0.0,6.0,2.0,1.5,0.0,0.0,0.0,20.0,4,3768,Sync,0.0,c29a38.fffe.b34e68,128,248,254,65535,128,1,160,BOOTING,-1,False,False,False,False,0,healthy
530.905725641,mixed_pdv_loss_holdover,0.0,0.0,0.0,0.0,0.0,6.0,2.0,1.5,0.0,0.0,0.0,20.0,4,3769,Sync,0.0,c29a38.fffe.b34e68,128,248,254,65535,128,1,160,BOOTING,-1,False,False,False,False,0,healthy
531.036438241,mixed_pdv_loss_holdover,0.0,0.0,0.0,0.0,0.0,6.0,2.0,1.5,0.0,0.0,0.0,20.0,4,3770,Sync,0.0,c29a38.fffe.b34e68,128,248,254,65535,128,1,160,BOOTING,-1,False,False,False,False,0,healthy
531.156545141,mixed_pdv_loss_holdover,0.0,0.0,0.0,0.0,0.0,6.0,2.0,1.5,0.0,0.0,0.0,20.0,4,3771,Sync,0.0,c29a38.fffe.b34e68,128,248,254,65535,128,1,160,BOOTING,-1,False,False,False,False,0,healthy
531.2685750410001,mixed_pdv_loss_holdover,0.0,0.0,0.0,0.0,0.0,6.0,2.0,1.5,0.0,0.0,0.0,20.0,4,3772,Sync,0.0,c29a38.fffe.b34e68,128,248,254,65535,128,1,160,BOOTING,-1,False,False,False,False,0,healthy
531.384506041,mixed_pdv_loss_holdover,0.0,0.0,0.0,0.0,0.0,6.0,2.0,1.5,0.0,0.0,0.0,20.0,4,3773,Sync,0.0,c29a38.fffe.b34e68,128,248,254,65535,128,1,160,BOOTING,-1,False,False,False,False,0,healthy
531.497109341,mixed_pdv_loss_holdover,0.0,0.0,0.0,0.0,0.0,6.0,2.0,1.5,0.0,0.0,0.0,20.0,4,3774,Sync,0.0,c29a38.fffe.b34e68,128,248,254,65535,128,1,160,BOOTING,-1,False,False,False,False,0,healthy
531.614683041,mixed_pdv_loss_holdover,0.0,0.0,0.0,0.0,0.0,6.0,2.0,1.5,0.0,0.0,0.0,20.0,4,3775,Sync,0.0,c29a38.fffe.b34e68,128,248,254,65535,128,1,160,BOOTING,-1,False,False,False,False,0,healthy
531.746411241,mixed_pdv_loss_holdover,0.0,0.0,0.0,0.0,0.0,6.0,2.0,1.5,0.0,0.0,0.0,20.0,4,3776,Sync,0.0,c29a38.fffe.b34e68,128,248,254,65535,128,1,160,BOOTING,-1,False,False,False,False,0,healthy
531.858971641,mixed_pdv_loss_holdover,0.0,0.0,0.0,0.0,0.0,6.0,2.0,1.5,0.0,0.0,0.0,20.0,4,3777,Sync,0.0,c29a38.fffe.b34e68,128,248,254,65535,128,1,160,BOOTING,-1,False,False,False,False,0,healthy
531.9730980410001,mixed_pdv_loss_holdover,0.0,0.0,0.0,0.0,0.0,6.0,2.0,1.5,0.0,0.0,0.0,20.0,4,3778,Sync,0.0,c29a38.fffe.b34e68,128,248,254,65535,128,1,160,BOOTING,-1,False,False,False,False,0,healthy
532.0833389410001,mixed_pdv_loss_holdover,0.0,0.0,0.0,0.0,0.0,6.0,2.0,1.5,0.0,0.0,0.0,20.0,4,3779,Sync,0.0,c29a38.fffe.b34e68,128,248,254,65535,128,1,160,BOOTING,-1,False,False,False,False,0,healthy
532.2107656410001,mixed_pdv_loss_holdover,0.0,0.0,0.0,0.0,0.0,6.0,2.0,1.5,0.0,0.0,0.0,20.0,4,3780,Sync,0.0,c29a38.fffe.b34e68,128,248,254,65535,128,1,160,BOOTING,-1,False,False,False,False,0,healthy
532.3379792410001,mixed_pdv_loss_holdover,0.0,0.0,0.0,0.0,0.0,6.0,2.0,1.5,0.0,0.0,0.0,20.0,4,3781,Sync,0.0,c29a38.fffe.b34e68,128,248,254,65535,128,1,160,BOOTING,-1,False,False,False,False,0,healthy
532.450739141,mixed_pdv_loss_holdover,0.0,0.0,0.0,0.0,0.0,6.0,2.0,1.5,0.0,0.0,0.0,20.0,4,3782,Sync,0.0,c29a38.fffe.b34e68,128,248,254,65535,128,1,160,BOOTING,-1,False,False,False,False,0,healthy
532.564779741,mixed_pdv_loss_holdover,0.0,0.0,0.0,0.0,0.0,6.0,2.0,1.5,0.0,0.0,0.0,20.0,4,3783,Sync,0.0,c29a38.fffe.b34e68,128,248,254,65535,128,1,160,BOOTING,-1,False,False,False,False,0,healthy
532.676879941,mixed_pdv_loss_holdover,0.0,0.0,0.0,0.0,0.0,6.0,2.0,1.5,0.0,0.0,0.0,20.0,4,3784,Sync,0.0,c29a38.fffe.b34e68,128,248,254,65535,128,1,160,BOOTING,-1,False,False,False,False,0,healthy
532.8083254410001,mixed_pdv_loss_holdover,0.0,0.0,0.0,0.0,0.0,6.0,2.0,1.5,0.0,0.0,0.0,20.0,4,3785,Sync,0.0,c29a38.fffe.b34e68,128,248,254,65535,128,1,160,BOOTING,-1,False,False,False,False,0,healthy
532.925542841,mixed_pdv_loss_holdover,0.0,0.0,0.0,0.0,0.0,6.0,2.0,1.5,0.0,0.0,0.0,20.0,4,3786,Sync,0.0,c29a38.fffe.b34e68,128,248,254,65535,128,1,160,BOOTING,-1,False,False,False,False,0,healthy
533.041823141,mixed_pdv_loss_holdover,0.0,0.0,0.0,0.0,0.0,6.0,2.0,1.5,0.0,0.0,0.0,20.0,4,3787,Sync,0.0,c29a38.fffe.b34e68,128,248,254,65535,128,1,160,BOOTING,-1,False,False,False,False,0,healthy
533.1817444410001,mixed_pdv_loss_holdover,0.0,0.0,0.0,0.0,0.0,6.0,2.0,1.5,0.0,0.0,0.0,20.0,4,3788,Sync,0.0,c29a38.fffe.b34e68,128,248,254,65535,128,1,160,BOOTING,-1,False,False,False,False,0,healthy
533.293903041,mixed_pdv_loss_holdover,0.0,0.0,0.0,0.0,0.0,6.0,2.0,1.5,0.0,0.0,0.0,20.0,4,3789,Sync,0.0,c29a38.fffe.b34e68,128,248,254,65535,128,1,160,BOOTING,-1,False,False,False,False,0,healthy
533.406084341,mixed_pdv_loss_holdover,0.0,0.0,0.0,0.0,0.0,6.0,2.0,1.5,0.0,0.0,0.0,20.0,4,3790,Sync,0.0,c29a38.fffe.b34e68,128,248,254,65535,128,1,160,BOOTING,-1,False,False,False,False,0,healthy
533.518244641,mixed_pdv_loss_holdover,0.0,0.0,0.0,0.0,0.0,6.0,2.0,1.5,0.0,0.0,0.0,20.0,4,3791,Sync,0.0,c29a38.fffe.b34e68,128,248,254,65535,128,1,160,BOOTING,-1,False,False,False,False,0,healthy
533.631339741,mixed_pdv_loss_holdover,0.0,0.0,0.0,0.0,0.0,6.0,2.0,1.5,0.0,0.0,0.0,20.0,4,3792,Sync,0.0,c29a38.fffe.b34e68,128,248,254,65535,128,1,160,BOOTING,-1,False,False,False,False,0,healthy
533.7431148410001,mixed_pdv_loss_holdover,0.0,0.0,0.0,0.0,0.0,6.0,2.0,1.5,0.0,0.0,0.0,20.0,4,3793,Sync,0.0,c29a38.fffe.b34e68,128,248,254,65535,128,1,160,BOOTING,-1,False,False,False,False,0,healthy
533.8550075410001,mixed_pdv_loss_holdover,0.0,0.0,0.0,0.0,0.0,6.0,2.0,1.5,0.0,0.0,0.0,20.0,4,3794,Sync,0.0,c29a38.fffe.b34e68,128,248,254,65535,128,1,160,BOOTING,-1,False,False,False,False,0,healthy
533.988054966,mixed_pdv_loss_holdover,0.0,0.0,0.0,0.0,0.0,6.0,2.0,1.5,0.0,0.0,0.0,20.0,4,3795,Sync,0.0,c29a38.fffe.b34e68,128,248,254,65535,128,1,160,BOOTING,-1,False,False,False,False,0,healthy
534.101198308,mixed_pdv_loss_holdover,0.0,0.0,0.0,0.0,0.0,6.0,2.0,1.5,0.0,0.0,0.0,20.0,4,3796,Sync,0.0,c29a38.fffe.b34e68,128,248,254,65535,128,1,160,BOOTING,-1,False,False,False,False,0,healthy
534.226088458,mixed_pdv_loss_holdover,0.0,0.0,0.0,0.0,0.0,6.0,2.0,1.5,0.0,0.0,0.0,20.0,4,3797,Sync,0.0,c29a38.fffe.b34e68,128,248,254,65535,128,1,160,BOOTING,-1,False,False,False,False,0,healthy
534.3563828160001,mixed_pdv_loss_holdover,0.0,0.0,0.0,0.0,0.0,6.0,2.0,1.5,0.0,0.0,0.0,20.0,4,3798,Sync,0.0,c29a38.fffe.b34e68,128,248,254,65535,128,1,160,BOOTING,-1,False,False,False,False,0,healthy
534.466625916,mixed_pdv_loss_holdover,0.0,0.0,0.0,0.0,0.0,6.0,2.0,1.5,0.0,0.0,0.0,20.0,4,3799,Sync,0.0,c29a38.fffe.b34e68,128,248,254,65535,128,1,160,BOOTING,-1,False,False,False,False,0,healthy
534.592111166,mixed_pdv_loss_holdover,0.0,0.0,0.0,0.0,0.0,6.0,2.0,1.5,0.0,0.0,0.0,20.0,4,3800,Sync,0.0,c29a38.fffe.b34e68,128,248,254,65535,128,1,160,BOOTING,-1,False,False,False,False,0,healthy
534.701152974,mixed_pdv_loss_holdover,0.0,0.0,0.0,0.0,0.0,6.0,2.0,1.5,0.0,0.0,0.0,20.0,4,3801,Sync,0.0,c29a38.fffe.b34e68,128,248,254,65535,128,1,160,BOOTING,-1,False,False,False,False,0,healthy
534.8289595910001,mixed_pdv_loss_holdover,0.0,0.0,0.0,0.0,0.0,6.0,2.0,1.5,0.0,0.0,0.0,20.0,4,3802,Sync,0.0,c29a38.fffe.b34e68,128,248,254,65535,128,1,160,BOOTING,-1,False,False,False,False,0,healthy
534.944313383,mixed_pdv_loss_holdover,0.0,0.0,0.0,0.0,0.0,6.0,2.0,1.5,0.0,0.0,0.0,20.0,4,3803,Sync,0.0,c29a38.fffe.b34e68,128,248,254,65535,128,1,160,BOOTING,-1,False,False,False,False,0,healthy
535.056007658,mixed_pdv_loss_holdover,0.0,0.0,0.0,0.0,0.0,6.0,2.0,1.5,0.0,0.0,0.0,20.0,4,3804,Sync,0.0,c29a38.fffe.b34e68,128,248,254,65535,128,1,160,BOOTING,-1,False,False,False,False,0,healthy
535.172489408,mixed_pdv_loss_holdover,0.0,0.0,0.0,0.0,0.0,6.0,2.0,1.5,0.0,0.0,0.0,20.0,4,3805,Sync,0.0,c29a38.fffe.b34e68,128,248,254,65535,128,1,160,BOOTING,-1,False,False,False,False,0,healthy
535.285489933,mixed_pdv_loss_holdover,0.0,0.0,0.0,0.0,0.0,6.0,2.0,1.5,0.0,0.0,0.0,20.0,4,3806,Sync,0.0,c29a38.fffe.b34e68,128,248,254,65535,128,1,160,BOOTING,-1,False,False,False,False,0,healthy
535.402648824,mixed_pdv_loss_holdover,0.0,0.0,0.0,0.0,0.0,6.0,2.0,1.5,0.0,0.0,0.0,20.0,4,3807,Sync,0.0,c29a38.fffe.b34e68,128,248,254,65535,128,1,160,BOOTING,-1,False,False,False,False,0,healthy
535.527627799,mixed_pdv_loss_holdover,0.0,0.0,0.0,0.0,0.0,6.0,2.0,1.5,0.0,0.0,0.0,20.0,4,3808,Sync,0.0,c29a38.fffe.b34e68,128,248,254,65535,128,1,160,BOOTING,-1,False,False,False,False,0,healthy
535.637618541,mixed_pdv_loss_holdover,0.0,0.0,0.0,0.0,0.0,6.0,2.0,1.5,0.0,0.0,0.0,20.0,4,3809,Sync,0.0,c29a38.fffe.b34e68,128,248,254,65535,128,1,160,BOOTING,-1,False,False,False,False,0,healthy
535.765924649,mixed_pdv_loss_holdover,0.0,0.0,0.0,0.0,0.0,6.0,2.0,1.5,0.0,0.0,0.0,20.0,4,3810,Sync,0.0,c29a38.fffe.b34e68,128,248,254,65535,128,1,160,BOOTING,-1,False,False,False,False,0,healthy
535.876418458,mixed_pdv_loss_holdover,0.0,0.0,0.0,0.0,0.0,6.0,2.0,1.5,0.0,0.0,0.0,20.0,4,3811,Sync,0.0,c29a38.fffe.b34e68,128,248,254,65535,128,1,160,BOOTING,-1,False,False,False,False,0,healthy
536.007111108,mixed_pdv_loss_holdover,0.0,0.0,0.0,0.0,0.0,6.0,2.0,1.5,0.0,0.0,0.0,20.0,4,3812,Sync,0.0,c29a38.fffe.b34e68,128,248,254,65535,128,1,160,BOOTING,-1,False,False,False,False,0,healthy
536.119575841,mixed_pdv_loss_holdover,0.0,0.0,0.0,0.0,0.0,6.0,2.0,1.5,0.0,0.0,0.0,20.0,4,3813,Sync,0.0,c29a38.fffe.b34e68,128,248,254,65535,128,1,160,BOOTING,-1,False,False,False,False,0,healthy
536.233363324,mixed_pdv_loss_holdover,0.0,0.0,0.0,0.0,0.0,6.0,2.0,1.5,0.0,0.0,0.0,20.0,4,3814,Sync,0.0,c29a38.fffe.b34e68,128,248,254,65535,128,1,160,BOOTING,-1,False,False,False,False,0,healthy
536.371541933,mixed_pdv_loss_holdover,0.0,0.0,0.0,0.0,0.0,6.0,2.0,1.5,0.0,0.0,0.0,20.0,4,3815,Sync,0.0,c29a38.fffe.b34e68,128,248,254,65535,128,1,160,BOOTING,-1,False,False,False,False,0,healthy
536.484683258,mixed_pdv_loss_holdover,0.0,0.0,0.0,0.0,0.0,6.0,2.0,1.5,0.0,0.0,0.0,20.0,4,3816,Sync,0.0,c29a38.fffe.b34e68,128,248,254,65535,128,1,160,BOOTING,-1,False,False,False,False,0,healthy
536.6103395580001,mixed_pdv_loss_holdover,0.0,0.0,0.0,0.0,0.0,6.0,2.0,1.5,0.0,0.0,0.0,20.0,4,3817,Sync,0.0,c29a38.fffe.b34e68,128,248,254,65535,128,1,160,BOOTING,-1,False,False,False,False,0,healthy
536.736302574,mixed_pdv_loss_holdover,0.0,0.0,0.0,0.0,0.0,6.0,2.0,1.5,0.0,0.0,0.0,20.0,4,3818,Sync,0.0,c29a38.fffe.b34e68,128,248,254,65535,128,1,160,BOOTING,-1,False,False,False,False,0,healthy
536.8469880580001,mixed_pdv_loss_holdover,0.0,0.0,0.0,0.0,0.0,6.0,2.0,1.5,0.0,0.0,0.0,20.0,4,3819,Sync,0.0,c29a38.fffe.b34e68,128,248,254,65535,128,1,160,BOOTING,-1,False,False,False,False,0,healthy
536.976150424,mixed_pdv_loss_holdover,0.0,0.0,0.0,0.0,0.0,6.0,2.0,1.5,0.0,0.0,0.0,20.0,4,3820,Sync,0.0,c29a38.fffe.b34e68,128,248,254,65535,128,1,160,BOOTING,-1,False,False,False,False,0,healthy
537.0867171990001,mixed_pdv_loss_holdover,0.0,0.0,0.0,0.0,0.0,6.0,2.0,1.5,0.0,0.0,0.0,20.0,4,3821,Sync,0.0,c29a38.fffe.b34e68,128,248,254,65535,128,1,160,BOOTING,-1,False,False,False,False,0,healthy
537.2158250240001,mixed_pdv_loss_holdover,0.0,0.0,0.0,0.0,0.0,6.0,2.0,1.5,0.0,0.0,0.0,20.0,4,3822,Sync,0.0,c29a38.fffe.b34e68,128,248,254,65535,128,1,160,BOOTING,-1,False,False,False,False,0,healthy
537.350489316,mixed_pdv_loss_holdover,0.0,0.0,0.0,0.0,0.0,6.0,2.0,1.5,0.0,0.0,0.0,20.0,4,3823,Sync,0.0,c29a38.fffe.b34e68,128,248,254,65535,128,1,160,BOOTING,-1,False,False,False,False,0,healthy
537.465714866,mixed_pdv_loss_holdover,0.0,0.0,0.0,0.0,0.0,6.0,2.0,1.5,0.0,0.0,0.0,20.0,4,3824,Sync,0.0,c29a38.fffe.b34e68,128,248,254,65535,128,1,160,BOOTING,-1,False,False,False,False,0,healthy
537.603414241,mixed_pdv_loss_holdover,0.0,0.0,0.0,0.0,0.0,6.0,2.0,1.5,0.0,0.0,0.0,20.0,4,3825,Sync,0.0,c29a38.fffe.b34e68,128,248,254,65535,128,1,160,BOOTING,-1,False,False,False,False,0,healthy
537.713782833,mixed_pdv_loss_holdover,0.0,0.0,0.0,0.0,0.0,6.0,2.0,1.5,0.0,0.0,0.0,20.0,4,3826,Sync,0.0,c29a38.fffe.b34e68,128,248,254,65535,128,1,160,BOOTING,-1,False,False,False,False,0,healthy
537.8295409660001,mixed_pdv_loss_holdover,0.0,0.0,0.0,0.0,0.0,6.0,2.0,1.5,0.0,0.0,0.0,20.0,4,3827,Sync,0.0,c29a38.fffe.b34e68,128,248,254,65535,128,1,160,BOOTING,-1,False,False,False,False,0,healthy
537.941497224,mixed_pdv_loss_holdover,0.0,0.0,0.0,0.0,0.0,6.0,2.0,1.5,0.0,0.0,0.0,20.0,4,3828,Sync,0.0,c29a38.fffe.b34e68,128,248,254,65535,128,1,160,BOOTING,-1,False,False,False,False,0,healthy
538.053720416,mixed_pdv_loss_holdover,0.0,0.0,0.0,0.0,0.0,6.0,2.0,1.5,0.0,0.0,0.0,20.0,4,3829,Sync,0.0,c29a38.fffe.b34e68,128,248,254,65535,128,1,160,BOOTING,-1,False,False,False,False,0,healthy
538.184778908,mixed_pdv_loss_holdover,0.0,0.0,0.0,0.0,0.0,6.0,2.0,1.5,0.0,0.0,0.0,20.0,4,3830,Sync,0.0,c29a38.fffe.b34e68,128,248,254,65535,128,1,160,BOOTING,-1,False,False,False,False,0,healthy
538.2974764740001,mixed_pdv_loss_holdover,0.0,0.0,0.0,0.0,0.0,6.0,2.0,1.5,0.0,0.0,0.0,20.0,4,3831,Sync,0.0,c29a38.fffe.b34e68,128,248,254,65535,128,1,160,BOOTING,-1,False,False,False,False,0,healthy
538.434651149,mixed_pdv_loss_holdover,0.0,0.0,0.0,0.0,0.0,6.0,2.0,1.5,0.0,0.0,0.0,20.0,4,3832,Sync,0.0,c29a38.fffe.b34e68,128,248,254,65535,128,1,160,BOOTING,-1,False,False,False,False,0,healthy
538.554430149,mixed_pdv_loss_holdover,0.0,0.0,0.0,0.0,0.0,6.0,2.0,1.5,0.0,0.0,0.0,20.0,4,3833,Sync,0.0,c29a38.fffe.b34e68,128,248,254,65535,128,1,160,BOOTING,-1,False,False,False,False,0,healthy
538.665903049,mixed_pdv_loss_holdover,0.0,0.0,0.0,0.0,0.0,6.0,2.0,1.5,0.0,0.0,0.0,20.0,4,3834,Sync,0.0,c29a38.fffe.b34e68,128,248,254,65535,128,1,160,BOOTING,-1,False,False,False,False,0,healthy
538.858608566,mixed_pdv_loss_holdover,0.0,0.0,0.0,0.0,0.0,6.0,2.0,1.5,0.0,0.0,0.0,20.0,4,3835,Sync,0.0,c29a38.fffe.b34e68,128,248,254,65535,128,1,160,BOOTING,-1,False,False,False,False,0,healthy
538.9684963660001,mixed_pdv_loss_holdover,0.0,0.0,0.0,0.0,0.0,6.0,2.0,1.5,0.0,0.0,0.0,20.0,4,3836,Sync,0.0,c29a38.fffe.b34e68,128,248,254,65535,128,1,160,BOOTING,-1,False,False,False,False,0,healthy
539.083532533,mixed_pdv_loss_holdover,0.0,0.0,0.0,0.0,0.0,6.0,2.0,1.5,0.0,0.0,0.0,20.0,4,3837,Sync,0.0,c29a38.fffe.b34e68,128,248,254,65535,128,1,160,BOOTING,-1,False,False,False,False,0,healthy
539.194359091,mixed_pdv_loss_holdover,0.0,0.0,0.0,0.0,0.0,6.0,2.0,1.5,0.0,0.0,0.0,20.0,4,3838,Sync,0.0,c29a38.fffe.b34e68,128,248,254,65535,128,1,160,BOOTING,-1,False,False,False,False,0,healthy
539.3052299240001,mixed_pdv_loss_holdover,0.0,0.0,0.0,0.0,0.0,6.0,2.0,1.5,0.0,0.0,0.0,20.0,4,3839,Sync,0.0,c29a38.fffe.b34e68,128,248,254,65535,128,1,160,BOOTING,-1,False,False,False,False,0,healthy
539.415038708,mixed_pdv_loss_holdover,0.0,0.0,0.0,0.0,0.0,6.0,2.0,1.5,0.0,0.0,0.0,20.0,4,3840,Sync,0.0,c29a38.fffe.b34e68,128,248,254,65535,128,1,160,BOOTING,-1,False,False,False,False,0,healthy
539.5306989410001,mixed_pdv_loss_holdover,0.0,0.0,0.0,0.0,0.0,6.0,2.0,1.5,0.0,0.0,0.0,20.0,4,3841,Sync,0.0,c29a38.fffe.b34e68,128,248,254,65535,128,1,160,BOOTING,-1,False,False,False,False,0,healthy
539.645474958,mixed_pdv_loss_holdover,0.0,0.0,0.0,0.0,0.0,6.0,2.0,1.5,0.0,0.0,0.0,20.0,4,3842,Sync,0.0,c29a38.fffe.b34e68,128,248,254,65535,128,1,160,BOOTING,-1,False,False,False,False,0,healthy
539.778328374,mixed_pdv_loss_holdover,0.0,0.0,0.0,0.0,0.0,6.0,2.0,1.5,0.0,0.0,0.0,20.0,4,3843,Sync,0.0,c29a38.fffe.b34e68,128,248,254,65535,128,1,160,BOOTING,-1,False,False,False,False,0,healthy
539.889684408,mixed_pdv_loss_holdover,0.0,0.0,0.0,0.0,0.0,6.0,2.0,1.5,0.0,0.0,0.0,20.0,4,3844,Sync,0.0,c29a38.fffe.b34e68,128,248,254,65535,128,1,160,BOOTING,-1,False,False,False,False,0,healthy
540.017733508,mixed_pdv_loss_holdover,0.0,0.0,0.0,0.0,0.0,6.0,2.0,1.5,0.0,0.0,0.0,20.0,4,3845,Sync,0.0,c29a38.fffe.b34e68,128,248,254,65535,128,1,160,BOOTING,-1,False,False,False,False,0,healthy
540.1478275080001,mixed_pdv_loss_holdover,0.0,0.0,0.0,0.0,0.0,6.0,2.0,1.5,0.0,0.0,0.0,20.0,4,3846,Sync,0.0,c29a38.fffe.b34e68,128,248,254,65535,128,1,160,BOOTING,-1,False,False,False,False,0,healthy
540.259302608,mixed_pdv_loss_holdover,0.0,0.0,0.0,0.0,0.0,6.0,2.0,1.5,0.0,0.0,0.0,20.0,4,3847,Sync,0.0,c29a38.fffe.b34e68,128,248,254,65535,128,1,160,BOOTING,-1,False,False,False,False,0,healthy
540.373000508,mixed_pdv_loss_holdover,0.0,0.0,0.0,0.0,0.0,6.0,2.0,1.5,0.0,0.0,0.0,20.0,4,3848,Sync,0.0,c29a38.fffe.b34e68,128,248,254,65535,128,1,160,BOOTING,-1,False,False,False,False,0,healthy
540.486763708,mixed_pdv_loss_holdover,0.0,0.0,0.0,0.0,0.0,6.0,2.0,1.5,0.0,0.0,0.0,20.0,4,3849,Sync,0.0,c29a38.fffe.b34e68,128,248,254,65535,128,1,160,BOOTING,-1,False,False,False,False,0,healthy
540.6186009080001,mixed_pdv_loss_holdover,0.0,0.0,0.0,0.0,0.0,6.0,2.0,1.5,0.0,0.0,0.0,20.0,4,3850,Sync,0.0,c29a38.fffe.b34e68,128,248,254,65535,128,1,160,BOOTING,-1,False,False,False,False,0,healthy
540.7492600080001,mixed_pdv_loss_holdover,0.0,0.0,0.0,0.0,0.0,6.0,2.0,1.5,0.0,0.0,0.0,20.0,4,3851,Sync,0.0,c29a38.fffe.b34e68,128,248,254,65535,128,1,160,BOOTING,-1,False,False,False,False,0,healthy
540.862045608,mixed_pdv_loss_holdover,0.0,0.0,0.0,0.0,0.0,6.0,2.0,1.5,0.0,0.0,0.0,20.0,4,3852,Announce,8.866380105266513,c29a38.fffe.b34e68,128,248,254,65535,128,1,160,BOOTING,-1,False,False,False,False,0,healthy
540.9788627080001,mixed_pdv_loss_holdover,0.0,0.0,0.0,0.0,0.0,6.0,2.0,1.5,0.0,0.0,0.0,20.0,4,3853,Sync,0.0,c29a38.fffe.b34e68,128,248,254,65535,128,1,160,BOOTING,-1,False,False,False,False,0,healthy
541.0931096080001,mixed_pdv_loss_holdover,0.0,0.0,0.0,0.0,0.0,6.0,2.0,1.5,0.0,0.0,0.0,20.0,4,3854,Sync,17.505945456723914,c29a38.fffe.b34e68,128,248,254,65535,128,1,160,BOOTING,-1,False,False,False,False,0,healthy
541.2126791080001,mixed_pdv_loss_holdover,0.0,0.0,0.0,0.0,0.0,6.0,2.0,1.5,0.0,0.0,0.0,20.0,4,3855,Sync,8.363336804117308,c29a38.fffe.b34e68,128,248,254,65535,128,1,160,BOOTING,-1,False,False,False,False,0,healthy
541.328858008,mixed_pdv_loss_holdover,0.0,0.0,0.0,0.0,0.0,6.0,2.0,1.5,0.0,0.0,0.0,20.0,4,3856,Sync,17.214829887368253,c29a38.fffe.b34e68,128,248,254,65535,128,1,160,BOOTING,-1,False,False,False,False,0,healthy
541.4489260080001,mixed_pdv_loss_holdover,0.0,0.0,0.0,0.0,0.0,6.0,2.0,1.5,0.0,0.0,0.0,20.0,4,3857,Sync,16.657227571034717,c29a38.fffe.b34e68,128,248,254,65535,128,1,160,BOOTING,-1,False,False,False,False,0,healthy
541.569608308,mixed_pdv_loss_holdover,0.0,0.0,0.0,0.0,0.0,6.0,2.0,1.5,0.0,0.0,0.0,20.0,4,3858,Sync,16.572438543183413,c29a38.fffe.b34e68,128,248,254,65535,128,1,160,BOOTING,-1,False,False,False,False,0,healthy
541.685493008,mixed_pdv_loss_holdover,0.0,0.0,0.0,0.0,0.0,6.0,2.0,1.5,0.0,0.0,0.0,20.0,4,3859,Sync,0.0,c29a38.fffe.b34e68,128,248,254,65535,128,1,160,BOOTING,-1,False,False,False,False,0,healthy
541.811370808,mixed_pdv_loss_holdover,0.0,0.0,0.0,0.0,0.0,6.0,2.0,1.5,0.0,0.0,0.0,20.0,4,3860,Sync,0.0,c29a38.fffe.b34e68,128,248,254,65535,128,1,160,BOOTING,-1,False,False,False,False,0,healthy
541.9316139910001,mixed_pdv_loss_holdover,0.0,0.0,0.0,0.0,0.0,6.0,2.0,1.5,0.0,0.0,0.0,20.0,4,3861,Sync,0.0,c29a38.fffe.b34e68,128,248,254,65535,128,1,160,BOOTING,-1,False,False,False,False,0,healthy
542.0470444160001,mixed_pdv_loss_holdover,0.0,0.0,0.0,0.0,0.0,6.0,2.0,1.5,0.0,0.0,0.0,20.0,4,3862,Sync,0.0,c29a38.fffe.b34e68,128,248,254,65535,128,1,160,BOOTING,-1,False,False,False,False,0,healthy
542.1846602830001,mixed_pdv_loss_holdover,0.0,0.0,0.0,0.0,0.0,6.0,2.0,1.5,0.0,0.0,0.0,20.0,4,3863,Sync,0.0,c29a38.fffe.b34e68,128,248,254,65535,128,1,160,BOOTING,-1,False,False,False,False,0,healthy
542.2981858740001,mixed_pdv_loss_holdover,0.0,0.0,0.0,0.0,0.0,6.0,2.0,1.5,0.0,0.0,0.0,20.0,4,3864,Sync,0.0,c29a38.fffe.b34e68,128,248,254,65535,128,1,160,BOOTING,-1,False,False,False,False,0,healthy
542.432899208,mixed_pdv_loss_holdover,0.0,0.0,0.0,0.0,0.0,6.0,2.0,1.5,0.0,0.0,0.0,20.0,4,3865,Sync,0.0,c29a38.fffe.b34e68,128,248,254,65535,128,1,160,BOOTING,-1,False,False,False,False,0,healthy
542.546064824,mixed_pdv_loss_holdover,0.0,0.0,0.0,0.0,0.0,6.0,2.0,1.5,0.0,0.0,0.0,20.0,4,3866,Sync,0.0,c29a38.fffe.b34e68,128,248,254,65535,128,1,160,BOOTING,-1,False,False,False,False,0,healthy
542.657542766,mixed_pdv_loss_holdover,0.0,0.0,0.0,0.0,0.0,6.0,2.0,1.5,0.0,0.0,0.0,20.0,4,3867,Sync,0.0,c29a38.fffe.b34e68,128,248,254,65535,128,1,160,BOOTING,-1,False,False,False,False,0,healthy
542.773060366,mixed_pdv_loss_holdover,0.0,0.0,0.0,0.0,0.0,6.0,2.0,1.5,0.0,0.0,0.0,20.0,4,3868,Sync,0.0,c29a38.fffe.b34e68,128,248,254,65535,128,1,160,BOOTING,-1,False,False,False,False,0,healthy
542.884721824,mixed_pdv_loss_holdover,0.0,0.0,0.0,0.0,0.0,6.0,2.0,1.5,0.0,0.0,0.0,20.0,4,3869,Sync,0.0,c29a38.fffe.b34e68,128,248,254,65535,128,1,160,BOOTING,-1,False,False,False,False,0,healthy
543.0219719410001,mixed_pdv_loss_holdover,0.0,0.0,0.0,0.0,0.0,6.0,2.0,1.5,0.0,0.0,0.0,20.0,4,3870,Sync,0.0,c29a38.fffe.b34e68,128,248,254,65535,128,1,160,BOOTING,-1,False,False,False,False,0,healthy
543.136584149,mixed_pdv_loss_holdover,0.0,0.0,0.0,0.0,0.0,6.0,2.0,1.5,0.0,0.0,0.0,20.0,4,3871,Sync,0.0,c29a38.fffe.b34e68,128,248,254,65535,128,1,160,BOOTING,-1,False,False,False,False,0,healthy
543.253484908,mixed_pdv_loss_holdover,0.0,0.0,0.0,0.0,0.0,6.0,2.0,1.5,0.0,0.0,0.0,20.0,4,3872,Sync,0.0,c29a38.fffe.b34e68,128,248,254,65535,128,1,160,BOOTING,-1,False,False,False,False,0,healthy
543.3696243740001,mixed_pdv_loss_holdover,0.0,0.0,0.0,0.0,0.0,6.0,2.0,1.5,0.0,0.0,0.0,20.0,4,3873,Sync,0.0,c29a38.fffe.b34e68,128,248,254,65535,128,1,160,BOOTING,-1,False,False,False,False,0,healthy
543.482412416,mixed_pdv_loss_holdover,0.0,0.0,0.0,0.0,0.0,6.0,2.0,1.5,0.0,0.0,0.0,20.0,4,3874,Sync,0.0,c29a38.fffe.b34e68,128,248,254,65535,128,1,160,BOOTING,-1,False,False,False,False,0,healthy
543.6027090580001,mixed_pdv_loss_holdover,0.0,0.0,0.0,0.0,0.0,6.0,2.0,1.5,0.0,0.0,0.0,20.0,4,3875,Sync,0.0,c29a38.fffe.b34e68,128,248,254,65535,128,1,160,BOOTING,-1,False,False,False,False,0,healthy
543.7338476660001,mixed_pdv_loss_holdover,0.0,0.0,0.0,0.0,0.0,6.0,2.0,1.5,0.0,0.0,0.0,20.0,4,3876,Sync,0.0,c29a38.fffe.b34e68,128,248,254,65535,128,1,160,BOOTING,-1,False,False,False,False,0,healthy
543.844856549,mixed_pdv_loss_holdover,0.0,0.0,0.0,0.0,0.0,6.0,2.0,1.5,0.0,0.0,0.0,20.0,4,3877,Sync,0.0,c29a38.fffe.b34e68,128,248,254,65535,128,1,160,BOOTING,-1,False,False,False,False,0,healthy
543.9594957080001,mixed_pdv_loss_holdover,0.0,0.0,0.0,0.0,0.0,6.0,2.0,1.5,0.0,0.0,0.0,20.0,4,3878,Sync,0.0,c29a38.fffe.b34e68,128,248,254,65535,128,1,160,BOOTING,-1,False,False,False,False,0,healthy
544.071149008,mixed_pdv_loss_holdover,0.0,0.0,0.0,0.0,0.0,6.0,2.0,1.5,0.0,0.0,0.0,20.0,4,3879,Sync,0.0,c29a38.fffe.b34e68,128,248,254,65535,128,1,160,BOOTING,-1,False,False,False,False,0,healthy
544.2032852240001,mixed_pdv_loss_holdover,0.0,0.0,0.0,0.0,0.0,6.0,2.0,1.5,0.0,0.0,0.0,20.0,4,3880,Sync,0.0,c29a38.fffe.b34e68,128,248,254,65535,128,1,160,BOOTING,-1,False,False,False,False,0,healthy
544.3173750240001,mixed_pdv_loss_holdover,0.0,0.0,0.0,0.0,0.0,6.0,2.0,1.5,0.0,0.0,0.0,20.0,4,3881,Sync,0.0,c29a38.fffe.b34e68,128,248,254,65535,128,1,160,BOOTING,-1,False,False,False,False,0,healthy
544.4319703660001,mixed_pdv_loss_holdover,0.0,0.0,0.0,0.0,0.0,6.0,2.0,1.5,0.0,0.0,0.0,20.0,4,3882,Sync,0.0,c29a38.fffe.b34e68,128,248,254,65535,128,1,160,BOOTING,-1,False,False,False,False,0,healthy
544.562343833,mixed_pdv_loss_holdover,0.0,0.0,0.0,0.0,0.0,6.0,2.0,1.5,0.0,0.0,0.0,20.0,4,3883,Sync,0.0,c29a38.fffe.b34e68,128,248,254,65535,128,1,160,BOOTING,-1,False,False,False,False,0,healthy
544.6725660330001,mixed_pdv_loss_holdover,0.0,0.0,0.0,0.0,0.0,6.0,2.0,1.5,0.0,0.0,0.0,20.0,4,3884,Sync,0.0,c29a38.fffe.b34e68,128,248,254,65535,128,1,160,BOOTING,-1,False,False,False,False,0,healthy
544.802008533,mixed_pdv_loss_holdover,0.0,0.0,0.0,0.0,0.0,6.0,2.0,1.5,0.0,0.0,0.0,20.0,4,3885,Sync,0.0,c29a38.fffe.b34e68,128,248,254,65535,128,1,160,BOOTING,-1,False,False,False,False,0,healthy
544.913525799,mixed_pdv_loss_holdover,0.0,0.0,0.0,0.0,0.0,6.0,2.0,1.5,0.0,0.0,0.0,20.0,4,3886,Sync,0.0,c29a38.fffe.b34e68,128,248,254,65535,128,1,160,BOOTING,-1,False,False,False,False,0,healthy
545.044879366,mixed_pdv_loss_holdover,0.0,0.0,0.0,0.0,0.0,6.0,2.0,1.5,0.0,0.0,0.0,20.0,4,3887,Sync,0.0,c29a38.fffe.b34e68,128,248,254,65535,128,1,160,BOOTING,-1,False,False,False,False,0,healthy
545.167103849,mixed_pdv_loss_holdover,0.0,0.0,0.0,0.0,0.0,6.0,2.0,1.5,0.0,0.0,0.0,20.0,4,3888,Sync,0.0,c29a38.fffe.b34e68,128,248,254,65535,128,1,160,BOOTING,-1,False,False,False,False,0,healthy
545.2803003580001,mixed_pdv_loss_holdover,0.0,0.0,0.0,0.0,0.0,6.0,2.0,1.5,0.0,0.0,0.0,20.0,4,3889,Sync,0.0,c29a38.fffe.b34e68,128,248,254,65535,128,1,160,BOOTING,-1,False,False,False,False,0,healthy
545.4129264410001,mixed_pdv_loss_holdover,0.0,0.0,0.0,0.0,0.0,6.0,2.0,1.5,0.0,0.0,0.0,20.0,4,3890,Sync,0.0,c29a38.fffe.b34e68,128,248,254,65535,128,1,160,BOOTING,-1,False,False,False,False,0,healthy
545.569616674,mixed_pdv_loss_holdover,0.0,0.0,0.0,0.0,0.0,6.0,2.0,1.5,0.0,0.0,0.0,20.0,4,3891,Sync,0.0,c29a38.fffe.b34e68,128,248,254,65535,128,1,160,BOOTING,-1,False,False,False,False,0,healthy
545.680587058,mixed_pdv_loss_holdover,0.0,0.0,0.0,0.0,0.0,6.0,2.0,1.5,0.0,0.0,0.0,20.0,4,3892,Sync,0.0,c29a38.fffe.b34e68,128,248,254,65535,128,1,160,BOOTING,-1,False,False,False,False,0,healthy
545.809350974,mixed_pdv_loss_holdover,0.0,0.0,0.0,0.0,0.0,6.0,2.0,1.5,0.0,0.0,0.0,20.0,4,3893,Sync,0.0,c29a38.fffe.b34e68,128,248,254,65535,128,1,160,BOOTING,-1,False,False,False,False,0,healthy
545.938771674,mixed_pdv_loss_holdover,0.0,0.0,0.0,0.0,0.0,6.0,2.0,1.5,0.0,0.0,0.0,20.0,4,3894,Sync,0.0,c29a38.fffe.b34e68,128,248,254,65535,128,1,160,BOOTING,-1,False,False,False,False,0,healthy
546.051502174,mixed_pdv_loss_holdover,0.0,0.0,0.0,0.0,0.0,6.0,2.0,1.5,0.0,0.0,0.0,20.0,4,3895,Sync,0.0,c29a38.fffe.b34e68,128,248,254,65535,128,1,160,BOOTING,-1,False,False,False,False,0,healthy
546.164893774,mixed_pdv_loss_holdover,0.0,0.0,0.0,0.0,0.0,6.0,2.0,1.5,0.0,0.0,0.0,20.0,4,3896,Sync,0.0,c29a38.fffe.b34e68,128,248,254,65535,128,1,160,BOOTING,-1,False,False,False,False,0,healthy
546.277908675,mixed_pdv_loss_holdover,0.0,0.0,0.0,0.0,0.0,6.0,2.0,1.5,0.0,0.0,0.0,20.0,4,3897,Sync,0.0,c29a38.fffe.b34e68,128,248,254,65535,128,1,160,BOOTING,-1,False,False,False,False,0,healthy
546.391064475,mixed_pdv_loss_holdover,0.0,0.0,0.0,0.0,0.0,6.0,2.0,1.5,0.0,0.0,0.0,20.0,4,3898,Sync,0.0,c29a38.fffe.b34e68,128,248,254,65535,128,1,160,BOOTING,-1,False,False,False,False,0,healthy
546.527514975,mixed_pdv_loss_holdover,0.0,0.0,0.0,0.0,0.0,6.0,2.0,1.5,0.0,0.0,0.0,20.0,4,3899,Sync,0.0,c29a38.fffe.b34e68,128,248,254,65535,128,1,160,BOOTING,-1,False,False,False,False,0,healthy
546.6425135750001,mixed_pdv_loss_holdover,0.0,0.0,0.0,0.0,0.0,6.0,2.0,1.5,0.0,0.0,0.0,20.0,4,3900,Sync,0.0,c29a38.fffe.b34e68,128,248,254,65535,128,1,160,BOOTING,-1,False,False,False,False,0,healthy
546.757656975,mixed_pdv_loss_holdover,0.0,0.0,0.0,0.0,0.0,6.0,2.0,1.5,0.0,0.0,0.0,20.0,4,3901,Sync,0.0,c29a38.fffe.b34e68,128,248,254,65535,128,1,160,BOOTING,-1,False,False,False,False,0,healthy
546.869803775,mixed_pdv_loss_holdover,0.0,0.0,0.0,0.0,0.0,6.0,2.0,1.5,0.0,0.0,0.0,20.0,4,3902,Sync,0.0,c29a38.fffe.b34e68,128,248,254,65535,128,1,160,BOOTING,-1,False,False,False,False,0,healthy
546.984415975,mixed_pdv_loss_holdover,0.0,0.0,0.0,0.0,0.0,6.0,2.0,1.5,0.0,0.0,0.0,20.0,4,3903,Sync,0.0,c29a38.fffe.b34e68,128,248,254,65535,128,1,160,BOOTING,-1,False,False,False,False,0,healthy
547.096796375,mixed_pdv_loss_holdover,0.0,0.0,0.0,0.0,0.0,6.0,2.0,1.5,0.0,0.0,0.0,20.0,4,3904,Sync,0.0,c29a38.fffe.b34e68,128,248,254,65535,128,1,160,BOOTING,-1,False,False,False,False,0,healthy
547.2265477750001,mixed_pdv_loss_holdover,0.0,0.0,0.0,0.0,0.0,6.0,2.0,1.5,0.0,0.0,0.0,20.0,4,3905,Sync,0.0,c29a38.fffe.b34e68,128,248,254,65535,128,1,160,BOOTING,-1,False,False,False,False,0,healthy
547.3401263750001,mixed_pdv_loss_holdover,0.0,0.0,0.0,0.0,0.0,6.0,2.0,1.5,0.0,0.0,0.0,20.0,4,3906,Sync,0.0,c29a38.fffe.b34e68,128,248,254,65535,128,1,160,BOOTING,-1,False,False,False,False,0,healthy
547.452390475,mixed_pdv_loss_holdover,0.0,0.0,0.0,0.0,0.0,6.0,2.0,1.5,0.0,0.0,0.0,20.0,4,3907,Sync,0.0,c29a38.fffe.b34e68,128,248,254,65535,128,1,160,BOOTING,-1,False,False,False,False,0,healthy
547.585745875,mixed_pdv_loss_holdover,0.0,0.0,0.0,0.0,0.0,6.0,2.0,1.5,0.0,0.0,0.0,20.0,4,3908,Sync,0.0,c29a38.fffe.b34e68,128,248,254,65535,128,1,160,BOOTING,-1,False,False,False,False,0,healthy
547.7010994750001,mixed_pdv_loss_holdover,0.0,0.0,0.0,0.0,0.0,6.0,2.0,1.5,0.0,0.0,0.0,20.0,4,3909,Sync,0.0,c29a38.fffe.b34e68,128,248,254,65535,128,1,160,BOOTING,-1,False,False,False,False,0,healthy
547.8258870750001,mixed_pdv_loss_holdover,0.0,0.0,0.0,0.0,0.0,6.0,2.0,1.5,0.0,0.0,0.0,20.0,4,3910,Sync,0.0,c29a38.fffe.b34e68,128,248,254,65535,128,1,160,BOOTING,-1,False,False,False,False,0,healthy
547.944681275,mixed_pdv_loss_holdover,0.0,0.0,0.0,0.0,0.0,6.0,2.0,1.5,0.0,0.0,0.0,20.0,4,3911,Sync,0.0,c29a38.fffe.b34e68,128,248,254,65535,128,1,160,BOOTING,-1,False,False,False,False,0,healthy
548.056871975,mixed_pdv_loss_holdover,0.0,0.0,0.0,0.0,0.0,6.0,2.0,1.5,0.0,0.0,0.0,20.0,4,3912,Sync,0.0,c29a38.fffe.b34e68,128,248,254,65535,128,1,160,BOOTING,-1,False,False,False,False,0,healthy
548.184496375,mixed_pdv_loss_holdover,0.0,0.0,0.0,0.0,0.0,6.0,2.0,1.5,0.0,0.0,0.0,20.0,4,3913,Sync,0.0,c29a38.fffe.b34e68,128,248,254,65535,128,1,160,BOOTING,-1,False,False,False,False,0,healthy
548.295939675,mixed_pdv_loss_holdover,0.0,0.0,0.0,0.0,0.0,6.0,2.0,1.5,0.0,0.0,0.0,20.0,4,3914,Sync,0.0,c29a38.fffe.b34e68,128,248,254,65535,128,1,160,BOOTING,-1,False,False,False,False,0,healthy
548.425984375,mixed_pdv_loss_holdover,0.0,0.0,0.0,0.0,0.0,6.0,2.0,1.5,0.0,0.0,0.0,20.0,4,3915,Sync,0.0,c29a38.fffe.b34e68,128,248,254,65535,128,1,160,BOOTING,-1,False,False,False,False,0,healthy
548.543480275,mixed_pdv_loss_holdover,0.0,0.0,0.0,0.0,0.0,6.0,2.0,1.5,0.0,0.0,0.0,20.0,4,3916,Sync,0.0,c29a38.fffe.b34e68,128,248,254,65535,128,1,160,BOOTING,-1,False,False,False,False,0,healthy
548.6552015750001,mixed_pdv_loss_holdover,0.0,0.0,0.0,0.0,0.0,6.0,2.0,1.5,0.0,0.0,0.0,20.0,4,3917,Sync,0.0,c29a38.fffe.b34e68,128,248,254,65535,128,1,160,BOOTING,-1,False,False,False,False,0,healthy
548.766400075,mixed_pdv_loss_holdover,0.0,0.0,0.0,0.0,0.0,6.0,2.0,1.5,0.0,0.0,0.0,20.0,4,3918,Sync,0.0,c29a38.fffe.b34e68,128,248,254,65535,128,1,160,BOOTING,-1,False,False,False,False,0,healthy
548.882900175,mixed_pdv_loss_holdover,0.0,0.0,0.0,0.0,0.0,6.0,2.0,1.5,0.0,0.0,0.0,20.0,4,3919,Sync,0.0,c29a38.fffe.b34e68,128,248,254,65535,128,1,160,BOOTING,-1,False,False,False,False,0,healthy
549.0278917750001,mixed_pdv_loss_holdover,0.0,0.0,0.0,0.0,0.0,6.0,2.0,1.5,0.0,0.0,0.0,20.0,4,3920,Sync,0.0,c29a38.fffe.b34e68,128,248,254,65535,128,1,160,BOOTING,-1,False,False,False,False,0,healthy
549.1815687750001,mixed_pdv_loss_holdover,0.0,0.0,0.0,0.0,0.0,6.0,2.0,1.5,0.0,0.0,0.0,20.0,4,3921,Sync,0.0,c29a38.fffe.b34e68,128,248,254,65535,128,1,160,BOOTING,-1,False,False,False,False,0,healthy
549.295790775,mixed_pdv_loss_holdover,0.0,0.0,0.0,0.0,0.0,6.0,2.0,1.5,0.0,0.0,0.0,20.0,4,3922,Sync,0.0,c29a38.fffe.b34e68,128,248,254,65535,128,1,160,BOOTING,-1,False,False,False,False,0,healthy
549.408336975,mixed_pdv_loss_holdover,0.0,0.0,0.0,0.0,0.0,6.0,2.0,1.5,0.0,0.0,0.0,20.0,4,3923,Sync,0.0,c29a38.fffe.b34e68,128,248,254,65535,128,1,160,BOOTING,-1,False,False,False,False,0,healthy
549.522942275,mixed_pdv_loss_holdover,0.0,0.0,0.0,0.0,0.0,6.0,2.0,1.5,0.0,0.0,0.0,20.0,4,3924,Sync,0.0,c29a38.fffe.b34e68,128,248,254,65535,128,1,160,BOOTING,-1,False,False,False,False,0,healthy
549.634983375,mixed_pdv_loss_holdover,0.0,0.0,0.0,0.0,0.0,6.0,2.0,1.5,0.0,0.0,0.0,20.0,4,3925,Sync,0.0,c29a38.fffe.b34e68,128,248,254,65535,128,1,160,BOOTING,-1,False,False,False,False,0,healthy
549.750195575,mixed_pdv_loss_holdover,0.0,0.0,0.0,0.0,0.0,6.0,2.0,1.5,0.0,0.0,0.0,20.0,4,3926,Sync,0.0,c29a38.fffe.b34e68,128,248,254,65535,128,1,160,BOOTING,-1,False,False,False,False,0,healthy
549.862093475,mixed_pdv_loss_holdover,0.0,0.0,0.0,0.0,0.0,6.0,2.0,1.5,0.0,0.0,0.0,20.0,4,3927,Sync,0.0,c29a38.fffe.b34e68,128,248,254,65535,128,1,160,BOOTING,-1,False,False,False,False,0,healthy
549.97922569,mixed_pdv_loss_holdover,0.0,0.0,0.0,0.0,0.0,6.0,2.0,1.5,0.0,0.0,0.0,20.0,4,3928,Sync,0.0,c29a38.fffe.b34e68,128,248,254,65535,128,1,160,BOOTING,-1,False,False,False,False,0,healthy
550.093560746,mixed_pdv_loss_holdover,0.0,0.0,0.0,0.0,0.0,6.0,2.0,1.5,0.0,0.0,0.0,20.0,4,3929,Sync,0.0,c29a38.fffe.b34e68,128,248,254,65535,128,1,160,BOOTING,-1,False,False,False,False,0,healthy
550.232474752,mixed_pdv_loss_holdover,0.0,0.0,0.0,0.0,0.0,6.0,2.0,1.5,0.0,0.0,0.0,20.0,4,3930,Sync,0.0,c29a38.fffe.b34e68,128,248,254,65535,128,1,160,BOOTING,-1,False,False,False,False,0,healthy
550.353102237,mixed_pdv_loss_holdover,0.0,0.0,0.0,0.0,0.0,6.0,2.0,1.5,0.0,0.0,0.0,20.0,4,3931,Sync,0.0,c29a38.fffe.b34e68,128,248,254,65535,128,1,160,BOOTING,-1,False,False,False,False,0,healthy
550.4667356560001,mixed_pdv_loss_holdover,0.0,0.0,0.0,0.0,0.0,6.0,2.0,1.5,0.0,0.0,0.0,20.0,4,3932,Sync,0.0,c29a38.fffe.b34e68,128,248,254,65535,128,1,160,BOOTING,-1,False,False,False,False,0,healthy
550.6050981100001,mixed_pdv_loss_holdover,0.0,0.0,0.0,0.0,0.0,6.0,2.0,1.5,0.0,0.0,0.0,20.0,4,3933,Sync,0.0,c29a38.fffe.b34e68,128,248,254,65535,128,1,160,BOOTING,-1,False,False,False,False,0,healthy
550.716400422,mixed_pdv_loss_holdover,0.0,0.0,0.0,0.0,0.0,6.0,2.0,1.5,0.0,0.0,0.0,20.0,4,3934,Sync,0.0,c29a38.fffe.b34e68,128,248,254,65535,128,1,160,BOOTING,-1,False,False,False,False,0,healthy
550.834412334,mixed_pdv_loss_holdover,0.0,0.0,0.0,0.0,0.0,6.0,2.0,1.5,0.0,0.0,0.0,20.0,4,3935,Sync,0.0,c29a38.fffe.b34e68,128,248,254,65535,128,1,160,BOOTING,-1,False,False,False,False,0,healthy
550.968365627,mixed_pdv_loss_holdover,0.0,0.0,0.0,0.0,0.0,6.0,2.0,1.5,0.0,0.0,0.0,20.0,4,3936,Sync,0.0,c29a38.fffe.b34e68,128,248,254,65535,128,1,160,BOOTING,-1,False,False,False,False,0,healthy
551.081490615,mixed_pdv_loss_holdover,0.0,0.0,0.0,0.0,0.0,6.0,2.0,1.5,0.0,0.0,0.0,20.0,4,3937,Sync,0.0,c29a38.fffe.b34e68,128,248,254,65535,128,1,160,BOOTING,-1,False,False,False,False,0,healthy
551.193195229,mixed_pdv_loss_holdover,0.0,0.0,0.0,0.0,0.0,6.0,2.0,1.5,0.0,0.0,0.0,20.0,4,3938,Sync,0.0,c29a38.fffe.b34e68,128,248,254,65535,128,1,160,BOOTING,-1,False,False,False,False,0,healthy
551.329217654,mixed_pdv_loss_holdover,0.0,0.0,0.0,0.0,0.0,6.0,2.0,1.5,0.0,0.0,0.0,20.0,4,3939,Sync,0.0,c29a38.fffe.b34e68,128,248,254,65535,128,1,160,BOOTING,-1,False,False,False,False,0,healthy
551.442298591,mixed_pdv_loss_holdover,0.0,0.0,0.0,0.0,0.0,6.0,2.0,1.5,0.0,0.0,0.0,20.0,4,3940,Sync,0.0,c29a38.fffe.b34e68,128,248,254,65535,128,1,160,BOOTING,-1,False,False,False,False,0,healthy
551.556672865,mixed_pdv_loss_holdover,0.0,0.0,0.0,0.0,0.0,6.0,2.0,1.5,0.0,0.0,0.0,20.0,4,3941,Sync,0.0,c29a38.fffe.b34e68,128,248,254,65535,128,1,160,BOOTING,-1,False,False,False,False,0,healthy
551.668360937,mixed_pdv_loss_holdover,0.0,0.0,0.0,0.0,0.0,6.0,2.0,1.5,0.0,0.0,0.0,20.0,4,3942,Sync,0.0,c29a38.fffe.b34e68,128,248,254,65535,128,1,160,BOOTING,-1,False,False,False,False,0,healthy
551.799538535,mixed_pdv_loss_holdover,0.0,0.0,0.0,0.0,0.0,6.0,2.0,1.5,0.0,0.0,0.0,20.0,4,3943,Sync,0.0,c29a38.fffe.b34e68,128,248,254,65535,128,1,160,BOOTING,-1,False,False,False,False,0,healthy
551.9109327560001,mixed_pdv_loss_holdover,0.0,0.0,0.0,0.0,0.0,6.0,2.0,1.5,0.0,0.0,0.0,20.0,4,3944,Sync,0.0,c29a38.fffe.b34e68,128,248,254,65535,128,1,160,BOOTING,-1,False,False,False,False,0,healthy
552.022112954,mixed_pdv_loss_holdover,0.0,0.0,0.0,0.0,0.0,6.0,2.0,1.5,0.0,0.0,0.0,20.0,4,3945,Sync,0.0,c29a38.fffe.b34e68,128,248,254,65535,128,1,160,BOOTING,-1,False,False,False,False,0,healthy
552.1341307490001,mixed_pdv_loss_holdover,0.0,0.0,0.0,0.0,0.0,6.0,2.0,1.5,0.0,0.0,0.0,20.0,4,3946,Sync,0.0,c29a38.fffe.b34e68,128,248,254,65535,128,1,160,BOOTING,-1,False,False,False,False,0,healthy
552.2467477700001,mixed_pdv_loss_holdover,0.0,0.0,0.0,0.0,0.0,6.0,2.0,1.5,0.0,0.0,0.0,20.0,4,3947,Sync,0.0,c29a38.fffe.b34e68,128,248,254,65535,128,1,160,BOOTING,-1,False,False,False,False,0,healthy
552.381970515,mixed_pdv_loss_holdover,0.0,0.0,0.0,0.0,0.0,6.0,2.0,1.5,0.0,0.0,0.0,20.0,4,3948,Sync,0.0,c29a38.fffe.b34e68,128,248,254,65535,128,1,160,BOOTING,-1,False,False,False,False,0,healthy
552.497016129,mixed_pdv_loss_holdover,0.0,0.0,0.0,0.0,0.0,6.0,2.0,1.5,0.0,0.0,0.0,20.0,4,3949,Sync,0.0,c29a38.fffe.b34e68,128,248,254,65535,128,1,160,BOOTING,-1,False,False,False,False,0,healthy
552.638711777,mixed_pdv_loss_holdover,0.0,0.0,0.0,0.0,0.0,6.0,2.0,1.5,0.0,0.0,0.0,20.0,4,3950,Sync,0.0,c29a38.fffe.b34e68,128,248,254,65535,128,1,160,BOOTING,-1,False,False,False,False,0,healthy
552.775867788,mixed_pdv_loss_holdover,0.0,0.0,0.0,0.0,0.0,6.0,2.0,1.5,0.0,0.0,0.0,20.0,4,3951,Sync,0.0,c29a38.fffe.b34e68,128,248,254,65535,128,1,160,BOOTING,-1,False,False,False,False,0,healthy
552.88830452,mixed_pdv_loss_holdover,0.0,0.0,0.0,0.0,0.0,6.0,2.0,1.5,0.0,0.0,0.0,20.0,4,3952,Sync,0.0,c29a38.fffe.b34e68,128,248,254,65535,128,1,160,BOOTING,-1,False,False,False,False,0,healthy
553.0193935540001,mixed_pdv_loss_holdover,0.0,0.0,0.0,0.0,0.0,6.0,2.0,1.5,0.0,0.0,0.0,20.0,4,3953,Sync,0.0,c29a38.fffe.b34e68,128,248,254,65535,128,1,160,BOOTING,-1,False,False,False,False,0,healthy
553.1681183970001,mixed_pdv_loss_holdover,0.0,0.0,0.0,0.0,0.0,6.0,2.0,1.5,0.0,0.0,0.0,20.0,4,3954,Sync,0.0,c29a38.fffe.b34e68,128,248,254,65535,128,1,160,BOOTING,-1,False,False,False,False,0,healthy
553.281479525,mixed_pdv_loss_holdover,0.0,0.0,0.0,0.0,0.0,6.0,2.0,1.5,0.0,0.0,0.0,20.0,4,3955,Sync,0.0,c29a38.fffe.b34e68,128,248,254,65535,128,1,160,BOOTING,-1,False,False,False,False,0,healthy
553.425598779,mixed_pdv_loss_holdover,0.0,0.0,0.0,0.0,0.0,6.0,2.0,1.5,0.0,0.0,0.0,20.0,4,3956,Sync,0.0,c29a38.fffe.b34e68,128,248,254,65535,128,1,160,BOOTING,-1,False,False,False,False,0,healthy
553.571680879,mixed_pdv_loss_holdover,0.0,0.0,0.0,0.0,0.0,6.0,2.0,1.5,0.0,0.0,0.0,20.0,4,3957,Sync,0.0,c29a38.fffe.b34e68,128,248,254,65535,128,1,160,BOOTING,-1,False,False,False,False,0,healthy
553.684945079,mixed_pdv_loss_holdover,0.0,0.0,0.0,0.0,0.0,6.0,2.0,1.5,0.0,0.0,0.0,20.0,4,3958,Sync,0.0,c29a38.fffe.b34e68,128,248,254,65535,128,1,160,BOOTING,-1,False,False,False,False,0,healthy
553.8235188790001,mixed_pdv_loss_holdover,0.0,0.0,0.0,0.0,0.0,6.0,2.0,1.5,0.0,0.0,0.0,20.0,4,3959,Sync,0.0,c29a38.fffe.b34e68,128,248,254,65535,128,1,160,BOOTING,-1,False,False,False,False,0,healthy
553.9615635790001,mixed_pdv_loss_holdover,0.0,0.0,0.0,0.0,0.0,6.0,2.0,1.5,0.0,0.0,0.0,20.0,4,3960,Sync,0.0,c29a38.fffe.b34e68,128,248,254,65535,128,1,160,BOOTING,-1,False,False,False,False,0,healthy
554.076626779,mixed_pdv_loss_holdover,0.0,0.0,0.0,0.0,0.0,6.0,2.0,1.5,0.0,0.0,0.0,20.0,4,3961,Sync,0.0,c29a38.fffe.b34e68,128,248,254,65535,128,1,160,BOOTING,-1,False,False,False,False,0,healthy
554.223682179,mixed_pdv_loss_holdover,0.0,0.0,0.0,0.0,0.0,6.0,2.0,1.5,0.0,0.0,0.0,20.0,4,3962,Sync,0.0,c29a38.fffe.b34e68,128,248,254,65535,128,1,160,BOOTING,-1,False,False,False,False,0,healthy
554.359127779,mixed_pdv_loss_holdover,0.0,0.0,0.0,0.0,0.0,6.0,2.0,1.5,0.0,0.0,0.0,20.0,4,3963,Sync,0.0,c29a38.fffe.b34e68,128,248,254,65535,128,1,160,BOOTING,-1,False,False,False,False,0,healthy
554.4712283790001,mixed_pdv_loss_holdover,0.0,0.0,0.0,0.0,0.0,6.0,2.0,1.5,0.0,0.0,0.0,20.0,4,3964,Sync,0.0,c29a38.fffe.b34e68,128,248,254,65535,128,1,160,BOOTING,-1,False,False,False,False,0,healthy
554.6014119790001,mixed_pdv_loss_holdover,0.0,0.0,0.0,0.0,0.0,6.0,2.0,1.5,0.0,0.0,0.0,20.0,4,3965,Sync,0.0,c29a38.fffe.b34e68,128,248,254,65535,128,1,160,BOOTING,-1,False,False,False,False,0,healthy
554.713329979,mixed_pdv_loss_holdover,0.0,0.0,0.0,0.0,0.0,6.0,2.0,1.5,0.0,0.0,0.0,20.0,4,3966,Sync,0.0,c29a38.fffe.b34e68,128,248,254,65535,128,1,160,BOOTING,-1,False,False,False,False,0,healthy
554.849970579,mixed_pdv_loss_holdover,0.0,0.0,0.0,0.0,0.0,6.0,2.0,1.5,0.0,0.0,0.0,20.0,4,3967,Sync,0.0,c29a38.fffe.b34e68,128,248,254,65535,128,1,160,BOOTING,-1,False,False,False,False,0,healthy
554.988558879,mixed_pdv_loss_holdover,0.0,0.0,0.0,0.0,0.0,6.0,2.0,1.5,0.0,0.0,0.0,20.0,4,3968,Sync,0.0,c29a38.fffe.b34e68,128,248,254,65535,128,1,160,BOOTING,-1,False,False,False,False,0,healthy
555.103202379,mixed_pdv_loss_holdover,0.0,0.0,0.0,0.0,0.0,6.0,2.0,1.5,0.0,0.0,0.0,20.0,4,3969,Sync,0.0,c29a38.fffe.b34e68,128,248,254,65535,128,1,160,BOOTING,-1,False,False,False,False,0,healthy
555.2156771800001,mixed_pdv_loss_holdover,0.0,0.0,0.0,0.0,0.0,6.0,2.0,1.5,0.0,0.0,0.0,20.0,4,3970,Sync,0.0,c29a38.fffe.b34e68,128,248,254,65535,128,1,160,BOOTING,-1,False,False,False,False,0,healthy
555.3474370800001,mixed_pdv_loss_holdover,0.0,0.0,0.0,0.0,0.0,6.0,2.0,1.5,0.0,0.0,0.0,20.0,4,3971,Sync,0.0,c29a38.fffe.b34e68,128,248,254,65535,128,1,160,BOOTING,-1,False,False,False,False,0,healthy
555.45963458,mixed_pdv_loss_holdover,0.0,0.0,0.0,0.0,0.0,6.0,2.0,1.5,0.0,0.0,0.0,20.0,4,3972,Sync,0.0,c29a38.fffe.b34e68,128,248,254,65535,128,1,160,BOOTING,-1,False,False,False,False,0,healthy
555.57764278,mixed_pdv_loss_holdover,0.0,0.0,0.0,0.0,0.0,6.0,2.0,1.5,0.0,0.0,0.0,20.0,4,3973,Sync,0.0,c29a38.fffe.b34e68,128,248,254,65535,128,1,160,BOOTING,-1,False,False,False,False,0,healthy
555.6898962800001,mixed_pdv_loss_holdover,0.0,0.0,0.0,0.0,0.0,6.0,2.0,1.5,0.0,0.0,0.0,20.0,4,3974,Sync,0.0,c29a38.fffe.b34e68,128,248,254,65535,128,1,160,BOOTING,-1,False,False,False,False,0,healthy
555.81084578,mixed_pdv_loss_holdover,0.0,0.0,0.0,0.0,0.0,6.0,2.0,1.5,0.0,0.0,0.0,20.0,4,3975,Sync,0.0,c29a38.fffe.b34e68,128,248,254,65535,128,1,160,BOOTING,-1,False,False,False,False,0,healthy
555.9456338800001,mixed_pdv_loss_holdover,0.0,0.0,0.0,0.0,0.0,6.0,2.0,1.5,0.0,0.0,0.0,20.0,4,3976,Sync,0.0,c29a38.fffe.b34e68,128,248,254,65535,128,1,160,BOOTING,-1,False,False,False,False,0,healthy
556.06115158,mixed_pdv_loss_holdover,0.0,0.0,0.0,0.0,0.0,6.0,2.0,1.5,0.0,0.0,0.0,20.0,4,3977,Sync,0.0,c29a38.fffe.b34e68,128,248,254,65535,128,1,160,BOOTING,-1,False,False,False,False,0,healthy
556.18096718,mixed_pdv_loss_holdover,0.0,0.0,0.0,0.0,0.0,6.0,2.0,1.5,0.0,0.0,0.0,20.0,4,3978,Sync,0.0,c29a38.fffe.b34e68,128,248,254,65535,128,1,160,BOOTING,-1,False,False,False,False,0,healthy
556.29493398,mixed_pdv_loss_holdover,0.0,0.0,0.0,0.0,0.0,6.0,2.0,1.5,0.0,0.0,0.0,20.0,4,3979,Sync,0.0,c29a38.fffe.b34e68,128,248,254,65535,128,1,160,BOOTING,-1,False,False,False,False,0,healthy
556.43581708,mixed_pdv_loss_holdover,0.0,0.0,0.0,0.0,0.0,6.0,2.0,1.5,0.0,0.0,0.0,20.0,4,3980,Sync,0.0,c29a38.fffe.b34e68,128,248,254,65535,128,1,160,BOOTING,-1,False,False,False,False,0,healthy
556.5535585800001,mixed_pdv_loss_holdover,0.0,0.0,0.0,0.0,0.0,6.0,2.0,1.5,0.0,0.0,0.0,20.0,4,3981,Sync,0.0,c29a38.fffe.b34e68,128,248,254,65535,128,1,160,BOOTING,-1,False,False,False,False,0,healthy
556.6668257800001,mixed_pdv_loss_holdover,0.0,0.0,0.0,0.0,0.0,6.0,2.0,1.5,0.0,0.0,0.0,20.0,4,3982,Sync,0.0,c29a38.fffe.b34e68,128,248,254,65535,128,1,160,BOOTING,-1,False,False,False,False,0,healthy
556.80422618,mixed_pdv_loss_holdover,0.0,0.0,0.0,0.0,0.0,6.0,2.0,1.5,0.0,0.0,0.0,20.0,4,3983,Sync,0.0,c29a38.fffe.b34e68,128,248,254,65535,128,1,160,BOOTING,-1,False,False,False,False,0,healthy
556.91460768,mixed_pdv_loss_holdover,0.0,0.0,0.0,0.0,0.0,6.0,2.0,1.5,0.0,0.0,0.0,20.0,4,3984,Sync,0.0,c29a38.fffe.b34e68,128,248,254,65535,128,1,160,BOOTING,-1,False,False,False,False,0,healthy
557.04612718,mixed_pdv_loss_holdover,0.0,0.0,0.0,0.0,0.0,6.0,2.0,1.5,0.0,0.0,0.0,20.0,4,3985,Sync,0.0,c29a38.fffe.b34e68,128,248,254,65535,128,1,160,BOOTING,-1,False,False,False,False,0,healthy
557.1762893800001,mixed_pdv_loss_holdover,0.0,0.0,0.0,0.0,0.0,6.0,2.0,1.5,0.0,0.0,0.0,20.0,4,3986,Sync,0.0,c29a38.fffe.b34e68,128,248,254,65535,128,1,160,BOOTING,-1,False,False,False,False,0,healthy
557.29024738,mixed_pdv_loss_holdover,0.0,0.0,0.0,0.0,0.0,6.0,2.0,1.5,0.0,0.0,0.0,20.0,4,3987,Sync,0.0,c29a38.fffe.b34e68,128,248,254,65535,128,1,160,BOOTING,-1,False,False,False,False,0,healthy
557.40426618,mixed_pdv_loss_holdover,0.0,0.0,0.0,0.0,0.0,6.0,2.0,1.5,0.0,0.0,0.0,20.0,4,3988,Sync,0.0,c29a38.fffe.b34e68,128,248,254,65535,128,1,160,BOOTING,-1,False,False,False,False,0,healthy
557.5214902800001,mixed_pdv_loss_holdover,0.0,0.0,0.0,0.0,0.0,6.0,2.0,1.5,0.0,0.0,0.0,20.0,4,3989,Sync,0.0,c29a38.fffe.b34e68,128,248,254,65535,128,1,160,BOOTING,-1,False,False,False,False,0,healthy
557.6333730800001,mixed_pdv_loss_holdover,0.0,0.0,0.0,0.0,0.0,6.0,2.0,1.5,0.0,0.0,0.0,20.0,4,3990,Sync,0.0,c29a38.fffe.b34e68,128,248,254,65535,128,1,160,BOOTING,-1,False,False,False,False,0,healthy
557.7630957800001,mixed_pdv_loss_holdover,0.0,0.0,0.0,0.0,0.0,6.0,2.0,1.5,0.0,0.0,0.0,20.0,4,3991,Sync,0.0,c29a38.fffe.b34e68,128,248,254,65535,128,1,160,BOOTING,-1,False,False,False,False,0,healthy
557.87462238,mixed_pdv_loss_holdover,0.0,0.0,0.0,0.0,0.0,6.0,2.0,1.5,0.0,0.0,0.0,20.0,4,3992,Sync,0.0,c29a38.fffe.b34e68,128,248,254,65535,128,1,160,BOOTING,-1,False,False,False,False,0,healthy
557.987868232,mixed_pdv_loss_holdover,0.0,0.0,0.0,0.0,0.0,6.0,2.0,1.5,0.0,0.0,0.0,20.0,4,3993,Sync,0.0,c29a38.fffe.b34e68,128,248,254,65535,128,1,160,BOOTING,-1,False,False,False,False,0,healthy
558.099517388,mixed_pdv_loss_holdover,0.0,0.0,0.0,0.0,0.0,6.0,2.0,1.5,0.0,0.0,0.0,20.0,4,3994,Sync,0.0,c29a38.fffe.b34e68,128,248,254,65535,128,1,160,BOOTING,-1,False,False,False,False,0,healthy
558.226942459,mixed_pdv_loss_holdover,0.0,0.0,0.0,0.0,0.0,6.0,2.0,1.5,0.0,0.0,0.0,20.0,4,3995,Sync,0.0,c29a38.fffe.b34e68,128,248,254,65535,128,1,160,BOOTING,-1,False,False,False,False,0,healthy
558.34744374,mixed_pdv_loss_holdover,0.0,0.0,0.0,0.0,0.0,6.0,2.0,1.5,0.0,0.0,0.0,20.0,4,3996,Sync,0.0,c29a38.fffe.b34e68,128,248,254,65535,128,1,160,BOOTING,-1,False,False,False,False,0,healthy
558.46101415,mixed_pdv_loss_holdover,0.0,0.0,0.0,0.0,0.0,6.0,2.0,1.5,0.0,0.0,0.0,20.0,4,3997,Sync,0.0,c29a38.fffe.b34e68,128,248,254,65535,128,1,160,BOOTING,-1,False,False,False,False,0,healthy
558.57353745,mixed_pdv_loss_holdover,0.0,0.0,0.0,0.0,0.0,6.0,2.0,1.5,0.0,0.0,0.0,20.0,4,3998,Sync,0.0,c29a38.fffe.b34e68,128,248,254,65535,128,1,160,BOOTING,-1,False,False,False,False,0,healthy
558.6865897370001,mixed_pdv_loss_holdover,0.0,0.0,0.0,0.0,0.0,6.0,2.0,1.5,0.0,0.0,0.0,20.0,4,3999,Sync,0.0,c29a38.fffe.b34e68,128,248,254,65535,128,1,160,BOOTING,-1,False,False,False,False,0,healthy
558.819693785,mixed_pdv_loss_holdover,0.0,0.0,0.0,0.0,0.0,6.0,2.0,1.5,0.0,0.0,0.0,20.0,4,4000,Sync,0.0,c29a38.fffe.b34e68,128,248,254,65535,128,1,160,BOOTING,-1,False,False,False,False,0,healthy
558.930284578,mixed_pdv_loss_holdover,0.0,0.0,0.0,0.0,0.0,6.0,2.0,1.5,0.0,0.0,0.0,20.0,4,4001,Sync,0.0,c29a38.fffe.b34e68,128,248,254,65535,128,1,160,BOOTING,-1,False,False,False,False,0,healthy
559.04183527,mixed_pdv_loss_holdover,0.0,0.0,0.0,0.0,0.0,6.0,2.0,1.5,0.0,0.0,0.0,20.0,4,4002,Sync,0.0,c29a38.fffe.b34e68,128,248,254,65535,128,1,160,BOOTING,-1,False,False,False,False,0,healthy
559.1643207630001,mixed_pdv_loss_holdover,0.0,0.0,0.0,0.0,0.0,6.0,2.0,1.5,0.0,0.0,0.0,20.0,4,4003,Sync,0.0,c29a38.fffe.b34e68,128,248,254,65535,128,1,160,BOOTING,-1,False,False,False,False,0,healthy
559.275969337,mixed_pdv_loss_holdover,0.0,0.0,0.0,0.0,0.0,6.0,2.0,1.5,0.0,0.0,0.0,20.0,4,4004,Sync,0.0,c29a38.fffe.b34e68,128,248,254,65535,128,1,160,BOOTING,-1,False,False,False,False,0,healthy
559.41604112,mixed_pdv_loss_holdover,0.0,0.0,0.0,0.0,0.0,6.0,2.0,1.5,0.0,0.0,0.0,20.0,4,4005,Sync,0.0,c29a38.fffe.b34e68,128,248,254,65535,128,1,160,BOOTING,-1,False,False,False,False,0,healthy
559.5344298460001,mixed_pdv_loss_holdover,0.0,0.0,0.0,0.0,0.0,6.0,2.0,1.5,0.0,0.0,0.0,20.0,4,4006,Sync,0.0,c29a38.fffe.b34e68,128,248,254,65535,128,1,160,BOOTING,-1,False,False,False,False,0,healthy
559.6489272690001,mixed_pdv_loss_holdover,0.0,0.0,0.0,0.0,0.0,6.0,2.0,1.5,0.0,0.0,0.0,20.0,4,4007,Sync,0.0,c29a38.fffe.b34e68,128,248,254,65535,128,1,160,BOOTING,-1,False,False,False,False,0,healthy
559.790173437,mixed_pdv_loss_holdover,0.0,0.0,0.0,0.0,0.0,6.0,2.0,1.5,0.0,0.0,0.0,20.0,4,4008,Sync,0.0,c29a38.fffe.b34e68,128,248,254,65535,128,1,160,BOOTING,-1,False,False,False,False,0,healthy
559.9037045580001,mixed_pdv_loss_holdover,0.0,0.0,0.0,0.0,0.0,6.0,2.0,1.5,0.0,0.0,0.0,20.0,4,4009,Sync,0.0,c29a38.fffe.b34e68,128,248,254,65535,128,1,160,BOOTING,-1,False,False,False,False,0,healthy
560.017806381,mixed_pdv_loss_holdover,0.0,0.0,0.0,0.0,0.0,6.0,2.0,1.5,0.0,0.0,0.0,20.0,4,4010,Sync,0.0,c29a38.fffe.b34e68,128,248,254,65535,128,1,160,BOOTING,-1,False,False,False,False,0,healthy
560.1318175,mixed_pdv_loss_holdover,0.0,0.0,0.0,0.0,0.0,6.0,2.0,1.5,0.0,0.0,0.0,20.0,4,4011,Sync,0.0,c29a38.fffe.b34e68,128,248,254,65535,128,1,160,BOOTING,-1,False,False,False,False,0,healthy
560.242075554,mixed_pdv_loss_holdover,0.0,0.0,0.0,0.0,0.0,6.0,2.0,1.5,0.0,0.0,0.0,20.0,4,4012,Sync,0.0,c29a38.fffe.b34e68,128,248,254,65535,128,1,160,BOOTING,-1,False,False,False,False,0,healthy
560.372393807,mixed_pdv_loss_holdover,0.0,0.0,0.0,0.0,0.0,6.0,2.0,1.5,0.0,0.0,0.0,20.0,4,4013,Sync,0.0,c29a38.fffe.b34e68,128,248,254,65535,128,1,160,BOOTING,-1,False,False,False,False,0,healthy
560.484401119,mixed_pdv_loss_holdover,0.0,0.0,0.0,0.0,0.0,6.0,2.0,1.5,0.0,0.0,0.0,20.0,4,4014,Sync,0.0,c29a38.fffe.b34e68,128,248,254,65535,128,1,160,BOOTING,-1,False,False,False,False,0,healthy
560.607126903,mixed_pdv_loss_holdover,0.0,0.0,0.0,0.0,0.0,6.0,2.0,1.5,0.0,0.0,0.0,20.0,4,4015,Sync,0.0,c29a38.fffe.b34e68,128,248,254,65535,128,1,160,BOOTING,-1,False,False,False,False,0,healthy
560.72119031,mixed_pdv_loss_holdover,0.0,0.0,0.0,0.0,0.0,6.0,2.0,1.5,0.0,0.0,0.0,20.0,4,4016,Sync,0.0,c29a38.fffe.b34e68,128,248,254,65535,128,1,160,BOOTING,-1,False,False,False,False,0,healthy
560.834792732,mixed_pdv_loss_holdover,0.0,0.0,0.0,0.0,0.0,6.0,2.0,1.5,0.0,0.0,0.0,20.0,4,4017,Sync,0.0,c29a38.fffe.b34e68,128,248,254,65535,128,1,160,BOOTING,-1,False,False,False,False,0,healthy
560.9508573290001,mixed_pdv_loss_holdover,0.0,0.0,0.0,0.0,0.0,6.0,2.0,1.5,0.0,0.0,0.0,20.0,4,4018,Sync,0.0,c29a38.fffe.b34e68,128,248,254,65535,128,1,160,BOOTING,-1,False,False,False,False,0,healthy
561.0647433070001,mixed_pdv_loss_holdover,0.0,0.0,0.0,0.0,0.0,6.0,2.0,1.5,0.0,0.0,0.0,20.0,4,4019,Sync,0.0,c29a38.fffe.b34e68,128,248,254,65535,128,1,160,BOOTING,-1,False,False,False,False,0,healthy
561.1961886060001,mixed_pdv_loss_holdover,0.0,0.0,0.0,0.0,0.0,6.0,2.0,1.5,0.0,0.0,0.0,20.0,4,4020,Sync,0.0,c29a38.fffe.b34e68,128,248,254,65535,128,1,160,BOOTING,-1,False,False,False,False,0,healthy
561.306005076,mixed_pdv_loss_holdover,0.0,0.0,0.0,0.0,0.0,6.0,2.0,1.5,0.0,0.0,0.0,20.0,4,4021,Sync,0.0,c29a38.fffe.b34e68,128,248,254,65535,128,1,160,BOOTING,-1,False,False,False,False,0,healthy
561.4158742230001,mixed_pdv_loss_holdover,0.0,0.0,0.0,0.0,0.0,6.0,2.0,1.5,0.0,0.0,0.0,20.0,4,4022,Sync,0.0,c29a38.fffe.b34e68,128,248,254,65535,128,1,160,BOOTING,-1,False,False,False,False,0,healthy
561.541412284,mixed_pdv_loss_holdover,0.0,0.0,0.0,0.0,0.0,6.0,2.0,1.5,0.0,0.0,0.0,20.0,4,4023,Sync,0.0,c29a38.fffe.b34e68,128,248,254,65535,128,1,160,BOOTING,-1,False,False,False,False,0,healthy
561.6546742070001,mixed_pdv_loss_holdover,0.0,0.0,0.0,0.0,0.0,6.0,2.0,1.5,0.0,0.0,0.0,20.0,4,4024,Sync,0.0,c29a38.fffe.b34e68,128,248,254,65535,128,1,160,BOOTING,-1,False,False,False,False,0,healthy
561.784461727,mixed_pdv_loss_holdover,0.0,0.0,0.0,0.0,0.0,6.0,2.0,1.5,0.0,0.0,0.0,20.0,4,4025,Sync,0.0,c29a38.fffe.b34e68,128,248,254,65535,128,1,160,BOOTING,-1,False,False,False,False,0,healthy
561.896812351,mixed_pdv_loss_holdover,0.0,0.0,0.0,0.0,0.0,6.0,2.0,1.5,0.0,0.0,0.0,20.0,4,4026,Sync,0.0,c29a38.fffe.b34e68,128,248,254,65535,128,1,160,BOOTING,-1,False,False,False,False,0,healthy
562.026461343,mixed_pdv_loss_holdover,0.0,0.0,0.0,0.0,0.0,6.0,2.0,1.5,0.0,0.0,0.0,20.0,4,4027,Sync,0.0,c29a38.fffe.b34e68,128,248,254,65535,128,1,160,BOOTING,-1,False,False,False,False,0,healthy
562.1435940030001,mixed_pdv_loss_holdover,0.0,0.0,0.0,0.0,0.0,6.0,2.0,1.5,0.0,0.0,0.0,20.0,4,4028,Sync,0.0,c29a38.fffe.b34e68,128,248,254,65535,128,1,160,BOOTING,-1,False,False,False,False,0,healthy
562.256444221,mixed_pdv_loss_holdover,0.0,0.0,0.0,0.0,0.0,6.0,2.0,1.5,0.0,0.0,0.0,20.0,4,4029,Sync,0.0,c29a38.fffe.b34e68,128,248,254,65535,128,1,160,BOOTING,-1,False,False,False,False,0,healthy
562.39060799,mixed_pdv_loss_holdover,0.0,0.0,0.0,0.0,0.0,6.0,2.0,1.5,0.0,0.0,0.0,20.0,4,4030,Sync,0.0,c29a38.fffe.b34e68,128,248,254,65535,128,1,160,BOOTING,-1,False,False,False,False,0,healthy
562.500934798,mixed_pdv_loss_holdover,0.0,0.0,0.0,0.0,0.0,6.0,2.0,1.5,0.0,0.0,0.0,20.0,4,4031,Sync,0.0,c29a38.fffe.b34e68,128,248,254,65535,128,1,160,BOOTING,-1,False,False,False,False,0,healthy
562.629345672,mixed_pdv_loss_holdover,0.0,0.0,0.0,0.0,0.0,6.0,2.0,1.5,0.0,0.0,0.0,20.0,4,4032,Sync,0.0,c29a38.fffe.b34e68,128,248,254,65535,128,1,160,BOOTING,-1,False,False,False,False,0,healthy
562.743741031,mixed_pdv_loss_holdover,0.0,0.0,0.0,0.0,0.0,6.0,2.0,1.5,0.0,0.0,0.0,20.0,4,4033,Sync,0.0,c29a38.fffe.b34e68,128,248,254,65535,128,1,160,BOOTING,-1,False,False,False,False,0,healthy
562.8570019160001,mixed_pdv_loss_holdover,0.0,0.0,0.0,0.0,0.0,6.0,2.0,1.5,0.0,0.0,0.0,20.0,4,4034,Sync,0.0,c29a38.fffe.b34e68,128,248,254,65535,128,1,160,BOOTING,-1,False,False,False,False,0,healthy
562.990385314,mixed_pdv_loss_holdover,0.0,0.0,0.0,0.0,0.0,6.0,2.0,1.5,0.0,0.0,0.0,20.0,4,4035,Sync,0.0,c29a38.fffe.b34e68,128,248,254,65535,128,1,160,BOOTING,-1,False,False,False,False,0,healthy
563.103655999,mixed_pdv_loss_holdover,0.0,0.0,0.0,0.0,0.0,6.0,2.0,1.5,0.0,0.0,0.0,20.0,4,4036,Sync,0.0,c29a38.fffe.b34e68,128,248,254,65535,128,1,160,BOOTING,-1,False,False,False,False,0,healthy
563.2400159910001,mixed_pdv_loss_holdover,0.0,0.0,0.0,0.0,0.0,6.0,2.0,1.5,0.0,0.0,0.0,20.0,4,4037,Sync,0.0,c29a38.fffe.b34e68,128,248,254,65535,128,1,160,BOOTING,-1,False,False,False,False,0,healthy
563.3766207980001,mixed_pdv_loss_holdover,0.0,0.0,0.0,0.0,0.0,6.0,2.0,1.5,0.0,0.0,0.0,20.0,4,4038,Sync,0.0,c29a38.fffe.b34e68,128,248,254,65535,128,1,160,BOOTING,-1,False,False,False,False,0,healthy
563.489633767,mixed_pdv_loss_holdover,0.0,0.0,0.0,0.0,0.0,6.0,2.0,1.5,0.0,0.0,0.0,20.0,4,4039,Sync,0.0,c29a38.fffe.b34e68,128,248,254,65535,128,1,160,BOOTING,-1,False,False,False,False,0,healthy
563.606667999,mixed_pdv_loss_holdover,0.0,0.0,0.0,0.0,0.0,6.0,2.0,1.5,0.0,0.0,0.0,20.0,4,4040,Sync,0.0,c29a38.fffe.b34e68,128,248,254,65535,128,1,160,BOOTING,-1,False,False,False,False,0,healthy
563.720143998,mixed_pdv_loss_holdover,0.0,0.0,0.0,0.0,0.0,6.0,2.0,1.5,0.0,0.0,0.0,20.0,4,4041,Sync,0.0,c29a38.fffe.b34e68,128,248,254,65535,128,1,160,BOOTING,-1,False,False,False,False,0,healthy
563.8307606110001,mixed_pdv_loss_holdover,0.0,0.0,0.0,0.0,0.0,6.0,2.0,1.5,0.0,0.0,0.0,20.0,4,4042,Sync,0.0,c29a38.fffe.b34e68,128,248,254,65535,128,1,160,BOOTING,-1,False,False,False,False,0,healthy
563.94270371,mixed_pdv_loss_holdover,0.0,0.0,0.0,0.0,0.0,6.0,2.0,1.5,0.0,0.0,0.0,20.0,4,4043,Sync,0.0,c29a38.fffe.b34e68,128,248,254,65535,128,1,160,BOOTING,-1,False,False,False,False,0,healthy
564.054761817,mixed_pdv_loss_holdover,0.0,0.0,0.0,0.0,0.0,6.0,2.0,1.5,0.0,0.0,0.0,20.0,4,4044,Sync,0.0,c29a38.fffe.b34e68,128,248,254,65535,128,1,160,BOOTING,-1,False,False,False,False,0,healthy
564.1753344790001,mixed_pdv_loss_holdover,0.0,0.0,0.0,0.0,0.0,6.0,2.0,1.5,0.0,0.0,0.0,20.0,4,4045,Sync,0.0,c29a38.fffe.b34e68,128,248,254,65535,128,1,160,BOOTING,-1,False,False,False,False,0,healthy
564.287922821,mixed_pdv_loss_holdover,0.0,0.0,0.0,0.0,0.0,6.0,2.0,1.5,0.0,0.0,0.0,20.0,4,4046,Sync,0.0,c29a38.fffe.b34e68,128,248,254,65535,128,1,160,BOOTING,-1,False,False,False,False,0,healthy
564.412411538,mixed_pdv_loss_holdover,0.0,0.0,0.0,0.0,0.0,6.0,2.0,1.5,0.0,0.0,0.0,20.0,4,4047,Sync,0.0,c29a38.fffe.b34e68,128,248,254,65535,128,1,160,BOOTING,-1,False,False,False,False,0,healthy
564.544063023,mixed_pdv_loss_holdover,0.0,0.0,0.0,0.0,0.0,6.0,2.0,1.5,0.0,0.0,0.0,20.0,4,4048,Sync,0.0,c29a38.fffe.b34e68,128,248,254,65535,128,1,160,BOOTING,-1,False,False,False,False,0,healthy
564.657400613,mixed_pdv_loss_holdover,0.0,0.0,0.0,0.0,0.0,6.0,2.0,1.5,0.0,0.0,0.0,20.0,4,4049,Sync,0.0,c29a38.fffe.b34e68,128,248,254,65535,128,1,160,BOOTING,-1,False,False,False,False,0,healthy
564.7765560820001,mixed_pdv_loss_holdover,0.0,0.0,0.0,0.0,0.0,6.0,2.0,1.5,0.0,0.0,0.0,20.0,4,4050,Sync,0.0,c29a38.fffe.b34e68,128,248,254,65535,128,1,160,BOOTING,-1,False,False,False,False,0,healthy
564.887446413,mixed_pdv_loss_holdover,0.0,0.0,0.0,0.0,0.0,6.0,2.0,1.5,0.0,0.0,0.0,20.0,4,4051,Sync,0.0,c29a38.fffe.b34e68,128,248,254,65535,128,1,160,BOOTING,-1,False,False,False,False,0,healthy
565.00027517,mixed_pdv_loss_holdover,0.0,0.0,0.0,0.0,0.0,6.0,2.0,1.5,0.0,0.0,0.0,20.0,4,4052,Sync,0.0,c29a38.fffe.b34e68,128,248,254,65535,128,1,160,BOOTING,-1,False,False,False,False,0,healthy
565.114852441,mixed_pdv_loss_holdover,0.0,0.0,0.0,0.0,0.0,6.0,2.0,1.5,0.0,0.0,0.0,20.0,4,4053,Sync,0.0,c29a38.fffe.b34e68,128,248,254,65535,128,1,160,BOOTING,-1,False,False,False,False,0,healthy
565.225982488,mixed_pdv_loss_holdover,0.0,0.0,0.0,0.0,0.0,6.0,2.0,1.5,0.0,0.0,0.0,20.0,4,4054,Sync,0.0,c29a38.fffe.b34e68,128,248,254,65535,128,1,160,BOOTING,-1,False,False,False,False,0,healthy
565.353058474,mixed_pdv_loss_holdover,0.0,0.0,0.0,0.0,0.0,6.0,2.0,1.5,0.0,0.0,0.0,20.0,4,4055,Sync,0.0,c29a38.fffe.b34e68,128,248,254,65535,128,1,160,BOOTING,-1,False,False,False,False,0,healthy
565.464860164,mixed_pdv_loss_holdover,0.0,0.0,0.0,0.0,0.0,6.0,2.0,1.5,0.0,0.0,0.0,20.0,4,4056,Sync,0.0,c29a38.fffe.b34e68,128,248,254,65535,128,1,160,BOOTING,-1,False,False,False,False,0,healthy
565.5988913040001,mixed_pdv_loss_holdover,0.0,0.0,0.0,0.0,0.0,6.0,2.0,1.5,0.0,0.0,0.0,20.0,4,4057,Sync,0.0,c29a38.fffe.b34e68,128,248,254,65535,128,1,160,BOOTING,-1,False,False,False,False,0,healthy
565.712336501,mixed_pdv_loss_holdover,0.0,0.0,0.0,0.0,0.0,6.0,2.0,1.5,0.0,0.0,0.0,20.0,4,4058,Announce,8.814828890470466,c29a38.fffe.b34e68,128,248,254,65535,128,1,160,BOOTING,-1,False,False,False,False,0,healthy
565.82994217,mixed_pdv_loss_holdover,0.0,0.0,0.0,0.0,0.0,6.0,2.0,1.5,0.0,0.0,0.0,20.0,4,4059,Sync,8.502991467188572,c29a38.fffe.b34e68,128,248,254,65535,128,1,160,BOOTING,-1,False,False,False,False,0,healthy
565.9586211440001,mixed_pdv_loss_holdover,0.0,0.0,0.0,0.0,0.0,6.0,2.0,1.5,0.0,0.0,0.0,20.0,4,4060,Sync,15.542554761112223,c29a38.fffe.b34e68,128,248,254,65535,128,1,160,BOOTING,-1,False,False,False,False,0,healthy
566.068205069,mixed_pdv_loss_holdover,0.0,0.0,0.0,0.0,0.0,6.0,2.0,1.5,0.0,0.0,0.0,20.0,4,4061,Sync,18.250852029632807,c29a38.fffe.b34e68,128,248,254,65535,128,1,160,BOOTING,-1,False,False,False,False,0,healthy
566.194397436,mixed_pdv_loss_holdover,0.0,0.0,0.0,0.0,0.0,6.0,2.0,1.5,0.0,0.0,0.0,20.0,4,4062,Sync,0.0,c29a38.fffe.b34e68,128,248,254,65535,128,1,160,BOOTING,-1,False,False,False,False,0,healthy
566.305111244,mixed_pdv_loss_holdover,0.0,0.0,0.0,0.0,0.0,6.0,2.0,1.5,0.0,0.0,0.0,20.0,4,4063,Sync,0.0,c29a38.fffe.b34e68,128,248,254,65535,128,1,160,BOOTING,-1,False,False,False,False,0,healthy
566.4365549190001,mixed_pdv_loss_holdover,0.0,0.0,0.0,0.0,0.0,6.0,2.0,1.5,0.0,0.0,0.0,20.0,4,4064,Sync,0.0,c29a38.fffe.b34e68,128,248,254,65535,128,1,160,BOOTING,-1,False,False,False,False,0,healthy
566.5509794860001,mixed_pdv_loss_holdover,0.0,0.0,0.0,0.0,0.0,6.0,2.0,1.5,0.0,0.0,0.0,20.0,4,4065,Sync,0.0,c29a38.fffe.b34e68,128,248,254,65535,128,1,160,BOOTING,-1,False,False,False,False,0,healthy
566.663402878,mixed_pdv_loss_holdover,0.0,0.0,0.0,0.0,0.0,6.0,2.0,1.5,0.0,0.0,0.0,20.0,4,4066,Sync,0.0,c29a38.fffe.b34e68,128,248,254,65535,128,1,160,BOOTING,-1,False,False,False,False,0,healthy
566.794483461,mixed_pdv_loss_holdover,0.0,0.0,0.0,0.0,0.0,6.0,2.0,1.5,0.0,0.0,0.0,20.0,4,4067,Sync,0.0,c29a38.fffe.b34e68,128,248,254,65535,128,1,160,BOOTING,-1,False,False,False,False,0,healthy
566.905993394,mixed_pdv_loss_holdover,0.0,0.0,0.0,0.0,0.0,6.0,2.0,1.5,0.0,0.0,0.0,20.0,4,4068,Sync,0.0,c29a38.fffe.b34e68,128,248,254,65535,128,1,160,BOOTING,-1,False,False,False,False,0,healthy
567.0392423530001,mixed_pdv_loss_holdover,0.0,0.0,0.0,0.0,0.0,6.0,2.0,1.5,0.0,0.0,0.0,20.0,4,4069,Sync,0.0,c29a38.fffe.b34e68,128,248,254,65535,128,1,160,BOOTING,-1,False,False,False,False,0,healthy
567.148706469,mixed_pdv_loss_holdover,0.0,0.0,0.0,0.0,0.0,6.0,2.0,1.5,0.0,0.0,0.0,20.0,4,4070,Sync,0.0,c29a38.fffe.b34e68,128,248,254,65535,128,1,160,BOOTING,-1,False,False,False,False,0,healthy
567.259230161,mixed_pdv_loss_holdover,0.0,0.0,0.0,0.0,0.0,6.0,2.0,1.5,0.0,0.0,0.0,20.0,4,4071,Sync,0.0,c29a38.fffe.b34e68,128,248,254,65535,128,1,160,BOOTING,-1,False,False,False,False,0,healthy
567.3750808780001,mixed_pdv_loss_holdover,0.0,0.0,0.0,0.0,0.0,6.0,2.0,1.5,0.0,0.0,0.0,20.0,4,4072,Sync,0.0,c29a38.fffe.b34e68,128,248,254,65535,128,1,160,BOOTING,-1,False,False,False,False,0,healthy
567.4870715110001,mixed_pdv_loss_holdover,0.0,0.0,0.0,0.0,0.0,6.0,2.0,1.5,0.0,0.0,0.0,20.0,4,4073,Sync,0.0,c29a38.fffe.b34e68,128,248,254,65535,128,1,160,BOOTING,-1,False,False,False,False,0,healthy
567.607759386,mixed_pdv_loss_holdover,0.0,0.0,0.0,0.0,0.0,6.0,2.0,1.5,0.0,0.0,0.0,20.0,4,4074,Sync,0.0,c29a38.fffe.b34e68,128,248,254,65535,128,1,160,BOOTING,-1,False,False,False,False,0,healthy
567.7219194940001,mixed_pdv_loss_holdover,0.0,0.0,0.0,0.0,0.0,6.0,2.0,1.5,0.0,0.0,0.0,20.0,4,4075,Sync,0.0,c29a38.fffe.b34e68,128,248,254,65535,128,1,160,BOOTING,-1,False,False,False,False,0,healthy
567.834285869,mixed_pdv_loss_holdover,0.0,0.0,0.0,0.0,0.0,6.0,2.0,1.5,0.0,0.0,0.0,20.0,4,4076,Sync,0.0,c29a38.fffe.b34e68,128,248,254,65535,128,1,160,BOOTING,-1,False,False,False,False,0,healthy
567.966591578,mixed_pdv_loss_holdover,0.0,0.0,0.0,0.0,0.0,6.0,2.0,1.5,0.0,0.0,0.0,20.0,4,4077,Sync,0.0,c29a38.fffe.b34e68,128,248,254,65535,128,1,160,BOOTING,-1,False,False,False,False,0,healthy
568.0787165940001,mixed_pdv_loss_holdover,0.0,0.0,0.0,0.0,0.0,6.0,2.0,1.5,0.0,0.0,0.0,20.0,4,4078,Sync,0.0,c29a38.fffe.b34e68,128,248,254,65535,128,1,160,BOOTING,-1,False,False,False,False,0,healthy
568.2111337690001,mixed_pdv_loss_holdover,0.0,0.0,0.0,0.0,0.0,6.0,2.0,1.5,0.0,0.0,0.0,20.0,4,4079,Sync,0.0,c29a38.fffe.b34e68,128,248,254,65535,128,1,160,BOOTING,-1,False,False,False,False,0,healthy
568.338450061,mixed_pdv_loss_holdover,0.0,0.0,0.0,0.0,0.0,6.0,2.0,1.5,0.0,0.0,0.0,20.0,4,4080,Sync,0.0,c29a38.fffe.b34e68,128,248,254,65535,128,1,160,BOOTING,-1,False,False,False,False,0,healthy
568.450238753,mixed_pdv_loss_holdover,0.0,0.0,0.0,0.0,0.0,6.0,2.0,1.5,0.0,0.0,0.0,20.0,4,4081,Sync,0.0,c29a38.fffe.b34e68,128,248,254,65535,128,1,160,BOOTING,-1,False,False,False,False,0,healthy
568.564865994,mixed_pdv_loss_holdover,0.0,0.0,0.0,0.0,0.0,6.0,2.0,1.5,0.0,0.0,0.0,20.0,4,4082,Sync,0.0,c29a38.fffe.b34e68,128,248,254,65535,128,1,160,BOOTING,-1,False,False,False,False,0,healthy
568.676415528,mixed_pdv_loss_holdover,0.0,0.0,0.0,0.0,0.0,6.0,2.0,1.5,0.0,0.0,0.0,20.0,4,4083,Sync,0.0,c29a38.fffe.b34e68,128,248,254,65535,128,1,160,BOOTING,-1,False,False,False,False,0,healthy
568.787481886,mixed_pdv_loss_holdover,0.0,0.0,0.0,0.0,0.0,6.0,2.0,1.5,0.0,0.0,0.0,20.0,4,4084,Sync,0.0,c29a38.fffe.b34e68,128,248,254,65535,128,1,160,BOOTING,-1,False,False,False,False,0,healthy
568.900094844,mixed_pdv_loss_holdover,0.0,0.0,0.0,0.0,0.0,6.0,2.0,1.5,0.0,0.0,0.0,20.0,4,4085,Sync,0.0,c29a38.fffe.b34e68,128,248,254,65535,128,1,160,BOOTING,-1,False,False,False,False,0,healthy
569.012082911,mixed_pdv_loss_holdover,0.0,0.0,0.0,0.0,0.0,6.0,2.0,1.5,0.0,0.0,0.0,20.0,4,4086,Sync,0.0,c29a38.fffe.b34e68,128,248,254,65535,128,1,160,BOOTING,-1,False,False,False,False,0,healthy
569.1458830610001,mixed_pdv_loss_holdover,0.0,0.0,0.0,0.0,0.0,6.0,2.0,1.5,0.0,0.0,0.0,20.0,4,4087,Sync,0.0,c29a38.fffe.b34e68,128,248,254,65535,128,1,160,BOOTING,-1,False,False,False,False,0,healthy
569.258476586,mixed_pdv_loss_holdover,0.0,0.0,0.0,0.0,0.0,6.0,2.0,1.5,0.0,0.0,0.0,20.0,4,4088,Sync,0.0,c29a38.fffe.b34e68,128,248,254,65535,128,1,160,BOOTING,-1,False,False,False,False,0,healthy
569.3749905110001,mixed_pdv_loss_holdover,0.0,0.0,0.0,0.0,0.0,6.0,2.0,1.5,0.0,0.0,0.0,20.0,4,4089,Sync,0.0,c29a38.fffe.b34e68,128,248,254,65535,128,1,160,BOOTING,-1,False,False,False,False,0,healthy
569.486561586,mixed_pdv_loss_holdover,0.0,0.0,0.0,0.0,0.0,6.0,2.0,1.5,0.0,0.0,0.0,20.0,4,4090,Sync,0.0,c29a38.fffe.b34e68,128,248,254,65535,128,1,160,BOOTING,-1,False,False,False,False,0,healthy
569.5998671780001,mixed_pdv_loss_holdover,0.0,0.0,0.0,0.0,0.0,6.0,2.0,1.5,0.0,0.0,0.0,20.0,4,4091,Sync,0.0,c29a38.fffe.b34e68,128,248,254,65535,128,1,160,BOOTING,-1,False,False,False,False,0,healthy
569.7103199190001,mixed_pdv_loss_holdover,0.0,0.0,0.0,0.0,0.0,6.0,2.0,1.5,0.0,0.0,0.0,20.0,4,4092,Sync,0.0,c29a38.fffe.b34e68,128,248,254,65535,128,1,160,BOOTING,-1,False,False,False,False,0,healthy
569.8207933780001,mixed_pdv_loss_holdover,0.0,0.0,0.0,0.0,0.0,6.0,2.0,1.5,0.0,0.0,0.0,20.0,4,4093,Sync,0.0,c29a38.fffe.b34e68,128,248,254,65535,128,1,160,BOOTING,-1,False,False,False,False,0,healthy
569.949329661,mixed_pdv_loss_holdover,0.0,0.0,0.0,0.0,0.0,6.0,2.0,1.5,0.0,0.0,0.0,20.0,4,4094,Sync,0.0,c29a38.fffe.b34e68,128,248,254,65535,128,1,160,BOOTING,-1,False,False,False,False,0,healthy
570.062914286,mixed_pdv_loss_holdover,0.0,0.0,0.0,0.0,0.0,6.0,2.0,1.5,0.0,0.0,0.0,20.0,4,4095,Sync,0.0,c29a38.fffe.b34e68,128,248,254,65535,128,1,160,BOOTING,-1,False,False,False,False,0,healthy
570.181687978,mixed_pdv_loss_holdover,0.0,0.0,0.0,0.0,0.0,6.0,2.0,1.5,0.0,0.0,0.0,20.0,4,4096,Sync,0.0,c29a38.fffe.b34e68,128,248,254,65535,128,1,160,BOOTING,-1,False,False,False,False,0,healthy
570.294461994,mixed_pdv_loss_holdover,0.0,0.0,0.0,0.0,0.0,6.0,2.0,1.5,0.0,0.0,0.0,20.0,4,4097,Sync,0.0,c29a38.fffe.b34e68,128,248,254,65535,128,1,160,BOOTING,-1,False,False,False,False,0,healthy
570.4279983280001,mixed_pdv_loss_holdover,0.0,0.0,0.0,0.0,0.0,6.0,2.0,1.5,0.0,0.0,0.0,20.0,4,4098,Sync,0.0,c29a38.fffe.b34e68,128,248,254,65535,128,1,160,BOOTING,-1,False,False,False,False,0,healthy
570.538717728,mixed_pdv_loss_holdover,0.0,0.0,0.0,0.0,0.0,6.0,2.0,1.5,0.0,0.0,0.0,20.0,4,4099,Sync,0.0,c29a38.fffe.b34e68,128,248,254,65535,128,1,160,BOOTING,-1,False,False,False,False,0,healthy
570.650861169,mixed_pdv_loss_holdover,0.0,0.0,0.0,0.0,0.0,6.0,2.0,1.5,0.0,0.0,0.0,20.0,4,4100,Sync,0.0,c29a38.fffe.b34e68,128,248,254,65535,128,1,160,BOOTING,-1,False,False,False,False,0,healthy
570.779251519,mixed_pdv_loss_holdover,0.0,0.0,0.0,0.0,0.0,6.0,2.0,1.5,0.0,0.0,0.0,20.0,4,4101,Sync,0.0,c29a38.fffe.b34e68,128,248,254,65535,128,1,160,BOOTING,-1,False,False,False,False,0,healthy
570.8913230940001,mixed_pdv_loss_holdover,0.0,0.0,0.0,0.0,0.0,6.0,2.0,1.5,0.0,0.0,0.0,20.0,4,4102,Sync,0.0,c29a38.fffe.b34e68,128,248,254,65535,128,1,160,BOOTING,-1,False,False,False,False,0,healthy
571.009324311,mixed_pdv_loss_holdover,0.0,0.0,0.0,0.0,0.0,6.0,2.0,1.5,0.0,0.0,0.0,20.0,4,4103,Sync,0.0,c29a38.fffe.b34e68,128,248,254,65535,128,1,160,BOOTING,-1,False,False,False,False,0,healthy
571.130074886,mixed_pdv_loss_holdover,0.0,0.0,0.0,0.0,0.0,6.0,2.0,1.5,0.0,0.0,0.0,20.0,4,4104,Sync,0.0,c29a38.fffe.b34e68,128,248,254,65535,128,1,160,BOOTING,-1,False,False,False,False,0,healthy
571.245242686,mixed_pdv_loss_holdover,0.0,0.0,0.0,0.0,0.0,6.0,2.0,1.5,0.0,0.0,0.0,20.0,4,4105,Sync,0.0,c29a38.fffe.b34e68,128,248,254,65535,128,1,160,BOOTING,-1,False,False,False,False,0,healthy
571.377583961,mixed_pdv_loss_holdover,0.0,0.0,0.0,0.0,0.0,6.0,2.0,1.5,0.0,0.0,0.0,20.0,4,4106,Sync,0.0,c29a38.fffe.b34e68,128,248,254,65535,128,1,160,BOOTING,-1,False,False,False,False,0,healthy
571.4892203940001,mixed_pdv_loss_holdover,0.0,0.0,0.0,0.0,0.0,6.0,2.0,1.5,0.0,0.0,0.0,20.0,4,4107,Sync,0.0,c29a38.fffe.b34e68,128,248,254,65535,128,1,160,BOOTING,-1,False,False,False,False,0,healthy
571.6017457190001,mixed_pdv_loss_holdover,0.0,0.0,0.0,0.0,0.0,6.0,2.0,1.5,0.0,0.0,0.0,20.0,4,4108,Sync,0.0,c29a38.fffe.b34e68,128,248,254,65535,128,1,160,BOOTING,-1,False,False,False,False,0,healthy
571.713317803,mixed_pdv_loss_holdover,0.0,0.0,0.0,0.0,0.0,6.0,2.0,1.5,0.0,0.0,0.0,20.0,4,4109,Sync,0.0,c29a38.fffe.b34e68,128,248,254,65535,128,1,160,BOOTING,-1,False,False,False,False,0,healthy
571.824328611,mixed_pdv_loss_holdover,0.0,0.0,0.0,0.0,0.0,6.0,2.0,1.5,0.0,0.0,0.0,20.0,4,4110,Sync,0.0,c29a38.fffe.b34e68,128,248,254,65535,128,1,160,BOOTING,-1,False,False,False,False,0,healthy
571.9366020780001,mixed_pdv_loss_holdover,0.0,0.0,0.0,0.0,0.0,6.0,2.0,1.5,0.0,0.0,0.0,20.0,4,4111,Sync,0.0,c29a38.fffe.b34e68,128,248,254,65535,128,1,160,BOOTING,-1,False,False,False,False,0,healthy
572.050529178,mixed_pdv_loss_holdover,0.0,0.0,0.0,0.0,0.0,6.0,2.0,1.5,0.0,0.0,0.0,20.0,4,4112,Sync,0.0,c29a38.fffe.b34e68,128,248,254,65535,128,1,160,BOOTING,-1,False,False,False,False,0,healthy
572.184557278,mixed_pdv_loss_holdover,0.0,0.0,0.0,0.0,0.0,6.0,2.0,1.5,0.0,0.0,0.0,20.0,4,4113,Sync,0.0,c29a38.fffe.b34e68,128,248,254,65535,128,1,160,BOOTING,-1,False,False,False,False,0,healthy
572.299521078,mixed_pdv_loss_holdover,0.0,0.0,0.0,0.0,0.0,6.0,2.0,1.5,0.0,0.0,0.0,20.0,4,4114,Sync,0.0,c29a38.fffe.b34e68,128,248,254,65535,128,1,160,BOOTING,-1,False,False,False,False,0,healthy
572.4213009780001,mixed_pdv_loss_holdover,0.0,0.0,0.0,0.0,0.0,6.0,2.0,1.5,0.0,0.0,0.0,20.0,4,4115,Sync,0.0,c29a38.fffe.b34e68,128,248,254,65535,128,1,160,BOOTING,-1,False,False,False,False,0,healthy
572.546347278,mixed_pdv_loss_holdover,0.0,0.0,0.0,0.0,0.0,6.0,2.0,1.5,0.0,0.0,0.0,20.0,4,4116,Sync,0.0,c29a38.fffe.b34e68,128,248,254,65535,128,1,160,BOOTING,-1,False,False,False,False,0,healthy
572.661420678,mixed_pdv_loss_holdover,0.0,0.0,0.0,0.0,0.0,6.0,2.0,1.5,0.0,0.0,0.0,20.0,4,4117,Sync,0.0,c29a38.fffe.b34e68,128,248,254,65535,128,1,160,BOOTING,-1,False,False,False,False,0,healthy
572.7773896780001,mixed_pdv_loss_holdover,0.0,0.0,0.0,0.0,0.0,6.0,2.0,1.5,0.0,0.0,0.0,20.0,4,4118,Sync,0.0,c29a38.fffe.b34e68,128,248,254,65535,128,1,160,BOOTING,-1,False,False,False,False,0,healthy
572.888857578,mixed_pdv_loss_holdover,0.0,0.0,0.0,0.0,0.0,6.0,2.0,1.5,0.0,0.0,0.0,20.0,4,4119,Sync,0.0,c29a38.fffe.b34e68,128,248,254,65535,128,1,160,BOOTING,-1,False,False,False,False,0,healthy
573.004329478,mixed_pdv_loss_holdover,0.0,0.0,0.0,0.0,0.0,6.0,2.0,1.5,0.0,0.0,0.0,20.0,4,4120,Sync,0.0,c29a38.fffe.b34e68,128,248,254,65535,128,1,160,BOOTING,-1,False,False,False,False,0,healthy
573.1169102780001,mixed_pdv_loss_holdover,0.0,0.0,0.0,0.0,0.0,6.0,2.0,1.5,0.0,0.0,0.0,20.0,4,4121,Sync,0.0,c29a38.fffe.b34e68,128,248,254,65535,128,1,160,BOOTING,-1,False,False,False,False,0,healthy
573.229738278,mixed_pdv_loss_holdover,0.0,0.0,0.0,0.0,0.0,6.0,2.0,1.5,0.0,0.0,0.0,20.0,4,4122,Sync,0.0,c29a38.fffe.b34e68,128,248,254,65535,128,1,160,BOOTING,-1,False,False,False,False,0,healthy
573.344127078,mixed_pdv_loss_holdover,0.0,0.0,0.0,0.0,0.0,6.0,2.0,1.5,0.0,0.0,0.0,20.0,4,4123,Sync,0.0,c29a38.fffe.b34e68,128,248,254,65535,128,1,160,BOOTING,-1,False,False,False,False,0,healthy
573.456572378,mixed_pdv_loss_holdover,0.0,0.0,0.0,0.0,0.0,6.0,2.0,1.5,0.0,0.0,0.0,20.0,4,4124,Sync,0.0,c29a38.fffe.b34e68,128,248,254,65535,128,1,160,BOOTING,-1,False,False,False,False,0,healthy
573.593033278,mixed_pdv_loss_holdover,0.0,0.0,0.0,0.0,0.0,6.0,2.0,1.5,0.0,0.0,0.0,20.0,4,4125,Sync,0.0,c29a38.fffe.b34e68,128,248,254,65535,128,1,160,BOOTING,-1,False,False,False,False,0,healthy
573.7066264780001,mixed_pdv_loss_holdover,0.0,0.0,0.0,0.0,0.0,6.0,2.0,1.5,0.0,0.0,0.0,20.0,4,4126,Sync,0.0,c29a38.fffe.b34e68,128,248,254,65535,128,1,160,BOOTING,-1,False,False,False,False,0,healthy
573.8410917780001,mixed_pdv_loss_holdover,0.0,0.0,0.0,0.0,0.0,6.0,2.0,1.5,0.0,0.0,0.0,20.0,4,4127,Sync,0.0,c29a38.fffe.b34e68,128,248,254,65535,128,1,160,BOOTING,-1,False,False,False,False,0,healthy
573.964829128,mixed_pdv_loss_holdover,0.0,0.0,0.0,0.0,0.0,6.0,2.0,1.5,0.0,0.0,0.0,20.0,4,4128,Sync,0.0,c29a38.fffe.b34e68,128,248,254,65535,128,1,160,BOOTING,-1,False,False,False,False,0,healthy
574.0753369610001,mixed_pdv_loss_holdover,0.0,0.0,0.0,0.0,0.0,6.0,2.0,1.5,0.0,0.0,0.0,20.0,4,4129,Sync,0.0,c29a38.fffe.b34e68,128,248,254,65535,128,1,160,BOOTING,-1,False,False,False,False,0,healthy
574.185259869,mixed_pdv_loss_holdover,0.0,0.0,0.0,0.0,0.0,6.0,2.0,1.5,0.0,0.0,0.0,20.0,4,4130,Sync,0.0,c29a38.fffe.b34e68,128,248,254,65535,128,1,160,BOOTING,-1,False,False,False,False,0,healthy
574.295901169,mixed_pdv_loss_holdover,0.0,0.0,0.0,0.0,0.0,6.0,2.0,1.5,0.0,0.0,0.0,20.0,4,4131,Sync,0.0,c29a38.fffe.b34e68,128,248,254,65535,128,1,160,BOOTING,-1,False,False,False,False,0,healthy
574.409991428,mixed_pdv_loss_holdover,0.0,0.0,0.0,0.0,0.0,6.0,2.0,1.5,0.0,0.0,0.0,20.0,4,4132,Sync,0.0,c29a38.fffe.b34e68,128,248,254,65535,128,1,160,BOOTING,-1,False,False,False,False,0,healthy
574.5472652860001,mixed_pdv_loss_holdover,0.0,0.0,0.0,0.0,0.0,6.0,2.0,1.5,0.0,0.0,0.0,20.0,4,4133,Sync,0.0,c29a38.fffe.b34e68,128,248,254,65535,128,1,160,BOOTING,-1,False,False,False,False,0,healthy
574.661586361,mixed_pdv_loss_holdover,0.0,0.0,0.0,0.0,0.0,6.0,2.0,1.5,0.0,0.0,0.0,20.0,4,4134,Sync,0.0,c29a38.fffe.b34e68,128,248,254,65535,128,1,160,BOOTING,-1,False,False,False,False,0,healthy
574.7819343360001,mixed_pdv_loss_holdover,0.0,0.0,0.0,0.0,0.0,6.0,2.0,1.5,0.0,0.0,0.0,20.0,4,4135,Sync,0.0,c29a38.fffe.b34e68,128,248,254,65535,128,1,160,BOOTING,-1,False,False,False,False,0,healthy
574.9005312940001,mixed_pdv_loss_holdover,0.0,0.0,0.0,0.0,0.0,6.0,2.0,1.5,0.0,0.0,0.0,20.0,4,4136,Sync,0.0,c29a38.fffe.b34e68,128,248,254,65535,128,1,160,BOOTING,-1,False,False,False,False,0,healthy
575.036473969,mixed_pdv_loss_holdover,0.0,0.0,0.0,0.0,0.0,6.0,2.0,1.5,0.0,0.0,0.0,20.0,4,4137,Sync,0.0,c29a38.fffe.b34e68,128,248,254,65535,128,1,160,BOOTING,-1,False,False,False,False,0,healthy
575.150220478,mixed_pdv_loss_holdover,0.0,0.0,0.0,0.0,0.0,6.0,2.0,1.5,0.0,0.0,0.0,20.0,4,4138,Sync,0.0,c29a38.fffe.b34e68,128,248,254,65535,128,1,160,BOOTING,-1,False,False,False,False,0,healthy
575.260950053,mixed_pdv_loss_holdover,0.0,0.0,0.0,0.0,0.0,6.0,2.0,1.5,0.0,0.0,0.0,20.0,4,4139,Sync,0.0,c29a38.fffe.b34e68,128,248,254,65535,128,1,160,BOOTING,-1,False,False,False,False,0,healthy
575.3747388190001,mixed_pdv_loss_holdover,0.0,0.0,0.0,0.0,0.0,6.0,2.0,1.5,0.0,0.0,0.0,20.0,4,4140,Sync,0.0,c29a38.fffe.b34e68,128,248,254,65535,128,1,160,BOOTING,-1,False,False,False,False,0,healthy
575.485632753,mixed_pdv_loss_holdover,0.0,0.0,0.0,0.0,0.0,6.0,2.0,1.5,0.0,0.0,0.0,20.0,4,4141,Sync,0.0,c29a38.fffe.b34e68,128,248,254,65535,128,1,160,BOOTING,-1,False,False,False,False,0,healthy
575.616941953,mixed_pdv_loss_holdover,0.0,0.0,0.0,0.0,0.0,6.0,2.0,1.5,0.0,0.0,0.0,20.0,4,4142,Sync,0.0,c29a38.fffe.b34e68,128,248,254,65535,128,1,160,BOOTING,-1,False,False,False,False,0,healthy
575.7488750360001,mixed_pdv_loss_holdover,0.0,0.0,0.0,0.0,0.0,6.0,2.0,1.5,0.0,0.0,0.0,20.0,4,4143,Sync,0.0,c29a38.fffe.b34e68,128,248,254,65535,128,1,160,BOOTING,-1,False,False,False,False,0,healthy
575.861407694,mixed_pdv_loss_holdover,0.0,0.0,0.0,0.0,0.0,6.0,2.0,1.5,0.0,0.0,0.0,20.0,4,4144,Sync,0.0,c29a38.fffe.b34e68,128,248,254,65535,128,1,160,BOOTING,-1,False,False,False,False,0,healthy
575.978729294,mixed_pdv_loss_holdover,0.0,0.0,0.0,0.0,0.0,6.0,2.0,1.5,0.0,0.0,0.0,20.0,4,4145,Sync,0.0,c29a38.fffe.b34e68,128,248,254,65535,128,1,160,BOOTING,-1,False,False,False,False,0,healthy
576.091629536,mixed_pdv_loss_holdover,0.0,0.0,0.0,0.0,0.0,6.0,2.0,1.5,0.0,0.0,0.0,20.0,4,4146,Sync,0.0,c29a38.fffe.b34e68,128,248,254,65535,128,1,160,BOOTING,-1,False,False,False,False,0,healthy
576.224224086,mixed_pdv_loss_holdover,0.0,0.0,0.0,0.0,0.0,6.0,2.0,1.5,0.0,0.0,0.0,20.0,4,4147,Sync,0.0,c29a38.fffe.b34e68,128,248,254,65535,128,1,160,BOOTING,-1,False,False,False,False,0,healthy
576.342340069,mixed_pdv_loss_holdover,0.0,0.0,0.0,0.0,0.0,6.0,2.0,1.5,0.0,0.0,0.0,20.0,4,4148,Sync,0.0,c29a38.fffe.b34e68,128,248,254,65535,128,1,160,BOOTING,-1,False,False,False,False,0,healthy
576.4537141530001,mixed_pdv_loss_holdover,0.0,0.0,0.0,0.0,0.0,6.0,2.0,1.5,0.0,0.0,0.0,20.0,4,4149,Sync,0.0,c29a38.fffe.b34e68,128,248,254,65535,128,1,160,BOOTING,-1,False,False,False,False,0,healthy
576.581663769,mixed_pdv_loss_holdover,0.0,0.0,0.0,0.0,0.0,6.0,2.0,1.5,0.0,0.0,0.0,20.0,4,4150,Sync,0.0,c29a38.fffe.b34e68,128,248,254,65535,128,1,160,BOOTING,-1,False,False,False,False,0,healthy
576.693035561,mixed_pdv_loss_holdover,0.0,0.0,0.0,0.0,0.0,6.0,2.0,1.5,0.0,0.0,0.0,20.0,4,4151,Sync,0.0,c29a38.fffe.b34e68,128,248,254,65535,128,1,160,BOOTING,-1,False,False,False,False,0,healthy
576.803432753,mixed_pdv_loss_holdover,0.0,0.0,0.0,0.0,0.0,6.0,2.0,1.5,0.0,0.0,0.0,20.0,4,4152,Sync,0.0,c29a38.fffe.b34e68,128,248,254,65535,128,1,160,BOOTING,-1,False,False,False,False,0,healthy
576.9165958030001,mixed_pdv_loss_holdover,0.0,0.0,0.0,0.0,0.0,6.0,2.0,1.5,0.0,0.0,0.0,20.0,4,4153,Sync,0.0,c29a38.fffe.b34e68,128,248,254,65535,128,1,160,BOOTING,-1,False,False,False,False,0,healthy
577.0306701110001,mixed_pdv_loss_holdover,0.0,0.0,0.0,0.0,0.0,6.0,2.0,1.5,0.0,0.0,0.0,20.0,4,4154,Sync,0.0,c29a38.fffe.b34e68,128,248,254,65535,128,1,160,BOOTING,-1,False,False,False,False,0,healthy
577.166164811,mixed_pdv_loss_holdover,0.0,0.0,0.0,0.0,0.0,6.0,2.0,1.5,0.0,0.0,0.0,20.0,4,4155,Sync,0.0,c29a38.fffe.b34e68,128,248,254,65535,128,1,160,BOOTING,-1,False,False,False,False,0,healthy
577.277474178,mixed_pdv_loss_holdover,0.0,0.0,0.0,0.0,0.0,6.0,2.0,1.5,0.0,0.0,0.0,20.0,4,4156,Sync,0.0,c29a38.fffe.b34e68,128,248,254,65535,128,1,160,BOOTING,-1,False,False,False,False,0,healthy
577.406544419,mixed_pdv_loss_holdover,0.0,0.0,0.0,0.0,0.0,6.0,2.0,1.5,0.0,0.0,0.0,20.0,4,4157,Sync,0.0,c29a38.fffe.b34e68,128,248,254,65535,128,1,160,BOOTING,-1,False,False,False,False,0,healthy
577.5173685030001,mixed_pdv_loss_holdover,0.0,0.0,0.0,0.0,0.0,6.0,2.0,1.5,0.0,0.0,0.0,20.0,4,4158,Sync,0.0,c29a38.fffe.b34e68,128,248,254,65535,128,1,160,BOOTING,-1,False,False,False,False,0,healthy
577.627866894,mixed_pdv_loss_holdover,0.0,0.0,0.0,0.0,0.0,6.0,2.0,1.5,0.0,0.0,0.0,20.0,4,4159,Sync,0.0,c29a38.fffe.b34e68,128,248,254,65535,128,1,160,BOOTING,-1,False,False,False,False,0,healthy
577.7475843860001,mixed_pdv_loss_holdover,0.0,0.0,0.0,0.0,0.0,6.0,2.0,1.5,0.0,0.0,0.0,20.0,4,4160,Sync,0.0,c29a38.fffe.b34e68,128,248,254,65535,128,1,160,BOOTING,-1,False,False,False,False,0,healthy
577.859550819,mixed_pdv_loss_holdover,0.0,0.0,0.0,0.0,0.0,6.0,2.0,1.5,0.0,0.0,0.0,20.0,4,4161,Sync,0.0,c29a38.fffe.b34e68,128,248,254,65535,128,1,160,BOOTING,-1,False,False,False,False,0,healthy
577.9851131280001,mixed_pdv_loss_holdover,0.0,0.0,0.0,0.0,0.0,6.0,2.0,1.5,0.0,0.0,0.0,20.0,4,4162,Sync,0.0,c29a38.fffe.b34e68,128,248,254,65535,128,1,160,BOOTING,-1,False,False,False,False,0,healthy
578.097890128,mixed_pdv_loss_holdover,0.0,0.0,0.0,0.0,0.0,6.0,2.0,1.5,0.0,0.0,0.0,20.0,4,4163,Sync,0.0,c29a38.fffe.b34e68,128,248,254,65535,128,1,160,BOOTING,-1,False,False,False,False,0,healthy
578.2146284280001,mixed_pdv_loss_holdover,0.0,0.0,0.0,0.0,0.0,6.0,2.0,1.5,0.0,0.0,0.0,20.0,4,4164,Sync,0.0,c29a38.fffe.b34e68,128,248,254,65535,128,1,160,BOOTING,-1,False,False,False,False,0,healthy
578.328903028,mixed_pdv_loss_holdover,0.0,0.0,0.0,0.0,0.0,6.0,2.0,1.5,0.0,0.0,0.0,20.0,4,4165,Sync,0.0,c29a38.fffe.b34e68,128,248,254,65535,128,1,160,BOOTING,-1,False,False,False,False,0,healthy
578.440318028,mixed_pdv_loss_holdover,0.0,0.0,0.0,0.0,0.0,6.0,2.0,1.5,0.0,0.0,0.0,20.0,4,4166,Sync,0.0,c29a38.fffe.b34e68,128,248,254,65535,128,1,160,BOOTING,-1,False,False,False,False,0,healthy
578.566746928,mixed_pdv_loss_holdover,0.0,0.0,0.0,0.0,0.0,6.0,2.0,1.5,0.0,0.0,0.0,20.0,4,4167,Sync,0.0,c29a38.fffe.b34e68,128,248,254,65535,128,1,160,BOOTING,-1,False,False,False,False,0,healthy
578.6769030280001,mixed_pdv_loss_holdover,0.0,0.0,0.0,0.0,0.0,6.0,2.0,1.5,0.0,0.0,0.0,20.0,4,4168,Sync,0.0,c29a38.fffe.b34e68,128,248,254,65535,128,1,160,BOOTING,-1,False,False,False,False,0,healthy
578.8053171280001,mixed_pdv_loss_holdover,0.0,0.0,0.0,0.0,0.0,6.0,2.0,1.5,0.0,0.0,0.0,20.0,4,4169,Sync,0.0,c29a38.fffe.b34e68,128,248,254,65535,128,1,160,BOOTING,-1,False,False,False,False,0,healthy
578.938021228,mixed_pdv_loss_holdover,0.0,0.0,0.0,0.0,0.0,6.0,2.0,1.5,0.0,0.0,0.0,20.0,4,4170,Sync,0.0,c29a38.fffe.b34e68,128,248,254,65535,128,1,160,BOOTING,-1,False,False,False,False,0,healthy
579.053591828,mixed_pdv_loss_holdover,0.0,0.0,0.0,0.0,0.0,6.0,2.0,1.5,0.0,0.0,0.0,20.0,4,4171,Sync,0.0,c29a38.fffe.b34e68,128,248,254,65535,128,1,160,BOOTING,-1,False,False,False,False,0,healthy
579.178442928,mixed_pdv_loss_holdover,0.0,0.0,0.0,0.0,0.0,6.0,2.0,1.5,0.0,0.0,0.0,20.0,4,4172,Sync,0.0,c29a38.fffe.b34e68,128,248,254,65535,128,1,160,BOOTING,-1,False,False,False,False,0,healthy
579.294079828,mixed_pdv_loss_holdover,0.0,0.0,0.0,0.0,0.0,6.0,2.0,1.5,0.0,0.0,0.0,20.0,4,4173,Sync,0.0,c29a38.fffe.b34e68,128,248,254,65535,128,1,160,BOOTING,-1,False,False,False,False,0,healthy
579.4282309280001,mixed_pdv_loss_holdover,0.0,0.0,0.0,0.0,0.0,6.0,2.0,1.5,0.0,0.0,0.0,20.0,4,4174,Sync,0.0,c29a38.fffe.b34e68,128,248,254,65535,128,1,160,BOOTING,-1,False,False,False,False,0,healthy
579.5598978280001,mixed_pdv_loss_holdover,0.0,0.0,0.0,0.0,0.0,6.0,2.0,1.5,0.0,0.0,0.0,20.0,4,4175,Sync,0.0,c29a38.fffe.b34e68,128,248,254,65535,128,1,160,BOOTING,-1,False,False,False,False,0,healthy
579.671924628,mixed_pdv_loss_holdover,0.0,0.0,0.0,0.0,0.0,6.0,2.0,1.5,0.0,0.0,0.0,20.0,4,4176,Sync,0.0,c29a38.fffe.b34e68,128,248,254,65535,128,1,160,BOOTING,-1,False,False,False,False,0,healthy
579.784098628,mixed_pdv_loss_holdover,0.0,0.0,0.0,0.0,0.0,6.0,2.0,1.5,0.0,0.0,0.0,20.0,4,4177,Sync,0.0,c29a38.fffe.b34e68,128,248,254,65535,128,1,160,BOOTING,-1,False,False,False,False,0,healthy
579.8946028280001,mixed_pdv_loss_holdover,0.0,0.0,0.0,0.0,0.0,6.0,2.0,1.5,0.0,0.0,0.0,20.0,4,4178,Sync,0.0,c29a38.fffe.b34e68,128,248,254,65535,128,1,160,BOOTING,-1,False,False,False,False,0,healthy
580.009929228,mixed_pdv_loss_holdover,0.0,0.0,0.0,0.0,0.0,6.0,2.0,1.5,0.0,0.0,0.0,20.0,4,4179,Sync,0.0,c29a38.fffe.b34e68,128,248,254,65535,128,1,160,BOOTING,-1,False,False,False,False,0,healthy
580.1273449280001,mixed_pdv_loss_holdover,0.0,0.0,0.0,0.0,0.0,6.0,2.0,1.5,0.0,0.0,0.0,20.0,4,4180,Sync,0.0,c29a38.fffe.b34e68,128,248,254,65535,128,1,160,BOOTING,-1,False,False,False,False,0,healthy
580.241631128,mixed_pdv_loss_holdover,0.0,0.0,0.0,0.0,0.0,6.0,2.0,1.5,0.0,0.0,0.0,20.0,4,4181,Sync,0.0,c29a38.fffe.b34e68,128,248,254,65535,128,1,160,BOOTING,-1,False,False,False,False,0,healthy
580.354610028,mixed_pdv_loss_holdover,0.0,0.0,0.0,0.0,0.0,6.0,2.0,1.5,0.0,0.0,0.0,20.0,4,4182,Sync,0.0,c29a38.fffe.b34e68,128,248,254,65535,128,1,160,BOOTING,-1,False,False,False,False,0,healthy
580.470543128,mixed_pdv_loss_holdover,0.0,0.0,0.0,0.0,0.0,6.0,2.0,1.5,0.0,0.0,0.0,20.0,4,4183,Sync,0.0,c29a38.fffe.b34e68,128,248,254,65535,128,1,160,BOOTING,-1,False,False,False,False,0,healthy
580.6208132280001,mixed_pdv_loss_holdover,0.0,0.0,0.0,0.0,0.0,6.0,2.0,1.5,0.0,0.0,0.0,20.0,4,4184,Sync,0.0,c29a38.fffe.b34e68,128,248,254,65535,128,1,160,BOOTING,-1,False,False,False,False,0,healthy
580.736638328,mixed_pdv_loss_holdover,0.0,0.0,0.0,0.0,0.0,6.0,2.0,1.5,0.0,0.0,0.0,20.0,4,4185,Sync,0.0,c29a38.fffe.b34e68,128,248,254,65535,128,1,160,BOOTING,-1,False,False,False,False,0,healthy
580.859994828,mixed_pdv_loss_holdover,0.0,0.0,0.0,0.0,0.0,6.0,2.0,1.5,0.0,0.0,0.0,20.0,4,4186,Sync,0.0,c29a38.fffe.b34e68,128,248,254,65535,128,1,160,BOOTING,-1,False,False,False,False,0,healthy
580.9902974280001,mixed_pdv_loss_holdover,0.0,0.0,0.0,0.0,0.0,6.0,2.0,1.5,0.0,0.0,0.0,20.0,4,4187,Sync,0.0,c29a38.fffe.b34e68,128,248,254,65535,128,1,160,BOOTING,-1,False,False,False,False,0,healthy
581.101830728,mixed_pdv_loss_holdover,0.0,0.0,0.0,0.0,0.0,6.0,2.0,1.5,0.0,0.0,0.0,20.0,4,4188,Sync,0.0,c29a38.fffe.b34e68,128,248,254,65535,128,1,160,BOOTING,-1,False,False,False,False,0,healthy
581.2334240280001,mixed_pdv_loss_holdover,0.0,0.0,0.0,0.0,0.0,6.0,2.0,1.5,0.0,0.0,0.0,20.0,4,4189,Sync,0.0,c29a38.fffe.b34e68,128,248,254,65535,128,1,160,BOOTING,-1,False,False,False,False,0,healthy
581.350750628,mixed_pdv_loss_holdover,0.0,0.0,0.0,0.0,0.0,6.0,2.0,1.5,0.0,0.0,0.0,20.0,4,4190,Sync,0.0,c29a38.fffe.b34e68,128,248,254,65535,128,1,160,BOOTING,-1,False,False,False,False,0,healthy
581.463513928,mixed_pdv_loss_holdover,0.0,0.0,0.0,0.0,0.0,6.0,2.0,1.5,0.0,0.0,0.0,20.0,4,4191,Sync,0.0,c29a38.fffe.b34e68,128,248,254,65535,128,1,160,BOOTING,-1,False,False,False,False,0,healthy
581.599104828,mixed_pdv_loss_holdover,0.0,0.0,0.0,0.0,0.0,6.0,2.0,1.5,0.0,0.0,0.0,20.0,4,4192,Sync,0.0,c29a38.fffe.b34e68,128,248,254,65535,128,1,160,BOOTING,-1,False,False,False,False,0,healthy
581.713307628,mixed_pdv_loss_holdover,0.0,0.0,0.0,0.0,0.0,6.0,2.0,1.5,0.0,0.0,0.0,20.0,4,4193,Sync,0.0,c29a38.fffe.b34e68,128,248,254,65535,128,1,160,BOOTING,-1,False,False,False,False,0,healthy
581.851681728,mixed_pdv_loss_holdover,0.0,0.0,0.0,0.0,0.0,6.0,2.0,1.5,0.0,0.0,0.0,20.0,4,4194,Sync,0.0,c29a38.fffe.b34e68,128,248,254,65535,128,1,160,BOOTING,-1,False,False,False,False,0,healthy
581.969232515,mixed_pdv_loss_holdover,0.0,0.0,0.0,0.0,0.0,6.0,2.0,1.5,0.0,0.0,0.0,20.0,4,4195,Sync,0.0,c29a38.fffe.b34e68,128,248,254,65535,128,1,160,BOOTING,-1,False,False,False,False,0,healthy
582.0812054840001,mixed_pdv_loss_holdover,0.0,0.0,0.0,0.0,0.0,6.0,2.0,1.5,0.0,0.0,0.0,20.0,4,4196,Sync,0.0,c29a38.fffe.b34e68,128,248,254,65535,128,1,160,BOOTING,-1,False,False,False,False,0,healthy
582.194638325,mixed_pdv_loss_holdover,0.0,0.0,0.0,0.0,0.0,6.0,2.0,1.5,0.0,0.0,0.0,20.0,4,4197,Sync,0.0,c29a38.fffe.b34e68,128,248,254,65535,128,1,160,BOOTING,-1,False,False,False,False,0,healthy
582.304161128,mixed_pdv_loss_holdover,0.0,0.0,0.0,0.0,0.0,6.0,2.0,1.5,0.0,0.0,0.0,20.0,4,4198,Sync,0.0,c29a38.fffe.b34e68,128,248,254,65535,128,1,160,BOOTING,-1,False,False,False,False,0,healthy
582.4143717090001,mixed_pdv_loss_holdover,0.0,0.0,0.0,0.0,0.0,6.0,2.0,1.5,0.0,0.0,0.0,20.0,4,4199,Sync,0.0,c29a38.fffe.b34e68,128,248,254,65535,128,1,160,BOOTING,-1,False,False,False,False,0,healthy
582.5298699140001,mixed_pdv_loss_holdover,0.0,0.0,0.0,0.0,0.0,6.0,2.0,1.5,0.0,0.0,0.0,20.0,4,4200,Sync,0.0,c29a38.fffe.b34e68,128,248,254,65535,128,1,160,BOOTING,-1,False,False,False,False,0,healthy
582.6440077650001,mixed_pdv_loss_holdover,0.0,0.0,0.0,0.0,0.0,6.0,2.0,1.5,0.0,0.0,0.0,20.0,4,4201,Sync,0.0,c29a38.fffe.b34e68,128,248,254,65535,128,1,160,BOOTING,-1,False,False,False,False,0,healthy
582.781604,mixed_pdv_loss_holdover,0.0,0.0,0.0,0.0,0.0,6.0,2.0,1.5,0.0,0.0,0.0,20.0,4,4202,Sync,0.0,c29a38.fffe.b34e68,128,248,254,65535,128,1,160,BOOTING,-1,False,False,False,False,0,healthy
582.895497479,mixed_pdv_loss_holdover,0.0,0.0,0.0,0.0,0.0,6.0,2.0,1.5,0.0,0.0,0.0,20.0,4,4203,Sync,0.0,c29a38.fffe.b34e68,128,248,254,65535,128,1,160,BOOTING,-1,False,False,False,False,0,healthy
583.0218258980001,mixed_pdv_loss_holdover,0.0,0.0,0.0,0.0,0.0,6.0,2.0,1.5,0.0,0.0,0.0,20.0,4,4204,Sync,0.0,c29a38.fffe.b34e68,128,248,254,65535,128,1,160,BOOTING,-1,False,False,False,False,0,healthy
583.158691598,mixed_pdv_loss_holdover,0.0,0.0,0.0,0.0,0.0,6.0,2.0,1.5,0.0,0.0,0.0,20.0,4,4205,Sync,0.0,c29a38.fffe.b34e68,128,248,254,65535,128,1,160,BOOTING,-1,False,False,False,False,0,healthy
583.2684616290001,mixed_pdv_loss_holdover,0.0,0.0,0.0,0.0,0.0,6.0,2.0,1.5,0.0,0.0,0.0,20.0,4,4206,Sync,0.0,c29a38.fffe.b34e68,128,248,254,65535,128,1,160,BOOTING,-1,False,False,False,False,0,healthy
583.395300077,mixed_pdv_loss_holdover,0.0,0.0,0.0,0.0,0.0,6.0,2.0,1.5,0.0,0.0,0.0,20.0,4,4207,Sync,0.0,c29a38.fffe.b34e68,128,248,254,65535,128,1,160,BOOTING,-1,False,False,False,False,0,healthy
583.505699189,mixed_pdv_loss_holdover,0.0,0.0,0.0,0.0,0.0,6.0,2.0,1.5,0.0,0.0,0.0,20.0,4,4208,Sync,0.0,c29a38.fffe.b34e68,128,248,254,65535,128,1,160,BOOTING,-1,False,False,False,False,0,healthy
583.6169413470001,mixed_pdv_loss_holdover,0.0,0.0,0.0,0.0,0.0,6.0,2.0,1.5,0.0,0.0,0.0,20.0,4,4209,Sync,0.0,c29a38.fffe.b34e68,128,248,254,65535,128,1,160,BOOTING,-1,False,False,False,False,0,healthy
583.75248475,mixed_pdv_loss_holdover,0.0,0.0,0.0,0.0,0.0,6.0,2.0,1.5,0.0,0.0,0.0,20.0,4,4210,Sync,0.0,c29a38.fffe.b34e68,128,248,254,65535,128,1,160,BOOTING,-1,False,False,False,False,0,healthy
583.864520102,mixed_pdv_loss_holdover,0.0,0.0,0.0,0.0,0.0,6.0,2.0,1.5,0.0,0.0,0.0,20.0,4,4211,Sync,0.0,c29a38.fffe.b34e68,128,248,254,65535,128,1,160,BOOTING,-1,False,False,False,False,0,healthy
583.998701124,mixed_pdv_loss_holdover,0.0,0.0,0.0,0.0,0.0,6.0,2.0,1.5,0.0,0.0,0.0,20.0,4,4212,Sync,0.0,c29a38.fffe.b34e68,128,248,254,65535,128,1,160,BOOTING,-1,False,False,False,False,0,healthy
584.1120405290001,mixed_pdv_loss_holdover,0.0,0.0,0.0,0.0,0.0,6.0,2.0,1.5,0.0,0.0,0.0,20.0,4,4213,Sync,0.0,c29a38.fffe.b34e68,128,248,254,65535,128,1,160,BOOTING,-1,False,False,False,False,0,healthy
584.225916684,mixed_pdv_loss_holdover,0.0,0.0,0.0,0.0,0.0,6.0,2.0,1.5,0.0,0.0,0.0,20.0,4,4214,Sync,0.0,c29a38.fffe.b34e68,128,248,254,65535,128,1,160,BOOTING,-1,False,False,False,False,0,healthy
584.352330338,mixed_pdv_loss_holdover,0.0,0.0,0.0,0.0,0.0,6.0,2.0,1.5,0.0,0.0,0.0,20.0,4,4215,Sync,0.0,c29a38.fffe.b34e68,128,248,254,65535,128,1,160,BOOTING,-1,False,False,False,False,0,healthy
584.462906095,mixed_pdv_loss_holdover,0.0,0.0,0.0,0.0,0.0,6.0,2.0,1.5,0.0,0.0,0.0,20.0,4,4216,Sync,0.0,c29a38.fffe.b34e68,128,248,254,65535,128,1,160,BOOTING,-1,False,False,False,False,0,healthy
584.59191394,mixed_pdv_loss_holdover,0.0,0.0,0.0,0.0,0.0,6.0,2.0,1.5,0.0,0.0,0.0,20.0,4,4217,Sync,0.0,c29a38.fffe.b34e68,128,248,254,65535,128,1,160,BOOTING,-1,False,False,False,False,0,healthy
584.703491694,mixed_pdv_loss_holdover,0.0,0.0,0.0,0.0,0.0,6.0,2.0,1.5,0.0,0.0,0.0,20.0,4,4218,Sync,0.0,c29a38.fffe.b34e68,128,248,254,65535,128,1,160,BOOTING,-1,False,False,False,False,0,healthy
584.8191745600001,mixed_pdv_loss_holdover,0.0,0.0,0.0,0.0,0.0,6.0,2.0,1.5,0.0,0.0,0.0,20.0,4,4219,Sync,0.0,c29a38.fffe.b34e68,128,248,254,65535,128,1,160,BOOTING,-1,False,False,False,False,0,healthy
584.930099919,mixed_pdv_loss_holdover,0.0,0.0,0.0,0.0,0.0,6.0,2.0,1.5,0.0,0.0,0.0,20.0,4,4220,Sync,0.0,c29a38.fffe.b34e68,128,248,254,65535,128,1,160,BOOTING,-1,False,False,False,False,0,healthy
585.043565748,mixed_pdv_loss_holdover,0.0,0.0,0.0,0.0,0.0,6.0,2.0,1.5,0.0,0.0,0.0,20.0,4,4221,Sync,0.0,c29a38.fffe.b34e68,128,248,254,65535,128,1,160,BOOTING,-1,False,False,False,False,0,healthy
585.160724234,mixed_pdv_loss_holdover,0.0,0.0,0.0,0.0,0.0,6.0,2.0,1.5,0.0,0.0,0.0,20.0,4,4222,Sync,0.0,c29a38.fffe.b34e68,128,248,254,65535,128,1,160,BOOTING,-1,False,False,False,False,0,healthy
585.276704234,mixed_pdv_loss_holdover,0.0,0.0,0.0,0.0,0.0,6.0,2.0,1.5,0.0,0.0,0.0,20.0,4,4223,Sync,0.0,c29a38.fffe.b34e68,128,248,254,65535,128,1,160,BOOTING,-1,False,False,False,False,0,healthy
585.412416834,mixed_pdv_loss_holdover,0.0,0.0,0.0,0.0,0.0,6.0,2.0,1.5,0.0,0.0,0.0,20.0,4,4224,Sync,0.0,c29a38.fffe.b34e68,128,248,254,65535,128,1,160,BOOTING,-1,False,False,False,False,0,healthy
585.544978534,mixed_pdv_loss_holdover,0.0,0.0,0.0,0.0,0.0,6.0,2.0,1.5,0.0,0.0,0.0,20.0,4,4225,Sync,0.0,c29a38.fffe.b34e68,128,248,254,65535,128,1,160,BOOTING,-1,False,False,False,False,0,healthy
585.654963034,mixed_pdv_loss_holdover,0.0,0.0,0.0,0.0,0.0,6.0,2.0,1.5,0.0,0.0,0.0,20.0,4,4226,Sync,0.0,c29a38.fffe.b34e68,128,248,254,65535,128,1,160,BOOTING,-1,False,False,False,False,0,healthy
585.770025934,mixed_pdv_loss_holdover,0.0,0.0,0.0,0.0,0.0,6.0,2.0,1.5,0.0,0.0,0.0,20.0,4,4227,Sync,0.0,c29a38.fffe.b34e68,128,248,254,65535,128,1,160,BOOTING,-1,False,False,False,False,0,healthy
585.884301334,mixed_pdv_loss_holdover,0.0,0.0,0.0,0.0,0.0,6.0,2.0,1.5,0.0,0.0,0.0,20.0,4,4228,Sync,0.0,c29a38.fffe.b34e68,128,248,254,65535,128,1,160,BOOTING,-1,False,False,False,False,0,healthy
586.012856434,mixed_pdv_loss_holdover,0.0,0.0,0.0,0.0,0.0,6.0,2.0,1.5,0.0,0.0,0.0,20.0,4,4229,Sync,0.0,c29a38.fffe.b34e68,128,248,254,65535,128,1,160,BOOTING,-1,False,False,False,False,0,healthy
586.147732634,mixed_pdv_loss_holdover,0.0,0.0,0.0,0.0,0.0,6.0,2.0,1.5,0.0,0.0,0.0,20.0,4,4230,Sync,0.0,c29a38.fffe.b34e68,128,248,254,65535,128,1,160,BOOTING,-1,False,False,False,False,0,healthy
586.2619850340001,mixed_pdv_loss_holdover,0.0,0.0,0.0,0.0,0.0,6.0,2.0,1.5,0.0,0.0,0.0,20.0,4,4231,Sync,0.0,c29a38.fffe.b34e68,128,248,254,65535,128,1,160,BOOTING,-1,False,False,False,False,0,healthy
586.379610234,mixed_pdv_loss_holdover,0.0,0.0,0.0,0.0,0.0,6.0,2.0,1.5,0.0,0.0,0.0,20.0,4,4232,Sync,0.0,c29a38.fffe.b34e68,128,248,254,65535,128,1,160,BOOTING,-1,False,False,False,False,0,healthy
586.4923107340001,mixed_pdv_loss_holdover,0.0,0.0,0.0,0.0,0.0,6.0,2.0,1.5,0.0,0.0,0.0,20.0,4,4233,Sync,0.0,c29a38.fffe.b34e68,128,248,254,65535,128,1,160,BOOTING,-1,False,False,False,False,0,healthy
586.610259634,mixed_pdv_loss_holdover,0.0,0.0,0.0,0.0,0.0,6.0,2.0,1.5,0.0,0.0,0.0,20.0,4,4234,Sync,0.0,c29a38.fffe.b34e68,128,248,254,65535,128,1,160,BOOTING,-1,False,False,False,False,0,healthy
586.726404634,mixed_pdv_loss_holdover,0.0,0.0,0.0,0.0,0.0,6.0,2.0,1.5,0.0,0.0,0.0,20.0,4,4235,Sync,0.0,c29a38.fffe.b34e68,128,248,254,65535,128,1,160,BOOTING,-1,False,False,False,False,0,healthy
586.8390032340001,mixed_pdv_loss_holdover,0.0,0.0,0.0,0.0,0.0,6.0,2.0,1.5,0.0,0.0,0.0,20.0,4,4236,Sync,0.0,c29a38.fffe.b34e68,128,248,254,65535,128,1,160,BOOTING,-1,False,False,False,False,0,healthy
586.975953934,mixed_pdv_loss_holdover,0.0,0.0,0.0,0.0,0.0,6.0,2.0,1.5,0.0,0.0,0.0,20.0,4,4237,Sync,0.0,c29a38.fffe.b34e68,128,248,254,65535,128,1,160,BOOTING,-1,False,False,False,False,0,healthy
587.087977734,mixed_pdv_loss_holdover,0.0,0.0,0.0,0.0,0.0,6.0,2.0,1.5,0.0,0.0,0.0,20.0,4,4238,Sync,0.0,c29a38.fffe.b34e68,128,248,254,65535,128,1,160,BOOTING,-1,False,False,False,False,0,healthy
587.200882634,mixed_pdv_loss_holdover,0.0,0.0,0.0,0.0,0.0,6.0,2.0,1.5,0.0,0.0,0.0,20.0,4,4239,Sync,0.0,c29a38.fffe.b34e68,128,248,254,65535,128,1,160,BOOTING,-1,False,False,False,False,0,healthy
587.330864334,mixed_pdv_loss_holdover,0.0,0.0,0.0,0.0,0.0,6.0,2.0,1.5,0.0,0.0,0.0,20.0,4,4240,Sync,0.0,c29a38.fffe.b34e68,128,248,254,65535,128,1,160,BOOTING,-1,False,False,False,False,0,healthy
587.445429234,mixed_pdv_loss_holdover,0.0,0.0,0.0,0.0,0.0,6.0,2.0,1.5,0.0,0.0,0.0,20.0,4,4241,Sync,0.0,c29a38.fffe.b34e68,128,248,254,65535,128,1,160,BOOTING,-1,False,False,False,False,0,healthy
587.5859799340001,mixed_pdv_loss_holdover,0.0,0.0,0.0,0.0,0.0,6.0,2.0,1.5,0.0,0.0,0.0,20.0,4,4242,Sync,0.0,c29a38.fffe.b34e68,128,248,254,65535,128,1,160,BOOTING,-1,False,False,False,False,0,healthy
587.700365634,mixed_pdv_loss_holdover,0.0,0.0,0.0,0.0,0.0,6.0,2.0,1.5,0.0,0.0,0.0,20.0,4,4243,Sync,0.0,c29a38.fffe.b34e68,128,248,254,65535,128,1,160,BOOTING,-1,False,False,False,False,0,healthy
587.831684334,mixed_pdv_loss_holdover,0.0,0.0,0.0,0.0,0.0,6.0,2.0,1.5,0.0,0.0,0.0,20.0,4,4244,Sync,0.0,c29a38.fffe.b34e68,128,248,254,65535,128,1,160,BOOTING,-1,False,False,False,False,0,healthy
587.9647930340001,mixed_pdv_loss_holdover,0.0,0.0,0.0,0.0,0.0,6.0,2.0,1.5,0.0,0.0,0.0,20.0,4,4245,Sync,0.0,c29a38.fffe.b34e68,128,248,254,65535,128,1,160,BOOTING,-1,False,False,False,False,0,healthy
588.077372534,mixed_pdv_loss_holdover,0.0,0.0,0.0,0.0,0.0,6.0,2.0,1.5,0.0,0.0,0.0,20.0,4,4246,Sync,0.0,c29a38.fffe.b34e68,128,248,254,65535,128,1,160,BOOTING,-1,False,False,False,False,0,healthy
588.211961234,mixed_pdv_loss_holdover,0.0,0.0,0.0,0.0,0.0,6.0,2.0,1.5,0.0,0.0,0.0,20.0,4,4247,Sync,0.0,c29a38.fffe.b34e68,128,248,254,65535,128,1,160,BOOTING,-1,False,False,False,False,0,healthy
588.3502840340001,mixed_pdv_loss_holdover,0.0,0.0,0.0,0.0,0.0,6.0,2.0,1.5,0.0,0.0,0.0,20.0,4,4248,Sync,0.0,c29a38.fffe.b34e68,128,248,254,65535,128,1,160,BOOTING,-1,False,False,False,False,0,healthy
588.4679126340001,mixed_pdv_loss_holdover,0.0,0.0,0.0,0.0,0.0,6.0,2.0,1.5,0.0,0.0,0.0,20.0,4,4249,Sync,0.0,c29a38.fffe.b34e68,128,248,254,65535,128,1,160,BOOTING,-1,False,False,False,False,0,healthy
588.5892047340001,mixed_pdv_loss_holdover,0.0,0.0,0.0,0.0,0.0,6.0,2.0,1.5,0.0,0.0,0.0,20.0,4,4250,Sync,0.0,c29a38.fffe.b34e68,128,248,254,65535,128,1,160,BOOTING,-1,False,False,False,False,0,healthy
588.7026784340001,mixed_pdv_loss_holdover,0.0,0.0,0.0,0.0,0.0,6.0,2.0,1.5,0.0,0.0,0.0,20.0,4,4251,Sync,0.0,c29a38.fffe.b34e68,128,248,254,65535,128,1,160,BOOTING,-1,False,False,False,False,0,healthy
588.839567234,mixed_pdv_loss_holdover,0.0,0.0,0.0,0.0,0.0,6.0,2.0,1.5,0.0,0.0,0.0,20.0,4,4252,Sync,0.0,c29a38.fffe.b34e68,128,248,254,65535,128,1,160,BOOTING,-1,False,False,False,False,0,healthy
588.979617434,mixed_pdv_loss_holdover,0.0,0.0,0.0,0.0,0.0,6.0,2.0,1.5,0.0,0.0,0.0,20.0,4,4253,Sync,0.0,c29a38.fffe.b34e68,128,248,254,65535,128,1,160,BOOTING,-1,False,False,False,False,0,healthy
589.093009034,mixed_pdv_loss_holdover,0.0,0.0,0.0,0.0,0.0,6.0,2.0,1.5,0.0,0.0,0.0,20.0,4,4254,Sync,0.0,c29a38.fffe.b34e68,128,248,254,65535,128,1,160,BOOTING,-1,False,False,False,False,0,healthy
589.2240468340001,mixed_pdv_loss_holdover,0.0,0.0,0.0,0.0,0.0,6.0,2.0,1.5,0.0,0.0,0.0,20.0,4,4255,Sync,0.0,c29a38.fffe.b34e68,128,248,254,65535,128,1,160,BOOTING,-1,False,False,False,False,0,healthy
589.336452334,mixed_pdv_loss_holdover,0.0,0.0,0.0,0.0,0.0,6.0,2.0,1.5,0.0,0.0,0.0,20.0,4,4256,Sync,0.0,c29a38.fffe.b34e68,128,248,254,65535,128,1,160,BOOTING,-1,False,False,False,False,0,healthy
589.448616234,mixed_pdv_loss_holdover,0.0,0.0,0.0,0.0,0.0,6.0,2.0,1.5,0.0,0.0,0.0,20.0,4,4257,Sync,0.0,c29a38.fffe.b34e68,128,248,254,65535,128,1,160,BOOTING,-1,False,False,False,False,0,healthy
589.580591334,mixed_pdv_loss_holdover,0.0,0.0,0.0,0.0,0.0,6.0,2.0,1.5,0.0,0.0,0.0,20.0,4,4258,Sync,0.0,c29a38.fffe.b34e68,128,248,254,65535,128,1,160,BOOTING,-1,False,False,False,False,0,healthy
589.694952034,mixed_pdv_loss_holdover,0.0,0.0,0.0,0.0,0.0,6.0,2.0,1.5,0.0,0.0,0.0,20.0,4,4259,Sync,0.0,c29a38.fffe.b34e68,128,248,254,65535,128,1,160,BOOTING,-1,False,False,False,False,0,healthy
589.810271534,mixed_pdv_loss_holdover,0.0,0.0,0.0,0.0,0.0,6.0,2.0,1.5,0.0,0.0,0.0,20.0,4,4260,Sync,0.0,c29a38.fffe.b34e68,128,248,254,65535,128,1,160,BOOTING,-1,False,False,False,False,0,healthy
589.934142534,mixed_pdv_loss_holdover,0.0,0.0,0.0,0.0,0.0,6.0,2.0,1.5,0.0,0.0,0.0,20.0,4,4261,Sync,0.0,c29a38.fffe.b34e68,128,248,254,65535,128,1,160,BOOTING,-1,False,False,False,False,0,healthy
590.047617218,mixed_pdv_loss_holdover,0.0,0.0,0.0,0.0,0.0,6.0,2.0,1.5,0.0,0.0,0.0,20.0,4,4262,Sync,0.0,c29a38.fffe.b34e68,128,248,254,65535,128,1,160,BOOTING,-1,False,False,False,False,0,healthy
590.183973085,mixed_pdv_loss_holdover,0.0,0.0,0.0,0.0,0.0,6.0,2.0,1.5,0.0,0.0,0.0,20.0,4,4263,Sync,0.0,c29a38.fffe.b34e68,128,248,254,65535,128,1,160,BOOTING,-1,False,False,False,False,0,healthy
590.294492492,mixed_pdv_loss_holdover,0.0,0.0,0.0,0.0,0.0,6.0,2.0,1.5,0.0,0.0,0.0,20.0,4,4264,Sync,0.0,c29a38.fffe.b34e68,128,248,254,65535,128,1,160,BOOTING,-1,False,False,False,False,0,healthy
590.4238933380001,mixed_pdv_loss_holdover,0.0,0.0,0.0,0.0,0.0,6.0,2.0,1.5,0.0,0.0,0.0,20.0,4,4265,Sync,0.0,c29a38.fffe.b34e68,128,248,254,65535,128,1,160,BOOTING,-1,False,False,False,False,0,healthy
590.535913454,mixed_pdv_loss_holdover,0.0,0.0,0.0,0.0,0.0,6.0,2.0,1.5,0.0,0.0,0.0,20.0,4,4266,Sync,0.0,c29a38.fffe.b34e68,128,248,254,65535,128,1,160,BOOTING,-1,False,False,False,False,0,healthy
590.646660148,mixed_pdv_loss_holdover,0.0,0.0,0.0,0.0,0.0,6.0,2.0,1.5,0.0,0.0,0.0,20.0,4,4267,Sync,0.0,c29a38.fffe.b34e68,128,248,254,65535,128,1,160,BOOTING,-1,False,False,False,False,0,healthy
590.776851407,mixed_pdv_loss_holdover,0.0,0.0,0.0,0.0,0.0,6.0,2.0,1.5,0.0,0.0,0.0,20.0,4,4268,Sync,0.0,c29a38.fffe.b34e68,128,248,254,65535,128,1,160,BOOTING,-1,False,False,False,False,0,healthy
590.8882513350001,mixed_pdv_loss_holdover,0.0,0.0,0.0,0.0,0.0,6.0,2.0,1.5,0.0,0.0,0.0,20.0,4,4269,Sync,0.0,c29a38.fffe.b34e68,128,248,254,65535,128,1,160,BOOTING,-1,False,False,False,False,0,healthy
591.0260132880001,mixed_pdv_loss_holdover,0.0,0.0,0.0,0.0,0.0,6.0,2.0,1.5,0.0,0.0,0.0,20.0,4,4270,Sync,0.0,c29a38.fffe.b34e68,128,248,254,65535,128,1,160,BOOTING,-1,False,False,False,False,0,healthy
591.137700447,mixed_pdv_loss_holdover,0.0,0.0,0.0,0.0,0.0,6.0,2.0,1.5,0.0,0.0,0.0,20.0,4,4271,Sync,0.0,c29a38.fffe.b34e68,128,248,254,65535,128,1,160,BOOTING,-1,False,False,False,False,0,healthy
591.249615276,mixed_pdv_loss_holdover,0.0,0.0,0.0,0.0,0.0,6.0,2.0,1.5,0.0,0.0,0.0,20.0,4,4272,Sync,0.0,c29a38.fffe.b34e68,128,248,254,65535,128,1,160,BOOTING,-1,False,False,False,False,0,healthy
591.363710371,mixed_pdv_loss_holdover,0.0,0.0,0.0,0.0,0.0,6.0,2.0,1.5,0.0,0.0,0.0,20.0,4,4273,Sync,0.0,c29a38.fffe.b34e68,128,248,254,65535,128,1,160,BOOTING,-1,False,False,False,False,0,healthy
591.473656373,mixed_pdv_loss_holdover,0.0,0.0,0.0,0.0,0.0,6.0,2.0,1.5,0.0,0.0,0.0,20.0,4,4274,Sync,0.0,c29a38.fffe.b34e68,128,248,254,65535,128,1,160,BOOTING,-1,False,False,False,False,0,healthy
591.587592673,mixed_pdv_loss_holdover,0.0,0.0,0.0,0.0,0.0,6.0,2.0,1.5,0.0,0.0,0.0,20.0,4,4275,Sync,0.0,c29a38.fffe.b34e68,128,248,254,65535,128,1,160,BOOTING,-1,False,False,False,False,0,healthy
591.699582049,mixed_pdv_loss_holdover,0.0,0.0,0.0,0.0,0.0,6.0,2.0,1.5,0.0,0.0,0.0,20.0,4,4276,Sync,0.0,c29a38.fffe.b34e68,128,248,254,65535,128,1,160,BOOTING,-1,False,False,False,False,0,healthy
591.8145321110001,mixed_pdv_loss_holdover,0.0,0.0,0.0,0.0,0.0,6.0,2.0,1.5,0.0,0.0,0.0,20.0,4,4277,Sync,0.0,c29a38.fffe.b34e68,128,248,254,65535,128,1,160,BOOTING,-1,False,False,False,False,0,healthy
591.9474365010001,mixed_pdv_loss_holdover,0.0,0.0,0.0,0.0,0.0,6.0,2.0,1.5,0.0,0.0,0.0,20.0,4,4278,Sync,0.0,c29a38.fffe.b34e68,128,248,254,65535,128,1,160,BOOTING,-1,False,False,False,False,0,healthy
592.058073778,mixed_pdv_loss_holdover,0.0,0.0,0.0,0.0,0.0,6.0,2.0,1.5,0.0,0.0,0.0,20.0,4,4279,Sync,0.0,c29a38.fffe.b34e68,128,248,254,65535,128,1,160,BOOTING,-1,False,False,False,False,0,healthy
592.1941074470001,mixed_pdv_loss_holdover,0.0,0.0,0.0,0.0,0.0,6.0,2.0,1.5,0.0,0.0,0.0,20.0,4,4280,Sync,0.0,c29a38.fffe.b34e68,128,248,254,65535,128,1,160,BOOTING,-1,False,False,False,False,0,healthy
592.307687159,mixed_pdv_loss_holdover,0.0,0.0,0.0,0.0,0.0,6.0,2.0,1.5,0.0,0.0,0.0,20.0,4,4281,Sync,0.0,c29a38.fffe.b34e68,128,248,254,65535,128,1,160,BOOTING,-1,False,False,False,False,0,healthy
592.427233587,mixed_pdv_loss_holdover,0.0,0.0,0.0,0.0,0.0,6.0,2.0,1.5,0.0,0.0,0.0,20.0,4,4282,Sync,0.0,c29a38.fffe.b34e68,128,248,254,65535,128,1,160,BOOTING,-1,False,False,False,False,0,healthy
592.5663917310001,mixed_pdv_loss_holdover,0.0,0.0,0.0,0.0,0.0,6.0,2.0,1.5,0.0,0.0,0.0,20.0,4,4283,Sync,0.0,c29a38.fffe.b34e68,128,248,254,65535,128,1,160,BOOTING,-1,False,False,False,False,0,healthy
592.6765403320001,mixed_pdv_loss_holdover,0.0,0.0,0.0,0.0,0.0,6.0,2.0,1.5,0.0,0.0,0.0,20.0,4,4284,Sync,0.0,c29a38.fffe.b34e68,128,248,254,65535,128,1,160,BOOTING,-1,False,False,False,False,0,healthy
592.8035287280001,mixed_pdv_loss_holdover,0.0,0.0,0.0,0.0,0.0,6.0,2.0,1.5,0.0,0.0,0.0,20.0,4,4285,Sync,0.0,c29a38.fffe.b34e68,128,248,254,65535,128,1,160,BOOTING,-1,False,False,False,False,0,healthy
592.934327015,mixed_pdv_loss_holdover,0.0,0.0,0.0,0.0,0.0,6.0,2.0,1.5,0.0,0.0,0.0,20.0,4,4286,Sync,0.0,c29a38.fffe.b34e68,128,248,254,65535,128,1,160,BOOTING,-1,False,False,False,False,0,healthy
593.0464269590001,mixed_pdv_loss_holdover,0.0,0.0,0.0,0.0,0.0,6.0,2.0,1.5,0.0,0.0,0.0,20.0,4,4287,Sync,0.0,c29a38.fffe.b34e68,128,248,254,65535,128,1,160,BOOTING,-1,False,False,False,False,0,healthy
593.176829463,mixed_pdv_loss_holdover,0.0,0.0,0.0,0.0,0.0,6.0,2.0,1.5,0.0,0.0,0.0,20.0,4,4288,Sync,0.0,c29a38.fffe.b34e68,128,248,254,65535,128,1,160,BOOTING,-1,False,False,False,False,0,healthy
593.2886500550001,mixed_pdv_loss_holdover,0.0,0.0,0.0,0.0,0.0,6.0,2.0,1.5,0.0,0.0,0.0,20.0,4,4289,Sync,0.0,c29a38.fffe.b34e68,128,248,254,65535,128,1,160,BOOTING,-1,False,False,False,False,0,healthy
593.402332171,mixed_pdv_loss_holdover,0.0,0.0,0.0,0.0,0.0,6.0,2.0,1.5,0.0,0.0,0.0,20.0,4,4290,Sync,0.0,c29a38.fffe.b34e68,128,248,254,65535,128,1,160,BOOTING,-1,False,False,False,False,0,healthy
593.539661548,mixed_pdv_loss_holdover,0.0,0.0,0.0,0.0,0.0,6.0,2.0,1.5,0.0,0.0,0.0,20.0,4,4291,Sync,0.0,c29a38.fffe.b34e68,128,248,254,65535,128,1,160,BOOTING,-1,False,False,False,False,0,healthy
593.651693,mixed_pdv_loss_holdover,0.0,0.0,0.0,0.0,0.0,6.0,2.0,1.5,0.0,0.0,0.0,20.0,4,4292,Sync,0.0,c29a38.fffe.b34e68,128,248,254,65535,128,1,160,BOOTING,-1,False,False,False,False,0,healthy
593.7650863480001,mixed_pdv_loss_holdover,0.0,0.0,0.0,0.0,0.0,6.0,2.0,1.5,0.0,0.0,0.0,20.0,4,4293,Sync,0.0,c29a38.fffe.b34e68,128,248,254,65535,128,1,160,BOOTING,-1,False,False,False,False,0,healthy
593.87500257,mixed_pdv_loss_holdover,0.0,0.0,0.0,0.0,0.0,6.0,2.0,1.5,0.0,0.0,0.0,20.0,4,4294,Sync,0.0,c29a38.fffe.b34e68,128,248,254,65535,128,1,160,BOOTING,-1,False,False,False,False,0,healthy
594.0036041650001,mixed_pdv_loss_holdover,0.0,0.0,0.0,0.0,0.0,6.0,2.0,1.5,0.0,0.0,0.0,20.0,4,4295,Sync,0.0,c29a38.fffe.b34e68,128,248,254,65535,128,1,160,BOOTING,-1,False,False,False,False,0,healthy
594.1151546250001,mixed_pdv_loss_holdover,0.0,0.0,0.0,0.0,0.0,6.0,2.0,1.5,0.0,0.0,0.0,20.0,4,4296,Sync,0.0,c29a38.fffe.b34e68,128,248,254,65535,128,1,160,BOOTING,-1,False,False,False,False,0,healthy
594.228826558,mixed_pdv_loss_holdover,0.0,0.0,0.0,0.0,0.0,6.0,2.0,1.5,0.0,0.0,0.0,20.0,4,4297,Sync,0.0,c29a38.fffe.b34e68,128,248,254,65535,128,1,160,BOOTING,-1,False,False,False,False,0,healthy
594.361472537,mixed_pdv_loss_holdover,0.0,0.0,0.0,0.0,0.0,6.0,2.0,1.5,0.0,0.0,0.0,20.0,4,4298,Sync,0.0,c29a38.fffe.b34e68,128,248,254,65535,128,1,160,BOOTING,-1,False,False,False,False,0,healthy
594.474148288,mixed_pdv_loss_holdover,0.0,0.0,0.0,0.0,0.0,6.0,2.0,1.5,0.0,0.0,0.0,20.0,4,4299,Sync,0.0,c29a38.fffe.b34e68,128,248,254,65535,128,1,160,BOOTING,-1,False,False,False,False,0,healthy
594.612736067,mixed_pdv_loss_holdover,0.0,0.0,0.0,0.0,0.0,6.0,2.0,1.5,0.0,0.0,0.0,20.0,4,4300,Sync,0.0,c29a38.fffe.b34e68,128,248,254,65535,128,1,160,BOOTING,-1,False,False,False,False,0,healthy
594.7294167670001,mixed_pdv_loss_holdover,0.0,0.0,0.0,0.0,0.0,6.0,2.0,1.5,0.0,0.0,0.0,20.0,4,4301,Sync,0.0,c29a38.fffe.b34e68,128,248,254,65535,128,1,160,BOOTING,-1,False,False,False,False,0,healthy
594.841799367,mixed_pdv_loss_holdover,0.0,0.0,0.0,0.0,0.0,6.0,2.0,1.5,0.0,0.0,0.0,20.0,4,4302,Sync,0.0,c29a38.fffe.b34e68,128,248,254,65535,128,1,160,BOOTING,-1,False,False,False,False,0,healthy
595.006936867,mixed_pdv_loss_holdover,0.0,0.0,0.0,0.0,0.0,6.0,2.0,1.5,0.0,0.0,0.0,20.0,4,4303,Sync,0.0,c29a38.fffe.b34e68,128,248,254,65535,128,1,160,BOOTING,-1,False,False,False,False,0,healthy
595.117636767,mixed_pdv_loss_holdover,0.0,0.0,0.0,0.0,0.0,6.0,2.0,1.5,0.0,0.0,0.0,20.0,4,4304,Sync,0.0,c29a38.fffe.b34e68,128,248,254,65535,128,1,160,BOOTING,-1,False,False,False,False,0,healthy
595.247536467,mixed_pdv_loss_holdover,0.0,0.0,0.0,0.0,0.0,6.0,2.0,1.5,0.0,0.0,0.0,20.0,4,4305,Sync,0.0,c29a38.fffe.b34e68,128,248,254,65535,128,1,160,BOOTING,-1,False,False,False,False,0,healthy
595.364979367,mixed_pdv_loss_holdover,0.0,0.0,0.0,0.0,0.0,6.0,2.0,1.5,0.0,0.0,0.0,20.0,4,4306,Sync,0.0,c29a38.fffe.b34e68,128,248,254,65535,128,1,160,BOOTING,-1,False,False,False,False,0,healthy
595.4758382670001,mixed_pdv_loss_holdover,0.0,0.0,0.0,0.0,0.0,6.0,2.0,1.5,0.0,0.0,0.0,20.0,4,4307,Sync,0.0,c29a38.fffe.b34e68,128,248,254,65535,128,1,160,BOOTING,-1,False,False,False,False,0,healthy
595.589071467,mixed_pdv_loss_holdover,0.0,0.0,0.0,0.0,0.0,6.0,2.0,1.5,0.0,0.0,0.0,20.0,4,4308,Sync,0.0,c29a38.fffe.b34e68,128,248,254,65535,128,1,160,BOOTING,-1,False,False,False,False,0,healthy
595.719083067,mixed_pdv_loss_holdover,0.0,0.0,0.0,0.0,0.0,6.0,2.0,1.5,0.0,0.0,0.0,20.0,4,4309,Sync,0.0,c29a38.fffe.b34e68,128,248,254,65535,128,1,160,BOOTING,-1,False,False,False,False,0,healthy
595.832537567,mixed_pdv_loss_holdover,0.0,0.0,0.0,0.0,0.0,6.0,2.0,1.5,0.0,0.0,0.0,20.0,4,4310,Sync,0.0,c29a38.fffe.b34e68,128,248,254,65535,128,1,160,BOOTING,-1,False,False,False,False,0,healthy
595.968356567,mixed_pdv_loss_holdover,0.0,0.0,0.0,0.0,0.0,6.0,2.0,1.5,0.0,0.0,0.0,20.0,4,4311,Sync,0.0,c29a38.fffe.b34e68,128,248,254,65535,128,1,160,BOOTING,-1,False,False,False,False,0,healthy
596.080798367,mixed_pdv_loss_holdover,0.0,0.0,0.0,0.0,0.0,6.0,2.0,1.5,0.0,0.0,0.0,20.0,4,4312,Sync,0.0,c29a38.fffe.b34e68,128,248,254,65535,128,1,160,BOOTING,-1,False,False,False,False,0,healthy
596.211132367,mixed_pdv_loss_holdover,0.0,0.0,0.0,0.0,0.0,6.0,2.0,1.5,0.0,0.0,0.0,20.0,4,4313,Sync,0.0,c29a38.fffe.b34e68,128,248,254,65535,128,1,160,BOOTING,-1,False,False,False,False,0,healthy
596.3302960670001,mixed_pdv_loss_holdover,0.0,0.0,0.0,0.0,0.0,6.0,2.0,1.5,0.0,0.0,0.0,20.0,4,4314,Sync,0.0,c29a38.fffe.b34e68,128,248,254,65535,128,1,160,BOOTING,-1,False,False,False,False,0,healthy
596.441507667,mixed_pdv_loss_holdover,0.0,0.0,0.0,0.0,0.0,6.0,2.0,1.5,0.0,0.0,0.0,20.0,4,4315,Sync,0.0,c29a38.fffe.b34e68,128,248,254,65535,128,1,160,BOOTING,-1,False,False,False,False,0,healthy
596.5628713670001,mixed_pdv_loss_holdover,0.0,0.0,0.0,0.0,0.0,6.0,2.0,1.5,0.0,0.0,0.0,20.0,4,4316,Sync,0.0,c29a38.fffe.b34e68,128,248,254,65535,128,1,160,BOOTING,-1,False,False,False,False,0,healthy
596.6746694670001,mixed_pdv_loss_holdover,0.0,0.0,0.0,0.0,0.0,6.0,2.0,1.5,0.0,0.0,0.0,20.0,4,4317,Sync,0.0,c29a38.fffe.b34e68,128,248,254,65535,128,1,160,BOOTING,-1,False,False,False,False,0,healthy
596.817048267,mixed_pdv_loss_holdover,0.0,0.0,0.0,0.0,0.0,6.0,2.0,1.5,0.0,0.0,0.0,20.0,4,4318,Sync,0.0,c29a38.fffe.b34e68,128,248,254,65535,128,1,160,BOOTING,-1,False,False,False,False,0,healthy
596.934433567,mixed_pdv_loss_holdover,0.0,0.0,0.0,0.0,0.0,6.0,2.0,1.5,0.0,0.0,0.0,20.0,4,4319,Sync,0.0,c29a38.fffe.b34e68,128,248,254,65535,128,1,160,BOOTING,-1,False,False,False,False,0,healthy
597.080008067,mixed_pdv_loss_holdover,0.0,0.0,0.0,0.0,0.0,6.0,2.0,1.5,0.0,0.0,0.0,20.0,4,4320,Sync,0.0,c29a38.fffe.b34e68,128,248,254,65535,128,1,160,BOOTING,-1,False,False,False,False,0,healthy
597.2139635670001,mixed_pdv_loss_holdover,0.0,0.0,0.0,0.0,0.0,6.0,2.0,1.5,0.0,0.0,0.0,20.0,4,4321,Sync,0.0,c29a38.fffe.b34e68,128,248,254,65535,128,1,160,BOOTING,-1,False,False,False,False,0,healthy
597.327515167,mixed_pdv_loss_holdover,0.0,0.0,0.0,0.0,0.0,6.0,2.0,1.5,0.0,0.0,0.0,20.0,4,4322,Sync,0.0,c29a38.fffe.b34e68,128,248,254,65535,128,1,160,BOOTING,-1,False,False,False,False,0,healthy
597.439114567,mixed_pdv_loss_holdover,0.0,0.0,0.0,0.0,0.0,6.0,2.0,1.5,0.0,0.0,0.0,20.0,4,4323,Sync,0.0,c29a38.fffe.b34e68,128,248,254,65535,128,1,160,BOOTING,-1,False,False,False,False,0,healthy
597.568391367,mixed_pdv_loss_holdover,0.0,0.0,0.0,0.0,0.0,6.0,2.0,1.5,0.0,0.0,0.0,20.0,4,4324,Sync,0.0,c29a38.fffe.b34e68,128,248,254,65535,128,1,160,BOOTING,-1,False,False,False,False,0,healthy
597.680375067,mixed_pdv_loss_holdover,0.0,0.0,0.0,0.0,0.0,6.0,2.0,1.5,0.0,0.0,0.0,20.0,4,4325,Sync,0.0,c29a38.fffe.b34e68,128,248,254,65535,128,1,160,BOOTING,-1,False,False,False,False,0,healthy
597.795141767,mixed_pdv_loss_holdover,0.0,0.0,0.0,0.0,0.0,6.0,2.0,1.5,0.0,0.0,0.0,20.0,4,4326,Sync,0.0,c29a38.fffe.b34e68,128,248,254,65535,128,1,160,BOOTING,-1,False,False,False,False,0,healthy
597.926739567,mixed_pdv_loss_holdover,0.0,0.0,0.0,0.0,0.0,6.0,2.0,1.5,0.0,0.0,0.0,20.0,4,4327,Sync,0.0,c29a38.fffe.b34e68,128,248,254,65535,128,1,160,BOOTING,-1,False,False,False,False,0,healthy
598.0410288420001,mixed_pdv_loss_holdover,0.0,0.0,0.0,0.0,0.0,6.0,2.0,1.5,0.0,0.0,0.0,20.0,4,4328,Sync,0.0,c29a38.fffe.b34e68,128,248,254,65535,128,1,160,BOOTING,-1,False,False,False,False,0,healthy
598.157818225,mixed_pdv_loss_holdover,0.0,0.0,0.0,0.0,0.0,6.0,2.0,1.5,0.0,0.0,0.0,20.0,4,4329,Sync,0.0,c29a38.fffe.b34e68,128,248,254,65535,128,1,160,BOOTING,-1,False,False,False,False,0,healthy
598.2758002840001,mixed_pdv_loss_holdover,0.0,0.0,0.0,0.0,0.0,6.0,2.0,1.5,0.0,0.0,0.0,20.0,4,4330,Sync,0.0,c29a38.fffe.b34e68,128,248,254,65535,128,1,160,BOOTING,-1,False,False,False,False,0,healthy
598.4146564,mixed_pdv_loss_holdover,0.0,0.0,0.0,0.0,0.0,6.0,2.0,1.5,0.0,0.0,0.0,20.0,4,4331,Sync,0.0,c29a38.fffe.b34e68,128,248,254,65535,128,1,160,BOOTING,-1,False,False,False,False,0,healthy
598.52673265,mixed_pdv_loss_holdover,0.0,0.0,0.0,0.0,0.0,6.0,2.0,1.5,0.0,0.0,0.0,20.0,4,4332,Sync,0.0,c29a38.fffe.b34e68,128,248,254,65535,128,1,160,BOOTING,-1,False,False,False,False,0,healthy
598.657283125,mixed_pdv_loss_holdover,0.0,0.0,0.0,0.0,0.0,6.0,2.0,1.5,0.0,0.0,0.0,20.0,4,4333,Sync,0.0,c29a38.fffe.b34e68,128,248,254,65535,128,1,160,BOOTING,-1,False,False,False,False,0,healthy
598.7893334500001,mixed_pdv_loss_holdover,0.0,0.0,0.0,0.0,0.0,6.0,2.0,1.5,0.0,0.0,0.0,20.0,4,4334,Sync,0.0,c29a38.fffe.b34e68,128,248,254,65535,128,1,160,BOOTING,-1,False,False,False,False,0,healthy
598.9003691,mixed_pdv_loss_holdover,0.0,0.0,0.0,0.0,0.0,6.0,2.0,1.5,0.0,0.0,0.0,20.0,4,4335,Sync,0.0,c29a38.fffe.b34e68,128,248,254,65535,128,1,160,BOOTING,-1,False,False,False,False,0,healthy
599.019792434,mixed_pdv_loss_holdover,0.0,0.0,0.0,0.0,0.0,6.0,2.0,1.5,0.0,0.0,0.0,20.0,4,4336,Sync,0.0,c29a38.fffe.b34e68,128,248,254,65535,128,1,160,BOOTING,-1,False,False,False,False,0,healthy
599.1530512,mixed_pdv_loss_holdover,0.0,0.0,0.0,0.0,0.0,6.0,2.0,1.5,0.0,0.0,0.0,20.0,4,4337,Sync,0.0,c29a38.fffe.b34e68,128,248,254,65535,128,1,160,BOOTING,-1,False,False,False,False,0,healthy
599.267424709,mixed_pdv_loss_holdover,0.0,0.0,0.0,0.0,0.0,6.0,2.0,1.5,0.0,0.0,0.0,20.0,4,4338,Sync,0.0,c29a38.fffe.b34e68,128,248,254,65535,128,1,160,BOOTING,-1,False,False,False,False,0,healthy
599.39825165,mixed_pdv_loss_holdover,0.0,0.0,0.0,0.0,0.0,6.0,2.0,1.5,0.0,0.0,0.0,20.0,4,4339,Sync,0.0,c29a38.fffe.b34e68,128,248,254,65535,128,1,160,BOOTING,-1,False,False,False,False,0,healthy
599.510373275,mixed_pdv_loss_holdover,0.0,0.0,0.0,0.0,0.0,6.0,2.0,1.5,0.0,0.0,0.0,20.0,4,4340,Sync,0.0,c29a38.fffe.b34e68,128,248,254,65535,128,1,160,BOOTING,-1,False,False,False,False,0,healthy
599.641670467,mixed_pdv_loss_holdover,0.0,0.0,0.0,0.0,0.0,6.0,2.0,1.5,0.0,0.0,0.0,20.0,4,4341,Sync,0.0,c29a38.fffe.b34e68,128,248,254,65535,128,1,160,BOOTING,-1,False,False,False,False,0,healthy
599.769990325,mixed_pdv_loss_holdover,0.0,0.0,0.0,0.0,0.0,6.0,2.0,1.5,0.0,0.0,0.0,20.0,4,4342,Sync,0.0,c29a38.fffe.b34e68,128,248,254,65535,128,1,160,BOOTING,-1,False,False,False,False,0,healthy
599.881975367,mixed_pdv_loss_holdover,0.0,0.0,0.0,0.0,0.0,6.0,2.0,1.5,0.0,0.0,0.0,20.0,4,4343,Sync,0.0,c29a38.fffe.b34e68,128,248,254,65535,128,1,160,BOOTING,-1,False,False,False,False,0,healthy
600.010917458,mixed_pdv_loss_holdover,0.0,0.0,0.0,0.0,0.0,6.0,2.0,1.5,0.0,0.0,0.0,20.0,4,4344,Sync,0.0,c29a38.fffe.b34e68,128,248,254,65535,128,1,160,BOOTING,-1,False,False,False,False,0,healthy
600.147723908,mixed_pdv_loss_holdover,0.0,0.0,0.0,0.0,0.0,6.0,2.0,1.5,0.0,0.0,0.0,20.0,4,4345,Sync,0.0,c29a38.fffe.b34e68,128,248,254,65535,128,1,160,BOOTING,-1,False,False,False,False,0,healthy
