wall_time,scenario,window_start_s,offset_abs_max_ns,pdv_std_ns,label,action,reason,decision_latency_s,end_to_end_latency_s,within_budget,protective_1of1,protective_2of3
2026-08-06T16:18:15.601821+00:00,planned_gm_failover,0.09810687500009863,6211.0,0.0,PENDING,safe_default,protective candidate awaiting temporal persistence,0.20882259400002567,0.2088923670000895,True,True,False
2026-08-06T16:18:15.923160+00:00,planned_gm_failover,0.29810687500009864,6211.0,0.0,UNKNOWN,safe_default,persistent out-of-distribution / novel; conservative safe response,0.28945635900004163,0.28956373200003327,True,True,True
2026-08-06T16:18:16.462109+00:00,planned_gm_failover,0.8981068750000987,1845.0,0.0,UNKNOWN,safe_default,persistent out-of-distribution / novel; conservative safe response,0.23738780799999404,0.23749097600000368,True,True,True
2026-08-06T16:18:16.814035+00:00,planned_gm_failover,1.0981068750000986,1845.0,0.0,UNKNOWN,safe_default,persistent out-of-distribution / novel; conservative safe response,0.27319829599991863,0.27341025399994123,True,True,True
2026-08-06T16:18:17.436103+00:00,planned_gm_failover,1.8981068750000984,2909.0,0.0,UNKNOWN,safe_default,persistent out-of-distribution / novel; conservative safe response,0.24692242000003262,0.24701242399999046,True,True,True
2026-08-06T16:18:17.777968+00:00,planned_gm_failover,2.0981068750000986,2909.0,0.0,UNKNOWN,safe_default,persistent out-of-distribution / novel; conservative safe response,0.2748256700000411,0.2749145899999803,True,True,True
2026-08-06T16:18:18.010399+00:00,planned_gm_failover,2.298106875000099,2534.0,0.0,UNKNOWN,safe_default,persistent out-of-distribution / novel; conservative safe response,0.19365996800001994,0.19375751999996282,True,True,True
2026-08-06T16:18:18.230067+00:00,planned_gm_failover,2.498106875000099,2534.0,0.0,UNKNOWN,safe_default,persistent out-of-distribution / novel; conservative safe response,0.19061360299997432,0.19069154600003912,True,True,True
2026-08-06T16:18:18.953934+00:00,planned_gm_failover,3.4981068750001,5206.0,0.0,UNKNOWN,safe_default,persistent out-of-distribution / novel; conservative safe response,0.19753027299998394,0.1975982630000317,True,True,True
2026-08-06T16:18:19.191507+00:00,planned_gm_failover,3.6981068750001,5206.0,0.0,UNKNOWN,safe_default,persistent out-of-distribution / novel; conservative safe response,0.16922402700004113,0.16931080300003032,True,True,True
2026-08-06T16:18:19.386395+00:00,planned_gm_failover,3.8981068750001002,2644.0,0.0,UNKNOWN,safe_default,persistent out-of-distribution / novel; conservative safe response,0.16101403499999378,0.16108160300007057,True,True,True
2026-08-06T16:18:19.770585+00:00,planned_gm_failover,4.298106875000101,2784.0,0.0,UNKNOWN,safe_default,persistent out-of-distribution / novel; conservative safe response,0.1684418549999691,0.16855640800008587,True,True,True
2026-08-06T16:18:19.979191+00:00,planned_gm_failover,4.498106875000101,1558.0,0.0,UNKNOWN,safe_default,persistent out-of-distribution / novel; conservative safe response,0.18005218999996941,0.18011483500004033,True,True,True
2026-08-06T16:18:20.371654+00:00,planned_gm_failover,4.898106875000101,4833.0,0.0,UNKNOWN,safe_default,persistent out-of-distribution / novel; conservative safe response,0.17395464399999128,0.17402888599997368,True,True,True
2026-08-06T16:18:20.585915+00:00,planned_gm_failover,5.098106875000101,4833.0,0.0,UNKNOWN,safe_default,persistent out-of-distribution / novel; conservative safe response,0.18588996199991925,0.18595672100002503,True,True,True
2026-08-06T16:18:21.107702+00:00,planned_gm_failover,5.698106875000102,11027.0,0.0,UNKNOWN,safe_default,persistent out-of-distribution / novel; conservative safe response,0.16038204400001632,0.1605586379999977,True,True,True
2026-08-06T16:18:21.446446+00:00,planned_gm_failover,5.898106875000102,11027.0,0.0,UNKNOWN,safe_default,persistent out-of-distribution / novel; conservative safe response,0.19033234500000162,0.19040439399998377,True,True,True
2026-08-06T16:18:21.684154+00:00,planned_gm_failover,6.098106875000102,5342.0,0.0,UNKNOWN,safe_default,persistent out-of-distribution / novel; conservative safe response,0.20638128799998867,0.20648259699999016,True,True,True
2026-08-06T16:18:22.472908+00:00,planned_gm_failover,6.898106875000103,7237.0,0.0,UNKNOWN,safe_default,persistent out-of-distribution / novel; conservative safe response,0.29040341999996144,0.29050550399995245,True,True,True
2026-08-06T16:18:22.734396+00:00,planned_gm_failover,7.098106875000103,9721.0,0.0,UNKNOWN,safe_default,persistent out-of-distribution / novel; conservative safe response,0.22209276800003863,0.22218864200010557,True,True,True
2026-08-06T16:18:23.093534+00:00,planned_gm_failover,7.298106875000103,9721.0,0.0,UNKNOWN,safe_default,persistent out-of-distribution / novel; conservative safe response,0.2969924550000087,0.2970835859999852,True,True,True
2026-08-06T16:18:23.599183+00:00,planned_gm_failover,8.098106875000104,1533.0,0.0,UNKNOWN,safe_default,persistent out-of-distribution / novel; conservative safe response,0.21602828799996132,0.21619966499997645,True,True,True
2026-08-06T16:18:23.898013+00:00,planned_gm_failover,8.298106875000103,2139.0,0.0,UNKNOWN,safe_default,persistent out-of-distribution / novel; conservative safe response,0.26571612899999764,0.2667170959999794,True,True,True
2026-08-06T16:18:24.142589+00:00,planned_gm_failover,8.498106875000103,29627.0,0.0,UNKNOWN,safe_default,persistent out-of-distribution / novel; conservative safe response,0.2079683690000138,0.20806143200002225,True,True,True
2026-08-06T16:18:24.435406+00:00,planned_gm_failover,8.698106875000102,29627.0,0.0,UNKNOWN,safe_default,persistent out-of-distribution / novel; conservative safe response,0.2542686839999533,0.25437087400007385,True,True,True
2026-08-06T16:18:25.094374+00:00,planned_gm_failover,9.498106875000099,1170.0,0.0,UNKNOWN,safe_default,persistent out-of-distribution / novel; conservative safe response,0.2832396009999911,0.28334098000004815,True,True,True
2026-08-06T16:18:25.443563+00:00,planned_gm_failover,9.698106875000098,2307.0,0.0,UNKNOWN,safe_default,persistent out-of-distribution / novel; conservative safe response,0.2954642800000329,0.2955646660000184,True,True,True
2026-08-06T16:18:25.772860+00:00,planned_gm_failover,9.898106875000098,2307.0,0.0,UNKNOWN,safe_default,persistent out-of-distribution / novel; conservative safe response,0.2834002339999415,0.2835056789999726,True,True,True
2026-08-06T16:18:26.086747+00:00,planned_gm_failover,10.098106875000097,669.0,0.0,UNKNOWN,safe_default,persistent out-of-distribution / novel; conservative safe response,0.2705886299999065,0.2706695619999664,True,True,True
2026-08-06T16:18:26.353596+00:00,planned_gm_failover,10.498106875000095,1962.0,0.0,UNKNOWN,safe_default,persistent out-of-distribution / novel; conservative safe response,0.2228188560000035,0.2229106979999642,True,True,True
2026-08-06T16:18:26.644167+00:00,planned_gm_failover,11.098106875000093,5458.0,0.0,UNKNOWN,safe_default,persistent out-of-distribution / novel; conservative safe response,0.2351752280000028,0.23524842400001944,True,True,True
2026-08-06T16:18:27.248360+00:00,planned_gm_failover,11.698106875000091,1685.0,0.0,UNKNOWN,safe_default,persistent out-of-distribution / novel; conservative safe response,0.21469574999991892,0.21478678599999057,True,True,True
2026-08-06T16:18:27.511595+00:00,planned_gm_failover,11.89810687500009,1191.0,0.0,UNKNOWN,safe_default,persistent out-of-distribution / novel; conservative safe response,0.23030198100002508,0.23037189400008629,True,True,True
2026-08-06T16:18:28.023313+00:00,planned_gm_failover,12.498106875000088,2583.0,0.0,UNKNOWN,safe_default,persistent out-of-distribution / novel; conservative safe response,0.22850560199992742,0.22861080699999548,True,True,True
2026-08-06T16:18:28.300363+00:00,planned_gm_failover,12.698106875000088,1762.0,0.0,UNKNOWN,safe_default,persistent out-of-distribution / novel; conservative safe response,0.2167890719999832,0.21686185199996544,True,True,True
2026-08-06T16:18:28.574608+00:00,planned_gm_failover,12.898106875000087,4637.0,0.0,UNKNOWN,safe_default,persistent out-of-distribution / novel; conservative safe response,0.23469637599998805,0.23478611200005162,True,True,True
2026-08-06T16:18:28.830127+00:00,planned_gm_failover,13.098106875000086,4637.0,0.0,UNKNOWN,safe_default,persistent out-of-distribution / novel; conservative safe response,0.219283345000008,0.21934839099992587,True,True,True
2026-08-06T16:18:29.185300+00:00,planned_gm_failover,13.698106875000084,16610.0,0.0,UNKNOWN,safe_default,persistent out-of-distribution / novel; conservative safe response,0.16429898699993828,0.16438474899996436,True,True,True
2026-08-06T16:18:29.412913+00:00,planned_gm_failover,13.898106875000083,4932.0,0.0,UNKNOWN,safe_default,persistent out-of-distribution / novel; conservative safe response,0.1898293780000131,0.18990383699997437,True,True,True
2026-08-06T16:18:29.994612+00:00,planned_gm_failover,14.498106875000081,3471.0,0.0,UNKNOWN,safe_default,persistent out-of-distribution / novel; conservative safe response,0.20514673999991828,0.20521653900004821,True,True,True
2026-08-06T16:18:30.318943+00:00,planned_gm_failover,14.69810687500008,2229.0,0.0,UNKNOWN,safe_default,persistent out-of-distribution / novel; conservative safe response,0.22714074099997106,0.227215708000017,True,True,True
2026-08-06T16:18:31.136446+00:00,planned_gm_failover,15.698106875000077,4880.0,0.0,UNKNOWN,safe_default,persistent out-of-distribution / novel; conservative safe response,0.1879716160000271,0.1880580329999475,True,True,True
2026-08-06T16:18:31.452491+00:00,planned_gm_failover,15.898106875000076,5464.0,0.0,UNKNOWN,safe_default,persistent out-of-distribution / novel; conservative safe response,0.16545667899993077,0.1655325179999636,True,True,True
2026-08-06T16:18:31.642355+00:00,planned_gm_failover,16.098106875000077,5464.0,0.0,UNKNOWN,safe_default,persistent out-of-distribution / novel; conservative safe response,0.16320721799991134,0.16329521499994826,True,True,True
2026-08-06T16:18:32.312182+00:00,planned_gm_failover,16.898106875000074,3139.0,0.0,UNKNOWN,safe_default,persistent out-of-distribution / novel; conservative safe response,0.18293337000000065,0.18301111499999934,True,True,True
2026-08-06T16:18:32.625134+00:00,planned_gm_failover,17.098106875000074,2267.0,0.0,UNKNOWN,safe_default,persistent out-of-distribution / novel; conservative safe response,0.1742360959999587,0.17430659299998297,True,True,True
2026-08-06T16:18:32.861662+00:00,planned_gm_failover,17.298106875000073,2267.0,0.0,UNKNOWN,safe_default,persistent out-of-distribution / novel; conservative safe response,0.17169124499991995,0.17175846600002842,True,True,True
2026-08-06T16:18:33.489493+00:00,planned_gm_failover,18.09810687500007,2459.0,0.0,UNKNOWN,safe_default,persistent out-of-distribution / novel; conservative safe response,0.14393566199998986,0.1439989059999789,True,True,True
2026-08-06T16:18:33.771282+00:00,planned_gm_failover,18.29810687500007,1580.0,0.0,UNKNOWN,safe_default,persistent out-of-distribution / novel; conservative safe response,0.12156525800003237,0.1216314710000006,True,True,True
2026-08-06T16:18:33.948548+00:00,planned_gm_failover,18.49810687500007,2845.0,0.0,UNKNOWN,safe_default,persistent out-of-distribution / novel; conservative safe response,0.13495187000000897,0.13504508899995926,True,True,True
2026-08-06T16:18:34.494769+00:00,planned_gm_failover,19.098106875000067,3687.0,0.0,UNKNOWN,safe_default,persistent out-of-distribution / novel; conservative safe response,0.15490227700001924,0.15497058899995864,True,True,True
2026-08-06T16:18:34.793285+00:00,planned_gm_failover,19.298106875000066,3668.0,0.0,UNKNOWN,safe_default,persistent out-of-distribution / novel; conservative safe response,0.14981561799993415,0.14989820400001008,True,True,True
2026-08-06T16:18:34.994121+00:00,planned_gm_failover,19.498106875000065,3668.0,0.0,UNKNOWN,safe_default,persistent out-of-distribution / novel; conservative safe response,0.17081366100001105,0.17088441900000362,True,True,True
2026-08-06T16:18:35.568342+00:00,planned_gm_failover,20.098106875000063,2728.0,0.0,UNKNOWN,safe_default,persistent out-of-distribution / novel; conservative safe response,0.20184200099993177,0.20193079699993177,True,True,True
2026-08-06T16:18:35.900035+00:00,planned_gm_failover,20.298106875000062,2728.0,0.0,UNKNOWN,safe_default,persistent out-of-distribution / novel; conservative safe response,0.1975458570000228,0.1976359750000256,True,True,True
2026-08-06T16:18:36.323512+00:00,planned_gm_failover,20.89810687500006,3263.0,0.0,UNKNOWN,safe_default,persistent out-of-distribution / novel; conservative safe response,0.17789803599998777,0.17796949099999892,True,True,True
2026-08-06T16:18:36.678514+00:00,planned_gm_failover,21.09810687500006,3179.0,0.0,UNKNOWN,safe_default,persistent out-of-distribution / novel; conservative safe response,0.18885238100006063,0.18892556200000854,True,True,True
2026-08-06T16:18:37.126947+00:00,planned_gm_failover,21.698106875000057,2824.0,0.0,UNKNOWN,safe_default,persistent out-of-distribution / novel; conservative safe response,0.19023276799998712,0.19029974000000038,True,True,True
2026-08-06T16:18:37.467728+00:00,planned_gm_failover,21.898106875000057,9153.0,0.0,UNKNOWN,safe_default,persistent out-of-distribution / novel; conservative safe response,0.18729220700004134,0.18738602100006574,True,True,True
2026-08-06T16:18:37.677524+00:00,planned_gm_failover,22.098106875000056,9153.0,0.0,UNKNOWN,safe_default,persistent out-of-distribution / novel; conservative safe response,0.183970613999918,0.18406290900009026,True,True,True
2026-08-06T16:18:38.349795+00:00,planned_gm_failover,22.898106875000053,3285.0,0.0,UNKNOWN,safe_default,persistent out-of-distribution / novel; conservative safe response,0.21201179800004866,0.21208219699997244,True,True,True
2026-08-06T16:18:38.695766+00:00,planned_gm_failover,23.098106875000052,4624.0,0.0,UNKNOWN,safe_default,persistent out-of-distribution / novel; conservative safe response,0.21704023999996025,0.21711549300005117,True,True,True
2026-08-06T16:18:38.935483+00:00,planned_gm_failover,23.29810687500005,4624.0,0.0,UNKNOWN,safe_default,persistent out-of-distribution / novel; conservative safe response,0.20937838299994382,0.20945084300001326,True,True,True
2026-08-06T16:18:39.550545+00:00,planned_gm_failover,24.09810687500005,4924.0,0.0,UNKNOWN,safe_default,persistent out-of-distribution / novel; conservative safe response,0.18132088700008353,0.1813933129999441,True,True,True
2026-08-06T16:18:39.789182+00:00,planned_gm_failover,24.298106875000048,4586.0,0.0,UNKNOWN,safe_default,persistent out-of-distribution / novel; conservative safe response,0.18324753500007773,0.18342383399999562,True,True,True
2026-08-06T16:18:39.998370+00:00,planned_gm_failover,24.498106875000047,4586.0,0.0,UNKNOWN,safe_default,persistent out-of-distribution / novel; conservative safe response,0.18033318800007692,0.18042063999996572,True,True,True
2026-08-06T16:18:40.252740+00:00,planned_gm_failover,24.698106875000047,3716.0,0.0,UNKNOWN,safe_default,persistent out-of-distribution / novel; conservative safe response,0.18026968799995302,0.18034077499999057,True,True,True
2026-08-06T16:18:40.464153+00:00,planned_gm_failover,24.898106875000046,2636.0,0.0,UNKNOWN,safe_default,persistent out-of-distribution / novel; conservative safe response,0.18533839899998839,0.1854122129999496,True,True,True
2026-08-06T16:18:40.985993+00:00,planned_gm_failover,25.498106875000044,3448.0,0.0,UNKNOWN,safe_default,persistent out-of-distribution / novel; conservative safe response,0.21178332699992097,0.211927922999962,True,True,True
2026-08-06T16:18:41.239088+00:00,planned_gm_failover,25.698106875000043,3254.0,0.0,UNKNOWN,safe_default,persistent out-of-distribution / novel; conservative safe response,0.21850233500003924,0.2186469760000591,True,True,True
2026-08-06T16:18:41.632335+00:00,planned_gm_failover,26.098106875000042,2837.0,0.0,UNKNOWN,safe_default,persistent out-of-distribution / novel; conservative safe response,0.20664331700004368,0.20673520499997267,True,True,True
2026-08-06T16:18:41.911303+00:00,planned_gm_failover,26.29810687500004,2837.0,0.0,UNKNOWN,safe_default,persistent out-of-distribution / novel; conservative safe response,0.24638890200003516,0.2464927930000158,True,True,True
2026-08-06T16:18:42.161377+00:00,planned_gm_failover,26.49810687500004,2433.0,0.0,UNKNOWN,safe_default,persistent out-of-distribution / novel; conservative safe response,0.18938653899999736,0.1895251029999372,True,True,True
2026-08-06T16:18:42.543533+00:00,planned_gm_failover,27.09810687500004,2438.0,0.0,UNKNOWN,safe_default,persistent out-of-distribution / novel; conservative safe response,0.185519969999973,0.18559201999994457,True,True,True
2026-08-06T16:18:42.865229+00:00,planned_gm_failover,27.298106875000038,4106.0,0.0,UNKNOWN,safe_default,persistent out-of-distribution / novel; conservative safe response,0.20394029700003102,0.20402786600004674,True,True,True
2026-08-06T16:18:43.104395+00:00,planned_gm_failover,27.498106875000037,4106.0,0.0,UNKNOWN,safe_default,persistent out-of-distribution / novel; conservative safe response,0.20973989499998424,0.20983796600000915,True,True,True
2026-08-06T16:18:43.796769+00:00,planned_gm_failover,28.298106875000034,818.0,0.0,UNKNOWN,safe_default,persistent out-of-distribution / novel; conservative safe response,0.19526179300009971,0.1953575439999895,True,True,True
2026-08-06T16:18:44.024136+00:00,planned_gm_failover,28.498106875000033,2127.0,0.0,UNKNOWN,safe_default,persistent out-of-distribution / novel; conservative safe response,0.19235217400000693,0.1924216989998513,True,True,True
2026-08-06T16:18:44.539912+00:00,planned_gm_failover,29.09810687500003,2396.0,0.0,UNKNOWN,safe_default,persistent out-of-distribution / novel; conservative safe response,0.16821816099991338,0.16829442499988545,True,True,True
2026-08-06T16:18:44.762900+00:00,planned_gm_failover,29.29810687500003,2396.0,0.0,UNKNOWN,safe_default,persistent out-of-distribution / novel; conservative safe response,0.19836185500003012,0.19844878300000346,True,True,True
2026-08-06T16:18:45.010291+00:00,planned_gm_failover,29.49810687500003,2628.0,0.0,UNKNOWN,safe_default,persistent out-of-distribution / novel; conservative safe response,0.1818921839999348,0.18196106100003817,True,True,True
2026-08-06T16:18:45.279992+00:00,planned_gm_failover,29.69810687500003,2628.0,0.0,UNKNOWN,safe_default,persistent out-of-distribution / novel; conservative safe response,0.21581448699998873,0.21589773999994577,True,True,True
2026-08-06T16:18:45.921864+00:00,planned_gm_failover,30.498106875000026,3929.0,0.0,UNKNOWN,safe_default,persistent out-of-distribution / novel; conservative safe response,0.15208850400017582,0.15216894199988928,True,True,True
2026-08-06T16:18:46.114770+00:00,planned_gm_failover,30.698106875000025,3929.0,0.0,UNKNOWN,safe_default,persistent out-of-distribution / novel; conservative safe response,0.14682459200002995,0.14689775200008626,True,True,True
2026-08-06T16:18:46.464874+00:00,planned_gm_failover,30.898106875000025,2645.0,0.0,UNKNOWN,safe_default,persistent out-of-distribution / novel; conservative safe response,0.18718728699991516,0.18726446400000896,True,True,True
2026-08-06T16:18:46.679804+00:00,planned_gm_failover,31.098106875000024,2823.0,0.0,UNKNOWN,safe_default,persistent out-of-distribution / novel; conservative safe response,0.18142428999999538,0.18153864900000372,True,True,True
2026-08-06T16:18:47.343740+00:00,planned_gm_failover,31.89810687500002,2236.0,0.0,UNKNOWN,safe_default,persistent out-of-distribution / novel; conservative safe response,0.1766832499999964,0.1767792709999867,True,True,True
2026-08-06T16:18:47.704095+00:00,planned_gm_failover,32.09810687500002,2005.0,0.0,UNKNOWN,safe_default,persistent out-of-distribution / novel; conservative safe response,0.1981971899999735,0.19827603700014151,True,True,True
2026-08-06T16:18:48.128681+00:00,planned_gm_failover,32.69810687500003,4057.0,0.0,UNKNOWN,safe_default,persistent out-of-distribution / novel; conservative safe response,0.18791763800004446,0.18798430400011057,True,True,True
2026-08-06T16:18:48.542496+00:00,planned_gm_failover,32.89810687500003,3518.0,0.0,UNKNOWN,safe_default,persistent out-of-distribution / novel; conservative safe response,0.2454499999998916,0.24552238699993723,True,True,True
2026-08-06T16:18:48.886509+00:00,planned_gm_failover,33.098106875000035,3518.0,0.0,UNKNOWN,safe_default,persistent out-of-distribution / novel; conservative safe response,0.30050178600004074,0.30060609900010604,True,True,True
2026-08-06T16:18:49.783255+00:00,planned_gm_failover,34.09810687500005,1477.0,0.0,UNKNOWN,safe_default,persistent out-of-distribution / novel; conservative safe response,0.34037628900000527,0.340487087999918,True,True,True
2026-08-06T16:18:50.116089+00:00,planned_gm_failover,34.29810687500005,2226.0,0.0,UNKNOWN,safe_default,persistent out-of-distribution / novel; conservative safe response,0.2853507699999227,0.28544056600003387,True,True,True
2026-08-06T16:18:50.447230+00:00,planned_gm_failover,34.69810687500006,2817.0,0.0,UNKNOWN,safe_default,persistent out-of-distribution / novel; conservative safe response,0.25976797599992096,0.2600477900000442,True,True,True
2026-08-06T16:18:50.714209+00:00,planned_gm_failover,34.89810687500006,2817.0,0.0,UNKNOWN,safe_default,persistent out-of-distribution / novel; conservative safe response,0.22642434599993067,0.22652316900007463,True,True,True
2026-08-06T16:18:51.214613+00:00,planned_gm_failover,35.69810687500007,755.0,0.0,UNKNOWN,safe_default,persistent out-of-distribution / novel; conservative safe response,0.206237382999916,0.2063757959999748,True,True,True
2026-08-06T16:18:51.536477+00:00,planned_gm_failover,35.898106875000074,4743.0,0.0,UNKNOWN,safe_default,persistent out-of-distribution / novel; conservative safe response,0.2844924799999262,0.2845833510000375,True,True,True
2026-08-06T16:18:51.833847+00:00,planned_gm_failover,36.09810687500008,4743.0,0.0,UNKNOWN,safe_default,persistent out-of-distribution / novel; conservative safe response,0.2557405339998695,0.2558323069999915,True,True,True
2026-08-06T16:18:52.288733+00:00,planned_gm_failover,36.698106875000086,3162.0,0.0,UNKNOWN,safe_default,persistent out-of-distribution / novel; conservative safe response,0.2699819169999955,0.2702516540000488,True,True,True
2026-08-06T16:18:52.817566+00:00,planned_gm_failover,37.298106875000094,1052.0,0.0,UNKNOWN,safe_default,persistent out-of-distribution / novel; conservative safe response,0.23591386799989778,0.23601795199988373,True,True,True
2026-08-06T16:18:53.169571+00:00,planned_gm_failover,37.4981068750001,1449.0,0.0,UNKNOWN,safe_default,persistent out-of-distribution / novel; conservative safe response,0.2245788260001973,0.22467296300010275,True,True,True
2026-08-06T16:18:53.406405+00:00,planned_gm_failover,37.6981068750001,1449.0,0.0,UNKNOWN,safe_default,persistent out-of-distribution / novel; conservative safe response,0.20398383199994896,0.2040584179999314,True,True,True
2026-08-06T16:18:54.136191+00:00,planned_gm_failover,38.698106875000114,4666.0,0.0,UNKNOWN,safe_default,persistent out-of-distribution / novel; conservative safe response,0.19439844999988054,0.19449166699996567,True,True,True
2026-08-06T16:18:54.465168+00:00,planned_gm_failover,38.89810687500012,5113.0,0.0,UNKNOWN,safe_default,persistent out-of-distribution / novel; conservative safe response,0.2169235399999252,0.2169922990001396,True,True,True
2026-08-06T16:18:54.684026+00:00,planned_gm_failover,39.09810687500012,5113.0,0.0,UNKNOWN,safe_default,persistent out-of-distribution / novel; conservative safe response,0.19194002500012175,0.1920152989998769,True,True,True
2026-08-06T16:18:55.382082+00:00,planned_gm_failover,39.89810687500013,6175.0,0.0,UNKNOWN,safe_default,persistent out-of-distribution / novel; conservative safe response,0.1931507319998218,0.1932485429999815,True,True,True
2026-08-06T16:18:55.625949+00:00,planned_gm_failover,40.098106875000134,6175.0,0.0,UNKNOWN,safe_default,persistent out-of-distribution / novel; conservative safe response,0.21678387499991914,0.21685582899999645,True,True,True
2026-08-06T16:18:55.855918+00:00,planned_gm_failover,40.29810687500014,3809.0,0.0,UNKNOWN,safe_default,persistent out-of-distribution / novel; conservative safe response,0.16612802799977544,0.16619627400018544,True,True,True
2026-08-06T16:18:56.071110+00:00,planned_gm_failover,40.49810687500014,1506.0,0.0,UNKNOWN,safe_default,persistent out-of-distribution / novel; conservative safe response,0.1858722439999383,0.18596032100003868,True,True,True
2026-08-06T16:18:56.561436+00:00,planned_gm_failover,41.09810687500015,1579.0,0.0,UNKNOWN,safe_default,persistent out-of-distribution / novel; conservative safe response,0.18771362400002545,0.18778837500008194,True,True,True
2026-08-06T16:18:56.813544+00:00,planned_gm_failover,41.29810687500015,3485.0,0.0,UNKNOWN,safe_default,persistent out-of-distribution / novel; conservative safe response,0.18535980100000415,0.18544196599987117,True,True,True
2026-08-06T16:18:57.368743+00:00,planned_gm_failover,41.89810687500016,6239.0,0.0,UNKNOWN,safe_default,persistent out-of-distribution / novel; conservative safe response,0.1752252740000131,0.17539971500013962,True,True,True
2026-08-06T16:18:57.586886+00:00,planned_gm_failover,42.09810687500016,6539.0,0.0,UNKNOWN,safe_default,persistent out-of-distribution / novel; conservative safe response,0.19014944099990316,0.190219672000012,True,True,True
2026-08-06T16:18:57.934587+00:00,planned_gm_failover,42.298106875000165,6539.0,0.0,UNKNOWN,safe_default,persistent out-of-distribution / novel; conservative safe response,0.20491280500004905,0.2049997669998902,True,True,True
2026-08-06T16:18:58.387838+00:00,planned_gm_failover,42.898106875000174,3278.0,0.0,UNKNOWN,safe_default,persistent out-of-distribution / novel; conservative safe response,0.2039349819999643,0.20400630699987232,True,True,True
2026-08-06T16:18:58.951442+00:00,planned_gm_failover,43.49810687500018,3733.0,0.0,UNKNOWN,safe_default,persistent out-of-distribution / novel; conservative safe response,0.18805282299990722,0.18814107799994417,True,True,True
2026-08-06T16:18:59.307047+00:00,planned_gm_failover,43.698106875000185,3953.0,0.0,UNKNOWN,safe_default,persistent out-of-distribution / novel; conservative safe response,0.2104192479998801,0.21049387199991543,True,True,True
2026-08-06T16:18:59.586370+00:00,planned_gm_failover,43.89810687500019,3953.0,0.0,UNKNOWN,safe_default,persistent out-of-distribution / novel; conservative safe response,0.24415136899983736,0.24424121800007015,True,True,True
2026-08-06T16:19:00.428285+00:00,planned_gm_failover,44.8981068750002,3281.0,0.0,UNKNOWN,safe_default,persistent out-of-distribution / novel; conservative safe response,0.22108840000009877,0.2211563070000011,True,True,True
2026-08-06T16:19:00.663438+00:00,planned_gm_failover,45.098106875000205,3281.0,0.0,UNKNOWN,safe_default,persistent out-of-distribution / novel; conservative safe response,0.20427018899999894,0.20434350400000767,True,True,True
2026-08-06T16:19:01.211263+00:00,planned_gm_failover,45.698106875000214,5408.0,0.0,UNKNOWN,safe_default,persistent out-of-distribution / novel; conservative safe response,0.20988185600003817,0.20997329299984813,True,True,True
2026-08-06T16:19:01.456156+00:00,planned_gm_failover,45.89810687500022,5408.0,0.0,UNKNOWN,safe_default,persistent out-of-distribution / novel; conservative safe response,0.2149420379998901,0.21503217300005417,True,True,True
2026-08-06T16:19:02.189142+00:00,planned_gm_failover,46.69810687500023,3081.0,0.0,UNKNOWN,safe_default,persistent out-of-distribution / novel; conservative safe response,0.215091793000056,0.21521067599996968,True,True,True
2026-08-06T16:19:02.485468+00:00,planned_gm_failover,46.89810687500023,3081.0,0.0,UNKNOWN,safe_default,persistent out-of-distribution / novel; conservative safe response,0.22268202800000836,0.22275979400001233,True,True,True
2026-08-06T16:19:02.735987+00:00,planned_gm_failover,47.098106875000234,2238.0,0.0,UNKNOWN,safe_default,persistent out-of-distribution / novel; conservative safe response,0.2132005250000475,0.21329912900000636,True,True,True
2026-08-06T16:19:03.569442+00:00,planned_gm_failover,48.09810687500025,2848.0,0.0,UNKNOWN,safe_default,persistent out-of-distribution / novel; conservative safe response,0.20037152500003685,0.20044396599996617,True,True,True
2026-08-06T16:19:03.863716+00:00,planned_gm_failover,48.29810687500025,4198.0,0.0,UNKNOWN,safe_default,persistent out-of-distribution / novel; conservative safe response,0.1815797049998764,0.1816672649999873,True,True,True
2026-08-06T16:19:04.121442+00:00,planned_gm_failover,48.49810687500025,4476.0,0.0,UNKNOWN,safe_default,persistent out-of-distribution / novel; conservative safe response,0.21211169399998653,0.21217966399990473,True,True,True
2026-08-06T16:19:04.686068+00:00,planned_gm_failover,49.298106875000265,4649.0,0.0,UNKNOWN,safe_default,persistent out-of-distribution / novel; conservative safe response,0.10056721399996604,0.100634368999863,True,True,True
2026-08-06T16:19:04.845221+00:00,planned_gm_failover,49.49810687500027,69480.0,0.0,UNKNOWN,safe_default,persistent out-of-distribution / novel; conservative safe response,0.12503787399987232,0.1250997610000013,True,True,True
2026-08-06T16:19:05.122142+00:00,planned_gm_failover,49.69810687500027,69480.0,0.0,UNKNOWN,safe_default,persistent out-of-distribution / novel; conservative safe response,0.10409520999996857,0.1041769309999836,True,True,True
2026-08-06T16:19:05.303487+00:00,planned_gm_failover,49.89810687500027,5285.0,0.0,UNKNOWN,safe_default,persistent out-of-distribution / novel; conservative safe response,0.14671553099992707,0.14677935099985007,True,True,True
2026-08-06T16:19:05.689056+00:00,planned_gm_failover,50.098106875000276,3991.0,0.0,UNKNOWN,safe_default,persistent out-of-distribution / novel; conservative safe response,0.16402514899982634,0.1640889629998128,True,True,True
2026-08-06T16:19:06.064213+00:00,planned_gm_failover,50.698106875000285,15423.0,0.0,UNKNOWN,safe_default,persistent out-of-distribution / novel; conservative safe response,0.1114914620000036,0.11157984900000883,True,True,True
2026-08-06T16:19:06.358357+00:00,planned_gm_failover,50.89810687500029,9362.0,0.0,UNKNOWN,safe_default,persistent out-of-distribution / novel; conservative safe response,0.15166939000005186,0.15172625800005335,True,True,True
2026-08-06T16:19:06.506654+00:00,planned_gm_failover,51.09810687500029,2477.0,0.0,UNKNOWN,safe_default,persistent out-of-distribution / novel; conservative safe response,0.1176543799999763,0.1177223590000267,True,True,True
2026-08-06T16:19:06.926305+00:00,planned_gm_failover,51.498106875000296,8501.0,0.0,UNKNOWN,safe_default,persistent out-of-distribution / novel; conservative safe response,0.14663373599978513,0.14669696700002532,True,True,True
2026-08-06T16:19:07.110304+00:00,planned_gm_failover,51.6981068750003,8501.0,0.0,UNKNOWN,safe_default,persistent out-of-distribution / novel; conservative safe response,0.14487587000007807,0.1449473070001659,True,True,True
2026-08-06T16:19:07.553819+00:00,planned_gm_failover,52.098106875000305,2479.0,0.0,UNKNOWN,safe_default,persistent out-of-distribution / novel; conservative safe response,0.18481166599985954,0.18488491600010093,True,True,True
2026-08-06T16:19:07.829123+00:00,planned_gm_failover,52.29810687500031,2479.0,0.0,UNKNOWN,safe_default,persistent out-of-distribution / novel; conservative safe response,0.15849008900022454,0.15862932400000318,True,True,True
2026-08-06T16:19:08.505803+00:00,planned_gm_failover,53.09810687500032,1749.0,0.0,UNKNOWN,safe_default,persistent out-of-distribution / novel; conservative safe response,0.17787057900000036,0.17794859400009955,True,True,True
2026-08-06T16:19:08.828836+00:00,planned_gm_failover,53.29810687500032,10661.0,0.0,UNKNOWN,safe_default,persistent out-of-distribution / novel; conservative safe response,0.15682759399987845,0.15691286799983573,True,True,True
2026-08-06T16:19:09.058798+00:00,planned_gm_failover,53.498106875000325,10661.0,0.0,UNKNOWN,safe_default,persistent out-of-distribution / novel; conservative safe response,0.20243852400017204,0.2025254379998387,True,True,True
2026-08-06T16:19:09.757243+00:00,planned_gm_failover,54.298106875000336,1457.0,0.0,UNKNOWN,safe_default,persistent out-of-distribution / novel; conservative safe response,0.23318685300000652,0.23325865700007853,True,True,True
2026-08-06T16:19:10.074094+00:00,planned_gm_failover,54.49810687500034,2896.0,0.0,UNKNOWN,safe_default,persistent out-of-distribution / novel; conservative safe response,0.18077186799996525,0.18087723200005712,True,True,True
2026-08-06T16:19:10.310170+00:00,planned_gm_failover,54.69810687500034,4859.0,0.0,UNKNOWN,safe_default,persistent out-of-distribution / novel; conservative safe response,0.2035905109999021,0.2036887280000883,True,True,True
2026-08-06T16:19:10.939218+00:00,planned_gm_failover,55.49810687500035,2982.0,0.0,UNKNOWN,safe_default,persistent out-of-distribution / novel; conservative safe response,0.14223000599986335,0.1422992410000461,True,True,True
2026-08-06T16:19:11.112046+00:00,planned_gm_failover,55.698106875000356,2813.0,0.0,UNKNOWN,safe_default,persistent out-of-distribution / novel; conservative safe response,0.13249017899988758,0.13256319200013422,True,True,True
2026-08-06T16:19:11.672264+00:00,planned_gm_failover,56.298106875000364,7025.0,0.0,UNKNOWN,safe_default,persistent out-of-distribution / novel; conservative safe response,0.14240670300000602,0.14247448400010398,True,True,True
2026-08-06T16:19:11.971379+00:00,planned_gm_failover,56.49810687500037,5903.0,0.0,UNKNOWN,safe_default,persistent out-of-distribution / novel; conservative safe response,0.13871812599995792,0.13877947100013444,True,True,True
2026-08-06T16:19:12.153401+00:00,planned_gm_failover,56.69810687500037,8528.0,0.0,UNKNOWN,safe_default,persistent out-of-distribution / novel; conservative safe response,0.15937746700001298,0.1595109400000183,True,True,True
2026-08-06T16:19:12.406334+00:00,planned_gm_failover,56.89810687500037,8528.0,0.0,UNKNOWN,safe_default,persistent out-of-distribution / novel; conservative safe response,0.19171224999990955,0.19179768000003605,True,True,True
2026-08-06T16:19:12.620633+00:00,planned_gm_failover,57.098106875000376,5590.0,0.0,UNKNOWN,safe_default,persistent out-of-distribution / novel; conservative safe response,0.18271666000009645,0.18279525600019042,True,True,True
2026-08-06T16:19:12.978204+00:00,planned_gm_failover,57.49810687500038,4594.0,0.0,UNKNOWN,safe_default,persistent out-of-distribution / novel; conservative safe response,0.17085837500007983,0.1709935559999849,True,True,True
2026-08-06T16:19:13.176528+00:00,planned_gm_failover,57.698106875000384,4594.0,0.0,UNKNOWN,safe_default,persistent out-of-distribution / novel; conservative safe response,0.16672455399998398,0.16684841500000402,True,True,True
2026-08-06T16:19:13.672771+00:00,planned_gm_failover,58.29810687500039,2674.0,0.0,UNKNOWN,safe_default,persistent out-of-distribution / novel; conservative safe response,0.12674888400010786,0.12684070000000247,True,True,True
2026-08-06T16:19:14.008065+00:00,planned_gm_failover,58.498106875000396,2674.0,0.0,UNKNOWN,safe_default,persistent out-of-distribution / novel; conservative safe response,0.17257300899996153,0.17266046800000368,True,True,True
2026-08-06T16:19:14.181862+00:00,planned_gm_failover,58.6981068750004,1975.0,0.0,UNKNOWN,safe_default,persistent out-of-distribution / novel; conservative safe response,0.14215264600011324,0.1422259450000638,True,True,True
2026-08-06T16:19:14.737940+00:00,planned_gm_failover,59.29810687500041,4273.0,0.0,UNKNOWN,safe_default,persistent out-of-distribution / novel; conservative safe response,0.17015927199986436,0.17022012100005668,True,True,True
2026-08-06T16:19:14.997585+00:00,planned_gm_failover,59.49810687500041,4273.0,0.0,UNKNOWN,safe_default,persistent out-of-distribution / novel; conservative safe response,0.1690368000001854,0.1691030709998813,True,True,True
2026-08-06T16:19:15.511091+00:00,planned_gm_failover,60.09810687500042,4085.0,0.0,UNKNOWN,safe_default,persistent out-of-distribution / novel; conservative safe response,0.14478012099993975,0.14486021700008678,True,True,True
2026-08-06T16:19:15.719859+00:00,planned_gm_failover,60.29810687500042,8111.0,0.0,UNKNOWN,safe_default,persistent out-of-distribution / novel; conservative safe response,0.18014599000002818,0.18025398999998288,True,True,True
2026-08-06T16:19:16.028338+00:00,planned_gm_failover,60.498106875000424,8451.0,0.0,UNKNOWN,safe_default,persistent out-of-distribution / novel; conservative safe response,0.1776668550000977,0.17777943500004767,True,True,True
2026-08-06T16:19:16.231889+00:00,planned_gm_failover,60.69810687500043,8451.0,0.0,UNKNOWN,safe_default,persistent out-of-distribution / novel; conservative safe response,0.17628858900002342,0.17636093200007963,True,True,True
2026-08-06T16:19:16.658053+00:00,planned_gm_failover,61.298106875000435,1506.0,0.0,UNKNOWN,safe_default,persistent out-of-distribution / novel; conservative safe response,0.13479205700014063,0.13486961800003883,True,True,True
2026-08-06T16:19:17.036389+00:00,planned_gm_failover,61.49810687500044,2962.0,0.0,UNKNOWN,safe_default,persistent out-of-distribution / novel; conservative safe response,0.20101993299999776,0.201089144999969,True,True,True
2026-08-06T16:19:17.206892+00:00,planned_gm_failover,61.69810687500044,3765.0,0.0,UNKNOWN,safe_default,persistent out-of-distribution / novel; conservative safe response,0.14102686399996855,0.14110460099982447,True,True,True
2026-08-06T16:19:17.757865+00:00,planned_gm_failover,62.29810687500045,3277.0,0.0,UNKNOWN,safe_default,persistent out-of-distribution / novel; conservative safe response,0.15882563099989966,0.1589245329998903,True,True,True
2026-08-06T16:19:17.980593+00:00,planned_gm_failover,62.49810687500045,3882.0,0.0,UNKNOWN,safe_default,persistent out-of-distribution / novel; conservative safe response,0.18027915899983782,0.1803479679999782,True,True,True
2026-08-06T16:19:18.569799+00:00,planned_gm_failover,63.09810687500046,3818.0,0.0,UNKNOWN,safe_default,persistent out-of-distribution / novel; conservative safe response,0.21259063700017578,0.21283732699998836,True,True,True
2026-08-06T16:19:18.855292+00:00,planned_gm_failover,63.298106875000464,8957.0,0.0,UNKNOWN,safe_default,persistent out-of-distribution / novel; conservative safe response,0.1401037240000278,0.14019538000002285,True,True,True
2026-08-06T16:19:19.276376+00:00,planned_gm_failover,63.89810687500047,3713.0,0.0,UNKNOWN,safe_default,persistent out-of-distribution / novel; conservative safe response,0.15092541300009543,0.15105093599981956,True,True,True
2026-08-06T16:19:19.561247+00:00,planned_gm_failover,64.09810687500047,3713.0,0.0,UNKNOWN,safe_default,persistent out-of-distribution / novel; conservative safe response,0.1492915040000753,0.14936599499992553,True,True,True
2026-08-06T16:19:19.788357+00:00,planned_gm_failover,64.29810687500047,3766.0,0.0,UNKNOWN,safe_default,persistent out-of-distribution / novel; conservative safe response,0.13912048099996355,0.13919577399997252,True,True,True
2026-08-06T16:19:20.511682+00:00,planned_gm_failover,65.09810687500048,3310.0,0.0,UNKNOWN,safe_default,persistent out-of-distribution / novel; conservative safe response,0.18110982400003195,0.18118841099999372,True,True,True
2026-08-06T16:19:20.812530+00:00,planned_gm_failover,65.29810687500049,2628.0,0.0,UNKNOWN,safe_default,persistent out-of-distribution / novel; conservative safe response,0.16211115999999492,0.16219706399988354,True,True,True
2026-08-06T16:19:21.024473+00:00,planned_gm_failover,65.49810687500049,2628.0,0.0,UNKNOWN,safe_default,persistent out-of-distribution / novel; conservative safe response,0.1810311270000966,0.18109767300006752,True,True,True
2026-08-06T16:19:21.747927+00:00,planned_gm_failover,66.2981068750005,4112.0,0.0,UNKNOWN,safe_default,persistent out-of-distribution / novel; conservative safe response,0.20498742399990988,0.20508183099991584,True,True,True
2026-08-06T16:19:22.040036+00:00,planned_gm_failover,66.4981068750005,4112.0,0.0,UNKNOWN,safe_default,persistent out-of-distribution / novel; conservative safe response,0.2085926390000168,0.2086866319998535,True,True,True
2026-08-06T16:19:22.272654+00:00,planned_gm_failover,66.6981068750005,3782.0,0.0,UNKNOWN,safe_default,persistent out-of-distribution / novel; conservative safe response,0.2013848379999672,0.2014818360000845,True,True,True
2026-08-06T16:19:22.716581+00:00,planned_gm_failover,67.29810687500051,3405.0,0.0,UNKNOWN,safe_default,persistent out-of-distribution / novel; conservative safe response,0.17165227099985714,0.17172131200004515,True,True,True
2026-08-06T16:19:23.032260+00:00,planned_gm_failover,67.49810687500052,5513.0,0.0,UNKNOWN,safe_default,persistent out-of-distribution / novel; conservative safe response,0.16870624000011958,0.16877867900007004,True,True,True
2026-08-06T16:19:23.272095+00:00,planned_gm_failover,67.69810687500052,5513.0,0.0,UNKNOWN,safe_default,persistent out-of-distribution / novel; conservative safe response,0.21302881699989484,0.21312039100007496,True,True,True
2026-08-06T16:19:24.132379+00:00,planned_gm_failover,68.49810687500053,4586.0,0.0,UNKNOWN,safe_default,persistent out-of-distribution / novel; conservative safe response,0.3161915359999057,0.31628780899995945,True,True,True
2026-08-06T16:19:24.432472+00:00,planned_gm_failover,68.69810687500053,4586.0,0.0,UNKNOWN,safe_default,persistent out-of-distribution / novel; conservative safe response,0.247238273999983,0.2473431610001171,True,True,True
2026-08-06T16:19:24.743034+00:00,planned_gm_failover,69.09810687500054,3434.0,0.0,UNKNOWN,safe_default,persistent out-of-distribution / novel; conservative safe response,0.2365510039999208,0.23668975300006423,True,True,True
2026-08-06T16:19:25.067954+00:00,planned_gm_failover,69.29810687500054,14127.0,0.0,UNKNOWN,safe_default,persistent out-of-distribution / novel; conservative safe response,0.2599694279999767,0.2600512669998807,True,True,True
2026-08-06T16:19:25.762229+00:00,planned_gm_failover,70.29810687500056,1779.0,0.0,UNKNOWN,safe_default,persistent out-of-distribution / novel; conservative safe response,0.21473444699995525,0.21483171199997741,True,True,True
2026-08-06T16:19:26.192122+00:00,planned_gm_failover,70.49810687500056,4409.0,0.0,UNKNOWN,safe_default,persistent out-of-distribution / novel; conservative safe response,0.27079561400000784,0.27087864700001774,True,True,True
2026-08-06T16:19:26.513446+00:00,planned_gm_failover,70.69810687500056,4409.0,0.0,UNKNOWN,safe_default,persistent out-of-distribution / novel; conservative safe response,0.27909807399987585,0.2792299840000396,True,True,True
2026-08-06T16:19:27.277770+00:00,planned_gm_failover,71.69810687500058,827.0,0.0,UNKNOWN,safe_default,persistent out-of-distribution / novel; conservative safe response,0.28586974800009557,0.2859610830000747,True,True,True
2026-08-06T16:19:27.629992+00:00,planned_gm_failover,71.89810687500058,1377.0,0.0,UNKNOWN,safe_default,persistent out-of-distribution / novel; conservative safe response,0.30969568799991976,0.3097916340000211,True,True,True
2026-08-06T16:19:28.030671+00:00,planned_gm_failover,72.09810687500058,3189.0,0.0,UNKNOWN,safe_default,persistent out-of-distribution / novel; conservative safe response,0.3489248860000771,0.3490245299999515,True,True,True
2026-08-06T16:19:28.415317+00:00,planned_gm_failover,72.29810687500058,3189.0,0.0,UNKNOWN,safe_default,persistent out-of-distribution / novel; conservative safe response,0.3273639980000098,0.3274592360000952,True,True,True
2026-08-06T16:19:28.714284+00:00,planned_gm_failover,72.8981068750006,1704.0,0.0,UNKNOWN,safe_default,persistent out-of-distribution / novel; conservative safe response,0.253654982000171,0.25543926500017733,True,True,True
2026-08-06T16:19:29.576422+00:00,planned_gm_failover,73.89810687500061,2430.0,0.0,UNKNOWN,safe_default,persistent out-of-distribution / novel; conservative safe response,0.3602525510000305,0.36034778299995196,True,True,True
2026-08-06T16:19:29.880520+00:00,planned_gm_failover,74.09810687500061,2430.0,0.0,UNKNOWN,safe_default,persistent out-of-distribution / novel; conservative safe response,0.24581510500001968,0.24590723300002537,True,True,True
2026-08-06T16:19:30.390369+00:00,planned_gm_failover,74.89810687500062,2478.0,0.0,UNKNOWN,safe_default,persistent out-of-distribution / novel; conservative safe response,0.21300332200007688,0.21309254099992359,True,True,True
2026-08-06T16:19:30.734835+00:00,planned_gm_failover,75.09810687500062,2478.0,0.0,UNKNOWN,safe_default,persistent out-of-distribution / novel; conservative safe response,0.30120200999999724,0.30131255700007387,True,True,True
2026-08-06T16:19:31.230351+00:00,planned_gm_failover,75.49810687500063,2779.0,0.0,UNKNOWN,safe_default,persistent out-of-distribution / novel; conservative safe response,0.3555334089999178,0.35567068599993945,True,True,True
2026-08-06T16:19:31.643311+00:00,planned_gm_failover,75.69810687500063,2779.0,0.0,UNKNOWN,safe_default,persistent out-of-distribution / novel; conservative safe response,0.3623023249999733,0.36239844900001117,True,True,True
2026-08-06T16:19:32.064584+00:00,planned_gm_failover,76.49810687500064,1622.0,0.0,UNKNOWN,safe_default,persistent out-of-distribution / novel; conservative safe response,0.24652431099980276,0.24661412300019947,True,True,True
2026-08-06T16:19:32.395559+00:00,planned_gm_failover,76.69810687500065,1622.0,0.0,UNKNOWN,safe_default,persistent out-of-distribution / novel; conservative safe response,0.2592575520000082,0.2594144470001538,True,True,True
2026-08-06T16:19:32.763989+00:00,planned_gm_failover,77.09810687500065,1622.0,0.0,H0,failover_lls_c1,H0 candidate beats or matches safe default in twin,0.2653334359999917,0.26538349899988134,True,False,False
2026-08-06T16:19:33.035141+00:00,planned_gm_failover,77.29810687500066,1622.0,0.0,PENDING,safe_default,protective candidate awaiting temporal persistence,0.22018616999980622,0.2202611610000531,True,True,False
2026-08-06T16:19:33.374425+00:00,planned_gm_failover,78.09810687500067,0.0,0.0,healthy,safe_default,no anomaly above configured threshold,9.761899991644896e-05,0.00011503999985507107,True,False,False
2026-08-06T16:19:33.654817+00:00,planned_gm_failover,78.29810687500067,0.0,0.0,healthy,safe_default,no anomaly above configured threshold,7.509099987146328e-05,8.790699985183892e-05,True,False,False
2026-08-06T16:19:33.779066+00:00,planned_gm_failover,78.49810687500067,0.0,0.0,healthy,safe_default,no anomaly above configured threshold,0.00011363700014044298,0.00012705500012089033,True,False,False
2026-08-06T16:19:34.193910+00:00,planned_gm_failover,78.89810687500068,0.0,0.0,healthy,safe_default,no anomaly above configured threshold,8.378500001526845e-05,0.0001024040000174864,True,False,False
2026-08-06T16:19:34.356808+00:00,planned_gm_failover,79.09810687500068,0.0,0.0,healthy,safe_default,no anomaly above configured threshold,9.93010000911454e-05,0.00011551699981282582,True,False,False
2026-08-06T16:19:34.644589+00:00,planned_gm_failover,79.29810687500068,0.0,0.0,healthy,safe_default,no anomaly above configured threshold,0.00011031199983335682,0.00012923099984618602,True,False,False
2026-08-06T16:19:34.794813+00:00,planned_gm_failover,79.49810687500069,0.0,0.0,healthy,safe_default,no anomaly above configured threshold,9.789899991119455e-05,0.00011671800007206912,True,False,False
2026-08-06T16:19:35.155927+00:00,planned_gm_failover,79.89810687500069,0.0,0.0,healthy,safe_default,no anomaly above configured threshold,8.617100002084044e-05,0.00010193800017077592,True,False,False
2026-08-06T16:19:35.397826+00:00,planned_gm_failover,80.0981068750007,0.0,0.0,healthy,safe_default,no anomaly above configured threshold,7.35200001145131e-05,8.461199990961177e-05,True,False,False
2026-08-06T16:19:35.509495+00:00,planned_gm_failover,80.2981068750007,0.0,0.0,healthy,safe_default,no anomaly above configured threshold,6.526999982270354e-05,7.544599998254853e-05,True,False,False
2026-08-06T16:19:35.762551+00:00,planned_gm_failover,80.4981068750007,0.0,0.0,healthy,safe_default,no anomaly above configured threshold,6.197000016072707e-05,7.26949999716453e-05,True,False,False
2026-08-06T16:19:35.884282+00:00,planned_gm_failover,80.6981068750007,0.0,0.0,healthy,safe_default,no anomaly above configured threshold,6.627800007663609e-05,7.718699998804368e-05,True,False,False
2026-08-06T16:19:36.143549+00:00,planned_gm_failover,80.8981068750007,0.0,0.0,healthy,safe_default,no anomaly above configured threshold,8.910400015338382e-05,0.00010478000012881239,True,False,False
2026-08-06T16:19:36.391766+00:00,planned_gm_failover,81.09810687500071,0.0,0.0,healthy,safe_default,no anomaly above configured threshold,0.00010083799998028553,0.00011770500009333773,True,False,False
2026-08-06T16:19:36.518300+00:00,planned_gm_failover,81.29810687500071,0.0,0.0,healthy,safe_default,no anomaly above configured threshold,6.47190001927811e-05,7.599499986099545e-05,True,False,False
2026-08-06T16:19:36.800552+00:00,planned_gm_failover,81.49810687500072,0.0,0.0,healthy,safe_default,no anomaly above configured threshold,6.747000020368432e-05,7.901999993009667e-05,True,False,False
2026-08-06T16:19:36.956578+00:00,planned_gm_failover,81.69810687500072,0.0,0.0,healthy,safe_default,no anomaly above configured threshold,0.00010652100013430754,0.00012412199998834694,True,False,False
2026-08-06T16:19:37.237478+00:00,planned_gm_failover,81.89810687500072,0.0,0.0,healthy,safe_default,no anomaly above configured threshold,0.00011981300008301332,0.00014098999986345007,True,False,False
2026-08-06T16:19:37.392751+00:00,planned_gm_failover,82.09810687500072,0.0,0.0,healthy,safe_default,no anomaly above configured threshold,0.00010881299999709881,0.0001531810000869882,True,False,False
2026-08-06T16:19:37.664726+00:00,planned_gm_failover,82.29810687500073,0.0,0.0,healthy,safe_default,no anomaly above configured threshold,0.00015987300002962002,0.0001801329999580048,True,False,False
2026-08-06T16:19:37.801797+00:00,planned_gm_failover,82.49810687500073,0.0,0.0,healthy,safe_default,no anomaly above configured threshold,9.735399999044603e-05,0.00011376399993423547,True,False,False
2026-08-06T16:19:38.213346+00:00,planned_gm_failover,82.89810687500074,0.0,0.0,healthy,safe_default,no anomaly above configured threshold,0.00010624599985931127,0.00012448799998310278,True,False,False
2026-08-06T16:19:38.342207+00:00,planned_gm_failover,83.09810687500074,0.0,0.0,healthy,safe_default,no anomaly above configured threshold,9.267800010093197e-05,0.00010881299999709881,True,False,False
2026-08-06T16:19:38.618532+00:00,planned_gm_failover,83.29810687500074,0.0,0.0,healthy,safe_default,no anomaly above configured threshold,0.0001146790000348119,0.00013347200001589954,True,False,False
2026-08-06T16:19:38.760329+00:00,planned_gm_failover,83.49810687500074,0.0,0.0,healthy,safe_default,no anomaly above configured threshold,0.0001036789999488974,0.00012201300000924675,True,False,False
2026-08-06T16:19:39.060897+00:00,planned_gm_failover,83.69810687500075,0.0,0.0,healthy,safe_default,no anomaly above configured threshold,0.00011183800006620004,0.00013182199995753763,True,False,False
2026-08-06T16:19:39.209131+00:00,planned_gm_failover,83.89810687500075,0.0,0.0,healthy,safe_default,no anomaly above configured threshold,0.00010532800001783471,0.0001237550000041665,True,False,False
2026-08-06T16:19:39.578338+00:00,planned_gm_failover,84.29810687500076,0.0,0.0,healthy,safe_default,no anomaly above configured threshold,8.68019999415992e-05,0.00010170399991693557,True,False,False
2026-08-06T16:19:39.826560+00:00,planned_gm_failover,84.49810687500076,0.0,0.0,healthy,safe_default,no anomaly above configured threshold,7.660199980819016e-05,8.920300001591386e-05,True,False,False
2026-08-06T16:19:40.017379+00:00,planned_gm_failover,84.69810687500076,0.0,0.0,healthy,safe_default,no anomaly above configured threshold,0.00010760299983303412,0.0001268040000468318,True,False,False
2026-08-06T16:19:40.431947+00:00,planned_gm_failover,85.09810687500077,0.0,0.0,healthy,safe_default,no anomaly above configured threshold,0.00011370300012458756,0.00013510500002666959,True,False,False
2026-08-06T16:19:40.574505+00:00,planned_gm_failover,85.29810687500077,0.0,0.0,healthy,safe_default,no anomaly above configured threshold,0.00010270400002809765,0.00012110399984521791,True,False,False
2026-08-06T16:19:40.859618+00:00,planned_gm_failover,85.49810687500077,0.0,0.0,healthy,safe_default,no anomaly above configured threshold,0.00011710300009326602,0.0001371039998048218,True,False,False
2026-08-06T16:19:41.007317+00:00,planned_gm_failover,85.69810687500078,0.0,0.0,healthy,safe_default,no anomaly above configured threshold,0.00011250299985476886,0.00013140400005795527,True,False,False
2026-08-06T16:19:41.482461+00:00,planned_gm_failover,86.09810687500078,0.0,0.0,healthy,safe_default,no anomaly above configured threshold,0.00013220400001046073,0.0001550040001347952,True,False,False
2026-08-06T16:19:41.624954+00:00,planned_gm_failover,86.29810687500078,0.0,0.0,healthy,safe_default,no anomaly above configured threshold,0.00010620300008667982,0.0001247029999831284,True,False,False
2026-08-06T16:19:42.024440+00:00,planned_gm_failover,86.69810687500079,0.0,0.0,healthy,safe_default,no anomaly above configured threshold,0.0001664050000727002,0.00018990500007021183,True,False,False
2026-08-06T16:19:42.225531+00:00,planned_gm_failover,86.89810687500079,0.0,0.0,healthy,safe_default,no anomaly above configured threshold,0.0001232039999194967,0.00014410399990083533,True,False,False
2026-08-06T16:19:42.617859+00:00,planned_gm_failover,87.2981068750008,0.0,0.0,healthy,safe_default,no anomaly above configured threshold,0.00011340299988660263,0.00013320399989424914,True,False,False
2026-08-06T16:19:42.778801+00:00,planned_gm_failover,87.4981068750008,0.0,0.0,healthy,safe_default,no anomaly above configured threshold,7.740199998806929e-05,8.960200011642883e-05,True,False,False
2026-08-06T16:19:43.050177+00:00,planned_gm_failover,87.6981068750008,0.0,0.0,healthy,safe_default,no anomaly above configured threshold,0.00011557100015124888,0.00013618100001622224,True,False,False
2026-08-06T16:19:43.189905+00:00,planned_gm_failover,87.8981068750008,0.0,0.0,healthy,safe_default,no anomaly above configured threshold,0.00011793799990300613,0.00017789300000004005,True,False,False
2026-08-06T16:19:43.586743+00:00,planned_gm_failover,88.29810687500081,0.0,0.0,healthy,safe_default,no anomaly above configured threshold,7.997300008355523e-05,9.249599997929181e-05,True,False,False
2026-08-06T16:19:43.873528+00:00,planned_gm_failover,88.49810687500081,0.0,0.0,healthy,safe_default,no anomaly above configured threshold,0.00010955600009765476,0.00012898199997835036,True,False,False
2026-08-06T16:19:44.026875+00:00,planned_gm_failover,88.69810687500082,0.0,0.0,healthy,safe_default,no anomaly above configured threshold,0.00012227599995640048,0.0001419000000169035,True,False,False
2026-08-06T16:19:44.438139+00:00,planned_gm_failover,89.09810687500082,0.0,0.0,healthy,safe_default,no anomaly above configured threshold,0.0005013330001020222,0.0005259859999569017,True,False,False
2026-08-06T16:19:44.579977+00:00,planned_gm_failover,89.29810687500083,0.0,0.0,healthy,safe_default,no anomaly above configured threshold,0.00013529299985748366,0.00015580400008730066,True,False,False
2026-08-06T16:19:44.930131+00:00,planned_gm_failover,89.49810687500083,0.0,0.0,healthy,safe_default,no anomaly above configured threshold,0.00012316399988776539,0.00014249100013330462,True,False,False
2026-08-06T16:19:45.323926+00:00,planned_gm_failover,90.09810687500084,0.0,0.0,healthy,safe_default,no anomaly above configured threshold,0.0001120210001772648,0.0001315450001584395,True,False,False
2026-08-06T16:19:45.594342+00:00,planned_gm_failover,90.29810687500084,0.0,0.0,healthy,safe_default,no anomaly above configured threshold,0.0001146829999925103,0.00013568700001087564,True,False,False
2026-08-06T16:19:45.755822+00:00,planned_gm_failover,90.49810687500084,0.0,0.0,healthy,safe_default,no anomaly above configured threshold,0.00010413200016046176,0.00012257200000931334,True,False,False
2026-08-06T16:19:46.036264+00:00,planned_gm_failover,90.69810687500085,0.0,0.0,healthy,safe_default,no anomaly above configured threshold,7.021000010354328e-05,8.224099997278245e-05,True,False,False
2026-08-06T16:19:46.171665+00:00,planned_gm_failover,90.89810687500085,0.0,0.0,healthy,safe_default,no anomaly above configured threshold,6.735000010849035e-05,7.849300004636461e-05,True,False,False
2026-08-06T16:19:46.552169+00:00,planned_gm_failover,91.29810687500085,0.0,0.0,healthy,safe_default,no anomaly above configured threshold,0.00011813499986601528,0.00013716600005864166,True,False,False
2026-08-06T16:19:46.821997+00:00,planned_gm_failover,91.49810687500086,0.0,0.0,healthy,safe_default,no anomaly above configured threshold,0.00016388999983973918,0.00018420300011712243,True,False,False
2026-08-06T16:19:46.985037+00:00,planned_gm_failover,91.69810687500086,0.0,0.0,healthy,safe_default,no anomaly above configured threshold,0.00015077400007612596,0.00017039700014720438,True,False,False
2026-08-06T16:19:47.394624+00:00,planned_gm_failover,92.09810687500087,0.0,0.0,healthy,safe_default,no anomaly above configured threshold,0.00010669500011317723,0.00012572700006785453,True,False,False
2026-08-06T16:19:47.526385+00:00,planned_gm_failover,92.29810687500087,0.0,0.0,healthy,safe_default,no anomaly above configured threshold,0.00011823299996649439,0.00013805300000058196,True,False,False
2026-08-06T16:19:47.784682+00:00,planned_gm_failover,92.49810687500087,0.0,0.0,healthy,safe_default,no anomaly above configured threshold,0.00011349999999765714,0.00013401000001067587,True,False,False
2026-08-06T16:19:48.076765+00:00,planned_gm_failover,92.69810687500087,0.0,0.0,healthy,safe_default,no anomaly above configured threshold,7.997300008355523e-05,9.32839998313284e-05,True,False,False
2026-08-06T16:19:48.222593+00:00,planned_gm_failover,92.89810687500088,0.0,0.0,healthy,safe_default,no anomaly above configured threshold,0.00011399200002415455,0.00013391099992077216,True,False,False
2026-08-06T16:19:48.581108+00:00,planned_gm_failover,93.29810687500088,0.0,0.0,healthy,safe_default,no anomaly above configured threshold,0.00022798499981036002,0.0002471160000823147,True,False,False
2026-08-06T16:19:48.701128+00:00,planned_gm_failover,93.49810687500089,0.0,0.0,healthy,safe_default,no anomaly above configured threshold,0.0001192189999983384,0.0001558019998810778,True,False,False
2026-08-06T16:19:48.968727+00:00,planned_gm_failover,93.69810687500089,0.0,0.0,healthy,safe_default,no anomaly above configured threshold,9.486199996899813e-05,0.00011290699990240682,True,False,False
2026-08-06T16:19:49.105425+00:00,planned_gm_failover,93.89810687500089,0.0,0.0,healthy,safe_default,no anomaly above configured threshold,0.00010008899994318199,0.00011231600001337938,True,False,False
2026-08-06T16:19:49.396712+00:00,planned_gm_failover,94.0981068750009,0.0,0.0,healthy,safe_default,no anomaly above configured threshold,9.081999996851664e-05,0.00010403200008113345,True,False,False
2026-08-06T16:19:49.554126+00:00,planned_gm_failover,94.2981068750009,0.0,0.0,healthy,safe_default,no anomaly above configured threshold,7.188599988694477e-05,8.411299995714216e-05,True,False,False
2026-08-06T16:19:49.830374+00:00,planned_gm_failover,94.4981068750009,0.0,0.0,healthy,safe_default,no anomaly above configured threshold,7.997200009413064e-05,9.249499998986721e-05,True,False,False
2026-08-06T16:19:49.978252+00:00,planned_gm_failover,94.6981068750009,0.0,0.0,healthy,safe_default,no anomaly above configured threshold,0.00010709000002862012,0.00012720600011562055,True,False,False
2026-08-06T16:19:50.380816+00:00,planned_gm_failover,95.09810687500091,0.0,0.0,healthy,safe_default,no anomaly above configured threshold,7.316799997170165e-05,8.559200000490819e-05,True,False,False
2026-08-06T16:19:50.657259+00:00,planned_gm_failover,95.29810687500091,0.0,0.0,healthy,safe_default,no anomaly above configured threshold,8.963599998423888e-05,0.00010334199987482862,True,False,False
2026-08-06T16:19:50.780763+00:00,planned_gm_failover,95.49810687500091,0.0,0.0,healthy,safe_default,no anomaly above configured threshold,0.00012207800000396674,0.0001427859999694192,True,False,False
2026-08-06T16:19:51.172040+00:00,planned_gm_failover,95.89810687500092,0.0,0.0,healthy,safe_default,no anomaly above configured threshold,9.777399986887758e-05,0.00011467000012999051,True,False,False
2026-08-06T16:19:51.431269+00:00,planned_gm_failover,96.09810687500092,0.0,0.0,healthy,safe_default,no anomaly above configured threshold,6.668299988632498e-05,7.857899981900118e-05,True,False,False
2026-08-06T16:19:51.584823+00:00,planned_gm_failover,96.29810687500093,0.0,0.0,healthy,safe_default,no anomaly above configured threshold,9.867400012808503e-05,0.00011476999998194515,True,False,False
2026-08-06T16:19:51.973930+00:00,planned_gm_failover,96.69810687500093,0.0,0.0,healthy,safe_default,no anomaly above configured threshold,0.00010147300008611637,0.00012056799982929078,True,False,False
2026-08-06T16:19:52.263201+00:00,planned_gm_failover,96.89810687500093,0.0,0.0,healthy,safe_default,no anomaly above configured threshold,8.477799997308466e-05,9.737400000631169e-05,True,False,False
2026-08-06T16:19:52.401610+00:00,planned_gm_failover,97.09810687500094,0.0,0.0,healthy,safe_default,no anomaly above configured threshold,7.507999998779269e-05,9.037599988914735e-05,True,False,False
2026-08-06T16:19:52.782901+00:00,planned_gm_failover,97.49810687500094,0.0,0.0,healthy,safe_default,no anomaly above configured threshold,7.637999988219235e-05,8.887599983609107e-05,True,False,False
2026-08-06T16:19:53.017377+00:00,planned_gm_failover,97.69810687500095,0.0,0.0,healthy,safe_default,no anomaly above configured threshold,8.367800000996795e-05,9.627500003261957e-05,True,False,False
2026-08-06T16:19:53.181204+00:00,planned_gm_failover,97.89810687500095,0.0,0.0,healthy,safe_default,no anomaly above configured threshold,0.00011356899995007552,0.00013186499995754275,True,False,False
2026-08-06T16:19:53.572825+00:00,planned_gm_failover,98.29810687500095,0.0,0.0,healthy,safe_default,no anomaly above configured threshold,6.318399982774281e-05,7.438099987666646e-05,True,False,False
2026-08-06T16:19:53.706554+00:00,planned_gm_failover,98.49810687500096,0.0,0.0,healthy,safe_default,no anomaly above configured threshold,5.978400008643803e-05,6.99820000136242e-05,True,False,False
2026-08-06T16:19:53.981289+00:00,planned_gm_failover,98.69810687500096,0.0,0.0,healthy,safe_default,no anomaly above configured threshold,0.00010117299984813144,0.0001171690000774106,True,False,False
2026-08-06T16:19:54.130514+00:00,planned_gm_failover,98.89810687500096,0.0,0.0,healthy,safe_default,no anomaly above configured threshold,0.00011517000007188471,0.00013466400014294777,True,False,False
2026-08-06T16:19:54.379190+00:00,planned_gm_failover,99.09810687500097,0.0,0.0,healthy,safe_default,no anomaly above configured threshold,0.00010077299998556555,0.00011826900004052732,True,False,False
2026-08-06T16:19:54.663002+00:00,planned_gm_failover,99.29810687500097,0.0,0.0,healthy,safe_default,no anomaly above configured threshold,0.00015475800000785966,0.000176753000005192,True,False,False
2026-08-06T16:19:54.793721+00:00,planned_gm_failover,99.49810687500097,0.0,0.0,healthy,safe_default,no anomaly above configured threshold,0.00011037100011890288,0.00013016599996262812,True,False,False
2026-08-06T16:19:55.363547+00:00,planned_gm_failover,100.09810687500098,0.0,0.0,healthy,safe_default,no anomaly above configured threshold,0.000426086000061332,0.00044957899990549777,True,False,False
2026-08-06T16:19:55.609199+00:00,planned_gm_failover,100.29810687500098,0.0,0.0,healthy,safe_default,no anomaly above configured threshold,0.00010767100002340158,0.0001269659999252326,True,False,False
2026-08-06T16:19:55.778986+00:00,planned_gm_failover,100.49810687500099,0.0,0.0,healthy,safe_default,no anomaly above configured threshold,0.00011586899995563726,0.0001347639999949024,True,False,False
2026-08-06T16:19:56.043194+00:00,planned_gm_failover,100.69810687500099,0.0,0.0,healthy,safe_default,no anomaly above configured threshold,0.00010467199990671361,0.00012276800021027157,True,False,False
2026-08-06T16:19:56.195587+00:00,planned_gm_failover,100.89810687500099,0.0,0.0,healthy,safe_default,no anomaly above configured threshold,0.00010337200001231395,0.00012236799989295832,True,False,False
2026-08-06T16:19:56.587652+00:00,planned_gm_failover,101.298106875001,0.0,0.0,healthy,safe_default,no anomaly above configured threshold,7.078099997670506e-05,8.287800005746249e-05,True,False,False
2026-08-06T16:19:56.738306+00:00,planned_gm_failover,101.498106875001,0.0,0.0,healthy,safe_default,no anomaly above configured threshold,7.997900002010283e-05,9.22750000427186e-05,True,False,False
2026-08-06T16:19:57.018019+00:00,planned_gm_failover,101.698106875001,0.0,0.0,healthy,safe_default,no anomaly above configured threshold,0.0001040719998854911,0.00011896800015165354,True,False,False
2026-08-06T16:19:57.155142+00:00,planned_gm_failover,101.898106875001,0.0,0.0,healthy,safe_default,no anomaly above configured threshold,0.00010757099994407326,0.00016815399999359215,True,False,False
2026-08-06T16:19:57.430019+00:00,planned_gm_failover,102.09810687500101,0.0,0.0,healthy,safe_default,no anomaly above configured threshold,0.00011446899998190929,0.00013016499997320352,True,False,False
2026-08-06T16:19:57.577389+00:00,planned_gm_failover,102.29810687500101,0.0,0.0,healthy,safe_default,no anomaly above configured threshold,0.00010207199989054061,0.00011856800006171397,True,False,False
2026-08-06T16:19:57.908531+00:00,planned_gm_failover,102.49810687500101,0.0,0.0,healthy,safe_default,no anomaly above configured threshold,0.00011096999992332712,0.00013176500010558811,True,False,False
2026-08-06T16:19:58.423206+00:00,planned_gm_failover,103.09810687500102,0.0,0.0,healthy,safe_default,no anomaly above configured threshold,7.30799999928422e-05,8.587700017415045e-05,True,False,False
2026-08-06T16:19:58.558788+00:00,planned_gm_failover,103.29810687500103,0.0,0.0,healthy,safe_default,no anomaly above configured threshold,0.00011536900001374306,0.00013486299985743244,True,False,False
2026-08-06T16:19:58.786053+00:00,planned_gm_failover,103.49810687500103,0.0,0.0,healthy,safe_default,no anomaly above configured threshold,6.948200007173e-05,8.13780000044062e-05,True,False,False
2026-08-06T16:19:58.930825+00:00,planned_gm_failover,103.69810687500103,0.0,0.0,healthy,safe_default,no anomaly above configured threshold,7.247999997161969e-05,8.457700005237712e-05,True,False,False
2026-08-06T16:19:59.207922+00:00,planned_gm_failover,103.89810687500103,0.0,0.0,healthy,safe_default,no anomaly above configured threshold,0.0007846080000035727,0.0008396069999889733,True,False,False
2026-08-06T16:19:59.354297+00:00,planned_gm_failover,104.09810687500104,0.0,0.0,healthy,safe_default,no anomaly above configured threshold,7.653800003026845e-05,9.156400005849719e-05,True,False,False
2026-08-06T16:19:59.615249+00:00,planned_gm_failover,104.29810687500104,0.0,0.0,healthy,safe_default,no anomaly above configured threshold,9.567200004312326e-05,0.00011430500012465927,True,False,False
2026-08-06T16:19:59.752745+00:00,planned_gm_failover,104.49810687500104,0.0,0.0,healthy,safe_default,no anomaly above configured threshold,0.00010028000019701722,0.00012141799993514724,True,False,False
2026-08-06T16:20:00.025385+00:00,planned_gm_failover,104.69810687500105,0.0,0.0,healthy,safe_default,no anomaly above configured threshold,0.00011730999995052116,0.00013694600011149305,True,False,False
2026-08-06T16:20:00.162624+00:00,planned_gm_failover,104.89810687500105,0.0,0.0,healthy,safe_default,no anomaly above configured threshold,7.884199999352859e-05,9.156500004792179e-05,True,False,False
2026-08-06T16:20:00.427703+00:00,planned_gm_failover,105.09810687500105,0.0,0.0,healthy,safe_default,no anomaly above configured threshold,8.024399994610576e-05,9.286699992117065e-05,True,False,False
2026-08-06T16:20:00.567535+00:00,planned_gm_failover,105.29810687500105,0.0,0.0,healthy,safe_default,no anomaly above configured threshold,0.003698837999991156,0.0037330000000110886,True,False,False
2026-08-06T16:20:00.816222+00:00,planned_gm_failover,105.49810687500106,0.0,0.0,healthy,safe_default,no anomaly above configured threshold,7.814000014150224e-05,9.617200021239114e-05,True,False,False
2026-08-06T16:20:00.959301+00:00,planned_gm_failover,105.69810687500106,0.0,0.0,healthy,safe_default,no anomaly above configured threshold,0.00010679199999685807,0.00012572600007842993,True,False,False
2026-08-06T16:20:01.231405+00:00,planned_gm_failover,105.89810687500106,0.0,0.0,healthy,safe_default,no anomaly above configured threshold,0.00010869499988075404,0.00020657099980780913,True,False,False
2026-08-06T16:20:01.385116+00:00,planned_gm_failover,106.09810687500106,0.0,0.0,healthy,safe_default,no anomaly above configured threshold,0.00017311100009465008,0.00018603300009090162,True,False,False
2026-08-06T16:20:01.755894+00:00,planned_gm_failover,106.49810687500107,0.0,0.0,healthy,safe_default,no anomaly above configured threshold,0.00011590799999794399,0.00013263799996821035,True,False,False
2026-08-06T16:20:02.049757+00:00,planned_gm_failover,106.69810687500107,0.0,0.0,healthy,safe_default,no anomaly above configured threshold,0.00010969699997076532,0.00016790099994068441,True,False,False
2026-08-06T16:20:02.211400+00:00,planned_gm_failover,106.89810687500108,0.0,0.0,healthy,safe_default,no anomaly above configured threshold,0.0001111990000026708,0.00013103499986755196,True,False,False
2026-08-06T16:20:02.607006+00:00,planned_gm_failover,107.29810687500108,0.0,0.0,healthy,safe_default,no anomaly above configured threshold,9.777500008567586e-05,0.00011109999991276709,True,False,False
2026-08-06T16:20:02.761541+00:00,planned_gm_failover,107.49810687500108,0.0,0.0,healthy,safe_default,no anomaly above configured threshold,0.00013584399994215346,0.00019524999993336678,True,False,False
2026-08-06T16:20:03.030817+00:00,planned_gm_failover,107.69810687500109,0.0,0.0,healthy,safe_default,no anomaly above configured threshold,9.496999996372324e-05,0.0001084939999600465,True,False,False
2026-08-06T16:20:03.195345+00:00,planned_gm_failover,107.89810687500109,0.0,0.0,healthy,safe_default,no anomaly above configured threshold,0.00015077000011842756,0.00017230899993592175,True,False,False
2026-08-06T16:20:03.478459+00:00,planned_gm_failover,108.0981068750011,0.0,0.0,healthy,safe_default,no anomaly above configured threshold,0.00011380500018276507,0.0001329389999682462,True,False,False
2026-08-06T16:20:03.630709+00:00,planned_gm_failover,108.2981068750011,0.0,0.0,healthy,safe_default,no anomaly above configured threshold,0.0001932469999701425,0.00021839100008946843,True,False,False
2026-08-06T16:20:04.021147+00:00,planned_gm_failover,108.6981068750011,0.0,0.0,healthy,safe_default,no anomaly above configured threshold,0.00015127100004974636,0.00017060599998330872,True,False,False
2026-08-06T16:20:04.147547+00:00,planned_gm_failover,108.8981068750011,0.0,0.0,healthy,safe_default,no anomaly above configured threshold,0.00011089899999205954,0.0001302329999361973,True,False,False
2026-08-06T16:20:04.441312+00:00,planned_gm_failover,109.09810687500111,0.0,0.0,healthy,safe_default,no anomaly above configured threshold,0.00013003299977754068,0.0001525740001397935,True,False,False
2026-08-06T16:20:04.583121+00:00,planned_gm_failover,109.29810687500111,0.0,0.0,healthy,safe_default,no anomaly above configured threshold,0.0001440579999325564,0.0001640939999560942,True,False,False
2026-08-06T16:20:04.853880+00:00,planned_gm_failover,109.49810687500111,0.0,0.0,healthy,safe_default,no anomaly above configured threshold,0.0001402509999479662,0.00016249200007223408,True,False,False
2026-08-06T16:20:05.001581+00:00,planned_gm_failover,109.69810687500112,0.0,0.0,healthy,safe_default,no anomaly above configured threshold,0.00010358600002291496,0.00012251900011506223,True,False,False
2026-08-06T16:20:05.400321+00:00,planned_gm_failover,110.09810687500112,0.0,0.0,healthy,safe_default,no anomaly above configured threshold,0.00023922900004436087,0.0004671379999763303,True,False,False
2026-08-06T16:20:05.604175+00:00,planned_gm_failover,110.29810687500112,0.0,0.0,healthy,safe_default,no anomaly above configured threshold,0.00011280200010332919,0.0001324370000475028,True,False,False
2026-08-06T16:20:06.018005+00:00,planned_gm_failover,110.69810687500113,0.0,0.0,healthy,safe_default,no anomaly above configured threshold,0.00010589000021354877,0.00012562500000967702,True,False,False
2026-08-06T16:20:06.157947+00:00,planned_gm_failover,110.89810687500113,0.0,0.0,healthy,safe_default,no anomaly above configured threshold,0.00010298400002284325,0.00012302100003580563,True,False,False
2026-08-06T16:20:06.425225+00:00,planned_gm_failover,111.09810687500114,0.0,0.0,healthy,safe_default,no anomaly above configured threshold,8.99609999578388e-05,0.00010749300008683349,True,False,False
2026-08-06T16:20:06.608802+00:00,planned_gm_failover,111.29810687500114,0.0,0.0,healthy,safe_default,no anomaly above configured threshold,0.00010919500005002192,0.00012933199991493893,True,False,False
2026-08-06T16:20:07.013145+00:00,planned_gm_failover,111.69810687500114,0.0,0.0,healthy,safe_default,no anomaly above configured threshold,0.00019377900002837123,0.00021584299997812195,True,False,False
2026-08-06T16:20:07.206191+00:00,planned_gm_failover,111.89810687500115,0.0,0.0,healthy,safe_default,no anomaly above configured threshold,0.00011593999988690484,0.00013718700006393192,True,False,False
2026-08-06T16:20:07.618776+00:00,planned_gm_failover,112.29810687500115,0.0,0.0,healthy,safe_default,no anomaly above configured threshold,0.00010725800007094222,0.00012799400019503082,True,False,False
2026-08-06T16:20:07.757359+00:00,planned_gm_failover,112.49810687500116,0.0,0.0,healthy,safe_default,no anomaly above configured threshold,0.00010470400002304814,0.0001225800001520838,True,False,False
2026-08-06T16:20:08.024159+00:00,planned_gm_failover,112.69810687500116,0.0,0.0,healthy,safe_default,no anomaly above configured threshold,0.00011471399989204656,0.0001331020000634453,True,False,False
2026-08-06T16:20:08.170868+00:00,planned_gm_failover,112.89810687500116,0.0,0.0,healthy,safe_default,no anomaly above configured threshold,9.428499993191508e-05,0.00011134400006085343,True,False,False
2026-08-06T16:20:08.444399+00:00,planned_gm_failover,113.09810687500116,0.0,0.0,healthy,safe_default,no anomaly above configured threshold,0.00015986599987627415,0.00018049999994218524,True,False,False
2026-08-06T16:20:08.601573+00:00,planned_gm_failover,113.29810687500117,0.0,0.0,healthy,safe_default,no anomaly above configured threshold,0.00010684899984880758,0.000127075000136756,True,False,False
2026-08-06T16:20:09.019674+00:00,planned_gm_failover,113.69810687500117,0.0,0.0,healthy,safe_default,no anomaly above configured threshold,0.0001110369998968963,0.00013126299995747104,True,False,False
2026-08-06T16:20:09.151700+00:00,planned_gm_failover,113.89810687500118,0.0,0.0,healthy,safe_default,no anomaly above configured threshold,0.00020736500005114067,0.0002295310000590689,True,False,False
2026-08-06T16:20:09.482166+00:00,planned_gm_failover,114.09810687500118,0.0,0.0,healthy,safe_default,no anomaly above configured threshold,0.00012390799997774593,0.000144337999927302,True,False,False
2026-08-06T16:20:09.649904+00:00,planned_gm_failover,114.29810687500118,0.0,0.0,healthy,safe_default,no anomaly above configured threshold,0.00011257000005571172,0.00013218200001574587,True,False,False
2026-08-06T16:20:10.059533+00:00,planned_gm_failover,114.69810687500119,0.0,0.0,healthy,safe_default,no anomaly above configured threshold,0.00011328400000820693,0.0001350430000002234,True,False,False
2026-08-06T16:20:10.191963+00:00,planned_gm_failover,114.89810687500119,0.0,0.0,healthy,safe_default,no anomaly above configured threshold,0.0001703870000255847,0.00019214400003875198,True,False,False
2026-08-06T16:20:10.486933+00:00,planned_gm_failover,115.09810687500119,0.0,0.0,healthy,safe_default,no anomaly above configured threshold,0.00010899400012931437,0.00012840300018979178,True,False,False
2026-08-06T16:20:10.638594+00:00,planned_gm_failover,115.2981068750012,0.0,0.0,healthy,safe_default,no anomaly above configured threshold,0.00011073099994973745,0.00013024200006839237,True,False,False
2026-08-06T16:20:11.040049+00:00,planned_gm_failover,115.6981068750012,0.0,0.0,healthy,safe_default,no anomaly above configured threshold,0.00012084399986633798,0.00014341899986902718,True,False,False
2026-08-06T16:20:11.165278+00:00,planned_gm_failover,115.8981068750012,0.0,0.0,healthy,safe_default,no anomaly above configured threshold,0.0001262569999198604,0.00022789700005887426,True,False,False
2026-08-06T16:20:11.431593+00:00,planned_gm_failover,116.0981068750012,0.0,0.0,healthy,safe_default,no anomaly above configured threshold,0.00010235500008093368,0.000121047999982693,True,False,False
2026-08-06T16:20:11.583297+00:00,planned_gm_failover,116.29810687500121,0.0,0.0,healthy,safe_default,no anomaly above configured threshold,0.0001104250000025786,0.0001311610001266672,True,False,False
2026-08-06T16:20:11.885695+00:00,planned_gm_failover,116.49810687500121,0.0,0.0,healthy,safe_default,no anomaly above configured threshold,0.00010960700001305668,0.0001284019999729935,True,False,False
2026-08-06T16:20:12.028527+00:00,planned_gm_failover,116.69810687500122,0.0,0.0,healthy,safe_default,no anomaly above configured threshold,0.00010960700001305668,0.00012932200002069294,True,False,False
2026-08-06T16:20:12.436802+00:00,planned_gm_failover,117.09810687500122,0.0,0.0,healthy,safe_default,no anomaly above configured threshold,0.00011150000000270666,0.00013059999992037774,True,False,False
2026-08-06T16:20:12.582564+00:00,planned_gm_failover,117.29810687500122,0.0,0.0,healthy,safe_default,no anomaly above configured threshold,0.00011500100004013802,0.00013280100006340945,True,False,False
2026-08-06T16:20:12.877414+00:00,planned_gm_failover,117.49810687500123,0.0,0.0,healthy,safe_default,no anomaly above configured threshold,0.00012080100009370653,0.0001408010000432114,True,False,False
2026-08-06T16:20:13.021053+00:00,planned_gm_failover,117.69810687500123,0.0,0.0,healthy,safe_default,no anomaly above configured threshold,0.00015159999998104468,0.00017070000012608944,True,False,False
2026-08-06T16:20:13.431975+00:00,planned_gm_failover,118.09810687500124,0.0,0.0,healthy,safe_default,no anomaly above configured threshold,0.00013049999984104943,0.0001524000001609238,True,False,False
2026-08-06T16:20:13.638306+00:00,planned_gm_failover,118.29810687500124,0.0,0.0,healthy,safe_default,no anomaly above configured threshold,0.00012300000003051537,0.00014460000011240481,True,False,False
2026-08-06T16:20:14.040733+00:00,planned_gm_failover,118.69810687500124,0.0,0.0,healthy,safe_default,no anomaly above configured threshold,0.00011779999999816937,0.00013740000008510833,True,False,False
2026-08-06T16:20:14.191590+00:00,planned_gm_failover,118.89810687500125,0.0,0.0,healthy,safe_default,no anomaly above configured threshold,0.00010650100011844188,0.00012440099999366794,True,False,False
2026-08-06T16:20:14.473852+00:00,planned_gm_failover,119.09810687500125,0.0,0.0,healthy,safe_default,no anomaly above configured threshold,0.00011499999982333975,0.00013569999987339543,True,False,False
2026-08-06T16:20:14.666683+00:00,planned_gm_failover,119.29810687500125,0.0,0.0,healthy,safe_default,no anomaly above configured threshold,0.00011749999998755811,0.000138699999979508,True,False,False
2026-08-06T16:20:15.235909+00:00,planned_gm_failover,119.89810687500126,0.0,0.0,healthy,safe_default,no anomaly above configured threshold,0.00014376600006471563,0.00016742999991947727,True,False,False
2026-08-06T16:20:15.394375+00:00,planned_gm_failover,120.09810687500126,0.0,0.0,healthy,safe_default,no anomaly above configured threshold,9.203900003740273e-05,0.0001122480000503856,True,False,False
2026-08-06T16:20:15.784713+00:00,planned_gm_failover,120.49810687500127,0.0,0.0,healthy,safe_default,no anomaly above configured threshold,0.00011036399996555701,0.00013140999999450287,True,False,False
2026-08-06T16:20:16.078634+00:00,planned_gm_failover,120.69810687500127,0.0,0.0,healthy,safe_default,no anomaly above configured threshold,0.00018019999993157398,0.00020079999990230135,True,False,False
2026-08-06T16:20:16.213576+00:00,planned_gm_failover,120.89810687500128,0.0,0.0,healthy,safe_default,no anomaly above configured threshold,0.00010709999992286612,0.0001253000000360771,True,False,False
2026-08-06T16:20:16.615478+00:00,planned_gm_failover,121.29810687500128,0.0,0.0,healthy,safe_default,no anomaly above configured threshold,0.00010520000000724394,0.00012389999983497546,True,False,False
2026-08-06T16:20:16.757697+00:00,planned_gm_failover,121.49810687500128,0.0,0.0,healthy,safe_default,no anomaly above configured threshold,0.00010739999993347737,0.00012749999996231054,True,False,False
2026-08-06T16:20:17.030390+00:00,planned_gm_failover,121.69810687500129,0.0,0.0,healthy,safe_default,no anomaly above configured threshold,0.00011300000005576294,0.0001340999999683845,True,False,False
2026-08-06T16:20:17.182209+00:00,planned_gm_failover,121.89810687500129,0.0,0.0,healthy,safe_default,no anomaly above configured threshold,0.0001081000000340282,0.00012670000000980508,True,False,False
2026-08-06T16:20:17.459699+00:00,planned_gm_failover,122.09810687500129,0.0,0.0,healthy,safe_default,no anomaly above configured threshold,0.00011410000001887965,0.00013530000001082954,True,False,False
2026-08-06T16:20:17.616165+00:00,planned_gm_failover,122.2981068750013,0.0,0.0,healthy,safe_default,no anomaly above configured threshold,0.00010990000009769574,0.00012809999998353305,True,False,False
2026-08-06T16:20:18.064019+00:00,planned_gm_failover,122.6981068750013,0.0,0.0,healthy,safe_default,no anomaly above configured threshold,0.00011610000001383014,0.00013690000014321413,True,False,False
2026-08-06T16:20:18.215800+00:00,planned_gm_failover,122.8981068750013,0.0,0.0,healthy,safe_default,no anomaly above configured threshold,0.0001147999998920568,0.0001352000001588749,True,False,False
2026-08-06T16:20:18.675837+00:00,planned_gm_failover,123.29810687500131,0.0,0.0,healthy,safe_default,no anomaly above configured threshold,0.00010520000000724394,0.00012260000016794947,True,False,False
2026-08-06T16:20:18.822299+00:00,planned_gm_failover,123.49810687500131,0.0,0.0,healthy,safe_default,no anomaly above configured threshold,6.950000010874646e-05,8.509999997841078e-05,True,False,False
2026-08-06T16:20:19.188915+00:00,planned_gm_failover,123.89810687500132,0.0,0.0,healthy,safe_default,no anomaly above configured threshold,0.00010549999979048152,0.00012670000000980508,True,False,False
2026-08-06T16:20:19.323497+00:00,planned_gm_failover,124.09810687500132,0.0,0.0,healthy,safe_default,no anomaly above configured threshold,9.520000003249152e-05,0.00010889999998653366,True,False,False
2026-08-06T16:20:19.583640+00:00,planned_gm_failover,124.29810687500132,0.0,0.0,healthy,safe_default,no anomaly above configured threshold,7.759999994050304e-05,8.97999998414889e-05,True,False,False
2026-08-06T16:20:19.834213+00:00,planned_gm_failover,124.49810687500133,0.0,0.0,healthy,safe_default,no anomaly above configured threshold,7.870000013099343e-05,9.249999993699021e-05,True,False,False
2026-08-06T16:20:19.968842+00:00,planned_gm_failover,124.69810687500133,0.0,0.0,healthy,safe_default,no anomaly above configured threshold,0.00011359999984961178,0.00013220000005276233,True,False,False
2026-08-06T16:20:20.242943+00:00,planned_gm_failover,124.89810687500133,0.0,0.0,healthy,safe_default,no anomaly above configured threshold,0.00014860000010230578,0.00016750000008869392,True,False,False
2026-08-06T16:20:20.376807+00:00,planned_gm_failover,125.09810687500133,0.0,0.0,healthy,safe_default,no anomaly above configured threshold,0.00010530000008657225,0.0001220999999986816,True,False,False
2026-08-06T16:20:20.634336+00:00,planned_gm_failover,125.29810687500134,0.0,0.0,healthy,safe_default,no anomaly above configured threshold,0.00012179999998807034,0.00013920000014877587,True,False,False
2026-08-06T16:20:20.766632+00:00,planned_gm_failover,125.49810687500134,0.0,0.0,healthy,safe_default,no anomaly above configured threshold,0.0001081000000340282,0.0001268000000891334,True,False,False
2026-08-06T16:20:21.029138+00:00,planned_gm_failover,125.69810687500134,0.0,0.0,healthy,safe_default,no anomaly above configured threshold,0.00016249999998763087,0.00018460000001141452,True,False,False
2026-08-06T16:20:21.247865+00:00,planned_gm_failover,125.89810687500135,0.0,0.0,healthy,safe_default,no anomaly above configured threshold,0.00010969999993903912,0.00012849999984609894,True,False,False
2026-08-06T16:20:21.617366+00:00,planned_gm_failover,126.29810687500135,0.0,0.0,healthy,safe_default,no anomaly above configured threshold,9.699999986878538e-05,0.0001111999999920954,True,False,False
2026-08-06T16:20:21.782909+00:00,planned_gm_failover,126.49810687500135,0.0,0.0,healthy,safe_default,no anomaly above configured threshold,9.669999985817412e-05,0.0001147999998920568,True,False,False
2026-08-06T16:20:22.167857+00:00,planned_gm_failover,126.89810687500136,0.0,0.0,healthy,safe_default,no anomaly above configured threshold,9.019999993142847e-05,0.00010750000001280569,True,False,False
2026-08-06T16:20:22.445570+00:00,planned_gm_failover,127.09810687500136,0.0,0.0,healthy,safe_default,no anomaly above configured threshold,8.490000004712783e-05,9.789999990061915e-05,True,False,False
2026-08-06T16:20:22.582265+00:00,planned_gm_failover,127.29810687500137,0.0,0.0,healthy,safe_default,no anomaly above configured threshold,7.019999998192361e-05,8.189999994101527e-05,True,False,False
2026-08-06T16:20:23.014706+00:00,planned_gm_failover,127.69810687500137,0.0,0.0,healthy,safe_default,no anomaly above configured threshold,0.00015010000015536207,0.00017350000007354538,True,False,False
2026-08-06T16:20:23.171922+00:00,planned_gm_failover,127.89810687500137,0.0,0.0,healthy,safe_default,no anomaly above configured threshold,0.0001929590000600001,0.00021266600015223958,True,False,False
2026-08-06T16:20:23.421987+00:00,planned_gm_failover,128.09810687500138,0.0,0.0,healthy,safe_default,no anomaly above configured threshold,0.00014154400014376733,0.00016174999996110273,True,False,False
2026-08-06T16:20:23.568226+00:00,planned_gm_failover,128.29810687500137,0.0,0.0,healthy,safe_default,no anomaly above configured threshold,0.00012593900009960635,0.0001469449998694472,True,False,False
2026-08-06T16:20:23.789320+00:00,planned_gm_failover,128.49810687500135,0.0,0.0,healthy,safe_default,no anomaly above configured threshold,0.0001131349999923259,0.00013284100009514077,True,False,False
2026-08-06T16:20:23.941678+00:00,planned_gm_failover,128.69810687500134,0.0,0.0,healthy,safe_default,no anomaly above configured threshold,9.543000010125979e-05,0.00017755499993654666,True,False,False
2026-08-06T16:20:24.245819+00:00,planned_gm_failover,128.89810687500133,0.0,0.0,healthy,safe_default,no anomaly above configured threshold,0.0001215990000673628,0.0001413990000855847,True,False,False
2026-08-06T16:20:24.378029+00:00,planned_gm_failover,129.09810687500132,0.0,0.0,healthy,safe_default,no anomaly above configured threshold,0.00012240000000929285,0.00014280000004873727,True,False,False
2026-08-06T16:20:24.626130+00:00,planned_gm_failover,129.2981068750013,0.0,0.0,healthy,safe_default,no anomaly above configured threshold,0.00012919899995722517,0.00014879899981679046,True,False,False
2026-08-06T16:20:24.781388+00:00,planned_gm_failover,129.4981068750013,0.0,0.0,healthy,safe_default,no anomaly above configured threshold,7.080000000314612e-05,8.71999998253159e-05,True,False,False
2026-08-06T16:20:25.202242+00:00,planned_gm_failover,129.89810687500128,0.0,0.0,healthy,safe_default,no anomaly above configured threshold,0.00010389899989604601,0.00012249900009919656,True,False,False
2026-08-06T16:20:25.353266+00:00,planned_gm_failover,130.09810687500126,0.0,0.0,healthy,safe_default,no anomaly above configured threshold,0.00010489900000720809,0.00012059899995620071,True,False,False
2026-08-06T16:20:25.635308+00:00,planned_gm_failover,130.29810687500125,0.0,0.0,healthy,safe_default,no anomaly above configured threshold,0.00011259900020377245,0.00013169900012144353,True,False,False
2026-08-06T16:20:25.799895+00:00,planned_gm_failover,130.49810687500124,0.0,0.0,healthy,safe_default,no anomaly above configured threshold,0.00014159900001686765,0.00016499899993505096,True,False,False
2026-08-06T16:20:26.204133+00:00,planned_gm_failover,130.89810687500122,0.0,0.0,healthy,safe_default,no anomaly above configured threshold,0.0001652980001836113,0.00020119800001339172,True,False,False
2026-08-06T16:20:26.381209+00:00,planned_gm_failover,131.0981068750012,0.0,0.0,healthy,safe_default,no anomaly above configured threshold,0.00011679900012495636,0.00013689899992641585,True,False,False
2026-08-06T16:20:26.685205+00:00,planned_gm_failover,131.2981068750012,0.0,0.0,healthy,safe_default,no anomaly above configured threshold,0.00011849999987134652,0.00013760000001639128,True,False,False
2026-08-06T16:20:26.824896+00:00,planned_gm_failover,131.49810687500118,0.0,0.0,healthy,safe_default,no anomaly above configured threshold,0.00011899899982381612,0.0001382990001275175,True,False,False
2026-08-06T16:20:27.238281+00:00,planned_gm_failover,131.89810687500116,0.0,0.0,healthy,safe_default,no anomaly above configured threshold,0.00015149900013966544,0.00017279899998356996,True,False,False
2026-08-06T16:20:27.355446+00:00,planned_gm_failover,132.09810687500115,0.0,0.0,healthy,safe_default,no anomaly above configured threshold,0.00011269900005572708,0.00013419899983091454,True,False,False
2026-08-06T16:20:27.605791+00:00,planned_gm_failover,132.29810687500114,0.0,0.0,healthy,safe_default,no anomaly above configured threshold,0.00011439900004006631,0.00013259899992590363,True,False,False
2026-08-06T16:20:27.753768+00:00,planned_gm_failover,132.49810687500113,0.0,0.0,healthy,safe_default,no anomaly above configured threshold,0.00013649900006384996,0.0001585990000876336,True,False,False
2026-08-06T16:20:28.022147+00:00,planned_gm_failover,132.69810687500112,0.0,0.0,healthy,safe_default,no anomaly above configured threshold,0.00011349900000823254,0.0001308989999415644,True,False,False
2026-08-06T16:20:28.155640+00:00,planned_gm_failover,132.8981068750011,0.0,0.0,healthy,safe_default,no anomaly above configured threshold,9.089899981518101e-05,0.00010719900001276983,True,False,False
2026-08-06T16:20:28.403255+00:00,planned_gm_failover,133.0981068750011,0.0,0.0,healthy,safe_default,no anomaly above configured threshold,8.109999998850981e-05,9.480000016992562e-05,True,False,False
2026-08-06T16:20:28.578518+00:00,planned_gm_failover,133.29810687500108,0.0,0.0,healthy,safe_default,no anomaly above configured threshold,0.00011419999987083429,0.00013329900002645445,True,False,False
2026-08-06T16:20:28.848661+00:00,planned_gm_failover,133.49810687500107,0.0,0.0,healthy,safe_default,no anomaly above configured threshold,0.0002275980000376876,0.00025029800008269376,True,False,False
2026-08-06T16:20:29.003711+00:00,planned_gm_failover,133.69810687500106,0.0,0.0,healthy,safe_default,no anomaly above configured threshold,7.319900009861158e-05,8.559899993088038e-05,True,False,False
2026-08-06T16:20:29.422855+00:00,planned_gm_failover,134.09810687500104,0.0,0.0,healthy,safe_default,no anomaly above configured threshold,0.00010369899996476306,0.0001221990000885853,True,False,False
2026-08-06T16:20:29.578155+00:00,planned_gm_failover,134.29810687500103,0.0,0.0,healthy,safe_default,no anomaly above configured threshold,7.78989999616897e-05,8.969900000010966e-05,True,False,False
2026-08-06T16:20:29.851266+00:00,planned_gm_failover,134.498106875001,0.0,0.0,healthy,safe_default,no anomaly above configured threshold,0.00011189899987584795,0.00013179899997339817,True,False,False
2026-08-06T16:20:29.969633+00:00,planned_gm_failover,134.698106875001,0.0,0.0,healthy,safe_default,no anomaly above configured threshold,0.00010519900001781934,0.00012589900006787502,True,False,False
2026-08-06T16:20:30.221020+00:00,planned_gm_failover,134.898106875001,0.0,0.0,healthy,safe_default,no anomaly above configured threshold,0.00010109899994859006,0.00011459899997134926,True,False,False
2026-08-06T16:20:30.350842+00:00,planned_gm_failover,135.09810687500098,0.0,0.0,healthy,safe_default,no anomaly above configured threshold,0.00016099899994515,0.00018269900010636775,True,False,False
2026-08-06T16:20:30.592199+00:00,planned_gm_failover,135.29810687500097,0.0,0.0,healthy,safe_default,no anomaly above configured threshold,7.749899987175013e-05,9.179900007438846e-05,True,False,False
2026-08-06T16:20:30.734359+00:00,planned_gm_failover,135.49810687500096,0.0,0.0,healthy,safe_default,no anomaly above configured threshold,0.0001120989998071309,0.00013029899992034188,True,False,False
2026-08-06T16:20:31.023593+00:00,planned_gm_failover,135.69810687500095,0.0,0.0,healthy,safe_default,no anomaly above configured threshold,0.00011129900008199911,0.00013119899995217565,True,False,False
2026-08-06T16:20:31.174523+00:00,planned_gm_failover,135.89810687500093,0.0,0.0,healthy,safe_default,no anomaly above configured threshold,9.670099984759872e-05,0.00011470100002952677,True,False,False
2026-08-06T16:20:31.465136+00:00,planned_gm_failover,136.09810687500092,0.0,0.0,healthy,safe_default,no anomaly above configured threshold,0.0001694009999937407,0.00019310099992253527,True,False,False
2026-08-06T16:20:31.610324+00:00,planned_gm_failover,136.2981068750009,0.0,0.0,healthy,safe_default,no anomaly above configured threshold,0.00011140100014017662,0.00013170199986234365,True,False,False
2026-08-06T16:20:31.977864+00:00,planned_gm_failover,136.6981068750009,0.0,0.0,healthy,safe_default,no anomaly above configured threshold,9.590100012246694e-05,0.00011470100002952677,True,False,False
2026-08-06T16:20:32.119449+00:00,planned_gm_failover,136.89810687500088,0.0,0.0,healthy,safe_default,no anomaly above configured threshold,0.00011220100009268208,0.0001313009997829795,True,False,False
2026-08-06T16:20:32.350369+00:00,planned_gm_failover,137.09810687500087,0.0,0.0,healthy,safe_default,no anomaly above configured threshold,0.0001055010000072798,0.00012410099998305668,True,False,False
2026-08-06T16:20:32.603002+00:00,planned_gm_failover,137.29810687500085,0.0,0.0,healthy,safe_default,no anomaly above configured threshold,8.250100017903605e-05,9.590099989509326e-05,True,False,False
2026-08-06T16:20:32.749598+00:00,planned_gm_failover,137.49810687500084,0.0,0.0,healthy,safe_default,no anomaly above configured threshold,9.24009998470865e-05,0.000106000999949174,True,False,False
2026-08-06T16:20:33.006752+00:00,planned_gm_failover,137.69810687500083,0.0,0.0,healthy,safe_default,no anomaly above configured threshold,8.800000000519503e-05,0.00010130099985872221,True,False,False
2026-08-06T16:20:33.137540+00:00,planned_gm_failover,137.89810687500082,0.0,0.0,healthy,safe_default,no anomaly above configured threshold,9.950100002242834e-05,0.00011660100017252262,True,False,False
2026-08-06T16:20:33.399391+00:00,planned_gm_failover,138.0981068750008,0.0,0.0,healthy,safe_default,no anomaly above configured threshold,0.0001081010000234528,0.00012610099997800717,True,False,False
2026-08-06T16:20:33.534615+00:00,planned_gm_failover,138.2981068750008,0.0,0.0,healthy,safe_default,no anomaly above configured threshold,0.0002116020000357821,0.00023790199998074968,True,False,False
2026-08-06T16:20:33.811675+00:00,planned_gm_failover,138.4981068750008,0.0,0.0,healthy,safe_default,no anomaly above configured threshold,0.00010440000005473848,0.00012110100010431779,True,False,False
2026-08-06T16:20:33.973569+00:00,planned_gm_failover,138.69810687500078,0.0,0.0,healthy,safe_default,no anomaly above configured threshold,0.00011630100016191136,0.00013650099981532549,True,False,False
2026-08-06T16:20:34.245914+00:00,planned_gm_failover,138.89810687500076,0.0,0.0,healthy,safe_default,no anomaly above configured threshold,0.00011140100014017662,0.0001301010001952818,True,False,False
2026-08-06T16:20:34.376379+00:00,planned_gm_failover,139.09810687500075,0.0,0.0,healthy,safe_default,no anomaly above configured threshold,0.00010190099987994472,0.00011660099994514894,True,False,False
2026-08-06T16:20:34.636919+00:00,planned_gm_failover,139.29810687500074,0.0,0.0,healthy,safe_default,no anomaly above configured threshold,7.560099993497715e-05,8.790099991529132e-05,True,False,False
2026-08-06T16:20:34.776266+00:00,planned_gm_failover,139.49810687500073,0.0,0.0,healthy,safe_default,no anomaly above configured threshold,7.550100008302252e-05,0.0001155010002094059,True,False,False
2026-08-06T16:20:35.176023+00:00,planned_gm_failover,139.8981068750007,0.0,0.0,healthy,safe_default,no anomaly above configured threshold,8.990100013761548e-05,0.00010450099989611772,True,False,False
2026-08-06T16:20:35.323560+00:00,planned_gm_failover,140.0981068750007,0.0,0.0,healthy,safe_default,no anomaly above configured threshold,6.710099978590733e-05,7.910099998298392e-05,True,False,False
2026-08-06T16:20:35.597632+00:00,planned_gm_failover,140.29810687500068,0.0,0.0,healthy,safe_default,no anomaly above configured threshold,6.980000011935772e-05,8.119999984046444e-05,True,False,False
2026-08-06T16:20:35.747599+00:00,planned_gm_failover,140.49810687500067,0.0,0.0,healthy,safe_default,no anomaly above configured threshold,8.589999993091624e-05,9.950000003300374e-05,True,False,False
2026-08-06T16:20:36.028881+00:00,planned_gm_failover,140.69810687500066,0.0,0.0,healthy,safe_default,no anomaly above configured threshold,0.00011009900003955408,0.00012869900001533097,True,False,False
2026-08-06T16:20:36.162517+00:00,planned_gm_failover,140.89810687500065,0.0,0.0,healthy,safe_default,no anomaly above configured threshold,0.00011919899998247274,0.00013799900011690625,True,False,False
2026-08-06T16:20:36.427740+00:00,planned_gm_failover,141.09810687500064,0.0,0.0,healthy,safe_default,no anomaly above configured threshold,0.0006012960000134626,0.0006249959999422572,True,False,False
2026-08-06T16:20:36.585280+00:00,planned_gm_failover,141.29810687500063,0.0,0.0,healthy,safe_default,no anomaly above configured threshold,0.00012009900001430651,0.00014049899982637726,True,False,False
2026-08-06T16:20:36.865282+00:00,planned_gm_failover,141.49810687500062,0.0,0.0,healthy,safe_default,no anomaly above configured threshold,0.00010130000009667128,0.00012039900002491777,True,False,False
2026-08-06T16:20:36.997160+00:00,planned_gm_failover,141.6981068750006,0.0,0.0,healthy,safe_default,no anomaly above configured threshold,7.809900012034632e-05,9.079899996322638e-05,True,False,False
2026-08-06T16:20:37.418206+00:00,planned_gm_failover,142.09810687500058,0.0,0.0,healthy,safe_default,no anomaly above configured threshold,0.000109098999928392,0.00012949899996783643,True,False,False
2026-08-06T16:20:37.532885+00:00,planned_gm_failover,142.29810687500057,0.0,0.0,healthy,safe_default,no anomaly above configured threshold,6.559999997080013e-05,7.74000000092201e-05,True,False,False
2026-08-06T16:20:37.801500+00:00,planned_gm_failover,142.49810687500056,0.0,0.0,healthy,safe_default,no anomaly above configured threshold,0.00011779900000874477,0.00013799900011690625,True,False,False
2026-08-06T16:20:37.963499+00:00,planned_gm_failover,142.69810687500055,0.0,0.0,healthy,safe_default,no anomaly above configured threshold,0.00010429899998598557,0.00012289899996176246,True,False,False
2026-08-06T16:20:38.236737+00:00,planned_gm_failover,142.89810687500054,0.0,0.0,healthy,safe_default,no anomaly above configured threshold,0.00010419899990665726,0.00012299900004109077,True,False,False
2026-08-06T16:20:38.376178+00:00,planned_gm_failover,143.09810687500052,0.0,0.0,healthy,safe_default,no anomaly above configured threshold,0.00011529900007190008,0.00013429900013761653,True,False,False
2026-08-06T16:20:38.653021+00:00,planned_gm_failover,143.2981068750005,0.0,0.0,healthy,safe_default,no anomaly above configured threshold,8.369899978788453e-05,9.629900000618363e-05,True,False,False
2026-08-06T16:20:38.800258+00:00,planned_gm_failover,143.4981068750005,0.0,0.0,healthy,safe_default,no anomaly above configured threshold,0.00011739900014617888,0.00013639899998452165,True,False,False
2026-08-06T16:20:39.194852+00:00,planned_gm_failover,143.89810687500048,0.0,0.0,healthy,safe_default,no anomaly above configured threshold,0.00010254900007566903,0.00012045500011481636,True,False,False
2026-08-06T16:20:39.346826+00:00,planned_gm_failover,144.09810687500047,0.0,0.0,healthy,safe_default,no anomaly above configured threshold,0.00011327099991831346,0.00013357300008465245,True,False,False
2026-08-06T16:20:39.616724+00:00,planned_gm_failover,144.29810687500046,0.0,0.0,healthy,safe_default,no anomaly above configured threshold,0.0001101479999761068,0.00012909700012642134,True,False,False
2026-08-06T16:20:39.757919+00:00,planned_gm_failover,144.49810687500045,0.0,0.0,healthy,safe_default,no anomaly above configured threshold,0.0002025979999871197,0.0002246699998522672,True,False,False
2026-08-06T16:20:40.029264+00:00,planned_gm_failover,144.69810687500043,0.0,0.0,healthy,safe_default,no anomaly above configured threshold,0.00021713899991482322,0.0002358890001232794,True,False,False
2026-08-06T16:20:40.163738+00:00,planned_gm_failover,144.89810687500042,0.0,0.0,healthy,safe_default,no anomaly above configured threshold,0.00010815400014507759,0.00012814899992008577,True,False,False
2026-08-06T16:20:40.482605+00:00,planned_gm_failover,145.0981068750004,0.0,0.0,healthy,safe_default,no anomaly above configured threshold,7.407099997180921e-05,8.712499993634992e-05,True,False,False
2026-08-06T16:20:40.635675+00:00,planned_gm_failover,145.2981068750004,0.0,0.0,healthy,safe_default,no anomaly above configured threshold,9.965999993255537e-05,0.00011447499991845689,True,False,False
2026-08-06T16:20:41.176051+00:00,planned_gm_failover,145.89810687500037,0.0,0.0,healthy,safe_default,no anomaly above configured threshold,0.00010428199993839371,0.00012418899996191612,True,False,False
2026-08-06T16:20:41.523220+00:00,planned_gm_failover,146.09810687500035,0.0,0.0,healthy,safe_default,no anomaly above configured threshold,8.396199996241194e-05,9.675199999037432e-05,True,False,False
2026-08-06T16:20:41.918863+00:00,planned_gm_failover,146.69810687500032,0.0,0.0,healthy,safe_default,no anomaly above configured threshold,0.00010902400003942603,0.00012810599992008065,True,False,False
2026-08-06T16:20:42.207600+00:00,planned_gm_failover,146.8981068750003,0.0,0.0,healthy,safe_default,no anomaly above configured threshold,0.00013511900010598765,0.00015720999999757623,True,False,False
2026-08-06T16:20:42.371583+00:00,planned_gm_failover,147.0981068750003,0.0,0.0,healthy,safe_default,no anomaly above configured threshold,0.00010377900002822571,0.00012289100004636566,True,False,False
2026-08-06T16:20:42.647814+00:00,planned_gm_failover,147.2981068750003,0.0,0.0,healthy,safe_default,no anomaly above configured threshold,0.00010388200007582782,0.00012165800012553518,True,False,False
2026-08-06T16:20:42.787065+00:00,planned_gm_failover,147.49810687500027,0.0,0.0,healthy,safe_default,no anomaly above configured threshold,0.00010398500012342993,0.0001230959999247716,True,False,False
2026-08-06T16:20:43.221086+00:00,planned_gm_failover,147.89810687500025,0.0,0.0,healthy,safe_default,no anomaly above configured threshold,0.0001121360000979621,0.00013108200005262916,True,False,False
2026-08-06T16:20:43.388818+00:00,planned_gm_failover,148.09810687500024,0.0,0.0,healthy,safe_default,no anomaly above configured threshold,9.953999983736139e-05,0.00011971399999310961,True,False,False
2026-08-06T16:20:43.774705+00:00,planned_gm_failover,148.49810687500022,0.0,0.0,healthy,safe_default,no anomaly above configured threshold,0.00010025699998550408,0.00011592600003496045,True,False,False
2026-08-06T16:20:44.063391+00:00,planned_gm_failover,148.6981068750002,0.0,0.0,healthy,safe_default,no anomaly above configured threshold,0.00012130300001444994,0.00014080500000090979,True,False,False
2026-08-06T16:20:44.203878+00:00,planned_gm_failover,148.8981068750002,0.0,0.0,healthy,safe_default,no anomaly above configured threshold,0.00025230500000361644,0.00027813799988507526,True,False,False
2026-08-06T16:20:44.642232+00:00,planned_gm_failover,149.29810687500017,0.0,0.0,healthy,safe_default,no anomaly above configured threshold,0.00011150100021950493,0.00013243199987300613,True,False,False
2026-08-06T16:20:44.776575+00:00,planned_gm_failover,149.49810687500016,0.0,0.0,healthy,safe_default,no anomaly above configured threshold,0.00011068399999203393,0.00012957300009475148,True,False,False
2026-08-06T16:20:45.038118+00:00,planned_gm_failover,149.69810687500015,0.0,0.0,healthy,safe_default,no anomaly above configured threshold,8.086399998319393e-05,9.41030000376486e-05,True,False,False
2026-08-06T16:20:45.204973+00:00,planned_gm_failover,149.89810687500014,0.0,0.0,healthy,safe_default,no anomaly above configured threshold,0.0001113149999127927,0.00012781300006281526,True,False,False
2026-08-06T16:20:45.605008+00:00,planned_gm_failover,150.29810687500012,0.0,0.0,healthy,safe_default,no anomaly above configured threshold,6.976300005590019e-05,8.218700008910673e-05,True,False,False
2026-08-06T16:20:45.748462+00:00,planned_gm_failover,150.4981068750001,0.0,0.0,healthy,safe_default,no anomaly above configured threshold,0.00010387999986960494,0.00012506300004133664,True,False,False
2026-08-06T16:20:46.004130+00:00,planned_gm_failover,150.6981068750001,0.0,0.0,healthy,safe_default,no anomaly above configured threshold,0.00011228199991819565,0.00013230000013209064,True,False,False
2026-08-06T16:20:46.133354+00:00,planned_gm_failover,150.89810687500008,0.0,0.0,healthy,safe_default,no anomaly above configured threshold,8.769199985181331e-05,0.00010100300005433382,True,False,False
2026-08-06T16:20:46.486594+00:00,planned_gm_failover,151.09810687500007,0.0,0.0,healthy,safe_default,no anomaly above configured threshold,9.714200018606789e-05,0.00014916800000719377,True,False,False
2026-08-06T16:20:46.615546+00:00,planned_gm_failover,151.29810687500006,0.0,0.0,healthy,safe_default,no anomaly above configured threshold,9.592299988980812e-05,0.00011400900007174641,True,False,False
2026-08-06T16:20:47.004999+00:00,planned_gm_failover,151.69810687500004,0.0,0.0,healthy,safe_default,no anomaly above configured threshold,0.00010384500001237029,0.0001244309999037796,True,False,False
2026-08-06T16:20:47.177769+00:00,planned_gm_failover,151.89810687500002,0.0,0.0,healthy,safe_default,no anomaly above configured threshold,0.00011215300014555396,0.00013091400001030706,True,False,False
2026-08-06T16:20:47.470514+00:00,planned_gm_failover,152.098106875,0.0,0.0,healthy,safe_default,no anomaly above configured threshold,9.542199995848932e-05,0.00011296499997115461,True,False,False
2026-08-06T16:20:47.622048+00:00,planned_gm_failover,152.298106875,0.0,0.0,healthy,safe_default,no anomaly above configured threshold,6.652100000792416e-05,7.838600004106411e-05,True,False,False
2026-08-06T16:20:47.994124+00:00,planned_gm_failover,152.69810687499998,0.0,0.0,healthy,safe_default,no anomaly above configured threshold,0.00010546099997554848,0.0001239160001205164,True,False,False
2026-08-06T16:20:48.127219+00:00,planned_gm_failover,152.89810687499997,0.0,0.0,healthy,safe_default,no anomaly above configured threshold,0.00011205999999219785,0.00013301399985721218,True,False,False
2026-08-06T16:20:48.411807+00:00,planned_gm_failover,153.09810687499996,0.0,0.0,healthy,safe_default,no anomaly above configured threshold,7.49089999771968e-05,8.73599999522412e-05,True,False,False
2026-08-06T16:20:48.558856+00:00,planned_gm_failover,153.29810687499995,0.0,0.0,healthy,safe_default,no anomaly above configured threshold,0.00011175600002388819,0.00013098999988869764,True,False,False
2026-08-06T16:20:48.837357+00:00,planned_gm_failover,153.49810687499993,0.0,0.0,healthy,safe_default,no anomaly above configured threshold,9.16110000162007e-05,0.00011094599994976306,True,False,False
2026-08-06T16:20:49.018130+00:00,planned_gm_failover,153.69810687499992,0.0,0.0,healthy,safe_default,no anomaly above configured threshold,7.277400004568335e-05,8.54070001423679e-05,True,False,False
2026-08-06T16:20:49.566251+00:00,planned_gm_failover,154.2981068749999,0.0,0.0,healthy,safe_default,no anomaly above configured threshold,8.156700005201856e-05,9.662699994805735e-05,True,False,False
2026-08-06T16:20:49.824716+00:00,planned_gm_failover,154.49810687499988,0.0,0.0,healthy,safe_default,no anomaly above configured threshold,0.00011684099990816321,0.0001366519998100557,True,False,False
2026-08-06T16:20:49.996125+00:00,planned_gm_failover,154.69810687499987,0.0,0.0,healthy,safe_default,no anomaly above configured threshold,0.000619379999989178,0.0006463679999342276,True,False,False
2026-08-06T16:20:50.370396+00:00,planned_gm_failover,155.09810687499984,0.0,0.0,healthy,safe_default,no anomaly above configured threshold,0.00012011700005132298,0.0001392960000430321,True,False,False
2026-08-06T16:20:50.630415+00:00,planned_gm_failover,155.29810687499983,0.0,0.0,healthy,safe_default,no anomaly above configured threshold,0.00010517800001252908,0.0001230440000199451,True,False,False
2026-08-06T16:20:50.774912+00:00,planned_gm_failover,155.49810687499982,0.0,0.0,healthy,safe_default,no anomaly above configured threshold,7.217200004561164e-05,8.478899985675525e-05,True,False,False
2026-08-06T16:20:51.142718+00:00,planned_gm_failover,155.8981068749998,0.0,0.0,healthy,safe_default,no anomaly above configured threshold,9.809900006985117e-05,0.00011261600002399064,True,False,False
2026-08-06T16:20:51.412213+00:00,planned_gm_failover,156.0981068749998,0.0,0.0,healthy,safe_default,no anomaly above configured threshold,0.00021495000009963405,0.00025104299993472523,True,False,False
2026-08-06T16:20:51.575751+00:00,planned_gm_failover,156.29810687499977,0.0,0.0,healthy,safe_default,no anomaly above configured threshold,8.44869998672948e-05,9.981200014408387e-05,True,False,False
2026-08-06T16:20:51.906174+00:00,planned_gm_failover,156.49810687499976,0.0,0.0,healthy,safe_default,no anomaly above configured threshold,0.00010747500004981703,0.00012632799985112797,True,False,False
2026-08-06T16:20:52.048254+00:00,planned_gm_failover,156.69810687499975,0.0,0.0,healthy,safe_default,no anomaly above configured threshold,0.00010927800008175836,0.00012881799989372666,True,False,False
2026-08-06T16:20:52.424042+00:00,planned_gm_failover,157.09810687499973,0.0,0.0,healthy,safe_default,no anomaly above configured threshold,0.00010484600011295697,0.000123378999887791,True,False,False
2026-08-06T16:20:52.558701+00:00,planned_gm_failover,157.29810687499972,0.0,0.0,healthy,safe_default,no anomaly above configured threshold,0.00011411300010877312,0.00013334899995243177,True,False,False
2026-08-06T16:20:52.861118+00:00,planned_gm_failover,157.4981068749997,0.0,0.0,healthy,safe_default,no anomaly above configured threshold,0.00019498799997563765,0.00021785199987789383,True,False,False
2026-08-06T16:20:53.016463+00:00,planned_gm_failover,157.6981068749997,0.0,0.0,healthy,safe_default,no anomaly above configured threshold,9.841299993240682e-05,0.00011561999986042792,True,False,False
2026-08-06T16:20:53.376888+00:00,planned_gm_failover,158.09810687499967,0.0,0.0,healthy,safe_default,no anomaly above configured threshold,7.234999998217972e-05,8.472800004710734e-05,True,False,False
2026-08-06T16:20:53.506781+00:00,planned_gm_failover,158.29810687499966,0.0,0.0,healthy,safe_default,no anomaly above configured threshold,7.818600010978116e-05,9.267700011150737e-05,True,False,False
2026-08-06T16:20:53.831022+00:00,planned_gm_failover,158.49810687499965,0.0,0.0,healthy,safe_default,no anomaly above configured threshold,0.00010153199991691508,0.00011984599996139877,True,False,False
2026-08-06T16:20:53.969759+00:00,planned_gm_failover,158.69810687499964,0.0,0.0,healthy,safe_default,no anomaly above configured threshold,0.00010676500005502021,0.00012568199986162654,True,False,False
2026-08-06T16:20:54.246420+00:00,planned_gm_failover,158.89810687499963,0.0,0.0,healthy,safe_default,no anomaly above configured threshold,7.138900014069804e-05,8.47619999149174e-05,True,False,False
2026-08-06T16:20:54.376313+00:00,planned_gm_failover,159.09810687499962,0.0,0.0,healthy,safe_default,no anomaly above configured threshold,0.00012176299992461281,0.00014237499999580905,True,False,False
