t_s,scenario,offset_ns,measured_offset_ns,path_delay_ns,pdv_ns,freq_error_ppb,synce_ql,ptp_seq_id,ptp_msg_type,gnss_available,holdover,attack_flag,fault_flag,run_id,label
0.124286712,netem_baseline,-5403.0,-5403.0,0.0,2331.5,0.0,1,0,Sync,True,True,False,False,0,healthy
0.249342706,netem_baseline,-5119.0,-5119.0,0.0,2331.5,0.0,1,1,Sync,True,True,False,False,0,healthy
0.374551987,netem_baseline,-10332.0,-10332.0,0.0,2331.5,0.0,1,2,Sync,True,True,False,False,0,healthy
0.500066611,netem_baseline,-5024.0,-5024.0,0.0,2331.5,0.0,1,3,Sync,True,True,False,False,0,healthy
0.624547658,netem_baseline,-5498.0,-5498.0,0.0,2331.5,0.0,1,4,Sync,True,True,False,False,0,healthy
0.749568401,netem_baseline,-4681.0,-4681.0,0.0,2331.5,0.0,1,5,Sync,True,True,False,False,0,healthy
0.874656375,netem_baseline,-6497.0,-6497.0,0.0,2331.5,0.0,1,6,Sync,True,True,False,False,0,healthy
0.9996017,netem_baseline,-4873.0,-4873.0,0.0,2331.5,0.0,1,7,Sync,True,True,False,False,0,healthy
1.124672954,netem_baseline,-4013.0,-4013.0,0.0,2331.5,0.0,1,8,Sync,True,True,False,False,0,healthy
1.24975854,netem_baseline,-5446.0,-5446.0,0.0,2331.5,0.0,1,9,Sync,True,True,False,False,0,healthy
1.374861705,netem_baseline,-6402.0,-6402.0,0.0,2331.5,0.0,1,10,Sync,True,True,False,False,0,healthy
1.499993344,netem_baseline,-4586.0,-4586.0,0.0,2331.5,0.0,1,11,Sync,True,True,False,False,0,healthy
1.624930739,netem_baseline,-4968.0,-4968.0,0.0,2331.5,0.0,1,12,Sync,True,True,False,False,0,healthy
1.750027216,netem_baseline,-6974.0,-6974.0,0.0,2331.5,0.0,1,13,Sync,True,True,False,False,0,healthy
1.875057959,netem_baseline,-5160.0,-5160.0,0.0,2331.5,0.0,1,14,Sync,True,True,False,False,0,healthy
2.000059178,netem_baseline,-4968.0,-4968.0,0.0,2331.5,0.0,1,15,Sync,True,True,False,False,0,healthy
2.125137693,netem_baseline,-5446.0,-5446.0,0.0,2331.5,0.0,1,16,Sync,True,True,False,False,0,healthy
2.250294842,netem_baseline,-7165.0,-7165.0,0.0,2331.5,0.0,1,17,Sync,True,True,False,False,0,healthy
2.375229848,netem_baseline,-4682.0,-4682.0,0.0,2331.5,0.0,1,18,Sync,True,True,False,False,0,healthy
2.500253425,netem_baseline,-4873.0,-4873.0,0.0,2331.5,0.0,1,19,Sync,True,True,False,False,0,healthy
2.625364712,netem_baseline,-5542.0,-5542.0,0.0,2331.5,0.0,1,20,Sync,True,True,False,False,0,healthy
2.750394308,netem_baseline,-4873.0,-4873.0,0.0,2331.5,0.0,1,21,Sync,True,True,False,False,0,healthy
2.875430592,netem_baseline,-4682.0,-4682.0,0.0,2331.5,0.0,1,22,Sync,True,True,False,False,0,healthy
3.000543121,netem_baseline,-5064.0,-5064.0,0.0,2331.5,0.0,1,23,Sync,True,True,False,False,0,healthy
3.125579979,netem_baseline,-5446.0,-5446.0,0.0,2331.5,0.0,1,24,Sync,True,True,False,False,0,healthy
3.250893057,netem_baseline,-5351.0,-5351.0,0.0,2331.5,0.0,1,25,Sync,True,True,False,False,0,healthy
3.375619393,netem_baseline,-3917.0,-3917.0,0.0,2331.5,0.0,1,26,Sync,True,True,False,False,0,healthy
3.500779504,netem_baseline,-5351.0,-5351.0,0.0,2331.5,0.0,1,27,Sync,True,True,False,False,0,healthy
3.625792666,netem_baseline,-4395.0,-4395.0,0.0,2331.5,0.0,1,28,Sync,True,True,False,False,0,healthy
3.750820829,netem_baseline,-4682.0,-4682.0,0.0,2331.5,0.0,1,29,Sync,True,True,False,False,0,healthy
3.875936129,netem_baseline,-4778.0,-4778.0,0.0,2331.5,0.0,1,30,Sync,True,True,False,False,0,healthy
4.000853746,netem_baseline,-1624.0,-1624.0,0.0,2331.5,0.0,1,31,Sync,True,True,False,False,0,healthy
4.125972676,netem_baseline,-4586.0,-4586.0,0.0,2331.5,0.0,1,32,Sync,True,True,False,False,0,healthy
4.251140049,netem_baseline,-2197.0,-2197.0,-2293.0,38.5,0.0,1,33,Sync,True,False,False,False,0,healthy
4.376138497,netem_baseline,-3249.0,-3249.0,-2293.0,38.5,0.0,1,34,Sync,True,False,False,False,0,healthy
4.501167806,netem_baseline,-2962.0,-2962.0,-2771.0,-439.5,0.0,1,35,Sync,True,False,False,False,0,healthy
4.626277947,netem_baseline,-2197.5,-2197.5,-2866.5,-535.0,0.0,1,36,Sync,True,False,False,False,0,healthy
4.751382832,netem_baseline,-5876.0,-5876.0,-2532.0,-200.5,0.0,1,37,Sync,True,False,False,False,0,healthy
4.876375739,netem_baseline,-191.0,-191.0,-4204.0,-1872.5,0.0,1,38,Sync,True,False,False,False,0,healthy
5.001387946,netem_baseline,-955.0,-955.0,-4204.0,-1872.5,0.0,1,39,Sync,True,False,False,False,0,healthy
5.126443912,netem_baseline,-3153.5,-3153.5,-2579.5,-248.0,0.0,1,40,Sync,True,False,False,False,0,healthy
5.251484687,netem_baseline,-1720.5,-1720.5,-2579.5,-248.0,0.0,1,41,Sync,True,False,False,False,0,healthy
5.376529761,netem_baseline,-2723.0,-2723.0,-2150.0,181.5,0.0,1,42,Sync,True,False,False,False,0,healthy
5.501617544,netem_baseline,-2341.0,-2341.0,-2150.0,181.5,0.0,1,43,Sync,True,False,False,False,0,healthy
5.626641503,netem_baseline,-2245.5,-2245.5,-2245.5,86.0,0.0,1,44,Sync,True,False,False,False,0,healthy
5.751677501,netem_baseline,-2818.5,-2818.5,-2245.5,86.0,0.0,1,45,Sync,True,False,False,False,0,healthy
5.876710154,netem_baseline,-3009.0,-3009.0,-2532.0,-200.5,0.0,1,46,Sync,True,False,False,False,0,healthy
6.001901317,netem_baseline,-8503.5,-8503.5,-2770.5,-439.0,0.0,1,47,Sync,True,False,False,False,0,healthy
6.126797914,netem_baseline,477.0,477.0,-5637.0,-3305.5,0.0,1,48,Sync,True,False,False,False,0,healthy
6.25186955,netem_baseline,-2293.0,-2293.0,-2580.0,-248.5,0.0,1,49,Sync,True,False,False,False,0,healthy
6.376884337,netem_baseline,-2340.5,-2340.5,-2436.5,-105.0,0.0,1,50,Sync,True,False,False,False,0,healthy
6.502051709,netem_baseline,-3105.5,-3105.5,-2436.5,-105.0,0.0,1,51,Sync,True,False,False,False,0,healthy
6.62700334,netem_baseline,-1719.0,-1719.0,-2771.0,-439.5,0.0,1,52,Sync,True,False,False,False,0,healthy
6.752030452,netem_baseline,-2484.0,-2484.0,-2771.0,-439.5,0.0,1,53,Sync,True,False,False,False,0,healthy
6.877223334,netem_baseline,-5302.5,-5302.5,-2627.5,-296.0,0.0,1,54,Sync,True,False,False,False,0,healthy
7.002124231,netem_baseline,-48.0,-48.0,-3965.0,-1633.5,0.0,1,55,Sync,True,False,False,False,0,healthy
7.12713854,netem_baseline,-955.5,-955.5,-2006.5,325.0,0.0,1,56,Sync,True,False,False,False,0,healthy
7.252305721,netem_baseline,-2961.5,-2961.5,-2006.5,325.0,0.0,1,57,Sync,True,False,False,False,0,healthy
7.377344776,netem_baseline,-4778.0,-4778.0,-2484.0,-152.5,0.0,1,58,Sync,True,False,False,False,0,healthy
7.502364053,netem_baseline,-1529.0,-1529.0,-3631.0,-1299.5,0.0,1,59,Sync,True,False,False,False,0,healthy
7.627481646,netem_baseline,-2197.0,-2197.0,-3631.0,-1299.5,0.0,1,60,Sync,True,False,False,False,0,healthy
7.752484967,netem_baseline,-1195.0,-1195.0,-2914.0,-582.5,0.0,1,61,Sync,True,False,False,False,0,healthy
7.87753243,netem_baseline,-2627.0,-2627.0,-2914.0,-582.5,0.0,1,62,Sync,True,False,False,False,0,healthy
8.002687381,netem_baseline,-3249.5,-3249.5,-2770.5,-439.0,0.0,1,63,Sync,True,False,False,False,0,healthy
8.12759382,netem_baseline,-1385.0,-1385.0,-3010.0,-678.5,0.0,1,64,Sync,True,False,False,False,0,healthy
8.252685329,netem_baseline,-2866.5,-2866.5,-2197.5,134.0,0.0,1,65,Sync,True,False,False,False,0,healthy
8.377718556,netem_baseline,-2006.5,-2006.5,-2197.5,134.0,0.0,1,66,Sync,True,False,False,False,0,healthy
8.502891565,netem_baseline,-3631.0,-3631.0,-2102.0,229.5,0.0,1,67,Sync,True,False,False,False,0,healthy
8.6277659,netem_baseline,-1433.5,-1433.5,-2866.5,-535.0,0.0,1,68,Sync,True,False,False,False,0,healthy
8.753045783,netem_baseline,-3569.0,-3569.0,-2150.0,181.5,0.0,1,69,Sync,True,False,False,False,0,healthy
8.877932567,netem_baseline,-1676.5,-1676.5,-2859.5,-528.0,0.0,1,70,Sync,True,False,False,False,0,healthy
9.002999306,netem_baseline,-2860.0,-2860.0,-2268.0,63.5,0.0,1,71,Sync,True,False,False,False,0,healthy
9.128071369,netem_baseline,-1381.0,-1381.0,-2564.0,-232.5,0.0,1,72,Sync,True,False,False,False,0,healthy
9.253205357,netem_baseline,-4535.5,-4535.5,-1972.5,359.0,0.0,1,73,Sync,True,False,False,False,0,healthy
9.378670955,netem_baseline,-14002.0,-14002.0,-3254.0,-922.5,0.0,1,74,Sync,True,False,False,False,0,healthy
9.503660781,netem_baseline,3895.0,3895.0,-8628.0,-6296.5,0.0,1,75,Sync,True,False,False,False,0,healthy
9.628634929,netem_baseline,3402.0,3402.0,-8628.0,-6296.5,0.0,1,76,Sync,True,False,False,False,0,healthy
9.753693089,netem_baseline,-4585.0,-4585.0,-2613.0,-281.5,0.0,1,77,Sync,True,False,False,False,0,healthy
9.878607778,netem_baseline,-2614.0,-2614.0,-2613.0,-281.5,0.0,1,78,Sync,True,False,False,False,0,healthy
10.003749654,netem_baseline,-936.5,-936.5,-2613.5,-282.0,0.0,1,79,Sync,True,False,False,False,0,healthy
10.129316323,netem_baseline,-2513.5,-2513.5,-2613.5,-282.0,0.0,1,80,Sync,True,False,False,False,0,healthy
10.253887964,netem_baseline,-2564.5,-2564.5,-2563.5,-232.0,0.0,1,81,Sync,True,False,False,False,0,healthy
10.378861027,netem_baseline,-2859.0,-2859.0,-2564.0,-232.5,0.0,1,82,Sync,True,False,False,False,0,healthy
10.504007143,netem_baseline,-1380.0,-1380.0,-2564.0,-232.5,0.0,1,83,Sync,True,False,False,False,0,healthy
12.28241938,netem_baseline,-1873.0,-1873.0,-1972.0,359.5,0.0,1,84,Sync,True,False,False,False,0,healthy
12.407493317,netem_baseline,-2021.5,-2021.5,-1922.5,409.0,0.0,1,85,Sync,True,False,False,False,0,healthy
12.532621586,netem_baseline,-4437.0,-4437.0,-1972.0,359.5,0.0,1,86,Sync,True,False,False,False,0,healthy
12.657861771,netem_baseline,-1528.5,-1528.5,-3204.5,-873.0,0.0,1,87,Sync,True,False,False,False,0,healthy
12.782699647,netem_baseline,-936.5,-936.5,-3204.5,-873.0,0.0,1,88,Sync,True,False,False,False,0,healthy
12.90780711,netem_baseline,-2169.5,-2169.5,-2070.5,261.0,0.0,1,89,Sync,True,False,False,False,0,healthy
13.032835294,netem_baseline,-2711.0,-2711.0,-2120.0,211.5,0.0,1,90,Sync,True,False,False,False,0,healthy
13.157803624,netem_baseline,-1824.5,-1824.5,-2415.5,-84.0,0.0,1,91,Sync,True,False,False,False,0,healthy
13.282850247,netem_baseline,-2120.0,-2120.0,-2120.0,211.5,0.0,1,92,Sync,True,False,False,False,0,healthy
13.407934143,netem_baseline,-2515.0,-2515.0,-2120.0,211.5,0.0,1,93,Sync,True,False,False,False,0,healthy
13.532930478,netem_baseline,-2021.5,-2021.5,-2317.5,14.0,0.0,1,94,Sync,True,False,False,False,0,healthy
13.658056281,netem_baseline,-2366.5,-2366.5,-2169.5,162.0,0.0,1,95,Sync,True,False,False,False,0,healthy
13.783113061,netem_baseline,-2267.0,-2267.0,-2268.0,63.5,0.0,1,96,Sync,True,False,False,False,0,healthy
13.908122017,netem_baseline,-1972.5,-1972.5,-2267.5,64.0,0.0,1,97,Sync,True,False,False,False,0,healthy
14.033188854,netem_baseline,-2811.0,-2811.0,-2120.0,211.5,0.0,1,98,Sync,True,False,False,False,0,healthy
14.15826427,netem_baseline,-690.5,-690.5,-2465.5,-134.0,0.0,1,99,Sync,True,False,False,False,0,healthy
14.283316218,netem_baseline,-2563.5,-2563.5,-2465.5,-134.0,0.0,1,100,Sync,True,False,False,False,0,healthy
14.408342923,netem_baseline,-2612.5,-2612.5,-2514.5,-183.0,0.0,1,101,Sync,True,False,False,False,0,healthy
14.53336667,netem_baseline,295.5,295.5,-2563.5,-232.0,0.0,1,102,Sync,True,False,False,False,0,healthy
14.658438733,netem_baseline,-2070.5,-2070.5,-2563.5,-232.0,0.0,1,103,Sync,True,False,False,False,0,healthy
14.783542745,netem_baseline,-3796.0,-3796.0,-2317.0,14.5,0.0,1,104,Sync,True,False,False,False,0,healthy
14.908473408,netem_baseline,1281.5,1281.5,-3056.5,-725.0,0.0,1,105,Sync,True,False,False,False,0,healthy
15.033620252,netem_baseline,-3409.5,-3409.5,-887.5,1444.0,0.0,1,106,Sync,True,False,False,False,0,healthy
15.158627661,netem_baseline,-3294.5,-3294.5,-2148.5,183.0,0.0,1,107,Sync,True,False,False,False,0,healthy
15.283708411,netem_baseline,-1766.5,-1766.5,-2721.5,-390.0,0.0,1,108,Sync,True,False,False,False,0,healthy
15.408740459,netem_baseline,-1480.5,-1480.5,-2721.5,-390.0,0.0,1,109,Sync,True,False,False,False,0,healthy
15.533721321,netem_baseline,-2578.0,-2578.0,-2101.0,230.5,0.0,1,110,Sync,True,False,False,False,0,healthy
15.658841415,netem_baseline,-3295.5,-3295.5,-2339.5,-8.0,0.0,1,111,Sync,True,False,False,False,0,healthy
15.783822755,netem_baseline,-2053.5,-2053.5,-2817.5,-486.0,0.0,1,112,Sync,True,False,False,False,0,healthy
15.908847831,netem_baseline,-1670.5,-1670.5,-2817.5,-486.0,0.0,1,113,Sync,True,False,False,False,0,healthy
16.033998675,netem_baseline,-1957.0,-1957.0,-2244.0,87.5,0.0,1,114,Sync,True,False,False,False,0,healthy
16.15899453,netem_baseline,-3724.5,-3724.5,-2100.5,231.0,0.0,1,115,Sync,True,False,False,False,0,healthy
16.283956579,netem_baseline,-1766.5,-1766.5,-2912.5,-581.0,0.0,1,116,Sync,True,False,False,False,0,healthy
16.409039907,netem_baseline,-2339.5,-2339.5,-2339.5,-8.0,0.0,1,117,Sync,True,False,False,False,0,healthy
16.534228091,netem_baseline,-3007.5,-3007.5,-2339.5,-8.0,0.0,1,118,Sync,True,False,False,False,0,healthy
16.6591825,netem_baseline,-2006.5,-2006.5,-2673.5,-342.0,0.0,1,119,Sync,True,False,False,False,0,healthy
16.78424969,netem_baseline,-2626.0,-2626.0,-2340.0,-8.5,0.0,1,120,Sync,True,False,False,False,0,healthy
16.909277058,netem_baseline,-2865.0,-2865.0,-2483.0,-151.5,0.0,1,121,Sync,True,False,False,False,0,healthy
17.034447002,netem_baseline,-4106.0,-4106.0,-2674.0,-342.5,0.0,1,122,Sync,True,False,False,False,0,healthy
17.159337715,netem_baseline,-1290.0,-1290.0,-3390.0,-1058.5,0.0,1,123,Sync,True,False,False,False,0,healthy
17.284361264,netem_baseline,-2340.0,-2340.0,-2340.0,-8.5,0.0,1,124,Sync,True,False,False,False,0,healthy
17.409547346,netem_baseline,-3868.0,-3868.0,-2340.0,-8.5,0.0,1,125,Sync,True,False,False,False,0,healthy
17.534493638,netem_baseline,-1098.0,-1098.0,-3104.0,-772.5,0.0,1,126,Sync,True,False,False,False,0,healthy
17.659477269,netem_baseline,-2482.0,-2482.0,-2101.0,230.5,0.0,1,127,Sync,True,False,False,False,0,healthy
17.784643679,netem_baseline,-2483.0,-2483.0,-2101.0,230.5,0.0,1,128,Sync,True,False,False,False,0,healthy
17.909715835,netem_baseline,-5157.0,-5157.0,-2292.0,39.5,0.0,1,129,Sync,True,False,False,False,0,healthy
18.034690012,netem_baseline,-668.5,-668.5,-3724.5,-1393.0,0.0,1,130,Sync,True,False,False,False,0,healthy
18.159772099,netem_baseline,-1241.5,-1241.5,-3724.5,-1393.0,0.0,1,131,Sync,True,False,False,False,0,healthy
18.284818376,netem_baseline,-2101.0,-2101.0,-2483.0,-151.5,0.0,1,132,Sync,True,False,False,False,0,healthy
18.409884641,netem_baseline,-2036.0,-2036.0,-2483.0,-151.5,0.0,1,133,Sync,True,False,False,False,0,healthy
18.534893683,netem_baseline,282.5,282.5,-2259.5,72.0,0.0,1,134,Sync,True,False,False,False,0,healthy
18.65993059,netem_baseline,-2071.5,-2071.5,-2259.5,72.0,0.0,1,135,Sync,True,False,False,False,0,healthy
18.784949705,netem_baseline,-2070.5,-2070.5,-2165.5,166.0,0.0,1,136,Sync,True,False,False,False,0,healthy
18.910000828,netem_baseline,-1976.5,-1976.5,-2165.5,166.0,0.0,1,137,Sync,True,False,False,False,0,healthy
19.03500215,netem_baseline,-2072.0,-2072.0,-2071.0,260.5,0.0,1,138,Sync,True,False,False,False,0,healthy
19.160024089,netem_baseline,-2164.5,-2164.5,-2071.5,260.0,0.0,1,139,Sync,True,False,False,False,0,healthy
19.28504697,netem_baseline,-1930.0,-1930.0,-2118.0,213.5,0.0,1,140,Sync,True,False,False,False,0,healthy
19.410217936,netem_baseline,-2212.0,-2212.0,-2024.0,307.5,0.0,1,141,Sync,True,False,False,False,0,healthy
19.535209467,netem_baseline,-3154.0,-3154.0,-2024.0,307.5,0.0,1,142,Sync,True,False,False,False,0,healthy
19.660286479,netem_baseline,-1553.0,-1553.0,-2589.0,-257.5,0.0,1,143,Sync,True,False,False,False,0,healthy
19.785319245,netem_baseline,-2824.0,-2824.0,-2071.0,260.5,0.0,1,144,Sync,True,False,False,False,0,healthy
19.910398516,netem_baseline,-2918.5,-2918.5,-2447.5,-116.0,0.0,1,145,Sync,True,False,False,False,0,healthy
20.035405769,netem_baseline,-2635.5,-2635.5,-2447.5,-116.0,0.0,1,146,Sync,True,False,False,False,0,healthy
20.160460093,netem_baseline,-2542.5,-2542.5,-2541.5,-210.0,0.0,1,147,Sync,True,False,False,False,0,healthy
20.285551509,netem_baseline,-5460.5,-5460.5,-2541.5,-210.0,0.0,1,148,Sync,True,False,False,False,0,healthy
20.410591335,netem_baseline,-236.0,-236.0,-4001.0,-1669.5,0.0,1,149,Sync,True,False,False,False,0,healthy
20.535678703,netem_baseline,-424.0,-424.0,-4001.0,-1669.5,0.0,1,150,Sync,True,False,False,False,0,healthy
20.660661762,netem_baseline,-1646.5,-1646.5,-2212.5,119.0,0.0,1,151,Sync,True,False,False,False,0,healthy
20.785779537,netem_baseline,-1835.5,-1835.5,-2212.5,119.0,0.0,1,152,Sync,True,False,False,False,0,healthy
20.910670995,netem_baseline,-2306.0,-2306.0,-2024.0,307.5,0.0,1,153,Sync,True,False,False,False,0,healthy
21.035763165,netem_baseline,-2683.0,-2683.0,-2024.0,307.5,0.0,1,154,Sync,True,False,False,False,0,healthy
21.160808357,netem_baseline,-1506.5,-1506.5,-2353.5,-22.0,0.0,1,155,Sync,True,False,False,False,0,healthy
21.285794428,netem_baseline,-2071.5,-2071.5,-2353.5,-22.0,0.0,1,156,Sync,True,False,False,False,0,healthy
21.410889986,netem_baseline,-1553.5,-1553.5,-2212.5,119.0,0.0,1,157,Sync,True,False,False,False,0,healthy
21.535846967,netem_baseline,-1741.5,-1741.5,-2212.5,119.0,0.0,1,158,Sync,True,False,False,False,0,healthy
21.660978958,netem_baseline,-2448.0,-2448.0,-1977.0,354.5,0.0,1,159,Sync,True,False,False,False,0,healthy
21.785971431,netem_baseline,-2353.0,-2353.0,-1977.0,354.5,0.0,1,160,Sync,True,False,False,False,0,healthy
21.910985274,netem_baseline,-2259.0,-2259.0,-2165.0,166.5,0.0,1,161,Sync,True,False,False,False,0,healthy
22.036102673,netem_baseline,-2401.0,-2401.0,-2212.0,119.5,0.0,1,162,Sync,True,False,False,False,0,healthy
22.161121882,netem_baseline,-2495.0,-2495.0,-2212.0,119.5,0.0,1,163,Sync,True,False,False,False,0,healthy
22.286267053,netem_baseline,-22218.5,-22218.5,-2353.5,-22.0,0.0,1,164,Sync,True,False,False,False,0,healthy
22.411241074,netem_baseline,-4424.5,-4424.5,-2353.5,-22.0,0.0,1,165,Sync,True,False,False,False,0,healthy
22.536330889,netem_baseline,-1977.0,-1977.0,-3389.0,-1057.5,0.0,1,166,Sync,True,False,False,False,0,healthy
22.661348404,netem_baseline,-2212.0,-2212.0,-2683.0,-351.5,0.0,1,167,Sync,True,False,False,False,0,healthy
22.786343889,netem_baseline,-2447.5,-2447.5,-2447.5,-116.0,0.0,1,168,Sync,True,False,False,False,0,healthy
22.911386351,netem_baseline,-1882.5,-1882.5,-2447.5,-116.0,0.0,1,169,Sync,True,False,False,False,0,healthy
23.036397934,netem_baseline,-2166.0,-2166.0,-2165.0,166.5,0.0,1,170,Sync,True,False,False,False,0,healthy
23.161499988,netem_baseline,-1694.5,-1694.5,-2165.5,166.0,0.0,1,171,Sync,True,False,False,False,0,healthy
23.286474668,netem_baseline,-2494.0,-2494.0,-1930.0,401.5,0.0,1,172,Sync,True,False,False,False,0,healthy
23.411603929,netem_baseline,-2684.0,-2684.0,-2212.0,119.5,0.0,1,173,Sync,True,False,False,False,0,healthy
23.5365884,netem_baseline,-1977.0,-1977.0,-2448.0,-116.5,0.0,1,174,Sync,True,False,False,False,0,healthy
23.66163378,netem_baseline,423.5,423.5,-2212.5,119.0,0.0,1,175,Sync,True,False,False,False,0,healthy
23.786721619,netem_baseline,-3247.5,-3247.5,-894.5,1437.0,0.0,1,176,Sync,True,False,False,False,0,healthy
23.911817648,netem_baseline,-2354.0,-2354.0,-2071.0,260.5,0.0,1,177,Sync,True,False,False,False,0,healthy
24.036830737,netem_baseline,-2211.5,-2211.5,-2212.5,119.0,0.0,1,178,Sync,True,False,False,False,0,healthy
24.161929967,netem_baseline,-2683.0,-2683.0,-2212.0,119.5,0.0,1,179,Sync,True,False,False,False,0,healthy
24.286900505,netem_baseline,281.5,281.5,-2447.5,-116.0,0.0,1,180,Sync,True,False,False,False,0,healthy
24.412023176,netem_baseline,-6637.0,-6637.0,-1083.0,1248.5,0.0,1,181,Sync,True,False,False,False,0,healthy
24.537099529,netem_baseline,-659.0,-659.0,-3860.0,-1528.5,0.0,1,182,Sync,True,False,False,False,0,healthy
24.662157901,netem_baseline,-1224.0,-1224.0,-3860.0,-1528.5,0.0,1,183,Sync,True,False,False,False,0,healthy
24.787193679,netem_baseline,-2918.0,-2918.0,-2542.0,-210.5,0.0,1,184,Sync,True,False,False,False,0,healthy
24.912210629,netem_baseline,-1507.0,-1507.0,-2730.0,-398.5,0.0,1,185,Sync,True,False,False,False,0,healthy
25.03719284,netem_baseline,-1318.0,-1318.0,-2730.0,-398.5,0.0,1,186,Sync,True,False,False,False,0,healthy
25.162266369,netem_baseline,-2118.0,-2118.0,-2024.0,307.5,0.0,1,187,Sync,True,False,False,False,0,healthy
25.287290285,netem_baseline,-1507.0,-1507.0,-2071.0,260.5,0.0,1,188,Sync,True,False,False,False,0,healthy
25.412402224,netem_baseline,-2636.0,-2636.0,-1789.0,542.5,0.0,1,189,Sync,True,False,False,False,0,healthy
25.537392531,netem_baseline,-2165.0,-2165.0,-1789.0,542.5,0.0,1,190,Sync,True,False,False,False,0,healthy
25.662437817,netem_baseline,-2636.0,-2636.0,-1977.0,354.5,0.0,1,191,Sync,True,False,False,False,0,healthy
25.787461922,netem_baseline,-1364.5,-1364.5,-2306.5,25.0,0.0,1,192,Sync,True,False,False,False,0,healthy
25.912515493,netem_baseline,-2683.5,-2683.5,-1835.5,496.0,0.0,1,193,Sync,True,False,False,False,0,healthy
26.037515873,netem_baseline,-188.5,-188.5,-2259.5,72.0,0.0,1,194,Sync,True,False,False,False,0,healthy
26.162631107,netem_baseline,-2353.5,-2353.5,-2259.5,72.0,0.0,1,195,Sync,True,False,False,False,0,healthy
26.287637983,netem_baseline,-2306.5,-2306.5,-2306.5,25.0,0.0,1,196,Sync,True,False,False,False,0,healthy
26.412727792,netem_baseline,-2177.5,-2177.5,-2306.5,25.0,0.0,1,197,Sync,True,False,False,False,0,healthy
26.53769327,netem_baseline,-2149.0,-2149.0,-2242.0,89.5,0.0,1,198,Sync,True,False,False,False,0,healthy
26.662747409,netem_baseline,-2102.5,-2102.5,-2195.5,136.0,0.0,1,199,Sync,True,False,False,False,0,healthy
26.787880308,netem_baseline,-3550.0,-3550.0,-2149.0,182.5,0.0,1,200,Sync,True,False,False,False,0,healthy
26.912768708,netem_baseline,-1541.5,-1541.5,-2849.5,-518.0,0.0,1,201,Sync,True,False,False,False,0,healthy
27.037916461,netem_baseline,-1914.5,-1914.5,-2195.5,136.0,0.0,1,202,Sync,True,False,False,False,0,healthy
27.162919123,netem_baseline,-2337.0,-2337.0,-2055.0,276.5,0.0,1,203,Sync,True,False,False,False,0,healthy
27.287934304,netem_baseline,-1822.0,-1822.0,-2196.0,135.5,0.0,1,204,Sync,True,False,False,False,0,healthy
27.413028243,netem_baseline,-2102.0,-2102.0,-2009.0,322.5,0.0,1,205,Sync,True,False,False,False,0,healthy
27.537977838,netem_baseline,-2429.5,-2429.5,-2055.5,276.0,0.0,1,206,Sync,True,False,False,False,0,healthy
27.663066078,netem_baseline,-1868.5,-1868.5,-2055.5,276.0,0.0,1,207,Sync,True,False,False,False,0,healthy
27.788076214,netem_baseline,-3177.0,-3177.0,-1962.0,369.5,0.0,1,208,Sync,True,False,False,False,0,healthy
27.913182299,netem_baseline,234.5,234.5,-2569.5,-238.0,0.0,1,209,Sync,True,False,False,False,0,healthy
28.038152915,netem_baseline,-3597.5,-3597.5,-1167.5,1164.0,0.0,1,210,Sync,True,False,False,False,0,healthy
28.163268623,netem_baseline,-2101.5,-2101.5,-2382.5,-51.0,0.0,1,211,Sync,True,False,False,False,0,healthy
28.288204858,netem_baseline,-2336.0,-2336.0,-2242.0,89.5,0.0,1,212,Sync,True,False,False,False,0,healthy
28.413283475,netem_baseline,-2149.0,-2149.0,-2242.0,89.5,0.0,1,213,Sync,True,False,False,False,0,healthy
28.538307158,netem_baseline,-2569.5,-2569.5,-2195.5,136.0,0.0,1,214,Sync,True,False,False,False,0,healthy
28.663417167,netem_baseline,-2475.5,-2475.5,-2382.5,-51.0,0.0,1,215,Sync,True,False,False,False,0,healthy
28.788428423,netem_baseline,-2101.5,-2101.5,-2382.5,-51.0,0.0,1,216,Sync,True,False,False,False,0,healthy
28.913454348,netem_baseline,-2523.0,-2523.0,-2242.0,89.5,0.0,1,217,Sync,True,False,False,False,0,healthy
29.038450376,netem_baseline,-2710.0,-2710.0,-2242.0,89.5,0.0,1,218,Sync,True,False,False,False,0,healthy
29.163512177,netem_baseline,-1635.0,-1635.0,-2476.0,-144.5,0.0,1,219,Sync,True,False,False,False,0,healthy
29.288488772,netem_baseline,653.5,653.5,-2055.5,276.0,0.0,1,220,Sync,True,False,False,False,0,healthy
29.413577293,netem_baseline,-4438.0,-4438.0,-701.0,1630.5,0.0,1,221,Sync,True,False,False,False,0,healthy
29.538690385,netem_baseline,-1354.5,-1354.5,-2569.5,-238.0,0.0,1,222,Sync,True,False,False,False,0,healthy
29.663705098,netem_baseline,-1447.5,-1447.5,-2569.5,-238.0,0.0,1,223,Sync,True,False,False,False,0,healthy
29.788700005,netem_baseline,326.5,326.5,-2008.5,323.0,0.0,1,224,Sync,True,False,False,False,0,healthy
29.913713504,netem_baseline,-3456.0,-3456.0,-841.0,1490.5,0.0,1,225,Sync,True,False,False,False,0,healthy
30.038768859,netem_baseline,-2710.5,-2710.5,-2148.5,183.0,0.0,1,226,Sync,True,False,False,False,0,healthy
30.163817019,netem_baseline,-1961.5,-1961.5,-2429.5,-98.0,0.0,1,227,Sync,True,False,False,False,0,healthy
30.288975423,netem_baseline,-3736.5,-3736.5,-2429.5,-98.0,0.0,1,228,Sync,True,False,False,False,0,healthy
30.413886993,netem_baseline,-2056.0,-2056.0,-3083.0,-751.5,0.0,1,229,Sync,True,False,False,False,0,healthy
30.538912731,netem_baseline,-2288.5,-2288.5,-2569.5,-238.0,0.0,1,230,Sync,True,False,False,False,0,healthy
30.664091315,netem_baseline,-1869.0,-1869.0,-2429.0,-97.5,0.0,1,231,Sync,True,False,False,False,0,healthy
30.789033997,netem_baseline,-2149.0,-2149.0,-2149.0,182.5,0.0,1,232,Sync,True,False,False,False,0,healthy
30.914164185,netem_baseline,-2242.0,-2242.0,-2149.0,182.5,0.0,1,233,Sync,True,False,False,False,0,healthy
31.039208328,netem_baseline,-2662.5,-2662.5,-2195.5,136.0,0.0,1,234,Sync,True,False,False,False,0,healthy
31.164140733,netem_baseline,93.0,93.0,-2429.0,-97.5,0.0,1,235,Sync,True,False,False,False,0,healthy
31.289264849,netem_baseline,-2523.0,-2523.0,-2429.0,-97.5,0.0,1,236,Sync,True,False,False,False,0,healthy
31.414258448,netem_baseline,-1541.0,-1541.0,-2476.0,-144.5,0.0,1,237,Sync,True,False,False,False,0,healthy
31.539261297,netem_baseline,-1821.0,-1821.0,-2476.0,-144.5,0.0,1,238,Sync,True,False,False,False,0,healthy
31.664340101,netem_baseline,-2522.5,-2522.5,-2148.5,183.0,0.0,1,239,Sync,True,False,False,False,0,healthy
31.78935687,netem_baseline,-2149.5,-2149.5,-2335.5,-4.0,0.0,1,240,Sync,True,False,False,False,0,healthy
31.914441467,netem_baseline,-1307.5,-1307.5,-2242.5,89.0,0.0,1,241,Sync,True,False,False,False,0,healthy
32.039394145,netem_baseline,-1962.5,-1962.5,-2242.5,89.0,0.0,1,242,Sync,True,False,False,False,0,healthy
32.164480517,netem_baseline,-3223.5,-3223.5,-2102.5,229.0,0.0,1,243,Sync,True,False,False,False,0,healthy
32.289555677,netem_baseline,-2756.0,-2756.0,-2663.0,-331.5,0.0,1,244,Sync,True,False,False,False,0,healthy
32.414680354,netem_baseline,-1868.5,-1868.5,-2709.5,-378.0,0.0,1,245,Sync,True,False,False,False,0,healthy
32.539903689,netem_baseline,-3036.0,-3036.0,-2289.0,42.5,0.0,1,246,Sync,True,False,False,False,0,healthy
32.664830955,netem_baseline,-3317.0,-3317.0,-2289.0,42.5,0.0,1,247,Sync,True,False,False,False,0,healthy
32.78989014,netem_baseline,-3083.0,-3083.0,-2803.0,-471.5,0.0,1,248,Sync,True,False,False,False,0,healthy
32.91489467,netem_baseline,-1541.0,-1541.0,-2943.0,-611.5,0.0,1,249,Sync,True,False,False,False,0,healthy
33.039973474,netem_baseline,-2429.0,-2429.0,-2242.0,89.5,0.0,1,250,Sync,True,False,False,False,0,healthy
33.164991738,netem_baseline,-2616.5,-2616.5,-2335.5,-4.0,0.0,1,251,Sync,True,False,False,False,0,healthy
33.290101747,netem_baseline,-2242.5,-2242.5,-2335.5,-4.0,0.0,1,252,Sync,True,False,False,False,0,healthy
33.415048691,netem_baseline,-2485.0,-2485.0,-2289.0,42.5,0.0,1,253,Sync,True,False,False,False,0,healthy
33.540161814,netem_baseline,-3249.0,-3249.0,-2289.0,42.5,0.0,1,254,Sync,True,False,False,False,0,healthy
33.665131407,netem_baseline,-1146.0,-1146.0,-2769.0,-437.5,0.0,1,255,Sync,True,False,False,False,0,healthy
33.790232976,netem_baseline,-1242.0,-1242.0,-2769.0,-437.5,0.0,1,256,Sync,True,False,False,False,0,healthy
33.915257479,netem_baseline,-2673.5,-2673.5,-2005.5,326.0,0.0,1,257,Sync,True,False,False,False,0,healthy
34.040286471,netem_baseline,-4965.5,-4965.5,-2005.5,326.0,0.0,1,258,Sync,True,False,False,False,0,healthy
34.165306008,netem_baseline,-1289.5,-1289.5,-3485.5,-1154.0,0.0,1,259,Sync,True,False,False,False,0,healthy
34.2904813,netem_baseline,1719.5,1719.5,-2387.5,-56.0,0.0,1,260,Sync,True,False,False,False,0,healthy
34.415371618,netem_baseline,-5964.0,-5964.0,-334.0,1997.5,0.0,1,261,Sync,True,False,False,False,0,healthy
34.540497628,netem_baseline,-2004.0,-2004.0,-3149.0,-817.5,0.0,1,262,Sync,True,False,False,False,0,healthy
34.665504452,netem_baseline,-1145.0,-1145.0,-3149.0,-817.5,0.0,1,263,Sync,True,False,False,False,0,healthy
34.790628363,netem_baseline,-2529.0,-2529.0,-2147.0,184.5,0.0,1,264,Sync,True,False,False,False,0,healthy
34.915761053,netem_baseline,-4056.0,-4056.0,-2338.0,-6.5,0.0,1,265,Sync,True,False,False,False,0,healthy
35.040742207,netem_baseline,-1670.0,-1670.0,-2338.0,-6.5,0.0,1,266,Sync,True,False,False,False,0,healthy
35.165779472,netem_baseline,-2194.0,-2194.0,-2004.0,327.5,0.0,1,267,Sync,True,False,False,False,0,healthy
35.290876664,netem_baseline,-2577.0,-2577.0,-2004.0,327.5,0.0,1,268,Sync,True,False,False,False,0,healthy
35.415852188,netem_baseline,-2384.5,-2384.5,-2290.5,41.0,0.0,1,269,Sync,True,False,False,False,0,healthy
35.540914931,netem_baseline,-1861.5,-1861.5,-2337.5,-6.0,0.0,1,270,Sync,True,False,False,False,0,healthy
35.665955058,netem_baseline,-2385.5,-2385.5,-2099.5,232.0,0.0,1,271,Sync,True,False,False,False,0,healthy
35.791117903,netem_baseline,-3053.5,-3053.5,-2099.5,232.0,0.0,1,272,Sync,True,False,False,False,0,healthy
35.915992085,netem_baseline,-2003.5,-2003.5,-2576.5,-245.0,0.0,1,273,Sync,True,False,False,False,0,healthy
36.041080689,netem_baseline,-2862.5,-2862.5,-2576.5,-245.0,0.0,1,274,Sync,True,False,False,False,0,healthy
36.16607692,netem_baseline,-2146.5,-2146.5,-2719.5,-388.0,0.0,1,275,Sync,True,False,False,False,0,healthy
36.291201308,netem_baseline,-2625.0,-2625.0,-2433.0,-101.5,0.0,1,276,Sync,True,False,False,False,0,healthy
36.41618418,netem_baseline,-2147.0,-2147.0,-2433.0,-101.5,0.0,1,277,Sync,True,False,False,False,0,healthy
36.541182797,netem_baseline,-2195.0,-2195.0,-2290.0,41.5,0.0,1,278,Sync,True,False,False,False,0,healthy
36.666320927,netem_baseline,-2147.5,-2147.5,-2242.5,89.0,0.0,1,279,Sync,True,False,False,False,0,healthy
36.791359336,netem_baseline,-2385.0,-2385.0,-2195.0,136.5,0.0,1,280,Sync,True,False,False,False,0,healthy
36.91644231,netem_baseline,-2673.0,-2673.0,-2290.0,41.5,0.0,1,281,Sync,True,False,False,False,0,healthy
37.041475662,netem_baseline,-2003.5,-2003.5,-2481.5,-150.0,0.0,1,282,Sync,True,False,False,False,0,healthy
37.166617227,netem_baseline,-2719.5,-2719.5,-2242.5,89.0,0.0,1,283,Sync,True,False,False,False,0,healthy
37.291484252,netem_baseline,-2433.5,-2433.5,-2242.5,89.0,0.0,1,284,Sync,True,False,False,False,0,healthy
37.416570374,netem_baseline,-2434.0,-2434.0,-2338.0,-6.5,0.0,1,285,Sync,True,False,False,False,0,healthy
37.541732837,netem_baseline,-2099.0,-2099.0,-2386.0,-54.5,0.0,1,286,Sync,True,False,False,False,0,healthy
37.666773155,netem_baseline,-2624.5,-2624.5,-2242.5,89.0,0.0,1,287,Sync,True,False,False,False,0,healthy
37.791776544,netem_baseline,-1956.5,-1956.5,-2433.5,-102.0,0.0,1,288,Sync,True,False,False,False,0,healthy
37.916807892,netem_baseline,-1813.0,-1813.0,-2195.0,136.5,0.0,1,289,Sync,True,False,False,False,0,healthy
38.041905465,netem_baseline,-2863.0,-2863.0,-2004.0,327.5,0.0,1,290,Sync,True,False,False,False,0,healthy
38.16693815,netem_baseline,-2671.0,-2671.0,-2004.0,327.5,0.0,1,291,Sync,True,False,False,False,0,healthy
38.29197007,netem_baseline,-1860.5,-1860.5,-2337.5,-6.0,0.0,1,292,Sync,True,False,False,False,0,healthy
38.416991303,netem_baseline,-2099.0,-2099.0,-2099.0,232.5,0.0,1,293,Sync,True,False,False,False,0,healthy
38.542158538,netem_baseline,-16414.0,-16414.0,-2099.0,232.5,0.0,1,294,Sync,True,False,False,False,0,healthy
38.667078715,netem_baseline,4866.5,4866.5,-9256.5,-6925.0,0.0,1,295,Sync,True,False,False,False,0,healthy
38.792148424,netem_baseline,5057.5,5057.5,-9256.5,-6925.0,0.0,1,296,Sync,True,False,False,False,0,healthy
38.917157442,netem_baseline,-2862.5,-2862.5,-2099.5,232.0,0.0,1,297,Sync,True,False,False,False,0,healthy
39.042208257,netem_baseline,-1049.0,-1049.0,-2481.0,-149.5,0.0,1,298,Sync,True,False,False,False,0,healthy
39.167196378,netem_baseline,-2720.0,-2720.0,-1765.0,566.5,0.0,1,299,Sync,True,False,False,False,0,healthy
39.292242612,netem_baseline,-2147.0,-2147.0,-1765.0,566.5,0.0,1,300,Sync,True,False,False,False,0,healthy
39.417407079,netem_baseline,-3101.0,-3101.0,-1956.0,375.5,0.0,1,301,Sync,True,False,False,False,0,healthy
39.542375924,netem_baseline,-1670.5,-1670.5,-2528.5,-197.0,0.0,1,302,Sync,True,False,False,False,0,healthy
39.667393817,netem_baseline,-1670.5,-1670.5,-2528.5,-197.0,0.0,1,303,Sync,True,False,False,False,0,healthy
39.792437952,netem_baseline,-190.5,-190.5,-2099.5,232.0,0.0,1,304,Sync,True,False,False,False,0,healthy
39.917682195,netem_baseline,-3625.5,-3625.5,-2099.5,232.0,0.0,1,305,Sync,True,False,False,False,0,healthy
40.042632717,netem_baseline,-1049.5,-1049.5,-2862.5,-531.0,0.0,1,306,Sync,True,False,False,False,0,healthy
40.167716072,netem_baseline,-2434.0,-2434.0,-1956.0,375.5,0.0,1,307,Sync,True,False,False,False,0,healthy
40.29272261,netem_baseline,-3007.0,-3007.0,-1956.0,375.5,0.0,1,308,Sync,True,False,False,False,0,healthy
40.417819611,netem_baseline,-1717.5,-1717.5,-2481.5,-150.0,0.0,1,309,Sync,True,False,False,False,0,healthy
40.542796089,netem_baseline,-1908.5,-1908.5,-2099.5,232.0,0.0,1,310,Sync,True,False,False,False,0,healthy
40.66783259,netem_baseline,-1908.5,-1908.5,-2099.5,232.0,0.0,1,311,Sync,True,False,False,False,0,healthy
40.792922434,netem_baseline,-2958.0,-2958.0,-2004.0,327.5,0.0,1,312,Sync,True,False,False,False,0,healthy
40.918081939,netem_baseline,-1527.0,-1527.0,-2481.0,-149.5,0.0,1,313,Sync,True,False,False,False,0,healthy
41.043014999,netem_baseline,-2099.0,-2099.0,-2004.0,327.5,0.0,1,314,Sync,True,False,False,False,0,healthy
41.168063937,netem_baseline,-2262.0,-2262.0,-2004.0,327.5,0.0,1,315,Sync,True,False,False,False,0,healthy
41.293260397,netem_baseline,-2891.0,-2891.0,-2133.0,198.5,0.0,1,316,Sync,True,False,False,False,0,healthy
41.418210713,netem_baseline,-4029.0,-4029.0,-2133.0,198.5,0.0,1,317,Sync,True,False,False,False,0,healthy
41.543151868,netem_baseline,-1659.0,-1659.0,-3081.0,-749.5,0.0,1,318,Sync,True,False,False,False,0,healthy
41.668186619,netem_baseline,569.0,569.0,-2370.0,-38.5,0.0,1,319,Sync,True,False,False,False,0,healthy
41.793222694,netem_baseline,-3459.5,-3459.5,-900.5,1431.0,0.0,1,320,Sync,True,False,False,False,0,healthy
41.918361522,netem_baseline,-3744.5,-3744.5,-900.5,1431.0,0.0,1,321,Sync,True,False,False,False,0,healthy
42.043411044,netem_baseline,-2038.5,-2038.5,-2322.5,9.0,0.0,1,322,Sync,True,False,False,False,0,healthy
42.16847602,netem_baseline,-4360.5,-4360.5,-2180.5,151.0,0.0,1,323,Sync,True,False,False,False,0,healthy
42.293454058,netem_baseline,-806.5,-806.5,-3270.5,-939.0,0.0,1,324,Sync,True,False,False,False,0,healthy
42.418844757,netem_baseline,-6745.5,-6745.5,-3270.5,-939.0,0.0,1,325,Sync,True,False,False,False,0,healthy
42.543861229,netem_baseline,269.0,269.0,-5008.0,-2676.5,0.0,1,326,Sync,True,False,False,False,0,healthy
42.668843547,netem_baseline,-680.0,-680.0,-5008.0,-2676.5,0.0,1,327,Sync,True,False,False,False,0,healthy
42.793910898,netem_baseline,-1990.0,-1990.0,-2844.0,-512.5,0.0,1,328,Sync,True,False,False,False,0,healthy
42.918988379,netem_baseline,-3366.0,-3366.0,-2417.0,-85.5,0.0,1,329,Sync,True,False,False,False,0,healthy
43.043973051,netem_baseline,-1753.5,-1753.5,-2891.5,-560.0,0.0,1,330,Sync,True,False,False,False,0,healthy
43.169023439,netem_baseline,-2985.5,-2985.5,-2322.5,9.0,0.0,1,331,Sync,True,False,False,False,0,healthy
43.294083306,netem_baseline,-1517.0,-1517.0,-2654.0,-322.5,0.0,1,332,Sync,True,False,False,False,0,healthy
43.419242324,netem_baseline,-5403.5,-5403.5,-2085.5,246.0,0.0,1,333,Sync,True,False,False,False,0,healthy
43.544382522,netem_baseline,-2796.5,-2796.5,-3744.5,-1413.0,0.0,1,334,Sync,True,False,False,False,0,healthy
43.669326427,netem_baseline,-2132.5,-2132.5,-3270.5,-939.0,0.0,1,335,Sync,True,False,False,False,0,healthy
43.794381165,netem_baseline,-1280.5,-1280.5,-3270.5,-939.0,0.0,1,336,Sync,True,False,False,False,0,healthy
43.919361018,netem_baseline,-2464.5,-2464.5,-2275.5,56.0,0.0,1,337,Sync,True,False,False,False,0,healthy
44.044347886,netem_baseline,-2275.5,-2275.5,-2275.5,56.0,0.0,1,338,Sync,True,False,False,False,0,healthy
44.16943183,netem_baseline,-2843.5,-2843.5,-2275.5,56.0,0.0,1,339,Sync,True,False,False,False,0,healthy
44.294473294,netem_baseline,-2559.5,-2559.5,-2559.5,-228.0,0.0,1,340,Sync,True,False,False,False,0,healthy
44.419569748,netem_baseline,-2085.5,-2085.5,-2559.5,-228.0,0.0,1,341,Sync,True,False,False,False,0,healthy
46.287520256,netem_baseline,-1896.5,-1896.5,-2559.5,-228.0,0.0,1,342,Sync,True,False,False,False,0,healthy
46.412608182,netem_baseline,-2796.0,-2796.0,-2228.0,103.5,0.0,1,343,Sync,True,False,False,False,0,healthy
46.537617048,netem_baseline,-2891.0,-2891.0,-2228.0,103.5,0.0,1,344,Sync,True,False,False,False,0,healthy
46.662589986,netem_baseline,-2275.5,-2275.5,-2559.5,-228.0,0.0,1,345,Sync,True,False,False,False,0,healthy
46.787861346,netem_baseline,-3318.5,-3318.5,-2559.5,-228.0,0.0,1,346,Sync,True,False,False,False,0,healthy
46.912769726,netem_baseline,-2085.0,-2085.0,-2939.0,-607.5,0.0,1,347,Sync,True,False,False,False,0,healthy
47.03780286,netem_baseline,-2180.0,-2180.0,-2939.0,-607.5,0.0,1,348,Sync,True,False,False,False,0,healthy
47.162907755,netem_baseline,-1896.5,-1896.5,-2559.5,-228.0,0.0,1,349,Sync,True,False,False,False,0,healthy
47.287848651,netem_baseline,-2369.5,-2369.5,-2559.5,-228.0,0.0,1,350,Sync,True,False,False,False,0,healthy
47.412930037,netem_baseline,-4550.5,-4550.5,-2464.5,-133.0,0.0,1,351,Sync,True,False,False,False,0,healthy
47.538021756,netem_baseline,-2843.5,-2843.5,-3507.5,-1176.0,0.0,1,352,Sync,True,False,False,False,0,healthy
47.663101246,netem_baseline,-1611.5,-1611.5,-3507.5,-1176.0,0.0,1,353,Sync,True,False,False,False,0,healthy
47.788383033,netem_baseline,-2938.5,-2938.5,-2559.5,-228.0,0.0,1,354,Sync,True,False,False,False,0,healthy
47.913733455,netem_baseline,-18485.5,-18485.5,-2559.5,-228.0,0.0,1,355,Sync,True,False,False,False,0,healthy
48.038449017,netem_baseline,5309.5,5309.5,-10522.5,-8191.0,0.0,1,356,Sync,True,False,False,False,0,healthy
48.163512865,netem_baseline,-4124.5,-4124.5,-2606.5,-275.0,0.0,1,357,Sync,True,False,False,False,0,healthy
48.288605721,netem_baseline,-1468.5,-1468.5,-3365.5,-1034.0,0.0,1,358,Sync,True,False,False,False,0,healthy
48.413656108,netem_baseline,-1564.5,-1564.5,-3365.5,-1034.0,0.0,1,359,Sync,True,False,False,False,0,healthy
48.538660234,netem_baseline,-2180.0,-2180.0,-2465.0,-133.5,0.0,1,360,Sync,True,False,False,False,0,healthy
48.663669763,netem_baseline,-2607.5,-2607.5,-2322.5,9.0,0.0,1,361,Sync,True,False,False,False,0,healthy
48.78871797,netem_baseline,-1991.0,-1991.0,-2465.0,-133.5,0.0,1,362,Sync,True,False,False,False,0,healthy
48.913680195,netem_baseline,-2654.0,-2654.0,-2465.0,-133.5,0.0,1,363,Sync,True,False,False,False,0,healthy
49.038892497,netem_baseline,-7678.5,-7678.5,-2559.5,-228.0,0.0,1,364,Sync,True,False,False,False,0,healthy
49.163914444,netem_baseline,-569.0,-569.0,-5119.0,-2787.5,0.0,1,365,Sync,True,False,False,False,0,healthy
49.288938952,netem_baseline,-1706.0,-1706.0,-2844.0,-512.5,0.0,1,366,Sync,True,False,False,False,0,healthy
49.41397673,netem_baseline,-3129.0,-3129.0,-2275.0,56.5,0.0,1,367,Sync,True,False,False,False,0,healthy
49.539088262,netem_baseline,-1279.0,-1279.0,-2702.0,-370.5,0.0,1,368,Sync,True,False,False,False,0,healthy
49.664073049,netem_baseline,-3128.5,-3128.5,-1990.5,341.0,0.0,1,369,Sync,True,False,False,False,0,healthy
49.789167043,netem_baseline,-4076.5,-4076.5,-2559.5,-228.0,0.0,1,370,Sync,True,False,False,False,0,healthy
49.914218852,netem_baseline,-2180.5,-2180.5,-2559.5,-228.0,0.0,1,371,Sync,True,False,False,False,0,healthy
50.039222788,netem_baseline,-2559.0,-2559.0,-2370.0,-38.5,0.0,1,372,Sync,True,False,False,False,0,healthy
50.164291187,netem_baseline,-3033.5,-3033.5,-2464.5,-133.0,0.0,1,373,Sync,True,False,False,False,0,healthy
50.289396746,netem_baseline,-4266.0,-4266.0,-2749.0,-417.5,0.0,1,374,Sync,True,False,False,False,0,healthy
50.414551126,netem_baseline,-6351.0,-6351.0,-2749.0,-417.5,0.0,1,375,Sync,True,False,False,False,0,healthy
50.539557621,netem_baseline,-4930.0,-4930.0,-4550.0,-2218.5,0.0,1,376,Sync,True,False,False,False,0,healthy
50.66462583,netem_baseline,-1138.0,-1138.0,-4740.0,-2408.5,0.0,1,377,Sync,True,False,False,False,0,healthy
50.789589288,netem_baseline,-4171.0,-4171.0,-2939.0,-607.5,0.0,1,378,Sync,True,False,False,False,0,healthy
50.914708498,netem_baseline,-4265.0,-4265.0,-2939.0,-607.5,0.0,1,379,Sync,True,False,False,False,0,healthy
51.039736228,netem_baseline,-1612.0,-1612.0,-3602.0,-1270.5,0.0,1,380,Sync,True,False,False,False,0,healthy
51.164843589,netem_baseline,-2560.0,-2560.0,-3602.0,-1270.5,0.0,1,381,Sync,True,False,False,False,0,healthy
51.289886297,netem_baseline,-2986.0,-2986.0,-3081.0,-749.5,0.0,1,382,Sync,True,False,False,False,0,healthy
51.415017357,netem_baseline,-1896.5,-1896.5,-3033.5,-702.0,0.0,1,383,Sync,True,False,False,False,0,healthy
51.539949531,netem_baseline,-2275.0,-2275.0,-2465.0,-133.5,0.0,1,384,Sync,True,False,False,False,0,healthy
51.665125051,netem_baseline,-2465.0,-2465.0,-2370.0,-38.5,0.0,1,385,Sync,True,False,False,False,0,healthy
51.79044855,netem_baseline,-27302.0,-27302.0,-2370.0,-38.5,0.0,1,386,Sync,True,False,False,False,0,healthy
51.915462914,netem_baseline,8579.0,8579.0,-14836.0,-12504.5,0.0,1,387,Sync,True,False,False,False,0,healthy
52.040641277,netem_baseline,-3033.5,-3033.5,-3128.5,-797.0,0.0,1,388,Sync,True,False,False,False,0,healthy
52.165494599,netem_baseline,-1587.0,-1587.0,-3081.0,-749.5,0.0,1,389,Sync,True,False,False,False,0,healthy
52.29065233,netem_baseline,-1953.0,-1953.0,-2334.0,-2.5,0.0,1,390,Sync,True,False,False,False,0,healthy
52.415665062,netem_baseline,-2905.5,-2905.5,-2143.5,188.0,0.0,1,391,Sync,True,False,False,False,0,healthy
52.540801739,netem_baseline,-4906.5,-4906.5,-2143.5,188.0,0.0,1,392,Sync,True,False,False,False,0,healthy
52.66580018,netem_baseline,-571.0,-571.0,-3525.0,-1193.5,0.0,1,393,Sync,True,False,False,False,0,healthy
52.790808053,netem_baseline,-3573.0,-3573.0,-2048.0,283.5,0.0,1,394,Sync,True,False,False,False,0,healthy
52.915878613,netem_baseline,-3000.5,-3000.5,-2810.5,-479.0,0.0,1,395,Sync,True,False,False,False,0,healthy
53.0409869,netem_baseline,-3573.5,-3573.5,-2905.5,-574.0,0.0,1,396,Sync,True,False,False,False,0,healthy
53.166084421,netem_baseline,-4906.5,-4906.5,-2905.5,-574.0,0.0,1,397,Sync,True,False,False,False,0,healthy
53.291114111,netem_baseline,-667.0,-667.0,-3906.0,-1574.5,0.0,1,398,Sync,True,False,False,False,0,healthy
53.416118839,netem_baseline,-3715.5,-3715.5,-2286.5,45.0,0.0,1,399,Sync,True,False,False,False,0,healthy
53.54121074,netem_baseline,-2334.0,-2334.0,-3001.0,-669.5,0.0,1,400,Sync,True,False,False,False,0,healthy
53.666227949,netem_baseline,-2381.5,-2381.5,-2667.5,-336.0,0.0,1,401,Sync,True,False,False,False,0,healthy
53.791264117,netem_baseline,-1905.5,-1905.5,-2667.5,-336.0,0.0,1,402,Sync,True,False,False,False,0,healthy
53.916282374,netem_baseline,-2571.5,-2571.5,-2286.5,45.0,0.0,1,403,Sync,True,False,False,False,0,healthy
54.041426482,netem_baseline,-5620.5,-5620.5,-2286.5,45.0,0.0,1,404,Sync,True,False,False,False,0,healthy
54.166378908,netem_baseline,-905.5,-905.5,-3953.5,-1622.0,0.0,1,405,Sync,True,False,False,False,0,healthy
54.291384018,netem_baseline,-2143.5,-2143.5,-2429.5,-98.0,0.0,1,406,Sync,True,False,False,False,0,healthy
54.416453149,netem_baseline,-3334.5,-3334.5,-2286.5,45.0,0.0,1,407,Sync,True,False,False,False,0,healthy
54.541582109,netem_baseline,-2428.5,-2428.5,-2810.5,-479.0,0.0,1,408,Sync,True,False,False,False,0,healthy
54.666594936,netem_baseline,-2239.5,-2239.5,-2810.5,-479.0,0.0,1,409,Sync,True,False,False,False,0,healthy
54.79170227,netem_baseline,-1762.0,-1762.0,-2525.0,-193.5,0.0,1,410,Sync,True,False,False,False,0,healthy
54.916726339,netem_baseline,-1952.5,-1952.5,-2143.5,188.0,0.0,1,411,Sync,True,False,False,False,0,healthy
55.041813666,netem_baseline,-2811.5,-2811.5,-2143.5,188.0,0.0,1,412,Sync,True,False,False,False,0,healthy
55.166866602,netem_baseline,-2381.5,-2381.5,-2477.5,-146.0,0.0,1,413,Sync,True,False,False,False,0,healthy
55.291814645,netem_baseline,1000.5,1000.5,-2429.5,-98.0,0.0,1,414,Sync,True,False,False,False,0,healthy
55.416944463,netem_baseline,-2238.5,-2238.5,-2429.5,-98.0,0.0,1,415,Sync,True,False,False,False,0,healthy
55.54197863,netem_baseline,-3572.0,-3572.0,-2334.0,-2.5,0.0,1,416,Sync,True,False,False,False,0,healthy
55.666911145,netem_baseline,-1953.0,-1953.0,-2334.0,-2.5,0.0,1,417,Sync,True,False,False,False,0,healthy
55.792009142,netem_baseline,-2429.5,-2429.5,-2143.5,188.0,0.0,1,418,Sync,True,False,False,False,0,healthy
55.917061411,netem_baseline,-2334.5,-2334.5,-2143.5,188.0,0.0,1,419,Sync,True,False,False,False,0,healthy
56.042069283,netem_baseline,-2810.0,-2810.0,-2239.0,92.5,0.0,1,420,Sync,True,False,False,False,0,healthy
56.16714918,netem_baseline,-1762.5,-1762.5,-2524.5,-193.0,0.0,1,421,Sync,True,False,False,False,0,healthy
56.292309103,netem_baseline,-2048.5,-2048.5,-2143.5,188.0,0.0,1,422,Sync,True,False,False,False,0,healthy
56.417256575,netem_baseline,-2905.5,-2905.5,-2143.5,188.0,0.0,1,423,Sync,True,False,False,False,0,healthy
56.542381153,netem_baseline,-2810.5,-2810.5,-2524.5,-193.0,0.0,1,424,Sync,True,False,False,False,0,healthy
56.667365113,netem_baseline,-2333.5,-2333.5,-2524.5,-193.0,0.0,1,425,Sync,True,False,False,False,0,healthy
56.792435959,netem_baseline,-1762.0,-1762.0,-2429.0,-97.5,0.0,1,426,Sync,True,False,False,False,0,healthy
56.917486036,netem_baseline,-2000.5,-2000.5,-2095.5,236.0,0.0,1,427,Sync,True,False,False,False,0,healthy
57.042539828,netem_baseline,-28153.0,-28153.0,-2048.0,283.5,0.0,1,428,Sync,True,False,False,False,0,healthy
57.167516167,netem_baseline,10718.5,10718.5,-15100.5,-12769.0,0.0,1,429,Sync,True,False,False,False,0,healthy
57.29256834,netem_baseline,-1810.0,-1810.0,-2191.0,140.5,0.0,1,430,Sync,True,False,False,False,0,healthy
57.418040937,netem_baseline,-2000.5,-2000.5,-2000.5,331.0,0.0,1,431,Sync,True,False,False,False,0,healthy
57.542813113,netem_baseline,-2763.5,-2763.5,-2000.5,331.0,0.0,1,432,Sync,True,False,False,False,0,healthy
57.6678187,netem_baseline,-1905.0,-1905.0,-2382.0,-50.5,0.0,1,433,Sync,True,False,False,False,0,healthy
57.792854677,netem_baseline,-2429.5,-2429.5,-2143.5,188.0,0.0,1,434,Sync,True,False,False,False,0,healthy
57.91792257,netem_baseline,-1810.5,-1810.5,-2286.5,45.0,0.0,1,435,Sync,True,False,False,False,0,healthy
58.043030571,netem_baseline,-3477.5,-3477.5,-2048.5,283.0,0.0,1,436,Sync,True,False,False,False,0,healthy
58.168156101,netem_baseline,-2191.0,-2191.0,-2763.0,-431.5,0.0,1,437,Sync,True,False,False,False,0,healthy
58.293114053,netem_baseline,-2096.0,-2096.0,-2477.0,-145.5,0.0,1,438,Sync,True,False,False,False,0,healthy
58.418086104,netem_baseline,-2572.0,-2572.0,-2477.0,-145.5,0.0,1,439,Sync,True,False,False,False,0,healthy
58.543231451,netem_baseline,-1762.5,-1762.5,-2524.5,-193.0,0.0,1,440,Sync,True,False,False,False,0,healthy
58.66819388,netem_baseline,-1953.5,-1953.5,-2143.5,188.0,0.0,1,441,Sync,True,False,False,False,0,healthy
58.793263297,netem_baseline,-3572.5,-3572.5,-2048.5,283.0,0.0,1,442,Sync,True,False,False,False,0,healthy
58.918249829,netem_baseline,143.5,143.5,-2810.5,-479.0,0.0,1,443,Sync,True,False,False,False,0,healthy
59.043428711,netem_baseline,-3049.5,-3049.5,-1333.5,998.0,0.0,1,444,Sync,True,False,False,False,0,healthy
59.168479359,netem_baseline,-1714.5,-1714.5,-2191.5,140.0,0.0,1,445,Sync,True,False,False,False,0,healthy
59.293466082,netem_baseline,-2144.0,-2144.0,-1953.0,378.5,0.0,1,446,Sync,True,False,False,False,0,healthy
59.418483101,netem_baseline,-2143.5,-2143.5,-2048.5,283.0,0.0,1,447,Sync,True,False,False,False,0,healthy
59.543622827,netem_baseline,-2619.5,-2619.5,-2048.5,283.0,0.0,1,448,Sync,True,False,False,False,0,healthy
59.668588971,netem_baseline,-1858.0,-1858.0,-2334.0,-2.5,0.0,1,449,Sync,True,False,False,False,0,healthy
59.793633999,netem_baseline,-2382.0,-2382.0,-2096.0,235.5,0.0,1,450,Sync,True,False,False,False,0,healthy
59.91866407,netem_baseline,-2762.0,-2762.0,-2096.0,235.5,0.0,1,451,Sync,True,False,False,False,0,healthy
60.043790077,netem_baseline,-2811.0,-2811.0,-2429.0,-97.5,0.0,1,452,Sync,True,False,False,False,0,healthy
60.168744776,netem_baseline,-1757.0,-1757.0,-2620.0,-288.5,0.0,1,453,Sync,True,False,False,False,0,healthy
60.29378043,netem_baseline,-0.5,-0.5,-2188.5,143.0,0.0,1,454,Sync,True,False,False,False,0,healthy
60.418845672,netem_baseline,-3471.5,-3471.5,-1094.5,1237.0,0.0,1,455,Sync,True,False,False,False,0,healthy
60.543846029,netem_baseline,-3140.0,-3140.0,-2283.0,48.5,0.0,1,456,Sync,True,False,False,False,0,healthy
60.668953038,netem_baseline,-3377.5,-3377.5,-2711.5,-380.0,0.0,1,457,Sync,True,False,False,False,0,healthy
60.794024464,netem_baseline,-1283.5,-1283.5,-2711.5,-380.0,0.0,1,458,Sync,True,False,False,False,0,healthy
60.919063067,netem_baseline,-2949.5,-2949.5,-1997.5,334.0,0.0,1,459,Sync,True,False,False,False,0,healthy
61.044155615,netem_baseline,-2188.5,-2188.5,-2473.5,-142.0,0.0,1,460,Sync,True,False,False,False,0,healthy
61.169213817,netem_baseline,-3996.5,-3996.5,-2473.5,-142.0,0.0,1,461,Sync,True,False,False,False,0,healthy
61.294239481,netem_baseline,-1522.0,-1522.0,-3235.0,-903.5,0.0,1,462,Sync,True,False,False,False,0,healthy
61.419168483,netem_baseline,-2092.5,-2092.5,-2378.5,-47.0,0.0,1,463,Sync,True,False,False,False,0,healthy
61.544294044,netem_baseline,-2140.5,-2140.5,-2235.5,96.0,0.0,1,464,Sync,True,False,False,False,0,healthy
61.66935843,netem_baseline,-2616.5,-2616.5,-2235.5,96.0,0.0,1,465,Sync,True,False,False,False,0,healthy
61.794374771,netem_baseline,-1856.0,-1856.0,-2426.0,-94.5,0.0,1,466,Sync,True,False,False,False,0,healthy
61.919449527,netem_baseline,-2806.0,-2806.0,-2141.0,190.5,0.0,1,467,Sync,True,False,False,False,0,healthy
62.044456354,netem_baseline,-1807.5,-1807.5,-2473.5,-142.0,0.0,1,468,Sync,True,False,False,False,0,healthy
62.169483921,netem_baseline,-1331.5,-1331.5,-2473.5,-142.0,0.0,1,469,Sync,True,False,False,False,0,healthy
62.294611194,netem_baseline,-3711.5,-3711.5,-1902.5,429.0,0.0,1,470,Sync,True,False,False,False,0,healthy
62.419583485,netem_baseline,-3520.5,-3520.5,-1902.5,429.0,0.0,1,471,Sync,True,False,False,False,0,healthy
62.544607247,netem_baseline,-1189.5,-1189.5,-2711.5,-380.0,0.0,1,472,Sync,True,False,False,False,0,healthy
62.669650512,netem_baseline,-2236.5,-2236.5,-1950.5,381.0,0.0,1,473,Sync,True,False,False,False,0,healthy
62.794840292,netem_baseline,-2711.5,-2711.5,-1950.5,381.0,0.0,1,474,Sync,True,False,False,False,0,healthy
62.919769294,netem_baseline,-2045.0,-2045.0,-2331.0,0.5,0.0,1,475,Sync,True,False,False,False,0,healthy
63.045023674,netem_baseline,-5328.0,-5328.0,-2188.0,143.5,0.0,1,476,Sync,True,False,False,False,0,healthy
63.169805115,netem_baseline,48.0,48.0,-3758.0,-1426.5,0.0,1,477,Sync,True,False,False,False,0,healthy
63.294820504,netem_baseline,-1189.0,-1189.0,-3758.0,-1426.5,0.0,1,478,Sync,True,False,False,False,0,healthy
63.419987546,netem_baseline,-2378.5,-2378.5,-2473.5,-142.0,0.0,1,479,Sync,True,False,False,False,0,healthy
63.544915692,netem_baseline,-1951.0,-1951.0,-2426.0,-94.5,0.0,1,480,Sync,True,False,False,False,0,healthy
63.670004434,netem_baseline,-2045.0,-2045.0,-2426.0,-94.5,0.0,1,481,Sync,True,False,False,False,0,healthy
63.795069296,netem_baseline,-2140.5,-2140.5,-2235.5,96.0,0.0,1,482,Sync,True,False,False,False,0,healthy
63.920076503,netem_baseline,-3996.0,-3996.0,-2188.0,143.5,0.0,1,483,Sync,True,False,False,False,0,healthy
64.045161059,netem_baseline,-1094.0,-1094.0,-3092.0,-760.5,0.0,1,484,Sync,True,False,False,False,0,healthy
64.170217548,netem_baseline,-2045.0,-2045.0,-3092.0,-760.5,0.0,1,485,Sync,True,False,False,False,0,healthy
64.295243403,netem_baseline,-1998.5,-1998.5,-2568.5,-237.0,0.0,1,486,Sync,True,False,False,False,0,healthy
64.420191623,netem_baseline,-2949.5,-2949.5,-2283.5,48.0,0.0,1,487,Sync,True,False,False,False,0,healthy
64.54533136,netem_baseline,-1094.5,-1094.5,-2616.5,-285.0,0.0,1,488,Sync,True,False,False,False,0,healthy
64.670389657,netem_baseline,-2901.5,-2901.5,-1855.5,476.0,0.0,1,489,Sync,True,False,False,False,0,healthy
64.795438821,netem_baseline,-2378.5,-2378.5,-2378.5,-47.0,0.0,1,490,Sync,True,False,False,False,0,healthy
64.920600059,netem_baseline,-2759.5,-2759.5,-2378.5,-47.0,0.0,1,491,Sync,True,False,False,False,0,healthy
65.045560933,netem_baseline,-2664.0,-2664.0,-2569.0,-237.5,0.0,1,492,Sync,True,False,False,False,0,healthy
65.170614854,netem_baseline,-1854.5,-1854.5,-2616.5,-285.0,0.0,1,493,Sync,True,False,False,False,0,healthy
65.295610359,netem_baseline,-1474.5,-1474.5,-2235.5,96.0,0.0,1,494,Sync,True,False,False,False,0,healthy
65.420653053,netem_baseline,-1856.0,-1856.0,-1855.0,476.5,0.0,1,495,Sync,True,False,False,False,0,healthy
65.545763487,netem_baseline,-2901.5,-2901.5,-1855.5,476.0,0.0,1,496,Sync,True,False,False,False,0,healthy
65.670689064,netem_baseline,-1522.5,-1522.5,-2378.5,-47.0,0.0,1,497,Sync,True,False,False,False,0,healthy
65.79571254,netem_baseline,-2473.5,-2473.5,-2378.5,-47.0,0.0,1,498,Sync,True,False,False,False,0,healthy
65.920787011,netem_baseline,-1474.0,-1474.0,-2426.0,-94.5,0.0,1,499,Sync,True,False,False,False,0,healthy
66.045804303,netem_baseline,-2712.0,-2712.0,-1950.0,381.5,0.0,1,500,Sync,True,False,False,False,0,healthy
66.170959452,netem_baseline,-3473.0,-3473.0,-1950.0,381.5,0.0,1,501,Sync,True,False,False,False,0,healthy
66.29588503,netem_baseline,1474.5,1474.5,-2711.5,-380.0,0.0,1,502,Sync,True,False,False,False,0,healthy
66.420977768,netem_baseline,-1950.5,-1950.5,-2711.5,-380.0,0.0,1,503,Sync,True,False,False,False,0,healthy
66.546074025,netem_baseline,-2902.0,-2902.0,-2331.0,0.5,0.0,1,504,Sync,True,False,False,False,0,healthy
66.6711445,netem_baseline,-2044.5,-2044.5,-2616.5,-285.0,0.0,1,505,Sync,True,False,False,False,0,healthy
66.796099191,netem_baseline,-1284.5,-1284.5,-2616.5,-285.0,0.0,1,506,Sync,True,False,False,False,0,healthy
66.921114389,netem_baseline,-2426.5,-2426.5,-1950.5,381.0,0.0,1,507,Sync,True,False,False,False,0,healthy
67.046234432,netem_baseline,-2425.5,-2425.5,-1950.5,381.0,0.0,1,508,Sync,True,False,False,False,0,healthy
67.171240593,netem_baseline,-1998.0,-1998.0,-2188.0,143.5,0.0,1,509,Sync,True,False,False,False,0,healthy
67.296321914,netem_baseline,-2093.0,-2093.0,-2093.0,238.5,0.0,1,510,Sync,True,False,False,False,0,healthy
67.421330548,netem_baseline,-2759.0,-2759.0,-2093.0,238.5,0.0,1,511,Sync,True,False,False,False,0,healthy
67.546353834,netem_baseline,-2236.0,-2236.0,-2426.0,-94.5,0.0,1,512,Sync,True,False,False,False,0,healthy
67.671466646,netem_baseline,-1285.0,-1285.0,-2331.0,0.5,0.0,1,513,Sync,True,False,False,False,0,healthy
67.796561477,netem_baseline,-2807.0,-2807.0,-2331.0,0.5,0.0,1,514,Sync,True,False,False,False,0,healthy
67.921559075,netem_baseline,-1141.0,-1141.0,-2569.0,-237.5,0.0,1,515,Sync,True,False,False,False,0,healthy
68.046631453,netem_baseline,-2473.0,-2473.0,-2569.0,-237.5,0.0,1,516,Sync,True,False,False,False,0,healthy
68.171699825,netem_baseline,-2143.0,-2143.0,-2521.0,-189.5,0.0,1,517,Sync,True,False,False,False,0,healthy
68.296844864,netem_baseline,-1951.0,-1951.0,-2332.0,-0.5,0.0,1,518,Sync,True,False,False,False,0,healthy
68.421750555,netem_baseline,-1760.5,-1760.5,-2141.5,190.0,0.0,1,519,Sync,True,False,False,False,0,healthy
68.546772161,netem_baseline,-1761.0,-1761.0,-1951.0,380.5,0.0,1,520,Sync,True,False,False,False,0,healthy
68.671852485,netem_baseline,-1475.0,-1475.0,-1856.0,475.5,0.0,1,521,Sync,True,False,False,False,0,healthy
68.797341936,netem_baseline,-9374.0,-9374.0,-1856.0,475.5,0.0,1,522,Sync,True,False,False,False,0,healthy
68.922257525,netem_baseline,-1999.0,-1999.0,-5615.0,-3283.5,0.0,1,523,Sync,True,False,False,False,0,healthy
69.047108495,netem_baseline,-380.0,-380.0,-3807.0,-1475.5,0.0,1,524,Sync,True,False,False,False,0,healthy
69.172683692,netem_baseline,-7327.0,-7327.0,-3807.0,-1475.5,0.0,1,525,Sync,True,False,False,False,0,healthy
69.297227174,netem_baseline,714.0,714.0,-5567.0,-3235.5,0.0,1,526,Sync,True,False,False,False,0,healthy
69.42227124,netem_baseline,-1856.5,-1856.5,-2426.5,-95.0,0.0,1,527,Sync,True,False,False,False,0,healthy
69.547618129,netem_baseline,-3092.5,-3092.5,-2141.5,190.0,0.0,1,528,Sync,True,False,False,False,0,healthy
69.672388396,netem_baseline,-1095.0,-1095.0,-2617.0,-285.5,0.0,1,529,Sync,True,False,False,False,0,healthy
69.797844444,netem_baseline,-2998.0,-2998.0,-1856.0,475.5,0.0,1,530,Sync,True,False,False,False,0,healthy
69.922674667,netem_baseline,-2141.0,-2141.0,-1856.0,475.5,0.0,1,531,Sync,True,False,False,False,0,healthy
70.047696748,netem_baseline,-856.5,-856.5,-1998.5,333.0,0.0,1,532,Sync,True,False,False,False,0,healthy
70.172868815,netem_baseline,-3616.5,-3616.5,-1427.5,904.0,0.0,1,533,Sync,True,False,False,False,0,healthy
70.297840457,netem_baseline,-1855.0,-1855.0,-2522.0,-190.5,0.0,1,534,Sync,True,False,False,False,0,healthy
70.422961704,netem_baseline,-1284.0,-1284.0,-2522.0,-190.5,0.0,1,535,Sync,True,False,False,False,0,healthy
70.547963419,netem_baseline,380.0,380.0,-1903.0,428.5,0.0,1,536,Sync,True,False,False,False,0,healthy
70.672967229,netem_baseline,-1238.0,-1238.0,-1903.0,428.5,0.0,1,537,Sync,True,False,False,False,0,healthy
70.798178314,netem_baseline,-3187.5,-3187.5,-1570.5,761.0,0.0,1,538,Sync,True,False,False,False,0,healthy
70.923117218,netem_baseline,-951.0,-951.0,-2379.0,-47.5,0.0,1,539,Sync,True,False,False,False,0,healthy
71.048304131,netem_baseline,-4283.0,-4283.0,-2379.0,-47.5,0.0,1,540,Sync,True,False,False,False,0,healthy
71.173212677,netem_baseline,-571.0,-571.0,-3331.0,-999.5,0.0,1,541,Sync,True,False,False,False,0,healthy
71.29829519,netem_baseline,-1665.0,-1665.0,-1951.0,380.5,0.0,1,542,Sync,True,False,False,False,0,healthy
71.423457644,netem_baseline,-4330.0,-4330.0,-1951.0,380.5,0.0,1,543,Sync,True,False,False,False,0,healthy
71.548432523,netem_baseline,-3045.5,-3045.5,-3140.5,-809.0,0.0,1,544,Sync,True,False,False,False,0,healthy
71.673393126,netem_baseline,-1808.5,-1808.5,-3140.5,-809.0,0.0,1,545,Sync,True,False,False,False,0,healthy
71.7986064,netem_baseline,-2474.5,-2474.5,-2474.5,-143.0,0.0,1,546,Sync,True,False,False,False,0,healthy
71.923523226,netem_baseline,-1712.5,-1712.5,-2474.5,-143.0,0.0,1,547,Sync,True,False,False,False,0,healthy
72.048579663,netem_baseline,-1807.5,-1807.5,-2474.5,-143.0,0.0,1,548,Sync,True,False,False,False,0,healthy
72.173598604,netem_baseline,-4330.0,-4330.0,-2141.0,190.5,0.0,1,549,Sync,True,False,False,False,0,healthy
72.29858652,netem_baseline,-1903.5,-1903.5,-3235.5,-904.0,0.0,1,550,Sync,True,False,False,False,0,healthy
72.423652474,netem_baseline,-1427.5,-1427.5,-2569.5,-238.0,0.0,1,551,Sync,True,False,False,False,0,healthy
72.548869269,netem_baseline,-1332.5,-1332.5,-2569.5,-238.0,0.0,1,552,Sync,True,False,False,False,0,healthy
72.6739337,netem_baseline,-5091.0,-5091.0,-1951.0,380.5,0.0,1,553,Sync,True,False,False,False,0,healthy
72.798921807,netem_baseline,-667.0,-667.0,-3521.0,-1189.5,0.0,1,554,Sync,True,False,False,False,0,healthy
72.923967776,netem_baseline,-2474.0,-2474.0,-2094.0,237.5,0.0,1,555,Sync,True,False,False,False,0,healthy
73.048984433,netem_baseline,-1713.0,-1713.0,-2094.0,237.5,0.0,1,556,Sync,True,False,False,False,0,healthy
73.174124047,netem_baseline,-2760.5,-2760.5,-1903.5,428.0,0.0,1,557,Sync,True,False,False,False,0,healthy
73.299090836,netem_baseline,-2093.5,-2093.5,-1903.5,428.0,0.0,1,558,Sync,True,False,False,False,0,healthy
73.424176014,netem_baseline,-2283.5,-2283.5,-1998.5,333.0,0.0,1,559,Sync,True,False,False,False,0,healthy
73.549221031,netem_baseline,-2047.0,-2047.0,-2141.0,190.5,0.0,1,560,Sync,True,False,False,False,0,healthy
73.674256721,netem_baseline,-1761.0,-1761.0,-2141.0,190.5,0.0,1,561,Sync,True,False,False,False,0,healthy
73.799294886,netem_baseline,-2426.0,-2426.0,-1951.0,380.5,0.0,1,562,Sync,True,False,False,False,0,healthy
73.924219896,netem_baseline,665.5,665.5,-2188.5,143.0,0.0,1,563,Sync,True,False,False,False,0,healthy
74.049318112,netem_baseline,-1999.5,-1999.5,-2188.5,143.0,0.0,1,564,Sync,True,False,False,False,0,healthy
74.174361512,netem_baseline,-1713.0,-1713.0,-2094.0,237.5,0.0,1,565,Sync,True,False,False,False,0,healthy
74.299433176,netem_baseline,-3616.5,-3616.5,-1903.5,428.0,0.0,1,566,Sync,True,False,False,False,0,healthy
74.424491326,netem_baseline,-1427.0,-1427.0,-2760.0,-428.5,0.0,1,567,Sync,True,False,False,False,0,healthy
74.54941843,netem_baseline,-2284.5,-2284.5,-2093.5,238.0,0.0,1,568,Sync,True,False,False,False,0,healthy
74.67457565,netem_baseline,-2284.0,-2284.0,-2189.0,142.5,0.0,1,569,Sync,True,False,False,False,0,healthy
74.799609818,netem_baseline,-1855.5,-1855.5,-2236.5,95.0,0.0,1,570,Sync,True,False,False,False,0,healthy
74.924617719,netem_baseline,-2426.5,-2426.5,-2236.5,95.0,0.0,1,571,Sync,True,False,False,False,0,healthy
75.049706513,netem_baseline,-2236.5,-2236.5,-2331.5,0.0,0.0,1,572,Sync,True,False,False,False,0,healthy
75.174724122,netem_baseline,-2426.5,-2426.5,-2331.5,0.0,0.0,1,573,Sync,True,False,False,False,0,healthy
75.299778275,netem_baseline,-3521.0,-3521.0,-2379.0,-47.5,0.0,1,574,Sync,True,False,False,False,0,healthy
75.424865452,netem_baseline,-4187.0,-4187.0,-2950.0,-618.5,0.0,1,575,Sync,True,False,False,False,0,healthy
75.54997071,netem_baseline,-5472.5,-5472.5,-3568.5,-1237.0,0.0,1,576,Sync,True,False,False,False,0,healthy
75.67491266,netem_baseline,2617.5,2617.5,-4520.5,-2189.0,0.0,1,577,Sync,True,False,False,False,0,healthy
75.800088533,netem_baseline,-5805.5,-5805.5,-951.5,1380.0,0.0,1,578,Sync,True,False,False,False,0,healthy
75.92518142,netem_baseline,-1760.5,-1760.5,-3378.5,-1047.0,0.0,1,579,Sync,True,False,False,False,0,healthy
76.050252322,netem_baseline,-2094.5,-2094.5,-2569.5,-238.0,0.0,1,580,Sync,True,False,False,False,0,healthy
76.175292737,netem_baseline,-3188.0,-3188.0,-2332.0,-0.5,0.0,1,581,Sync,True,False,False,False,0,healthy
76.300272761,netem_baseline,-1856.0,-1856.0,-2332.0,-0.5,0.0,1,582,Sync,True,False,False,False,0,healthy
76.42539859,netem_baseline,-3807.0,-3807.0,-2094.0,237.5,0.0,1,583,Sync,True,False,False,False,0,healthy
76.550388608,netem_baseline,-1332.5,-1332.5,-2950.5,-619.0,0.0,1,584,Sync,True,False,False,False,0,healthy
76.675336559,netem_baseline,-143.5,-143.5,-2141.5,190.0,0.0,1,585,Sync,True,False,False,False,0,healthy
76.800433455,netem_baseline,-2046.5,-2046.5,-2141.5,190.0,0.0,1,586,Sync,True,False,False,False,0,healthy
76.925456593,netem_baseline,-2664.0,-2664.0,-2094.0,237.5,0.0,1,587,Sync,True,False,False,False,0,healthy
77.050529982,netem_baseline,-2570.0,-2570.0,-2379.0,-47.5,0.0,1,588,Sync,True,False,False,False,0,healthy
77.175551311,netem_baseline,-1998.5,-1998.5,-2474.5,-143.0,0.0,1,589,Sync,True,False,False,False,0,healthy
77.300571594,netem_baseline,-1808.5,-1808.5,-2474.5,-143.0,0.0,1,590,Sync,True,False,False,False,0,healthy
77.425763186,netem_baseline,-3664.5,-3664.5,-2141.5,190.0,0.0,1,591,Sync,True,False,False,False,0,healthy
77.550838954,netem_baseline,-1761.0,-1761.0,-2903.0,-571.5,0.0,1,592,Sync,True,False,False,False,0,healthy
77.675788334,netem_baseline,-1284.0,-1284.0,-2903.0,-571.5,0.0,1,593,Sync,True,False,False,False,0,healthy
77.80077464,netem_baseline,-2379.5,-2379.5,-2093.5,238.0,0.0,1,594,Sync,True,False,False,False,0,healthy
77.925884194,netem_baseline,-2998.5,-2998.5,-2236.5,95.0,0.0,1,595,Sync,True,False,False,False,0,healthy
78.050964245,netem_baseline,-3473.5,-3473.5,-2236.5,95.0,0.0,1,596,Sync,True,False,False,False,0,healthy
78.176053337,netem_baseline,-1618.0,-1618.0,-2855.0,-523.5,0.0,1,597,Sync,True,False,False,False,0,healthy
78.301137765,netem_baseline,237.5,237.5,-2236.5,95.0,0.0,1,598,Sync,True,False,False,False,0,healthy
78.42610932,netem_baseline,-2236.5,-2236.5,-2236.5,95.0,0.0,1,599,Sync,True,False,False,False,0,healthy
80.206965536,netem_baseline,-2427.5,-2427.5,-2236.5,95.0,0.0,1,600,Sync,True,False,False,False,0,healthy
80.331977253,netem_baseline,-1761.0,-1761.0,-2332.0,-0.5,0.0,1,601,Sync,True,False,False,False,0,healthy
80.457030561,netem_baseline,-2236.5,-2236.5,-2046.5,285.0,0.0,1,602,Sync,True,False,False,False,0,healthy
80.58208777,netem_baseline,-2045.5,-2045.5,-2046.5,285.0,0.0,1,603,Sync,True,False,False,False,0,healthy
80.707202178,netem_baseline,-2332.0,-2332.0,-2046.0,285.5,0.0,1,604,Sync,True,False,False,False,0,healthy
80.832242637,netem_baseline,-30122.0,-30122.0,-2046.0,285.5,0.0,1,605,Sync,True,False,False,False,0,healthy
80.957264252,netem_baseline,11706.0,11706.0,-16084.0,-13752.5,0.0,1,606,Sync,True,False,False,False,0,healthy
81.082339639,netem_baseline,-1427.0,-1427.0,-2189.0,142.5,0.0,1,607,Sync,True,False,False,False,0,healthy
81.207365442,netem_baseline,-2379.0,-2379.0,-2189.0,142.5,0.0,1,608,Sync,True,False,False,False,0,healthy
81.332477946,netem_baseline,-3522.0,-3522.0,-2284.0,47.5,0.0,1,609,Sync,True,False,False,False,0,healthy
81.457475007,netem_baseline,-1570.0,-1570.0,-2903.0,-571.5,0.0,1,610,Sync,True,False,False,False,0,healthy
81.582524317,netem_baseline,-3188.0,-3188.0,-2903.0,-571.5,0.0,1,611,Sync,True,False,False,False,0,healthy
81.707540412,netem_baseline,-1142.5,-1142.5,-3045.5,-714.0,0.0,1,612,Sync,True,False,False,False,0,healthy
81.832741998,netem_baseline,-5044.0,-5044.0,-2094.0,237.5,0.0,1,613,Sync,True,False,False,False,0,healthy
81.957664824,netem_baseline,-999.0,-999.0,-3569.0,-1237.5,0.0,1,614,Sync,True,False,False,False,0,healthy
82.08278104,netem_baseline,-618.0,-618.0,-3569.0,-1237.5,0.0,1,615,Sync,True,False,False,False,0,healthy
82.207757448,netem_baseline,-2855.5,-2855.5,-2093.5,238.0,0.0,1,616,Sync,True,False,False,False,0,healthy
82.332828933,netem_baseline,-3045.5,-3045.5,-2093.5,238.0,0.0,1,617,Sync,True,False,False,False,0,healthy
82.457885952,netem_baseline,-1713.5,-1713.5,-2569.5,-238.0,0.0,1,618,Sync,True,False,False,False,0,healthy
82.582926697,netem_baseline,-1808.5,-1808.5,-2569.5,-238.0,0.0,1,619,Sync,True,False,False,False,0,healthy
82.707920712,netem_baseline,-3141.0,-3141.0,-2189.0,142.5,0.0,1,620,Sync,True,False,False,False,0,healthy
82.833141237,netem_baseline,-2665.0,-2665.0,-2189.0,142.5,0.0,1,621,Sync,True,False,False,False,0,healthy
82.958159235,netem_baseline,-3188.0,-3188.0,-2427.0,-95.5,0.0,1,622,Sync,True,False,False,False,0,healthy
83.083111279,netem_baseline,-1950.5,-1950.5,-2807.5,-476.0,0.0,1,623,Sync,True,False,False,False,0,healthy
83.208159447,netem_baseline,-1761.5,-1761.5,-2807.5,-476.0,0.0,1,624,Sync,True,False,False,False,0,healthy
83.333203523,netem_baseline,-2378.5,-2378.5,-2284.5,47.0,0.0,1,625,Sync,True,False,False,False,0,healthy
83.458318597,netem_baseline,-2331.5,-2331.5,-2331.5,0.0,0.0,1,626,Sync,True,False,False,False,0,healthy
83.583325936,netem_baseline,-2522.5,-2522.5,-2331.5,0.0,0.0,1,627,Sync,True,False,False,False,0,healthy
83.708320142,netem_baseline,-1856.0,-1856.0,-2427.0,-95.5,0.0,1,628,Sync,True,False,False,False,0,healthy
83.8334513,netem_baseline,-2331.5,-2331.5,-2141.5,190.0,0.0,1,629,Sync,True,False,False,False,0,healthy
83.958433894,netem_baseline,-1665.5,-1665.5,-2236.5,95.0,0.0,1,630,Sync,True,False,False,False,0,healthy
84.083542021,netem_baseline,-2236.5,-2236.5,-2236.5,95.0,0.0,1,631,Sync,True,False,False,False,0,healthy
84.208588476,netem_baseline,-2236.5,-2236.5,-2236.5,95.0,0.0,1,632,Sync,True,False,False,False,0,healthy
84.333514633,netem_baseline,-1760.5,-1760.5,-2236.5,95.0,0.0,1,633,Sync,True,False,False,False,0,healthy
84.458668061,netem_baseline,-3140.5,-3140.5,-1998.5,333.0,0.0,1,634,Sync,True,False,False,False,0,healthy
84.583927226,netem_baseline,-4092.5,-4092.5,-2569.5,-238.0,0.0,1,635,Sync,True,False,False,False,0,healthy
84.708916959,netem_baseline,-1999.0,-1999.0,-3331.0,-999.5,0.0,1,636,Sync,True,False,False,False,0,healthy
84.833837977,netem_baseline,-1522.0,-1522.0,-2665.0,-333.5,0.0,1,637,Sync,True,False,False,False,0,healthy
84.958884146,netem_baseline,-3521.5,-3521.5,-2093.5,238.0,0.0,1,638,Sync,True,False,False,False,0,healthy
85.084033101,netem_baseline,-5234.5,-5234.5,-2093.5,238.0,0.0,1,639,Sync,True,False,False,False,0,healthy
85.209024547,netem_baseline,-1189.0,-1189.0,-3664.0,-1332.5,0.0,1,640,Sync,True,False,False,False,0,healthy
85.334171218,netem_baseline,-1951.5,-1951.5,-2426.5,-95.0,0.0,1,641,Sync,True,False,False,False,0,healthy
85.459136872,netem_baseline,-2379.0,-2379.0,-2189.0,142.5,0.0,1,642,Sync,True,False,False,False,0,healthy
85.584259369,netem_baseline,-17226.0,-17226.0,-2284.0,47.5,0.0,1,643,Sync,True,False,False,False,0,healthy
85.70922055,netem_baseline,-1999.0,-1999.0,-2284.0,47.5,0.0,1,644,Sync,True,False,False,False,0,healthy
85.834271005,netem_baseline,-2048.5,-2048.5,-2141.5,190.0,0.0,1,645,Sync,True,False,False,False,0,healthy
85.959308097,netem_baseline,-2666.0,-2666.0,-2095.0,236.5,0.0,1,646,Sync,True,False,False,False,0,healthy
86.084345569,netem_baseline,-2000.0,-2000.0,-2095.0,236.5,0.0,1,647,Sync,True,False,False,False,0,healthy
86.209375233,netem_baseline,-2427.5,-2427.5,-2047.5,284.0,0.0,1,648,Sync,True,False,False,False,0,healthy
86.334528124,netem_baseline,-2619.5,-2619.5,-2237.5,94.0,0.0,1,649,Sync,True,False,False,False,0,healthy
86.459479985,netem_baseline,-1952.5,-1952.5,-2428.5,-97.0,0.0,1,650,Sync,True,False,False,False,0,healthy
86.584611164,netem_baseline,-3046.5,-3046.5,-2190.5,141.0,0.0,1,651,Sync,True,False,False,False,0,healthy
86.709733486,netem_baseline,-2951.5,-2951.5,-2190.5,141.0,0.0,1,652,Sync,True,False,False,False,0,healthy
86.834624304,netem_baseline,-2191.0,-2191.0,-2571.0,-239.5,0.0,1,653,Sync,True,False,False,False,0,healthy
86.959755864,netem_baseline,-2381.0,-2381.0,-2381.0,-49.5,0.0,1,654,Sync,True,False,False,False,0,healthy
87.08481343,netem_baseline,-2190.0,-2190.0,-2381.0,-49.5,0.0,1,655,Sync,True,False,False,False,0,healthy
87.209963274,netem_baseline,-3333.5,-3333.5,-2285.5,46.0,0.0,1,656,Sync,True,False,False,False,0,healthy
87.334874091,netem_baseline,-1856.5,-1856.5,-2809.5,-478.0,0.0,1,657,Sync,True,False,False,False,0,healthy
87.460046314,netem_baseline,-2238.0,-2238.0,-2333.0,-1.5,0.0,1,658,Sync,True,False,False,False,0,healthy
87.585088548,netem_baseline,-3095.0,-3095.0,-2333.0,-1.5,0.0,1,659,Sync,True,False,False,False,0,healthy
87.710136591,netem_baseline,-1953.0,-1953.0,-2714.0,-382.5,0.0,1,660,Sync,True,False,False,False,0,healthy
87.835220917,netem_baseline,-2143.0,-2143.0,-2714.0,-382.5,0.0,1,661,Sync,True,False,False,False,0,healthy
87.960241438,netem_baseline,-1856.5,-1856.5,-2428.5,-97.0,0.0,1,662,Sync,True,False,False,False,0,healthy
88.085247294,netem_baseline,-1571.5,-1571.5,-2142.5,189.0,0.0,1,663,Sync,True,False,False,False,0,healthy
88.210368284,netem_baseline,-2809.0,-2809.0,-1857.0,474.5,0.0,1,664,Sync,True,False,False,False,0,healthy
0.123871186,netem_pdv,-6754.0,-6754.0,0.0,2426.0,0.0,1,0,Sync,True,True,False,False,0,H0
0.248794781,netem_pdv,-5042.0,-5042.0,0.0,2426.0,0.0,1,1,Sync,True,True,False,False,0,H0
0.374458287,netem_pdv,-3900.0,-3900.0,0.0,2426.0,0.0,1,2,Sync,True,True,False,False,0,H0
0.499825182,netem_pdv,-5232.0,-5232.0,0.0,2426.0,0.0,1,3,Sync,True,True,False,False,0,H0
0.624226805,netem_pdv,-5423.0,-5423.0,0.0,2426.0,0.0,1,4,Sync,True,True,False,False,0,H0
0.749365962,netem_pdv,-5327.0,-5327.0,0.0,2426.0,0.0,1,5,Sync,True,True,False,False,0,H0
0.874230862,netem_pdv,-5422.0,-5422.0,0.0,2426.0,0.0,1,6,Sync,True,True,False,False,0,H0
1.00037553,netem_pdv,-5137.0,-5137.0,0.0,2426.0,0.0,1,7,Sync,True,True,False,False,0,H0
1.123882373,netem_pdv,-7706.0,-7706.0,0.0,2426.0,0.0,1,8,Sync,True,True,False,False,0,H0
1.249049402,netem_pdv,-5327.0,-5327.0,0.0,2426.0,0.0,1,9,Sync,True,True,False,False,0,H0
1.374401266,netem_pdv,-5233.0,-5233.0,0.0,2426.0,0.0,1,10,Sync,True,True,False,False,0,H0
1.499140978,netem_pdv,-5898.0,-5898.0,0.0,2426.0,0.0,1,11,Sync,True,True,False,False,0,H0
1.624737133,netem_pdv,-5042.0,-5042.0,0.0,2426.0,0.0,1,12,Sync,True,True,False,False,0,H0
1.750199251,netem_pdv,-6564.0,-6564.0,0.0,2426.0,0.0,1,13,Sync,True,True,False,False,0,H0
1.874190585,netem_pdv,-19786.0,-19786.0,0.0,2426.0,0.0,1,14,Sync,True,True,False,False,0,H0
1.999311001,netem_pdv,-4566.0,-4566.0,0.0,2426.0,0.0,1,15,Sync,True,True,False,False,0,H0
2.124338762,netem_pdv,-4851.0,-4851.0,0.0,2426.0,0.0,1,16,Sync,True,True,False,False,0,H0
2.249049935,netem_pdv,-4756.0,-4756.0,0.0,2426.0,0.0,1,17,Sync,True,True,False,False,0,H0
2.374690229,netem_pdv,-5232.0,-5232.0,0.0,2426.0,0.0,1,18,Sync,True,True,False,False,0,H0
2.499918236,netem_pdv,-5232.0,-5232.0,0.0,2426.0,0.0,1,19,Sync,True,True,False,False,0,H0
2.624052358,netem_pdv,-5803.0,-5803.0,0.0,2426.0,0.0,1,20,Sync,True,True,False,False,0,H0
2.74948727,netem_pdv,-4281.0,-4281.0,0.0,2426.0,0.0,1,21,Sync,True,True,False,False,0,H0
2.874586663,netem_pdv,-5137.0,-5137.0,0.0,2426.0,0.0,1,22,Sync,True,True,False,False,0,H0
3.000401614,netem_pdv,-5042.0,-5042.0,0.0,2426.0,0.0,1,23,Sync,True,True,False,False,0,H0
3.124841003,netem_pdv,-4757.0,-4757.0,0.0,2426.0,0.0,1,24,Sync,True,True,False,False,0,H0
3.249877516,netem_pdv,-4946.0,-4946.0,0.0,2426.0,0.0,1,25,Sync,True,True,False,False,0,H0
3.375615888,netem_pdv,-6754.0,-6754.0,0.0,2426.0,0.0,1,26,Sync,True,True,False,False,0,H0
3.500410584,netem_pdv,-5612.0,-5612.0,0.0,2426.0,0.0,1,27,Sync,True,True,False,False,0,H0
3.624752086,netem_pdv,-4376.0,-4376.0,0.0,2426.0,0.0,1,28,Sync,True,True,False,False,0,H0
3.750776225,netem_pdv,-4756.0,-4756.0,0.0,2426.0,0.0,1,29,Sync,True,True,False,False,0,H0
3.875286867,netem_pdv,-5422.0,-5422.0,0.0,2426.0,0.0,1,30,Sync,True,True,False,False,0,H0
4.000325472,netem_pdv,-5613.0,-5613.0,0.0,2426.0,0.0,1,31,Sync,True,True,False,False,0,H0
4.125375684,netem_pdv,-2044.5,-2044.5,-2806.5,-380.5,0.0,1,32,Sync,True,False,False,False,0,H0
4.249818221,netem_pdv,-2618.5,-2618.5,-2425.5,0.5,0.0,1,33,Sync,True,False,False,False,0,H0
4.375177247,netem_pdv,-4330.0,-4330.0,-2522.0,-96.0,0.0,1,34,Sync,True,False,False,False,0,H0
4.501019609,netem_pdv,-3806.0,-3806.0,-3426.0,-1000.0,0.0,1,35,Sync,True,False,False,False,0,H0
4.62588759,netem_pdv,-1808.0,-1808.0,-3426.0,-1000.0,0.0,1,36,Sync,True,False,False,False,0,H0
4.750741773,netem_pdv,-2046.0,-2046.0,-2617.0,-191.0,0.0,1,37,Sync,True,False,False,False,0,H0
4.875249369,netem_pdv,-2141.5,-2141.5,-2331.5,94.5,0.0,1,38,Sync,True,False,False,False,0,H0
5.001596385,netem_pdv,-2902.5,-2902.5,-2331.5,94.5,0.0,1,39,Sync,True,False,False,False,0,H0
5.126236735,netem_pdv,-2427.0,-2427.0,-2617.0,-191.0,0.0,1,40,Sync,True,False,False,False,0,H0
5.251005651,netem_pdv,-2236.0,-2236.0,-2617.0,-191.0,0.0,1,41,Sync,True,False,False,False,0,H0
5.376003721,netem_pdv,-2522.5,-2522.5,-2426.5,-0.5,0.0,1,42,Sync,True,False,False,False,0,H0
5.501398433,netem_pdv,-2188.5,-2188.5,-2474.5,-48.5,0.0,1,43,Sync,True,False,False,False,0,H0
5.626526687,netem_pdv,-3140.5,-3140.5,-2474.5,-48.5,0.0,1,44,Sync,True,False,False,False,0,H0
5.751530467,netem_pdv,-1379.5,-1379.5,-2807.5,-381.5,0.0,1,45,Sync,True,False,False,False,0,H0
5.876168628,netem_pdv,-2569.5,-2569.5,-2093.5,332.5,0.0,1,46,Sync,True,False,False,False,0,H0
6.001558011,netem_pdv,-285.5,-285.5,-2093.5,332.5,0.0,1,47,Sync,True,False,False,False,0,H0
6.126666186,netem_pdv,-3949.5,-3949.5,-1189.5,1236.5,0.0,1,48,Sync,True,False,False,False,0,H0
6.25146603,netem_pdv,-3188.5,-3188.5,-1189.5,1236.5,0.0,1,49,Sync,True,False,False,False,0,H0
6.376947817,netem_pdv,-3711.0,-3711.0,-2189.0,237.0,0.0,1,50,Sync,True,False,False,False,0,H0
6.501219598,netem_pdv,-2284.0,-2284.0,-2189.0,237.0,0.0,1,51,Sync,True,False,False,False,0,H0
6.627010191,netem_pdv,-3759.5,-3759.5,-2236.5,189.5,0.0,1,52,Sync,True,False,False,False,0,H0
6.751393694,netem_pdv,-2331.5,-2331.5,-2236.5,189.5,0.0,1,53,Sync,True,False,False,False,0,H0
6.877263083,netem_pdv,-2760.0,-2760.0,-2284.0,142.0,0.0,1,54,Sync,True,False,False,False,0,H0
7.002106607,netem_pdv,-3188.0,-3188.0,-2522.0,-96.0,0.0,1,55,Sync,True,False,False,False,0,H0
7.126604878,netem_pdv,-2141.0,-2141.0,-2522.0,-96.0,0.0,1,56,Sync,True,False,False,False,0,H0
7.25241498,netem_pdv,-4044.5,-4044.5,-2331.5,94.5,0.0,1,57,Sync,True,False,False,False,0,H0
7.377475192,netem_pdv,-2236.5,-2236.5,-2331.5,94.5,0.0,1,58,Sync,True,False,False,False,0,H0
7.502417401,netem_pdv,-2664.0,-2664.0,-2284.0,142.0,0.0,1,59,Sync,True,False,False,False,0,H0
7.626410542,netem_pdv,-2284.0,-2284.0,-2474.0,-48.0,0.0,1,60,Sync,True,False,False,False,0,H0
7.752150223,netem_pdv,-3045.0,-3045.0,-2379.0,47.0,0.0,1,61,Sync,True,False,False,False,0,H0
7.877349374,netem_pdv,-2189.0,-2189.0,-2379.0,47.0,0.0,1,62,Sync,True,False,False,False,0,H0
8.002475725,netem_pdv,-666.0,-666.0,-2284.0,142.0,0.0,1,63,Sync,True,False,False,False,0,H0
8.12758133,netem_pdv,-238.0,-238.0,-1475.0,951.0,0.0,1,64,Sync,True,False,False,False,0,H0
8.252753169,netem_pdv,-3569.0,-3569.0,-1475.0,951.0,0.0,1,65,Sync,True,False,False,False,0,H0
8.37779254,netem_pdv,-3283.0,-3283.0,-2522.0,-96.0,0.0,1,66,Sync,True,False,False,False,0,H0
8.502138929,netem_pdv,-1951.0,-1951.0,-2522.0,-96.0,0.0,1,67,Sync,True,False,False,False,0,H0
8.627890886,netem_pdv,-2522.5,-2522.5,-2236.5,189.5,0.0,1,68,Sync,True,False,False,False,0,H0
8.752467952,netem_pdv,-4091.5,-4091.5,-2379.5,46.5,0.0,1,69,Sync,True,False,False,False,0,H0
8.877290921,netem_pdv,-3616.5,-3616.5,-3235.5,-809.5,0.0,1,70,Sync,True,False,False,False,0,H0
9.002510151,netem_pdv,-1427.0,-1427.0,-3426.0,-1000.0,0.0,1,71,Sync,True,False,False,False,0,H0
9.127612807,netem_pdv,-1237.0,-1237.0,-3426.0,-1000.0,0.0,1,72,Sync,True,False,False,False,0,H0
9.25259527,netem_pdv,-2426.5,-2426.5,-2331.5,94.5,0.0,1,73,Sync,True,False,False,False,0,H0
9.377878736,netem_pdv,-2712.5,-2712.5,-2331.5,94.5,0.0,1,74,Sync,True,False,False,False,0,H0
9.502636422,netem_pdv,-1856.0,-1856.0,-2522.0,-96.0,0.0,1,75,Sync,True,False,False,False,0,H0
9.627803218,netem_pdv,-2664.0,-2664.0,-2189.0,237.0,0.0,1,76,Sync,True,False,False,False,0,H0
9.752946603,netem_pdv,-2807.5,-2807.5,-2426.5,-0.5,0.0,1,77,Sync,True,False,False,False,0,H0
9.877769667,netem_pdv,-3092.0,-3092.0,-2617.0,-191.0,0.0,1,78,Sync,True,False,False,False,0,H0
10.002264226,netem_pdv,190.5,190.5,-2854.5,-428.5,0.0,1,79,Sync,True,False,False,False,0,H0
10.127602697,netem_pdv,-1618.5,-1618.5,-2854.5,-428.5,0.0,1,80,Sync,True,False,False,False,0,H0
10.25279138,netem_pdv,-2330.5,-2330.5,-2236.5,189.5,0.0,1,81,Sync,True,False,False,False,0,H0
10.378020126,netem_pdv,-2236.5,-2236.5,-2236.5,189.5,0.0,1,82,Sync,True,False,False,False,0,H0
10.502815498,netem_pdv,-5566.5,-5566.5,-2236.5,189.5,0.0,1,83,Sync,True,False,False,False,0,H0
10.627787684,netem_pdv,-2236.5,-2236.5,-2236.5,189.5,0.0,1,84,Sync,True,False,False,False,0,H0
10.753566667,netem_pdv,-27549.5,-27549.5,-2236.5,189.5,0.0,1,85,Sync,True,False,False,False,0,H0
10.878574634,netem_pdv,-2330.5,-2330.5,-2236.5,189.5,0.0,1,86,Sync,True,False,False,False,0,H0
11.003234968,netem_pdv,-3521.5,-3521.5,-2283.5,142.5,0.0,1,87,Sync,True,False,False,False,0,H0
11.127615616,netem_pdv,-428.5,-428.5,-2902.5,-476.5,0.0,1,88,Sync,True,False,False,False,0,H0
11.253302862,netem_pdv,-1379.5,-1379.5,-2902.5,-476.5,0.0,1,89,Sync,True,False,False,False,0,H0
11.378466136,netem_pdv,-1856.0,-1856.0,-2141.0,285.0,0.0,1,90,Sync,True,False,False,False,0,H0
11.503456403,netem_pdv,-2760.5,-2760.5,-1998.5,427.5,0.0,1,91,Sync,True,False,False,False,0,H0
11.62860407,netem_pdv,-1712.5,-1712.5,-2379.5,46.5,0.0,1,92,Sync,True,False,False,False,0,H0
11.753455398,netem_pdv,-2283.5,-2283.5,-2379.5,46.5,0.0,1,93,Sync,True,False,False,False,0,H0
11.878826605,netem_pdv,-2806.5,-2806.5,-2331.5,94.5,0.0,1,94,Sync,True,False,False,False,0,H0
12.003049376,netem_pdv,-3093.5,-3093.5,-2331.5,94.5,0.0,1,95,Sync,True,False,False,False,0,H0
12.12880495,netem_pdv,-3948.5,-3948.5,-2712.5,-286.5,0.0,1,96,Sync,True,False,False,False,0,H0
12.254029764,netem_pdv,-952.5,-952.5,-3330.5,-904.5,0.0,1,97,Sync,True,False,False,False,0,H0
12.378181593,netem_pdv,-2140.5,-2140.5,-2141.5,284.5,0.0,1,98,Sync,True,False,False,False,0,H0
12.503851488,netem_pdv,-2141.0,-2141.0,-2141.0,285.0,0.0,1,99,Sync,True,False,False,False,0,H0
12.628238484,netem_pdv,-3283.0,-3283.0,-2141.0,285.0,0.0,1,100,Sync,True,False,False,False,0,H0
12.753680635,netem_pdv,-1857.0,-1857.0,-2712.0,-286.0,0.0,1,101,Sync,True,False,False,False,0,H0
12.877987879,netem_pdv,-1476.0,-1476.0,-2712.0,-286.0,0.0,1,102,Sync,True,False,False,False,0,H0
13.003651587,netem_pdv,-1903.0,-1903.0,-2094.0,332.0,0.0,1,103,Sync,True,False,False,False,0,H0
13.129205278,netem_pdv,-3807.5,-3807.5,-1998.5,427.5,0.0,1,104,Sync,True,False,False,False,0,H0
13.25320493,netem_pdv,-1855.0,-1855.0,-2903.0,-477.0,0.0,1,105,Sync,True,False,False,False,0,H0
13.379184319,netem_pdv,-1475.0,-1475.0,-2903.0,-477.0,0.0,1,106,Sync,True,False,False,False,0,H0
13.50446687,netem_pdv,-2093.0,-2093.0,-2189.0,237.0,0.0,1,107,Sync,True,False,False,False,0,H0
13.629708402,netem_pdv,-2713.0,-2713.0,-2141.0,285.0,0.0,1,108,Sync,True,False,False,False,0,H0
13.754067228,netem_pdv,-3474.0,-3474.0,-2141.0,285.0,0.0,1,109,Sync,True,False,False,False,0,H0
13.878971,netem_pdv,-1475.5,-1475.5,-2807.5,-381.5,0.0,1,110,Sync,True,False,False,False,0,H0
14.004334826,netem_pdv,-2331.5,-2331.5,-2141.5,284.5,0.0,1,111,Sync,True,False,False,False,0,H0
14.130033081,netem_pdv,-2711.5,-2711.5,-2141.5,284.5,0.0,1,112,Sync,True,False,False,False,0,H0
14.254054527,netem_pdv,-1761.5,-1761.5,-2426.5,-0.5,0.0,1,113,Sync,True,False,False,False,0,H0
14.379197843,netem_pdv,-2569.0,-2569.0,-2094.0,332.0,0.0,1,114,Sync,True,False,False,False,0,H0
14.50443928,netem_pdv,-2236.5,-2236.5,-2331.5,94.5,0.0,1,115,Sync,True,False,False,False,0,H0
14.628709407,netem_pdv,-1904.0,-1904.0,-2284.0,142.0,0.0,1,116,Sync,True,False,False,False,0,H0
14.754427077,netem_pdv,-5329.0,-5329.0,-2094.0,332.0,0.0,1,117,Sync,True,False,False,False,0,H0
14.879590379,netem_pdv,-570.5,-570.5,-3711.5,-1285.5,0.0,1,118,Sync,True,False,False,False,0,H0
16.627892445,netem_pdv,-2047.0,-2047.0,-2141.0,285.0,0.0,1,119,Sync,True,False,False,False,0,H0
16.753052701,netem_pdv,-2854.0,-2854.0,-2094.0,332.0,0.0,1,120,Sync,True,False,False,False,0,H0
16.878214766,netem_pdv,-3046.0,-3046.0,-2474.0,-48.0,0.0,1,121,Sync,True,False,False,False,0,H0
17.002900312,netem_pdv,-2285.0,-2285.0,-2760.0,-334.0,0.0,1,122,Sync,True,False,False,False,0,H0
17.12811472,netem_pdv,-1950.5,-1950.5,-2522.5,-96.5,0.0,1,123,Sync,True,False,False,False,0,H0
17.253169433,netem_pdv,-3663.5,-3663.5,-2522.5,-96.5,0.0,1,124,Sync,True,False,False,False,0,H0
17.377938348,netem_pdv,-1285.0,-1285.0,-3093.0,-667.0,0.0,1,125,Sync,True,False,False,False,0,H0
17.503457873,netem_pdv,-3236.0,-3236.0,-2189.0,237.0,0.0,1,126,Sync,True,False,False,False,0,H0
17.628205661,netem_pdv,-1570.5,-1570.5,-2712.5,-286.5,0.0,1,127,Sync,True,False,False,False,0,H0
17.753160253,netem_pdv,-2712.5,-2712.5,-2141.5,284.5,0.0,1,128,Sync,True,False,False,False,0,H0
17.877889292,netem_pdv,-2712.0,-2712.0,-2427.0,-1.0,0.0,1,129,Sync,True,False,False,False,0,H0
18.003827663,netem_pdv,-4092.5,-4092.5,-2569.5,-143.5,0.0,1,130,Sync,True,False,False,False,0,H0
18.128546233,netem_pdv,1142.0,1142.0,-3331.0,-905.0,0.0,1,131,Sync,True,False,False,False,0,H0
18.254029879,netem_pdv,-14513.5,-14513.5,-1094.5,1331.5,0.0,1,132,Sync,True,False,False,False,0,H0
18.378260795,netem_pdv,3331.0,3331.0,-7804.0,-5378.0,0.0,1,133,Sync,True,False,False,False,0,H0
18.504122363,netem_pdv,-2712.5,-2712.5,-2236.5,189.5,0.0,1,134,Sync,True,False,False,False,0,H0
18.629621522,netem_pdv,-2379.5,-2379.5,-2474.5,-48.5,0.0,1,135,Sync,True,False,False,False,0,H0
18.754590866,netem_pdv,-2236.0,-2236.0,-2427.0,-1.0,0.0,1,136,Sync,True,False,False,False,0,H0
18.878882597,netem_pdv,-3473.5,-3473.5,-2331.5,94.5,0.0,1,137,Sync,True,False,False,False,0,H0
19.005073169,netem_pdv,-2427.5,-2427.5,-2902.5,-476.5,0.0,1,138,Sync,True,False,False,False,0,H0
19.129382316,netem_pdv,-3045.0,-3045.0,-2665.0,-239.0,0.0,1,139,Sync,True,False,False,False,0,H0
19.253647969,netem_pdv,-2379.0,-2379.0,-2665.0,-239.0,0.0,1,140,Sync,True,False,False,False,0,H0
19.380150035,netem_pdv,-1951.0,-1951.0,-2522.0,-96.0,0.0,1,141,Sync,True,False,False,False,0,H0
19.504745835,netem_pdv,-3379.0,-3379.0,-2522.0,-96.0,0.0,1,142,Sync,True,False,False,False,0,H0
19.629200592,netem_pdv,-18463.5,-18463.5,-2950.5,-524.5,0.0,1,143,Sync,True,False,False,False,0,H0
19.754592874,netem_pdv,6044.0,6044.0,-10707.0,-8281.0,0.0,1,144,Sync,True,False,False,False,0,H0
19.880094412,netem_pdv,-2236.5,-2236.5,-2331.5,94.5,0.0,1,145,Sync,True,False,False,False,0,H0
20.004103772,netem_pdv,-4093.0,-4093.0,-2284.0,142.0,0.0,1,146,Sync,True,False,False,False,0,H0
20.131023921,netem_pdv,-5425.0,-5425.0,-2284.0,142.0,0.0,1,147,Sync,True,False,False,False,0,H0
20.254261638,netem_pdv,-1284.5,-1284.5,-3854.5,-1428.5,0.0,1,148,Sync,True,False,False,False,0,H0
20.379920493,netem_pdv,-2855.5,-2855.5,-2569.5,-143.5,0.0,1,149,Sync,True,False,False,False,0,H0
20.504826263,netem_pdv,-3378.5,-3378.5,-2712.5,-286.5,0.0,1,150,Sync,True,False,False,False,0,H0
20.629419304,netem_pdv,-760.5,-760.5,-3045.5,-619.5,0.0,1,151,Sync,True,False,False,False,0,H0
20.754579275,netem_pdv,-1522.5,-1522.5,-3045.5,-619.5,0.0,1,152,Sync,True,False,False,False,0,H0
20.879178025,netem_pdv,-2475.0,-2475.0,-2284.0,142.0,0.0,1,153,Sync,True,False,False,False,0,H0
21.005713971,netem_pdv,-3806.5,-3806.5,-2379.5,46.5,0.0,1,154,Sync,True,False,False,False,0,H0
21.129382906,netem_pdv,-1666.0,-1666.0,-3093.0,-667.0,0.0,1,155,Sync,True,False,False,False,0,H0
21.255078306,netem_pdv,-5233.5,-5233.5,-2379.5,46.5,0.0,1,156,Sync,True,False,False,False,0,H0
21.380400162,netem_pdv,-857.5,-857.5,-3806.5,-1380.5,0.0,1,157,Sync,True,False,False,False,0,H0
21.504721871,netem_pdv,-1855.0,-1855.0,-2332.0,94.0,0.0,1,158,Sync,True,False,False,False,0,H0
21.630083032,netem_pdv,-1570.0,-1570.0,-2332.0,94.0,0.0,1,159,Sync,True,False,False,False,0,H0
21.755562967,netem_pdv,-3093.0,-3093.0,-1951.0,475.0,0.0,1,160,Sync,True,False,False,False,0,H0
21.880003682,netem_pdv,-2430.0,-2430.0,-1951.0,475.0,0.0,1,161,Sync,True,False,False,False,0,H0
22.005459975,netem_pdv,-2665.5,-2665.5,-2190.5,235.5,0.0,1,162,Sync,True,False,False,False,0,H0
22.129672877,netem_pdv,-2048.0,-2048.0,-2428.0,-2.0,0.0,1,163,Sync,True,False,False,False,0,H0
22.255287916,netem_pdv,-1952.0,-1952.0,-2238.0,188.0,0.0,1,164,Sync,True,False,False,False,0,H0
22.380363202,netem_pdv,-3809.0,-3809.0,-2095.0,331.0,0.0,1,165,Sync,True,False,False,False,0,H0
22.505564094,netem_pdv,-2857.0,-2857.0,-2095.0,331.0,0.0,1,166,Sync,True,False,False,False,0,H0
22.63142244,netem_pdv,-2285.0,-2285.0,-2476.0,-50.0,0.0,1,167,Sync,True,False,False,False,0,H0
22.754842093,netem_pdv,-2000.5,-2000.5,-2380.5,45.5,0.0,1,168,Sync,True,False,False,False,0,H0
22.880709772,netem_pdv,-4760.5,-4760.5,-2190.5,235.5,0.0,1,169,Sync,True,False,False,False,0,H0
23.005604696,netem_pdv,-1761.5,-1761.5,-3475.5,-1049.5,0.0,1,170,Sync,True,False,False,False,0,H0
23.129930919,netem_pdv,-1667.5,-1667.5,-3475.5,-1049.5,0.0,1,171,Sync,True,False,False,False,0,H0
23.255535483,netem_pdv,-3522.5,-3522.5,-2571.5,-145.5,0.0,1,172,Sync,True,False,False,False,0,H0
23.380827794,netem_pdv,-1524.0,-1524.0,-3047.0,-621.0,0.0,1,173,Sync,True,False,False,False,0,H0
23.505908032,netem_pdv,-2286.0,-2286.0,-3047.0,-621.0,0.0,1,174,Sync,True,False,False,False,0,H0
23.631110353,netem_pdv,-1809.5,-1809.5,-2666.5,-240.5,0.0,1,175,Sync,True,False,False,False,0,H0
23.755708356,netem_pdv,-2999.0,-2999.0,-2238.0,188.0,0.0,1,176,Sync,True,False,False,False,0,H0
23.881184838,netem_pdv,-3094.5,-3094.5,-2618.5,-192.5,0.0,1,177,Sync,True,False,False,False,0,H0
24.006398872,netem_pdv,856.5,856.5,-2856.5,-430.5,0.0,1,178,Sync,True,False,False,False,0,H0
24.130571302,netem_pdv,-2380.5,-2380.5,-2856.5,-430.5,0.0,1,179,Sync,True,False,False,False,0,H0
24.256380796,netem_pdv,-2714.5,-2714.5,-2618.5,-192.5,0.0,1,180,Sync,True,False,False,False,0,H0
24.381026795,netem_pdv,-2666.5,-2666.5,-2666.5,-240.5,0.0,1,181,Sync,True,False,False,False,0,H0
24.505321212,netem_pdv,-2189.5,-2189.5,-2666.5,-240.5,0.0,1,182,Sync,True,False,False,False,0,H0
24.631161274,netem_pdv,-1953.0,-1953.0,-2428.0,-2.0,0.0,1,183,Sync,True,False,False,False,0,H0
24.756100861,netem_pdv,-2143.0,-2143.0,-2428.0,-2.0,0.0,1,184,Sync,True,False,False,False,0,H0
24.881158339,netem_pdv,-3523.5,-3523.5,-2285.5,140.5,0.0,1,185,Sync,True,False,False,False,0,H0
25.006612347,netem_pdv,-1857.5,-1857.5,-2904.5,-478.5,0.0,1,186,Sync,True,False,False,False,0,H0
25.131559171,netem_pdv,-3475.5,-3475.5,-2904.5,-478.5,0.0,1,187,Sync,True,False,False,False,0,H0
25.256767586,netem_pdv,-6238.0,-6238.0,-3190.0,-764.0,0.0,1,188,Sync,True,False,False,False,0,H0
25.381007057,netem_pdv,-3285.0,-3285.0,-4714.0,-2288.0,0.0,1,189,Sync,True,False,False,False,0,H0
25.507234221,netem_pdv,-3904.5,-3904.5,-3999.5,-1573.5,0.0,1,190,Sync,True,False,False,False,0,H0
25.631922977,netem_pdv,-1381.0,-1381.0,-3952.0,-1526.0,0.0,1,191,Sync,True,False,False,False,0,H0
25.756482223,netem_pdv,-1714.5,-1714.5,-2666.5,-240.5,0.0,1,192,Sync,True,False,False,False,0,H0
25.881073275,netem_pdv,-4094.5,-4094.5,-2190.5,235.5,0.0,1,193,Sync,True,False,False,False,0,H0
26.006099614,netem_pdv,-2761.5,-2761.5,-2190.5,235.5,0.0,1,194,Sync,True,False,False,False,0,H0
26.13160257,netem_pdv,-3333.0,-3333.0,-2476.0,-50.0,0.0,1,195,Sync,True,False,False,False,0,H0
26.25725789,netem_pdv,-2047.5,-2047.5,-2904.5,-478.5,0.0,1,196,Sync,True,False,False,False,0,H0
26.381405846,netem_pdv,-2238.5,-2238.5,-2904.5,-478.5,0.0,1,197,Sync,True,False,False,False,0,H0
26.506818335,netem_pdv,-3236.5,-3236.5,-2571.5,-145.5,0.0,1,198,Sync,True,False,False,False,0,H0
26.631579845,netem_pdv,-1571.0,-1571.0,-2904.0,-478.0,0.0,1,199,Sync,True,False,False,False,0,H0
26.756862062,netem_pdv,-2904.5,-2904.5,-2237.5,188.5,0.0,1,200,Sync,True,False,False,False,0,H0
26.882493289,netem_pdv,-3143.0,-3143.0,-2571.0,-145.0,0.0,1,201,Sync,True,False,False,False,0,H0
27.006643912,netem_pdv,-2190.0,-2190.0,-2857.0,-431.0,0.0,1,202,Sync,True,False,False,False,0,H0
27.132389222,netem_pdv,-2142.5,-2142.5,-2523.5,-97.5,0.0,1,203,Sync,True,False,False,False,0,H0
27.257528788,netem_pdv,-2619.0,-2619.0,-2333.0,93.0,0.0,1,204,Sync,True,False,False,False,0,H0
27.381840441,netem_pdv,-1905.0,-1905.0,-2476.0,-50.0,0.0,1,205,Sync,True,False,False,False,0,H0
27.507707548,netem_pdv,-4951.0,-4951.0,-2476.0,-50.0,0.0,1,206,Sync,True,False,False,False,0,H0
27.632412017,netem_pdv,-761.5,-761.5,-3713.5,-1287.5,0.0,1,207,Sync,True,False,False,False,0,H0
27.758279409,netem_pdv,-2905.5,-2905.5,-2237.5,188.5,0.0,1,208,Sync,True,False,False,False,0,H0
27.88232271,netem_pdv,-2856.5,-2856.5,-2571.5,-145.5,0.0,1,209,Sync,True,False,False,False,0,H0
28.006700166,netem_pdv,-1618.5,-1618.5,-2571.5,-145.5,0.0,1,210,Sync,True,False,False,False,0,H0
28.132278828,netem_pdv,-2286.0,-2286.0,-2095.0,331.0,0.0,1,211,Sync,True,False,False,False,0,H0
28.25738792,netem_pdv,-3047.0,-3047.0,-2095.0,331.0,0.0,1,212,Sync,True,False,False,False,0,H0
28.382457397,netem_pdv,-2000.0,-2000.0,-2571.0,-145.0,0.0,1,213,Sync,True,False,False,False,0,H0
28.507336514,netem_pdv,-5237.5,-5237.5,-2285.5,140.5,0.0,1,214,Sync,True,False,False,False,0,H0
28.632084597,netem_pdv,-524.5,-524.5,-3761.5,-1335.5,0.0,1,215,Sync,True,False,False,False,0,H0
28.75724797,netem_pdv,-4999.0,-4999.0,-2143.0,283.0,0.0,1,216,Sync,True,False,False,False,0,H0
28.883174118,netem_pdv,-1095.0,-1095.0,-3571.0,-1145.0,0.0,1,217,Sync,True,False,False,False,0,H0
29.00755624,netem_pdv,-2333.0,-2333.0,-3571.0,-1145.0,0.0,1,218,Sync,True,False,False,False,0,H0
29.13243669,netem_pdv,-2095.0,-2095.0,-2952.0,-526.0,0.0,1,219,Sync,True,False,False,False,0,H0
29.25823609,netem_pdv,-2286.0,-2286.0,-2952.0,-526.0,0.0,1,220,Sync,True,False,False,False,0,H0
29.383139299,netem_pdv,-4143.0,-4143.0,-2619.0,-193.0,0.0,1,221,Sync,True,False,False,False,0,H0
29.507376199,netem_pdv,-2047.0,-2047.0,-3381.0,-955.0,0.0,1,222,Sync,True,False,False,False,0,H0
29.63297343,netem_pdv,-2238.0,-2238.0,-2714.0,-288.0,0.0,1,223,Sync,True,False,False,False,0,H0
29.758221745,netem_pdv,-3428.0,-3428.0,-2476.0,-50.0,0.0,1,224,Sync,True,False,False,False,0,H0
29.882820197,netem_pdv,-2090.0,-2090.0,-2952.0,-526.0,0.0,1,225,Sync,True,False,False,False,0,H0
30.008303131,netem_pdv,-3568.0,-3568.0,-2521.0,-95.0,0.0,1,226,Sync,True,False,False,False,0,H0
30.132900772,netem_pdv,-2616.0,-2616.0,-2521.0,-95.0,0.0,1,227,Sync,True,False,False,False,0,H0
30.258955541,netem_pdv,-2473.5,-2473.5,-2568.5,-142.5,0.0,1,228,Sync,True,False,False,False,0,H0
30.383375476,netem_pdv,-2521.0,-2521.0,-2521.0,-95.0,0.0,1,229,Sync,True,False,False,False,0,H0
30.508574253,netem_pdv,-5756.0,-5756.0,-2521.0,-95.0,0.0,1,230,Sync,True,False,False,False,0,H0
30.633609974,netem_pdv,-3567.0,-3567.0,-2521.0,-95.0,0.0,1,231,Sync,True,False,False,False,0,H0
30.758389602,netem_pdv,-2378.0,-2378.0,-3044.0,-618.0,0.0,1,232,Sync,True,False,False,False,0,H0
30.884090101,netem_pdv,-2426.0,-2426.0,-2711.0,-285.0,0.0,1,233,Sync,True,False,False,False,0,H0
31.008707149,netem_pdv,-1902.5,-1902.5,-2568.5,-142.5,0.0,1,234,Sync,True,False,False,False,0,H0
31.132924359,netem_pdv,-2806.5,-2806.5,-2235.5,190.5,0.0,1,235,Sync,True,False,False,False,0,H0
31.258251373,netem_pdv,-1665.0,-1665.0,-2521.0,-95.0,0.0,1,236,Sync,True,False,False,False,0,H0
31.384457116,netem_pdv,-2284.0,-2284.0,-2093.0,333.0,0.0,1,237,Sync,True,False,False,False,0,H0
31.50807243,netem_pdv,-2188.0,-2188.0,-2093.0,333.0,0.0,1,238,Sync,True,False,False,False,0,H0
31.633692258,netem_pdv,-2711.5,-2711.5,-2140.5,285.5,0.0,1,239,Sync,True,False,False,False,0,H0
31.758767744,netem_pdv,-2235.5,-2235.5,-2140.5,285.5,0.0,1,240,Sync,True,False,False,False,0,H0
31.884132525,netem_pdv,-2283.0,-2283.0,-2188.0,238.0,0.0,1,241,Sync,True,False,False,False,0,H0
32.009284402,netem_pdv,-10369.0,-10369.0,-2188.0,238.0,0.0,1,242,Sync,True,False,False,False,0,H0
32.134238405,netem_pdv,665.5,665.5,-6278.5,-3852.5,0.0,1,243,Sync,True,False,False,False,0,H0
32.258944591,netem_pdv,-1855.5,-1855.5,-2806.5,-380.5,0.0,1,244,Sync,True,False,False,False,0,H0
32.384353988,netem_pdv,-2330.5,-2330.5,-2806.5,-380.5,0.0,1,245,Sync,True,False,False,False,0,H0
32.508959335,netem_pdv,-2758.5,-2758.5,-2568.5,-142.5,0.0,1,246,Sync,True,False,False,False,0,H0
32.633962806,netem_pdv,-1807.5,-1807.5,-2568.5,-142.5,0.0,1,247,Sync,True,False,False,False,0,H0
32.759777464,netem_pdv,-23212.0,-23212.0,-2188.0,238.0,0.0,1,248,Sync,True,False,False,False,0,H0
32.883867388,netem_pdv,8419.0,8419.0,-12700.0,-10274.0,0.0,1,249,Sync,True,False,False,False,0,H0
33.010301922,netem_pdv,-2616.5,-2616.5,-2140.5,285.5,0.0,1,250,Sync,True,False,False,False,0,H0
33.134086855,netem_pdv,-1901.5,-1901.5,-2378.5,47.5,0.0,1,251,Sync,True,False,False,False,0,H0
33.259710013,netem_pdv,-2472.5,-2472.5,-2378.5,47.5,0.0,1,252,Sync,True,False,False,False,0,H0
33.384699405,netem_pdv,-3758.5,-3758.5,-2425.5,0.5,0.0,1,253,Sync,True,False,False,False,0,H0
33.509488356,netem_pdv,-1284.0,-1284.0,-3092.0,-666.0,0.0,1,254,Sync,True,False,False,False,0,H0
33.63488805,netem_pdv,-2283.0,-2283.0,-2188.0,238.0,0.0,1,255,Sync,True,False,False,False,0,H0
33.760332265,netem_pdv,-2569.0,-2569.0,-2188.0,238.0,0.0,1,256,Sync,True,False,False,False,0,H0
33.885249928,netem_pdv,-3234.5,-3234.5,-2378.5,47.5,0.0,1,257,Sync,True,False,False,False,0,H0
34.01069148,netem_pdv,-7325.5,-7325.5,-2378.5,47.5,0.0,1,258,Sync,True,False,False,False,0,H0
34.134915065,netem_pdv,190.0,190.0,-4852.0,-2426.0,0.0,1,259,Sync,True,False,False,False,0,H0
34.259723326,netem_pdv,-2045.0,-2045.0,-2331.0,95.0,0.0,1,260,Sync,True,False,False,False,0,H0
34.385153367,netem_pdv,-1902.0,-1902.0,-2188.0,238.0,0.0,1,261,Sync,True,False,False,False,0,H0
34.50965093,netem_pdv,-4900.0,-4900.0,-2045.0,381.0,0.0,1,262,Sync,True,False,False,False,0,H0
34.634896797,netem_pdv,-1379.5,-1379.5,-3472.5,-1046.5,0.0,1,263,Sync,True,False,False,False,0,H0
34.760468013,netem_pdv,-2807.0,-2807.0,-2426.0,0.0,0.0,1,264,Sync,True,False,False,False,0,H0
34.885373309,netem_pdv,-2806.0,-2806.0,-2426.0,0.0,0.0,1,265,Sync,True,False,False,False,0,H0
35.010018991,netem_pdv,-30965.0,-30965.0,-2616.0,-190.0,0.0,1,266,Sync,True,False,False,False,0,H0
35.136195243,netem_pdv,11178.5,11178.5,-16790.5,-14364.5,0.0,1,267,Sync,True,False,False,False,0,H0
35.260101754,netem_pdv,-1665.0,-1665.0,-2806.0,-380.0,0.0,1,268,Sync,True,False,False,False,0,H0
35.384945025,netem_pdv,-2521.5,-2521.5,-2235.5,190.5,0.0,1,269,Sync,True,False,False,False,0,H0
35.510487511,netem_pdv,-3329.5,-3329.5,-2378.5,47.5,0.0,1,270,Sync,True,False,False,False,0,H0
35.635328308,netem_pdv,-2854.0,-2854.0,-2854.0,-428.0,0.0,1,271,Sync,True,False,False,False,0,H0
35.760939289,netem_pdv,-1618.0,-1618.0,-2854.0,-428.0,0.0,1,272,Sync,True,False,False,False,0,H0
35.886030377,netem_pdv,-2140.0,-2140.0,-2236.0,190.0,0.0,1,273,Sync,True,False,False,False,0,H0
36.010291728,netem_pdv,-3758.0,-3758.0,-2236.0,190.0,0.0,1,274,Sync,True,False,False,False,0,H0
36.135373683,netem_pdv,-3091.0,-3091.0,-2997.0,-571.0,0.0,1,275,Sync,True,False,False,False,0,H0
36.260587966,netem_pdv,-1474.0,-1474.0,-2997.0,-571.0,0.0,1,276,Sync,True,False,False,False,0,H0
36.385896524,netem_pdv,-2615.5,-2615.5,-2235.5,190.5,0.0,1,277,Sync,True,False,False,False,0,H0
36.511563442,netem_pdv,-2045.5,-2045.5,-2425.5,0.5,0.0,1,278,Sync,True,False,False,False,0,H0
36.635483367,netem_pdv,-2711.5,-2711.5,-2235.5,190.5,0.0,1,279,Sync,True,False,False,False,0,H0
36.761259591,netem_pdv,-2473.5,-2473.5,-2473.5,-47.5,0.0,1,280,Sync,True,False,False,False,0,H0
36.886201703,netem_pdv,-2568.5,-2568.5,-2473.5,-47.5,0.0,1,281,Sync,True,False,False,False,0,H0
37.010889719,netem_pdv,-2188.5,-2188.5,-2473.5,-47.5,0.0,1,282,Sync,True,False,False,False,0,H0
37.136286274,netem_pdv,-5184.0,-5184.0,-2331.0,95.0,0.0,1,283,Sync,True,False,False,False,0,H0
37.260610697,netem_pdv,-904.5,-904.5,-3757.5,-1331.5,0.0,1,284,Sync,True,False,False,False,0,H0
37.385791684,netem_pdv,-999.5,-999.5,-3757.5,-1331.5,0.0,1,285,Sync,True,False,False,False,0,H0
37.510980472,netem_pdv,-1332.5,-1332.5,-2378.5,47.5,0.0,1,286,Sync,True,False,False,False,0,H0
37.635490116,netem_pdv,-2853.5,-2853.5,-2378.5,47.5,0.0,1,287,Sync,True,False,False,False,0,H0
37.761180437,netem_pdv,-4994.0,-4994.0,-2616.0,-190.0,0.0,1,288,Sync,True,False,False,False,0,H0
37.886170672,netem_pdv,-1951.0,-1951.0,-2616.0,-190.0,0.0,1,289,Sync,True,False,False,False,0,H0
38.01101856,netem_pdv,-4377.5,-4377.5,-2283.5,142.5,0.0,1,290,Sync,True,False,False,False,0,H0
38.136002815,netem_pdv,-1903.5,-1903.5,-3330.5,-904.5,0.0,1,291,Sync,True,False,False,False,0,H0
38.260963945,netem_pdv,-1808.5,-1808.5,-3330.5,-904.5,0.0,1,292,Sync,True,False,False,False,0,H0
38.386610335,netem_pdv,-2379.5,-2379.5,-2569.5,-143.5,0.0,1,293,Sync,True,False,False,False,0,H0
38.511242206,netem_pdv,-1807.5,-1807.5,-2569.5,-143.5,0.0,1,294,Sync,True,False,False,False,0,H0
38.636643269,netem_pdv,-2283.5,-2283.5,-2188.5,237.5,0.0,1,295,Sync,True,False,False,False,0,H0
38.761749426,netem_pdv,-2332.0,-2332.0,-2236.0,190.0,0.0,1,296,Sync,True,False,False,False,0,H0
38.886484738,netem_pdv,-3712.0,-3712.0,-2284.0,142.0,0.0,1,297,Sync,True,False,False,False,0,H0
39.012062802,netem_pdv,-1094.0,-1094.0,-2998.0,-572.0,0.0,1,298,Sync,True,False,False,False,0,H0
39.136444302,netem_pdv,-1570.0,-1570.0,-2998.0,-572.0,0.0,1,299,Sync,True,False,False,False,0,H0
39.261855072,netem_pdv,-2189.0,-2189.0,-2284.0,142.0,0.0,1,300,Sync,True,False,False,False,0,H0
39.387611183,netem_pdv,-3616.0,-3616.0,-2284.0,142.0,0.0,1,301,Sync,True,False,False,False,0,H0
39.512743129,netem_pdv,285.0,285.0,-2950.0,-524.0,0.0,1,302,Sync,True,False,False,False,0,H0
39.636869977,netem_pdv,-1428.0,-1428.0,-2950.0,-524.0,0.0,1,303,Sync,True,False,False,False,0,H0
39.762346027,netem_pdv,-2093.0,-2093.0,-2189.0,237.0,0.0,1,304,Sync,True,False,False,False,0,H0
39.887181354,netem_pdv,-2998.0,-2998.0,-2141.0,285.0,0.0,1,305,Sync,True,False,False,False,0,H0
40.011713876,netem_pdv,-2093.5,-2093.5,-2569.5,-143.5,0.0,1,306,Sync,True,False,False,False,0,H0
40.136824982,netem_pdv,-2521.5,-2521.5,-2331.5,94.5,0.0,1,307,Sync,True,False,False,False,0,H0
40.262333482,netem_pdv,-2617.5,-2617.5,-2426.5,-0.5,0.0,1,308,Sync,True,False,False,False,0,H0
40.386838788,netem_pdv,-2522.0,-2522.0,-2522.0,-96.0,0.0,1,309,Sync,True,False,False,False,0,H0
40.512773328,netem_pdv,-3663.0,-3663.0,-2522.0,-96.0,0.0,1,310,Sync,True,False,False,False,0,H0
40.637286913,netem_pdv,-1950.0,-1950.0,-2522.0,-96.0,0.0,1,311,Sync,True,False,False,False,0,H0
40.762652956,netem_pdv,-2998.0,-2998.0,-2236.0,190.0,0.0,1,312,Sync,True,False,False,False,0,H0
40.887852562,netem_pdv,-2141.0,-2141.0,-2617.0,-191.0,0.0,1,313,Sync,True,False,False,False,0,H0
41.012273555,netem_pdv,-4473.0,-4473.0,-2379.0,47.0,0.0,1,314,Sync,True,False,False,False,0,H0
41.13716347,netem_pdv,-2383.0,-2383.0,-2379.0,47.0,0.0,1,315,Sync,True,False,False,False,0,H0
41.262676894,netem_pdv,-2762.0,-2762.0,-2381.0,45.0,0.0,1,316,Sync,True,False,False,False,0,H0
41.387397617,netem_pdv,-2095.5,-2095.5,-2571.5,-145.5,0.0,1,317,Sync,True,False,False,False,0,H0
41.512502526,netem_pdv,-4617.5,-4617.5,-2333.5,92.5,0.0,1,318,Sync,True,False,False,False,0,H0
41.63753786,netem_pdv,-1381.5,-1381.5,-3475.5,-1049.5,0.0,1,319,Sync,True,False,False,False,0,H0
41.762473614,netem_pdv,-2333.5,-2333.5,-2428.5,-2.5,0.0,1,320,Sync,True,False,False,False,0,H0
41.887686304,netem_pdv,-2237.5,-2237.5,-2428.5,-2.5,0.0,1,321,Sync,True,False,False,False,0,H0
42.013070779,netem_pdv,-2048.0,-2048.0,-2333.0,93.0,0.0,1,322,Sync,True,False,False,False,0,H0
42.137437993,netem_pdv,-1999.5,-1999.5,-2190.5,235.5,0.0,1,323,Sync,True,False,False,False,0,H0
42.262386725,netem_pdv,-2095.0,-2095.0,-2095.0,331.0,0.0,1,324,Sync,True,False,False,False,0,H0
42.387909623,netem_pdv,-3143.0,-3143.0,-2095.0,331.0,0.0,1,325,Sync,True,False,False,False,0,H0
42.512495782,netem_pdv,-3666.0,-3666.0,-2619.0,-193.0,0.0,1,326,Sync,True,False,False,False,0,H0
42.637316285,netem_pdv,-1381.0,-1381.0,-2619.0,-193.0,0.0,1,327,Sync,True,False,False,False,0,H0
42.76354235,netem_pdv,-2857.0,-2857.0,-2000.0,426.0,0.0,1,328,Sync,True,False,False,False,0,H0
42.887862145,netem_pdv,-2713.5,-2713.5,-2428.5,-2.5,0.0,1,329,Sync,True,False,False,False,0,H0
43.013495354,netem_pdv,-3094.5,-3094.5,-2428.5,-2.5,0.0,1,330,Sync,True,False,False,False,0,H0
43.138487932,netem_pdv,-1905.5,-1905.5,-2761.5,-335.5,0.0,1,331,Sync,True,False,False,False,0,H0
43.262991335,netem_pdv,-2428.5,-2428.5,-2333.5,92.5,0.0,1,332,Sync,True,False,False,False,0,H0
43.388494741,netem_pdv,-1904.0,-1904.0,-2381.0,45.0,0.0,1,333,Sync,True,False,False,False,0,H0
43.512510947,netem_pdv,-2285.0,-2285.0,-2381.0,45.0,0.0,1,334,Sync,True,False,False,False,0,H0
43.638483408,netem_pdv,-2333.0,-2333.0,-2333.0,93.0,0.0,1,335,Sync,True,False,False,False,0,H0
43.763806541,netem_pdv,-2619.0,-2619.0,-2333.0,93.0,0.0,1,336,Sync,True,False,False,False,0,H0
43.888415159,netem_pdv,-2476.0,-2476.0,-2476.0,-50.0,0.0,1,337,Sync,True,False,False,False,0,H0
44.013837812,netem_pdv,-2286.0,-2286.0,-2476.0,-50.0,0.0,1,338,Sync,True,False,False,False,0,H0
44.138764035,netem_pdv,-5809.0,-5809.0,-2381.0,45.0,0.0,1,339,Sync,True,False,False,False,0,H0
44.263461486,netem_pdv,95.0,95.0,-4095.0,-1669.0,0.0,1,340,Sync,True,False,False,False,0,H0
44.388544118,netem_pdv,-2952.0,-2952.0,-2000.0,426.0,0.0,1,341,Sync,True,False,False,False,0,H0
44.513658147,netem_pdv,-2285.0,-2285.0,-2476.0,-50.0,0.0,1,342,Sync,True,False,False,False,0,H0
44.638816575,netem_pdv,-3143.5,-3143.5,-2380.5,45.5,0.0,1,343,Sync,True,False,False,False,0,H0
44.764557479,netem_pdv,-1810.5,-1810.5,-2380.5,45.5,0.0,1,344,Sync,True,False,False,False,0,H0
44.88925419,netem_pdv,-2380.5,-2380.5,-2095.5,330.5,0.0,1,345,Sync,True,False,False,False,0,H0
45.013955664,netem_pdv,-19045.5,-19045.5,-2095.5,330.5,0.0,1,346,Sync,True,False,False,False,0,H0
45.13970928,netem_pdv,4856.5,4856.5,-10570.5,-8144.5,0.0,1,347,Sync,True,False,False,False,0,H0
45.265005461,netem_pdv,-2095.0,-2095.0,-2857.0,-431.0,0.0,1,348,Sync,True,False,False,False,0,H0
45.389979295,netem_pdv,-1810.0,-1810.0,-2857.0,-431.0,0.0,1,349,Sync,True,False,False,False,0,H0
45.515089408,netem_pdv,-2998.5,-2998.5,-2333.5,92.5,0.0,1,350,Sync,True,False,False,False,0,H0
45.639012859,netem_pdv,-3239.0,-3239.0,-2666.0,-240.0,0.0,1,351,Sync,True,False,False,False,0,H0
45.765128007,netem_pdv,-1619.0,-1619.0,-2666.0,-240.0,0.0,1,352,Sync,True,False,False,False,0,H0
45.888841214,netem_pdv,-2806.5,-2806.5,-2142.5,283.5,0.0,1,353,Sync,True,False,False,False,0,H0
46.014181462,netem_pdv,-2382.5,-2382.5,-2474.5,-48.5,0.0,1,354,Sync,True,False,False,False,0,H0
46.140396621,netem_pdv,-2142.5,-2142.5,-2428.5,-2.5,0.0,1,355,Sync,True,False,False,False,0,H0
46.264894015,netem_pdv,-4666.5,-4666.5,-2285.5,140.5,0.0,1,356,Sync,True,False,False,False,0,H0
46.389445206,netem_pdv,-2285.5,-2285.5,-2285.5,140.5,0.0,1,357,Sync,True,False,False,False,0,H0
46.51486962,netem_pdv,-2761.5,-2761.5,-2285.5,140.5,0.0,1,358,Sync,True,False,False,False,0,H0
46.639330365,netem_pdv,-1000.5,-1000.5,-2523.5,-97.5,0.0,1,359,Sync,True,False,False,False,0,H0
46.764668869,netem_pdv,-4904.0,-4904.0,-1762.0,664.0,0.0,1,360,Sync,True,False,False,False,0,H0
46.890187581,netem_pdv,-2999.0,-2999.0,-1762.0,664.0,0.0,1,361,Sync,True,False,False,False,0,H0
47.01500838,netem_pdv,-2762.5,-2762.5,-2380.5,45.5,0.0,1,362,Sync,True,False,False,False,0,H0
47.139916308,netem_pdv,-2380.5,-2380.5,-2571.5,-145.5,0.0,1,363,Sync,True,False,False,False,0,H0
47.26436324,netem_pdv,-3619.0,-3619.0,-2476.0,-50.0,0.0,1,364,Sync,True,False,False,False,0,H0
47.390816996,netem_pdv,-2000.0,-2000.0,-2476.0,-50.0,0.0,1,365,Sync,True,False,False,False,0,H0
47.515570572,netem_pdv,-3190.0,-3190.0,-2238.0,188.0,0.0,1,366,Sync,True,False,False,False,0,H0
47.640182534,netem_pdv,-1857.0,-1857.0,-2714.0,-288.0,0.0,1,367,Sync,True,False,False,False,0,H0
47.766133316,netem_pdv,-9476.0,-9476.0,-2714.0,-288.0,0.0,1,368,Sync,True,False,False,False,0,H0
47.890524719,netem_pdv,1428.0,1428.0,-6095.0,-3669.0,0.0,1,369,Sync,True,False,False,False,0,H0
48.016020322,netem_pdv,1714.0,1714.0,-6095.0,-3669.0,0.0,1,370,Sync,True,False,False,False,0,H0
48.14026488,netem_pdv,-3523.5,-3523.5,-2190.5,235.5,0.0,1,371,Sync,True,False,False,False,0,H0
48.265737248,netem_pdv,-3142.0,-3142.0,-2857.0,-431.0,0.0,1,372,Sync,True,False,False,False,0,H0
48.390502314,netem_pdv,-714.5,-714.5,-2999.5,-573.5,0.0,1,373,Sync,True,False,False,False,0,H0
48.514734983,netem_pdv,-1666.5,-1666.5,-2999.5,-573.5,0.0,1,374,Sync,True,False,False,False,0,H0
48.641137032,netem_pdv,-1857.0,-1857.0,-2333.0,93.0,0.0,1,375,Sync,True,False,False,False,0,H0
50.409313222,netem_pdv,-2619.0,-2619.0,-2333.0,93.0,0.0,1,376,Sync,True,False,False,False,0,H0
50.535063368,netem_pdv,-1762.0,-1762.0,-2333.0,93.0,0.0,1,377,Sync,True,False,False,False,0,H0
50.659784361,netem_pdv,-2523.5,-2523.5,-2047.5,378.5,0.0,1,378,Sync,True,False,False,False,0,H0
50.784708862,netem_pdv,-2809.5,-2809.5,-2047.5,378.5,0.0,1,379,Sync,True,False,False,False,0,H0
50.909916672,netem_pdv,-3666.5,-3666.5,-2428.5,-2.5,0.0,1,380,Sync,True,False,False,False,0,H0
51.034891454,netem_pdv,-2523.5,-2523.5,-2428.5,-2.5,0.0,1,381,Sync,True,False,False,False,0,H0
51.160191638,netem_pdv,-2000.0,-2000.0,-2476.0,-50.0,0.0,1,382,Sync,True,False,False,False,0,H0
51.285573624,netem_pdv,-2666.0,-2666.0,-2476.0,-50.0,0.0,1,383,Sync,True,False,False,False,0,H0
51.410757055,netem_pdv,-3143.0,-3143.0,-2571.0,-145.0,0.0,1,384,Sync,True,False,False,False,0,H0
51.536005338,netem_pdv,-2000.0,-2000.0,-2571.0,-145.0,0.0,1,385,Sync,True,False,False,False,0,H0
51.660193043,netem_pdv,-2000.5,-2000.5,-2285.5,140.5,0.0,1,386,Sync,True,False,False,False,0,H0
51.785661975,netem_pdv,524.0,524.0,-2143.0,283.0,0.0,1,387,Sync,True,False,False,False,0,H0
51.910172605,netem_pdv,-2619.0,-2619.0,-2143.0,283.0,0.0,1,388,Sync,True,False,False,False,0,H0
52.035584684,netem_pdv,-2762.0,-2762.0,-2381.0,45.0,0.0,1,389,Sync,True,False,False,False,0,H0
52.160447285,netem_pdv,-1999.5,-1999.5,-2571.5,-145.5,0.0,1,390,Sync,True,False,False,False,0,H0
52.285693854,netem_pdv,-2094.5,-2094.5,-2571.5,-145.5,0.0,1,391,Sync,True,False,False,False,0,H0
52.410640353,netem_pdv,-4428.0,-4428.0,-2333.0,93.0,0.0,1,392,Sync,True,False,False,False,0,H0
52.53548286,netem_pdv,-3381.5,-3381.5,-3380.5,-954.5,0.0,1,393,Sync,True,False,False,False,0,H0
52.661216531,netem_pdv,-1000.0,-1000.0,-3381.0,-955.0,0.0,1,394,Sync,True,False,False,False,0,H0
52.786145412,netem_pdv,-2285.5,-2285.5,-2190.5,235.5,0.0,1,395,Sync,True,False,False,False,0,H0
52.911066294,netem_pdv,-3381.0,-3381.0,-2238.0,188.0,0.0,1,396,Sync,True,False,False,False,0,H0
53.036452851,netem_pdv,-1761.5,-1761.5,-2809.5,-383.5,0.0,1,397,Sync,True,False,False,False,0,H0
53.160946721,netem_pdv,-1761.5,-1761.5,-2809.5,-383.5,0.0,1,398,Sync,True,False,False,False,0,H0
53.28561591,netem_pdv,952.5,952.5,-2285.5,140.5,0.0,1,399,Sync,True,False,False,False,0,H0
53.411675363,netem_pdv,-3714.5,-3714.5,-2285.5,140.5,0.0,1,400,Sync,True,False,False,False,0,H0
53.536175042,netem_pdv,-4333.0,-4333.0,-3000.0,-574.0,0.0,1,401,Sync,True,False,False,False,0,H0
53.661397804,netem_pdv,-618.5,-618.5,-3666.5,-1240.5,0.0,1,402,Sync,True,False,False,False,0,H0
53.78642001,netem_pdv,-3095.5,-3095.5,-2142.5,283.5,0.0,1,403,Sync,True,False,False,False,0,H0
53.910891692,netem_pdv,-1952.5,-1952.5,-2142.5,283.5,0.0,1,404,Sync,True,False,False,False,0,H0
54.036422999,netem_pdv,-3857.5,-3857.5,-2047.5,378.5,0.0,1,405,Sync,True,False,False,False,0,H0
54.161035335,netem_pdv,-1332.5,-1332.5,-2952.5,-526.5,0.0,1,406,Sync,True,False,False,False,0,H0
54.285816609,netem_pdv,-2904.5,-2904.5,-2142.5,283.5,0.0,1,407,Sync,True,False,False,False,0,H0
54.412380782,netem_pdv,-2428.5,-2428.5,-2142.5,283.5,0.0,1,408,Sync,True,False,False,False,0,H0
54.535913114,netem_pdv,-2857.5,-2857.5,-2285.5,140.5,0.0,1,409,Sync,True,False,False,False,0,H0
54.661568887,netem_pdv,-2665.5,-2665.5,-2571.5,-145.5,0.0,1,410,Sync,True,False,False,False,0,H0
54.786517099,netem_pdv,-1904.5,-1904.5,-2571.5,-145.5,0.0,1,411,Sync,True,False,False,False,0,H0
54.911790999,netem_pdv,-2714.0,-2714.0,-2238.0,188.0,0.0,1,412,Sync,True,False,False,False,0,H0
55.037014332,netem_pdv,-4809.0,-4809.0,-2238.0,188.0,0.0,1,413,Sync,True,False,False,False,0,H0
55.162170909,netem_pdv,-761.5,-761.5,-3523.5,-1097.5,0.0,1,414,Sync,True,False,False,False,0,H0
55.286437845,netem_pdv,-1904.5,-1904.5,-3523.5,-1097.5,0.0,1,415,Sync,True,False,False,False,0,H0
55.412285126,netem_pdv,-1000.0,-1000.0,-2714.0,-288.0,0.0,1,416,Sync,True,False,False,False,0,H0
55.536332703,netem_pdv,-1571.0,-1571.0,-2714.0,-288.0,0.0,1,417,Sync,True,False,False,False,0,H0
55.662303545,netem_pdv,-2524.5,-2524.5,-2142.5,283.5,0.0,1,418,Sync,True,False,False,False,0,H0
55.786913779,netem_pdv,-2047.5,-2047.5,-2142.5,283.5,0.0,1,419,Sync,True,False,False,False,0,H0
55.911874735,netem_pdv,-2190.0,-2190.0,-2095.0,331.0,0.0,1,420,Sync,True,False,False,False,0,H0
56.036540202,netem_pdv,-2428.5,-2428.5,-2142.5,283.5,0.0,1,421,Sync,True,False,False,False,0,H0
56.162589891,netem_pdv,-3428.5,-3428.5,-2285.5,140.5,0.0,1,422,Sync,True,False,False,False,0,H0
56.28714956,netem_pdv,-3142.5,-3142.5,-2285.5,140.5,0.0,1,423,Sync,True,False,False,False,0,H0
56.412260119,netem_pdv,-1571.0,-1571.0,-2714.0,-288.0,0.0,1,424,Sync,True,False,False,False,0,H0
56.53772159,netem_pdv,-3380.5,-3380.5,-2142.5,283.5,0.0,1,425,Sync,True,False,False,False,0,H0
56.662126895,netem_pdv,-3571.5,-3571.5,-2142.5,283.5,0.0,1,426,Sync,True,False,False,False,0,H0
56.787231263,netem_pdv,-1048.0,-1048.0,-2857.0,-431.0,0.0,1,427,Sync,True,False,False,False,0,H0
56.911998718,netem_pdv,-2427.5,-2427.5,-1952.5,473.5,0.0,1,428,Sync,True,False,False,False,0,H0
57.037373532,netem_pdv,-3094.5,-3094.5,-1952.5,473.5,0.0,1,429,Sync,True,False,False,False,0,H0
57.162750632,netem_pdv,-7094.5,-7094.5,-2523.5,-97.5,0.0,1,430,Sync,True,False,False,False,0,H0
57.287928135,netem_pdv,47.0,47.0,-4809.0,-2383.0,0.0,1,431,Sync,True,False,False,False,0,H0
57.412411812,netem_pdv,-1523.0,-1523.0,-2381.0,45.0,0.0,1,432,Sync,True,False,False,False,0,H0
57.537839097,netem_pdv,-2904.0,-2904.0,-1952.0,474.0,0.0,1,433,Sync,True,False,False,False,0,H0
57.663431124,netem_pdv,-3285.0,-3285.0,-1952.0,474.0,0.0,1,434,Sync,True,False,False,False,0,H0
57.788457407,netem_pdv,-2238.5,-2238.5,-2618.5,-192.5,0.0,1,435,Sync,True,False,False,False,0,H0
57.913739755,netem_pdv,-2999.5,-2999.5,-2428.5,-2.5,0.0,1,436,Sync,True,False,False,False,0,H0
58.038124682,netem_pdv,-2333.0,-2333.0,-2714.0,-288.0,0.0,1,437,Sync,True,False,False,False,0,H0
58.163646527,netem_pdv,-6617.5,-6617.5,-2523.5,-97.5,0.0,1,438,Sync,True,False,False,False,0,H0
58.289172276,netem_pdv,-666.5,-666.5,-4570.5,-2144.5,0.0,1,439,Sync,True,False,False,False,0,H0
58.412406,netem_pdv,428.5,428.5,-2618.5,-192.5,0.0,1,440,Sync,True,False,False,False,0,H0
58.539259694,netem_pdv,-2047.5,-2047.5,-2618.5,-192.5,0.0,1,441,Sync,True,False,False,False,0,H0
58.663384364,netem_pdv,-5190.0,-5190.0,-2333.0,93.0,0.0,1,442,Sync,True,False,False,False,0,H0
58.788597102,netem_pdv,-809.5,-809.5,-3761.5,-1335.5,0.0,1,443,Sync,True,False,False,False,0,H0
58.91374099,netem_pdv,-3332.5,-3332.5,-2285.5,140.5,0.0,1,444,Sync,True,False,False,False,0,H0
59.038019738,netem_pdv,-5286.0,-5286.0,-2809.0,-383.0,0.0,1,445,Sync,True,False,False,False,0,H0
59.163817933,netem_pdv,-1856.5,-1856.5,-4047.5,-1621.5,0.0,1,446,Sync,True,False,False,False,0,H0
59.288832026,netem_pdv,-2666.0,-2666.0,-2952.0,-526.0,0.0,1,447,Sync,True,False,False,False,0,H0
59.413653855,netem_pdv,-857.0,-857.0,-2952.0,-526.0,0.0,1,448,Sync,True,False,False,False,0,H0
59.538414072,netem_pdv,-2571.5,-2571.5,-1904.5,521.5,0.0,1,449,Sync,True,False,False,False,0,H0
59.66365395,netem_pdv,-3094.0,-3094.0,-2238.0,188.0,0.0,1,450,Sync,True,False,False,False,0,H0
59.788787934,netem_pdv,-1429.0,-1429.0,-2666.0,-240.0,0.0,1,451,Sync,True,False,False,False,0,H0
59.913682231,netem_pdv,-2762.0,-2762.0,-2666.0,-240.0,0.0,1,452,Sync,True,False,False,False,0,H0
60.038384265,netem_pdv,-2904.0,-2904.0,-2714.0,-288.0,0.0,1,453,Sync,True,False,False,False,0,H0
60.163910966,netem_pdv,-2714.0,-2714.0,-2809.0,-383.0,0.0,1,454,Sync,True,False,False,False,0,H0
60.28883745,netem_pdv,-2429.0,-2429.0,-2809.0,-383.0,0.0,1,455,Sync,True,False,False,False,0,H0
60.41390011,netem_pdv,-1475.0,-1475.0,-2619.0,-193.0,0.0,1,456,Sync,True,False,False,False,0,H0
60.539592602,netem_pdv,-3190.0,-3190.0,-2047.0,379.0,0.0,1,457,Sync,True,False,False,False,0,H0
60.663566147,netem_pdv,-2810.0,-2810.0,-2047.0,379.0,0.0,1,458,Sync,True,False,False,False,0,H0
60.788163335,netem_pdv,-4523.5,-4523.5,-2428.5,-2.5,0.0,1,459,Sync,True,False,False,False,0,H0
60.913614426,netem_pdv,-1571.0,-1571.0,-3476.0,-1050.0,0.0,1,460,Sync,True,False,False,False,0,H0
61.039406431,netem_pdv,-2809.5,-2809.5,-2523.5,-97.5,0.0,1,461,Sync,True,False,False,False,0,H0
61.164066564,netem_pdv,-2809.5,-2809.5,-2523.5,-97.5,0.0,1,462,Sync,True,False,False,False,0,H0
61.288854302,netem_pdv,-1999.5,-1999.5,-2666.5,-240.5,0.0,1,463,Sync,True,False,False,False,0,H0
61.414367958,netem_pdv,-1857.0,-1857.0,-2333.0,93.0,0.0,1,464,Sync,True,False,False,False,0,H0
61.539017902,netem_pdv,-2571.0,-2571.0,-2095.0,331.0,0.0,1,465,Sync,True,False,False,False,0,H0
61.66468754,netem_pdv,-4142.0,-4142.0,-2333.0,93.0,0.0,1,466,Sync,True,False,False,False,0,H0
61.789105225,netem_pdv,-2952.5,-2952.5,-3237.5,-811.5,0.0,1,467,Sync,True,False,False,False,0,H0
61.914314153,netem_pdv,-2618.0,-2618.0,-3095.0,-669.0,0.0,1,468,Sync,True,False,False,False,0,H0
62.039216449,netem_pdv,-999.0,-999.0,-3095.0,-669.0,0.0,1,469,Sync,True,False,False,False,0,H0
62.165443738,netem_pdv,-4524.0,-4524.0,-2047.0,379.0,0.0,1,470,Sync,True,False,False,False,0,H0
62.290284137,netem_pdv,-2047.5,-2047.5,-3285.5,-859.5,0.0,1,471,Sync,True,False,False,False,0,H0
62.414674777,netem_pdv,-47.5,-47.5,-3285.5,-859.5,0.0,1,472,Sync,True,False,False,False,0,H0
62.540300706,netem_pdv,-21569.5,-21569.5,-1666.5,759.5,0.0,1,473,Sync,True,False,False,False,0,H0
62.665436785,netem_pdv,7238.0,7238.0,-11618.0,-9192.0,0.0,1,474,Sync,True,False,False,False,0,H0
62.789928652,netem_pdv,-3715.0,-3715.0,-2190.0,236.0,0.0,1,475,Sync,True,False,False,False,0,H0
62.914453181,netem_pdv,-1428.5,-1428.5,-2952.5,-526.5,0.0,1,476,Sync,True,False,False,False,0,H0
63.040378409,netem_pdv,-3332.5,-3332.5,-2952.5,-526.5,0.0,1,477,Sync,True,False,False,False,0,H0
63.164837994,netem_pdv,-2094.5,-2094.5,-3142.5,-716.5,0.0,1,478,Sync,True,False,False,False,0,H0
63.291050808,netem_pdv,-3571.5,-3571.5,-2618.5,-192.5,0.0,1,479,Sync,True,False,False,False,0,H0
63.415719322,netem_pdv,-809.0,-809.0,-3095.0,-669.0,0.0,1,480,Sync,True,False,False,False,0,H0
63.540042567,netem_pdv,-2614.0,-2614.0,-1952.0,474.0,0.0,1,481,Sync,True,False,False,False,0,H0
63.665789252,netem_pdv,-2568.0,-2568.0,-2283.0,143.0,0.0,1,482,Sync,True,False,False,False,0,H0
63.790083455,netem_pdv,-2474.0,-2474.0,-2283.0,143.0,0.0,1,483,Sync,True,False,False,False,0,H0
63.914987933,netem_pdv,-570.5,-570.5,-2378.5,47.5,0.0,1,484,Sync,True,False,False,False,0,H0
64.040044718,netem_pdv,-2282.5,-2282.5,-2378.5,47.5,0.0,1,485,Sync,True,False,False,False,0,H0
64.164849021,netem_pdv,-2045.5,-2045.5,-2330.5,95.5,0.0,1,486,Sync,True,False,False,False,0,H0
64.290924293,netem_pdv,-2949.0,-2949.0,-2188.0,238.0,0.0,1,487,Sync,True,False,False,False,0,H0
64.416116737,netem_pdv,-3139.0,-3139.0,-2188.0,238.0,0.0,1,488,Sync,True,False,False,False,0,H0
64.540359569,netem_pdv,-2187.5,-2187.5,-2663.5,-237.5,0.0,1,489,Sync,True,False,False,False,0,H0
64.665375827,netem_pdv,-2141.5,-2141.5,-2425.5,0.5,0.0,1,490,Sync,True,False,False,False,0,H0
64.791033278,netem_pdv,-2663.5,-2663.5,-2283.5,142.5,0.0,1,491,Sync,True,False,False,False,0,H0
64.915739215,netem_pdv,-3424.5,-3424.5,-2473.5,-47.5,0.0,1,492,Sync,True,False,False,False,0,H0
65.040909302,netem_pdv,-5232.0,-5232.0,-2949.0,-523.0,0.0,1,493,Sync,True,False,False,False,0,H0
65.165629794,netem_pdv,-190.5,-190.5,-4090.5,-1664.5,0.0,1,494,Sync,True,False,False,False,0,H0
65.29067345,netem_pdv,-2425.5,-2425.5,-2140.5,285.5,0.0,1,495,Sync,True,False,False,False,0,H0
65.416729601,netem_pdv,-3425.0,-3425.0,-2283.0,143.0,0.0,1,496,Sync,True,False,False,False,0,H0
65.54081204,netem_pdv,-3140.0,-3140.0,-2283.0,143.0,0.0,1,497,Sync,True,False,False,False,0,H0
65.666026459,netem_pdv,-2330.5,-2330.5,-2711.5,-285.5,0.0,1,498,Sync,True,False,False,False,0,H0
65.791302429,netem_pdv,-1949.5,-1949.5,-2711.5,-285.5,0.0,1,499,Sync,True,False,False,False,0,H0
65.915853014,netem_pdv,-1950.5,-1950.5,-2330.5,95.5,0.0,1,500,Sync,True,False,False,False,0,H0
66.041123847,netem_pdv,-4424.5,-4424.5,-2330.5,95.5,0.0,1,501,Sync,True,False,False,False,0,H0
66.166473354,netem_pdv,-1949.5,-1949.5,-3377.5,-951.5,0.0,1,502,Sync,True,False,False,False,0,H0
66.292000949,netem_pdv,-2188.5,-2188.5,-2663.5,-237.5,0.0,1,503,Sync,True,False,False,False,0,H0
66.416347951,netem_pdv,-1760.0,-1760.0,-2426.0,0.0,0.0,1,504,Sync,True,False,False,False,0,H0
66.541398742,netem_pdv,-3901.0,-3901.0,-2093.0,333.0,0.0,1,505,Sync,True,False,False,False,0,H0
66.667447758,netem_pdv,-2045.0,-2045.0,-2997.0,-571.0,0.0,1,506,Sync,True,False,False,False,0,H0
66.791564445,netem_pdv,-1760.0,-1760.0,-2521.0,-95.0,0.0,1,507,Sync,True,False,False,False,0,H0
66.916414031,netem_pdv,-1665.0,-1665.0,-2521.0,-95.0,0.0,1,508,Sync,True,False,False,False,0,H0
67.041515433,netem_pdv,-2474.0,-2474.0,-2093.0,333.0,0.0,1,509,Sync,True,False,False,False,0,H0
67.166827838,netem_pdv,-2378.5,-2378.5,-2283.5,142.5,0.0,1,510,Sync,True,False,False,False,0,H0
67.292619902,netem_pdv,-2711.0,-2711.0,-2331.0,95.0,0.0,1,511,Sync,True,False,False,False,0,H0
67.416401912,netem_pdv,-1950.0,-1950.0,-2521.0,-95.0,0.0,1,512,Sync,True,False,False,False,0,H0
67.542361218,netem_pdv,-2141.0,-2141.0,-2521.0,-95.0,0.0,1,513,Sync,True,False,False,False,0,H0
67.666779189,netem_pdv,-2140.0,-2140.0,-2331.0,95.0,0.0,1,514,Sync,True,False,False,False,0,H0
67.791515948,netem_pdv,-3091.5,-3091.5,-2235.5,190.5,0.0,1,515,Sync,True,False,False,False,0,H0
67.917077601,netem_pdv,-2521.5,-2521.5,-2235.5,190.5,0.0,1,516,Sync,True,False,False,False,0,H0
68.041603832,netem_pdv,-1617.5,-1617.5,-2378.5,47.5,0.0,1,517,Sync,True,False,False,False,0,H0
68.167082148,netem_pdv,-2188.0,-2188.0,-1998.0,428.0,0.0,1,518,Sync,True,False,False,False,0,H0
68.292044372,netem_pdv,-2473.0,-2473.0,-2093.0,333.0,0.0,1,519,Sync,True,False,False,False,0,H0
68.41770011,netem_pdv,-1998.0,-1998.0,-2283.0,143.0,0.0,1,520,Sync,True,False,False,False,0,H0
68.542125691,netem_pdv,-2664.0,-2664.0,-2283.0,143.0,0.0,1,521,Sync,True,False,False,False,0,H0
68.666863021,netem_pdv,-2568.5,-2568.5,-2473.5,-47.5,0.0,1,522,Sync,True,False,False,False,0,H0
68.792502207,netem_pdv,-2473.5,-2473.5,-2473.5,-47.5,0.0,1,523,Sync,True,False,False,False,0,H0
68.916934638,netem_pdv,-1902.5,-1902.5,-2473.5,-47.5,0.0,1,524,Sync,True,False,False,False,0,H0
69.042643079,netem_pdv,-285.0,-285.0,-2188.0,238.0,0.0,1,525,Sync,True,False,False,False,0,H0
69.168284738,netem_pdv,-2379.0,-2379.0,-2188.0,238.0,0.0,1,526,Sync,True,False,False,False,0,H0
69.293195114,netem_pdv,-2662.5,-2662.5,-2283.5,142.5,0.0,1,527,Sync,True,False,False,False,0,H0
69.416881992,netem_pdv,-3043.5,-3043.5,-2283.5,142.5,0.0,1,528,Sync,True,False,False,False,0,H0
69.542298853,netem_pdv,-1712.5,-1712.5,-2663.5,-237.5,0.0,1,529,Sync,True,False,False,False,0,H0
69.667552182,netem_pdv,-2093.0,-2093.0,-2188.0,238.0,0.0,1,530,Sync,True,False,False,False,0,H0
69.793080538,netem_pdv,-3139.0,-3139.0,-2188.0,238.0,0.0,1,531,Sync,True,False,False,False,0,H0
69.918144458,netem_pdv,-2854.5,-2854.5,-2663.5,-237.5,0.0,1,532,Sync,True,False,False,False,0,H0
70.042562238,netem_pdv,-3520.0,-3520.0,-2759.0,-333.0,0.0,1,533,Sync,True,False,False,False,0,H0
70.168221687,netem_pdv,-1903.0,-1903.0,-2759.0,-333.0,0.0,1,534,Sync,True,False,False,False,0,H0
70.29285028,netem_pdv,-3282.0,-3282.0,-2331.0,95.0,0.0,1,535,Sync,True,False,False,False,0,H0
70.417686834,netem_pdv,-2330.5,-2330.5,-2806.5,-380.5,0.0,1,536,Sync,True,False,False,False,0,H0
70.542883844,netem_pdv,-2853.5,-2853.5,-2568.5,-142.5,0.0,1,537,Sync,True,False,False,False,0,H0
70.667881266,netem_pdv,-16838.5,-16838.5,-2568.5,-142.5,0.0,1,538,Sync,True,False,False,False,0,H0
70.79279773,netem_pdv,4375.5,4375.5,-9703.5,-7277.5,0.0,1,539,Sync,True,False,False,False,0,H0
70.917807805,netem_pdv,5422.5,5422.5,-9703.5,-7277.5,0.0,1,540,Sync,True,False,False,False,0,H0
71.042838238,netem_pdv,-2996.5,-2996.5,-2140.5,285.5,0.0,1,541,Sync,True,False,False,False,0,H0
71.168878311,netem_pdv,-4043.5,-4043.5,-2140.5,285.5,0.0,1,542,Sync,True,False,False,False,0,H0
71.293091652,netem_pdv,-1379.0,-1379.0,-3092.0,-666.0,0.0,1,543,Sync,True,False,False,False,0,H0
71.417930869,netem_pdv,-2330.5,-2330.5,-2235.5,190.5,0.0,1,544,Sync,True,False,False,False,0,H0
71.543589053,netem_pdv,380.0,380.0,-2283.0,143.0,0.0,1,545,Sync,True,False,False,False,0,H0
71.667529728,netem_pdv,-3996.5,-3996.5,-951.5,1474.5,0.0,1,546,Sync,True,False,False,False,0,H0
71.79380905,netem_pdv,-4091.5,-4091.5,-951.5,1474.5,0.0,1,547,Sync,True,False,False,False,0,H0
71.918674107,netem_pdv,-2427.5,-2427.5,-2521.5,-95.5,0.0,1,548,Sync,True,False,False,False,0,H0
72.043996026,netem_pdv,-2283.5,-2283.5,-2474.5,-48.5,0.0,1,549,Sync,True,False,False,False,0,H0
72.168659535,netem_pdv,-3711.0,-3711.0,-2379.0,47.0,0.0,1,550,Sync,True,False,False,False,0,H0
72.293546669,netem_pdv,-1713.0,-1713.0,-3045.0,-619.0,0.0,1,551,Sync,True,False,False,False,0,H0
72.418505649,netem_pdv,-1428.0,-1428.0,-3045.0,-619.0,0.0,1,552,Sync,True,False,False,False,0,H0
72.543064006,netem_pdv,-2140.5,-2140.5,-2236.5,189.5,0.0,1,553,Sync,True,False,False,False,0,H0
72.668440737,netem_pdv,-3521.5,-3521.5,-2188.5,237.5,0.0,1,554,Sync,True,False,False,False,0,H0
72.79380053,netem_pdv,-1332.0,-1332.0,-2855.0,-429.0,0.0,1,555,Sync,True,False,False,False,0,H0
72.91853674,netem_pdv,-3805.5,-3805.5,-2093.5,332.5,0.0,1,556,Sync,True,False,False,False,0,H0
73.04351323,netem_pdv,-2284.5,-2284.5,-2949.5,-523.5,0.0,1,557,Sync,True,False,False,False,0,H0
73.169239863,netem_pdv,-4520.0,-4520.0,-2617.0,-191.0,0.0,1,558,Sync,True,False,False,False,0,H0
73.293898614,netem_pdv,-1855.5,-1855.5,-3568.5,-1142.5,0.0,1,559,Sync,True,False,False,False,0,H0
73.418498937,netem_pdv,-1380.0,-1380.0,-2712.0,-286.0,0.0,1,560,Sync,True,False,False,False,0,H0
73.544110617,netem_pdv,-2141.0,-2141.0,-2712.0,-286.0,0.0,1,561,Sync,True,False,False,False,0,H0
73.669090818,netem_pdv,-28119.5,-28119.5,-2426.5,-0.5,0.0,1,562,Sync,True,False,False,False,0,H0
73.79436706,netem_pdv,8421.0,8421.0,-15273.0,-12847.0,0.0,1,563,Sync,True,False,False,False,0,H0
73.919047602,netem_pdv,-1046.0,-1046.0,-3426.0,-1000.0,0.0,1,564,Sync,True,False,False,False,0,H0
74.044336787,netem_pdv,1618.0,1618.0,-3426.0,-1000.0,0.0,1,565,Sync,True,False,False,False,0,H0
74.169225443,netem_pdv,-3569.0,-3569.0,-904.0,1522.0,0.0,1,566,Sync,True,False,False,False,0,H0
74.294830748,netem_pdv,-2712.5,-2712.5,-2236.5,189.5,0.0,1,567,Sync,True,False,False,False,0,H0
74.419629669,netem_pdv,-2092.5,-2092.5,-2474.5,-48.5,0.0,1,568,Sync,True,False,False,False,0,H0
74.54369862,netem_pdv,-2569.5,-2569.5,-2283.5,142.5,0.0,1,569,Sync,True,False,False,False,0,H0
74.669592259,netem_pdv,-1808.5,-1808.5,-2283.5,142.5,0.0,1,570,Sync,True,False,False,False,0,H0
74.794252437,netem_pdv,-3473.0,-3473.0,-2046.0,380.0,0.0,1,571,Sync,True,False,False,False,0,H0
74.918993596,netem_pdv,-2759.5,-2759.5,-2759.5,-333.5,0.0,1,572,Sync,True,False,False,False,0,H0
75.044146131,netem_pdv,-1808.5,-1808.5,-2759.5,-333.5,0.0,1,573,Sync,True,False,False,False,0,H0
75.169397061,netem_pdv,-1998.5,-1998.5,-2759.5,-333.5,0.0,1,574,Sync,True,False,False,False,0,H0
75.294734776,netem_pdv,-2569.0,-2569.0,-2379.0,47.0,0.0,1,575,Sync,True,False,False,False,0,H0
75.420246064,netem_pdv,-2855.0,-2855.0,-2474.0,-48.0,0.0,1,576,Sync,True,False,False,False,0,H0
75.545468541,netem_pdv,-2188.5,-2188.5,-2664.5,-238.5,0.0,1,577,Sync,True,False,False,False,0,H0
75.670494703,netem_pdv,-3473.5,-3473.5,-2426.5,-0.5,0.0,1,578,Sync,True,False,False,False,0,H0
75.795009858,netem_pdv,-2093.0,-2093.0,-2950.0,-524.0,0.0,1,579,Sync,True,False,False,False,0,H0
75.919890045,netem_pdv,-3377.5,-3377.5,-2521.5,-95.5,0.0,1,580,Sync,True,False,False,False,0,H0
76.044822666,netem_pdv,-20459.5,-20459.5,-2949.5,-523.5,0.0,1,581,Sync,True,False,False,False,0,H0
76.170750562,netem_pdv,-2284.5,-2284.5,-2949.5,-523.5,0.0,1,582,Sync,True,False,False,False,0,H0
76.294858623,netem_pdv,-2712.0,-2712.0,-2617.0,-191.0,0.0,1,583,Sync,True,False,False,False,0,H0
76.419753656,netem_pdv,-1998.5,-1998.5,-2664.5,-238.5,0.0,1,584,Sync,True,False,False,False,0,H0
76.545044648,netem_pdv,-2521.5,-2521.5,-2331.5,94.5,0.0,1,585,Sync,True,False,False,False,0,H0
76.670168349,netem_pdv,-2046.5,-2046.5,-2426.5,-0.5,0.0,1,586,Sync,True,False,False,False,0,H0
76.795250371,netem_pdv,-2807.5,-2807.5,-2426.5,-0.5,0.0,1,587,Sync,True,False,False,False,0,H0
76.921076351,netem_pdv,-2141.0,-2141.0,-2617.0,-191.0,0.0,1,588,Sync,True,False,False,False,0,H0
77.045615677,netem_pdv,-4758.0,-4758.0,-2379.0,47.0,0.0,1,589,Sync,True,False,False,False,0,H0
77.170560002,netem_pdv,-2569.0,-2569.0,-2379.0,47.0,0.0,1,590,Sync,True,False,False,False,0,H0
77.295322191,netem_pdv,-2474.0,-2474.0,-2474.0,-48.0,0.0,1,591,Sync,True,False,False,False,0,H0
77.420241013,netem_pdv,-1904.0,-1904.0,-2474.0,-48.0,0.0,1,592,Sync,True,False,False,False,0,H0
77.54559148,netem_pdv,-2284.0,-2284.0,-2474.0,-48.0,0.0,1,593,Sync,True,False,False,False,0,H0
77.67083889,netem_pdv,-2854.0,-2854.0,-2379.0,47.0,0.0,1,594,Sync,True,False,False,False,0,H0
77.795148689,netem_pdv,-2426.5,-2426.5,-2616.5,-190.5,0.0,1,595,Sync,True,False,False,False,0,H0
77.920502582,netem_pdv,-3283.5,-3283.5,-2616.5,-190.5,0.0,1,596,Sync,True,False,False,False,0,H0
78.046165649,netem_pdv,-2189.0,-2189.0,-2950.0,-524.0,0.0,1,597,Sync,True,False,False,False,0,H0
78.171786085,netem_pdv,-4186.5,-4186.5,-2569.5,-143.5,0.0,1,598,Sync,True,False,False,False,0,H0
78.295657483,netem_pdv,-1903.5,-1903.5,-2569.5,-143.5,0.0,1,599,Sync,True,False,False,False,0,H0
78.421301328,netem_pdv,-2331.5,-2331.5,-2236.5,189.5,0.0,1,600,Sync,True,False,False,False,0,H0
78.546808809,netem_pdv,-2283.0,-2283.0,-2284.0,142.0,0.0,1,601,Sync,True,False,False,False,0,H0
78.671349942,netem_pdv,-3521.5,-3521.5,-2283.5,142.5,0.0,1,602,Sync,True,False,False,False,0,H0
78.796187498,netem_pdv,-2093.5,-2093.5,-2283.5,142.5,0.0,1,603,Sync,True,False,False,False,0,H0
78.921593633,netem_pdv,-1903.5,-1903.5,-2188.5,237.5,0.0,1,604,Sync,True,False,False,False,0,H0
79.04654481,netem_pdv,-2332.0,-2332.0,-2046.0,380.0,0.0,1,605,Sync,True,False,False,False,0,H0
79.171588958,netem_pdv,0.0,0.0,-2189.0,237.0,0.0,1,606,Sync,True,False,False,False,0,H0
79.296599609,netem_pdv,-2189.0,-2189.0,-2189.0,237.0,0.0,1,607,Sync,True,False,False,False,0,H0
79.421586661,netem_pdv,-2664.0,-2664.0,-2189.0,237.0,0.0,1,608,Sync,True,False,False,False,0,H0
79.546730183,netem_pdv,-2141.5,-2141.5,-2426.5,-0.5,0.0,1,609,Sync,True,False,False,False,0,H0
79.671654571,netem_pdv,-3236.0,-3236.0,-2284.0,142.0,0.0,1,610,Sync,True,False,False,False,0,H0
79.796445819,netem_pdv,-1808.0,-1808.0,-2760.0,-334.0,0.0,1,611,Sync,True,False,False,False,0,H0
79.921512291,netem_pdv,-1999.0,-1999.0,-2760.0,-334.0,0.0,1,612,Sync,True,False,False,False,0,H0
80.047383594,netem_pdv,-1998.5,-1998.5,-2379.5,46.5,0.0,1,613,Sync,True,False,False,False,0,H0
80.171685491,netem_pdv,-2379.0,-2379.0,-2189.0,237.0,0.0,1,614,Sync,True,False,False,False,0,H0
80.296936874,netem_pdv,-3426.0,-3426.0,-2284.0,142.0,0.0,1,615,Sync,True,False,False,False,0,H0
80.42153912,netem_pdv,-1903.0,-1903.0,-2284.0,142.0,0.0,1,616,Sync,True,False,False,False,0,H0
80.54662177,netem_pdv,-2759.5,-2759.5,-2093.5,332.5,0.0,1,617,Sync,True,False,False,False,0,H0
80.672662376,netem_pdv,-2569.5,-2569.5,-2093.5,332.5,0.0,1,618,Sync,True,False,False,False,0,H0
80.797454671,netem_pdv,-2712.5,-2712.5,-2331.5,94.5,0.0,1,619,Sync,True,False,False,False,0,H0
80.922005146,netem_pdv,-2997.5,-2997.5,-2331.5,94.5,0.0,1,620,Sync,True,False,False,False,0,H0
81.046773744,netem_pdv,-1808.5,-1808.5,-2664.5,-238.5,0.0,1,621,Sync,True,False,False,False,0,H0
81.172323381,netem_pdv,-3283.5,-3283.5,-2236.5,189.5,0.0,1,622,Sync,True,False,False,False,0,H0
81.297390044,netem_pdv,-2474.0,-2474.0,-2760.0,-334.0,0.0,1,623,Sync,True,False,False,False,0,H0
81.422072801,netem_pdv,-2188.0,-2188.0,-2760.0,-334.0,0.0,1,624,Sync,True,False,False,False,0,H0
81.546991193,netem_pdv,-1809.0,-1809.0,-2474.0,-48.0,0.0,1,625,Sync,True,False,False,False,0,H0
81.672302816,netem_pdv,-2616.5,-2616.5,-2141.5,284.5,0.0,1,626,Sync,True,False,False,False,0,H0
81.797890901,netem_pdv,-2379.0,-2379.0,-2379.0,47.0,0.0,1,627,Sync,True,False,False,False,0,H0
81.922263889,netem_pdv,-2379.0,-2379.0,-2379.0,47.0,0.0,1,628,Sync,True,False,False,False,0,H0
82.047827325,netem_pdv,-2094.0,-2094.0,-2379.0,47.0,0.0,1,629,Sync,True,False,False,False,0,H0
82.172598588,netem_pdv,-3141.0,-3141.0,-2379.0,47.0,0.0,1,630,Sync,True,False,False,False,0,H0
82.297799912,netem_pdv,-1904.0,-1904.0,-2760.0,-334.0,0.0,1,631,Sync,True,False,False,False,0,H0
82.422504939,netem_pdv,-2284.0,-2284.0,-2760.0,-334.0,0.0,1,632,Sync,True,False,False,False,0,H0
82.54786072,netem_pdv,-4045.0,-4045.0,-2522.0,-96.0,0.0,1,633,Sync,True,False,False,False,0,H0
84.304996921,netem_pdv,-523.5,-523.5,-3283.5,-857.5,0.0,1,634,Sync,True,False,False,False,0,H0
84.430518198,netem_pdv,-2569.5,-2569.5,-1903.5,522.5,0.0,1,635,Sync,True,False,False,False,0,H0
84.555782714,netem_pdv,-3378.5,-3378.5,-2236.5,189.5,0.0,1,636,Sync,True,False,False,False,0,H0
84.680292933,netem_pdv,1379.5,1379.5,-2807.5,-381.5,0.0,1,637,Sync,True,False,False,False,0,H0
84.805354171,netem_pdv,-4235.0,-4235.0,-714.0,1712.0,0.0,1,638,Sync,True,False,False,False,0,H0
84.930978609,netem_pdv,-2283.5,-2283.5,-2474.5,-48.5,0.0,1,639,Sync,True,False,False,False,0,H0
85.055923743,netem_pdv,-2569.0,-2569.0,-2379.0,47.0,0.0,1,640,Sync,True,False,False,False,0,H0
85.181340336,netem_pdv,-2665.0,-2665.0,-2474.0,-48.0,0.0,1,641,Sync,True,False,False,False,0,H0
85.305575712,netem_pdv,-2284.5,-2284.5,-2569.5,-143.5,0.0,1,642,Sync,True,False,False,False,0,H0
85.430656174,netem_pdv,-2188.5,-2188.5,-2569.5,-143.5,0.0,1,643,Sync,True,False,False,False,0,H0
85.555940579,netem_pdv,-3141.0,-3141.0,-2379.0,47.0,0.0,1,644,Sync,True,False,False,False,0,H0
85.680703563,netem_pdv,-3046.0,-3046.0,-2760.0,-334.0,0.0,1,645,Sync,True,False,False,False,0,H0
85.806242541,netem_pdv,-2474.0,-2474.0,-2760.0,-334.0,0.0,1,646,Sync,True,False,False,False,0,H0
85.931303208,netem_pdv,-1570.0,-1570.0,-2617.0,-191.0,0.0,1,647,Sync,True,False,False,False,0,H0
86.056091411,netem_pdv,-2379.5,-2379.5,-2093.5,332.5,0.0,1,648,Sync,True,False,False,False,0,H0
86.181330041,netem_pdv,-2284.5,-2284.5,-2093.5,332.5,0.0,1,649,Sync,True,False,False,False,0,H0
86.306641189,netem_pdv,-2379.0,-2379.0,-2189.0,237.0,0.0,1,650,Sync,True,False,False,False,0,H0
86.431149124,netem_pdv,-2475.0,-2475.0,-2189.0,237.0,0.0,1,651,Sync,True,False,False,False,0,H0
86.555817701,netem_pdv,-2236.0,-2236.0,-2332.0,94.0,0.0,1,652,Sync,True,False,False,False,0,H0
86.681124661,netem_pdv,-476.0,-476.0,-2284.0,142.0,0.0,1,653,Sync,True,False,False,False,0,H0
86.806744341,netem_pdv,-524.0,-524.0,-1380.0,1046.0,0.0,1,654,Sync,True,False,False,False,0,H0
86.931406733,netem_pdv,-3616.0,-3616.0,-952.0,1474.0,0.0,1,655,Sync,True,False,False,False,0,H0
87.057015088,netem_pdv,-2379.0,-2379.0,-2284.0,142.0,0.0,1,656,Sync,True,False,False,False,0,H0
87.181077735,netem_pdv,-1951.5,-1951.5,-2331.5,94.5,0.0,1,657,Sync,True,False,False,False,0,H0
87.306467396,netem_pdv,-2902.5,-2902.5,-2331.5,94.5,0.0,1,658,Sync,True,False,False,False,0,H0
87.431198593,netem_pdv,-2237.0,-2237.0,-2617.0,-191.0,0.0,1,659,Sync,True,False,False,False,0,H0
87.556704739,netem_pdv,-3473.0,-3473.0,-2427.0,-1.0,0.0,1,660,Sync,True,False,False,False,0,H0
87.681159095,netem_pdv,-1570.0,-1570.0,-2427.0,-1.0,0.0,1,661,Sync,True,False,False,False,0,H0
87.806662575,netem_pdv,-13894.5,-13894.5,-1998.5,427.5,0.0,1,662,Sync,True,False,False,False,0,H0
87.932034535,netem_pdv,-5044.5,-5044.5,-1998.5,427.5,0.0,1,663,Sync,True,False,False,False,0,H0
0.124381048,netem_loss,-4471.0,-4471.0,0.0,0.0,0.0,1,0,Sync,True,True,False,False,0,H0
0.249393403,netem_loss,-4852.0,-4852.0,0.0,0.0,0.0,1,1,Sync,True,True,False,False,0,H0
0.374432871,netem_loss,-5612.0,-5612.0,0.0,0.0,0.0,1,2,Sync,True,True,False,False,0,H0
0.499505921,netem_loss,-5042.0,-5042.0,0.0,0.0,0.0,1,3,Sync,True,True,False,False,0,H0
0.62456042,netem_loss,-5518.0,-5518.0,0.0,0.0,0.0,1,4,Sync,True,True,False,False,0,H0
0.749548515,netem_loss,-4757.0,-4757.0,0.0,0.0,0.0,1,5,Sync,True,True,False,False,0,H0
0.874658287,netem_loss,-5423.0,-5423.0,0.0,0.0,0.0,1,6,Sync,True,True,False,False,0,H0
0.999707554,netem_loss,-5517.0,-5517.0,0.0,0.0,0.0,1,7,Sync,True,True,False,False,0,H0
1.124748258,netem_loss,-4757.0,-4757.0,0.0,0.0,0.0,1,8,Sync,True,True,False,False,0,H0
1.249748246,netem_loss,-4947.0,-4947.0,0.0,0.0,0.0,1,9,Sync,True,True,False,False,0,H0
1.374958288,netem_loss,-6850.0,-6850.0,0.0,0.0,0.0,1,10,Sync,True,True,False,False,0,H0
1.499898817,netem_loss,-5518.0,-5518.0,0.0,0.0,0.0,1,11,Sync,True,True,False,False,0,H0
1.624975482,netem_loss,-6944.0,-6944.0,0.0,0.0,0.0,1,12,Sync,True,True,False,False,0,H0
1.749947691,netem_loss,-4567.0,-4567.0,0.0,0.0,0.0,1,13,Sync,True,True,False,False,0,H0
1.875050613,netem_loss,-8181.0,-8181.0,0.0,0.0,0.0,1,14,Sync,True,True,False,False,0,H0
2.000049173,netem_loss,-6088.0,-6088.0,0.0,0.0,0.0,1,15,Sync,True,True,False,False,0,H0
2.125176639,netem_loss,-7135.0,-7135.0,0.0,0.0,0.0,1,16,Sync,True,True,False,False,0,H0
2.250136671,netem_loss,-4947.0,-4947.0,0.0,0.0,0.0,1,17,Sync,True,True,False,False,0,H0
2.375206962,netem_loss,-4757.0,-4757.0,0.0,0.0,0.0,1,18,Sync,True,True,False,False,0,H0
2.500250806,netem_loss,-4377.0,-4377.0,0.0,0.0,0.0,1,19,Sync,True,True,False,False,0,H0
2.625309205,netem_loss,-5042.0,-5042.0,0.0,0.0,0.0,1,20,Sync,True,True,False,False,0,H0
2.750289881,netem_loss,-4947.0,-4947.0,0.0,0.0,0.0,1,21,Sync,True,True,False,False,0,H0
2.875348661,netem_loss,-4566.0,-4566.0,0.0,0.0,0.0,1,22,Sync,True,True,False,False,0,H0
3.000402779,netem_loss,-4376.0,-4376.0,0.0,0.0,0.0,1,23,Sync,True,True,False,False,0,H0
3.125503418,netem_loss,-5423.0,-5423.0,0.0,0.0,0.0,1,24,Sync,True,True,False,False,0,H0
28.943960367,netem_loss,-3999.0,-3999.0,0.0,0.0,0.0,1,26,Sync,True,True,False,False,0,H0
29.194245276,netem_loss,-5238.0,-5238.0,0.0,0.0,0.0,1,28,Sync,True,True,False,False,0,H0
29.319126243,netem_loss,-4666.0,-4666.0,0.0,0.0,0.0,1,29,Sync,True,True,False,False,0,H0
29.444153952,netem_loss,-4380.0,-4380.0,0.0,0.0,0.0,1,30,Sync,True,True,False,False,0,H0
29.569157664,netem_loss,-5237.0,-5237.0,0.0,0.0,0.0,1,31,Sync,True,True,False,False,0,H0
29.694277836,netem_loss,-4666.0,-4666.0,0.0,0.0,0.0,1,32,Sync,True,True,False,False,0,H0
55.551842337,netem_loss,-4568.0,-4568.0,0.0,0.0,0.0,1,34,Sync,True,True,False,False,0,H0
55.676888511,netem_loss,-4092.0,-4092.0,0.0,0.0,0.0,1,35,Sync,True,True,False,False,0,H0
55.802107505,netem_loss,-4473.0,-4473.0,0.0,0.0,0.0,1,36,Sync,True,True,False,False,0,H0
56.052095268,netem_loss,-4663.0,-4663.0,0.0,0.0,0.0,1,38,Sync,True,True,False,False,0,H0
56.177072353,netem_loss,-4948.0,-4948.0,0.0,0.0,0.0,1,39,Sync,True,True,False,False,0,H0
56.302122144,netem_loss,-5805.0,-5805.0,0.0,0.0,0.0,1,40,Sync,True,True,False,False,0,H0
56.42734818,netem_loss,-4853.0,-4853.0,0.0,0.0,0.0,1,41,Sync,True,True,False,False,0,H0
80.254562354,netem_loss,-4948.0,-4948.0,0.0,0.0,0.0,1,43,Sync,True,True,False,False,0,H0
80.379552779,netem_loss,-4758.0,-4758.0,0.0,0.0,0.0,1,44,Sync,True,True,False,False,0,H0
80.504623326,netem_loss,-4092.0,-4092.0,0.0,0.0,0.0,1,45,Sync,True,True,False,False,0,H0
80.629635542,netem_loss,-4853.0,-4853.0,0.0,0.0,0.0,1,46,Sync,True,True,False,False,0,H0
80.754719981,netem_loss,-4472.0,-4472.0,0.0,0.0,0.0,1,47,Sync,True,True,False,False,0,H0
80.879785199,netem_loss,-5138.0,-5138.0,0.0,0.0,0.0,1,48,Sync,True,True,False,False,0,H0
81.004951091,netem_loss,-6661.0,-6661.0,0.0,0.0,0.0,1,49,Sync,True,True,False,False,0,H0
22.842713781,netem_holdover,-4957.0,-4957.0,0.0,0.0,0.0,1,2,Sync,True,True,False,False,0,H0
22.966540767,netem_holdover,-4385.0,-4385.0,0.0,0.0,0.0,1,3,Sync,True,True,False,False,0,H0
47.726353312,netem_holdover,-4566.0,-4566.0,0.0,0.0,0.0,1,6,Sync,True,True,False,False,0,H0
47.853542841,netem_holdover,-4851.0,-4851.0,0.0,0.0,0.0,1,7,Sync,True,True,False,False,0,H0
72.606726288,netem_holdover,-4716.0,-4716.0,0.0,0.0,0.0,1,9,Sync,True,True,False,False,0,H0
72.734785462,netem_holdover,-4811.0,-4811.0,0.0,0.0,0.0,1,10,Sync,True,True,False,False,0,H0
72.854383488,netem_holdover,-4244.0,-4244.0,0.0,0.0,0.0,1,11,Sync,True,True,False,False,0,H0
72.980973709,netem_holdover,-3961.0,-3961.0,0.0,0.0,0.0,1,12,Sync,True,True,False,False,0,H0
73.105464913,netem_holdover,-4056.0,-4056.0,0.0,0.0,0.0,1,13,Sync,True,True,False,False,0,H0
73.231638141,netem_holdover,-4622.0,-4622.0,0.0,0.0,0.0,1,14,Sync,True,True,False,False,0,H0
