t_s,scenario,offset_ns,measured_offset_ns,path_delay_ns,pdv_ns,freq_error_ppb,synce_ql,ptp_seq_id,ptp_msg_type,gnss_available,holdover,attack_flag,fault_flag,run_id,label
0.072926,timesafe_prod_announce_attack,-9250.0,-9250.0,11971.0,-1554.0,0.0,1,22058,Sync,True,False,False,False,0,H0
0.13697,timesafe_prod_announce_attack,-10182.0,-10182.0,11971.0,-1554.0,0.0,1,22059,Sync,True,False,False,False,0,H0
0.192939,timesafe_prod_announce_attack,-12198.0,-12198.0,13259.0,-266.0,0.0,1,22060,Sync,True,False,False,False,0,H0
0.256985,timesafe_prod_announce_attack,-9354.0,-9354.0,10615.0,-2910.0,0.0,1,22061,Sync,True,False,False,False,0,H0
0.320934,timesafe_prod_announce_attack,-11508.0,-11508.0,13145.0,-380.0,0.0,1,22062,Sync,True,False,False,False,0,H0
0.384981,timesafe_prod_announce_attack,-10110.0,-10110.0,11871.0,-1654.0,0.0,1,22063,Sync,True,False,False,False,0,H0
0.448937,timesafe_prod_announce_attack,-10754.0,-10754.0,11871.0,-1654.0,0.0,1,22064,Sync,True,False,False,False,0,H0
0.512952,timesafe_prod_announce_attack,-11046.0,-11046.0,12871.0,-654.0,0.0,1,22065,Sync,True,False,False,False,0,H0
0.568939,timesafe_prod_announce_attack,-11038.0,-11038.0,12871.0,-654.0,0.0,1,22066,Sync,True,False,False,False,0,H0
0.632987,timesafe_prod_announce_attack,-10110.0,-10110.0,11223.0,-2302.0,0.0,1,22067,Sync,True,False,False,False,0,H0
0.69693,timesafe_prod_announce_attack,-9540.0,-9540.0,10945.0,-2580.0,0.0,1,22068,Sync,True,False,False,False,0,H0
0.760941,timesafe_prod_announce_attack,-11500.0,-11500.0,13289.0,-236.0,0.0,1,22069,Sync,True,False,False,False,0,H0
0.824912,timesafe_prod_announce_attack,-12220.0,-12220.0,13289.0,-236.0,0.0,1,22070,Sync,True,False,False,False,0,H0
0.88099,timesafe_prod_announce_attack,-12366.0,-12366.0,13403.0,-122.0,0.0,1,22071,Sync,True,False,False,False,0,H0
0.944939,timesafe_prod_announce_attack,-11996.0,-11996.0,13393.0,-132.0,0.0,1,22072,Sync,True,False,False,False,0,H0
1.008934,timesafe_prod_announce_attack,-12730.0,-12730.0,13779.0,254.0,0.0,1,22073,Sync,True,False,False,False,0,H0
1.072971,timesafe_prod_announce_attack,-11786.0,-11786.0,13779.0,254.0,0.0,1,22074,Sync,True,False,False,False,0,H0
1.136954,timesafe_prod_announce_attack,-10418.0,-10418.0,12307.0,-1218.0,0.0,1,22075,Sync,True,False,False,False,0,H0
1.192976,timesafe_prod_announce_attack,-11014.0,-11014.0,12379.0,-1146.0,0.0,1,22076,Sync,True,False,False,False,0,H0
1.256957,timesafe_prod_announce_attack,-9718.0,-9718.0,10747.0,-2778.0,0.0,1,22077,Sync,True,False,False,False,0,H0
1.320943,timesafe_prod_announce_attack,-8884.0,-8884.0,10837.0,-2688.0,0.0,1,22078,Sync,True,False,False,False,0,H0
1.384994,timesafe_prod_announce_attack,-9700.0,-9700.0,11429.0,-2096.0,0.0,1,22079,Sync,True,False,False,False,0,H0
1.44894,timesafe_prod_announce_attack,-9892.0,-9892.0,11429.0,-2096.0,0.0,1,22080,Sync,True,False,False,False,0,H0
1.505018,timesafe_prod_announce_attack,-10424.0,-10424.0,11881.0,-1644.0,0.0,1,22081,Sync,True,False,False,False,0,H0
1.568939,timesafe_prod_announce_attack,-10892.0,-10892.0,12965.0,-560.0,0.0,1,22082,Sync,True,False,False,False,0,H0
1.633009,timesafe_prod_announce_attack,-11920.0,-11920.0,12965.0,-560.0,0.0,1,22083,Sync,True,False,False,False,0,H0
1.696972,timesafe_prod_announce_attack,-10842.0,-10842.0,12463.0,-1062.0,0.0,1,22084,Sync,True,False,False,False,0,H0
1.76099,timesafe_prod_announce_attack,-11150.0,-11150.0,12463.0,-1062.0,0.0,1,22085,Sync,True,False,False,False,0,H0
1.824912,timesafe_prod_announce_attack,-10424.0,-10424.0,11945.0,-1580.0,0.0,1,22086,Sync,True,False,False,False,0,H0
1.880947,timesafe_prod_announce_attack,-10584.0,-10584.0,11945.0,-1580.0,0.0,1,22087,Sync,True,False,False,False,0,H0
1.944926,timesafe_prod_announce_attack,-10864.0,-10864.0,12677.0,-848.0,0.0,1,22088,Sync,True,False,False,False,0,H0
2.008942,timesafe_prod_announce_attack,-8974.0,-8974.0,10483.0,-3042.0,0.0,1,22089,Sync,True,False,False,False,0,H0
2.072915,timesafe_prod_announce_attack,-11514.0,-11514.0,13347.0,-178.0,0.0,1,22090,Sync,True,False,False,False,0,H0
2.136924,timesafe_prod_announce_attack,-9704.0,-9704.0,11325.0,-2200.0,0.0,1,22091,Sync,True,False,False,False,0,H0
2.192919,timesafe_prod_announce_attack,-9396.0,-9396.0,11325.0,-2200.0,0.0,1,22092,Sync,True,False,False,False,0,H0
2.25693,timesafe_prod_announce_attack,-10520.0,-10520.0,12105.0,-1420.0,0.0,1,22093,Sync,True,False,False,False,0,H0
2.320981,timesafe_prod_announce_attack,-9968.0,-9968.0,12105.0,-1420.0,0.0,1,22094,Sync,True,False,False,False,0,H0
2.384936,timesafe_prod_announce_attack,-9630.0,-9630.0,11407.0,-2118.0,0.0,1,22095,Sync,True,False,False,False,0,H0
2.448922,timesafe_prod_announce_attack,-9422.0,-9422.0,11407.0,-2118.0,0.0,1,22096,Sync,True,False,False,False,0,H0
2.504968,timesafe_prod_announce_attack,-9596.0,-9596.0,11137.0,-2388.0,0.0,1,22097,Sync,True,False,False,False,0,H0
2.568985,timesafe_prod_announce_attack,-9824.0,-9824.0,11137.0,-2388.0,0.0,1,22098,Sync,True,False,False,False,0,H0
2.632979,timesafe_prod_announce_attack,-10596.0,-10596.0,12169.0,-1356.0,0.0,1,22099,Sync,True,False,False,False,0,H0
2.696982,timesafe_prod_announce_attack,-9618.0,-9618.0,10635.0,-2890.0,0.0,1,22100,Sync,True,False,False,False,0,H0
2.760969,timesafe_prod_announce_attack,-11682.0,-11682.0,12635.0,-890.0,0.0,1,22101,Sync,True,False,False,False,0,H0
2.82493,timesafe_prod_announce_attack,-11346.0,-11346.0,13027.0,-498.0,0.0,1,22102,Sync,True,False,False,False,0,H0
2.880977,timesafe_prod_announce_attack,-11174.0,-11174.0,13027.0,-498.0,0.0,1,22103,Sync,True,False,False,False,0,H0
2.944982,timesafe_prod_announce_attack,-11304.0,-11304.0,12393.0,-1132.0,0.0,1,22104,Sync,True,False,False,False,0,H0
3.009034,timesafe_prod_announce_attack,23816.0,23816.0,11989.0,-1536.0,0.0,1,22105,Sync,True,False,False,False,0,H0
3.072959,timesafe_prod_announce_attack,-26220.0,-26220.0,27617.0,14092.0,0.0,1,22106,Sync,True,False,False,False,0,H0
3.136975,timesafe_prod_announce_attack,-11642.0,-11642.0,13527.0,2.0,0.0,1,22107,Sync,True,False,False,False,0,H0
3.192963,timesafe_prod_announce_attack,-11882.0,-11882.0,13527.0,2.0,0.0,1,22108,Sync,True,False,False,False,0,H0
3.257022,timesafe_prod_announce_attack,-9616.0,-9616.0,11321.0,-2204.0,0.0,1,22109,Sync,True,False,False,False,0,H0
3.320923,timesafe_prod_announce_attack,-12342.0,-12342.0,13935.0,410.0,0.0,1,22110,Sync,True,False,False,False,0,H0
3.384958,timesafe_prod_announce_attack,-10460.0,-10460.0,11725.0,-1800.0,0.0,1,22111,Sync,True,False,False,False,0,H0
3.448977,timesafe_prod_announce_attack,-10560.0,-10560.0,12053.0,-1472.0,0.0,1,22112,Sync,True,False,False,False,0,H0
3.50501,timesafe_prod_announce_attack,-8876.0,-8876.0,10649.0,-2876.0,0.0,1,22113,Sync,True,False,False,False,0,H0
3.568993,timesafe_prod_announce_attack,-8776.0,-8776.0,10649.0,-2876.0,0.0,1,22114,Sync,True,False,False,False,0,H0
3.632981,timesafe_prod_announce_attack,-12314.0,-12314.0,13679.0,154.0,0.0,1,22115,Sync,True,False,False,False,0,H0
3.696961,timesafe_prod_announce_attack,-8968.0,-8968.0,10909.0,-2616.0,0.0,1,22116,Sync,True,False,False,False,0,H0
3.760973,timesafe_prod_announce_attack,-12704.0,-12704.0,14405.0,880.0,0.0,1,22117,Sync,True,False,False,False,0,H0
3.824968,timesafe_prod_announce_attack,-13164.0,-13164.0,14405.0,880.0,0.0,1,22118,Sync,True,False,False,False,0,H0
3.881005,timesafe_prod_announce_attack,-10404.0,-10404.0,11393.0,-2132.0,0.0,1,22119,Sync,True,False,False,False,0,H0
3.945025,timesafe_prod_announce_attack,-9676.0,-9676.0,11073.0,-2452.0,0.0,1,22120,Sync,True,False,False,False,0,H0
4.011709,timesafe_prod_announce_attack,-11090.0,-11090.0,12339.0,-1186.0,0.0,1,22121,Sync,True,False,False,False,0,H0
4.072994,timesafe_prod_announce_attack,-12232.0,-12232.0,13205.0,-320.0,0.0,1,22122,Sync,True,False,False,False,0,H0
4.136949,timesafe_prod_announce_attack,-11704.0,-11704.0,13205.0,-320.0,0.0,1,22123,Sync,True,False,False,False,0,H0
4.192959,timesafe_prod_announce_attack,-11198.0,-11198.0,12767.0,-758.0,0.0,1,22124,Sync,True,False,False,False,0,H0
4.256988,timesafe_prod_announce_attack,-11022.0,-11022.0,12767.0,-758.0,0.0,1,22125,Sync,True,False,False,False,0,H0
4.32097,timesafe_prod_announce_attack,-12334.0,-12334.0,13527.0,2.0,0.0,1,22126,Sync,True,False,False,False,0,H0
4.384976,timesafe_prod_announce_attack,-11854.0,-11854.0,13215.0,-310.0,0.0,1,22127,Sync,True,False,False,False,0,H0
4.448988,timesafe_prod_announce_attack,-11602.0,-11602.0,13215.0,-310.0,0.0,1,22128,Sync,True,False,False,False,0,H0
4.504985,timesafe_prod_announce_attack,-10524.0,-10524.0,11605.0,-1920.0,0.0,1,22129,Sync,True,False,False,False,0,H0
4.568969,timesafe_prod_announce_attack,-10034.0,-10034.0,12339.0,-1186.0,0.0,1,22130,Sync,True,False,False,False,0,H0
4.632995,timesafe_prod_announce_attack,-10222.0,-10222.0,11343.0,-2182.0,0.0,1,22131,Sync,True,False,False,False,0,H0
4.697006,timesafe_prod_announce_attack,-10014.0,-10014.0,11343.0,-2182.0,0.0,1,22132,Sync,True,False,False,False,0,H0
4.760984,timesafe_prod_announce_attack,-9648.0,-9648.0,10861.0,-2664.0,0.0,1,22133,Sync,True,False,False,False,0,H0
4.824949,timesafe_prod_announce_attack,-10102.0,-10102.0,13135.0,-390.0,0.0,1,22134,Sync,True,False,False,False,0,H0
4.88099,timesafe_prod_announce_attack,-10974.0,-10974.0,11927.0,-1598.0,0.0,1,22135,Sync,True,False,False,False,0,H0
4.94497,timesafe_prod_announce_attack,-10380.0,-10380.0,11429.0,-2096.0,0.0,1,22136,Sync,True,False,False,False,0,H0
5.009006,timesafe_prod_announce_attack,-9600.0,-9600.0,10777.0,-2748.0,0.0,1,22137,Sync,True,False,False,False,0,H0
5.072979,timesafe_prod_announce_attack,-8312.0,-8312.0,10505.0,-3020.0,0.0,1,22138,Sync,True,False,False,False,0,H0
5.1371,timesafe_prod_announce_attack,58972.0,58972.0,11513.0,-2012.0,0.0,1,22139,Sync,True,False,False,False,0,H0
5.192979,timesafe_prod_announce_attack,-44906.0,-44906.0,46279.0,32754.0,0.0,1,22140,Sync,True,False,False,False,0,H0
5.257151,timesafe_prod_announce_attack,58732.0,58732.0,11797.0,-1728.0,0.0,1,22141,Sync,True,False,False,False,0,H0
5.320969,timesafe_prod_announce_attack,-10016.0,-10016.0,11797.0,-1728.0,0.0,1,22142,Sync,True,False,False,False,0,H0
5.38506,timesafe_prod_announce_attack,-9938.0,-9938.0,11655.0,-1870.0,0.0,1,22143,Sync,True,False,False,False,0,H0
5.448999,timesafe_prod_announce_attack,-10086.0,-10086.0,11655.0,-1870.0,0.0,1,22144,Sync,True,False,False,False,0,H0
5.505028,timesafe_prod_announce_attack,-10846.0,-10846.0,12535.0,-990.0,0.0,1,22145,Sync,True,False,False,False,0,H0
5.569006,timesafe_prod_announce_attack,-12460.0,-12460.0,13505.0,-20.0,0.0,1,22146,Sync,True,False,False,False,0,H0
5.633073,timesafe_prod_announce_attack,-10358.0,-10358.0,13015.0,-510.0,0.0,1,22147,Sync,True,False,False,False,0,H0
5.696983,timesafe_prod_announce_attack,-9080.0,-9080.0,10709.0,-2816.0,0.0,1,22148,Sync,True,False,False,False,0,H0
5.760998,timesafe_prod_announce_attack,-11284.0,-11284.0,13061.0,-464.0,0.0,1,22149,Sync,True,False,False,False,0,H0
5.824987,timesafe_prod_announce_attack,-11384.0,-11384.0,13061.0,-464.0,0.0,1,22150,Sync,True,False,False,False,0,H0
5.881025,timesafe_prod_announce_attack,-12400.0,-12400.0,13517.0,-8.0,0.0,1,22151,Sync,True,False,False,False,0,H0
5.945016,timesafe_prod_announce_attack,-11902.0,-11902.0,13071.0,-454.0,0.0,1,22152,Sync,True,False,False,False,0,H0
6.009028,timesafe_prod_announce_attack,-11390.0,-11390.0,13071.0,-454.0,0.0,1,22153,Sync,True,False,False,False,0,H0
6.072984,timesafe_prod_announce_attack,-10766.0,-10766.0,11927.0,-1598.0,0.0,1,22154,Sync,True,False,False,False,0,H0
6.137002,timesafe_prod_announce_attack,-9866.0,-9866.0,11311.0,-2214.0,0.0,1,22155,Sync,True,False,False,False,0,H0
6.193017,timesafe_prod_announce_attack,-10030.0,-10030.0,11311.0,-2214.0,0.0,1,22156,Sync,True,False,False,False,0,H0
6.257002,timesafe_prod_announce_attack,-10656.0,-10656.0,11833.0,-1692.0,0.0,1,22157,Sync,True,False,False,False,0,H0
6.320987,timesafe_prod_announce_attack,-10164.0,-10164.0,12001.0,-1524.0,0.0,1,22158,Sync,True,False,False,False,0,H0
6.384981,timesafe_prod_announce_attack,-9588.0,-9588.0,12001.0,-1524.0,0.0,1,22159,Sync,True,False,False,False,0,H0
6.448996,timesafe_prod_announce_attack,-11060.0,-11060.0,13153.0,-372.0,0.0,1,22160,Sync,True,False,False,False,0,H0
6.505091,timesafe_prod_announce_attack,22988.0,22988.0,13153.0,-372.0,0.0,1,22161,Sync,True,False,False,False,0,H0
6.568966,timesafe_prod_announce_attack,-26154.0,-26154.0,27583.0,14058.0,0.0,1,22162,Sync,True,False,False,False,0,H0
6.633075,timesafe_prod_announce_attack,43102.0,43102.0,27583.0,14058.0,0.0,1,22163,Sync,True,False,False,False,0,H0
6.696984,timesafe_prod_announce_attack,-44326.0,-44326.0,46179.0,32654.0,0.0,1,22164,Sync,True,False,False,False,0,H0
6.761067,timesafe_prod_announce_attack,24100.0,24100.0,11645.0,-1880.0,0.0,1,22165,Sync,True,False,False,False,0,H0
6.8251,timesafe_prod_announce_attack,-26630.0,-26630.0,27891.0,14366.0,0.0,1,22166,Sync,True,False,False,False,0,H0
6.881008,timesafe_prod_announce_attack,25444.0,25444.0,10917.0,-2608.0,0.0,1,22167,Sync,True,False,False,False,0,H0
6.944994,timesafe_prod_announce_attack,-9472.0,-9472.0,10917.0,-2608.0,0.0,1,22168,Sync,True,False,False,False,0,H0
7.009049,timesafe_prod_announce_attack,-9704.0,-9704.0,11445.0,-2080.0,0.0,1,22169,Sync,True,False,False,False,0,H0
7.072983,timesafe_prod_announce_attack,-10204.0,-10204.0,11445.0,-2080.0,0.0,1,22170,Sync,True,False,False,False,0,H0
7.137105,timesafe_prod_announce_attack,-9910.0,-9910.0,11395.0,-2130.0,0.0,1,22171,Sync,True,False,False,False,0,H0
7.193024,timesafe_prod_announce_attack,-10628.0,-10628.0,11949.0,-1576.0,0.0,1,22172,Sync,True,False,False,False,0,H0
7.257041,timesafe_prod_announce_attack,-10420.0,-10420.0,11949.0,-1576.0,0.0,1,22173,Sync,True,False,False,False,0,H0
7.321021,timesafe_prod_announce_attack,-10350.0,-10350.0,12035.0,-1490.0,0.0,1,22174,Sync,True,False,False,False,0,H0
7.385076,timesafe_prod_announce_attack,-11370.0,-11370.0,12887.0,-638.0,0.0,1,22175,Sync,True,False,False,False,0,H0
7.448996,timesafe_prod_announce_attack,-10758.0,-10758.0,12887.0,-638.0,0.0,1,22176,Sync,True,False,False,False,0,H0
7.505075,timesafe_prod_announce_attack,-13078.0,-13078.0,14043.0,518.0,0.0,1,22177,Sync,True,False,False,False,0,H0
7.569047,timesafe_prod_announce_attack,-10504.0,-10504.0,12049.0,-1476.0,0.0,1,22178,Sync,True,False,False,False,0,H0
7.633075,timesafe_prod_announce_attack,-10540.0,-10540.0,12049.0,-1476.0,0.0,1,22179,Sync,True,False,False,False,0,H0
7.697026,timesafe_prod_announce_attack,-11874.0,-11874.0,13519.0,-6.0,0.0,1,22180,Sync,True,False,False,False,0,H0
7.761408,timesafe_prod_announce_attack,-10870.0,-10870.0,12239.0,-1286.0,0.0,1,22181,Sync,True,False,False,False,0,H0
7.824993,timesafe_prod_announce_attack,-10710.0,-10710.0,12239.0,-1286.0,0.0,1,22182,Sync,True,False,False,False,0,H0
7.880995,timesafe_prod_announce_attack,-9790.0,-9790.0,11315.0,-2210.0,0.0,1,22183,Sync,True,False,False,False,0,H0
7.944973,timesafe_prod_announce_attack,-9306.0,-9306.0,11315.0,-2210.0,0.0,1,22184,Sync,True,False,False,False,0,H0
8.009008,timesafe_prod_announce_attack,-12478.0,-12478.0,13411.0,-114.0,0.0,1,22185,Sync,True,False,False,False,0,H0
8.072984,timesafe_prod_announce_attack,-9682.0,-9682.0,11631.0,-1894.0,0.0,1,22186,Sync,True,False,False,False,0,H0
8.136979,timesafe_prod_announce_attack,-10406.0,-10406.0,11631.0,-1894.0,0.0,1,22187,Sync,True,False,False,False,0,H0
8.19297,timesafe_prod_announce_attack,-10000.0,-10000.0,12221.0,-1304.0,0.0,1,22188,Sync,True,False,False,False,0,H0
8.257103,timesafe_prod_announce_attack,-10534.0,-10534.0,12283.0,-1242.0,0.0,1,22189,Sync,True,False,False,False,0,H0
8.321006,timesafe_prod_announce_attack,-10166.0,-10166.0,12283.0,-1242.0,0.0,1,22190,Sync,True,False,False,False,0,H0
8.385029,timesafe_prod_announce_attack,22692.0,22692.0,13789.0,264.0,0.0,1,22191,Sync,True,False,False,False,0,H0
8.448968,timesafe_prod_announce_attack,-26690.0,-26690.0,28779.0,15254.0,0.0,1,22192,Sync,True,False,False,False,0,H0
8.505103,timesafe_prod_announce_attack,42038.0,42038.0,28779.0,15254.0,0.0,1,22193,Sync,True,False,False,False,0,H0
8.569005,timesafe_prod_announce_attack,-45850.0,-45850.0,47631.0,34106.0,0.0,1,22194,Sync,True,False,False,False,0,H0
8.633176,timesafe_prod_announce_attack,58970.0,58970.0,12143.0,-1382.0,0.0,1,22195,Sync,True,False,False,False,0,H0
8.697056,timesafe_prod_announce_attack,-44140.0,-44140.0,45745.0,32220.0,0.0,1,22196,Sync,True,False,False,False,0,H0
8.761198,timesafe_prod_announce_attack,25172.0,25172.0,45745.0,32220.0,0.0,1,22197,Sync,True,False,False,False,0,H0
8.825022,timesafe_prod_announce_attack,-44338.0,-44338.0,46007.0,32482.0,0.0,1,22198,Sync,True,False,False,False,0,H0
8.881177,timesafe_prod_announce_attack,60514.0,60514.0,11139.0,-2386.0,0.0,1,22199,Sync,True,False,False,False,0,H0
8.945061,timesafe_prod_announce_attack,-8374.0,-8374.0,11139.0,-2386.0,0.0,1,22200,Sync,True,False,False,False,0,H0
9.009126,timesafe_prod_announce_attack,56912.0,56912.0,13545.0,20.0,0.0,1,22201,Sync,True,False,False,False,0,H0
9.073008,timesafe_prod_announce_attack,-46108.0,-46108.0,47861.0,34336.0,0.0,1,22202,Sync,True,False,False,False,0,H0
9.137119,timesafe_prod_announce_attack,59558.0,59558.0,11619.0,-1906.0,0.0,1,22203,Sync,True,False,False,False,0,H0
9.193062,timesafe_prod_announce_attack,-9942.0,-9942.0,11619.0,-1906.0,0.0,1,22204,Sync,True,False,False,False,0,H0
9.257124,timesafe_prod_announce_attack,56930.0,56930.0,13651.0,126.0,0.0,1,22205,Sync,True,False,False,False,0,H0
9.321091,timesafe_prod_announce_attack,-45994.0,-45994.0,47355.0,33830.0,0.0,1,22206,Sync,True,False,False,False,0,H0
9.38525,timesafe_prod_announce_attack,57744.0,57744.0,13245.0,-280.0,0.0,1,22207,Sync,True,False,False,False,0,H0
9.449016,timesafe_prod_announce_attack,-10596.0,-10596.0,13245.0,-280.0,0.0,1,22208,Sync,True,False,False,False,0,H0
9.505285,timesafe_prod_announce_attack,56218.0,56218.0,14495.0,970.0,0.0,1,22209,Sync,True,False,False,False,0,H0
9.569012,timesafe_prod_announce_attack,-44556.0,-44556.0,47025.0,33500.0,0.0,1,22210,Sync,True,False,False,False,0,H0
9.633123,timesafe_prod_announce_attack,58492.0,58492.0,12021.0,-1504.0,0.0,1,22211,Sync,True,False,False,False,0,H0
9.697046,timesafe_prod_announce_attack,-43146.0,-43146.0,44951.0,31426.0,0.0,1,22212,Sync,True,False,False,False,0,H0
9.761156,timesafe_prod_announce_attack,59686.0,59686.0,11327.0,-2198.0,0.0,1,22213,Sync,True,False,False,False,0,H0
9.825023,timesafe_prod_announce_attack,-45398.0,-45398.0,48667.0,35142.0,0.0,1,22214,Sync,True,False,False,False,0,H0
9.881133,timesafe_prod_announce_attack,58518.0,58518.0,12591.0,-934.0,0.0,1,22215,Sync,True,False,False,False,0,H0
9.945019,timesafe_prod_announce_attack,-10666.0,-10666.0,12591.0,-934.0,0.0,1,22216,Sync,True,False,False,False,0,H0
10.009198,timesafe_prod_announce_attack,57276.0,57276.0,13893.0,368.0,0.0,1,22217,Sync,True,False,False,False,0,H0
10.073025,timesafe_prod_announce_attack,-44138.0,-44138.0,46735.0,33210.0,0.0,1,22218,Sync,True,False,False,False,0,H0
10.137136,timesafe_prod_announce_attack,59208.0,59208.0,11161.0,-2364.0,0.0,1,22219,Sync,True,False,False,False,0,H0
10.193008,timesafe_prod_announce_attack,-45500.0,-45500.0,46841.0,33316.0,0.0,1,22220,Sync,True,False,False,False,0,H0
10.257092,timesafe_prod_announce_attack,57788.0,57788.0,12565.0,-960.0,0.0,1,22221,Sync,True,False,False,False,0,H0
10.321012,timesafe_prod_announce_attack,-44438.0,-44438.0,46067.0,32542.0,0.0,1,22222,Sync,True,False,False,False,0,H0
10.38511,timesafe_prod_announce_attack,24742.0,24742.0,46067.0,32542.0,0.0,1,22223,Sync,True,False,False,False,0,H0
10.449035,timesafe_prod_announce_attack,-44520.0,-44520.0,46689.0,33164.0,0.0,1,22224,Sync,True,False,False,False,0,H0
10.5051,timesafe_prod_announce_attack,56026.0,56026.0,14147.0,622.0,0.0,1,22225,Sync,True,False,False,False,0,H0
10.568997,timesafe_prod_announce_attack,-44022.0,-44022.0,45815.0,32290.0,0.0,1,22226,Sync,True,False,False,False,0,H0
10.633075,timesafe_prod_announce_attack,24622.0,24622.0,45815.0,32290.0,0.0,1,22227,Sync,True,False,False,False,0,H0
10.696992,timesafe_prod_announce_attack,-45992.0,-45992.0,47677.0,34152.0,0.0,1,22228,Sync,True,False,False,False,0,H0
10.761075,timesafe_prod_announce_attack,58276.0,58276.0,12381.0,-1144.0,0.0,1,22229,Sync,True,False,False,False,0,H0
10.824987,timesafe_prod_announce_attack,-45062.0,-45062.0,46775.0,33250.0,0.0,1,22230,Sync,True,False,False,False,0,H0
10.88111,timesafe_prod_announce_attack,23546.0,23546.0,46775.0,33250.0,0.0,1,22231,Sync,True,False,False,False,0,H0
10.944992,timesafe_prod_announce_attack,-43874.0,-43874.0,45519.0,31994.0,0.0,1,22232,Sync,True,False,False,False,0,H0
11.00908,timesafe_prod_announce_attack,58000.0,58000.0,12697.0,-828.0,0.0,1,22233,Sync,True,False,False,False,0,H0
11.073075,timesafe_prod_announce_attack,-44724.0,-44724.0,46393.0,32868.0,0.0,1,22234,Sync,True,False,False,False,0,H0
11.137063,timesafe_prod_announce_attack,6984.0,6984.0,46393.0,32868.0,0.0,1,22235,Sync,True,False,False,False,0,H0
11.193036,timesafe_prod_announce_attack,-37548.0,-37548.0,39581.0,26056.0,0.0,1,22236,Sync,True,False,False,False,0,H0
11.257144,timesafe_prod_announce_attack,59012.0,59012.0,11349.0,-2176.0,0.0,1,22237,Sync,True,False,False,False,0,H0
11.321028,timesafe_prod_announce_attack,-44026.0,-44026.0,46367.0,32842.0,0.0,1,22238,Sync,True,False,False,False,0,H0
11.385139,timesafe_prod_announce_attack,24510.0,24510.0,46367.0,32842.0,0.0,1,22239,Sync,True,False,False,False,0,H0
11.449032,timesafe_prod_announce_attack,-43354.0,-43354.0,44931.0,31406.0,0.0,1,22240,Sync,True,False,False,False,0,H0
11.505069,timesafe_prod_announce_attack,-9512.0,-9512.0,11037.0,-2488.0,0.0,1,22241,Sync,True,False,False,False,0,H0
11.569034,timesafe_prod_announce_attack,-9316.0,-9316.0,11037.0,-2488.0,0.0,1,22242,Sync,True,False,False,False,0,H0
11.63311,timesafe_prod_announce_attack,23146.0,23146.0,13159.0,-366.0,0.0,1,22243,Sync,True,False,False,False,0,H0
11.69701,timesafe_prod_announce_attack,-27314.0,-27314.0,28663.0,15138.0,0.0,1,22244,Sync,True,False,False,False,0,H0
11.76105,timesafe_prod_announce_attack,7838.0,7838.0,28663.0,15138.0,0.0,1,22245,Sync,True,False,False,False,0,H0
11.825008,timesafe_prod_announce_attack,-27902.0,-27902.0,29171.0,15646.0,0.0,1,22246,Sync,True,False,False,False,0,H0
11.88106,timesafe_prod_announce_attack,25834.0,25834.0,10719.0,-2806.0,0.0,1,22247,Sync,True,False,False,False,0,H0
11.945011,timesafe_prod_announce_attack,-26160.0,-26160.0,28045.0,14520.0,0.0,1,22248,Sync,True,False,False,False,0,H0
12.009119,timesafe_prod_announce_attack,59428.0,59428.0,11665.0,-1860.0,0.0,1,22249,Sync,True,False,False,False,0,H0
12.073012,timesafe_prod_announce_attack,-45174.0,-45174.0,46511.0,32986.0,0.0,1,22250,Sync,True,False,False,False,0,H0
12.137083,timesafe_prod_announce_attack,24654.0,24654.0,46511.0,32986.0,0.0,1,22251,Sync,True,False,False,False,0,H0
12.193001,timesafe_prod_announce_attack,-45064.0,-45064.0,46505.0,32980.0,0.0,1,22252,Sync,True,False,False,False,0,H0
12.257088,timesafe_prod_announce_attack,23708.0,23708.0,46505.0,32980.0,0.0,1,22253,Sync,True,False,False,False,0,H0
12.321019,timesafe_prod_announce_attack,-43670.0,-43670.0,45063.0,31538.0,0.0,1,22254,Sync,True,False,False,False,0,H0
12.385058,timesafe_prod_announce_attack,25712.0,25712.0,10721.0,-2804.0,0.0,1,22255,Sync,True,False,False,False,0,H0
12.449005,timesafe_prod_announce_attack,-27768.0,-27768.0,29533.0,16008.0,0.0,1,22256,Sync,True,False,False,False,0,H0
12.505114,timesafe_prod_announce_attack,23496.0,23496.0,12581.0,-944.0,0.0,1,22257,Sync,True,False,False,False,0,H0
12.569032,timesafe_prod_announce_attack,-29200.0,-29200.0,30945.0,17420.0,0.0,1,22258,Sync,True,False,False,False,0,H0
12.633059,timesafe_prod_announce_attack,-29592.0,-29592.0,30945.0,17420.0,0.0,1,22259,Sync,True,False,False,False,0,H0
12.69703,timesafe_prod_announce_attack,-11040.0,-11040.0,13045.0,-480.0,0.0,1,22260,Sync,True,False,False,False,0,H0
12.761092,timesafe_prod_announce_attack,-11468.0,-11468.0,12865.0,-660.0,0.0,1,22261,Sync,True,False,False,False,0,H0
12.825022,timesafe_prod_announce_attack,-11352.0,-11352.0,13021.0,-504.0,0.0,1,22262,Sync,True,False,False,False,0,H0
12.881031,timesafe_prod_announce_attack,-9044.0,-9044.0,11033.0,-2492.0,0.0,1,22263,Sync,True,False,False,False,0,H0
12.945011,timesafe_prod_announce_attack,-9352.0,-9352.0,11033.0,-2492.0,0.0,1,22264,Sync,True,False,False,False,0,H0
13.00903,timesafe_prod_announce_attack,-11754.0,-11754.0,13175.0,-350.0,0.0,1,22265,Sync,True,False,False,False,0,H0
13.073066,timesafe_prod_announce_attack,-11470.0,-11470.0,13175.0,-350.0,0.0,1,22266,Sync,True,False,False,False,0,H0
13.137085,timesafe_prod_announce_attack,-11692.0,-11692.0,12689.0,-836.0,0.0,1,22267,Sync,True,False,False,False,0,H0
13.193033,timesafe_prod_announce_attack,-11608.0,-11608.0,13301.0,-224.0,0.0,1,22268,Sync,True,False,False,False,0,H0
13.257062,timesafe_prod_announce_attack,-12244.0,-12244.0,13301.0,-224.0,0.0,1,22269,Sync,True,False,False,False,0,H0
13.321084,timesafe_prod_announce_attack,-9654.0,-9654.0,11623.0,-1902.0,0.0,1,22270,Sync,True,False,False,False,0,H0
13.385048,timesafe_prod_announce_attack,-9730.0,-9730.0,11623.0,-1902.0,0.0,1,22271,Sync,True,False,False,False,0,H0
13.449071,timesafe_prod_announce_attack,-9302.0,-9302.0,10887.0,-2638.0,0.0,1,22272,Sync,True,False,False,False,0,H0
13.505056,timesafe_prod_announce_attack,-12152.0,-12152.0,13641.0,116.0,0.0,1,22273,Sync,True,False,False,False,0,H0
13.569076,timesafe_prod_announce_attack,-10806.0,-10806.0,12171.0,-1354.0,0.0,1,22274,Sync,True,False,False,False,0,H0
13.633072,timesafe_prod_announce_attack,-11042.0,-11042.0,12171.0,-1354.0,0.0,1,22275,Sync,True,False,False,False,0,H0
13.697077,timesafe_prod_announce_attack,-12138.0,-12138.0,13587.0,62.0,0.0,1,22276,Sync,True,False,False,False,0,H0
13.761128,timesafe_prod_announce_attack,-12126.0,-12126.0,13239.0,-286.0,0.0,1,22277,Sync,True,False,False,False,0,H0
13.825085,timesafe_prod_announce_attack,-11836.0,-11836.0,13261.0,-264.0,0.0,1,22278,Sync,True,False,False,False,0,H0
13.881041,timesafe_prod_announce_attack,-10948.0,-10948.0,13261.0,-264.0,0.0,1,22279,Sync,True,False,False,False,0,H0
13.945055,timesafe_prod_announce_attack,-9252.0,-9252.0,10837.0,-2688.0,0.0,1,22280,Sync,True,False,False,False,0,H0
14.009066,timesafe_prod_announce_attack,-11338.0,-11338.0,13275.0,-250.0,0.0,1,22281,Sync,True,False,False,False,0,H0
14.073034,timesafe_prod_announce_attack,-12188.0,-12188.0,13697.0,172.0,0.0,1,22282,Sync,True,False,False,False,0,H0
14.137036,timesafe_prod_announce_attack,-10592.0,-10592.0,11641.0,-1884.0,0.0,1,22283,Sync,True,False,False,False,0,H0
14.193055,timesafe_prod_announce_attack,-9252.0,-9252.0,10369.0,-3156.0,0.0,1,22284,Sync,True,False,False,False,0,H0
14.257132,timesafe_prod_announce_attack,-9546.0,-9546.0,10579.0,-2946.0,0.0,1,22285,Sync,True,False,False,False,0,H0
14.321058,timesafe_prod_announce_attack,-9024.0,-9024.0,10961.0,-2564.0,0.0,1,22286,Sync,True,False,False,False,0,H0
14.385075,timesafe_prod_announce_attack,-9744.0,-9744.0,11417.0,-2108.0,0.0,1,22287,Sync,True,False,False,False,0,H0
14.449026,timesafe_prod_announce_attack,-10938.0,-10938.0,12299.0,-1226.0,0.0,1,22288,Sync,True,False,False,False,0,H0
14.513067,timesafe_prod_announce_attack,-11314.0,-11314.0,12299.0,-1226.0,0.0,1,22289,Sync,True,False,False,False,0,H0
14.569046,timesafe_prod_announce_attack,-10950.0,-10950.0,12391.0,-1134.0,0.0,1,22290,Sync,True,False,False,False,0,H0
14.633073,timesafe_prod_announce_attack,-11108.0,-11108.0,12985.0,-540.0,0.0,1,22291,Sync,True,False,False,False,0,H0
14.697057,timesafe_prod_announce_attack,-10728.0,-10728.0,12509.0,-1016.0,0.0,1,22292,Sync,True,False,False,False,0,H0
14.761089,timesafe_prod_announce_attack,-11908.0,-11908.0,13369.0,-156.0,0.0,1,22293,Sync,True,False,False,False,0,H0
14.825029,timesafe_prod_announce_attack,-10540.0,-10540.0,12009.0,-1516.0,0.0,1,22294,Sync,True,False,False,False,0,H0
14.881044,timesafe_prod_announce_attack,-11078.0,-11078.0,12591.0,-934.0,0.0,1,22295,Sync,True,False,False,False,0,H0
14.94503,timesafe_prod_announce_attack,-9192.0,-9192.0,10997.0,-2528.0,0.0,1,22296,Sync,True,False,False,False,0,H0
15.009047,timesafe_prod_announce_attack,-12656.0,-12656.0,13925.0,400.0,0.0,1,22297,Sync,True,False,False,False,0,H0
15.073083,timesafe_prod_announce_attack,-11038.0,-11038.0,12479.0,-1046.0,0.0,1,22298,Sync,True,False,False,False,0,H0
15.13708,timesafe_prod_announce_attack,-10166.0,-10166.0,12479.0,-1046.0,0.0,1,22299,Sync,True,False,False,False,0,H0
15.19309,timesafe_prod_announce_attack,-9902.0,-9902.0,10951.0,-2574.0,0.0,1,22300,Sync,True,False,False,False,0,H0
15.257147,timesafe_prod_announce_attack,-10422.0,-10422.0,11987.0,-1538.0,0.0,1,22301,Sync,True,False,False,False,0,H0
15.321089,timesafe_prod_announce_attack,-10740.0,-10740.0,12709.0,-816.0,0.0,1,22302,Sync,True,False,False,False,0,H0
15.385206,timesafe_prod_announce_attack,57960.0,57960.0,12709.0,-816.0,0.0,1,22303,Sync,True,False,False,False,0,H0
15.449082,timesafe_prod_announce_attack,-45156.0,-45156.0,46961.0,33436.0,0.0,1,22304,Sync,True,False,False,False,0,H0
15.51316,timesafe_prod_announce_attack,59540.0,59540.0,11273.0,-2252.0,0.0,1,22305,Sync,True,False,False,False,0,H0
15.569067,timesafe_prod_announce_attack,-9356.0,-9356.0,11273.0,-2252.0,0.0,1,22306,Sync,True,False,False,False,0,H0
15.633119,timesafe_prod_announce_attack,-10462.0,-10462.0,12331.0,-1194.0,0.0,1,22307,Sync,True,False,False,False,0,H0
15.69714,timesafe_prod_announce_attack,-9750.0,-9750.0,11647.0,-1878.0,0.0,1,22308,Sync,True,False,False,False,0,H0
15.762049,timesafe_prod_announce_attack,-10506.0,-10506.0,11591.0,-1934.0,0.0,1,22309,Sync,True,False,False,False,0,H0
15.81783,timesafe_prod_announce_attack,-9934.0,-9934.0,11859.0,-1666.0,0.0,1,22310,Sync,True,False,False,False,0,H0
15.881099,timesafe_prod_announce_attack,-9878.0,-9878.0,11543.0,-1982.0,0.0,1,22311,Sync,True,False,False,False,0,H0
15.945051,timesafe_prod_announce_attack,-10744.0,-10744.0,12217.0,-1308.0,0.0,1,22312,Sync,True,False,False,False,0,H0
16.009066,timesafe_prod_announce_attack,-10582.0,-10582.0,12555.0,-970.0,0.0,1,22313,Sync,True,False,False,False,0,H0
16.073043,timesafe_prod_announce_attack,-11606.0,-11606.0,12555.0,-970.0,0.0,1,22314,Sync,True,False,False,False,0,H0
16.13706,timesafe_prod_announce_attack,-11250.0,-11250.0,12843.0,-682.0,0.0,1,22315,Sync,True,False,False,False,0,H0
16.193039,timesafe_prod_announce_attack,-10658.0,-10658.0,12843.0,-682.0,0.0,1,22316,Sync,True,False,False,False,0,H0
16.257055,timesafe_prod_announce_attack,-9840.0,-9840.0,11285.0,-2240.0,0.0,1,22317,Sync,True,False,False,False,0,H0
16.321068,timesafe_prod_announce_attack,-11826.0,-11826.0,12867.0,-658.0,0.0,1,22318,Sync,True,False,False,False,0,H0
16.385089,timesafe_prod_announce_attack,-11114.0,-11114.0,12867.0,-658.0,0.0,1,22319,Sync,True,False,False,False,0,H0
16.44907,timesafe_prod_announce_attack,-11414.0,-11414.0,12667.0,-858.0,0.0,1,22320,Sync,True,False,False,False,0,H0
16.513097,timesafe_prod_announce_attack,-10102.0,-10102.0,12123.0,-1402.0,0.0,1,22321,Sync,True,False,False,False,0,H0
16.569073,timesafe_prod_announce_attack,-10622.0,-10622.0,12123.0,-1402.0,0.0,1,22322,Sync,True,False,False,False,0,H0
16.633131,timesafe_prod_announce_attack,-10756.0,-10756.0,11857.0,-1668.0,0.0,1,22323,Sync,True,False,False,False,0,H0
16.697041,timesafe_prod_announce_attack,-10656.0,-10656.0,11857.0,-1668.0,0.0,1,22324,Sync,True,False,False,False,0,H0
16.761086,timesafe_prod_announce_attack,-10400.0,-10400.0,12221.0,-1304.0,0.0,1,22325,Sync,True,False,False,False,0,H0
16.825111,timesafe_prod_announce_attack,-10716.0,-10716.0,12221.0,-1304.0,0.0,1,22326,Sync,True,False,False,False,0,H0
16.88112,timesafe_prod_announce_attack,-9790.0,-9790.0,11415.0,-2110.0,0.0,1,22327,Sync,True,False,False,False,0,H0
16.945083,timesafe_prod_announce_attack,-10226.0,-10226.0,11415.0,-2110.0,0.0,1,22328,Sync,True,False,False,False,0,H0
17.009166,timesafe_prod_announce_attack,-10270.0,-10270.0,11191.0,-2334.0,0.0,1,22329,Sync,True,False,False,False,0,H0
17.07311,timesafe_prod_announce_attack,-9492.0,-9492.0,10829.0,-2696.0,0.0,1,22330,Sync,True,False,False,False,0,H0
17.13709,timesafe_prod_announce_attack,-10860.0,-10860.0,11781.0,-1744.0,0.0,1,22331,Sync,True,False,False,False,0,H0
17.193104,timesafe_prod_announce_attack,-10076.0,-10076.0,11781.0,-1744.0,0.0,1,22332,Sync,True,False,False,False,0,H0
17.257117,timesafe_prod_announce_attack,-9730.0,-9730.0,11355.0,-2170.0,0.0,1,22333,Sync,True,False,False,False,0,H0
17.321104,timesafe_prod_announce_attack,-11502.0,-11502.0,13283.0,-242.0,0.0,1,22334,Sync,True,False,False,False,0,H0
17.385126,timesafe_prod_announce_attack,-9676.0,-9676.0,11145.0,-2380.0,0.0,1,22335,Sync,True,False,False,False,0,H0
17.449103,timesafe_prod_announce_attack,-9000.0,-9000.0,10853.0,-2672.0,0.0,1,22336,Sync,True,False,False,False,0,H0
17.505157,timesafe_prod_announce_attack,-11466.0,-11466.0,13179.0,-346.0,0.0,1,22337,Sync,True,False,False,False,0,H0
17.569112,timesafe_prod_announce_attack,-9002.0,-9002.0,10943.0,-2582.0,0.0,1,22338,Sync,True,False,False,False,0,H0
17.63316,timesafe_prod_announce_attack,-9318.0,-9318.0,10943.0,-2582.0,0.0,1,22339,Sync,True,False,False,False,0,H0
17.697673,timesafe_prod_announce_attack,-8934.0,-8934.0,10771.0,-2754.0,0.0,1,22340,Sync,True,False,False,False,0,H0
17.761812,timesafe_prod_announce_attack,-12920.0,-12920.0,13941.0,416.0,0.0,1,22341,Sync,True,False,False,False,0,H0
17.825092,timesafe_prod_announce_attack,-10194.0,-10194.0,11455.0,-2070.0,0.0,1,22342,Sync,True,False,False,False,0,H0
17.881103,timesafe_prod_announce_attack,-10386.0,-10386.0,11455.0,-2070.0,0.0,1,22343,Sync,True,False,False,False,0,H0
17.945068,timesafe_prod_announce_attack,-9844.0,-9844.0,11525.0,-2000.0,0.0,1,22344,Sync,True,False,False,False,0,H0
18.009131,timesafe_prod_announce_attack,-10156.0,-10156.0,11525.0,-2000.0,0.0,1,22345,Sync,True,False,False,False,0,H0
18.073111,timesafe_prod_announce_attack,-11758.0,-11758.0,13107.0,-418.0,0.0,1,22346,Sync,True,False,False,False,0,H0
18.137122,timesafe_prod_announce_attack,-12014.0,-12014.0,13175.0,-350.0,0.0,1,22347,Sync,True,False,False,False,0,H0
18.193115,timesafe_prod_announce_attack,-10346.0,-10346.0,12295.0,-1230.0,0.0,1,22348,Sync,True,False,False,False,0,H0
18.257175,timesafe_prod_announce_attack,23308.0,23308.0,13225.0,-300.0,0.0,1,22349,Sync,True,False,False,False,0,H0
18.321086,timesafe_prod_announce_attack,-11928.0,-11928.0,13225.0,-300.0,0.0,1,22350,Sync,True,False,False,False,0,H0
18.385088,timesafe_prod_announce_attack,-11670.0,-11670.0,13215.0,-310.0,0.0,1,22351,Sync,True,False,False,False,0,H0
18.449084,timesafe_prod_announce_attack,-9444.0,-9444.0,11965.0,-1560.0,0.0,1,22352,Sync,True,False,False,False,0,H0
18.505177,timesafe_prod_announce_attack,-10940.0,-10940.0,11965.0,-1560.0,0.0,1,22353,Sync,True,False,False,False,0,H0
18.569088,timesafe_prod_announce_attack,-9902.0,-9902.0,11655.0,-1870.0,0.0,1,22354,Sync,True,False,False,False,0,H0
18.633144,timesafe_prod_announce_attack,-11600.0,-11600.0,13361.0,-164.0,0.0,1,22355,Sync,True,False,False,False,0,H0
18.697086,timesafe_prod_announce_attack,-9844.0,-9844.0,11925.0,-1600.0,0.0,1,22356,Sync,True,False,False,False,0,H0
18.761127,timesafe_prod_announce_attack,-12580.0,-12580.0,13909.0,384.0,0.0,1,22357,Sync,True,False,False,False,0,H0
18.825088,timesafe_prod_announce_attack,-9732.0,-9732.0,11033.0,-2492.0,0.0,1,22358,Sync,True,False,False,False,0,H0
18.881102,timesafe_prod_announce_attack,-9128.0,-9128.0,11033.0,-2492.0,0.0,1,22359,Sync,True,False,False,False,0,H0
18.945091,timesafe_prod_announce_attack,-11162.0,-11162.0,13027.0,-498.0,0.0,1,22360,Sync,True,False,False,False,0,H0
19.009138,timesafe_prod_announce_attack,-11614.0,-11614.0,13027.0,-498.0,0.0,1,22361,Sync,True,False,False,False,0,H0
19.073094,timesafe_prod_announce_attack,-12128.0,-12128.0,13469.0,-56.0,0.0,1,22362,Sync,True,False,False,False,0,H0
19.137139,timesafe_prod_announce_attack,-10760.0,-10760.0,12397.0,-1128.0,0.0,1,22363,Sync,True,False,False,False,0,H0
19.193121,timesafe_prod_announce_attack,-9436.0,-9436.0,11189.0,-2336.0,0.0,1,22364,Sync,True,False,False,False,0,H0
19.257152,timesafe_prod_announce_attack,-10978.0,-10978.0,12219.0,-1306.0,0.0,1,22365,Sync,True,False,False,False,0,H0
19.321102,timesafe_prod_announce_attack,-10664.0,-10664.0,12157.0,-1368.0,0.0,1,22366,Sync,True,False,False,False,0,H0
19.385153,timesafe_prod_announce_attack,-11778.0,-11778.0,13203.0,-322.0,0.0,1,22367,Sync,True,False,False,False,0,H0
19.44913,timesafe_prod_announce_attack,-11806.0,-11806.0,13203.0,-322.0,0.0,1,22368,Sync,True,False,False,False,0,H0
19.505176,timesafe_prod_announce_attack,-10668.0,-10668.0,11881.0,-1644.0,0.0,1,22369,Sync,True,False,False,False,0,H0
19.569098,timesafe_prod_announce_attack,-10552.0,-10552.0,11881.0,-1644.0,0.0,1,22370,Sync,True,False,False,False,0,H0
19.633132,timesafe_prod_announce_attack,-12098.0,-12098.0,13399.0,-126.0,0.0,1,22371,Sync,True,False,False,False,0,H0
19.697125,timesafe_prod_announce_attack,-9730.0,-9730.0,11167.0,-2358.0,0.0,1,22372,Sync,True,False,False,False,0,H0
19.761094,timesafe_prod_announce_attack,-12478.0,-12478.0,13643.0,118.0,0.0,1,22373,Sync,True,False,False,False,0,H0
19.825128,timesafe_prod_announce_attack,-8822.0,-8822.0,10559.0,-2966.0,0.0,1,22374,Sync,True,False,False,False,0,H0
19.881145,timesafe_prod_announce_attack,-9072.0,-9072.0,10449.0,-3076.0,0.0,1,22375,Sync,True,False,False,False,0,H0
19.9451,timesafe_prod_announce_attack,-10732.0,-10732.0,12821.0,-704.0,0.0,1,22376,Sync,True,False,False,False,0,H0
20.0091,timesafe_prod_announce_attack,-10936.0,-10936.0,12821.0,-704.0,0.0,1,22377,Sync,True,False,False,False,0,H0
20.073097,timesafe_prod_announce_attack,-11550.0,-11550.0,12875.0,-650.0,0.0,1,22378,Sync,True,False,False,False,0,H0
20.13719,timesafe_prod_announce_attack,58398.0,58398.0,12031.0,-1494.0,0.0,1,22379,Sync,True,False,False,False,0,H0
20.193135,timesafe_prod_announce_attack,-44214.0,-44214.0,46303.0,32778.0,0.0,1,22380,Sync,True,False,False,False,0,H0
20.257208,timesafe_prod_announce_attack,24230.0,24230.0,46303.0,32778.0,0.0,1,22381,Sync,True,False,False,False,0,H0
20.321091,timesafe_prod_announce_attack,-44114.0,-44114.0,46051.0,32526.0,0.0,1,22382,Sync,True,False,False,False,0,H0
20.385139,timesafe_prod_announce_attack,22810.0,22810.0,13699.0,174.0,0.0,1,22383,Sync,True,False,False,False,0,H0
20.449134,timesafe_prod_announce_attack,-28774.0,-28774.0,30647.0,17122.0,0.0,1,22384,Sync,True,False,False,False,0,H0
20.505179,timesafe_prod_announce_attack,-29410.0,-29410.0,30647.0,17122.0,0.0,1,22385,Sync,True,False,False,False,0,H0
20.569107,timesafe_prod_announce_attack,-12220.0,-12220.0,13609.0,84.0,0.0,1,22386,Sync,True,False,False,False,0,H0
20.633157,timesafe_prod_announce_attack,-8896.0,-8896.0,10757.0,-2768.0,0.0,1,22387,Sync,True,False,False,False,0,H0
20.697115,timesafe_prod_announce_attack,-8928.0,-8928.0,11973.0,-1552.0,0.0,1,22388,Sync,True,False,False,False,0,H0
20.761095,timesafe_prod_announce_attack,-10898.0,-10898.0,12347.0,-1178.0,0.0,1,22389,Sync,True,False,False,False,0,H0
20.825078,timesafe_prod_announce_attack,-11334.0,-11334.0,12831.0,-694.0,0.0,1,22390,Sync,True,False,False,False,0,H0
20.881118,timesafe_prod_announce_attack,-10656.0,-10656.0,12073.0,-1452.0,0.0,1,22391,Sync,True,False,False,False,0,H0
20.945085,timesafe_prod_announce_attack,-9156.0,-9156.0,10585.0,-2940.0,0.0,1,22392,Sync,True,False,False,False,0,H0
21.009132,timesafe_prod_announce_attack,-11116.0,-11116.0,12993.0,-532.0,0.0,1,22393,Sync,True,False,False,False,0,H0
21.073116,timesafe_prod_announce_attack,-9064.0,-9064.0,10517.0,-3008.0,0.0,1,22394,Sync,True,False,False,False,0,H0
21.137101,timesafe_prod_announce_attack,-9172.0,-9172.0,10517.0,-3008.0,0.0,1,22395,Sync,True,False,False,False,0,H0
21.193116,timesafe_prod_announce_attack,-9324.0,-9324.0,11409.0,-2116.0,0.0,1,22396,Sync,True,False,False,False,0,H0
21.257104,timesafe_prod_announce_attack,-10044.0,-10044.0,11165.0,-2360.0,0.0,1,22397,Sync,True,False,False,False,0,H0
21.321084,timesafe_prod_announce_attack,-9152.0,-9152.0,11165.0,-2360.0,0.0,1,22398,Sync,True,False,False,False,0,H0
21.385107,timesafe_prod_announce_attack,-12470.0,-12470.0,14211.0,686.0,0.0,1,22399,Sync,True,False,False,False,0,H0
21.449148,timesafe_prod_announce_attack,-12128.0,-12128.0,13565.0,40.0,0.0,1,22400,Sync,True,False,False,False,0,H0
21.505165,timesafe_prod_announce_attack,-11888.0,-11888.0,13565.0,40.0,0.0,1,22401,Sync,True,False,False,False,0,H0
21.569118,timesafe_prod_announce_attack,-11986.0,-11986.0,13071.0,-454.0,0.0,1,22402,Sync,True,False,False,False,0,H0
21.633162,timesafe_prod_announce_attack,-11196.0,-11196.0,12137.0,-1388.0,0.0,1,22403,Sync,True,False,False,False,0,H0
21.697115,timesafe_prod_announce_attack,-8906.0,-8906.0,11171.0,-2354.0,0.0,1,22404,Sync,True,False,False,False,0,H0
21.761134,timesafe_prod_announce_attack,-10126.0,-10126.0,11571.0,-1954.0,0.0,1,22405,Sync,True,False,False,False,0,H0
21.825162,timesafe_prod_announce_attack,-10888.0,-10888.0,12281.0,-1244.0,0.0,1,22406,Sync,True,False,False,False,0,H0
21.881173,timesafe_prod_announce_attack,-10310.0,-10310.0,11763.0,-1762.0,0.0,1,22407,Sync,True,False,False,False,0,H0
21.94517,timesafe_prod_announce_attack,-12328.0,-12328.0,13753.0,228.0,0.0,1,22408,Sync,True,False,False,False,0,H0
22.009183,timesafe_prod_announce_attack,-9858.0,-9858.0,11679.0,-1846.0,0.0,1,22409,Sync,True,False,False,False,0,H0
22.07317,timesafe_prod_announce_attack,-10182.0,-10182.0,11679.0,-1846.0,0.0,1,22410,Sync,True,False,False,False,0,H0
22.13722,timesafe_prod_announce_attack,23588.0,23588.0,12117.0,-1408.0,0.0,1,22411,Sync,True,False,False,False,0,H0
22.193177,timesafe_prod_announce_attack,-10764.0,-10764.0,12117.0,-1408.0,0.0,1,22412,Sync,True,False,False,False,0,H0
22.257213,timesafe_prod_announce_attack,59848.0,59848.0,11197.0,-2328.0,0.0,1,22413,Sync,True,False,False,False,0,H0
22.321088,timesafe_prod_announce_attack,-45320.0,-45320.0,46653.0,33128.0,0.0,1,22414,Sync,True,False,False,False,0,H0
22.38514,timesafe_prod_announce_attack,24310.0,24310.0,12475.0,-1050.0,0.0,1,22415,Sync,True,False,False,False,0,H0
22.449119,timesafe_prod_announce_attack,-26518.0,-26518.0,28555.0,15030.0,0.0,1,22416,Sync,True,False,False,False,0,H0
22.513216,timesafe_prod_announce_attack,42414.0,42414.0,28555.0,15030.0,0.0,1,22417,Sync,True,False,False,False,0,H0
22.569125,timesafe_prod_announce_attack,-45822.0,-45822.0,47355.0,33830.0,0.0,1,22418,Sync,True,False,False,False,0,H0
22.633218,timesafe_prod_announce_attack,57870.0,57870.0,12475.0,-1050.0,0.0,1,22419,Sync,True,False,False,False,0,H0
22.697155,timesafe_prod_announce_attack,-45160.0,-45160.0,47597.0,34072.0,0.0,1,22420,Sync,True,False,False,False,0,H0
22.761245,timesafe_prod_announce_attack,23244.0,23244.0,47597.0,34072.0,0.0,1,22421,Sync,True,False,False,False,0,H0
22.825183,timesafe_prod_announce_attack,-45858.0,-45858.0,47907.0,34382.0,0.0,1,22422,Sync,True,False,False,False,0,H0
22.881237,timesafe_prod_announce_attack,22430.0,22430.0,47907.0,34382.0,0.0,1,22423,Sync,True,False,False,False,0,H0
22.945131,timesafe_prod_announce_attack,-43418.0,-43418.0,44927.0,31402.0,0.0,1,22424,Sync,True,False,False,False,0,H0
23.00921,timesafe_prod_announce_attack,57042.0,57042.0,13479.0,-46.0,0.0,1,22425,Sync,True,False,False,False,0,H0
23.073144,timesafe_prod_announce_attack,-42872.0,-42872.0,44885.0,31360.0,0.0,1,22426,Sync,True,False,False,False,0,H0
23.13721,timesafe_prod_announce_attack,57428.0,57428.0,13017.0,-508.0,0.0,1,22427,Sync,True,False,False,False,0,H0
23.193122,timesafe_prod_announce_attack,-43970.0,-43970.0,45839.0,32314.0,0.0,1,22428,Sync,True,False,False,False,0,H0
23.257235,timesafe_prod_announce_attack,56998.0,56998.0,13563.0,38.0,0.0,1,22429,Sync,True,False,False,False,0,H0
23.321129,timesafe_prod_announce_attack,-43754.0,-43754.0,45575.0,32050.0,0.0,1,22430,Sync,True,False,False,False,0,H0
23.385255,timesafe_prod_announce_attack,59618.0,59618.0,11323.0,-2202.0,0.0,1,22431,Sync,True,False,False,False,0,H0
23.449164,timesafe_prod_announce_attack,-8846.0,-8846.0,11323.0,-2202.0,0.0,1,22432,Sync,True,False,False,False,0,H0
23.505279,timesafe_prod_announce_attack,57870.0,57870.0,13007.0,-518.0,0.0,1,22433,Sync,True,False,False,False,0,H0
23.569163,timesafe_prod_announce_attack,-11638.0,-11638.0,13007.0,-518.0,0.0,1,22434,Sync,True,False,False,False,0,H0
23.633307,timesafe_prod_announce_attack,58436.0,58436.0,12705.0,-820.0,0.0,1,22435,Sync,True,False,False,False,0,H0
23.697133,timesafe_prod_announce_attack,-44704.0,-44704.0,46257.0,32732.0,0.0,1,22436,Sync,True,False,False,False,0,H0
23.761256,timesafe_prod_announce_attack,58850.0,58850.0,12475.0,-1050.0,0.0,1,22437,Sync,True,False,False,False,0,H0
23.825105,timesafe_prod_announce_attack,-45724.0,-45724.0,47485.0,33960.0,0.0,1,22438,Sync,True,False,False,False,0,H0
23.881209,timesafe_prod_announce_attack,57654.0,57654.0,13467.0,-58.0,0.0,1,22439,Sync,True,False,False,False,0,H0
23.945156,timesafe_prod_announce_attack,-46662.0,-46662.0,48223.0,34698.0,0.0,1,22440,Sync,True,False,False,False,0,H0
24.009248,timesafe_prod_announce_attack,22858.0,22858.0,48223.0,34698.0,0.0,1,22441,Sync,True,False,False,False,0,H0
24.073165,timesafe_prod_announce_attack,-45358.0,-45358.0,47095.0,33570.0,0.0,1,22442,Sync,True,False,False,False,0,H0
24.13721,timesafe_prod_announce_attack,23414.0,23414.0,47095.0,33570.0,0.0,1,22443,Sync,True,False,False,False,0,H0
24.193117,timesafe_prod_announce_attack,-44644.0,-44644.0,46201.0,32676.0,0.0,1,22444,Sync,True,False,False,False,0,H0
24.257189,timesafe_prod_announce_attack,59262.0,59262.0,11543.0,-1982.0,0.0,1,22445,Sync,True,False,False,False,0,H0
24.321096,timesafe_prod_announce_attack,-44606.0,-44606.0,46023.0,32498.0,0.0,1,22446,Sync,True,False,False,False,0,H0
24.385197,timesafe_prod_announce_attack,58896.0,58896.0,11449.0,-2076.0,0.0,1,22447,Sync,True,False,False,False,0,H0
24.449109,timesafe_prod_announce_attack,-46846.0,-46846.0,47907.0,34382.0,0.0,1,22448,Sync,True,False,False,False,0,H0
24.513179,timesafe_prod_announce_attack,22382.0,22382.0,47907.0,34382.0,0.0,1,22449,Sync,True,False,False,False,0,H0
24.569108,timesafe_prod_announce_attack,-44386.0,-44386.0,45911.0,32386.0,0.0,1,22450,Sync,True,False,False,False,0,H0
24.633199,timesafe_prod_announce_attack,60284.0,60284.0,10673.0,-2852.0,0.0,1,22451,Sync,True,False,False,False,0,H0
24.697154,timesafe_prod_announce_attack,-45504.0,-45504.0,46933.0,33408.0,0.0,1,22452,Sync,True,False,False,False,0,H0
24.761216,timesafe_prod_announce_attack,56290.0,56290.0,14207.0,682.0,0.0,1,22453,Sync,True,False,False,False,0,H0
24.825149,timesafe_prod_announce_attack,-43170.0,-43170.0,45663.0,32138.0,0.0,1,22454,Sync,True,False,False,False,0,H0
24.881276,timesafe_prod_announce_attack,57378.0,57378.0,13675.0,150.0,0.0,1,22455,Sync,True,False,False,False,0,H0
24.94518,timesafe_prod_announce_attack,-45652.0,-45652.0,47517.0,33992.0,0.0,1,22456,Sync,True,False,False,False,0,H0
25.009232,timesafe_prod_announce_attack,56526.0,56526.0,14119.0,594.0,0.0,1,22457,Sync,True,False,False,False,0,H0
25.073149,timesafe_prod_announce_attack,-43654.0,-43654.0,45627.0,32102.0,0.0,1,22458,Sync,True,False,False,False,0,H0
25.137229,timesafe_prod_announce_attack,60136.0,60136.0,10741.0,-2784.0,0.0,1,22459,Sync,True,False,False,False,0,H0
25.193145,timesafe_prod_announce_attack,-8952.0,-8952.0,10741.0,-2784.0,0.0,1,22460,Sync,True,False,False,False,0,H0
25.257211,timesafe_prod_announce_attack,57484.0,57484.0,13089.0,-436.0,0.0,1,22461,Sync,True,False,False,False,0,H0
25.321161,timesafe_prod_announce_attack,-11176.0,-11176.0,13089.0,-436.0,0.0,1,22462,Sync,True,False,False,False,0,H0
25.38527,timesafe_prod_announce_attack,57486.0,57486.0,13643.0,118.0,0.0,1,22463,Sync,True,False,False,False,0,H0
25.449206,timesafe_prod_announce_attack,-43922.0,-43922.0,46115.0,32590.0,0.0,1,22464,Sync,True,False,False,False,0,H0
25.50532,timesafe_prod_announce_attack,24550.0,24550.0,46115.0,32590.0,0.0,1,22465,Sync,True,False,False,False,0,H0
25.569209,timesafe_prod_announce_attack,-45526.0,-45526.0,47163.0,33638.0,0.0,1,22466,Sync,True,False,False,False,0,H0
25.633326,timesafe_prod_announce_attack,57774.0,57774.0,13123.0,-402.0,0.0,1,22467,Sync,True,False,False,False,0,H0
25.697199,timesafe_prod_announce_attack,-45006.0,-45006.0,46419.0,32894.0,0.0,1,22468,Sync,True,False,False,False,0,H0
25.761278,timesafe_prod_announce_attack,59552.0,59552.0,11697.0,-1828.0,0.0,1,22469,Sync,True,False,False,False,0,H0
25.825196,timesafe_prod_announce_attack,-9716.0,-9716.0,11697.0,-1828.0,0.0,1,22470,Sync,True,False,False,False,0,H0
25.88124,timesafe_prod_announce_attack,56738.0,56738.0,14203.0,678.0,0.0,1,22471,Sync,True,False,False,False,0,H0
25.945155,timesafe_prod_announce_attack,-43718.0,-43718.0,45403.0,31878.0,0.0,1,22472,Sync,True,False,False,False,0,H0
26.009245,timesafe_prod_announce_attack,25422.0,25422.0,45403.0,31878.0,0.0,1,22473,Sync,True,False,False,False,0,H0
26.073158,timesafe_prod_announce_attack,-45458.0,-45458.0,47475.0,33950.0,0.0,1,22474,Sync,True,False,False,False,0,H0
26.137256,timesafe_prod_announce_attack,23346.0,23346.0,47475.0,33950.0,0.0,1,22475,Sync,True,False,False,False,0,H0
26.19316,timesafe_prod_announce_attack,-43830.0,-43830.0,45711.0,32186.0,0.0,1,22476,Sync,True,False,False,False,0,H0
26.257268,timesafe_prod_announce_attack,57546.0,57546.0,12771.0,-754.0,0.0,1,22477,Sync,True,False,False,False,0,H0
26.321206,timesafe_prod_announce_attack,-43392.0,-43392.0,44597.0,31072.0,0.0,1,22478,Sync,True,False,False,False,0,H0
26.385275,timesafe_prod_announce_attack,57266.0,57266.0,13503.0,-22.0,0.0,1,22479,Sync,True,False,False,False,0,H0
26.449168,timesafe_prod_announce_attack,-11218.0,-11218.0,13503.0,-22.0,0.0,1,22480,Sync,True,False,False,False,0,H0
26.505301,timesafe_prod_announce_attack,57952.0,57952.0,12801.0,-724.0,0.0,1,22481,Sync,True,False,False,False,0,H0
26.569186,timesafe_prod_announce_attack,-45686.0,-45686.0,47455.0,33930.0,0.0,1,22482,Sync,True,False,False,False,0,H0
26.633316,timesafe_prod_announce_attack,57274.0,57274.0,13063.0,-462.0,0.0,1,22483,Sync,True,False,False,False,0,H0
26.697173,timesafe_prod_announce_attack,-46094.0,-46094.0,47531.0,34006.0,0.0,1,22484,Sync,True,False,False,False,0,H0
26.761288,timesafe_prod_announce_attack,23662.0,23662.0,47531.0,34006.0,0.0,1,22485,Sync,True,False,False,False,0,H0
26.825128,timesafe_prod_announce_attack,-44990.0,-44990.0,46955.0,33430.0,0.0,1,22486,Sync,True,False,False,False,0,H0
26.881204,timesafe_prod_announce_attack,59980.0,59980.0,11497.0,-2028.0,0.0,1,22487,Sync,True,False,False,False,0,H0
26.945132,timesafe_prod_announce_attack,-43798.0,-43798.0,46155.0,32630.0,0.0,1,22488,Sync,True,False,False,False,0,H0
27.009217,timesafe_prod_announce_attack,24118.0,24118.0,46155.0,32630.0,0.0,1,22489,Sync,True,False,False,False,0,H0
27.073167,timesafe_prod_announce_attack,-46080.0,-46080.0,47225.0,33700.0,0.0,1,22490,Sync,True,False,False,False,0,H0
27.13729,timesafe_prod_announce_attack,58094.0,58094.0,12447.0,-1078.0,0.0,1,22491,Sync,True,False,False,False,0,H0
27.193193,timesafe_prod_announce_attack,-10990.0,-10990.0,12447.0,-1078.0,0.0,1,22492,Sync,True,False,False,False,0,H0
27.257287,timesafe_prod_announce_attack,58006.0,58006.0,12635.0,-890.0,0.0,1,22493,Sync,True,False,False,False,0,H0
27.321187,timesafe_prod_announce_attack,-43956.0,-43956.0,45805.0,32280.0,0.0,1,22494,Sync,True,False,False,False,0,H0
27.385279,timesafe_prod_announce_attack,59378.0,59378.0,11759.0,-1766.0,0.0,1,22495,Sync,True,False,False,False,0,H0
27.449166,timesafe_prod_announce_attack,-44206.0,-44206.0,46071.0,32546.0,0.0,1,22496,Sync,True,False,False,False,0,H0
27.51329,timesafe_prod_announce_attack,56798.0,56798.0,13927.0,402.0,0.0,1,22497,Sync,True,False,False,False,0,H0
27.569144,timesafe_prod_announce_attack,-43778.0,-43778.0,45935.0,32410.0,0.0,1,22498,Sync,True,False,False,False,0,H0
27.633288,timesafe_prod_announce_attack,59808.0,59808.0,11085.0,-2440.0,0.0,1,22499,Sync,True,False,False,False,0,H0
27.697208,timesafe_prod_announce_attack,-9252.0,-9252.0,11085.0,-2440.0,0.0,1,22500,Sync,True,False,False,False,0,H0
27.761279,timesafe_prod_announce_attack,59146.0,59146.0,11919.0,-1606.0,0.0,1,22501,Sync,True,False,False,False,0,H0
27.825187,timesafe_prod_announce_attack,-43950.0,-43950.0,45319.0,31794.0,0.0,1,22502,Sync,True,False,False,False,0,H0
27.881288,timesafe_prod_announce_attack,25814.0,25814.0,45319.0,31794.0,0.0,1,22503,Sync,True,False,False,False,0,H0
27.94514,timesafe_prod_announce_attack,-44246.0,-44246.0,45715.0,32190.0,0.0,1,22504,Sync,True,False,False,False,0,H0
28.009228,timesafe_prod_announce_attack,57536.0,57536.0,12705.0,-820.0,0.0,1,22505,Sync,True,False,False,False,0,H0
28.073195,timesafe_prod_announce_attack,-11452.0,-11452.0,12705.0,-820.0,0.0,1,22506,Sync,True,False,False,False,0,H0
28.137281,timesafe_prod_announce_attack,59340.0,59340.0,11665.0,-1860.0,0.0,1,22507,Sync,True,False,False,False,0,H0
28.193175,timesafe_prod_announce_attack,-9516.0,-9516.0,11665.0,-1860.0,0.0,1,22508,Sync,True,False,False,False,0,H0
28.257245,timesafe_prod_announce_attack,58486.0,58486.0,12171.0,-1354.0,0.0,1,22509,Sync,True,False,False,False,0,H0
28.321169,timesafe_prod_announce_attack,-10746.0,-10746.0,12171.0,-1354.0,0.0,1,22510,Sync,True,False,False,False,0,H0
28.385262,timesafe_prod_announce_attack,59846.0,59846.0,11099.0,-2426.0,0.0,1,22511,Sync,True,False,False,False,0,H0
28.449134,timesafe_prod_announce_attack,-9622.0,-9622.0,11099.0,-2426.0,0.0,1,22512,Sync,True,False,False,False,0,H0
28.505254,timesafe_prod_announce_attack,56766.0,56766.0,13391.0,-134.0,0.0,1,22513,Sync,True,False,False,False,0,H0
28.569164,timesafe_prod_announce_attack,-11698.0,-11698.0,13391.0,-134.0,0.0,1,22514,Sync,True,False,False,False,0,H0
28.633299,timesafe_prod_announce_attack,57058.0,57058.0,13795.0,270.0,0.0,1,22515,Sync,True,False,False,False,0,H0
28.697205,timesafe_prod_announce_attack,-46462.0,-46462.0,48135.0,34610.0,0.0,1,22516,Sync,True,False,False,False,0,H0
28.76126,timesafe_prod_announce_attack,57142.0,57142.0,13555.0,30.0,0.0,1,22517,Sync,True,False,False,False,0,H0
28.82521,timesafe_prod_announce_attack,-44560.0,-44560.0,46009.0,32484.0,0.0,1,22518,Sync,True,False,False,False,0,H0
28.881335,timesafe_prod_announce_attack,60808.0,60808.0,11533.0,-1992.0,0.0,1,22519,Sync,True,False,False,False,0,H0
28.945178,timesafe_prod_announce_attack,-9744.0,-9744.0,11533.0,-1992.0,0.0,1,22520,Sync,True,False,False,False,0,H0
29.009264,timesafe_prod_announce_attack,57596.0,57596.0,13229.0,-296.0,0.0,1,22521,Sync,True,False,False,False,0,H0
29.073156,timesafe_prod_announce_attack,-11332.0,-11332.0,13229.0,-296.0,0.0,1,22522,Sync,True,False,False,False,0,H0
29.137263,timesafe_prod_announce_attack,58060.0,58060.0,12205.0,-1320.0,0.0,1,22523,Sync,True,False,False,False,0,H0
29.193181,timesafe_prod_announce_attack,-45770.0,-45770.0,47163.0,33638.0,0.0,1,22524,Sync,True,False,False,False,0,H0
29.257259,timesafe_prod_announce_attack,23926.0,23926.0,47163.0,33638.0,0.0,1,22525,Sync,True,False,False,False,0,H0
29.321176,timesafe_prod_announce_attack,-44118.0,-44118.0,46047.0,32522.0,0.0,1,22526,Sync,True,False,False,False,0,H0
29.385255,timesafe_prod_announce_attack,58734.0,58734.0,11763.0,-1762.0,0.0,1,22527,Sync,True,False,False,False,0,H0
29.449207,timesafe_prod_announce_attack,-9602.0,-9602.0,11763.0,-1762.0,0.0,1,22528,Sync,True,False,False,False,0,H0
29.505287,timesafe_prod_announce_attack,58686.0,58686.0,11783.0,-1742.0,0.0,1,22529,Sync,True,False,False,False,0,H0
29.569221,timesafe_prod_announce_attack,-46650.0,-46650.0,48343.0,34818.0,0.0,1,22530,Sync,True,False,False,False,0,H0
29.633297,timesafe_prod_announce_attack,22594.0,22594.0,48343.0,34818.0,0.0,1,22531,Sync,True,False,False,False,0,H0
29.697308,timesafe_prod_announce_attack,-45018.0,-45018.0,46351.0,32826.0,0.0,1,22532,Sync,True,False,False,False,0,H0
29.761334,timesafe_prod_announce_attack,59166.0,59166.0,12795.0,-730.0,0.0,1,22533,Sync,True,False,False,False,0,H0
29.825222,timesafe_prod_announce_attack,-46796.0,-46796.0,48609.0,35084.0,0.0,1,22534,Sync,True,False,False,False,0,H0
29.881331,timesafe_prod_announce_attack,21912.0,21912.0,48609.0,35084.0,0.0,1,22535,Sync,True,False,False,False,0,H0
29.945155,timesafe_prod_announce_attack,-44514.0,-44514.0,45823.0,32298.0,0.0,1,22536,Sync,True,False,False,False,0,H0
30.009271,timesafe_prod_announce_attack,59242.0,59242.0,11951.0,-1574.0,0.0,1,22537,Sync,True,False,False,False,0,H0
30.073157,timesafe_prod_announce_attack,-43634.0,-43634.0,45683.0,32158.0,0.0,1,22538,Sync,True,False,False,False,0,H0
30.137276,timesafe_prod_announce_attack,59090.0,59090.0,11575.0,-1950.0,0.0,1,22539,Sync,True,False,False,False,0,H0
30.193217,timesafe_prod_announce_attack,-44996.0,-44996.0,46589.0,33064.0,0.0,1,22540,Sync,True,False,False,False,0,H0
30.257278,timesafe_prod_announce_attack,-11286.0,-11286.0,12799.0,-726.0,0.0,1,22541,Sync,True,False,False,False,0,H0
30.3212,timesafe_prod_announce_attack,-10218.0,-10218.0,12151.0,-1374.0,0.0,1,22542,Sync,True,False,False,False,0,H0
30.385345,timesafe_prod_announce_attack,56356.0,56356.0,14017.0,492.0,0.0,1,22543,Sync,True,False,False,False,0,H0
30.449236,timesafe_prod_announce_attack,-43914.0,-43914.0,45995.0,32470.0,0.0,1,22544,Sync,True,False,False,False,0,H0
30.505335,timesafe_prod_announce_attack,25114.0,25114.0,45995.0,32470.0,0.0,1,22545,Sync,True,False,False,False,0,H0
30.569212,timesafe_prod_announce_attack,-44250.0,-44250.0,46335.0,32810.0,0.0,1,22546,Sync,True,False,False,False,0,H0
30.633289,timesafe_prod_announce_attack,60116.0,60116.0,10793.0,-2732.0,0.0,1,22547,Sync,True,False,False,False,0,H0
30.69722,timesafe_prod_announce_attack,-45766.0,-45766.0,47003.0,33478.0,0.0,1,22548,Sync,True,False,False,False,0,H0
30.7613,timesafe_prod_announce_attack,59454.0,59454.0,11147.0,-2378.0,0.0,1,22549,Sync,True,False,False,False,0,H0
30.825276,timesafe_prod_announce_attack,-45016.0,-45016.0,46773.0,33248.0,0.0,1,22550,Sync,True,False,False,False,0,H0
30.881337,timesafe_prod_announce_attack,57016.0,57016.0,13597.0,72.0,0.0,1,22551,Sync,True,False,False,False,0,H0
30.945222,timesafe_prod_announce_attack,-41420.0,-41420.0,45233.0,31708.0,0.0,1,22552,Sync,True,False,False,False,0,H0
31.009297,timesafe_prod_announce_attack,57260.0,57260.0,13821.0,296.0,0.0,1,22553,Sync,True,False,False,False,0,H0
31.073198,timesafe_prod_announce_attack,-45120.0,-45120.0,46681.0,33156.0,0.0,1,22554,Sync,True,False,False,False,0,H0
31.137313,timesafe_prod_announce_attack,59760.0,59760.0,10581.0,-2944.0,0.0,1,22555,Sync,True,False,False,False,0,H0
31.193203,timesafe_prod_announce_attack,-46566.0,-46566.0,48187.0,34662.0,0.0,1,22556,Sync,True,False,False,False,0,H0
31.257322,timesafe_prod_announce_attack,57260.0,57260.0,13117.0,-408.0,0.0,1,22557,Sync,True,False,False,False,0,H0
31.321205,timesafe_prod_announce_attack,-10712.0,-10712.0,13117.0,-408.0,0.0,1,22558,Sync,True,False,False,False,0,H0
31.385313,timesafe_prod_announce_attack,60086.0,60086.0,10651.0,-2874.0,0.0,1,22559,Sync,True,False,False,False,0,H0
31.4492,timesafe_prod_announce_attack,-44244.0,-44244.0,45669.0,32144.0,0.0,1,22560,Sync,True,False,False,False,0,H0
31.505314,timesafe_prod_announce_attack,24600.0,24600.0,45669.0,32144.0,0.0,1,22561,Sync,True,False,False,False,0,H0
31.569205,timesafe_prod_announce_attack,-44332.0,-44332.0,46221.0,32696.0,0.0,1,22562,Sync,True,False,False,False,0,H0
31.633528,timesafe_prod_announce_attack,56916.0,56916.0,14017.0,492.0,0.0,1,22563,Sync,True,False,False,False,0,H0
31.697205,timesafe_prod_announce_attack,-12116.0,-12116.0,14017.0,492.0,0.0,1,22564,Sync,True,False,False,False,0,H0
31.761338,timesafe_prod_announce_attack,58548.0,58548.0,11901.0,-1624.0,0.0,1,22565,Sync,True,False,False,False,0,H0
31.825267,timesafe_prod_announce_attack,-10680.0,-10680.0,11901.0,-1624.0,0.0,1,22566,Sync,True,False,False,False,0,H0
31.881318,timesafe_prod_announce_attack,60052.0,60052.0,11145.0,-2380.0,0.0,1,22567,Sync,True,False,False,False,0,H0
31.945236,timesafe_prod_announce_attack,-45554.0,-45554.0,47583.0,34058.0,0.0,1,22568,Sync,True,False,False,False,0,H0
32.009329,timesafe_prod_announce_attack,22822.0,22822.0,47583.0,34058.0,0.0,1,22569,Sync,True,False,False,False,0,H0
32.073229,timesafe_prod_announce_attack,-46218.0,-46218.0,47795.0,34270.0,0.0,1,22570,Sync,True,False,False,False,0,H0
32.137325,timesafe_prod_announce_attack,58290.0,58290.0,12647.0,-878.0,0.0,1,22571,Sync,True,False,False,False,0,H0
32.193236,timesafe_prod_announce_attack,-44100.0,-44100.0,45369.0,31844.0,0.0,1,22572,Sync,True,False,False,False,0,H0
32.257259,timesafe_prod_announce_attack,60184.0,60184.0,10505.0,-3020.0,0.0,1,22573,Sync,True,False,False,False,0,H0
32.321176,timesafe_prod_announce_attack,-44784.0,-44784.0,46413.0,32888.0,0.0,1,22574,Sync,True,False,False,False,0,H0
32.385267,timesafe_prod_announce_attack,59678.0,59678.0,11307.0,-2218.0,0.0,1,22575,Sync,True,False,False,False,0,H0
32.449212,timesafe_prod_announce_attack,-43248.0,-43248.0,45041.0,31516.0,0.0,1,22576,Sync,True,False,False,False,0,H0
32.513266,timesafe_prod_announce_attack,59414.0,59414.0,11171.0,-2354.0,0.0,1,22577,Sync,True,False,False,False,0,H0
32.569179,timesafe_prod_announce_attack,-46040.0,-46040.0,48141.0,34616.0,0.0,1,22578,Sync,True,False,False,False,0,H0
32.633291,timesafe_prod_announce_attack,58298.0,58298.0,12407.0,-1118.0,0.0,1,22579,Sync,True,False,False,False,0,H0
32.697179,timesafe_prod_announce_attack,-45602.0,-45602.0,47511.0,33986.0,0.0,1,22580,Sync,True,False,False,False,0,H0
32.761273,timesafe_prod_announce_attack,59266.0,59266.0,11751.0,-1774.0,0.0,1,22581,Sync,True,False,False,False,0,H0
32.825181,timesafe_prod_announce_attack,-9774.0,-9774.0,11751.0,-1774.0,0.0,1,22582,Sync,True,False,False,False,0,H0
32.881256,timesafe_prod_announce_attack,57396.0,57396.0,13021.0,-504.0,0.0,1,22583,Sync,True,False,False,False,0,H0
32.945177,timesafe_prod_announce_attack,-45222.0,-45222.0,47007.0,33482.0,0.0,1,22584,Sync,True,False,False,False,0,H0
33.009271,timesafe_prod_announce_attack,59404.0,59404.0,10889.0,-2636.0,0.0,1,22585,Sync,True,False,False,False,0,H0
33.073185,timesafe_prod_announce_attack,-43538.0,-43538.0,45159.0,31634.0,0.0,1,22586,Sync,True,False,False,False,0,H0
33.137279,timesafe_prod_announce_attack,25542.0,25542.0,45159.0,31634.0,0.0,1,22587,Sync,True,False,False,False,0,H0
33.193221,timesafe_prod_announce_attack,-44240.0,-44240.0,45705.0,32180.0,0.0,1,22588,Sync,True,False,False,False,0,H0
33.257285,timesafe_prod_announce_attack,58692.0,58692.0,12317.0,-1208.0,0.0,1,22589,Sync,True,False,False,False,0,H0
33.321218,timesafe_prod_announce_attack,-44570.0,-44570.0,46451.0,32926.0,0.0,1,22590,Sync,True,False,False,False,0,H0
33.385306,timesafe_prod_announce_attack,24618.0,24618.0,46451.0,32926.0,0.0,1,22591,Sync,True,False,False,False,0,H0
33.449209,timesafe_prod_announce_attack,-46662.0,-46662.0,48291.0,34766.0,0.0,1,22592,Sync,True,False,False,False,0,H0
33.513308,timesafe_prod_announce_attack,22786.0,22786.0,48291.0,34766.0,0.0,1,22593,Sync,True,False,False,False,0,H0
33.569219,timesafe_prod_announce_attack,-44194.0,-44194.0,45363.0,31838.0,0.0,1,22594,Sync,True,False,False,False,0,H0
33.633353,timesafe_prod_announce_attack,59650.0,59650.0,10859.0,-2666.0,0.0,1,22595,Sync,True,False,False,False,0,H0
33.69722,timesafe_prod_announce_attack,-8986.0,-8986.0,10859.0,-2666.0,0.0,1,22596,Sync,True,False,False,False,0,H0
33.761299,timesafe_prod_announce_attack,58932.0,58932.0,11433.0,-2092.0,0.0,1,22597,Sync,True,False,False,False,0,H0
33.825194,timesafe_prod_announce_attack,-9624.0,-9624.0,11433.0,-2092.0,0.0,1,22598,Sync,True,False,False,False,0,H0
33.881344,timesafe_prod_announce_attack,56830.0,56830.0,13943.0,418.0,0.0,1,22599,Sync,True,False,False,False,0,H0
33.945237,timesafe_prod_announce_attack,-43682.0,-43682.0,45763.0,32238.0,0.0,1,22600,Sync,True,False,False,False,0,H0
34.009382,timesafe_prod_announce_attack,25234.0,25234.0,45763.0,32238.0,0.0,1,22601,Sync,True,False,False,False,0,H0
34.073715,timesafe_prod_announce_attack,-43446.0,-43446.0,45331.0,31806.0,0.0,1,22602,Sync,True,False,False,False,0,H0
34.137317,timesafe_prod_announce_attack,59870.0,59870.0,10983.0,-2542.0,0.0,1,22603,Sync,True,False,False,False,0,H0
34.193229,timesafe_prod_announce_attack,-46404.0,-46404.0,48105.0,34580.0,0.0,1,22604,Sync,True,False,False,False,0,H0
34.257398,timesafe_prod_announce_attack,57048.0,57048.0,13529.0,4.0,0.0,1,22605,Sync,True,False,False,False,0,H0
34.321259,timesafe_prod_announce_attack,-44766.0,-44766.0,46471.0,32946.0,0.0,1,22606,Sync,True,False,False,False,0,H0
34.385355,timesafe_prod_announce_attack,59182.0,59182.0,11747.0,-1778.0,0.0,1,22607,Sync,True,False,False,False,0,H0
34.449202,timesafe_prod_announce_attack,-9854.0,-9854.0,11747.0,-1778.0,0.0,1,22608,Sync,True,False,False,False,0,H0
34.513314,timesafe_prod_announce_attack,59826.0,59826.0,11075.0,-2450.0,0.0,1,22609,Sync,True,False,False,False,0,H0
34.569273,timesafe_prod_announce_attack,-45010.0,-45010.0,46967.0,33442.0,0.0,1,22610,Sync,True,False,False,False,0,H0
34.633347,timesafe_prod_announce_attack,57086.0,57086.0,13531.0,6.0,0.0,1,22611,Sync,True,False,False,False,0,H0
34.697262,timesafe_prod_announce_attack,-11938.0,-11938.0,13531.0,6.0,0.0,1,22612,Sync,True,False,False,False,0,H0
34.761325,timesafe_prod_announce_attack,57678.0,57678.0,13083.0,-442.0,0.0,1,22613,Sync,True,False,False,False,0,H0
34.825214,timesafe_prod_announce_attack,-11770.0,-11770.0,13083.0,-442.0,0.0,1,22614,Sync,True,False,False,False,0,H0
34.88142,timesafe_prod_announce_attack,58012.0,58012.0,12633.0,-892.0,0.0,1,22615,Sync,True,False,False,False,0,H0
34.945362,timesafe_prod_announce_attack,-41636.0,-41636.0,45073.0,31548.0,0.0,1,22616,Sync,True,False,False,False,0,H0
35.009348,timesafe_prod_announce_attack,58376.0,58376.0,12345.0,-1180.0,0.0,1,22617,Sync,True,False,False,False,0,H0
35.073268,timesafe_prod_announce_attack,-10440.0,-10440.0,12345.0,-1180.0,0.0,1,22618,Sync,True,False,False,False,0,H0
35.137309,timesafe_prod_announce_attack,59772.0,59772.0,10445.0,-3080.0,0.0,1,22619,Sync,True,False,False,False,0,H0
35.193262,timesafe_prod_announce_attack,-8336.0,-8336.0,10445.0,-3080.0,0.0,1,22620,Sync,True,False,False,False,0,H0
35.257297,timesafe_prod_announce_attack,60434.0,60434.0,10567.0,-2958.0,0.0,1,22621,Sync,True,False,False,False,0,H0
35.32126,timesafe_prod_announce_attack,-45988.0,-45988.0,47925.0,34400.0,0.0,1,22622,Sync,True,False,False,False,0,H0
35.385348,timesafe_prod_announce_attack,23132.0,23132.0,47925.0,34400.0,0.0,1,22623,Sync,True,False,False,False,0,H0
35.449259,timesafe_prod_announce_attack,-46630.0,-46630.0,47863.0,34338.0,0.0,1,22624,Sync,True,False,False,False,0,H0
35.505299,timesafe_prod_announce_attack,60068.0,60068.0,10565.0,-2960.0,0.0,1,22625,Sync,True,False,False,False,0,H0
35.570289,timesafe_prod_announce_attack,-45398.0,-45398.0,47567.0,34042.0,0.0,1,22626,Sync,True,False,False,False,0,H0
35.633351,timesafe_prod_announce_attack,23310.0,23310.0,47567.0,34042.0,0.0,1,22627,Sync,True,False,False,False,0,H0
35.697243,timesafe_prod_announce_attack,-43924.0,-43924.0,45917.0,32392.0,0.0,1,22628,Sync,True,False,False,False,0,H0
35.761357,timesafe_prod_announce_attack,59406.0,59406.0,12239.0,-1286.0,0.0,1,22629,Sync,True,False,False,False,0,H0
35.825289,timesafe_prod_announce_attack,-10706.0,-10706.0,12239.0,-1286.0,0.0,1,22630,Sync,True,False,False,False,0,H0
35.881335,timesafe_prod_announce_attack,61510.0,61510.0,11823.0,-1702.0,0.0,1,22631,Sync,True,False,False,False,0,H0
35.945336,timesafe_prod_announce_attack,-44550.0,-44550.0,46515.0,32990.0,0.0,1,22632,Sync,True,False,False,False,0,H0
36.009324,timesafe_prod_announce_attack,60108.0,60108.0,10649.0,-2876.0,0.0,1,22633,Sync,True,False,False,False,0,H0
36.073225,timesafe_prod_announce_attack,-45162.0,-45162.0,47131.0,33606.0,0.0,1,22634,Sync,True,False,False,False,0,H0
36.137318,timesafe_prod_announce_attack,58812.0,58812.0,11609.0,-1916.0,0.0,1,22635,Sync,True,False,False,False,0,H0
36.193286,timesafe_prod_announce_attack,-9868.0,-9868.0,11609.0,-1916.0,0.0,1,22636,Sync,True,False,False,False,0,H0
36.257304,timesafe_prod_announce_attack,59468.0,59468.0,11325.0,-2200.0,0.0,1,22637,Sync,True,False,False,False,0,H0
36.321239,timesafe_prod_announce_attack,-10084.0,-10084.0,11325.0,-2200.0,0.0,1,22638,Sync,True,False,False,False,0,H0
36.385297,timesafe_prod_announce_attack,58060.0,58060.0,12641.0,-884.0,0.0,1,22639,Sync,True,False,False,False,0,H0
36.44921,timesafe_prod_announce_attack,-45166.0,-45166.0,47283.0,33758.0,0.0,1,22640,Sync,True,False,False,False,0,H0
36.513298,timesafe_prod_announce_attack,58882.0,58882.0,11407.0,-2118.0,0.0,1,22641,Sync,True,False,False,False,0,H0
36.569217,timesafe_prod_announce_attack,-46036.0,-46036.0,47517.0,33992.0,0.0,1,22642,Sync,True,False,False,False,0,H0
36.6333,timesafe_prod_announce_attack,23136.0,23136.0,47517.0,33992.0,0.0,1,22643,Sync,True,False,False,False,0,H0
36.697222,timesafe_prod_announce_attack,-46982.0,-46982.0,48211.0,34686.0,0.0,1,22644,Sync,True,False,False,False,0,H0
36.761318,timesafe_prod_announce_attack,23018.0,23018.0,48211.0,34686.0,0.0,1,22645,Sync,True,False,False,False,0,H0
36.825237,timesafe_prod_announce_attack,-46786.0,-46786.0,47999.0,34474.0,0.0,1,22646,Sync,True,False,False,False,0,H0
36.881376,timesafe_prod_announce_attack,58258.0,58258.0,13091.0,-434.0,0.0,1,22647,Sync,True,False,False,False,0,H0
36.945245,timesafe_prod_announce_attack,-11150.0,-11150.0,13091.0,-434.0,0.0,1,22648,Sync,True,False,False,False,0,H0
37.009365,timesafe_prod_announce_attack,59246.0,59246.0,11903.0,-1622.0,0.0,1,22649,Sync,True,False,False,False,0,H0
37.073234,timesafe_prod_announce_attack,-9738.0,-9738.0,11903.0,-1622.0,0.0,1,22650,Sync,True,False,False,False,0,H0
37.137358,timesafe_prod_announce_attack,59442.0,59442.0,11131.0,-2394.0,0.0,1,22651,Sync,True,False,False,False,0,H0
37.193231,timesafe_prod_announce_attack,-44872.0,-44872.0,46093.0,32568.0,0.0,1,22652,Sync,True,False,False,False,0,H0
37.257441,timesafe_prod_announce_attack,24860.0,24860.0,46093.0,32568.0,0.0,1,22653,Sync,True,False,False,False,0,H0
37.321256,timesafe_prod_announce_attack,-45350.0,-45350.0,46923.0,33398.0,0.0,1,22654,Sync,True,False,False,False,0,H0
37.385334,timesafe_prod_announce_attack,60116.0,60116.0,11113.0,-2412.0,0.0,1,22655,Sync,True,False,False,False,0,H0
37.449251,timesafe_prod_announce_attack,-44990.0,-44990.0,46899.0,33374.0,0.0,1,22656,Sync,True,False,False,False,0,H0
37.505395,timesafe_prod_announce_attack,58808.0,58808.0,11545.0,-1980.0,0.0,1,22657,Sync,True,False,False,False,0,H0
37.569222,timesafe_prod_announce_attack,-9616.0,-9616.0,11545.0,-1980.0,0.0,1,22658,Sync,True,False,False,False,0,H0
37.633309,timesafe_prod_announce_attack,57262.0,57262.0,13195.0,-330.0,0.0,1,22659,Sync,True,False,False,False,0,H0
37.697223,timesafe_prod_announce_attack,-44988.0,-44988.0,46973.0,33448.0,0.0,1,22660,Sync,True,False,False,False,0,H0
37.761343,timesafe_prod_announce_attack,56482.0,56482.0,13679.0,154.0,0.0,1,22661,Sync,True,False,False,False,0,H0
37.825247,timesafe_prod_announce_attack,-43486.0,-43486.0,46855.0,33330.0,0.0,1,22662,Sync,True,False,False,False,0,H0
37.881369,timesafe_prod_announce_attack,24186.0,24186.0,46855.0,33330.0,0.0,1,22663,Sync,True,False,False,False,0,H0
37.945264,timesafe_prod_announce_attack,-43214.0,-43214.0,45199.0,31674.0,0.0,1,22664,Sync,True,False,False,False,0,H0
38.009371,timesafe_prod_announce_attack,58708.0,58708.0,11861.0,-1664.0,0.0,1,22665,Sync,True,False,False,False,0,H0
38.073287,timesafe_prod_announce_attack,-44402.0,-44402.0,45555.0,32030.0,0.0,1,22666,Sync,True,False,False,False,0,H0
38.137349,timesafe_prod_announce_attack,25310.0,25310.0,45555.0,32030.0,0.0,1,22667,Sync,True,False,False,False,0,H0
38.193252,timesafe_prod_announce_attack,-43796.0,-43796.0,45421.0,31896.0,0.0,1,22668,Sync,True,False,False,False,0,H0
38.257371,timesafe_prod_announce_attack,58618.0,58618.0,12219.0,-1306.0,0.0,1,22669,Sync,True,False,False,False,0,H0
38.321229,timesafe_prod_announce_attack,-45786.0,-45786.0,47751.0,34226.0,0.0,1,22670,Sync,True,False,False,False,0,H0
38.385366,timesafe_prod_announce_attack,56922.0,56922.0,13719.0,194.0,0.0,1,22671,Sync,True,False,False,False,0,H0
38.449272,timesafe_prod_announce_attack,-45756.0,-45756.0,47553.0,34028.0,0.0,1,22672,Sync,True,False,False,False,0,H0
38.505373,timesafe_prod_announce_attack,59840.0,59840.0,11081.0,-2444.0,0.0,1,22673,Sync,True,False,False,False,0,H0
38.569295,timesafe_prod_announce_attack,-8964.0,-8964.0,11081.0,-2444.0,0.0,1,22674,Sync,True,False,False,False,0,H0
38.633559,timesafe_prod_announce_attack,57326.0,57326.0,12891.0,-634.0,0.0,1,22675,Sync,True,False,False,False,0,H0
38.697295,timesafe_prod_announce_attack,-44098.0,-44098.0,45399.0,31874.0,0.0,1,22676,Sync,True,False,False,False,0,H0
38.761355,timesafe_prod_announce_attack,57942.0,57942.0,12363.0,-1162.0,0.0,1,22677,Sync,True,False,False,False,0,H0
38.825278,timesafe_prod_announce_attack,-43902.0,-43902.0,45355.0,31830.0,0.0,1,22678,Sync,True,False,False,False,0,H0
38.88137,timesafe_prod_announce_attack,25974.0,25974.0,45355.0,31830.0,0.0,1,22679,Sync,True,False,False,False,0,H0
38.945324,timesafe_prod_announce_attack,-44800.0,-44800.0,46229.0,32704.0,0.0,1,22680,Sync,True,False,False,False,0,H0
39.009347,timesafe_prod_announce_attack,57532.0,57532.0,12857.0,-668.0,0.0,1,22681,Sync,True,False,False,False,0,H0
39.073296,timesafe_prod_announce_attack,-43876.0,-43876.0,45509.0,31984.0,0.0,1,22682,Sync,True,False,False,False,0,H0
39.137407,timesafe_prod_announce_attack,24912.0,24912.0,45509.0,31984.0,0.0,1,22683,Sync,True,False,False,False,0,H0
39.193289,timesafe_prod_announce_attack,-43622.0,-43622.0,44667.0,31142.0,0.0,1,22684,Sync,True,False,False,False,0,H0
39.25735,timesafe_prod_announce_attack,58018.0,58018.0,12879.0,-646.0,0.0,1,22685,Sync,True,False,False,False,0,H0
39.321264,timesafe_prod_announce_attack,-44592.0,-44592.0,46177.0,32652.0,0.0,1,22686,Sync,True,False,False,False,0,H0
39.385335,timesafe_prod_announce_attack,59858.0,59858.0,10971.0,-2554.0,0.0,1,22687,Sync,True,False,False,False,0,H0
39.449286,timesafe_prod_announce_attack,-7890.0,-7890.0,10971.0,-2554.0,0.0,1,22688,Sync,True,False,False,False,0,H0
39.505353,timesafe_prod_announce_attack,58632.0,58632.0,11665.0,-1860.0,0.0,1,22689,Sync,True,False,False,False,0,H0
39.569272,timesafe_prod_announce_attack,-45904.0,-45904.0,47157.0,33632.0,0.0,1,22690,Sync,True,False,False,False,0,H0
39.633357,timesafe_prod_announce_attack,59556.0,59556.0,10881.0,-2644.0,0.0,1,22691,Sync,True,False,False,False,0,H0
39.697311,timesafe_prod_announce_attack,-9168.0,-9168.0,10881.0,-2644.0,0.0,1,22692,Sync,True,False,False,False,0,H0
39.761419,timesafe_prod_announce_attack,58484.0,58484.0,12029.0,-1496.0,0.0,1,22693,Sync,True,False,False,False,0,H0
39.825267,timesafe_prod_announce_attack,-10728.0,-10728.0,12029.0,-1496.0,0.0,1,22694,Sync,True,False,False,False,0,H0
39.88133,timesafe_prod_announce_attack,59268.0,59268.0,11401.0,-2124.0,0.0,1,22695,Sync,True,False,False,False,0,H0
39.945277,timesafe_prod_announce_attack,-9608.0,-9608.0,11401.0,-2124.0,0.0,1,22696,Sync,True,False,False,False,0,H0
40.00939,timesafe_prod_announce_attack,60314.0,60314.0,10775.0,-2750.0,0.0,1,22697,Sync,True,False,False,False,0,H0
40.073304,timesafe_prod_announce_attack,-44952.0,-44952.0,46649.0,33124.0,0.0,1,22698,Sync,True,False,False,False,0,H0
40.137375,timesafe_prod_announce_attack,59618.0,59618.0,11431.0,-2094.0,0.0,1,22699,Sync,True,False,False,False,0,H0
40.193258,timesafe_prod_announce_attack,-43902.0,-43902.0,46015.0,32490.0,0.0,1,22700,Sync,True,False,False,False,0,H0
40.257369,timesafe_prod_announce_attack,57786.0,57786.0,12663.0,-862.0,0.0,1,22701,Sync,True,False,False,False,0,H0
40.321247,timesafe_prod_announce_attack,-11310.0,-11310.0,12663.0,-862.0,0.0,1,22702,Sync,True,False,False,False,0,H0
40.38535,timesafe_prod_announce_attack,56826.0,56826.0,13355.0,-170.0,0.0,1,22703,Sync,True,False,False,False,0,H0
40.449247,timesafe_prod_announce_attack,-45192.0,-45192.0,46709.0,33184.0,0.0,1,22704,Sync,True,False,False,False,0,H0
40.50537,timesafe_prod_announce_attack,59412.0,59412.0,11589.0,-1936.0,0.0,1,22705,Sync,True,False,False,False,0,H0
40.569287,timesafe_prod_announce_attack,-10128.0,-10128.0,11589.0,-1936.0,0.0,1,22706,Sync,True,False,False,False,0,H0
40.633429,timesafe_prod_announce_attack,58550.0,58550.0,12147.0,-1378.0,0.0,1,22707,Sync,True,False,False,False,0,H0
40.697286,timesafe_prod_announce_attack,-10402.0,-10402.0,12147.0,-1378.0,0.0,1,22708,Sync,True,False,False,False,0,H0
40.761402,timesafe_prod_announce_attack,58270.0,58270.0,12567.0,-958.0,0.0,1,22709,Sync,True,False,False,False,0,H0
40.817897,timesafe_prod_announce_attack,-46904.0,-46904.0,48705.0,35180.0,0.0,1,22710,Sync,True,False,False,False,0,H0
40.881384,timesafe_prod_announce_attack,22652.0,22652.0,48705.0,35180.0,0.0,1,22711,Sync,True,False,False,False,0,H0
40.945247,timesafe_prod_announce_attack,-44704.0,-44704.0,46121.0,32596.0,0.0,1,22712,Sync,True,False,False,False,0,H0
41.009334,timesafe_prod_announce_attack,25608.0,25608.0,46121.0,32596.0,0.0,1,22713,Sync,True,False,False,False,0,H0
41.073339,timesafe_prod_announce_attack,-47048.0,-47048.0,48213.0,34688.0,0.0,1,22714,Sync,True,False,False,False,0,H0
41.137459,timesafe_prod_announce_attack,59434.0,59434.0,11675.0,-1850.0,0.0,1,22715,Sync,True,False,False,False,0,H0
41.193287,timesafe_prod_announce_attack,-47050.0,-47050.0,48435.0,34910.0,0.0,1,22716,Sync,True,False,False,False,0,H0
41.257435,timesafe_prod_announce_attack,22526.0,22526.0,48435.0,34910.0,0.0,1,22717,Sync,True,False,False,False,0,H0
41.321294,timesafe_prod_announce_attack,-45894.0,-45894.0,47683.0,34158.0,0.0,1,22718,Sync,True,False,False,False,0,H0
41.385409,timesafe_prod_announce_attack,57540.0,57540.0,13413.0,-112.0,0.0,1,22719,Sync,True,False,False,False,0,H0
41.44929,timesafe_prod_announce_attack,-43450.0,-43450.0,44967.0,31442.0,0.0,1,22720,Sync,True,False,False,False,0,H0
41.505408,timesafe_prod_announce_attack,25706.0,25706.0,44967.0,31442.0,0.0,1,22721,Sync,True,False,False,False,0,H0
41.569248,timesafe_prod_announce_attack,-46134.0,-46134.0,47903.0,34378.0,0.0,1,22722,Sync,True,False,False,False,0,H0
41.633434,timesafe_prod_announce_attack,22978.0,22978.0,47903.0,34378.0,0.0,1,22723,Sync,True,False,False,False,0,H0
41.697357,timesafe_prod_announce_attack,-46366.0,-46366.0,47595.0,34070.0,0.0,1,22724,Sync,True,False,False,False,0,H0
41.761424,timesafe_prod_announce_attack,58220.0,58220.0,12825.0,-700.0,0.0,1,22725,Sync,True,False,False,False,0,H0
41.825379,timesafe_prod_announce_attack,-10484.0,-10484.0,12825.0,-700.0,0.0,1,22726,Sync,True,False,False,False,0,H0
41.881428,timesafe_prod_announce_attack,58070.0,58070.0,13111.0,-414.0,0.0,1,22727,Sync,True,False,False,False,0,H0
41.945274,timesafe_prod_announce_attack,-45926.0,-45926.0,47279.0,33754.0,0.0,1,22728,Sync,True,False,False,False,0,H0
42.009426,timesafe_prod_announce_attack,61044.0,61044.0,10209.0,-3316.0,0.0,1,22729,Sync,True,False,False,False,0,H0
42.073346,timesafe_prod_announce_attack,-46732.0,-46732.0,48189.0,34664.0,0.0,1,22730,Sync,True,False,False,False,0,H0
42.137374,timesafe_prod_announce_attack,22372.0,22372.0,48189.0,34664.0,0.0,1,22731,Sync,True,False,False,False,0,H0
42.193326,timesafe_prod_announce_attack,-45062.0,-45062.0,47379.0,33854.0,0.0,1,22732,Sync,True,False,False,False,0,H0
42.257389,timesafe_prod_announce_attack,23386.0,23386.0,47379.0,33854.0,0.0,1,22733,Sync,True,False,False,False,0,H0
42.321321,timesafe_prod_announce_attack,-42576.0,-42576.0,44985.0,31460.0,0.0,1,22734,Sync,True,False,False,False,0,H0
42.385399,timesafe_prod_announce_attack,57424.0,57424.0,13237.0,-288.0,0.0,1,22735,Sync,True,False,False,False,0,H0
42.449296,timesafe_prod_announce_attack,-43712.0,-43712.0,45869.0,32344.0,0.0,1,22736,Sync,True,False,False,False,0,H0
42.505418,timesafe_prod_announce_attack,25144.0,25144.0,45869.0,32344.0,0.0,1,22737,Sync,True,False,False,False,0,H0
42.569323,timesafe_prod_announce_attack,-45112.0,-45112.0,46929.0,33404.0,0.0,1,22738,Sync,True,False,False,False,0,H0
42.633397,timesafe_prod_announce_attack,57130.0,57130.0,13731.0,206.0,0.0,1,22739,Sync,True,False,False,False,0,H0
42.697301,timesafe_prod_announce_attack,-11674.0,-11674.0,13731.0,206.0,0.0,1,22740,Sync,True,False,False,False,0,H0
42.761408,timesafe_prod_announce_attack,57060.0,57060.0,13685.0,160.0,0.0,1,22741,Sync,True,False,False,False,0,H0
42.82529,timesafe_prod_announce_attack,-46516.0,-46516.0,48029.0,34504.0,0.0,1,22742,Sync,True,False,False,False,0,H0
42.881378,timesafe_prod_announce_attack,23136.0,23136.0,48029.0,34504.0,0.0,1,22743,Sync,True,False,False,False,0,H0
42.94527,timesafe_prod_announce_attack,-46438.0,-46438.0,48395.0,34870.0,0.0,1,22744,Sync,True,False,False,False,0,H0
43.00953,timesafe_prod_announce_attack,57590.0,57590.0,13475.0,-50.0,0.0,1,22745,Sync,True,False,False,False,0,H0
43.073327,timesafe_prod_announce_attack,-43582.0,-43582.0,45579.0,32054.0,0.0,1,22746,Sync,True,False,False,False,0,H0
43.137377,timesafe_prod_announce_attack,59350.0,59350.0,11799.0,-1726.0,0.0,1,22747,Sync,True,False,False,False,0,H0
43.193329,timesafe_prod_announce_attack,-9690.0,-9690.0,11799.0,-1726.0,0.0,1,22748,Sync,True,False,False,False,0,H0
43.257414,timesafe_prod_announce_attack,59238.0,59238.0,11247.0,-2278.0,0.0,1,22749,Sync,True,False,False,False,0,H0
43.321334,timesafe_prod_announce_attack,-42906.0,-42906.0,47207.0,33682.0,0.0,1,22750,Sync,True,False,False,False,0,H0
43.385419,timesafe_prod_announce_attack,55810.0,55810.0,14535.0,1010.0,0.0,1,22751,Sync,True,False,False,False,0,H0
43.449312,timesafe_prod_announce_attack,-13118.0,-13118.0,14535.0,1010.0,0.0,1,22752,Sync,True,False,False,False,0,H0
43.50542,timesafe_prod_announce_attack,59312.0,59312.0,11613.0,-1912.0,0.0,1,22753,Sync,True,False,False,False,0,H0
43.569335,timesafe_prod_announce_attack,-10116.0,-10116.0,11613.0,-1912.0,0.0,1,22754,Sync,True,False,False,False,0,H0
43.633394,timesafe_prod_announce_attack,57420.0,57420.0,13289.0,-236.0,0.0,1,22755,Sync,True,False,False,False,0,H0
43.697304,timesafe_prod_announce_attack,-44690.0,-44690.0,46207.0,32682.0,0.0,1,22756,Sync,True,False,False,False,0,H0
43.761387,timesafe_prod_announce_attack,57320.0,57320.0,13373.0,-152.0,0.0,1,22757,Sync,True,False,False,False,0,H0
43.825307,timesafe_prod_announce_attack,-44204.0,-44204.0,45381.0,31856.0,0.0,1,22758,Sync,True,False,False,False,0,H0
43.881385,timesafe_prod_announce_attack,60522.0,60522.0,10159.0,-3366.0,0.0,1,22759,Sync,True,False,False,False,0,H0
43.945356,timesafe_prod_announce_attack,-47276.0,-47276.0,48201.0,34676.0,0.0,1,22760,Sync,True,False,False,False,0,H0
44.009451,timesafe_prod_announce_attack,58408.0,58408.0,12045.0,-1480.0,0.0,1,22761,Sync,True,False,False,False,0,H0
44.073363,timesafe_prod_announce_attack,-44918.0,-44918.0,46499.0,32974.0,0.0,1,22762,Sync,True,False,False,False,0,H0
44.137369,timesafe_prod_announce_attack,60700.0,60700.0,10593.0,-2932.0,0.0,1,22763,Sync,True,False,False,False,0,H0
44.193306,timesafe_prod_announce_attack,-44216.0,-44216.0,46253.0,32728.0,0.0,1,22764,Sync,True,False,False,False,0,H0
44.257372,timesafe_prod_announce_attack,57494.0,57494.0,13295.0,-230.0,0.0,1,22765,Sync,True,False,False,False,0,H0
44.321292,timesafe_prod_announce_attack,-45328.0,-45328.0,47797.0,34272.0,0.0,1,22766,Sync,True,False,False,False,0,H0
44.38545,timesafe_prod_announce_attack,23400.0,23400.0,47797.0,34272.0,0.0,1,22767,Sync,True,False,False,False,0,H0
44.449315,timesafe_prod_announce_attack,-45748.0,-45748.0,47185.0,33660.0,0.0,1,22768,Sync,True,False,False,False,0,H0
44.505454,timesafe_prod_announce_attack,56588.0,56588.0,14033.0,508.0,0.0,1,22769,Sync,True,False,False,False,0,H0
44.569321,timesafe_prod_announce_attack,-12580.0,-12580.0,14033.0,508.0,0.0,1,22770,Sync,True,False,False,False,0,H0
44.633429,timesafe_prod_announce_attack,58778.0,58778.0,12251.0,-1274.0,0.0,1,22771,Sync,True,False,False,False,0,H0
44.69732,timesafe_prod_announce_attack,-10522.0,-10522.0,12251.0,-1274.0,0.0,1,22772,Sync,True,False,False,False,0,H0
44.761397,timesafe_prod_announce_attack,57034.0,57034.0,13335.0,-190.0,0.0,1,22773,Sync,True,False,False,False,0,H0
44.825325,timesafe_prod_announce_attack,-11186.0,-11186.0,13335.0,-190.0,0.0,1,22774,Sync,True,False,False,False,0,H0
44.881399,timesafe_prod_announce_attack,57208.0,57208.0,13741.0,216.0,0.0,1,22775,Sync,True,False,False,False,0,H0
44.945326,timesafe_prod_announce_attack,-44170.0,-44170.0,46211.0,32686.0,0.0,1,22776,Sync,True,False,False,False,0,H0
45.009405,timesafe_prod_announce_attack,24558.0,24558.0,46211.0,32686.0,0.0,1,22777,Sync,True,False,False,False,0,H0
45.073319,timesafe_prod_announce_attack,-43314.0,-43314.0,45311.0,31786.0,0.0,1,22778,Sync,True,False,False,False,0,H0
45.137394,timesafe_prod_announce_attack,57172.0,57172.0,13337.0,-188.0,0.0,1,22779,Sync,True,False,False,False,0,H0
45.193328,timesafe_prod_announce_attack,-44936.0,-44936.0,46465.0,32940.0,0.0,1,22780,Sync,True,False,False,False,0,H0
45.25741,timesafe_prod_announce_attack,24468.0,24468.0,46465.0,32940.0,0.0,1,22781,Sync,True,False,False,False,0,H0
45.32132,timesafe_prod_announce_attack,-46744.0,-46744.0,48285.0,34760.0,0.0,1,22782,Sync,True,False,False,False,0,H0
45.385399,timesafe_prod_announce_attack,58328.0,58328.0,12241.0,-1284.0,0.0,1,22783,Sync,True,False,False,False,0,H0
45.449328,timesafe_prod_announce_attack,-45354.0,-45354.0,46595.0,33070.0,0.0,1,22784,Sync,True,False,False,False,0,H0
45.505424,timesafe_prod_announce_attack,23918.0,23918.0,46595.0,33070.0,0.0,1,22785,Sync,True,False,False,False,0,H0
45.569355,timesafe_prod_announce_attack,-45218.0,-45218.0,47151.0,33626.0,0.0,1,22786,Sync,True,False,False,False,0,H0
45.633387,timesafe_prod_announce_attack,23566.0,23566.0,47151.0,33626.0,0.0,1,22787,Sync,True,False,False,False,0,H0
45.697326,timesafe_prod_announce_attack,-44404.0,-44404.0,46401.0,32876.0,0.0,1,22788,Sync,True,False,False,False,0,H0
45.761409,timesafe_prod_announce_attack,58470.0,58470.0,12255.0,-1270.0,0.0,1,22789,Sync,True,False,False,False,0,H0
45.8253,timesafe_prod_announce_attack,-43372.0,-43372.0,45113.0,31588.0,0.0,1,22790,Sync,True,False,False,False,0,H0
45.881564,timesafe_prod_announce_attack,85142.0,85142.0,11875.0,-1650.0,0.0,1,22791,Sync,True,False,False,False,0,H0
45.945349,timesafe_prod_announce_attack,-56432.0,-56432.0,57869.0,44344.0,0.0,1,22792,Sync,True,False,False,False,0,H0
46.009426,timesafe_prod_announce_attack,-11578.0,-11578.0,12595.0,-930.0,0.0,1,22793,Sync,True,False,False,False,0,H0
46.073325,timesafe_prod_announce_attack,-10930.0,-10930.0,12595.0,-930.0,0.0,1,22794,Sync,True,False,False,False,0,H0
46.137407,timesafe_prod_announce_attack,57514.0,57514.0,13047.0,-478.0,0.0,1,22795,Sync,True,False,False,False,0,H0
46.193369,timesafe_prod_announce_attack,-44106.0,-44106.0,45963.0,32438.0,0.0,1,22796,Sync,True,False,False,False,0,H0
46.257438,timesafe_prod_announce_attack,25318.0,25318.0,45963.0,32438.0,0.0,1,22797,Sync,True,False,False,False,0,H0
46.321336,timesafe_prod_announce_attack,-45940.0,-45940.0,47845.0,34320.0,0.0,1,22798,Sync,True,False,False,False,0,H0
46.385413,timesafe_prod_announce_attack,23140.0,23140.0,47845.0,34320.0,0.0,1,22799,Sync,True,False,False,False,0,H0
46.449326,timesafe_prod_announce_attack,-43032.0,-43032.0,44961.0,31436.0,0.0,1,22800,Sync,True,False,False,False,0,H0
46.50541,timesafe_prod_announce_attack,56910.0,56910.0,13735.0,210.0,0.0,1,22801,Sync,True,False,False,False,0,H0
46.569329,timesafe_prod_announce_attack,-44720.0,-44720.0,46737.0,33212.0,0.0,1,22802,Sync,True,False,False,False,0,H0
46.633502,timesafe_prod_announce_attack,59590.0,59590.0,11199.0,-2326.0,0.0,1,22803,Sync,True,False,False,False,0,H0
46.697337,timesafe_prod_announce_attack,-45230.0,-45230.0,46263.0,32738.0,0.0,1,22804,Sync,True,False,False,False,0,H0
46.761482,timesafe_prod_announce_attack,25150.0,25150.0,46263.0,32738.0,0.0,1,22805,Sync,True,False,False,False,0,H0
46.825343,timesafe_prod_announce_attack,-46888.0,-46888.0,48313.0,34788.0,0.0,1,22806,Sync,True,False,False,False,0,H0
46.881453,timesafe_prod_announce_attack,57898.0,57898.0,12807.0,-718.0,0.0,1,22807,Sync,True,False,False,False,0,H0
46.945363,timesafe_prod_announce_attack,-10966.0,-10966.0,12807.0,-718.0,0.0,1,22808,Sync,True,False,False,False,0,H0
47.009455,timesafe_prod_announce_attack,59874.0,59874.0,10975.0,-2550.0,0.0,1,22809,Sync,True,False,False,False,0,H0
47.073364,timesafe_prod_announce_attack,-44870.0,-44870.0,47055.0,33530.0,0.0,1,22810,Sync,True,False,False,False,0,H0
47.137415,timesafe_prod_announce_attack,58286.0,58286.0,12987.0,-538.0,0.0,1,22811,Sync,True,False,False,False,0,H0
47.19333,timesafe_prod_announce_attack,-44570.0,-44570.0,46943.0,33418.0,0.0,1,22812,Sync,True,False,False,False,0,H0
47.257417,timesafe_prod_announce_attack,24506.0,24506.0,46943.0,33418.0,0.0,1,22813,Sync,True,False,False,False,0,H0
47.321339,timesafe_prod_announce_attack,-43806.0,-43806.0,45543.0,32018.0,0.0,1,22814,Sync,True,False,False,False,0,H0
47.385478,timesafe_prod_announce_attack,-10706.0,-10706.0,11739.0,-1786.0,0.0,1,22815,Sync,True,False,False,False,0,H0
47.449399,timesafe_prod_announce_attack,-9688.0,-9688.0,11453.0,-2072.0,0.0,1,22816,Sync,True,False,False,False,0,H0
47.505509,timesafe_prod_announce_attack,59632.0,59632.0,11453.0,-2072.0,0.0,1,22817,Sync,True,False,False,False,0,H0
47.569374,timesafe_prod_announce_attack,-44792.0,-44792.0,46473.0,32948.0,0.0,1,22818,Sync,True,False,False,False,0,H0
47.633463,timesafe_prod_announce_attack,57562.0,57562.0,12939.0,-586.0,0.0,1,22819,Sync,True,False,False,False,0,H0
47.697371,timesafe_prod_announce_attack,-45922.0,-45922.0,47923.0,34398.0,0.0,1,22820,Sync,True,False,False,False,0,H0
47.761416,timesafe_prod_announce_attack,60088.0,60088.0,11081.0,-2444.0,0.0,1,22821,Sync,True,False,False,False,0,H0
47.825372,timesafe_prod_announce_attack,-9692.0,-9692.0,11081.0,-2444.0,0.0,1,22822,Sync,True,False,False,False,0,H0
47.881405,timesafe_prod_announce_attack,57436.0,57436.0,13717.0,192.0,0.0,1,22823,Sync,True,False,False,False,0,H0
47.945371,timesafe_prod_announce_attack,-45534.0,-45534.0,46967.0,33442.0,0.0,1,22824,Sync,True,False,False,False,0,H0
48.009413,timesafe_prod_announce_attack,59426.0,59426.0,10991.0,-2534.0,0.0,1,22825,Sync,True,False,False,False,0,H0
48.073396,timesafe_prod_announce_attack,-43108.0,-43108.0,44821.0,31296.0,0.0,1,22826,Sync,True,False,False,False,0,H0
48.137428,timesafe_prod_announce_attack,59112.0,59112.0,11873.0,-1652.0,0.0,1,22827,Sync,True,False,False,False,0,H0
48.19334,timesafe_prod_announce_attack,-9836.0,-9836.0,11873.0,-1652.0,0.0,1,22828,Sync,True,False,False,False,0,H0
48.257467,timesafe_prod_announce_attack,56826.0,56826.0,13539.0,14.0,0.0,1,22829,Sync,True,False,False,False,0,H0
48.321374,timesafe_prod_announce_attack,-43662.0,-43662.0,45923.0,32398.0,0.0,1,22830,Sync,True,False,False,False,0,H0
48.385454,timesafe_prod_announce_attack,57322.0,57322.0,13571.0,46.0,0.0,1,22831,Sync,True,False,False,False,0,H0
48.449353,timesafe_prod_announce_attack,-44606.0,-44606.0,46167.0,32642.0,0.0,1,22832,Sync,True,False,False,False,0,H0
48.505465,timesafe_prod_announce_attack,60002.0,60002.0,11019.0,-2506.0,0.0,1,22833,Sync,True,False,False,False,0,H0
48.569409,timesafe_prod_announce_attack,-45802.0,-45802.0,47339.0,33814.0,0.0,1,22834,Sync,True,False,False,False,0,H0
48.633442,timesafe_prod_announce_attack,58846.0,58846.0,12427.0,-1098.0,0.0,1,22835,Sync,True,False,False,False,0,H0
48.69738,timesafe_prod_announce_attack,-10586.0,-10586.0,12427.0,-1098.0,0.0,1,22836,Sync,True,False,False,False,0,H0
48.761446,timesafe_prod_announce_attack,57646.0,57646.0,13695.0,170.0,0.0,1,22837,Sync,True,False,False,False,0,H0
48.825342,timesafe_prod_announce_attack,-45748.0,-45748.0,47497.0,33972.0,0.0,1,22838,Sync,True,False,False,False,0,H0
48.88146,timesafe_prod_announce_attack,23624.0,23624.0,47497.0,33972.0,0.0,1,22839,Sync,True,False,False,False,0,H0
48.945371,timesafe_prod_announce_attack,-44042.0,-44042.0,45167.0,31642.0,0.0,1,22840,Sync,True,False,False,False,0,H0
49.009472,timesafe_prod_announce_attack,57976.0,57976.0,12577.0,-948.0,0.0,1,22841,Sync,True,False,False,False,0,H0
49.073365,timesafe_prod_announce_attack,-44974.0,-44974.0,47039.0,33514.0,0.0,1,22842,Sync,True,False,False,False,0,H0
49.137441,timesafe_prod_announce_attack,59238.0,59238.0,11799.0,-1726.0,0.0,1,22843,Sync,True,False,False,False,0,H0
49.193367,timesafe_prod_announce_attack,-45048.0,-45048.0,46969.0,33444.0,0.0,1,22844,Sync,True,False,False,False,0,H0
49.257409,timesafe_prod_announce_attack,58042.0,58042.0,12935.0,-590.0,0.0,1,22845,Sync,True,False,False,False,0,H0
49.321327,timesafe_prod_announce_attack,-43960.0,-43960.0,45705.0,32180.0,0.0,1,22846,Sync,True,False,False,False,0,H0
49.385406,timesafe_prod_announce_attack,58124.0,58124.0,12233.0,-1292.0,0.0,1,22847,Sync,True,False,False,False,0,H0
49.449328,timesafe_prod_announce_attack,-9928.0,-9928.0,12233.0,-1292.0,0.0,1,22848,Sync,True,False,False,False,0,H0
49.513418,timesafe_prod_announce_attack,59162.0,59162.0,11231.0,-2294.0,0.0,1,22849,Sync,True,False,False,False,0,H0
49.569314,timesafe_prod_announce_attack,-43866.0,-43866.0,45531.0,32006.0,0.0,1,22850,Sync,True,False,False,False,0,H0
49.633414,timesafe_prod_announce_attack,24802.0,24802.0,45531.0,32006.0,0.0,1,22851,Sync,True,False,False,False,0,H0
49.697323,timesafe_prod_announce_attack,-45380.0,-45380.0,47029.0,33504.0,0.0,1,22852,Sync,True,False,False,False,0,H0
49.761408,timesafe_prod_announce_attack,58416.0,58416.0,12329.0,-1196.0,0.0,1,22853,Sync,True,False,False,False,0,H0
49.825331,timesafe_prod_announce_attack,-42984.0,-42984.0,44789.0,31264.0,0.0,1,22854,Sync,True,False,False,False,0,H0
49.881415,timesafe_prod_announce_attack,25768.0,25768.0,44789.0,31264.0,0.0,1,22855,Sync,True,False,False,False,0,H0
49.945335,timesafe_prod_announce_attack,-43684.0,-43684.0,47429.0,33904.0,0.0,1,22856,Sync,True,False,False,False,0,H0
50.009419,timesafe_prod_announce_attack,58180.0,58180.0,12045.0,-1480.0,0.0,1,22857,Sync,True,False,False,False,0,H0
50.073429,timesafe_prod_announce_attack,-43880.0,-43880.0,45205.0,31680.0,0.0,1,22858,Sync,True,False,False,False,0,H0
50.137431,timesafe_prod_announce_attack,26316.0,26316.0,45205.0,31680.0,0.0,1,22859,Sync,True,False,False,False,0,H0
50.193411,timesafe_prod_announce_attack,-45164.0,-45164.0,46845.0,33320.0,0.0,1,22860,Sync,True,False,False,False,0,H0
50.257499,timesafe_prod_announce_attack,59742.0,59742.0,10467.0,-3058.0,0.0,1,22861,Sync,True,False,False,False,0,H0
50.321451,timesafe_prod_announce_attack,-45234.0,-45234.0,47239.0,33714.0,0.0,1,22862,Sync,True,False,False,False,0,H0
50.385454,timesafe_prod_announce_attack,60140.0,60140.0,10897.0,-2628.0,0.0,1,22863,Sync,True,False,False,False,0,H0
50.449401,timesafe_prod_announce_attack,-44938.0,-44938.0,46763.0,33238.0,0.0,1,22864,Sync,True,False,False,False,0,H0
50.505463,timesafe_prod_announce_attack,56908.0,56908.0,13285.0,-240.0,0.0,1,22865,Sync,True,False,False,False,0,H0
50.569345,timesafe_prod_announce_attack,-43302.0,-43302.0,46487.0,32962.0,0.0,1,22866,Sync,True,False,False,False,0,H0
50.6335,timesafe_prod_announce_attack,24178.0,24178.0,46487.0,32962.0,0.0,1,22867,Sync,True,False,False,False,0,H0
50.6974,timesafe_prod_announce_attack,-43490.0,-43490.0,44827.0,31302.0,0.0,1,22868,Sync,True,False,False,False,0,H0
50.761491,timesafe_prod_announce_attack,25930.0,25930.0,44827.0,31302.0,0.0,1,22869,Sync,True,False,False,False,0,H0
50.825373,timesafe_prod_announce_attack,-46056.0,-46056.0,48269.0,34744.0,0.0,1,22870,Sync,True,False,False,False,0,H0
50.881558,timesafe_prod_announce_attack,82860.0,82860.0,48269.0,34744.0,0.0,1,22871,Sync,True,False,False,False,0,H0
50.945486,timesafe_prod_announce_attack,-73930.0,-73930.0,75823.0,62298.0,0.0,1,22872,Sync,True,False,False,False,0,H0
51.009488,timesafe_prod_announce_attack,58768.0,58768.0,11505.0,-2020.0,0.0,1,22873,Sync,True,False,False,False,0,H0
51.073409,timesafe_prod_announce_attack,-9632.0,-9632.0,11505.0,-2020.0,0.0,1,22874,Sync,True,False,False,False,0,H0
51.137555,timesafe_prod_announce_attack,58292.0,58292.0,12461.0,-1064.0,0.0,1,22875,Sync,True,False,False,False,0,H0
51.193375,timesafe_prod_announce_attack,-46820.0,-46820.0,47993.0,34468.0,0.0,1,22876,Sync,True,False,False,False,0,H0
51.257461,timesafe_prod_announce_attack,59992.0,59992.0,10141.0,-3384.0,0.0,1,22877,Sync,True,False,False,False,0,H0
51.321346,timesafe_prod_announce_attack,-44510.0,-44510.0,45699.0,32174.0,0.0,1,22878,Sync,True,False,False,False,0,H0
51.385474,timesafe_prod_announce_attack,24902.0,24902.0,45699.0,32174.0,0.0,1,22879,Sync,True,False,False,False,0,H0
51.44935,timesafe_prod_announce_attack,-44820.0,-44820.0,46233.0,32708.0,0.0,1,22880,Sync,True,False,False,False,0,H0
51.505457,timesafe_prod_announce_attack,57268.0,57268.0,13501.0,-24.0,0.0,1,22881,Sync,True,False,False,False,0,H0
51.569375,timesafe_prod_announce_attack,-11624.0,-11624.0,13501.0,-24.0,0.0,1,22882,Sync,True,False,False,False,0,H0
51.633457,timesafe_prod_announce_attack,59966.0,59966.0,10647.0,-2878.0,0.0,1,22883,Sync,True,False,False,False,0,H0
51.697354,timesafe_prod_announce_attack,-9210.0,-9210.0,10647.0,-2878.0,0.0,1,22884,Sync,True,False,False,False,0,H0
51.761466,timesafe_prod_announce_attack,58956.0,58956.0,11625.0,-1900.0,0.0,1,22885,Sync,True,False,False,False,0,H0
51.825361,timesafe_prod_announce_attack,-45050.0,-45050.0,47487.0,33962.0,0.0,1,22886,Sync,True,False,False,False,0,H0
51.881485,timesafe_prod_announce_attack,58350.0,58350.0,12399.0,-1126.0,0.0,1,22887,Sync,True,False,False,False,0,H0
51.945401,timesafe_prod_announce_attack,-11350.0,-11350.0,12399.0,-1126.0,0.0,1,22888,Sync,True,False,False,False,0,H0
52.009487,timesafe_prod_announce_attack,58024.0,58024.0,12317.0,-1208.0,0.0,1,22889,Sync,True,False,False,False,0,H0
52.073402,timesafe_prod_announce_attack,-44162.0,-44162.0,45435.0,31910.0,0.0,1,22890,Sync,True,False,False,False,0,H0
52.137469,timesafe_prod_announce_attack,57334.0,57334.0,13343.0,-182.0,0.0,1,22891,Sync,True,False,False,False,0,H0
52.193387,timesafe_prod_announce_attack,-12294.0,-12294.0,13343.0,-182.0,0.0,1,22892,Sync,True,False,False,False,0,H0
52.257469,timesafe_prod_announce_attack,58058.0,58058.0,12627.0,-898.0,0.0,1,22893,Sync,True,False,False,False,0,H0
52.321387,timesafe_prod_announce_attack,-46534.0,-46534.0,47887.0,34362.0,0.0,1,22894,Sync,True,False,False,False,0,H0
52.385471,timesafe_prod_announce_attack,57256.0,57256.0,13477.0,-48.0,0.0,1,22895,Sync,True,False,False,False,0,H0
52.449384,timesafe_prod_announce_attack,-11660.0,-11660.0,13477.0,-48.0,0.0,1,22896,Sync,True,False,False,False,0,H0
52.513474,timesafe_prod_announce_attack,56760.0,56760.0,13889.0,364.0,0.0,1,22897,Sync,True,False,False,False,0,H0
52.569356,timesafe_prod_announce_attack,-44938.0,-44938.0,46843.0,33318.0,0.0,1,22898,Sync,True,False,False,False,0,H0
52.63347,timesafe_prod_announce_attack,24582.0,24582.0,46843.0,33318.0,0.0,1,22899,Sync,True,False,False,False,0,H0
52.697401,timesafe_prod_announce_attack,-44994.0,-44994.0,46239.0,32714.0,0.0,1,22900,Sync,True,False,False,False,0,H0
52.761482,timesafe_prod_announce_attack,24074.0,24074.0,46239.0,32714.0,0.0,1,22901,Sync,True,False,False,False,0,H0
52.825388,timesafe_prod_announce_attack,-44266.0,-44266.0,45947.0,32422.0,0.0,1,22902,Sync,True,False,False,False,0,H0
52.88144,timesafe_prod_announce_attack,25074.0,25074.0,45947.0,32422.0,0.0,1,22903,Sync,True,False,False,False,0,H0
52.945509,timesafe_prod_announce_attack,-43892.0,-43892.0,45557.0,32032.0,0.0,1,22904,Sync,True,False,False,False,0,H0
53.009485,timesafe_prod_announce_attack,58922.0,58922.0,12007.0,-1518.0,0.0,1,22905,Sync,True,False,False,False,0,H0
53.073476,timesafe_prod_announce_attack,-44648.0,-44648.0,46417.0,32892.0,0.0,1,22906,Sync,True,False,False,False,0,H0
53.137527,timesafe_prod_announce_attack,24452.0,24452.0,46417.0,32892.0,0.0,1,22907,Sync,True,False,False,False,0,H0
53.193462,timesafe_prod_announce_attack,-44122.0,-44122.0,45859.0,32334.0,0.0,1,22908,Sync,True,False,False,False,0,H0
53.257531,timesafe_prod_announce_attack,24882.0,24882.0,45859.0,32334.0,0.0,1,22909,Sync,True,False,False,False,0,H0
53.321461,timesafe_prod_announce_attack,-44938.0,-44938.0,46875.0,33350.0,0.0,1,22910,Sync,True,False,False,False,0,H0
53.38554,timesafe_prod_announce_attack,57322.0,57322.0,13555.0,30.0,0.0,1,22911,Sync,True,False,False,False,0,H0
53.449416,timesafe_prod_announce_attack,-11258.0,-11258.0,13555.0,30.0,0.0,1,22912,Sync,True,False,False,False,0,H0
53.505477,timesafe_prod_announce_attack,56328.0,56328.0,13897.0,372.0,0.0,1,22913,Sync,True,False,False,False,0,H0
53.569388,timesafe_prod_announce_attack,-46226.0,-46226.0,47435.0,33910.0,0.0,1,22914,Sync,True,False,False,False,0,H0
53.633474,timesafe_prod_announce_attack,58080.0,58080.0,12329.0,-1196.0,0.0,1,22915,Sync,True,False,False,False,0,H0
53.697424,timesafe_prod_announce_attack,-46410.0,-46410.0,48075.0,34550.0,0.0,1,22916,Sync,True,False,False,False,0,H0
53.761564,timesafe_prod_announce_attack,118706.0,118706.0,13127.0,-398.0,0.0,1,22917,Sync,True,False,False,False,0,H0
53.825428,timesafe_prod_announce_attack,-12122.0,-12122.0,13127.0,-398.0,0.0,1,22918,Sync,True,False,False,False,0,H0
53.88148,timesafe_prod_announce_attack,59888.0,59888.0,11077.0,-2448.0,0.0,1,22919,Sync,True,False,False,False,0,H0
53.945412,timesafe_prod_announce_attack,-42584.0,-42584.0,46001.0,32476.0,0.0,1,22920,Sync,True,False,False,False,0,H0
54.009465,timesafe_prod_announce_attack,58570.0,58570.0,11719.0,-1806.0,0.0,1,22921,Sync,True,False,False,False,0,H0
54.073379,timesafe_prod_announce_attack,-10338.0,-10338.0,11719.0,-1806.0,0.0,1,22922,Sync,True,False,False,False,0,H0
54.137452,timesafe_prod_announce_attack,58814.0,58814.0,12323.0,-1202.0,0.0,1,22923,Sync,True,False,False,False,0,H0
54.19337,timesafe_prod_announce_attack,-44806.0,-44806.0,45859.0,32334.0,0.0,1,22924,Sync,True,False,False,False,0,H0
54.257452,timesafe_prod_announce_attack,57990.0,57990.0,12759.0,-766.0,0.0,1,22925,Sync,True,False,False,False,0,H0
54.321399,timesafe_prod_announce_attack,-45232.0,-45232.0,46481.0,32956.0,0.0,1,22926,Sync,True,False,False,False,0,H0
54.385461,timesafe_prod_announce_attack,57480.0,57480.0,13009.0,-516.0,0.0,1,22927,Sync,True,False,False,False,0,H0
54.449369,timesafe_prod_announce_attack,-11092.0,-11092.0,13009.0,-516.0,0.0,1,22928,Sync,True,False,False,False,0,H0
54.505535,timesafe_prod_announce_attack,58546.0,58546.0,11643.0,-1882.0,0.0,1,22929,Sync,True,False,False,False,0,H0
54.569433,timesafe_prod_announce_attack,-44098.0,-44098.0,45867.0,32342.0,0.0,1,22930,Sync,True,False,False,False,0,H0
54.63352,timesafe_prod_announce_attack,59424.0,59424.0,11353.0,-2172.0,0.0,1,22931,Sync,True,False,False,False,0,H0
54.697461,timesafe_prod_announce_attack,-42822.0,-42822.0,44815.0,31290.0,0.0,1,22932,Sync,True,False,False,False,0,H0
54.761562,timesafe_prod_announce_attack,94744.0,94744.0,11133.0,-2392.0,0.0,1,22933,Sync,True,False,False,False,0,H0
54.825427,timesafe_prod_announce_attack,-60476.0,-60476.0,62485.0,48960.0,0.0,1,22934,Sync,True,False,False,False,0,H0
54.881559,timesafe_prod_announce_attack,17200.0,17200.0,62485.0,48960.0,0.0,1,22935,Sync,True,False,False,False,0,H0
54.945432,timesafe_prod_announce_attack,-49368.0,-49368.0,50469.0,36944.0,0.0,1,22936,Sync,True,False,False,False,0,H0
55.009493,timesafe_prod_announce_attack,20388.0,20388.0,50469.0,36944.0,0.0,1,22937,Sync,True,False,False,False,0,H0
55.073412,timesafe_prod_announce_attack,-44536.0,-44536.0,45969.0,32444.0,0.0,1,22938,Sync,True,False,False,False,0,H0
55.137491,timesafe_prod_announce_attack,24940.0,24940.0,45969.0,32444.0,0.0,1,22939,Sync,True,False,False,False,0,H0
55.193389,timesafe_prod_announce_attack,-44428.0,-44428.0,46053.0,32528.0,0.0,1,22940,Sync,True,False,False,False,0,H0
55.257548,timesafe_prod_announce_attack,59338.0,59338.0,11067.0,-2458.0,0.0,1,22941,Sync,True,False,False,False,0,H0
55.321405,timesafe_prod_announce_attack,-44758.0,-44758.0,45847.0,32322.0,0.0,1,22942,Sync,True,False,False,False,0,H0
55.38585,timesafe_prod_announce_attack,59438.0,59438.0,11391.0,-2134.0,0.0,1,22943,Sync,True,False,False,False,0,H0
55.449409,timesafe_prod_announce_attack,-46050.0,-46050.0,47679.0,34154.0,0.0,1,22944,Sync,True,False,False,False,0,H0
55.505525,timesafe_prod_announce_attack,22914.0,22914.0,47679.0,34154.0,0.0,1,22945,Sync,True,False,False,False,0,H0
55.569413,timesafe_prod_announce_attack,-44818.0,-44818.0,46623.0,33098.0,0.0,1,22946,Sync,True,False,False,False,0,H0
55.633496,timesafe_prod_announce_attack,23774.0,23774.0,46623.0,33098.0,0.0,1,22947,Sync,True,False,False,False,0,H0
55.697461,timesafe_prod_announce_attack,-44904.0,-44904.0,46381.0,32856.0,0.0,1,22948,Sync,True,False,False,False,0,H0
55.761565,timesafe_prod_announce_attack,100908.0,100908.0,13653.0,128.0,0.0,1,22949,Sync,True,False,False,False,0,H0
55.825416,timesafe_prod_announce_attack,-66436.0,-66436.0,68409.0,54884.0,0.0,1,22950,Sync,True,False,False,False,0,H0
55.881484,timesafe_prod_announce_attack,57702.0,57702.0,13347.0,-178.0,0.0,1,22951,Sync,True,False,False,False,0,H0
55.945383,timesafe_prod_announce_attack,-10238.0,-10238.0,13347.0,-178.0,0.0,1,22952,Sync,True,False,False,False,0,H0
56.009464,timesafe_prod_announce_attack,57994.0,57994.0,13003.0,-522.0,0.0,1,22953,Sync,True,False,False,False,0,H0
56.073378,timesafe_prod_announce_attack,-46778.0,-46778.0,47747.0,34222.0,0.0,1,22954,Sync,True,False,False,False,0,H0
56.137467,timesafe_prod_announce_attack,59144.0,59144.0,11321.0,-2204.0,0.0,1,22955,Sync,True,False,False,False,0,H0
56.193381,timesafe_prod_announce_attack,-44870.0,-44870.0,46055.0,32530.0,0.0,1,22956,Sync,True,False,False,False,0,H0
56.257468,timesafe_prod_announce_attack,58210.0,58210.0,12227.0,-1298.0,0.0,1,22957,Sync,True,False,False,False,0,H0
56.321377,timesafe_prod_announce_attack,-44382.0,-44382.0,45795.0,32270.0,0.0,1,22958,Sync,True,False,False,False,0,H0
56.385465,timesafe_prod_announce_attack,59680.0,59680.0,11061.0,-2464.0,0.0,1,22959,Sync,True,False,False,False,0,H0
56.449444,timesafe_prod_announce_attack,-44768.0,-44768.0,46677.0,33152.0,0.0,1,22960,Sync,True,False,False,False,0,H0
56.505508,timesafe_prod_announce_attack,57712.0,57712.0,12881.0,-644.0,0.0,1,22961,Sync,True,False,False,False,0,H0
56.569447,timesafe_prod_announce_attack,-43128.0,-43128.0,45177.0,31652.0,0.0,1,22962,Sync,True,False,False,False,0,H0
56.633531,timesafe_prod_announce_attack,25080.0,25080.0,45177.0,31652.0,0.0,1,22963,Sync,True,False,False,False,0,H0
56.69742,timesafe_prod_announce_attack,-44504.0,-44504.0,45693.0,32168.0,0.0,1,22964,Sync,True,False,False,False,0,H0
56.761487,timesafe_prod_announce_attack,-10718.0,-10718.0,12355.0,-1170.0,0.0,1,22965,Sync,True,False,False,False,0,H0
56.82543,timesafe_prod_announce_attack,-10618.0,-10618.0,12355.0,-1170.0,0.0,1,22966,Sync,True,False,False,False,0,H0
56.881566,timesafe_prod_announce_attack,84392.0,84392.0,13305.0,-220.0,0.0,1,22967,Sync,True,False,False,False,0,H0
56.945421,timesafe_prod_announce_attack,-58620.0,-58620.0,59977.0,46452.0,0.0,1,22968,Sync,True,False,False,False,0,H0
57.00949,timesafe_prod_announce_attack,10792.0,10792.0,59977.0,46452.0,0.0,1,22969,Sync,True,False,False,False,0,H0
57.07354,timesafe_prod_announce_attack,-43580.0,-43580.0,45397.0,31872.0,0.0,1,22970,Sync,True,False,False,False,0,H0
57.13756,timesafe_prod_announce_attack,25308.0,25308.0,45397.0,31872.0,0.0,1,22971,Sync,True,False,False,False,0,H0
57.193478,timesafe_prod_announce_attack,-44532.0,-44532.0,45777.0,32252.0,0.0,1,22972,Sync,True,False,False,False,0,H0
57.257538,timesafe_prod_announce_attack,59250.0,59250.0,11555.0,-1970.0,0.0,1,22973,Sync,True,False,False,False,0,H0
57.321456,timesafe_prod_announce_attack,-43082.0,-43082.0,44955.0,31430.0,0.0,1,22974,Sync,True,False,False,False,0,H0
57.385515,timesafe_prod_announce_attack,58216.0,58216.0,12489.0,-1036.0,0.0,1,22975,Sync,True,False,False,False,0,H0
57.449451,timesafe_prod_announce_attack,-43834.0,-43834.0,45187.0,31662.0,0.0,1,22976,Sync,True,False,False,False,0,H0
57.505566,timesafe_prod_announce_attack,25934.0,25934.0,45187.0,31662.0,0.0,1,22977,Sync,True,False,False,False,0,H0
57.569431,timesafe_prod_announce_attack,-45660.0,-45660.0,47757.0,34232.0,0.0,1,22978,Sync,True,False,False,False,0,H0
57.633521,timesafe_prod_announce_attack,58418.0,58418.0,12407.0,-1118.0,0.0,1,22979,Sync,True,False,False,False,0,H0
57.697425,timesafe_prod_announce_attack,-11050.0,-11050.0,12407.0,-1118.0,0.0,1,22980,Sync,True,False,False,False,0,H0
57.761609,timesafe_prod_announce_attack,57788.0,57788.0,11629.0,-1896.0,0.0,1,22981,Sync,True,False,False,False,0,H0
57.825401,timesafe_prod_announce_attack,-9628.0,-9628.0,11629.0,-1896.0,0.0,1,22982,Sync,True,False,False,False,0,H0
57.881491,timesafe_prod_announce_attack,58880.0,58880.0,12669.0,-856.0,0.0,1,22983,Sync,True,False,False,False,0,H0
57.945401,timesafe_prod_announce_attack,-10712.0,-10712.0,12669.0,-856.0,0.0,1,22984,Sync,True,False,False,False,0,H0
58.009525,timesafe_prod_announce_attack,57896.0,57896.0,13521.0,-4.0,0.0,1,22985,Sync,True,False,False,False,0,H0
58.073474,timesafe_prod_announce_attack,-44860.0,-44860.0,46489.0,32964.0,0.0,1,22986,Sync,True,False,False,False,0,H0
58.137486,timesafe_prod_announce_attack,59244.0,59244.0,11745.0,-1780.0,0.0,1,22987,Sync,True,False,False,False,0,H0
58.193398,timesafe_prod_announce_attack,-45000.0,-45000.0,46313.0,32788.0,0.0,1,22988,Sync,True,False,False,False,0,H0
58.257539,timesafe_prod_announce_attack,59930.0,59930.0,10519.0,-3006.0,0.0,1,22989,Sync,True,False,False,False,0,H0
58.321452,timesafe_prod_announce_attack,-46570.0,-46570.0,48127.0,34602.0,0.0,1,22990,Sync,True,False,False,False,0,H0
58.385521,timesafe_prod_announce_attack,59946.0,59946.0,11039.0,-2486.0,0.0,1,22991,Sync,True,False,False,False,0,H0
58.449487,timesafe_prod_announce_attack,-43200.0,-43200.0,45117.0,31592.0,0.0,1,22992,Sync,True,False,False,False,0,H0
58.505548,timesafe_prod_announce_attack,25892.0,25892.0,45117.0,31592.0,0.0,1,22993,Sync,True,False,False,False,0,H0
58.56949,timesafe_prod_announce_attack,-46228.0,-46228.0,47685.0,34160.0,0.0,1,22994,Sync,True,False,False,False,0,H0
58.633574,timesafe_prod_announce_attack,56740.0,56740.0,13805.0,280.0,0.0,1,22995,Sync,True,False,False,False,0,H0
58.697471,timesafe_prod_announce_attack,-46808.0,-46808.0,47853.0,34328.0,0.0,1,22996,Sync,True,False,False,False,0,H0
58.761569,timesafe_prod_announce_attack,20732.0,20732.0,47853.0,34328.0,0.0,1,22997,Sync,True,False,False,False,0,H0
58.825407,timesafe_prod_announce_attack,-45886.0,-45886.0,47315.0,33790.0,0.0,1,22998,Sync,True,False,False,False,0,H0
58.881478,timesafe_prod_announce_attack,58482.0,58482.0,12027.0,-1498.0,0.0,1,22999,Sync,True,False,False,False,0,H0
58.945395,timesafe_prod_announce_attack,-46830.0,-46830.0,47891.0,34366.0,0.0,1,23000,Sync,True,False,False,False,0,H0
59.00951,timesafe_prod_announce_attack,23402.0,23402.0,47891.0,34366.0,0.0,1,23001,Sync,True,False,False,False,0,H0
59.073404,timesafe_prod_announce_attack,-44432.0,-44432.0,45853.0,32328.0,0.0,1,23002,Sync,True,False,False,False,0,H0
59.137519,timesafe_prod_announce_attack,25032.0,25032.0,45853.0,32328.0,0.0,1,23003,Sync,True,False,False,False,0,H0
59.193411,timesafe_prod_announce_attack,-45770.0,-45770.0,46931.0,33406.0,0.0,1,23004,Sync,True,False,False,False,0,H0
59.257497,timesafe_prod_announce_attack,60688.0,60688.0,10345.0,-3180.0,0.0,1,23005,Sync,True,False,False,False,0,H0
59.321441,timesafe_prod_announce_attack,-8404.0,-8404.0,10345.0,-3180.0,0.0,1,23006,Sync,True,False,False,False,0,H0
59.385499,timesafe_prod_announce_attack,57998.0,57998.0,13043.0,-482.0,0.0,1,23007,Sync,True,False,False,False,0,H0
59.449495,timesafe_prod_announce_attack,-44434.0,-44434.0,45759.0,32234.0,0.0,1,23008,Sync,True,False,False,False,0,H0
59.513533,timesafe_prod_announce_attack,25094.0,25094.0,45759.0,32234.0,0.0,1,23009,Sync,True,False,False,False,0,H0
59.569463,timesafe_prod_announce_attack,-45262.0,-45262.0,46683.0,33158.0,0.0,1,23010,Sync,True,False,False,False,0,H0
59.633531,timesafe_prod_announce_attack,24270.0,24270.0,46683.0,33158.0,0.0,1,23011,Sync,True,False,False,False,0,H0
59.697454,timesafe_prod_announce_attack,-45584.0,-45584.0,46625.0,33100.0,0.0,1,23012,Sync,True,False,False,False,0,H0
59.761566,timesafe_prod_announce_attack,67766.0,67766.0,12871.0,-654.0,0.0,1,23013,Sync,True,False,False,False,0,H0
59.825454,timesafe_prod_announce_attack,-11238.0,-11238.0,12871.0,-654.0,0.0,1,23014,Sync,True,False,False,False,0,H0
59.881583,timesafe_prod_announce_attack,59988.0,59988.0,10873.0,-2652.0,0.0,1,23015,Sync,True,False,False,False,0,H0
59.945444,timesafe_prod_announce_attack,-45114.0,-45114.0,47035.0,33510.0,0.0,1,23016,Sync,True,False,False,False,0,H0
60.009579,timesafe_prod_announce_attack,57788.0,57788.0,12421.0,-1104.0,0.0,1,23017,Sync,True,False,False,False,0,H0
60.073463,timesafe_prod_announce_attack,-43052.0,-43052.0,44529.0,31004.0,0.0,1,23018,Sync,True,False,False,False,0,H0
60.137513,timesafe_prod_announce_attack,60128.0,60128.0,10537.0,-2988.0,0.0,1,23019,Sync,True,False,False,False,0,H0
60.19346,timesafe_prod_announce_attack,-43684.0,-43684.0,45405.0,31880.0,0.0,1,23020,Sync,True,False,False,False,0,H0
60.257549,timesafe_prod_announce_attack,58468.0,58468.0,11621.0,-1904.0,0.0,1,23021,Sync,True,False,False,False,0,H0
60.321578,timesafe_prod_announce_attack,58884.0,58884.0,11621.0,-1904.0,0.0,1,23022,Sync,True,False,False,False,0,H0
60.385574,timesafe_prod_announce_attack,22380.0,22380.0,47909.0,34384.0,0.0,1,23023,Sync,True,False,False,False,0,H0
60.449456,timesafe_prod_announce_attack,-43334.0,-43334.0,45023.0,31498.0,0.0,1,23024,Sync,True,False,False,False,0,H0
60.505545,timesafe_prod_announce_attack,59286.0,59286.0,11647.0,-1878.0,0.0,1,23025,Sync,True,False,False,False,0,H0
60.569486,timesafe_prod_announce_attack,-9662.0,-9662.0,11647.0,-1878.0,0.0,1,23026,Sync,True,False,False,False,0,H0
60.633642,timesafe_prod_announce_attack,59470.0,59470.0,11999.0,-1526.0,0.0,1,23027,Sync,True,False,False,False,0,H0
60.69746,timesafe_prod_announce_attack,-46694.0,-46694.0,47863.0,34338.0,0.0,1,23028,Sync,True,False,False,False,0,H0
60.761564,timesafe_prod_announce_attack,74880.0,74880.0,13681.0,156.0,0.0,1,23029,Sync,True,False,False,False,0,H0
60.825448,timesafe_prod_announce_attack,-54814.0,-54814.0,56147.0,42622.0,0.0,1,23030,Sync,True,False,False,False,0,H0
60.881587,timesafe_prod_announce_attack,59632.0,59632.0,11185.0,-2340.0,0.0,1,23031,Sync,True,False,False,False,0,H0
60.945458,timesafe_prod_announce_attack,-9816.0,-9816.0,11185.0,-2340.0,0.0,1,23032,Sync,True,False,False,False,0,H0
61.009541,timesafe_prod_announce_attack,57368.0,57368.0,13453.0,-72.0,0.0,1,23033,Sync,True,False,False,False,0,H0
61.073464,timesafe_prod_announce_attack,-12348.0,-12348.0,13453.0,-72.0,0.0,1,23034,Sync,True,False,False,False,0,H0
61.137538,timesafe_prod_announce_attack,58094.0,58094.0,12943.0,-582.0,0.0,1,23035,Sync,True,False,False,False,0,H0
61.193459,timesafe_prod_announce_attack,-11054.0,-11054.0,12943.0,-582.0,0.0,1,23036,Sync,True,False,False,False,0,H0
61.257545,timesafe_prod_announce_attack,59314.0,59314.0,11779.0,-1746.0,0.0,1,23037,Sync,True,False,False,False,0,H0
61.321458,timesafe_prod_announce_attack,-10542.0,-10542.0,11779.0,-1746.0,0.0,1,23038,Sync,True,False,False,False,0,H0
61.385568,timesafe_prod_announce_attack,60534.0,60534.0,10635.0,-2890.0,0.0,1,23039,Sync,True,False,False,False,0,H0
61.449576,timesafe_prod_announce_attack,-43400.0,-43400.0,45461.0,31936.0,0.0,1,23040,Sync,True,False,False,False,0,H0
61.505553,timesafe_prod_announce_attack,25436.0,25436.0,45461.0,31936.0,0.0,1,23041,Sync,True,False,False,False,0,H0
61.569524,timesafe_prod_announce_attack,-44644.0,-44644.0,46581.0,33056.0,0.0,1,23042,Sync,True,False,False,False,0,H0
61.63356,timesafe_prod_announce_attack,57668.0,57668.0,13301.0,-224.0,0.0,1,23043,Sync,True,False,False,False,0,H0
61.697443,timesafe_prod_announce_attack,-11444.0,-11444.0,13301.0,-224.0,0.0,1,23044,Sync,True,False,False,False,0,H0
61.761565,timesafe_prod_announce_attack,67612.0,67612.0,12129.0,-1396.0,0.0,1,23045,Sync,True,False,False,False,0,H0
61.825523,timesafe_prod_announce_attack,-50372.0,-50372.0,51501.0,37976.0,0.0,1,23046,Sync,True,False,False,False,0,H0
61.881559,timesafe_prod_announce_attack,66092.0,66092.0,13401.0,-124.0,0.0,1,23047,Sync,True,False,False,False,0,H0
61.945478,timesafe_prod_announce_attack,-11512.0,-11512.0,13401.0,-124.0,0.0,1,23048,Sync,True,False,False,False,0,H0
62.009559,timesafe_prod_announce_attack,59024.0,59024.0,11633.0,-1892.0,0.0,1,23049,Sync,True,False,False,False,0,H0
62.073462,timesafe_prod_announce_attack,-46568.0,-46568.0,48169.0,34644.0,0.0,1,23050,Sync,True,False,False,False,0,H0
62.137551,timesafe_prod_announce_attack,58300.0,58300.0,12529.0,-996.0,0.0,1,23051,Sync,True,False,False,False,0,H0
62.193435,timesafe_prod_announce_attack,-10884.0,-10884.0,12529.0,-996.0,0.0,1,23052,Sync,True,False,False,False,0,H0
62.257525,timesafe_prod_announce_attack,59294.0,59294.0,11871.0,-1654.0,0.0,1,23053,Sync,True,False,False,False,0,H0
62.321439,timesafe_prod_announce_attack,-45786.0,-45786.0,46935.0,33410.0,0.0,1,23054,Sync,True,False,False,False,0,H0
62.385566,timesafe_prod_announce_attack,23822.0,23822.0,46935.0,33410.0,0.0,1,23055,Sync,True,False,False,False,0,H0
62.449435,timesafe_prod_announce_attack,-43800.0,-43800.0,45257.0,31732.0,0.0,1,23056,Sync,True,False,False,False,0,H0
62.513649,timesafe_prod_announce_attack,25312.0,25312.0,45257.0,31732.0,0.0,1,23057,Sync,True,False,False,False,0,H0
62.569433,timesafe_prod_announce_attack,-44246.0,-44246.0,45391.0,31866.0,0.0,1,23058,Sync,True,False,False,False,0,H0
62.633554,timesafe_prod_announce_attack,60716.0,60716.0,10401.0,-3124.0,0.0,1,23059,Sync,True,False,False,False,0,H0
62.69744,timesafe_prod_announce_attack,-45434.0,-45434.0,47371.0,33846.0,0.0,1,23060,Sync,True,False,False,False,0,H0
62.761557,timesafe_prod_announce_attack,57054.0,57054.0,14007.0,482.0,0.0,1,23061,Sync,True,False,False,False,0,H0
62.825441,timesafe_prod_announce_attack,-12342.0,-12342.0,14007.0,482.0,0.0,1,23062,Sync,True,False,False,False,0,H0
62.881559,timesafe_prod_announce_attack,57976.0,57976.0,13749.0,224.0,0.0,1,23063,Sync,True,False,False,False,0,H0
62.945527,timesafe_prod_announce_attack,-45170.0,-45170.0,46383.0,32858.0,0.0,1,23064,Sync,True,False,False,False,0,H0
63.009619,timesafe_prod_announce_attack,58784.0,58784.0,11957.0,-1568.0,0.0,1,23065,Sync,True,False,False,False,0,H0
63.073471,timesafe_prod_announce_attack,-45812.0,-45812.0,47689.0,34164.0,0.0,1,23066,Sync,True,False,False,False,0,H0
63.137623,timesafe_prod_announce_attack,22544.0,22544.0,47689.0,34164.0,0.0,1,23067,Sync,True,False,False,False,0,H0
63.193448,timesafe_prod_announce_attack,-44966.0,-44966.0,46051.0,32526.0,0.0,1,23068,Sync,True,False,False,False,0,H0
63.257525,timesafe_prod_announce_attack,25054.0,25054.0,46051.0,32526.0,0.0,1,23069,Sync,True,False,False,False,0,H0
63.321481,timesafe_prod_announce_attack,-44672.0,-44672.0,46385.0,32860.0,0.0,1,23070,Sync,True,False,False,False,0,H0
63.385557,timesafe_prod_announce_attack,24780.0,24780.0,46385.0,32860.0,0.0,1,23071,Sync,True,False,False,False,0,H0
63.449506,timesafe_prod_announce_attack,-46878.0,-46878.0,48171.0,34646.0,0.0,1,23072,Sync,True,False,False,False,0,H0
63.505619,timesafe_prod_announce_attack,22830.0,22830.0,48171.0,34646.0,0.0,1,23073,Sync,True,False,False,False,0,H0
63.569503,timesafe_prod_announce_attack,-43724.0,-43724.0,45597.0,32072.0,0.0,1,23074,Sync,True,False,False,False,0,H0
63.633631,timesafe_prod_announce_attack,59482.0,59482.0,11399.0,-2126.0,0.0,1,23075,Sync,True,False,False,False,0,H0
63.697484,timesafe_prod_announce_attack,-47096.0,-47096.0,48313.0,34788.0,0.0,1,23076,Sync,True,False,False,False,0,H0
63.761627,timesafe_prod_announce_attack,22036.0,22036.0,48313.0,34788.0,0.0,1,23077,Sync,True,False,False,False,0,H0
63.825548,timesafe_prod_announce_attack,-44936.0,-44936.0,46909.0,33384.0,0.0,1,23078,Sync,True,False,False,False,0,H0
63.881578,timesafe_prod_announce_attack,58110.0,58110.0,12335.0,-1190.0,0.0,1,23079,Sync,True,False,False,False,0,H0
63.945452,timesafe_prod_announce_attack,-45952.0,-45952.0,46973.0,33448.0,0.0,1,23080,Sync,True,False,False,False,0,H0
64.00957,timesafe_prod_announce_attack,57784.0,57784.0,12609.0,-916.0,0.0,1,23081,Sync,True,False,False,False,0,H0
64.073483,timesafe_prod_announce_attack,-43802.0,-43802.0,46015.0,32490.0,0.0,1,23082,Sync,True,False,False,False,0,H0
64.137576,timesafe_prod_announce_attack,57224.0,57224.0,13489.0,-36.0,0.0,1,23083,Sync,True,False,False,False,0,H0
64.193454,timesafe_prod_announce_attack,-12280.0,-12280.0,13489.0,-36.0,0.0,1,23084,Sync,True,False,False,False,0,H0
64.257577,timesafe_prod_announce_attack,59118.0,59118.0,11335.0,-2190.0,0.0,1,23085,Sync,True,False,False,False,0,H0
64.321563,timesafe_prod_announce_attack,26066.0,26066.0,46343.0,32818.0,0.0,1,23086,Sync,True,False,False,False,0,H0
64.385575,timesafe_prod_announce_attack,21772.0,21772.0,49273.0,35748.0,0.0,1,23087,Sync,True,False,False,False,0,H0
64.449469,timesafe_prod_announce_attack,-47720.0,-47720.0,49273.0,35748.0,0.0,1,23088,Sync,True,False,False,False,0,H0
64.505558,timesafe_prod_announce_attack,57728.0,57728.0,13285.0,-240.0,0.0,1,23089,Sync,True,False,False,False,0,H0
64.569525,timesafe_prod_announce_attack,-10948.0,-10948.0,13285.0,-240.0,0.0,1,23090,Sync,True,False,False,False,0,H0
64.633576,timesafe_prod_announce_attack,59034.0,59034.0,11571.0,-1954.0,0.0,1,23091,Sync,True,False,False,False,0,H0
64.697455,timesafe_prod_announce_attack,-43188.0,-43188.0,45529.0,32004.0,0.0,1,23092,Sync,True,False,False,False,0,H0
64.761824,timesafe_prod_announce_attack,-12578.0,-12578.0,14151.0,626.0,0.0,1,23093,Sync,True,False,False,False,0,H0
64.825488,timesafe_prod_announce_attack,-8120.0,-8120.0,12605.0,-920.0,0.0,1,23094,Sync,True,False,False,False,0,H0
64.881613,timesafe_prod_announce_attack,57222.0,57222.0,13511.0,-14.0,0.0,1,23095,Sync,True,False,False,False,0,H0
64.94549,timesafe_prod_announce_attack,-44460.0,-44460.0,46321.0,32796.0,0.0,1,23096,Sync,True,False,False,False,0,H0
65.009557,timesafe_prod_announce_attack,57364.0,57364.0,13753.0,228.0,0.0,1,23097,Sync,True,False,False,False,0,H0
65.073494,timesafe_prod_announce_attack,-44640.0,-44640.0,46829.0,33304.0,0.0,1,23098,Sync,True,False,False,False,0,H0
65.137648,timesafe_prod_announce_attack,24268.0,24268.0,46829.0,33304.0,0.0,1,23099,Sync,True,False,False,False,0,H0
65.193504,timesafe_prod_announce_attack,-45330.0,-45330.0,46359.0,32834.0,0.0,1,23100,Sync,True,False,False,False,0,H0
65.257572,timesafe_prod_announce_attack,60116.0,60116.0,10217.0,-3308.0,0.0,1,23101,Sync,True,False,False,False,0,H0
65.321592,timesafe_prod_announce_attack,24502.0,24502.0,46511.0,32986.0,0.0,1,23102,Sync,True,False,False,False,0,H0
65.385578,timesafe_prod_announce_attack,23790.0,23790.0,46511.0,32986.0,0.0,1,23103,Sync,True,False,False,False,0,H0
65.449526,timesafe_prod_announce_attack,-43324.0,-43324.0,45773.0,32248.0,0.0,1,23104,Sync,True,False,False,False,0,H0
65.505595,timesafe_prod_announce_attack,57358.0,57358.0,13475.0,-50.0,0.0,1,23105,Sync,True,False,False,False,0,H0
65.569518,timesafe_prod_announce_attack,-46052.0,-46052.0,47177.0,33652.0,0.0,1,23106,Sync,True,False,False,False,0,H0
65.633608,timesafe_prod_announce_attack,60034.0,60034.0,10579.0,-2946.0,0.0,1,23107,Sync,True,False,False,False,0,H0
65.69752,timesafe_prod_announce_attack,-8582.0,-8582.0,10579.0,-2946.0,0.0,1,23108,Sync,True,False,False,False,0,H0
65.761624,timesafe_prod_announce_attack,56132.0,56132.0,13585.0,60.0,0.0,1,23109,Sync,True,False,False,False,0,H0
65.82554,timesafe_prod_announce_attack,-43202.0,-43202.0,44787.0,31262.0,0.0,1,23110,Sync,True,False,False,False,0,H0
65.881584,timesafe_prod_announce_attack,24594.0,24594.0,44787.0,31262.0,0.0,1,23111,Sync,True,False,False,False,0,H0
65.945642,timesafe_prod_announce_attack,-41644.0,-41644.0,44653.0,31128.0,0.0,1,23112,Sync,True,False,False,False,0,H0
66.009649,timesafe_prod_announce_attack,26108.0,26108.0,44653.0,31128.0,0.0,1,23113,Sync,True,False,False,False,0,H0
66.073545,timesafe_prod_announce_attack,-45538.0,-45538.0,46827.0,33302.0,0.0,1,23114,Sync,True,False,False,False,0,H0
66.1376,timesafe_prod_announce_attack,58404.0,58404.0,12661.0,-864.0,0.0,1,23115,Sync,True,False,False,False,0,H0
66.193496,timesafe_prod_announce_attack,-44532.0,-44532.0,45601.0,32076.0,0.0,1,23116,Sync,True,False,False,False,0,H0
66.257587,timesafe_prod_announce_attack,25276.0,25276.0,45601.0,32076.0,0.0,1,23117,Sync,True,False,False,False,0,H0
66.321568,timesafe_prod_announce_attack,22648.0,22648.0,47837.0,34312.0,0.0,1,23118,Sync,True,False,False,False,0,H0
66.385595,timesafe_prod_announce_attack,24806.0,24806.0,46083.0,32558.0,0.0,1,23119,Sync,True,False,False,False,0,H0
66.449552,timesafe_prod_announce_attack,-44442.0,-44442.0,45483.0,31958.0,0.0,1,23120,Sync,True,False,False,False,0,H0
66.505648,timesafe_prod_announce_attack,-44238.0,-44238.0,45483.0,31958.0,0.0,1,23121,Sync,True,False,False,False,0,H0
66.56956,timesafe_prod_announce_attack,-9798.0,-9798.0,11403.0,-2122.0,0.0,1,23122,Sync,True,False,False,False,0,H0
66.633668,timesafe_prod_announce_attack,58854.0,58854.0,11403.0,-2122.0,0.0,1,23123,Sync,True,False,False,False,0,H0
66.697538,timesafe_prod_announce_attack,-44426.0,-44426.0,45747.0,32222.0,0.0,1,23124,Sync,True,False,False,False,0,H0
66.761614,timesafe_prod_announce_attack,58296.0,58296.0,11061.0,-2464.0,0.0,1,23125,Sync,True,False,False,False,0,H0
66.825518,timesafe_prod_announce_attack,-9160.0,-9160.0,11061.0,-2464.0,0.0,1,23126,Sync,True,False,False,False,0,H0
66.881594,timesafe_prod_announce_attack,55968.0,55968.0,13533.0,8.0,0.0,1,23127,Sync,True,False,False,False,0,H0
66.945534,timesafe_prod_announce_attack,-44880.0,-44880.0,46633.0,33108.0,0.0,1,23128,Sync,True,False,False,False,0,H0
67.009616,timesafe_prod_announce_attack,56750.0,56750.0,13651.0,126.0,0.0,1,23129,Sync,True,False,False,False,0,H0
67.073721,timesafe_prod_announce_attack,-44470.0,-44470.0,46343.0,32818.0,0.0,1,23130,Sync,True,False,False,False,0,H0
67.13759,timesafe_prod_announce_attack,59576.0,59576.0,10729.0,-2796.0,0.0,1,23131,Sync,True,False,False,False,0,H0
67.193527,timesafe_prod_announce_attack,-45410.0,-45410.0,47039.0,33514.0,0.0,1,23132,Sync,True,False,False,False,0,H0
67.257716,timesafe_prod_announce_attack,57950.0,57950.0,12915.0,-610.0,0.0,1,23133,Sync,True,False,False,False,0,H0
67.321581,timesafe_prod_announce_attack,24630.0,24630.0,45963.0,32438.0,0.0,1,23134,Sync,True,False,False,False,0,H0
67.385642,timesafe_prod_announce_attack,24294.0,24294.0,45963.0,32438.0,0.0,1,23135,Sync,True,False,False,False,0,H0
67.449538,timesafe_prod_announce_attack,-45906.0,-45906.0,47547.0,34022.0,0.0,1,23136,Sync,True,False,False,False,0,H0
67.505626,timesafe_prod_announce_attack,57282.0,57282.0,13691.0,166.0,0.0,1,23137,Sync,True,False,False,False,0,H0
67.569525,timesafe_prod_announce_attack,-45728.0,-45728.0,47389.0,33864.0,0.0,1,23138,Sync,True,False,False,False,0,H0
67.633574,timesafe_prod_announce_attack,57356.0,57356.0,13513.0,-12.0,0.0,1,23139,Sync,True,False,False,False,0,H0
67.697548,timesafe_prod_announce_attack,-45114.0,-45114.0,46791.0,33266.0,0.0,1,23140,Sync,True,False,False,False,0,H0
67.761641,timesafe_prod_announce_attack,56160.0,56160.0,13045.0,-480.0,0.0,1,23141,Sync,True,False,False,False,0,H0
67.82555,timesafe_prod_announce_attack,-46392.0,-46392.0,47453.0,33928.0,0.0,1,23142,Sync,True,False,False,False,0,H0
67.88164,timesafe_prod_announce_attack,23772.0,23772.0,47453.0,33928.0,0.0,1,23143,Sync,True,False,False,False,0,H0
67.945547,timesafe_prod_announce_attack,-44550.0,-44550.0,46239.0,32714.0,0.0,1,23144,Sync,True,False,False,False,0,H0
68.009636,timesafe_prod_announce_attack,24486.0,24486.0,46239.0,32714.0,0.0,1,23145,Sync,True,False,False,False,0,H0
68.073513,timesafe_prod_announce_attack,-45312.0,-45312.0,46445.0,32920.0,0.0,1,23146,Sync,True,False,False,False,0,H0
68.137605,timesafe_prod_announce_attack,58350.0,58350.0,11895.0,-1630.0,0.0,1,23147,Sync,True,False,False,False,0,H0
68.193495,timesafe_prod_announce_attack,-45490.0,-45490.0,47279.0,33754.0,0.0,1,23148,Sync,True,False,False,False,0,H0
68.257614,timesafe_prod_announce_attack,58268.0,58268.0,12473.0,-1052.0,0.0,1,23149,Sync,True,False,False,False,0,H0
68.321591,timesafe_prod_announce_attack,25330.0,25330.0,45291.0,31766.0,0.0,1,23150,Sync,True,False,False,False,0,H0
68.3856,timesafe_prod_announce_attack,24934.0,24934.0,45735.0,32210.0,0.0,1,23151,Sync,True,False,False,False,0,H0
68.449506,timesafe_prod_announce_attack,-45388.0,-45388.0,46553.0,33028.0,0.0,1,23152,Sync,True,False,False,False,0,H0
68.513577,timesafe_prod_announce_attack,24380.0,24380.0,46553.0,33028.0,0.0,1,23153,Sync,True,False,False,False,0,H0
68.569491,timesafe_prod_announce_attack,-43348.0,-43348.0,45133.0,31608.0,0.0,1,23154,Sync,True,False,False,False,0,H0
68.633579,timesafe_prod_announce_attack,57180.0,57180.0,13209.0,-316.0,0.0,1,23155,Sync,True,False,False,False,0,H0
68.697524,timesafe_prod_announce_attack,-45468.0,-45468.0,46969.0,33444.0,0.0,1,23156,Sync,True,False,False,False,0,H0
68.761606,timesafe_prod_announce_attack,56694.0,56694.0,12959.0,-566.0,0.0,1,23157,Sync,True,False,False,False,0,H0
68.825496,timesafe_prod_announce_attack,-45882.0,-45882.0,47087.0,33562.0,0.0,1,23158,Sync,True,False,False,False,0,H0
68.881578,timesafe_prod_announce_attack,63736.0,63736.0,11173.0,-2352.0,0.0,1,23159,Sync,True,False,False,False,0,H0
68.945521,timesafe_prod_announce_attack,-9696.0,-9696.0,11173.0,-2352.0,0.0,1,23160,Sync,True,False,False,False,0,H0
69.009582,timesafe_prod_announce_attack,59248.0,59248.0,11429.0,-2096.0,0.0,1,23161,Sync,True,False,False,False,0,H0
69.073516,timesafe_prod_announce_attack,-44630.0,-44630.0,45611.0,32086.0,0.0,1,23162,Sync,True,False,False,False,0,H0
69.137738,timesafe_prod_announce_attack,57332.0,57332.0,12897.0,-628.0,0.0,1,23163,Sync,True,False,False,False,0,H0
69.19353,timesafe_prod_announce_attack,-44190.0,-44190.0,45623.0,32098.0,0.0,1,23164,Sync,True,False,False,False,0,H0
69.257648,timesafe_prod_announce_attack,25634.0,25634.0,45623.0,32098.0,0.0,1,23165,Sync,True,False,False,False,0,H0
69.321595,timesafe_prod_announce_attack,25384.0,25384.0,45277.0,31752.0,0.0,1,23166,Sync,True,False,False,False,0,H0
69.385583,timesafe_prod_announce_attack,25440.0,25440.0,45277.0,31752.0,0.0,1,23167,Sync,True,False,False,False,0,H0
69.449521,timesafe_prod_announce_attack,-45076.0,-45076.0,46681.0,33156.0,0.0,1,23168,Sync,True,False,False,False,0,H0
69.505626,timesafe_prod_announce_attack,23920.0,23920.0,46681.0,33156.0,0.0,1,23169,Sync,True,False,False,False,0,H0
69.569565,timesafe_prod_announce_attack,-43700.0,-43700.0,45297.0,31772.0,0.0,1,23170,Sync,True,False,False,False,0,H0
69.633664,timesafe_prod_announce_attack,59640.0,59640.0,11353.0,-2172.0,0.0,1,23171,Sync,True,False,False,False,0,H0
69.697564,timesafe_prod_announce_attack,-45298.0,-45298.0,46503.0,32978.0,0.0,1,23172,Sync,True,False,False,False,0,H0
69.761613,timesafe_prod_announce_attack,57136.0,57136.0,11865.0,-1660.0,0.0,1,23173,Sync,True,False,False,False,0,H0
69.825537,timesafe_prod_announce_attack,-10232.0,-10232.0,11865.0,-1660.0,0.0,1,23174,Sync,True,False,False,False,0,H0
69.881657,timesafe_prod_announce_attack,58386.0,58386.0,12455.0,-1070.0,0.0,1,23175,Sync,True,False,False,False,0,H0
69.945546,timesafe_prod_announce_attack,-43030.0,-43030.0,45455.0,31930.0,0.0,1,23176,Sync,True,False,False,False,0,H0
70.009628,timesafe_prod_announce_attack,57574.0,57574.0,12959.0,-566.0,0.0,1,23177,Sync,True,False,False,False,0,H0
70.073583,timesafe_prod_announce_attack,-11574.0,-11574.0,12959.0,-566.0,0.0,1,23178,Sync,True,False,False,False,0,H0
70.137631,timesafe_prod_announce_attack,59108.0,59108.0,11913.0,-1612.0,0.0,1,23179,Sync,True,False,False,False,0,H0
70.193567,timesafe_prod_announce_attack,-10352.0,-10352.0,11913.0,-1612.0,0.0,1,23180,Sync,True,False,False,False,0,H0
70.25763,timesafe_prod_announce_attack,59904.0,59904.0,10829.0,-2696.0,0.0,1,23181,Sync,True,False,False,False,0,H0
70.321603,timesafe_prod_announce_attack,22520.0,22520.0,47905.0,34380.0,0.0,1,23182,Sync,True,False,False,False,0,H0
70.385733,timesafe_prod_announce_attack,22972.0,22972.0,47905.0,34380.0,0.0,1,23183,Sync,True,False,False,False,0,H0
70.449557,timesafe_prod_announce_attack,-46428.0,-46428.0,48361.0,34836.0,0.0,1,23184,Sync,True,False,False,False,0,H0
70.505613,timesafe_prod_announce_attack,57298.0,57298.0,14047.0,522.0,0.0,1,23185,Sync,True,False,False,False,0,H0
70.569561,timesafe_prod_announce_attack,-43808.0,-43808.0,45629.0,32104.0,0.0,1,23186,Sync,True,False,False,False,0,H0
70.633659,timesafe_prod_announce_attack,25044.0,25044.0,45629.0,32104.0,0.0,1,23187,Sync,True,False,False,False,0,H0
70.697567,timesafe_prod_announce_attack,-44558.0,-44558.0,45647.0,32122.0,0.0,1,23188,Sync,True,False,False,False,0,H0
70.761629,timesafe_prod_announce_attack,57456.0,57456.0,11305.0,-2220.0,0.0,1,23189,Sync,True,False,False,False,0,H0
70.825539,timesafe_prod_announce_attack,-44998.0,-44998.0,46511.0,32986.0,0.0,1,23190,Sync,True,False,False,False,0,H0
70.88166,timesafe_prod_announce_attack,57166.0,57166.0,13671.0,146.0,0.0,1,23191,Sync,True,False,False,False,0,H0
70.945568,timesafe_prod_announce_attack,-11702.0,-11702.0,13671.0,146.0,0.0,1,23192,Sync,True,False,False,False,0,H0
71.00966,timesafe_prod_announce_attack,58220.0,58220.0,13081.0,-444.0,0.0,1,23193,Sync,True,False,False,False,0,H0
71.073518,timesafe_prod_announce_attack,-12032.0,-12032.0,13081.0,-444.0,0.0,1,23194,Sync,True,False,False,False,0,H0
71.137599,timesafe_prod_announce_attack,59708.0,59708.0,11217.0,-2308.0,0.0,1,23195,Sync,True,False,False,False,0,H0
71.193568,timesafe_prod_announce_attack,-47130.0,-47130.0,48211.0,34686.0,0.0,1,23196,Sync,True,False,False,False,0,H0
71.257633,timesafe_prod_announce_attack,59840.0,59840.0,10721.0,-2804.0,0.0,1,23197,Sync,True,False,False,False,0,H0
71.321616,timesafe_prod_announce_attack,59468.0,59468.0,10721.0,-2804.0,0.0,1,23198,Sync,True,False,False,False,0,H0
71.38563,timesafe_prod_announce_attack,24620.0,24620.0,46389.0,32864.0,0.0,1,23199,Sync,True,False,False,False,0,H0
71.449533,timesafe_prod_announce_attack,-43162.0,-43162.0,45343.0,31818.0,0.0,1,23200,Sync,True,False,False,False,0,H0
71.513625,timesafe_prod_announce_attack,57338.0,57338.0,13651.0,126.0,0.0,1,23201,Sync,True,False,False,False,0,H0
71.56955,timesafe_prod_announce_attack,-43750.0,-43750.0,45303.0,31778.0,0.0,1,23202,Sync,True,False,False,False,0,H0
71.633633,timesafe_prod_announce_attack,25054.0,25054.0,45303.0,31778.0,0.0,1,23203,Sync,True,False,False,False,0,H0
71.697546,timesafe_prod_announce_attack,-44646.0,-44646.0,45943.0,32418.0,0.0,1,23204,Sync,True,False,False,False,0,H0
71.761632,timesafe_prod_announce_attack,59126.0,59126.0,10679.0,-2846.0,0.0,1,23205,Sync,True,False,False,False,0,H0
71.825584,timesafe_prod_announce_attack,-43372.0,-43372.0,44933.0,31408.0,0.0,1,23206,Sync,True,False,False,False,0,H0
71.881653,timesafe_prod_announce_attack,59682.0,59682.0,11247.0,-2278.0,0.0,1,23207,Sync,True,False,False,False,0,H0
71.945567,timesafe_prod_announce_attack,-46296.0,-46296.0,48065.0,34540.0,0.0,1,23208,Sync,True,False,False,False,0,H0
72.009692,timesafe_prod_announce_attack,57938.0,57938.0,12967.0,-558.0,0.0,1,23209,Sync,True,False,False,False,0,H0
72.073604,timesafe_prod_announce_attack,-45558.0,-45558.0,46671.0,33146.0,0.0,1,23210,Sync,True,False,False,False,0,H0
72.137665,timesafe_prod_announce_attack,58516.0,58516.0,12369.0,-1156.0,0.0,1,23211,Sync,True,False,False,False,0,H0
72.193609,timesafe_prod_announce_attack,-10672.0,-10672.0,12369.0,-1156.0,0.0,1,23212,Sync,True,False,False,False,0,H0
72.257641,timesafe_prod_announce_attack,60264.0,60264.0,11597.0,-1928.0,0.0,1,23213,Sync,True,False,False,False,0,H0
72.321611,timesafe_prod_announce_attack,-45570.0,-45570.0,46723.0,33198.0,0.0,1,23214,Sync,True,False,False,False,0,H0
72.385693,timesafe_prod_announce_attack,58422.0,58422.0,11795.0,-1730.0,0.0,1,23215,Sync,True,False,False,False,0,H0
72.449605,timesafe_prod_announce_attack,-43438.0,-43438.0,45095.0,31570.0,0.0,1,23216,Sync,True,False,False,False,0,H0
72.50569,timesafe_prod_announce_attack,25762.0,25762.0,45095.0,31570.0,0.0,1,23217,Sync,True,False,False,False,0,H0
72.569586,timesafe_prod_announce_attack,-45810.0,-45810.0,47799.0,34274.0,0.0,1,23218,Sync,True,False,False,False,0,H0
72.633696,timesafe_prod_announce_attack,57330.0,57330.0,13391.0,-134.0,0.0,1,23219,Sync,True,False,False,False,0,H0
72.697562,timesafe_prod_announce_attack,-11846.0,-11846.0,13391.0,-134.0,0.0,1,23220,Sync,True,False,False,False,0,H0
72.761682,timesafe_prod_announce_attack,58832.0,58832.0,12361.0,-1164.0,0.0,1,23221,Sync,True,False,False,False,0,H0
72.825575,timesafe_prod_announce_attack,-45650.0,-45650.0,47343.0,33818.0,0.0,1,23222,Sync,True,False,False,False,0,H0
72.881708,timesafe_prod_announce_attack,57498.0,57498.0,13503.0,-22.0,0.0,1,23223,Sync,True,False,False,False,0,H0
72.945588,timesafe_prod_announce_attack,-11614.0,-11614.0,13503.0,-22.0,0.0,1,23224,Sync,True,False,False,False,0,H0
73.009683,timesafe_prod_announce_attack,58344.0,58344.0,13113.0,-412.0,0.0,1,23225,Sync,True,False,False,False,0,H0
73.073622,timesafe_prod_announce_attack,-45880.0,-45880.0,47021.0,33496.0,0.0,1,23226,Sync,True,False,False,False,0,H0
73.137629,timesafe_prod_announce_attack,60124.0,60124.0,10977.0,-2548.0,0.0,1,23227,Sync,True,False,False,False,0,H0
73.193573,timesafe_prod_announce_attack,-45010.0,-45010.0,46523.0,32998.0,0.0,1,23228,Sync,True,False,False,False,0,H0
73.257673,timesafe_prod_announce_attack,60050.0,60050.0,11631.0,-1894.0,0.0,1,23229,Sync,True,False,False,False,0,H0
73.321595,timesafe_prod_announce_attack,-10434.0,-10434.0,11631.0,-1894.0,0.0,1,23230,Sync,True,False,False,False,0,H0
73.385645,timesafe_prod_announce_attack,58062.0,58062.0,12779.0,-746.0,0.0,1,23231,Sync,True,False,False,False,0,H0
73.449557,timesafe_prod_announce_attack,-44706.0,-44706.0,46323.0,32798.0,0.0,1,23232,Sync,True,False,False,False,0,H0
73.505647,timesafe_prod_announce_attack,24738.0,24738.0,46323.0,32798.0,0.0,1,23233,Sync,True,False,False,False,0,H0
73.569564,timesafe_prod_announce_attack,-45242.0,-45242.0,46307.0,32782.0,0.0,1,23234,Sync,True,False,False,False,0,H0
73.633672,timesafe_prod_announce_attack,24178.0,24178.0,46307.0,32782.0,0.0,1,23235,Sync,True,False,False,False,0,H0
73.697566,timesafe_prod_announce_attack,-45538.0,-45538.0,46715.0,33190.0,0.0,1,23236,Sync,True,False,False,False,0,H0
73.761649,timesafe_prod_announce_attack,59298.0,59298.0,11427.0,-2098.0,0.0,1,23237,Sync,True,False,False,False,0,H0
73.825595,timesafe_prod_announce_attack,-9474.0,-9474.0,11427.0,-2098.0,0.0,1,23238,Sync,True,False,False,False,0,H0
73.88168,timesafe_prod_announce_attack,57522.0,57522.0,12667.0,-858.0,0.0,1,23239,Sync,True,False,False,False,0,H0
73.945592,timesafe_prod_announce_attack,-11334.0,-11334.0,12667.0,-858.0,0.0,1,23240,Sync,True,False,False,False,0,H0
74.009718,timesafe_prod_announce_attack,57220.0,57220.0,13001.0,-524.0,0.0,1,23241,Sync,True,False,False,False,0,H0
74.073569,timesafe_prod_announce_attack,-45604.0,-45604.0,47077.0,33552.0,0.0,1,23242,Sync,True,False,False,False,0,H0
74.137686,timesafe_prod_announce_attack,59760.0,59760.0,11053.0,-2472.0,0.0,1,23243,Sync,True,False,False,False,0,H0
74.193536,timesafe_prod_announce_attack,-9608.0,-9608.0,11053.0,-2472.0,0.0,1,23244,Sync,True,False,False,False,0,H0
74.257696,timesafe_prod_announce_attack,59926.0,59926.0,11255.0,-2270.0,0.0,1,23245,Sync,True,False,False,False,0,H0
74.321608,timesafe_prod_announce_attack,24582.0,24582.0,46099.0,32574.0,0.0,1,23246,Sync,True,False,False,False,0,H0
74.385623,timesafe_prod_announce_attack,23960.0,23960.0,46733.0,33208.0,0.0,1,23247,Sync,True,False,False,False,0,H0
74.449573,timesafe_prod_announce_attack,-44880.0,-44880.0,46817.0,33292.0,0.0,1,23248,Sync,True,False,False,False,0,H0
74.513628,timesafe_prod_announce_attack,23744.0,23744.0,46817.0,33292.0,0.0,1,23249,Sync,True,False,False,False,0,H0
74.569556,timesafe_prod_announce_attack,-44842.0,-44842.0,46035.0,32510.0,0.0,1,23250,Sync,True,False,False,False,0,H0
74.633652,timesafe_prod_announce_attack,60090.0,60090.0,10283.0,-3242.0,0.0,1,23251,Sync,True,False,False,False,0,H0
74.697539,timesafe_prod_announce_attack,-44860.0,-44860.0,46217.0,32692.0,0.0,1,23252,Sync,True,False,False,False,0,H0
74.761626,timesafe_prod_announce_attack,23456.0,23456.0,46217.0,32692.0,0.0,1,23253,Sync,True,False,False,False,0,H0
74.825538,timesafe_prod_announce_attack,-44760.0,-44760.0,46121.0,32596.0,0.0,1,23254,Sync,True,False,False,False,0,H0
74.88163,timesafe_prod_announce_attack,58066.0,58066.0,11995.0,-1530.0,0.0,1,23255,Sync,True,False,False,False,0,H0
74.945547,timesafe_prod_announce_attack,-10186.0,-10186.0,11995.0,-1530.0,0.0,1,23256,Sync,True,False,False,False,0,H0
75.009683,timesafe_prod_announce_attack,-10028.0,-10028.0,11465.0,-2060.0,0.0,1,23257,Sync,True,False,False,False,0,H0
75.073576,timesafe_prod_announce_attack,-9466.0,-9466.0,11463.0,-2062.0,0.0,1,23258,Sync,True,False,False,False,0,H0
75.137705,timesafe_prod_announce_attack,58760.0,58760.0,12089.0,-1436.0,0.0,1,23259,Sync,True,False,False,False,0,H0
75.19354,timesafe_prod_announce_attack,-10696.0,-10696.0,12089.0,-1436.0,0.0,1,23260,Sync,True,False,False,False,0,H0
75.257621,timesafe_prod_announce_attack,57466.0,57466.0,13287.0,-238.0,0.0,1,23261,Sync,True,False,False,False,0,H0
75.32162,timesafe_prod_announce_attack,57470.0,57470.0,13287.0,-238.0,0.0,1,23262,Sync,True,False,False,False,0,H0
75.385711,timesafe_prod_announce_attack,25224.0,25224.0,45305.0,31780.0,0.0,1,23263,Sync,True,False,False,False,0,H0
75.449577,timesafe_prod_announce_attack,-43258.0,-43258.0,45835.0,32310.0,0.0,1,23264,Sync,True,False,False,False,0,H0
75.505732,timesafe_prod_announce_attack,24954.0,24954.0,45835.0,32310.0,0.0,1,23265,Sync,True,False,False,False,0,H0
75.569543,timesafe_prod_announce_attack,-44052.0,-44052.0,46005.0,32480.0,0.0,1,23266,Sync,True,False,False,False,0,H0
75.633686,timesafe_prod_announce_attack,59838.0,59838.0,11167.0,-2358.0,0.0,1,23267,Sync,True,False,False,False,0,H0
75.69757,timesafe_prod_announce_attack,-43712.0,-43712.0,45285.0,31760.0,0.0,1,23268,Sync,True,False,False,False,0,H0
75.761668,timesafe_prod_announce_attack,26980.0,26980.0,45285.0,31760.0,0.0,1,23269,Sync,True,False,False,False,0,H0
75.825551,timesafe_prod_announce_attack,-47098.0,-47098.0,48903.0,35378.0,0.0,1,23270,Sync,True,False,False,False,0,H0
75.88164,timesafe_prod_announce_attack,58172.0,58172.0,11893.0,-1632.0,0.0,1,23271,Sync,True,False,False,False,0,H0
75.945592,timesafe_prod_announce_attack,-10032.0,-10032.0,11893.0,-1632.0,0.0,1,23272,Sync,True,False,False,False,0,H0
76.00965,timesafe_prod_announce_attack,59498.0,59498.0,11219.0,-2306.0,0.0,1,23273,Sync,True,False,False,False,0,H0
76.073604,timesafe_prod_announce_attack,-46440.0,-46440.0,47805.0,34280.0,0.0,1,23274,Sync,True,False,False,False,0,H0
76.137679,timesafe_prod_announce_attack,22448.0,22448.0,47805.0,34280.0,0.0,1,23275,Sync,True,False,False,False,0,H0
76.193561,timesafe_prod_announce_attack,-44220.0,-44220.0,46353.0,32828.0,0.0,1,23276,Sync,True,False,False,False,0,H0
76.257699,timesafe_prod_announce_attack,57170.0,57170.0,13935.0,410.0,0.0,1,23277,Sync,True,False,False,False,0,H0
76.321581,timesafe_prod_announce_attack,-44122.0,-44122.0,45599.0,32074.0,0.0,1,23278,Sync,True,False,False,False,0,H0
76.385691,timesafe_prod_announce_attack,57820.0,57820.0,13217.0,-308.0,0.0,1,23279,Sync,True,False,False,False,0,H0
76.449594,timesafe_prod_announce_attack,-10868.0,-10868.0,13217.0,-308.0,0.0,1,23280,Sync,True,False,False,False,0,H0
76.505681,timesafe_prod_announce_attack,58476.0,58476.0,11993.0,-1532.0,0.0,1,23281,Sync,True,False,False,False,0,H0
76.569647,timesafe_prod_announce_attack,-44224.0,-44224.0,46029.0,32504.0,0.0,1,23282,Sync,True,False,False,False,0,H0
76.633832,timesafe_prod_announce_attack,59832.0,59832.0,11157.0,-2368.0,0.0,1,23283,Sync,True,False,False,False,0,H0
76.6976,timesafe_prod_announce_attack,-45330.0,-45330.0,47167.0,33642.0,0.0,1,23284,Sync,True,False,False,False,0,H0
76.761679,timesafe_prod_announce_attack,57450.0,57450.0,13535.0,10.0,0.0,1,23285,Sync,True,False,False,False,0,H0
76.825587,timesafe_prod_announce_attack,-45884.0,-45884.0,48033.0,34508.0,0.0,1,23286,Sync,True,False,False,False,0,H0
76.881682,timesafe_prod_announce_attack,22540.0,22540.0,48033.0,34508.0,0.0,1,23287,Sync,True,False,False,False,0,H0
76.945631,timesafe_prod_announce_attack,-45994.0,-45994.0,48011.0,34486.0,0.0,1,23288,Sync,True,False,False,False,0,H0
77.009702,timesafe_prod_announce_attack,58292.0,58292.0,12697.0,-828.0,0.0,1,23289,Sync,True,False,False,False,0,H0
77.073603,timesafe_prod_announce_attack,-10736.0,-10736.0,12697.0,-828.0,0.0,1,23290,Sync,True,False,False,False,0,H0
77.137686,timesafe_prod_announce_attack,56976.0,56976.0,14153.0,628.0,0.0,1,23291,Sync,True,False,False,False,0,H0
77.193597,timesafe_prod_announce_attack,-12184.0,-12184.0,14153.0,628.0,0.0,1,23292,Sync,True,False,False,False,0,H0
77.257712,timesafe_prod_announce_attack,57306.0,57306.0,13719.0,194.0,0.0,1,23293,Sync,True,False,False,False,0,H0
77.321608,timesafe_prod_announce_attack,-44536.0,-44536.0,45681.0,32156.0,0.0,1,23294,Sync,True,False,False,False,0,H0
77.385715,timesafe_prod_announce_attack,25248.0,25248.0,45681.0,32156.0,0.0,1,23295,Sync,True,False,False,False,0,H0
77.449598,timesafe_prod_announce_attack,-45152.0,-45152.0,46937.0,33412.0,0.0,1,23296,Sync,True,False,False,False,0,H0
77.513698,timesafe_prod_announce_attack,60254.0,60254.0,10895.0,-2630.0,0.0,1,23297,Sync,True,False,False,False,0,H0
77.569598,timesafe_prod_announce_attack,-45418.0,-45418.0,47491.0,33966.0,0.0,1,23298,Sync,True,False,False,False,0,H0
77.633716,timesafe_prod_announce_attack,23282.0,23282.0,47491.0,33966.0,0.0,1,23299,Sync,True,False,False,False,0,H0
77.697621,timesafe_prod_announce_attack,-44852.0,-44852.0,46829.0,33304.0,0.0,1,23300,Sync,True,False,False,False,0,H0
77.761726,timesafe_prod_announce_attack,59724.0,59724.0,11425.0,-2100.0,0.0,1,23301,Sync,True,False,False,False,0,H0
77.825602,timesafe_prod_announce_attack,-44680.0,-44680.0,46761.0,33236.0,0.0,1,23302,Sync,True,False,False,False,0,H0
77.881699,timesafe_prod_announce_attack,24436.0,24436.0,46761.0,33236.0,0.0,1,23303,Sync,True,False,False,False,0,H0
77.945627,timesafe_prod_announce_attack,-44738.0,-44738.0,46431.0,32906.0,0.0,1,23304,Sync,True,False,False,False,0,H0
78.009694,timesafe_prod_announce_attack,59046.0,59046.0,11607.0,-1918.0,0.0,1,23305,Sync,True,False,False,False,0,H0
78.073633,timesafe_prod_announce_attack,-45052.0,-45052.0,46413.0,32888.0,0.0,1,23306,Sync,True,False,False,False,0,H0
78.137659,timesafe_prod_announce_attack,60470.0,60470.0,10399.0,-3126.0,0.0,1,23307,Sync,True,False,False,False,0,H0
78.193781,timesafe_prod_announce_attack,-44340.0,-44340.0,45845.0,32320.0,0.0,1,23308,Sync,True,False,False,False,0,H0
78.25769,timesafe_prod_announce_attack,60054.0,60054.0,10571.0,-2954.0,0.0,1,23309,Sync,True,False,False,False,0,H0
78.321598,timesafe_prod_announce_attack,-8742.0,-8742.0,10571.0,-2954.0,0.0,1,23310,Sync,True,False,False,False,0,H0
78.385683,timesafe_prod_announce_attack,58536.0,58536.0,12561.0,-964.0,0.0,1,23311,Sync,True,False,False,False,0,H0
78.449633,timesafe_prod_announce_attack,-10456.0,-10456.0,12561.0,-964.0,0.0,1,23312,Sync,True,False,False,False,0,H0
78.505904,timesafe_prod_announce_attack,-9516.0,-9516.0,11361.0,-2164.0,0.0,1,23313,Sync,True,False,False,False,0,H0
105.345834,timesafe_prod_announce_attack,-44854.0,-44854.0,46911.0,33386.0,0.0,1,23408,Sync,True,False,False,False,0,H0
105.369804,timesafe_prod_announce_attack,-66869.0,-66869.0,46911.0,33386.0,0.0,1,1705,Sync,True,False,False,False,0,H0
105.409935,timesafe_prod_announce_attack,24574.0,24574.0,46911.0,33386.0,0.0,1,23409,Sync,True,False,False,False,0,H0
105.473882,timesafe_prod_announce_attack,-46652.0,-46652.0,48425.0,34900.0,0.0,1,23410,Sync,True,False,False,False,0,H0
105.537952,timesafe_prod_announce_attack,22648.0,22648.0,48425.0,34900.0,0.0,1,23411,Sync,True,False,False,False,0,H0
105.601848,timesafe_prod_announce_attack,-44032.0,-44032.0,46241.0,32716.0,0.0,1,23412,Sync,True,False,False,False,0,H0
105.658,timesafe_prod_announce_attack,24324.0,24324.0,46241.0,32716.0,0.0,1,23413,Sync,True,False,False,False,0,H0
105.721868,timesafe_prod_announce_attack,-45504.0,-45504.0,47645.0,34120.0,0.0,1,23414,Sync,True,False,False,False,0,H0
105.78599,timesafe_prod_announce_attack,23276.0,23276.0,47645.0,34120.0,0.0,1,23415,Sync,True,False,False,False,0,H0
105.849811,timesafe_prod_announce_attack,-42186.0,-42186.0,44795.0,31270.0,0.0,1,23416,Sync,True,False,False,False,0,H0
105.913926,timesafe_prod_announce_attack,59134.0,59134.0,11739.0,-1786.0,0.0,1,23417,Sync,True,False,False,False,0,H0
105.96981,timesafe_prod_announce_attack,-44932.0,-44932.0,46585.0,33060.0,0.0,1,23418,Sync,True,False,False,False,0,H0
106.033903,timesafe_prod_announce_attack,24112.0,24112.0,46585.0,33060.0,0.0,1,23419,Sync,True,False,False,False,0,H0
106.097812,timesafe_prod_announce_attack,-45778.0,-45778.0,47727.0,34202.0,0.0,1,23420,Sync,True,False,False,False,0,H0
106.161886,timesafe_prod_announce_attack,56686.0,56686.0,13351.0,-174.0,0.0,1,23421,Sync,True,False,False,False,0,H0
106.225811,timesafe_prod_announce_attack,-45344.0,-45344.0,47397.0,33872.0,0.0,1,23422,Sync,True,False,False,False,0,H0
106.281896,timesafe_prod_announce_attack,59660.0,59660.0,11281.0,-2244.0,0.0,1,23423,Sync,True,False,False,False,0,H0
106.345809,timesafe_prod_announce_attack,-43808.0,-43808.0,45841.0,32316.0,0.0,1,23424,Sync,True,False,False,False,0,H0
106.409899,timesafe_prod_announce_attack,59104.0,59104.0,11949.0,-1576.0,0.0,1,23425,Sync,True,False,False,False,0,H0
106.473832,timesafe_prod_announce_attack,-43678.0,-43678.0,45199.0,31674.0,0.0,1,23426,Sync,True,False,False,False,0,H0
106.537897,timesafe_prod_announce_attack,26182.0,26182.0,45199.0,31674.0,0.0,1,23427,Sync,True,False,False,False,0,H0
106.601818,timesafe_prod_announce_attack,-45386.0,-45386.0,46887.0,33362.0,0.0,1,23428,Sync,True,False,False,False,0,H0
106.657952,timesafe_prod_announce_attack,-9900.0,-9900.0,11213.0,-2312.0,0.0,1,23429,Sync,True,False,False,False,0,H0
106.721847,timesafe_prod_announce_attack,-9896.0,-9896.0,11669.0,-1856.0,0.0,1,23430,Sync,True,False,False,False,0,H0
106.785936,timesafe_prod_announce_attack,60000.0,60000.0,10545.0,-2980.0,0.0,1,23431,Sync,True,False,False,False,0,H0
106.849889,timesafe_prod_announce_attack,-44638.0,-44638.0,46915.0,33390.0,0.0,1,23432,Sync,True,False,False,False,0,H0
106.913951,timesafe_prod_announce_attack,23258.0,23258.0,46915.0,33390.0,0.0,1,23433,Sync,True,False,False,False,0,H0
106.969892,timesafe_prod_announce_attack,-43860.0,-43860.0,45637.0,32112.0,0.0,1,23434,Sync,True,False,False,False,0,H0
107.033989,timesafe_prod_announce_attack,59458.0,59458.0,11511.0,-2014.0,0.0,1,23435,Sync,True,False,False,False,0,H0
107.097853,timesafe_prod_announce_attack,-10006.0,-10006.0,11511.0,-2014.0,0.0,1,23436,Sync,True,False,False,False,0,H0
107.161948,timesafe_prod_announce_attack,58748.0,58748.0,12373.0,-1152.0,0.0,1,23437,Sync,True,False,False,False,0,H0
107.225863,timesafe_prod_announce_attack,-44766.0,-44766.0,46743.0,33218.0,0.0,1,23438,Sync,True,False,False,False,0,H0
107.289983,timesafe_prod_announce_attack,24006.0,24006.0,46743.0,33218.0,0.0,1,23439,Sync,True,False,False,False,0,H0
107.345829,timesafe_prod_announce_attack,-45692.0,-45692.0,48097.0,34572.0,0.0,1,23440,Sync,True,False,False,False,0,H0
107.409976,timesafe_prod_announce_attack,22784.0,22784.0,48097.0,34572.0,0.0,1,23441,Sync,True,False,False,False,0,H0
107.473822,timesafe_prod_announce_attack,-44028.0,-44028.0,45253.0,31728.0,0.0,1,23442,Sync,True,False,False,False,0,H0
107.537976,timesafe_prod_announce_attack,24980.0,24980.0,45253.0,31728.0,0.0,1,23443,Sync,True,False,False,False,0,H0
107.601824,timesafe_prod_announce_attack,-46524.0,-46524.0,47589.0,34064.0,0.0,1,23444,Sync,True,False,False,False,0,H0
107.657952,timesafe_prod_announce_attack,23504.0,23504.0,47589.0,34064.0,0.0,1,23445,Sync,True,False,False,False,0,H0
107.721915,timesafe_prod_announce_attack,-45162.0,-45162.0,46891.0,33366.0,0.0,1,23446,Sync,True,False,False,False,0,H0
107.785983,timesafe_prod_announce_attack,60010.0,60010.0,11031.0,-2494.0,0.0,1,23447,Sync,True,False,False,False,0,H0
107.849891,timesafe_prod_announce_attack,-8134.0,-8134.0,11031.0,-2494.0,0.0,1,23448,Sync,True,False,False,False,0,H0
107.91401,timesafe_prod_announce_attack,57592.0,57592.0,13361.0,-164.0,0.0,1,23449,Sync,True,False,False,False,0,H0
107.969865,timesafe_prod_announce_attack,-10788.0,-10788.0,13361.0,-164.0,0.0,1,23450,Sync,True,False,False,False,0,H0
108.033994,timesafe_prod_announce_attack,59360.0,59360.0,11257.0,-2268.0,0.0,1,23451,Sync,True,False,False,False,0,H0
108.097869,timesafe_prod_announce_attack,-44628.0,-44628.0,46097.0,32572.0,0.0,1,23452,Sync,True,False,False,False,0,H0
108.16195,timesafe_prod_announce_attack,58854.0,58854.0,11315.0,-2210.0,0.0,1,23453,Sync,True,False,False,False,0,H0
108.225894,timesafe_prod_announce_attack,-45950.0,-45950.0,47603.0,34078.0,0.0,1,23454,Sync,True,False,False,False,0,H0
108.281948,timesafe_prod_announce_attack,59984.0,59984.0,11049.0,-2476.0,0.0,1,23455,Sync,True,False,False,False,0,H0
108.345863,timesafe_prod_announce_attack,-9256.0,-9256.0,11049.0,-2476.0,0.0,1,23456,Sync,True,False,False,False,0,H0
108.409962,timesafe_prod_announce_attack,60384.0,60384.0,10273.0,-3252.0,0.0,1,23457,Sync,True,False,False,False,0,H0
108.473989,timesafe_prod_announce_attack,25160.0,25160.0,45165.0,31640.0,0.0,1,23458,Sync,True,False,False,False,0,H0
108.537951,timesafe_prod_announce_attack,26362.0,26362.0,45087.0,31562.0,0.0,1,23459,Sync,True,False,False,False,0,H0
108.601866,timesafe_prod_announce_attack,-44710.0,-44710.0,46051.0,32526.0,0.0,1,23460,Sync,True,False,False,False,0,H0
108.657984,timesafe_prod_announce_attack,60056.0,60056.0,11261.0,-2264.0,0.0,1,23461,Sync,True,False,False,False,0,H0
108.721923,timesafe_prod_announce_attack,-9948.0,-9948.0,11261.0,-2264.0,0.0,1,23462,Sync,True,False,False,False,0,H0
108.786122,timesafe_prod_announce_attack,57478.0,57478.0,13447.0,-78.0,0.0,1,23463,Sync,True,False,False,False,0,H0
108.849902,timesafe_prod_announce_attack,-42838.0,-42838.0,45423.0,31898.0,0.0,1,23464,Sync,True,False,False,False,0,H0
108.913958,timesafe_prod_announce_attack,58742.0,58742.0,12095.0,-1430.0,0.0,1,23465,Sync,True,False,False,False,0,H0
108.969948,timesafe_prod_announce_attack,-43874.0,-43874.0,45279.0,31754.0,0.0,1,23466,Sync,True,False,False,False,0,H0
109.033952,timesafe_prod_announce_attack,57152.0,57152.0,13793.0,268.0,0.0,1,23467,Sync,True,False,False,False,0,H0
109.097898,timesafe_prod_announce_attack,-46544.0,-46544.0,48329.0,34804.0,0.0,1,23468,Sync,True,False,False,False,0,H0
109.162065,timesafe_prod_announce_attack,84494.0,84494.0,12347.0,-1178.0,0.0,1,23469,Sync,True,False,False,False,0,H0
109.22588,timesafe_prod_announce_attack,-10482.0,-10482.0,12347.0,-1178.0,0.0,1,23470,Sync,True,False,False,False,0,H0
109.281956,timesafe_prod_announce_attack,58114.0,58114.0,13075.0,-450.0,0.0,1,23471,Sync,True,False,False,False,0,H0
109.345899,timesafe_prod_announce_attack,-45218.0,-45218.0,47803.0,34278.0,0.0,1,23472,Sync,True,False,False,False,0,H0
109.409982,timesafe_prod_announce_attack,57532.0,57532.0,13665.0,140.0,0.0,1,23473,Sync,True,False,False,False,0,H0
109.473868,timesafe_prod_announce_attack,-43836.0,-43836.0,45709.0,32184.0,0.0,1,23474,Sync,True,False,False,False,0,H0
109.537958,timesafe_prod_announce_attack,56636.0,56636.0,13853.0,328.0,0.0,1,23475,Sync,True,False,False,False,0,H0
109.60187,timesafe_prod_announce_attack,-12592.0,-12592.0,13853.0,328.0,0.0,1,23476,Sync,True,False,False,False,0,H0
109.658031,timesafe_prod_announce_attack,59302.0,59302.0,11123.0,-2402.0,0.0,1,23477,Sync,True,False,False,False,0,H0
109.721885,timesafe_prod_announce_attack,-43404.0,-43404.0,44905.0,31380.0,0.0,1,23478,Sync,True,False,False,False,0,H0
109.785982,timesafe_prod_announce_attack,60048.0,60048.0,11217.0,-2308.0,0.0,1,23479,Sync,True,False,False,False,0,H0
109.849902,timesafe_prod_announce_attack,-45736.0,-45736.0,48169.0,34644.0,0.0,1,23480,Sync,True,False,False,False,0,H0
109.913985,timesafe_prod_announce_attack,57576.0,57576.0,13113.0,-412.0,0.0,1,23481,Sync,True,False,False,False,0,H0
109.969903,timesafe_prod_announce_attack,-10988.0,-10988.0,13113.0,-412.0,0.0,1,23482,Sync,True,False,False,False,0,H0
110.033991,timesafe_prod_announce_attack,58128.0,58128.0,12497.0,-1028.0,0.0,1,23483,Sync,True,False,False,False,0,H0
110.097856,timesafe_prod_announce_attack,-43082.0,-43082.0,45523.0,31998.0,0.0,1,23484,Sync,True,False,False,False,0,H0
110.161965,timesafe_prod_announce_attack,24806.0,24806.0,45523.0,31998.0,0.0,1,23485,Sync,True,False,False,False,0,H0
110.225865,timesafe_prod_announce_attack,-46144.0,-46144.0,47609.0,34084.0,0.0,1,23486,Sync,True,False,False,False,0,H0
110.281957,timesafe_prod_announce_attack,23188.0,23188.0,47609.0,34084.0,0.0,1,23487,Sync,True,False,False,False,0,H0
110.345868,timesafe_prod_announce_attack,-45904.0,-45904.0,47813.0,34288.0,0.0,1,23488,Sync,True,False,False,False,0,H0
110.409935,timesafe_prod_announce_attack,58154.0,58154.0,12667.0,-858.0,0.0,1,23489,Sync,True,False,False,False,0,H0
110.473884,timesafe_prod_announce_attack,-44696.0,-44696.0,46277.0,32752.0,0.0,1,23490,Sync,True,False,False,False,0,H0
110.537959,timesafe_prod_announce_attack,24276.0,24276.0,46277.0,32752.0,0.0,1,23491,Sync,True,False,False,False,0,H0
110.601933,timesafe_prod_announce_attack,-44774.0,-44774.0,46399.0,32874.0,0.0,1,23492,Sync,True,False,False,False,0,H0
110.657973,timesafe_prod_announce_attack,24602.0,24602.0,46399.0,32874.0,0.0,1,23493,Sync,True,False,False,False,0,H0
110.721937,timesafe_prod_announce_attack,-47344.0,-47344.0,48549.0,35024.0,0.0,1,23494,Sync,True,False,False,False,0,H0
110.78602,timesafe_prod_announce_attack,58440.0,58440.0,12257.0,-1268.0,0.0,1,23495,Sync,True,False,False,False,0,H0
110.849913,timesafe_prod_announce_attack,-10136.0,-10136.0,12257.0,-1268.0,0.0,1,23496,Sync,True,False,False,False,0,H0
110.913969,timesafe_prod_announce_attack,59028.0,59028.0,11681.0,-1844.0,0.0,1,23497,Sync,True,False,False,False,0,H0
110.969881,timesafe_prod_announce_attack,-9628.0,-9628.0,11681.0,-1844.0,0.0,1,23498,Sync,True,False,False,False,0,H0
111.033979,timesafe_prod_announce_attack,57936.0,57936.0,13229.0,-296.0,0.0,1,23499,Sync,True,False,False,False,0,H0
111.097857,timesafe_prod_announce_attack,-44180.0,-44180.0,46261.0,32736.0,0.0,1,23500,Sync,True,False,False,False,0,H0
111.161941,timesafe_prod_announce_attack,58124.0,58124.0,12577.0,-948.0,0.0,1,23501,Sync,True,False,False,False,0,H0
111.225855,timesafe_prod_announce_attack,-44868.0,-44868.0,46301.0,32776.0,0.0,1,23502,Sync,True,False,False,False,0,H0
111.28194,timesafe_prod_announce_attack,24752.0,24752.0,46301.0,32776.0,0.0,1,23503,Sync,True,False,False,False,0,H0
111.345867,timesafe_prod_announce_attack,-45330.0,-45330.0,46619.0,33094.0,0.0,1,23504,Sync,True,False,False,False,0,H0
111.409994,timesafe_prod_announce_attack,24042.0,24042.0,46619.0,33094.0,0.0,1,23505,Sync,True,False,False,False,0,H0
111.473913,timesafe_prod_announce_attack,-44250.0,-44250.0,45779.0,32254.0,0.0,1,23506,Sync,True,False,False,False,0,H0
111.537985,timesafe_prod_announce_attack,25974.0,25974.0,45779.0,32254.0,0.0,1,23507,Sync,True,False,False,False,0,H0
111.60189,timesafe_prod_announce_attack,-44324.0,-44324.0,45677.0,32152.0,0.0,1,23508,Sync,True,False,False,False,0,H0
111.657983,timesafe_prod_announce_attack,57610.0,57610.0,13495.0,-30.0,0.0,1,23509,Sync,True,False,False,False,0,H0
111.721873,timesafe_prod_announce_attack,-44586.0,-44586.0,45607.0,32082.0,0.0,1,23510,Sync,True,False,False,False,0,H0
111.785944,timesafe_prod_announce_attack,24702.0,24702.0,45607.0,32082.0,0.0,1,23511,Sync,True,False,False,False,0,H0
111.849901,timesafe_prod_announce_attack,-43360.0,-43360.0,45633.0,32108.0,0.0,1,23512,Sync,True,False,False,False,0,H0
111.913981,timesafe_prod_announce_attack,58046.0,58046.0,12815.0,-710.0,0.0,1,23513,Sync,True,False,False,False,0,H0
111.969897,timesafe_prod_announce_attack,-44772.0,-44772.0,46669.0,33144.0,0.0,1,23514,Sync,True,False,False,False,0,H0
112.034013,timesafe_prod_announce_attack,59012.0,59012.0,11893.0,-1632.0,0.0,1,23515,Sync,True,False,False,False,0,H0
112.097889,timesafe_prod_announce_attack,-44186.0,-44186.0,45507.0,31982.0,0.0,1,23516,Sync,True,False,False,False,0,H0
112.162065,timesafe_prod_announce_attack,110558.0,110558.0,13219.0,-306.0,0.0,1,23517,Sync,True,False,False,False,0,H0
112.225906,timesafe_prod_announce_attack,-71964.0,-71964.0,74193.0,60668.0,0.0,1,23518,Sync,True,False,False,False,0,H0
112.282062,timesafe_prod_announce_attack,101036.0,101036.0,13757.0,232.0,0.0,1,23519,Sync,True,False,False,False,0,H0
112.345898,timesafe_prod_announce_attack,-66090.0,-66090.0,68079.0,54554.0,0.0,1,23520,Sync,True,False,False,False,0,H0
112.41002,timesafe_prod_announce_attack,59064.0,59064.0,11877.0,-1648.0,0.0,1,23521,Sync,True,False,False,False,0,H0
112.473878,timesafe_prod_announce_attack,-44408.0,-44408.0,46321.0,32796.0,0.0,1,23522,Sync,True,False,False,False,0,H0
112.537996,timesafe_prod_announce_attack,59816.0,59816.0,11233.0,-2292.0,0.0,1,23523,Sync,True,False,False,False,0,H0
112.60192,timesafe_prod_announce_attack,-45428.0,-45428.0,47173.0,33648.0,0.0,1,23524,Sync,True,False,False,False,0,H0
112.658051,timesafe_prod_announce_attack,57888.0,57888.0,12581.0,-944.0,0.0,1,23525,Sync,True,False,False,False,0,H0
112.723015,timesafe_prod_announce_attack,-43562.0,-43562.0,45063.0,31538.0,0.0,1,23526,Sync,True,False,False,False,0,H0
112.785987,timesafe_prod_announce_attack,59602.0,59602.0,10899.0,-2626.0,0.0,1,23527,Sync,True,False,False,False,0,H0
112.849984,timesafe_prod_announce_attack,-43410.0,-43410.0,44815.0,31290.0,0.0,1,23528,Sync,True,False,False,False,0,H0
112.914071,timesafe_prod_announce_attack,25722.0,25722.0,44815.0,31290.0,0.0,1,23529,Sync,True,False,False,False,0,H0
112.969961,timesafe_prod_announce_attack,-46480.0,-46480.0,48181.0,34656.0,0.0,1,23530,Sync,True,False,False,False,0,H0
113.034037,timesafe_prod_announce_attack,22816.0,22816.0,48181.0,34656.0,0.0,1,23531,Sync,True,False,False,False,0,H0
113.097957,timesafe_prod_announce_attack,-44914.0,-44914.0,46963.0,33438.0,0.0,1,23532,Sync,True,False,False,False,0,H0
113.162065,timesafe_prod_announce_attack,85848.0,85848.0,11793.0,-1732.0,0.0,1,23533,Sync,True,False,False,False,0,H0
113.225911,timesafe_prod_announce_attack,-56428.0,-56428.0,58589.0,45064.0,0.0,1,23534,Sync,True,False,False,False,0,H0
113.281959,timesafe_prod_announce_attack,59200.0,59200.0,11933.0,-1592.0,0.0,1,23535,Sync,True,False,False,False,0,H0
113.345933,timesafe_prod_announce_attack,-45596.0,-45596.0,47341.0,33816.0,0.0,1,23536,Sync,True,False,False,False,0,H0
113.410018,timesafe_prod_announce_attack,23692.0,23692.0,47341.0,33816.0,0.0,1,23537,Sync,True,False,False,False,0,H0
113.473911,timesafe_prod_announce_attack,-45000.0,-45000.0,46473.0,32948.0,0.0,1,23538,Sync,True,False,False,False,0,H0
113.537965,timesafe_prod_announce_attack,24664.0,24664.0,46473.0,32948.0,0.0,1,23539,Sync,True,False,False,False,0,H0
113.601921,timesafe_prod_announce_attack,-46052.0,-46052.0,47753.0,34228.0,0.0,1,23540,Sync,True,False,False,False,0,H0
113.65806,timesafe_prod_announce_attack,58026.0,58026.0,12479.0,-1046.0,0.0,1,23541,Sync,True,False,False,False,0,H0
113.721916,timesafe_prod_announce_attack,-10850.0,-10850.0,12479.0,-1046.0,0.0,1,23542,Sync,True,False,False,False,0,H0
113.785996,timesafe_prod_announce_attack,59844.0,59844.0,11185.0,-2340.0,0.0,1,23543,Sync,True,False,False,False,0,H0
113.849905,timesafe_prod_announce_attack,-44842.0,-44842.0,46083.0,32558.0,0.0,1,23544,Sync,True,False,False,False,0,H0
113.913994,timesafe_prod_announce_attack,58158.0,58158.0,12467.0,-1058.0,0.0,1,23545,Sync,True,False,False,False,0,H0
113.969871,timesafe_prod_announce_attack,-43100.0,-43100.0,45201.0,31676.0,0.0,1,23546,Sync,True,False,False,False,0,H0
114.033968,timesafe_prod_announce_attack,59046.0,59046.0,11207.0,-2318.0,0.0,1,23547,Sync,True,False,False,False,0,H0
114.097876,timesafe_prod_announce_attack,-9026.0,-9026.0,11207.0,-2318.0,0.0,1,23548,Sync,True,False,False,False,0,H0
114.161967,timesafe_prod_announce_attack,57184.0,57184.0,13941.0,416.0,0.0,1,23549,Sync,True,False,False,False,0,H0
114.225888,timesafe_prod_announce_attack,-43638.0,-43638.0,46047.0,32522.0,0.0,1,23550,Sync,True,False,False,False,0,H0
114.289964,timesafe_prod_announce_attack,57920.0,57920.0,12933.0,-592.0,0.0,1,23551,Sync,True,False,False,False,0,H0
114.345873,timesafe_prod_announce_attack,-45018.0,-45018.0,46871.0,33346.0,0.0,1,23552,Sync,True,False,False,False,0,H0
114.410029,timesafe_prod_announce_attack,56720.0,56720.0,13477.0,-48.0,0.0,1,23553,Sync,True,False,False,False,0,H0
114.473933,timesafe_prod_announce_attack,-44214.0,-44214.0,45819.0,32294.0,0.0,1,23554,Sync,True,False,False,False,0,H0
114.538048,timesafe_prod_announce_attack,60104.0,60104.0,10913.0,-2612.0,0.0,1,23555,Sync,True,False,False,False,0,H0
114.601945,timesafe_prod_announce_attack,-9764.0,-9764.0,10913.0,-2612.0,0.0,1,23556,Sync,True,False,False,False,0,H0
114.658077,timesafe_prod_announce_attack,60272.0,60272.0,10165.0,-3360.0,0.0,1,23557,Sync,True,False,False,False,0,H0
114.721891,timesafe_prod_announce_attack,-46256.0,-46256.0,47189.0,33664.0,0.0,1,23558,Sync,True,False,False,False,0,H0
114.786038,timesafe_prod_announce_attack,59830.0,59830.0,10675.0,-2850.0,0.0,1,23559,Sync,True,False,False,False,0,H0
114.849946,timesafe_prod_announce_attack,-45486.0,-45486.0,46927.0,33402.0,0.0,1,23560,Sync,True,False,False,False,0,H0
114.914062,timesafe_prod_announce_attack,23730.0,23730.0,46927.0,33402.0,0.0,1,23561,Sync,True,False,False,False,0,H0
114.969916,timesafe_prod_announce_attack,-46474.0,-46474.0,48095.0,34570.0,0.0,1,23562,Sync,True,False,False,False,0,H0
115.033975,timesafe_prod_announce_attack,59280.0,59280.0,11437.0,-2088.0,0.0,1,23563,Sync,True,False,False,False,0,H0
115.097945,timesafe_prod_announce_attack,-45022.0,-45022.0,46067.0,32542.0,0.0,1,23564,Sync,True,False,False,False,0,H0
115.162061,timesafe_prod_announce_attack,70290.0,70290.0,10159.0,-3366.0,0.0,1,23565,Sync,True,False,False,False,0,H0
115.225911,timesafe_prod_announce_attack,-8322.0,-8322.0,10159.0,-3366.0,0.0,1,23566,Sync,True,False,False,False,0,H0
115.282078,timesafe_prod_announce_attack,62260.0,62260.0,12985.0,-540.0,0.0,1,23567,Sync,True,False,False,False,0,H0
115.345929,timesafe_prod_announce_attack,-11208.0,-11208.0,12985.0,-540.0,0.0,1,23568,Sync,True,False,False,False,0,H0
115.410051,timesafe_prod_announce_attack,57504.0,57504.0,13233.0,-292.0,0.0,1,23569,Sync,True,False,False,False,0,H0
115.473951,timesafe_prod_announce_attack,-44240.0,-44240.0,45693.0,32168.0,0.0,1,23570,Sync,True,False,False,False,0,H0
115.538012,timesafe_prod_announce_attack,-43908.0,-43908.0,45693.0,32168.0,0.0,1,23571,Sync,True,False,False,False,0,H0
115.601916,timesafe_prod_announce_attack,-11256.0,-11256.0,13153.0,-372.0,0.0,1,23572,Sync,True,False,False,False,0,H0
115.658037,timesafe_prod_announce_attack,58128.0,58128.0,12877.0,-648.0,0.0,1,23573,Sync,True,False,False,False,0,H0
115.72266,timesafe_prod_announce_attack,368772.0,368772.0,47577.0,34052.0,0.0,1,23574,Sync,True,False,False,False,0,H0
115.786104,timesafe_prod_announce_attack,-148074.0,-148074.0,219027.0,205502.0,0.0,1,23575,Sync,True,False,False,False,0,H0
115.849936,timesafe_prod_announce_attack,-45110.0,-45110.0,47263.0,33738.0,0.0,1,23576,Sync,True,False,False,False,0,H0
115.914066,timesafe_prod_announce_attack,23678.0,23678.0,47263.0,33738.0,0.0,1,23577,Sync,True,False,False,False,0,H0
115.969955,timesafe_prod_announce_attack,-43956.0,-43956.0,46241.0,32716.0,0.0,1,23578,Sync,True,False,False,False,0,H0
116.034043,timesafe_prod_announce_attack,59020.0,59020.0,12017.0,-1508.0,0.0,1,23579,Sync,True,False,False,False,0,H0
116.097982,timesafe_prod_announce_attack,-44562.0,-44562.0,46535.0,33010.0,0.0,1,23580,Sync,True,False,False,False,0,H0
116.162656,timesafe_prod_announce_attack,588904.0,588904.0,13325.0,-200.0,0.0,1,23581,Sync,True,False,False,False,0,H0
116.225944,timesafe_prod_announce_attack,-310704.0,-310704.0,312877.0,299352.0,0.0,1,23582,Sync,True,False,False,False,0,H0
116.282113,timesafe_prod_announce_attack,60136.0,60136.0,13945.0,420.0,0.0,1,23583,Sync,True,False,False,False,0,H0
116.345974,timesafe_prod_announce_attack,-11072.0,-11072.0,13945.0,420.0,0.0,1,23584,Sync,True,False,False,False,0,H0
116.410045,timesafe_prod_announce_attack,58366.0,58366.0,12611.0,-914.0,0.0,1,23585,Sync,True,False,False,False,0,H0
116.473982,timesafe_prod_announce_attack,-43536.0,-43536.0,45913.0,32388.0,0.0,1,23586,Sync,True,False,False,False,0,H0
116.538015,timesafe_prod_announce_attack,24720.0,24720.0,45913.0,32388.0,0.0,1,23587,Sync,True,False,False,False,0,H0
116.601934,timesafe_prod_announce_attack,-46050.0,-46050.0,47895.0,34370.0,0.0,1,23588,Sync,True,False,False,False,0,H0
116.658066,timesafe_prod_announce_attack,58286.0,58286.0,12715.0,-810.0,0.0,1,23589,Sync,True,False,False,False,0,H0
116.721961,timesafe_prod_announce_attack,-46080.0,-46080.0,47541.0,34016.0,0.0,1,23590,Sync,True,False,False,False,0,H0
116.786087,timesafe_prod_announce_attack,23880.0,23880.0,47541.0,34016.0,0.0,1,23591,Sync,True,False,False,False,0,H0
116.84994,timesafe_prod_announce_attack,-44690.0,-44690.0,46747.0,33222.0,0.0,1,23592,Sync,True,False,False,False,0,H0
116.914052,timesafe_prod_announce_attack,24522.0,24522.0,46747.0,33222.0,0.0,1,23593,Sync,True,False,False,False,0,H0
116.97148,timesafe_prod_announce_attack,-43236.0,-43236.0,45369.0,31844.0,0.0,1,23594,Sync,True,False,False,False,0,H0
117.03406,timesafe_prod_announce_attack,58668.0,58668.0,12273.0,-1252.0,0.0,1,23595,Sync,True,False,False,False,0,H0
117.097963,timesafe_prod_announce_attack,-43198.0,-43198.0,45067.0,31542.0,0.0,1,23596,Sync,True,False,False,False,0,H0
117.162058,timesafe_prod_announce_attack,93018.0,93018.0,12419.0,-1106.0,0.0,1,23597,Sync,True,False,False,False,0,H0
117.225951,timesafe_prod_announce_attack,-60598.0,-60598.0,62851.0,49326.0,0.0,1,23598,Sync,True,False,False,False,0,H0
117.282057,timesafe_prod_announce_attack,92994.0,92994.0,12823.0,-702.0,0.0,1,23599,Sync,True,False,False,False,0,H0
117.34594,timesafe_prod_announce_attack,-62038.0,-62038.0,64019.0,50494.0,0.0,1,23600,Sync,True,False,False,False,0,H0
117.410018,timesafe_prod_announce_attack,7258.0,7258.0,64019.0,50494.0,0.0,1,23601,Sync,True,False,False,False,0,H0
117.473971,timesafe_prod_announce_attack,-44808.0,-44808.0,46861.0,33336.0,0.0,1,23602,Sync,True,False,False,False,0,H0
117.538049,timesafe_prod_announce_attack,58776.0,58776.0,11589.0,-1936.0,0.0,1,23603,Sync,True,False,False,False,0,H0
117.602069,timesafe_prod_announce_attack,58896.0,58896.0,11589.0,-1936.0,0.0,1,23604,Sync,True,False,False,False,0,H0
117.658076,timesafe_prod_announce_attack,23974.0,23974.0,47291.0,33766.0,0.0,1,23605,Sync,True,False,False,False,0,H0
117.722083,timesafe_prod_announce_attack,23768.0,23768.0,46613.0,33088.0,0.0,1,23606,Sync,True,False,False,False,0,H0
117.786052,timesafe_prod_announce_attack,25066.0,25066.0,45823.0,32298.0,0.0,1,23607,Sync,True,False,False,False,0,H0
117.849978,timesafe_prod_announce_attack,-43570.0,-43570.0,45823.0,32298.0,0.0,1,23608,Sync,True,False,False,False,0,H0
117.914093,timesafe_prod_announce_attack,57358.0,57358.0,12923.0,-602.0,0.0,1,23609,Sync,True,False,False,False,0,H0
117.969986,timesafe_prod_announce_attack,-42648.0,-42648.0,45197.0,31672.0,0.0,1,23610,Sync,True,False,False,False,0,H0
118.034089,timesafe_prod_announce_attack,-9956.0,-9956.0,11597.0,-1928.0,0.0,1,23611,Sync,True,False,False,False,0,H0
118.097954,timesafe_prod_announce_attack,-8198.0,-8198.0,10279.0,-3246.0,0.0,1,23612,Sync,True,False,False,False,0,H0
118.162112,timesafe_prod_announce_attack,60728.0,60728.0,12905.0,-620.0,0.0,1,23613,Sync,True,False,False,False,0,H0
118.225944,timesafe_prod_announce_attack,-44508.0,-44508.0,46589.0,33064.0,0.0,1,23614,Sync,True,False,False,False,0,H0
118.290019,timesafe_prod_announce_attack,-45204.0,-45204.0,46589.0,33064.0,0.0,1,23615,Sync,True,False,False,False,0,H0
118.345958,timesafe_prod_announce_attack,-8534.0,-8534.0,10763.0,-2762.0,0.0,1,23616,Sync,True,False,False,False,0,H0
118.410043,timesafe_prod_announce_attack,-9424.0,-9424.0,10585.0,-2940.0,0.0,1,23617,Sync,True,False,False,False,0,H0
118.473983,timesafe_prod_announce_attack,-8820.0,-8820.0,10585.0,-2940.0,0.0,1,23618,Sync,True,False,False,False,0,H0
118.538066,timesafe_prod_announce_attack,58406.0,58406.0,12487.0,-1038.0,0.0,1,23619,Sync,True,False,False,False,0,H0
118.60196,timesafe_prod_announce_attack,-43936.0,-43936.0,45301.0,31776.0,0.0,1,23620,Sync,True,False,False,False,0,H0
118.658086,timesafe_prod_announce_attack,57996.0,57996.0,12409.0,-1116.0,0.0,1,23621,Sync,True,False,False,False,0,H0
118.722103,timesafe_prod_announce_attack,25144.0,25144.0,45121.0,31596.0,0.0,1,23622,Sync,True,False,False,False,0,H0
118.786068,timesafe_prod_announce_attack,24474.0,24474.0,46299.0,32774.0,0.0,1,23623,Sync,True,False,False,False,0,H0
118.849965,timesafe_prod_announce_attack,-46430.0,-46430.0,48095.0,34570.0,0.0,1,23624,Sync,True,False,False,False,0,H0
118.91407,timesafe_prod_announce_attack,59050.0,59050.0,11283.0,-2242.0,0.0,1,23625,Sync,True,False,False,False,0,H0
118.969985,timesafe_prod_announce_attack,-45008.0,-45008.0,46945.0,33420.0,0.0,1,23626,Sync,True,False,False,False,0,H0
119.034069,timesafe_prod_announce_attack,23356.0,23356.0,46945.0,33420.0,0.0,1,23627,Sync,True,False,False,False,0,H0
119.098012,timesafe_prod_announce_attack,-44140.0,-44140.0,46485.0,32960.0,0.0,1,23628,Sync,True,False,False,False,0,H0
119.162654,timesafe_prod_announce_attack,587458.0,587458.0,11387.0,-2138.0,0.0,1,23629,Sync,True,False,False,False,0,H0
119.225948,timesafe_prod_announce_attack,-9306.0,-9306.0,11387.0,-2138.0,0.0,1,23630,Sync,True,False,False,False,0,H0
119.282059,timesafe_prod_announce_attack,59876.0,59876.0,10897.0,-2628.0,0.0,1,23631,Sync,True,False,False,False,0,H0
119.346037,timesafe_prod_announce_attack,-46094.0,-46094.0,48327.0,34802.0,0.0,1,23632,Sync,True,False,False,False,0,H0
119.410077,timesafe_prod_announce_attack,59140.0,59140.0,11989.0,-1536.0,0.0,1,23633,Sync,True,False,False,False,0,H0
119.473989,timesafe_prod_announce_attack,-44022.0,-44022.0,45499.0,31974.0,0.0,1,23634,Sync,True,False,False,False,0,H0
119.538057,timesafe_prod_announce_attack,24858.0,24858.0,45499.0,31974.0,0.0,1,23635,Sync,True,False,False,False,0,H0
119.601972,timesafe_prod_announce_attack,-44160.0,-44160.0,45489.0,31964.0,0.0,1,23636,Sync,True,False,False,False,0,H0
119.658064,timesafe_prod_announce_attack,60586.0,60586.0,10259.0,-3266.0,0.0,1,23637,Sync,True,False,False,False,0,H0
119.721963,timesafe_prod_announce_attack,-8354.0,-8354.0,10259.0,-3266.0,0.0,1,23638,Sync,True,False,False,False,0,H0
119.786047,timesafe_prod_announce_attack,57496.0,57496.0,12869.0,-656.0,0.0,1,23639,Sync,True,False,False,False,0,H0
119.849934,timesafe_prod_announce_attack,-10972.0,-10972.0,12869.0,-656.0,0.0,1,23640,Sync,True,False,False,False,0,H0
119.914013,timesafe_prod_announce_attack,57044.0,57044.0,13665.0,140.0,0.0,1,23641,Sync,True,False,False,False,0,H0
119.969968,timesafe_prod_announce_attack,-12220.0,-12220.0,13665.0,140.0,0.0,1,23642,Sync,True,False,False,False,0,H0
120.034023,timesafe_prod_announce_attack,59246.0,59246.0,11403.0,-2122.0,0.0,1,23643,Sync,True,False,False,False,0,H0
120.09799,timesafe_prod_announce_attack,-43224.0,-43224.0,45857.0,32332.0,0.0,1,23644,Sync,True,False,False,False,0,H0
120.162114,timesafe_prod_announce_attack,61018.0,61018.0,12935.0,-590.0,0.0,1,23645,Sync,True,False,False,False,0,H0
120.225971,timesafe_prod_announce_attack,-45430.0,-45430.0,46963.0,33438.0,0.0,1,23646,Sync,True,False,False,False,0,H0
120.282057,timesafe_prod_announce_attack,67624.0,67624.0,12273.0,-1252.0,0.0,1,23647,Sync,True,False,False,False,0,H0
120.34599,timesafe_prod_announce_attack,-49084.0,-49084.0,51353.0,37828.0,0.0,1,23648,Sync,True,False,False,False,0,H0
120.410111,timesafe_prod_announce_attack,56840.0,56840.0,13817.0,292.0,0.0,1,23649,Sync,True,False,False,False,0,H0
120.47397,timesafe_prod_announce_attack,-43316.0,-43316.0,44893.0,31368.0,0.0,1,23650,Sync,True,False,False,False,0,H0
120.53818,timesafe_prod_announce_attack,60370.0,60370.0,10547.0,-2978.0,0.0,1,23651,Sync,True,False,False,False,0,H0
120.60197,timesafe_prod_announce_attack,-9138.0,-9138.0,10547.0,-2978.0,0.0,1,23652,Sync,True,False,False,False,0,H0
120.65807,timesafe_prod_announce_attack,59462.0,59462.0,10995.0,-2530.0,0.0,1,23653,Sync,True,False,False,False,0,H0
120.721975,timesafe_prod_announce_attack,-44698.0,-44698.0,45743.0,32218.0,0.0,1,23654,Sync,True,False,False,False,0,H0
120.78612,timesafe_prod_announce_attack,58072.0,58072.0,12089.0,-1436.0,0.0,1,23655,Sync,True,False,False,False,0,H0
120.850457,timesafe_prod_announce_attack,-9844.0,-9844.0,12089.0,-1436.0,0.0,1,23656,Sync,True,False,False,False,0,H0
120.914089,timesafe_prod_announce_attack,58084.0,58084.0,13321.0,-204.0,0.0,1,23657,Sync,True,False,False,False,0,H0
120.969973,timesafe_prod_announce_attack,-11288.0,-11288.0,13321.0,-204.0,0.0,1,23658,Sync,True,False,False,False,0,H0
121.034087,timesafe_prod_announce_attack,-11080.0,-11080.0,12169.0,-1356.0,0.0,1,23659,Sync,True,False,False,False,0,H0
121.097976,timesafe_prod_announce_attack,-9744.0,-9744.0,12169.0,-1356.0,0.0,1,23660,Sync,True,False,False,False,0,H0
121.162078,timesafe_prod_announce_attack,58690.0,58690.0,11863.0,-1662.0,0.0,1,23661,Sync,True,False,False,False,0,H0
121.226033,timesafe_prod_announce_attack,-43576.0,-43576.0,45637.0,32112.0,0.0,1,23662,Sync,True,False,False,False,0,H0
121.282065,timesafe_prod_announce_attack,33716.0,33716.0,45637.0,32112.0,0.0,1,23663,Sync,True,False,False,False,0,H0
121.345983,timesafe_prod_announce_attack,-48548.0,-48548.0,49825.0,36300.0,0.0,1,23664,Sync,True,False,False,False,0,H0
121.410083,timesafe_prod_announce_attack,58152.0,58152.0,12657.0,-868.0,0.0,1,23665,Sync,True,False,False,False,0,H0
121.473999,timesafe_prod_announce_attack,-10548.0,-10548.0,12657.0,-868.0,0.0,1,23666,Sync,True,False,False,False,0,H0
121.538057,timesafe_prod_announce_attack,58022.0,58022.0,12547.0,-978.0,0.0,1,23667,Sync,True,False,False,False,0,H0
121.601976,timesafe_prod_announce_attack,-10738.0,-10738.0,12547.0,-978.0,0.0,1,23668,Sync,True,False,False,False,0,H0
121.658107,timesafe_prod_announce_attack,56816.0,56816.0,13461.0,-64.0,0.0,1,23669,Sync,True,False,False,False,0,H0
121.722113,timesafe_prod_announce_attack,27956.0,27956.0,46137.0,32612.0,0.0,1,23670,Sync,True,False,False,False,0,H0
121.786091,timesafe_prod_announce_attack,22446.0,22446.0,48835.0,35310.0,0.0,1,23671,Sync,True,False,False,False,0,H0
121.85002,timesafe_prod_announce_attack,-44790.0,-44790.0,47027.0,33502.0,0.0,1,23672,Sync,True,False,False,False,0,H0
121.914075,timesafe_prod_announce_attack,59164.0,59164.0,11265.0,-2260.0,0.0,1,23673,Sync,True,False,False,False,0,H0
121.969968,timesafe_prod_announce_attack,-43996.0,-43996.0,46117.0,32592.0,0.0,1,23674,Sync,True,False,False,False,0,H0
122.034039,timesafe_prod_announce_attack,59518.0,59518.0,11191.0,-2334.0,0.0,1,23675,Sync,True,False,False,False,0,H0
122.097949,timesafe_prod_announce_attack,-9122.0,-9122.0,11191.0,-2334.0,0.0,1,23676,Sync,True,False,False,False,0,H0
122.162653,timesafe_prod_announce_attack,577390.0,577390.0,11607.0,-1918.0,0.0,1,23677,Sync,True,False,False,False,0,H0
122.225989,timesafe_prod_announce_attack,-9914.0,-9914.0,11607.0,-1918.0,0.0,1,23678,Sync,True,False,False,False,0,H0
122.282064,timesafe_prod_announce_attack,84432.0,84432.0,12937.0,-588.0,0.0,1,23679,Sync,True,False,False,False,0,H0
122.345987,timesafe_prod_announce_attack,-11104.0,-11104.0,12937.0,-588.0,0.0,1,23680,Sync,True,False,False,False,0,H0
122.410071,timesafe_prod_announce_attack,59198.0,59198.0,11639.0,-1886.0,0.0,1,23681,Sync,True,False,False,False,0,H0
122.473955,timesafe_prod_announce_attack,-44822.0,-44822.0,46003.0,32478.0,0.0,1,23682,Sync,True,False,False,False,0,H0
122.538131,timesafe_prod_announce_attack,59962.0,59962.0,46003.0,32478.0,0.0,1,23683,Sync,True,False,False,False,0,H0
122.602063,timesafe_prod_announce_attack,7086.0,7086.0,65347.0,51822.0,0.0,1,23684,Sync,True,False,False,False,0,H0
122.658127,timesafe_prod_announce_attack,24540.0,24540.0,46301.0,32776.0,0.0,1,23685,Sync,True,False,False,False,0,H0
122.721987,timesafe_prod_announce_attack,-44944.0,-44944.0,46301.0,32776.0,0.0,1,23686,Sync,True,False,False,False,0,H0
122.78607,timesafe_prod_announce_attack,59638.0,59638.0,10563.0,-2962.0,0.0,1,23687,Sync,True,False,False,False,0,H0
122.850042,timesafe_prod_announce_attack,-9066.0,-9066.0,10563.0,-2962.0,0.0,1,23688,Sync,True,False,False,False,0,H0
122.91407,timesafe_prod_announce_attack,56892.0,56892.0,13977.0,452.0,0.0,1,23689,Sync,True,False,False,False,0,H0
122.970021,timesafe_prod_announce_attack,-44184.0,-44184.0,46317.0,32792.0,0.0,1,23690,Sync,True,False,False,False,0,H0
123.034157,timesafe_prod_announce_attack,58512.0,58512.0,11813.0,-1712.0,0.0,1,23691,Sync,True,False,False,False,0,H0
123.097971,timesafe_prod_announce_attack,-45192.0,-45192.0,47793.0,34268.0,0.0,1,23692,Sync,True,False,False,False,0,H0
123.162078,timesafe_prod_announce_attack,61596.0,61596.0,11677.0,-1848.0,0.0,1,23693,Sync,True,False,False,False,0,H0
123.22599,timesafe_prod_announce_attack,-46986.0,-46986.0,48639.0,35114.0,0.0,1,23694,Sync,True,False,False,False,0,H0
123.282064,timesafe_prod_announce_attack,39578.0,39578.0,48639.0,35114.0,0.0,1,23695,Sync,True,False,False,False,0,H0
123.346087,timesafe_prod_announce_attack,-54530.0,-54530.0,56155.0,42630.0,0.0,1,23696,Sync,True,False,False,False,0,H0
123.410229,timesafe_prod_announce_attack,118588.0,118588.0,13257.0,-268.0,0.0,1,23697,Sync,True,False,False,False,0,H0
123.473969,timesafe_prod_announce_attack,-77664.0,-77664.0,78837.0,65312.0,0.0,1,23698,Sync,True,False,False,False,0,H0
123.538086,timesafe_prod_announce_attack,57840.0,57840.0,13217.0,-308.0,0.0,1,23699,Sync,True,False,False,False,0,H0
123.601962,timesafe_prod_announce_attack,-44734.0,-44734.0,46067.0,32542.0,0.0,1,23700,Sync,True,False,False,False,0,H0
123.65808,timesafe_prod_announce_attack,57462.0,57462.0,13339.0,-186.0,0.0,1,23701,Sync,True,False,False,False,0,H0
123.722106,timesafe_prod_announce_attack,25106.0,25106.0,45443.0,31918.0,0.0,1,23702,Sync,True,False,False,False,0,H0
123.786141,timesafe_prod_announce_attack,24578.0,24578.0,46295.0,32770.0,0.0,1,23703,Sync,True,False,False,False,0,H0
123.85005,timesafe_prod_announce_attack,-44606.0,-44606.0,46295.0,32770.0,0.0,1,23704,Sync,True,False,False,False,0,H0
123.914164,timesafe_prod_announce_attack,59448.0,59448.0,11101.0,-2424.0,0.0,1,23705,Sync,True,False,False,False,0,H0
123.970043,timesafe_prod_announce_attack,-42940.0,-42940.0,44925.0,31400.0,0.0,1,23706,Sync,True,False,False,False,0,H0
124.034147,timesafe_prod_announce_attack,59486.0,59486.0,10795.0,-2730.0,0.0,1,23707,Sync,True,False,False,False,0,H0
124.097993,timesafe_prod_announce_attack,-45860.0,-45860.0,47941.0,34416.0,0.0,1,23708,Sync,True,False,False,False,0,H0
124.162652,timesafe_prod_announce_attack,560592.0,560592.0,12405.0,-1120.0,0.0,1,23709,Sync,True,False,False,False,0,H0
124.226162,timesafe_prod_announce_attack,-10308.0,-10308.0,12405.0,-1120.0,0.0,1,23710,Sync,True,False,False,False,0,H0
124.282659,timesafe_prod_announce_attack,540404.0,540404.0,13717.0,192.0,0.0,1,23711,Sync,True,False,False,False,0,H0
124.346035,timesafe_prod_announce_attack,-287118.0,-287118.0,288787.0,275262.0,0.0,1,23712,Sync,True,False,False,False,0,H0
124.410441,timesafe_prod_announce_attack,58570.0,58570.0,12495.0,-1030.0,0.0,1,23713,Sync,True,False,False,False,0,H0
124.474007,timesafe_prod_announce_attack,-46046.0,-46046.0,47899.0,34374.0,0.0,1,23714,Sync,True,False,False,False,0,H0
124.538124,timesafe_prod_announce_attack,23250.0,23250.0,47899.0,34374.0,0.0,1,23715,Sync,True,False,False,False,0,H0
124.602092,timesafe_prod_announce_attack,22868.0,22868.0,47957.0,34432.0,0.0,1,23716,Sync,True,False,False,False,0,H0
124.65826,timesafe_prod_announce_attack,24168.0,24168.0,47341.0,33816.0,0.0,1,23717,Sync,True,False,False,False,0,H0
124.722102,timesafe_prod_announce_attack,23366.0,23366.0,47695.0,34170.0,0.0,1,23718,Sync,True,False,False,False,0,H0
124.786124,timesafe_prod_announce_attack,24252.0,24252.0,45841.0,32316.0,0.0,1,23719,Sync,True,False,False,False,0,H0
124.849973,timesafe_prod_announce_attack,-45642.0,-45642.0,47215.0,33690.0,0.0,1,23720,Sync,True,False,False,False,0,H0
124.914051,timesafe_prod_announce_attack,23350.0,23350.0,47215.0,33690.0,0.0,1,23721,Sync,True,False,False,False,0,H0
124.969974,timesafe_prod_announce_attack,-43474.0,-43474.0,45987.0,32462.0,0.0,1,23722,Sync,True,False,False,False,0,H0
125.034058,timesafe_prod_announce_attack,58186.0,58186.0,12499.0,-1026.0,0.0,1,23723,Sync,True,False,False,False,0,H0
125.097966,timesafe_prod_announce_attack,-43812.0,-43812.0,45309.0,31784.0,0.0,1,23724,Sync,True,False,False,False,0,H0
125.16206,timesafe_prod_announce_attack,59662.0,59662.0,10295.0,-3230.0,0.0,1,23725,Sync,True,False,False,False,0,H0
125.225995,timesafe_prod_announce_attack,-8806.0,-8806.0,10295.0,-3230.0,0.0,1,23726,Sync,True,False,False,False,0,H0
125.290101,timesafe_prod_announce_attack,58844.0,58844.0,12017.0,-1508.0,0.0,1,23727,Sync,True,False,False,False,0,H0
125.346017,timesafe_prod_announce_attack,-46516.0,-46516.0,48057.0,34532.0,0.0,1,23728,Sync,True,False,False,False,0,H0
125.410111,timesafe_prod_announce_attack,59524.0,59524.0,11821.0,-1704.0,0.0,1,23729,Sync,True,False,False,False,0,H0
125.474073,timesafe_prod_announce_attack,-46352.0,-46352.0,47605.0,34080.0,0.0,1,23730,Sync,True,False,False,False,0,H0
125.5381,timesafe_prod_announce_attack,59062.0,59062.0,11595.0,-1930.0,0.0,1,23731,Sync,True,False,False,False,0,H0
125.602084,timesafe_prod_announce_attack,59290.0,59290.0,11595.0,-1930.0,0.0,1,23732,Sync,True,False,False,False,0,H0
125.6581,timesafe_prod_announce_attack,23396.0,23396.0,47169.0,33644.0,0.0,1,23733,Sync,True,False,False,False,0,H0
125.722078,timesafe_prod_announce_attack,23156.0,23156.0,47169.0,33644.0,0.0,1,23734,Sync,True,False,False,False,0,H0
125.786069,timesafe_prod_announce_attack,25876.0,25876.0,45313.0,31788.0,0.0,1,23735,Sync,True,False,False,False,0,H0
125.849981,timesafe_prod_announce_attack,-43918.0,-43918.0,45947.0,32422.0,0.0,1,23736,Sync,True,False,False,False,0,H0
125.914138,timesafe_prod_announce_attack,57900.0,57900.0,12401.0,-1124.0,0.0,1,23737,Sync,True,False,False,False,0,H0
125.970012,timesafe_prod_announce_attack,-43586.0,-43586.0,45643.0,32118.0,0.0,1,23738,Sync,True,False,False,False,0,H0
126.034074,timesafe_prod_announce_attack,59372.0,59372.0,11085.0,-2440.0,0.0,1,23739,Sync,True,False,False,False,0,H0
126.098011,timesafe_prod_announce_attack,-9552.0,-9552.0,11085.0,-2440.0,0.0,1,23740,Sync,True,False,False,False,0,H0
126.162096,timesafe_prod_announce_attack,56102.0,56102.0,13019.0,-506.0,0.0,1,23741,Sync,True,False,False,False,0,H0
126.226018,timesafe_prod_announce_attack,-43176.0,-43176.0,45305.0,31780.0,0.0,1,23742,Sync,True,False,False,False,0,H0
126.282095,timesafe_prod_announce_attack,55894.0,55894.0,13239.0,-286.0,0.0,1,23743,Sync,True,False,False,False,0,H0
126.345981,timesafe_prod_announce_attack,-43388.0,-43388.0,44977.0,31452.0,0.0,1,23744,Sync,True,False,False,False,0,H0
126.4101,timesafe_prod_announce_attack,57380.0,57380.0,13421.0,-104.0,0.0,1,23745,Sync,True,False,False,False,0,H0
126.474047,timesafe_prod_announce_attack,-46686.0,-46686.0,48055.0,34530.0,0.0,1,23746,Sync,True,False,False,False,0,H0
126.538077,timesafe_prod_announce_attack,22374.0,22374.0,48055.0,34530.0,0.0,1,23747,Sync,True,False,False,False,0,H0
126.60266,timesafe_prod_announce_attack,485794.0,485794.0,46931.0,33406.0,0.0,1,23748,Sync,True,False,False,False,0,H0
126.65815,timesafe_prod_announce_attack,-205256.0,-205256.0,276221.0,262696.0,0.0,1,23749,Sync,True,False,False,False,0,H0
126.722119,timesafe_prod_announce_attack,23098.0,23098.0,47755.0,34230.0,0.0,1,23750,Sync,True,False,False,False,0,H0
126.786081,timesafe_prod_announce_attack,25454.0,25454.0,45335.0,31810.0,0.0,1,23751,Sync,True,False,False,False,0,H0
126.850002,timesafe_prod_announce_attack,-44130.0,-44130.0,45335.0,31810.0,0.0,1,23752,Sync,True,False,False,False,0,H0
126.914079,timesafe_prod_announce_attack,60312.0,60312.0,10621.0,-2904.0,0.0,1,23753,Sync,True,False,False,False,0,H0
126.969997,timesafe_prod_announce_attack,-9200.0,-9200.0,10621.0,-2904.0,0.0,1,23754,Sync,True,False,False,False,0,H0
127.03411,timesafe_prod_announce_attack,59994.0,59994.0,10779.0,-2746.0,0.0,1,23755,Sync,True,False,False,False,0,H0
127.098019,timesafe_prod_announce_attack,-45650.0,-45650.0,46867.0,33342.0,0.0,1,23756,Sync,True,False,False,False,0,H0
127.162653,timesafe_prod_announce_attack,535298.0,535298.0,13471.0,-54.0,0.0,1,23757,Sync,True,False,False,False,0,H0
127.226022,timesafe_prod_announce_attack,-285114.0,-285114.0,286315.0,272790.0,0.0,1,23758,Sync,True,False,False,False,0,H0
127.282658,timesafe_prod_announce_attack,320114.0,320114.0,286315.0,272790.0,0.0,1,23759,Sync,True,False,False,False,0,H0
127.346026,timesafe_prod_announce_attack,-311782.0,-311782.0,313911.0,300386.0,0.0,1,23760,Sync,True,False,False,False,0,H0
127.41015,timesafe_prod_announce_attack,60438.0,60438.0,10791.0,-2734.0,0.0,1,23761,Sync,True,False,False,False,0,H0
127.474039,timesafe_prod_announce_attack,-44508.0,-44508.0,46473.0,32948.0,0.0,1,23762,Sync,True,False,False,False,0,H0
127.53814,timesafe_prod_announce_attack,56606.0,56606.0,13727.0,202.0,0.0,1,23763,Sync,True,False,False,False,0,H0
127.60211,timesafe_prod_announce_attack,22958.0,22958.0,47395.0,33870.0,0.0,1,23764,Sync,True,False,False,False,0,H0
127.658205,timesafe_prod_announce_attack,23334.0,23334.0,46911.0,33386.0,0.0,1,23765,Sync,True,False,False,False,0,H0
127.722076,timesafe_prod_announce_attack,24066.0,24066.0,46911.0,33386.0,0.0,1,23766,Sync,True,False,False,False,0,H0
127.786149,timesafe_prod_announce_attack,22322.0,22322.0,48227.0,34702.0,0.0,1,23767,Sync,True,False,False,False,0,H0
127.850062,timesafe_prod_announce_attack,-46470.0,-46470.0,48227.0,34702.0,0.0,1,23768,Sync,True,False,False,False,0,H0
127.914201,timesafe_prod_announce_attack,59112.0,59112.0,11181.0,-2344.0,0.0,1,23769,Sync,True,False,False,False,0,H0
127.97006,timesafe_prod_announce_attack,-45396.0,-45396.0,46733.0,33208.0,0.0,1,23770,Sync,True,False,False,False,0,H0
128.034176,timesafe_prod_announce_attack,58694.0,58694.0,11539.0,-1986.0,0.0,1,23771,Sync,True,False,False,False,0,H0
128.098064,timesafe_prod_announce_attack,-44550.0,-44550.0,46235.0,32710.0,0.0,1,23772,Sync,True,False,False,False,0,H0
128.162657,timesafe_prod_announce_attack,535458.0,535458.0,12703.0,-822.0,0.0,1,23773,Sync,True,False,False,False,0,H0
128.226046,timesafe_prod_announce_attack,-285520.0,-285520.0,286833.0,273308.0,0.0,1,23774,Sync,True,False,False,False,0,H0
128.282655,timesafe_prod_announce_attack,586794.0,586794.0,12163.0,-1362.0,0.0,1,23775,Sync,True,False,False,False,0,H0
128.346059,timesafe_prod_announce_attack,-308462.0,-308462.0,310151.0,296626.0,0.0,1,23776,Sync,True,False,False,False,0,H0
128.410141,timesafe_prod_announce_attack,-239442.0,-239442.0,310151.0,296626.0,0.0,1,23777,Sync,True,False,False,False,0,H0
128.474032,timesafe_prod_announce_attack,-44506.0,-44506.0,46467.0,32942.0,0.0,1,23778,Sync,True,False,False,False,0,H0
128.538088,timesafe_prod_announce_attack,57454.0,57454.0,13019.0,-506.0,0.0,1,23779,Sync,True,False,False,False,0,H0
128.602102,timesafe_prod_announce_attack,25666.0,25666.0,45363.0,31838.0,0.0,1,23780,Sync,True,False,False,False,0,H0
128.658109,timesafe_prod_announce_attack,24114.0,24114.0,46667.0,33142.0,0.0,1,23781,Sync,True,False,False,False,0,H0
128.722077,timesafe_prod_announce_attack,23582.0,23582.0,46667.0,33142.0,0.0,1,23782,Sync,True,False,False,False,0,H0
128.786078,timesafe_prod_announce_attack,23018.0,23018.0,47403.0,33878.0,0.0,1,23783,Sync,True,False,False,False,0,H0
128.850008,timesafe_prod_announce_attack,-43650.0,-43650.0,44975.0,31450.0,0.0,1,23784,Sync,True,False,False,False,0,H0
128.914082,timesafe_prod_announce_attack,57138.0,57138.0,13119.0,-406.0,0.0,1,23785,Sync,True,False,False,False,0,H0
128.970007,timesafe_prod_announce_attack,-11330.0,-11330.0,13119.0,-406.0,0.0,1,23786,Sync,True,False,False,False,0,H0
129.034538,timesafe_prod_announce_attack,59504.0,59504.0,10889.0,-2636.0,0.0,1,23787,Sync,True,False,False,False,0,H0
129.098015,timesafe_prod_announce_attack,-44382.0,-44382.0,45755.0,32230.0,0.0,1,23788,Sync,True,False,False,False,0,H0
129.162092,timesafe_prod_announce_attack,24022.0,24022.0,45755.0,32230.0,0.0,1,23789,Sync,True,False,False,False,0,H0
129.226016,timesafe_prod_announce_attack,-42894.0,-42894.0,44939.0,31414.0,0.0,1,23790,Sync,True,False,False,False,0,H0
129.282097,timesafe_prod_announce_attack,55982.0,55982.0,13419.0,-106.0,0.0,1,23791,Sync,True,False,False,False,0,H0
129.346014,timesafe_prod_announce_attack,-43088.0,-43088.0,45141.0,31616.0,0.0,1,23792,Sync,True,False,False,False,0,H0
129.410167,timesafe_prod_announce_attack,25124.0,25124.0,45141.0,31616.0,0.0,1,23793,Sync,True,False,False,False,0,H0
129.474117,timesafe_prod_announce_attack,-45360.0,-45360.0,46761.0,33236.0,0.0,1,23794,Sync,True,False,False,False,0,H0
129.538125,timesafe_prod_announce_attack,60022.0,60022.0,10887.0,-2638.0,0.0,1,23795,Sync,True,False,False,False,0,H0
129.60266,timesafe_prod_announce_attack,486298.0,486298.0,10887.0,-2638.0,0.0,1,23796,Sync,True,False,False,False,0,H0
129.658124,timesafe_prod_announce_attack,-190112.0,-190112.0,260297.0,246772.0,0.0,1,23797,Sync,True,False,False,False,0,H0
129.722083,timesafe_prod_announce_attack,-189572.0,-189572.0,260297.0,246772.0,0.0,1,23798,Sync,True,False,False,False,0,H0
129.786102,timesafe_prod_announce_attack,25618.0,25618.0,45359.0,31834.0,0.0,1,23799,Sync,True,False,False,False,0,H0
129.850015,timesafe_prod_announce_attack,-42882.0,-42882.0,45359.0,31834.0,0.0,1,23800,Sync,True,False,False,False,0,H0
129.914135,timesafe_prod_announce_attack,56892.0,56892.0,13525.0,0.0,0.0,1,23801,Sync,True,False,False,False,0,H0
129.970022,timesafe_prod_announce_attack,-45632.0,-45632.0,47077.0,33552.0,0.0,1,23802,Sync,True,False,False,False,0,H0
130.034137,timesafe_prod_announce_attack,59722.0,59722.0,10871.0,-2654.0,0.0,1,23803,Sync,True,False,False,False,0,H0
130.098046,timesafe_prod_announce_attack,-44782.0,-44782.0,46051.0,32526.0,0.0,1,23804,Sync,True,False,False,False,0,H0
130.162657,timesafe_prod_announce_attack,578410.0,578410.0,11763.0,-1762.0,0.0,1,23805,Sync,True,False,False,False,0,H0
130.226068,timesafe_prod_announce_attack,-302584.0,-302584.0,304813.0,291288.0,0.0,1,23806,Sync,True,False,False,False,0,H0
130.282657,timesafe_prod_announce_attack,577590.0,577590.0,12971.0,-554.0,0.0,1,23807,Sync,True,False,False,False,0,H0
130.346055,timesafe_prod_announce_attack,-10846.0,-10846.0,12971.0,-554.0,0.0,1,23808,Sync,True,False,False,False,0,H0
130.410137,timesafe_prod_announce_attack,59026.0,59026.0,11859.0,-1666.0,0.0,1,23809,Sync,True,False,False,False,0,H0
130.47405,timesafe_prod_announce_attack,-45162.0,-45162.0,47311.0,33786.0,0.0,1,23810,Sync,True,False,False,False,0,H0
130.53814,timesafe_prod_announce_attack,57570.0,57570.0,13043.0,-482.0,0.0,1,23811,Sync,True,False,False,False,0,H0
130.602651,timesafe_prod_announce_attack,586698.0,586698.0,13043.0,-482.0,0.0,1,23812,Sync,True,False,False,False,0,H0
130.658175,timesafe_prod_announce_attack,-240626.0,-240626.0,311711.0,298186.0,0.0,1,23813,Sync,True,False,False,False,0,H0
130.722083,timesafe_prod_announce_attack,-44338.0,-44338.0,45955.0,32430.0,0.0,1,23814,Sync,True,False,False,False,0,H0
130.786119,timesafe_prod_announce_attack,59346.0,59346.0,11047.0,-2478.0,0.0,1,23815,Sync,True,False,False,False,0,H0
130.850085,timesafe_prod_announce_attack,-8854.0,-8854.0,11047.0,-2478.0,0.0,1,23816,Sync,True,False,False,False,0,H0
130.914142,timesafe_prod_announce_attack,58950.0,58950.0,11543.0,-1982.0,0.0,1,23817,Sync,True,False,False,False,0,H0
130.970064,timesafe_prod_announce_attack,-46730.0,-46730.0,48635.0,35110.0,0.0,1,23818,Sync,True,False,False,False,0,H0
131.034163,timesafe_prod_announce_attack,59804.0,59804.0,11001.0,-2524.0,0.0,1,23819,Sync,True,False,False,False,0,H0
131.098059,timesafe_prod_announce_attack,-43744.0,-43744.0,45377.0,31852.0,0.0,1,23820,Sync,True,False,False,False,0,H0
131.162656,timesafe_prod_announce_attack,519378.0,519378.0,13231.0,-294.0,0.0,1,23821,Sync,True,False,False,False,0,H0
131.226089,timesafe_prod_announce_attack,-276774.0,-276774.0,278527.0,265002.0,0.0,1,23822,Sync,True,False,False,False,0,H0
131.282656,timesafe_prod_announce_attack,484024.0,484024.0,11673.0,-1852.0,0.0,1,23823,Sync,True,False,False,False,0,H0
131.34604,timesafe_prod_announce_attack,-9912.0,-9912.0,11673.0,-1852.0,0.0,1,23824,Sync,True,False,False,False,0,H0
131.410204,timesafe_prod_announce_attack,60278.0,60278.0,10731.0,-2794.0,0.0,1,23825,Sync,True,False,False,False,0,H0
131.474072,timesafe_prod_announce_attack,-45498.0,-45498.0,46943.0,33418.0,0.0,1,23826,Sync,True,False,False,False,0,H0
131.538162,timesafe_prod_announce_attack,59388.0,59388.0,11425.0,-2100.0,0.0,1,23827,Sync,True,False,False,False,0,H0
131.6021,timesafe_prod_announce_attack,25168.0,25168.0,45213.0,31688.0,0.0,1,23828,Sync,True,False,False,False,0,H0
131.65813,timesafe_prod_announce_attack,25496.0,25496.0,45213.0,31688.0,0.0,1,23829,Sync,True,False,False,False,0,H0
131.722103,timesafe_prod_announce_attack,22460.0,22460.0,48101.0,34576.0,0.0,1,23830,Sync,True,False,False,False,0,H0
131.786136,timesafe_prod_announce_attack,23790.0,23790.0,46983.0,33458.0,0.0,1,23831,Sync,True,False,False,False,0,H0
131.850099,timesafe_prod_announce_attack,-45128.0,-45128.0,46717.0,33192.0,0.0,1,23832,Sync,True,False,False,False,0,H0
131.914124,timesafe_prod_announce_attack,24380.0,24380.0,46717.0,33192.0,0.0,1,23833,Sync,True,False,False,False,0,H0
131.970039,timesafe_prod_announce_attack,-45114.0,-45114.0,47167.0,33642.0,0.0,1,23834,Sync,True,False,False,False,0,H0
132.034119,timesafe_prod_announce_attack,23334.0,23334.0,47167.0,33642.0,0.0,1,23835,Sync,True,False,False,False,0,H0
132.098039,timesafe_prod_announce_attack,-45990.0,-45990.0,47903.0,34378.0,0.0,1,23836,Sync,True,False,False,False,0,H0
132.16212,timesafe_prod_announce_attack,23430.0,23430.0,47903.0,34378.0,0.0,1,23837,Sync,True,False,False,False,0,H0
132.226082,timesafe_prod_announce_attack,-43530.0,-43530.0,46191.0,32666.0,0.0,1,23838,Sync,True,False,False,False,0,H0
132.282659,timesafe_prod_announce_attack,572908.0,572908.0,11201.0,-2324.0,0.0,1,23839,Sync,True,False,False,False,0,H0
132.346065,timesafe_prod_announce_attack,-299264.0,-299264.0,301981.0,288456.0,0.0,1,23840,Sync,True,False,False,False,0,H0
132.410189,timesafe_prod_announce_attack,57880.0,57880.0,13429.0,-96.0,0.0,1,23841,Sync,True,False,False,False,0,H0
132.474122,timesafe_prod_announce_attack,-45480.0,-45480.0,46709.0,33184.0,0.0,1,23842,Sync,True,False,False,False,0,H0
132.538177,timesafe_prod_announce_attack,24248.0,24248.0,46709.0,33184.0,0.0,1,23843,Sync,True,False,False,False,0,H0
132.60266,timesafe_prod_announce_attack,492860.0,492860.0,46077.0,32552.0,0.0,1,23844,Sync,True,False,False,False,0,H0
132.658248,timesafe_prod_announce_attack,-211640.0,-211640.0,281773.0,268248.0,0.0,1,23845,Sync,True,False,False,False,0,H0
132.722062,timesafe_prod_announce_attack,-46302.0,-46302.0,47719.0,34194.0,0.0,1,23846,Sync,True,False,False,False,0,H0
132.786157,timesafe_prod_announce_attack,57950.0,57950.0,12623.0,-902.0,0.0,1,23847,Sync,True,False,False,False,0,H0
132.850091,timesafe_prod_announce_attack,-45154.0,-45154.0,46451.0,32926.0,0.0,1,23848,Sync,True,False,False,False,0,H0
132.914193,timesafe_prod_announce_attack,59898.0,59898.0,10611.0,-2914.0,0.0,1,23849,Sync,True,False,False,False,0,H0
132.970073,timesafe_prod_announce_attack,-8742.0,-8742.0,10611.0,-2914.0,0.0,1,23850,Sync,True,False,False,False,0,H0
133.034173,timesafe_prod_announce_attack,58942.0,58942.0,12191.0,-1334.0,0.0,1,23851,Sync,True,False,False,False,0,H0
133.098076,timesafe_prod_announce_attack,-46816.0,-46816.0,48277.0,34752.0,0.0,1,23852,Sync,True,False,False,False,0,H0
133.162656,timesafe_prod_announce_attack,485120.0,485120.0,48277.0,34752.0,0.0,1,23853,Sync,True,False,False,False,0,H0
133.226087,timesafe_prod_announce_attack,-276390.0,-276390.0,277903.0,264378.0,0.0,1,23854,Sync,True,False,False,False,0,H0
133.282656,timesafe_prod_announce_attack,229714.0,229714.0,277903.0,264378.0,0.0,1,23855,Sync,True,False,False,False,0,H0
133.346075,timesafe_prod_announce_attack,-264436.0,-264436.0,266397.0,252872.0,0.0,1,23856,Sync,True,False,False,False,0,H0
133.410165,timesafe_prod_announce_attack,-195592.0,-195592.0,266397.0,252872.0,0.0,1,23857,Sync,True,False,False,False,0,H0
133.474083,timesafe_prod_announce_attack,-43928.0,-43928.0,45629.0,32104.0,0.0,1,23858,Sync,True,False,False,False,0,H0
133.538181,timesafe_prod_announce_attack,59696.0,59696.0,10701.0,-2824.0,0.0,1,23859,Sync,True,False,False,False,0,H0
133.602694,timesafe_prod_announce_attack,110384.0,110384.0,10701.0,-2824.0,0.0,1,23860,Sync,True,False,False,False,0,H0
133.658171,timesafe_prod_announce_attack,198.0,198.0,70779.0,57254.0,0.0,1,23861,Sync,True,False,False,False,0,H0
133.72206,timesafe_prod_announce_attack,-45054.0,-45054.0,46323.0,32798.0,0.0,1,23862,Sync,True,False,False,False,0,H0
133.786165,timesafe_prod_announce_attack,59818.0,59818.0,10307.0,-3218.0,0.0,1,23863,Sync,True,False,False,False,0,H0
133.850061,timesafe_prod_announce_attack,-8534.0,-8534.0,10307.0,-3218.0,0.0,1,23864,Sync,True,False,False,False,0,H0
133.914172,timesafe_prod_announce_attack,57366.0,57366.0,13547.0,22.0,0.0,1,23865,Sync,True,False,False,False,0,H0
133.970108,timesafe_prod_announce_attack,-44144.0,-44144.0,45937.0,32412.0,0.0,1,23866,Sync,True,False,False,False,0,H0
134.034148,timesafe_prod_announce_attack,60430.0,60430.0,10139.0,-3386.0,0.0,1,23867,Sync,True,False,False,False,0,H0
134.09811,timesafe_prod_announce_attack,-8198.0,-8198.0,10139.0,-3386.0,0.0,1,23868,Sync,True,False,False,False,0,H0
134.162652,timesafe_prod_announce_attack,527712.0,527712.0,11565.0,-1960.0,0.0,1,23869,Sync,True,False,False,False,0,H0
134.226092,timesafe_prod_announce_attack,-277576.0,-277576.0,279201.0,265676.0,0.0,1,23870,Sync,True,False,False,False,0,H0
134.282656,timesafe_prod_announce_attack,521898.0,521898.0,12015.0,-1510.0,0.0,1,23871,Sync,True,False,False,False,0,H0
134.346088,timesafe_prod_announce_attack,-10726.0,-10726.0,12015.0,-1510.0,0.0,1,23872,Sync,True,False,False,False,0,H0
134.410143,timesafe_prod_announce_attack,58122.0,58122.0,12899.0,-626.0,0.0,1,23873,Sync,True,False,False,False,0,H0
134.474052,timesafe_prod_announce_attack,-45276.0,-45276.0,46277.0,32752.0,0.0,1,23874,Sync,True,False,False,False,0,H0
134.538137,timesafe_prod_announce_attack,60362.0,60362.0,10215.0,-3310.0,0.0,1,23875,Sync,True,False,False,False,0,H0
134.602093,timesafe_prod_announce_attack,-45226.0,-45226.0,46351.0,32826.0,0.0,1,23876,Sync,True,False,False,False,0,H0
134.658232,timesafe_prod_announce_attack,59768.0,59768.0,11197.0,-2328.0,0.0,1,23877,Sync,True,False,False,False,0,H0
134.722092,timesafe_prod_announce_attack,-44042.0,-44042.0,45943.0,32418.0,0.0,1,23878,Sync,True,False,False,False,0,H0
134.786176,timesafe_prod_announce_attack,56726.0,56726.0,13751.0,226.0,0.0,1,23879,Sync,True,False,False,False,0,H0
134.850154,timesafe_prod_announce_attack,-46680.0,-46680.0,48237.0,34712.0,0.0,1,23880,Sync,True,False,False,False,0,H0
134.914174,timesafe_prod_announce_attack,57650.0,57650.0,12743.0,-782.0,0.0,1,23881,Sync,True,False,False,False,0,H0
134.970142,timesafe_prod_announce_attack,-45998.0,-45998.0,47219.0,33694.0,0.0,1,23882,Sync,True,False,False,False,0,H0
135.034199,timesafe_prod_announce_attack,56928.0,56928.0,13633.0,108.0,0.0,1,23883,Sync,True,False,False,False,0,H0
135.098117,timesafe_prod_announce_attack,-11656.0,-11656.0,13633.0,108.0,0.0,1,23884,Sync,True,False,False,False,0,H0
135.162659,timesafe_prod_announce_attack,508748.0,508748.0,10837.0,-2688.0,0.0,1,23885,Sync,True,False,False,False,0,H0
135.226096,timesafe_prod_announce_attack,-269104.0,-269104.0,270393.0,256868.0,0.0,1,23886,Sync,True,False,False,False,0,H0
135.282658,timesafe_prod_announce_attack,303744.0,303744.0,270393.0,256868.0,0.0,1,23887,Sync,True,False,False,False,0,H0
135.346062,timesafe_prod_announce_attack,-296604.0,-296604.0,298501.0,284976.0,0.0,1,23888,Sync,True,False,False,False,0,H0
135.410221,timesafe_prod_announce_attack,59560.0,59560.0,11397.0,-2128.0,0.0,1,23889,Sync,True,False,False,False,0,H0
135.474074,timesafe_prod_announce_attack,-43038.0,-43038.0,44863.0,31338.0,0.0,1,23890,Sync,True,False,False,False,0,H0
135.538153,timesafe_prod_announce_attack,56782.0,56782.0,13587.0,62.0,0.0,1,23891,Sync,True,False,False,False,0,H0
135.6021,timesafe_prod_announce_attack,-46580.0,-46580.0,47501.0,33976.0,0.0,1,23892,Sync,True,False,False,False,0,H0
135.658159,timesafe_prod_announce_attack,59528.0,59528.0,11077.0,-2448.0,0.0,1,23893,Sync,True,False,False,False,0,H0
135.722099,timesafe_prod_announce_attack,-9184.0,-9184.0,11077.0,-2448.0,0.0,1,23894,Sync,True,False,False,False,0,H0
135.786185,timesafe_prod_announce_attack,58152.0,58152.0,12277.0,-1248.0,0.0,1,23895,Sync,True,False,False,False,0,H0
135.850079,timesafe_prod_announce_attack,-10636.0,-10636.0,12277.0,-1248.0,0.0,1,23896,Sync,True,False,False,False,0,H0
135.914186,timesafe_prod_announce_attack,58590.0,58590.0,12535.0,-990.0,0.0,1,23897,Sync,True,False,False,False,0,H0
135.970095,timesafe_prod_announce_attack,-46280.0,-46280.0,47621.0,34096.0,0.0,1,23898,Sync,True,False,False,False,0,H0
136.034157,timesafe_prod_announce_attack,60656.0,60656.0,10609.0,-2916.0,0.0,1,23899,Sync,True,False,False,False,0,H0
136.098093,timesafe_prod_announce_attack,-9064.0,-9064.0,10609.0,-2916.0,0.0,1,23900,Sync,True,False,False,False,0,H0
136.162657,timesafe_prod_announce_attack,563166.0,563166.0,11191.0,-2334.0,0.0,1,23901,Sync,True,False,False,False,0,H0
136.226086,timesafe_prod_announce_attack,-297088.0,-297088.0,299441.0,285916.0,0.0,1,23902,Sync,True,False,False,False,0,H0
136.282654,timesafe_prod_announce_attack,265904.0,265904.0,299441.0,285916.0,0.0,1,23903,Sync,True,False,False,False,0,H0
136.346131,timesafe_prod_announce_attack,-292352.0,-292352.0,293769.0,280244.0,0.0,1,23904,Sync,True,False,False,False,0,H0
136.410215,timesafe_prod_announce_attack,-223452.0,-223452.0,293769.0,280244.0,0.0,1,23905,Sync,True,False,False,False,0,H0
136.474133,timesafe_prod_announce_attack,-43318.0,-43318.0,45207.0,31682.0,0.0,1,23906,Sync,True,False,False,False,0,H0
136.538213,timesafe_prod_announce_attack,25370.0,25370.0,45207.0,31682.0,0.0,1,23907,Sync,True,False,False,False,0,H0
136.602659,timesafe_prod_announce_attack,479678.0,479678.0,44963.0,31438.0,0.0,1,23908,Sync,True,False,False,False,0,H0
136.658222,timesafe_prod_announce_attack,-204416.0,-204416.0,275369.0,261844.0,0.0,1,23909,Sync,True,False,False,False,0,H0
136.722659,timesafe_prod_announce_attack,413578.0,413578.0,45799.0,32274.0,0.0,1,23910,Sync,True,False,False,False,0,H0
136.786246,timesafe_prod_announce_attack,24566.0,24566.0,45799.0,32274.0,0.0,1,23911,Sync,True,False,False,False,0,H0
136.850116,timesafe_prod_announce_attack,-46470.0,-46470.0,48067.0,34542.0,0.0,1,23912,Sync,True,False,False,False,0,H0
136.914215,timesafe_prod_announce_attack,22390.0,22390.0,48067.0,34542.0,0.0,1,23913,Sync,True,False,False,False,0,H0
136.970082,timesafe_prod_announce_attack,-44052.0,-44052.0,45853.0,32328.0,0.0,1,23914,Sync,True,False,False,False,0,H0
137.034179,timesafe_prod_announce_attack,58730.0,58730.0,12383.0,-1142.0,0.0,1,23915,Sync,True,False,False,False,0,H0
137.098139,timesafe_prod_announce_attack,-46914.0,-46914.0,48643.0,35118.0,0.0,1,23916,Sync,True,False,False,False,0,H0
137.16266,timesafe_prod_announce_attack,464554.0,464554.0,10619.0,-2906.0,0.0,1,23917,Sync,True,False,False,False,0,H0
137.226136,timesafe_prod_announce_attack,-8870.0,-8870.0,10619.0,-2906.0,0.0,1,23918,Sync,True,False,False,False,0,H0
137.282653,timesafe_prod_announce_attack,463026.0,463026.0,13723.0,198.0,0.0,1,23919,Sync,True,False,False,False,0,H0
137.346114,timesafe_prod_announce_attack,-11794.0,-11794.0,13723.0,198.0,0.0,1,23920,Sync,True,False,False,False,0,H0
137.41024,timesafe_prod_announce_attack,58138.0,58138.0,12451.0,-1074.0,0.0,1,23921,Sync,True,False,False,False,0,H0
137.474115,timesafe_prod_announce_attack,-10990.0,-10990.0,12451.0,-1074.0,0.0,1,23922,Sync,True,False,False,False,0,H0
137.538173,timesafe_prod_announce_attack,57542.0,57542.0,13423.0,-102.0,0.0,1,23923,Sync,True,False,False,False,0,H0
137.602082,timesafe_prod_announce_attack,-46566.0,-46566.0,48279.0,34754.0,0.0,1,23924,Sync,True,False,False,False,0,H0
137.658163,timesafe_prod_announce_attack,58350.0,58350.0,12159.0,-1366.0,0.0,1,23925,Sync,True,False,False,False,0,H0
137.722088,timesafe_prod_announce_attack,-45284.0,-45284.0,47089.0,33564.0,0.0,1,23926,Sync,True,False,False,False,0,H0
137.786168,timesafe_prod_announce_attack,60016.0,60016.0,10545.0,-2980.0,0.0,1,23927,Sync,True,False,False,False,0,H0
137.850088,timesafe_prod_announce_attack,-9148.0,-9148.0,10545.0,-2980.0,0.0,1,23928,Sync,True,False,False,False,0,H0
137.914237,timesafe_prod_announce_attack,60416.0,60416.0,10553.0,-2972.0,0.0,1,23929,Sync,True,False,False,False,0,H0
137.970119,timesafe_prod_announce_attack,-43738.0,-43738.0,45827.0,32302.0,0.0,1,23930,Sync,True,False,False,False,0,H0
138.034244,timesafe_prod_announce_attack,56232.0,56232.0,13953.0,428.0,0.0,1,23931,Sync,True,False,False,False,0,H0
138.098124,timesafe_prod_announce_attack,-45328.0,-45328.0,47409.0,33884.0,0.0,1,23932,Sync,True,False,False,False,0,H0
138.162654,timesafe_prod_announce_attack,457872.0,457872.0,13345.0,-180.0,0.0,1,23933,Sync,True,False,False,False,0,H0
138.226122,timesafe_prod_announce_attack,-11760.0,-11760.0,13345.0,-180.0,0.0,1,23934,Sync,True,False,False,False,0,H0
138.28266,timesafe_prod_announce_attack,473632.0,473632.0,13145.0,-380.0,0.0,1,23935,Sync,True,False,False,False,0,H0
138.34612,timesafe_prod_announce_attack,-253838.0,-253838.0,255603.0,242078.0,0.0,1,23936,Sync,True,False,False,False,0,H0
138.410225,timesafe_prod_announce_attack,-10544.0,-10544.0,12017.0,-1508.0,0.0,1,23937,Sync,True,False,False,False,0,H0
138.474103,timesafe_prod_announce_attack,-10780.0,-10780.0,12017.0,-1508.0,0.0,1,23938,Sync,True,False,False,False,0,H0
138.538211,timesafe_prod_announce_attack,57380.0,57380.0,13113.0,-412.0,0.0,1,23939,Sync,True,False,False,False,0,H0
138.602652,timesafe_prod_announce_attack,514308.0,514308.0,13113.0,-412.0,0.0,1,23940,Sync,True,False,False,False,0,H0
138.658298,timesafe_prod_announce_attack,57984.0,57984.0,13113.0,-412.0,0.0,1,23941,Sync,True,False,False,False,0,H0
138.72266,timesafe_prod_announce_attack,436778.0,436778.0,45299.0,31774.0,0.0,1,23942,Sync,True,False,False,False,0,H0
138.786261,timesafe_prod_announce_attack,-182302.0,-182302.0,253255.0,239730.0,0.0,1,23943,Sync,True,False,False,False,0,H0
138.850184,timesafe_prod_announce_attack,-45094.0,-45094.0,46811.0,33286.0,0.0,1,23944,Sync,True,False,False,False,0,H0
138.914289,timesafe_prod_announce_attack,59662.0,59662.0,10795.0,-2730.0,0.0,1,23945,Sync,True,False,False,False,0,H0
138.970127,timesafe_prod_announce_attack,-9194.0,-9194.0,10795.0,-2730.0,0.0,1,23946,Sync,True,False,False,False,0,H0
139.034246,timesafe_prod_announce_attack,59806.0,59806.0,11191.0,-2334.0,0.0,1,23947,Sync,True,False,False,False,0,H0
139.098144,timesafe_prod_announce_attack,-45648.0,-45648.0,47409.0,33884.0,0.0,1,23948,Sync,True,False,False,False,0,H0
139.162672,timesafe_prod_announce_attack,396180.0,396180.0,47409.0,33884.0,0.0,1,23949,Sync,True,False,False,False,0,H0
139.226162,timesafe_prod_announce_attack,-230498.0,-230498.0,232635.0,219110.0,0.0,1,23950,Sync,True,False,False,False,0,H0
139.28266,timesafe_prod_announce_attack,240366.0,240366.0,232635.0,219110.0,0.0,1,23951,Sync,True,False,False,False,0,H0
139.346156,timesafe_prod_announce_attack,-247356.0,-247356.0,249257.0,235732.0,0.0,1,23952,Sync,True,False,False,False,0,H0
139.410215,timesafe_prod_announce_attack,58286.0,58286.0,12843.0,-682.0,0.0,1,23953,Sync,True,False,False,False,0,H0
139.474141,timesafe_prod_announce_attack,-44052.0,-44052.0,46285.0,32760.0,0.0,1,23954,Sync,True,False,False,False,0,H0
139.538242,timesafe_prod_announce_attack,59256.0,59256.0,11465.0,-2060.0,0.0,1,23955,Sync,True,False,False,False,0,H0
139.60268,timesafe_prod_announce_attack,137784.0,137784.0,11465.0,-2060.0,0.0,1,23956,Sync,True,False,False,False,0,H0
139.658222,timesafe_prod_announce_attack,-17452.0,-17452.0,87697.0,74172.0,0.0,1,23957,Sync,True,False,False,False,0,H0
139.722651,timesafe_prod_announce_attack,402208.0,402208.0,87697.0,74172.0,0.0,1,23958,Sync,True,False,False,False,0,H0
139.786218,timesafe_prod_announce_attack,-184586.0,-184586.0,255675.0,242150.0,0.0,1,23959,Sync,True,False,False,False,0,H0
139.850223,timesafe_prod_announce_attack,-44118.0,-44118.0,45707.0,32182.0,0.0,1,23960,Sync,True,False,False,False,0,H0
139.914337,timesafe_prod_announce_attack,58286.0,58286.0,12267.0,-1258.0,0.0,1,23961,Sync,True,False,False,False,0,H0
139.970155,timesafe_prod_announce_attack,-43454.0,-43454.0,45699.0,32174.0,0.0,1,23962,Sync,True,False,False,False,0,H0
140.034246,timesafe_prod_announce_attack,24930.0,24930.0,45699.0,32174.0,0.0,1,23963,Sync,True,False,False,False,0,H0
140.098134,timesafe_prod_announce_attack,-42876.0,-42876.0,45089.0,31564.0,0.0,1,23964,Sync,True,False,False,False,0,H0
140.162657,timesafe_prod_announce_attack,435354.0,435354.0,11123.0,-2402.0,0.0,1,23965,Sync,True,False,False,False,0,H0
140.226105,timesafe_prod_announce_attack,-231690.0,-231690.0,233523.0,219998.0,0.0,1,23966,Sync,True,False,False,False,0,H0
140.282659,timesafe_prod_announce_attack,242050.0,242050.0,233523.0,219998.0,0.0,1,23967,Sync,True,False,False,False,0,H0
140.346129,timesafe_prod_announce_attack,-245610.0,-245610.0,247799.0,234274.0,0.0,1,23968,Sync,True,False,False,False,0,H0
140.410281,timesafe_prod_announce_attack,-176798.0,-176798.0,247799.0,234274.0,0.0,1,23969,Sync,True,False,False,False,0,H0
140.474141,timesafe_prod_announce_attack,-46530.0,-46530.0,48471.0,34946.0,0.0,1,23970,Sync,True,False,False,False,0,H0
140.53823,timesafe_prod_announce_attack,57634.0,57634.0,13235.0,-290.0,0.0,1,23971,Sync,True,False,False,False,0,H0
140.602658,timesafe_prod_announce_attack,411618.0,411618.0,45947.0,32422.0,0.0,1,23972,Sync,True,False,False,False,0,H0
140.659052,timesafe_prod_announce_attack,-168440.0,-168440.0,238925.0,225400.0,0.0,1,23973,Sync,True,False,False,False,0,H0
140.722652,timesafe_prod_announce_attack,487628.0,487628.0,47473.0,33948.0,0.0,1,23974,Sync,True,False,False,False,0,H0
140.786255,timesafe_prod_announce_attack,-209268.0,-209268.0,280633.0,267108.0,0.0,1,23975,Sync,True,False,False,False,0,H0
140.850144,timesafe_prod_announce_attack,-279068.0,-279068.0,280633.0,267108.0,0.0,1,23976,Sync,True,False,False,False,0,H0
140.914282,timesafe_prod_announce_attack,57714.0,57714.0,12471.0,-1054.0,0.0,1,23977,Sync,True,False,False,False,0,H0
140.970146,timesafe_prod_announce_attack,-43032.0,-43032.0,45297.0,31772.0,0.0,1,23978,Sync,True,False,False,False,0,H0
141.03421,timesafe_prod_announce_attack,25476.0,25476.0,45297.0,31772.0,0.0,1,23979,Sync,True,False,False,False,0,H0
141.098149,timesafe_prod_announce_attack,-43488.0,-43488.0,45525.0,32000.0,0.0,1,23980,Sync,True,False,False,False,0,H0
141.162651,timesafe_prod_announce_attack,443928.0,443928.0,11861.0,-1664.0,0.0,1,23981,Sync,True,False,False,False,0,H0
141.226161,timesafe_prod_announce_attack,-236250.0,-236250.0,237503.0,223978.0,0.0,1,23982,Sync,True,False,False,False,0,H0
141.29027,timesafe_prod_announce_attack,57264.0,57264.0,13101.0,-424.0,0.0,1,23983,Sync,True,False,False,False,0,H0
141.346117,timesafe_prod_announce_attack,-44468.0,-44468.0,46273.0,32748.0,0.0,1,23984,Sync,True,False,False,False,0,H0
141.410245,timesafe_prod_announce_attack,24164.0,24164.0,46273.0,32748.0,0.0,1,23985,Sync,True,False,False,False,0,H0
141.47415,timesafe_prod_announce_attack,-46698.0,-46698.0,48307.0,34782.0,0.0,1,23986,Sync,True,False,False,False,0,H0
141.538198,timesafe_prod_announce_attack,60620.0,60620.0,10453.0,-3072.0,0.0,1,23987,Sync,True,False,False,False,0,H0
141.60266,timesafe_prod_announce_attack,483184.0,483184.0,46817.0,33292.0,0.0,1,23988,Sync,True,False,False,False,0,H0
141.658237,timesafe_prod_announce_attack,23640.0,23640.0,46817.0,33292.0,0.0,1,23989,Sync,True,False,False,False,0,H0
141.72266,timesafe_prod_announce_attack,465938.0,465938.0,45879.0,32354.0,0.0,1,23990,Sync,True,False,False,False,0,H0
141.78623,timesafe_prod_announce_attack,-197452.0,-197452.0,268245.0,254720.0,0.0,1,23991,Sync,True,False,False,False,0,H0
141.850202,timesafe_prod_announce_attack,-266200.0,-266200.0,268245.0,254720.0,0.0,1,23992,Sync,True,False,False,False,0,H0
141.914294,timesafe_prod_announce_attack,59230.0,59230.0,11111.0,-2414.0,0.0,1,23993,Sync,True,False,False,False,0,H0
141.970162,timesafe_prod_announce_attack,-9186.0,-9186.0,11111.0,-2414.0,0.0,1,23994,Sync,True,False,False,False,0,H0
142.034241,timesafe_prod_announce_attack,57826.0,57826.0,13167.0,-358.0,0.0,1,23995,Sync,True,False,False,False,0,H0
142.09812,timesafe_prod_announce_attack,-44856.0,-44856.0,46529.0,33004.0,0.0,1,23996,Sync,True,False,False,False,0,H0
142.162657,timesafe_prod_announce_attack,438816.0,438816.0,46529.0,33004.0,0.0,1,23997,Sync,True,False,False,False,0,H0
142.226117,timesafe_prod_announce_attack,-251508.0,-251508.0,252885.0,239360.0,0.0,1,23998,Sync,True,False,False,False,0,H0
142.290246,timesafe_prod_announce_attack,59482.0,59482.0,11755.0,-1770.0,0.0,1,23999,Sync,True,False,False,False,0,H0
142.346116,timesafe_prod_announce_attack,-10546.0,-10546.0,11755.0,-1770.0,0.0,1,24000,Sync,True,False,False,False,0,H0
142.410252,timesafe_prod_announce_attack,60010.0,60010.0,11127.0,-2398.0,0.0,1,24001,Sync,True,False,False,False,0,H0
142.474128,timesafe_prod_announce_attack,-45220.0,-45220.0,46985.0,33460.0,0.0,1,24002,Sync,True,False,False,False,0,H0
142.538243,timesafe_prod_announce_attack,23756.0,23756.0,46985.0,33460.0,0.0,1,24003,Sync,True,False,False,False,0,H0
142.602657,timesafe_prod_announce_attack,446692.0,446692.0,47897.0,34372.0,0.0,1,24004,Sync,True,False,False,False,0,H0
142.658227,timesafe_prod_announce_attack,-187630.0,-187630.0,258539.0,245014.0,0.0,1,24005,Sync,True,False,False,False,0,H0
142.72266,timesafe_prod_announce_attack,242850.0,242850.0,258539.0,245014.0,0.0,1,24006,Sync,True,False,False,False,0,H0
142.786251,timesafe_prod_announce_attack,-190164.0,-190164.0,260805.0,247280.0,0.0,1,24007,Sync,True,False,False,False,0,H0
142.850126,timesafe_prod_announce_attack,-259092.0,-259092.0,260805.0,247280.0,0.0,1,24008,Sync,True,False,False,False,0,H0
142.91425,timesafe_prod_announce_attack,57758.0,57758.0,12847.0,-678.0,0.0,1,24009,Sync,True,False,False,False,0,H0
142.970119,timesafe_prod_announce_attack,-11150.0,-11150.0,12847.0,-678.0,0.0,1,24010,Sync,True,False,False,False,0,H0
143.034247,timesafe_prod_announce_attack,57870.0,57870.0,12587.0,-938.0,0.0,1,24011,Sync,True,False,False,False,0,H0
143.098176,timesafe_prod_announce_attack,-45668.0,-45668.0,47085.0,33560.0,0.0,1,24012,Sync,True,False,False,False,0,H0
143.162659,timesafe_prod_announce_attack,470460.0,470460.0,11845.0,-1680.0,0.0,1,24013,Sync,True,False,False,False,0,H0
143.226163,timesafe_prod_announce_attack,-251408.0,-251408.0,252525.0,239000.0,0.0,1,24014,Sync,True,False,False,False,0,H0
143.282659,timesafe_prod_announce_attack,456376.0,456376.0,11841.0,-1684.0,0.0,1,24015,Sync,True,False,False,False,0,H0
143.346188,timesafe_prod_announce_attack,-241956.0,-241956.0,244169.0,230644.0,0.0,1,24016,Sync,True,False,False,False,0,H0
143.410248,timesafe_prod_announce_attack,57120.0,57120.0,13665.0,140.0,0.0,1,24017,Sync,True,False,False,False,0,H0
143.474199,timesafe_prod_announce_attack,-11928.0,-11928.0,13665.0,140.0,0.0,1,24018,Sync,True,False,False,False,0,H0
143.538257,timesafe_prod_announce_attack,57308.0,57308.0,14141.0,616.0,0.0,1,24019,Sync,True,False,False,False,0,H0
143.60266,timesafe_prod_announce_attack,483680.0,483680.0,14141.0,616.0,0.0,1,24020,Sync,True,False,False,False,0,H0
143.658225,timesafe_prod_announce_attack,-190776.0,-190776.0,261201.0,247676.0,0.0,1,24021,Sync,True,False,False,False,0,H0
143.72266,timesafe_prod_announce_attack,473470.0,473470.0,48535.0,35010.0,0.0,1,24022,Sync,True,False,False,False,0,H0
143.786342,timesafe_prod_announce_attack,-200630.0,-200630.0,271651.0,258126.0,0.0,1,24023,Sync,True,False,False,False,0,H0
143.850139,timesafe_prod_announce_attack,-270298.0,-270298.0,271651.0,258126.0,0.0,1,24024,Sync,True,False,False,False,0,H0
143.914259,timesafe_prod_announce_attack,59764.0,59764.0,11365.0,-2160.0,0.0,1,24025,Sync,True,False,False,False,0,H0
143.970212,timesafe_prod_announce_attack,-43618.0,-43618.0,45339.0,31814.0,0.0,1,24026,Sync,True,False,False,False,0,H0
144.034316,timesafe_prod_announce_attack,26242.0,26242.0,45339.0,31814.0,0.0,1,24027,Sync,True,False,False,False,0,H0
144.098142,timesafe_prod_announce_attack,-44530.0,-44530.0,46199.0,32674.0,0.0,1,24028,Sync,True,False,False,False,0,H0
144.162671,timesafe_prod_announce_attack,303298.0,303298.0,13951.0,426.0,0.0,1,24029,Sync,True,False,False,False,0,H0
144.226193,timesafe_prod_announce_attack,-12426.0,-12426.0,13951.0,426.0,0.0,1,24030,Sync,True,False,False,False,0,H0
144.282652,timesafe_prod_announce_attack,463782.0,463782.0,13699.0,174.0,0.0,1,24031,Sync,True,False,False,False,0,H0
144.346135,timesafe_prod_announce_attack,-12098.0,-12098.0,13699.0,174.0,0.0,1,24032,Sync,True,False,False,False,0,H0
144.410216,timesafe_prod_announce_attack,59110.0,59110.0,11387.0,-2138.0,0.0,1,24033,Sync,True,False,False,False,0,H0
144.474149,timesafe_prod_announce_attack,-9426.0,-9426.0,11387.0,-2138.0,0.0,1,24034,Sync,True,False,False,False,0,H0
144.538232,timesafe_prod_announce_attack,57472.0,57472.0,12981.0,-544.0,0.0,1,24035,Sync,True,False,False,False,0,H0
144.602657,timesafe_prod_announce_attack,434266.0,434266.0,47351.0,33826.0,0.0,1,24036,Sync,True,False,False,False,0,H0
144.658304,timesafe_prod_announce_attack,-179542.0,-179542.0,250571.0,237046.0,0.0,1,24037,Sync,True,False,False,False,0,H0
144.72266,timesafe_prod_announce_attack,239038.0,239038.0,250571.0,237046.0,0.0,1,24038,Sync,True,False,False,False,0,H0
144.786232,timesafe_prod_announce_attack,-186454.0,-186454.0,256883.0,243358.0,0.0,1,24039,Sync,True,False,False,False,0,H0
144.850206,timesafe_prod_announce_attack,-45236.0,-45236.0,47037.0,33512.0,0.0,1,24040,Sync,True,False,False,False,0,H0
144.914289,timesafe_prod_announce_attack,58858.0,58858.0,12019.0,-1506.0,0.0,1,24041,Sync,True,False,False,False,0,H0
144.970238,timesafe_prod_announce_attack,-44696.0,-44696.0,46321.0,32796.0,0.0,1,24042,Sync,True,False,False,False,0,H0
145.034234,timesafe_prod_announce_attack,58728.0,58728.0,11613.0,-1912.0,0.0,1,24043,Sync,True,False,False,False,0,H0
145.098147,timesafe_prod_announce_attack,-44352.0,-44352.0,46025.0,32500.0,0.0,1,24044,Sync,True,False,False,False,0,H0
145.162659,timesafe_prod_announce_attack,456742.0,456742.0,13343.0,-182.0,0.0,1,24045,Sync,True,False,False,False,0,H0
145.226222,timesafe_prod_announce_attack,-245636.0,-245636.0,246745.0,233220.0,0.0,1,24046,Sync,True,False,False,False,0,H0
145.28266,timesafe_prod_announce_attack,195028.0,195028.0,246745.0,233220.0,0.0,1,24047,Sync,True,False,False,False,0,H0
145.346167,timesafe_prod_announce_attack,-229664.0,-229664.0,231905.0,218380.0,0.0,1,24048,Sync,True,False,False,False,0,H0
145.410271,timesafe_prod_announce_attack,56350.0,56350.0,13983.0,458.0,0.0,1,24049,Sync,True,False,False,False,0,H0
145.474191,timesafe_prod_announce_attack,-44212.0,-44212.0,45293.0,31768.0,0.0,1,24050,Sync,True,False,False,False,0,H0
145.538259,timesafe_prod_announce_attack,59356.0,59356.0,11301.0,-2224.0,0.0,1,24051,Sync,True,False,False,False,0,H0
145.60266,timesafe_prod_announce_attack,449046.0,449046.0,46043.0,32518.0,0.0,1,24052,Sync,True,False,False,False,0,H0
145.658727,timesafe_prod_announce_attack,24918.0,24918.0,46043.0,32518.0,0.0,1,24053,Sync,True,False,False,False,0,H0
145.72266,timesafe_prod_announce_attack,408678.0,408678.0,44983.0,31458.0,0.0,1,24054,Sync,True,False,False,False,0,H0
145.786247,timesafe_prod_announce_attack,-167728.0,-167728.0,238629.0,225104.0,0.0,1,24055,Sync,True,False,False,False,0,H0
145.85019,timesafe_prod_announce_attack,-236568.0,-236568.0,238629.0,225104.0,0.0,1,24056,Sync,True,False,False,False,0,H0
145.914291,timesafe_prod_announce_attack,58216.0,58216.0,12369.0,-1156.0,0.0,1,24057,Sync,True,False,False,False,0,H0
145.970207,timesafe_prod_announce_attack,-10892.0,-10892.0,12369.0,-1156.0,0.0,1,24058,Sync,True,False,False,False,0,H0
146.034275,timesafe_prod_announce_attack,57456.0,57456.0,13549.0,24.0,0.0,1,24059,Sync,True,False,False,False,0,H0
146.09819,timesafe_prod_announce_attack,-45106.0,-45106.0,46927.0,33402.0,0.0,1,24060,Sync,True,False,False,False,0,H0
146.162671,timesafe_prod_announce_attack,428814.0,428814.0,10991.0,-2534.0,0.0,1,24061,Sync,True,False,False,False,0,H0
146.226221,timesafe_prod_announce_attack,-9366.0,-9366.0,10991.0,-2534.0,0.0,1,24062,Sync,True,False,False,False,0,H0
146.282673,timesafe_prod_announce_attack,387782.0,387782.0,12587.0,-938.0,0.0,1,24063,Sync,True,False,False,False,0,H0
146.346192,timesafe_prod_announce_attack,-211830.0,-211830.0,213375.0,199850.0,0.0,1,24064,Sync,True,False,False,False,0,H0
146.410314,timesafe_prod_announce_attack,60010.0,60010.0,10383.0,-3142.0,0.0,1,24065,Sync,True,False,False,False,0,H0
146.474178,timesafe_prod_announce_attack,-45168.0,-45168.0,46849.0,33324.0,0.0,1,24066,Sync,True,False,False,False,0,H0
146.538276,timesafe_prod_announce_attack,23940.0,23940.0,46849.0,33324.0,0.0,1,24067,Sync,True,False,False,False,0,H0
146.602659,timesafe_prod_announce_attack,394206.0,394206.0,48399.0,34874.0,0.0,1,24068,Sync,True,False,False,False,0,H0
146.658307,timesafe_prod_announce_attack,-162724.0,-162724.0,233165.0,219640.0,0.0,1,24069,Sync,True,False,False,False,0,H0
146.722656,timesafe_prod_announce_attack,383624.0,383624.0,46065.0,32540.0,0.0,1,24070,Sync,True,False,False,False,0,H0
146.786304,timesafe_prod_announce_attack,24728.0,24728.0,46065.0,32540.0,0.0,1,24071,Sync,True,False,False,False,0,H0
146.850202,timesafe_prod_announce_attack,-44106.0,-44106.0,46359.0,32834.0,0.0,1,24072,Sync,True,False,False,False,0,H0
146.914311,timesafe_prod_announce_attack,58660.0,58660.0,11673.0,-1852.0,0.0,1,24073,Sync,True,False,False,False,0,H0
146.970222,timesafe_prod_announce_attack,-44754.0,-44754.0,46451.0,32926.0,0.0,1,24074,Sync,True,False,False,False,0,H0
147.034336,timesafe_prod_announce_attack,24806.0,24806.0,46451.0,32926.0,0.0,1,24075,Sync,True,False,False,False,0,H0
147.098228,timesafe_prod_announce_attack,-44602.0,-44602.0,46339.0,32814.0,0.0,1,24076,Sync,True,False,False,False,0,H0
147.16266,timesafe_prod_announce_attack,398962.0,398962.0,46339.0,32814.0,0.0,1,24077,Sync,True,False,False,False,0,H0
147.226237,timesafe_prod_announce_attack,-230170.0,-230170.0,232055.0,218530.0,0.0,1,24078,Sync,True,False,False,False,0,H0
147.282672,timesafe_prod_announce_attack,393470.0,393470.0,13383.0,-142.0,0.0,1,24079,Sync,True,False,False,False,0,H0
147.34634,timesafe_prod_announce_attack,-214576.0,-214576.0,215657.0,202132.0,0.0,1,24080,Sync,True,False,False,False,0,H0
147.410302,timesafe_prod_announce_attack,-144948.0,-144948.0,215657.0,202132.0,0.0,1,24081,Sync,True,False,False,False,0,H0
147.474233,timesafe_prod_announce_attack,-45600.0,-45600.0,47593.0,34068.0,0.0,1,24082,Sync,True,False,False,False,0,H0
147.53831,timesafe_prod_announce_attack,23472.0,23472.0,47593.0,34068.0,0.0,1,24083,Sync,True,False,False,False,0,H0
147.60266,timesafe_prod_announce_attack,361204.0,361204.0,46273.0,32748.0,0.0,1,24084,Sync,True,False,False,False,0,H0
147.658305,timesafe_prod_announce_attack,-144596.0,-144596.0,214917.0,201392.0,0.0,1,24085,Sync,True,False,False,False,0,H0
147.72266,timesafe_prod_announce_attack,414328.0,414328.0,47977.0,34452.0,0.0,1,24086,Sync,True,False,False,False,0,H0
147.786316,timesafe_prod_announce_attack,-171800.0,-171800.0,242141.0,228616.0,0.0,1,24087,Sync,True,False,False,False,0,H0
147.850254,timesafe_prod_announce_attack,-43164.0,-43164.0,44961.0,31436.0,0.0,1,24088,Sync,True,False,False,False,0,H0
147.914335,timesafe_prod_announce_attack,61436.0,61436.0,10749.0,-2776.0,0.0,1,24089,Sync,True,False,False,False,0,H0
147.970241,timesafe_prod_announce_attack,-45312.0,-45312.0,46745.0,33220.0,0.0,1,24090,Sync,True,False,False,False,0,H0
148.034338,timesafe_prod_announce_attack,57256.0,57256.0,13933.0,408.0,0.0,1,24091,Sync,True,False,False,False,0,H0
148.098291,timesafe_prod_announce_attack,-43954.0,-43954.0,45867.0,32342.0,0.0,1,24092,Sync,True,False,False,False,0,H0
148.16266,timesafe_prod_announce_attack,443076.0,443076.0,14081.0,556.0,0.0,1,24093,Sync,True,False,False,False,0,H0
148.226219,timesafe_prod_announce_attack,-12368.0,-12368.0,14081.0,556.0,0.0,1,24094,Sync,True,False,False,False,0,H0
148.282671,timesafe_prod_announce_attack,424474.0,424474.0,11683.0,-1842.0,0.0,1,24095,Sync,True,False,False,False,0,H0
148.346237,timesafe_prod_announce_attack,-227238.0,-227238.0,228607.0,215082.0,0.0,1,24096,Sync,True,False,False,False,0,H0
148.410293,timesafe_prod_announce_attack,-157874.0,-157874.0,228607.0,215082.0,0.0,1,24097,Sync,True,False,False,False,0,H0
148.474211,timesafe_prod_announce_attack,-46950.0,-46950.0,48267.0,34742.0,0.0,1,24098,Sync,True,False,False,False,0,H0
148.538299,timesafe_prod_announce_attack,59070.0,59070.0,12063.0,-1462.0,0.0,1,24099,Sync,True,False,False,False,0,H0
148.602657,timesafe_prod_announce_attack,436778.0,436778.0,12063.0,-1462.0,0.0,1,24100,Sync,True,False,False,False,0,H0
148.658297,timesafe_prod_announce_attack,-166486.0,-166486.0,237251.0,223726.0,0.0,1,24101,Sync,True,False,False,False,0,H0
148.722657,timesafe_prod_announce_attack,429648.0,429648.0,47421.0,33896.0,0.0,1,24102,Sync,True,False,False,False,0,H0
148.786322,timesafe_prod_announce_attack,-178450.0,-178450.0,248999.0,235474.0,0.0,1,24103,Sync,True,False,False,False,0,H0
148.850173,timesafe_prod_announce_attack,-45508.0,-45508.0,46857.0,33332.0,0.0,1,24104,Sync,True,False,False,False,0,H0
148.917053,timesafe_prod_announce_attack,23996.0,23996.0,46857.0,33332.0,0.0,1,24105,Sync,True,False,False,False,0,H0
148.970183,timesafe_prod_announce_attack,-43276.0,-43276.0,45245.0,31720.0,0.0,1,24106,Sync,True,False,False,False,0,H0
149.034299,timesafe_prod_announce_attack,57546.0,57546.0,13539.0,14.0,0.0,1,24107,Sync,True,False,False,False,0,H0
149.098184,timesafe_prod_announce_attack,-45972.0,-45972.0,48285.0,34760.0,0.0,1,24108,Sync,True,False,False,False,0,H0
149.162654,timesafe_prod_announce_attack,418536.0,418536.0,12917.0,-608.0,0.0,1,24109,Sync,True,False,False,False,0,H0
149.226228,timesafe_prod_announce_attack,-10092.0,-10092.0,12917.0,-608.0,0.0,1,24110,Sync,True,False,False,False,0,H0
149.282671,timesafe_prod_announce_attack,402224.0,402224.0,12777.0,-748.0,0.0,1,24111,Sync,True,False,False,False,0,H0
149.346249,timesafe_prod_announce_attack,-217914.0,-217914.0,219771.0,206246.0,0.0,1,24112,Sync,True,False,False,False,0,H0
149.410299,timesafe_prod_announce_attack,60486.0,60486.0,10715.0,-2810.0,0.0,1,24113,Sync,True,False,False,False,0,H0
149.474221,timesafe_prod_announce_attack,-9670.0,-9670.0,10715.0,-2810.0,0.0,1,24114,Sync,True,False,False,False,0,H0
149.538296,timesafe_prod_announce_attack,57602.0,57602.0,13303.0,-222.0,0.0,1,24115,Sync,True,False,False,False,0,H0
149.60267,timesafe_prod_announce_attack,354542.0,354542.0,45819.0,32294.0,0.0,1,24116,Sync,True,False,False,False,0,H0
149.658365,timesafe_prod_announce_attack,25458.0,25458.0,45819.0,32294.0,0.0,1,24117,Sync,True,False,False,False,0,H0
149.722657,timesafe_prod_announce_attack,389340.0,389340.0,47845.0,34320.0,0.0,1,24118,Sync,True,False,False,False,0,H0
149.78631,timesafe_prod_announce_attack,-159330.0,-159330.0,230135.0,216610.0,0.0,1,24119,Sync,True,False,False,False,0,H0
149.85019,timesafe_prod_announce_attack,-44932.0,-44932.0,46945.0,33420.0,0.0,1,24120,Sync,True,False,False,False,0,H0
149.914303,timesafe_prod_announce_attack,58062.0,58062.0,12691.0,-834.0,0.0,1,24121,Sync,True,False,False,False,0,H0
149.970195,timesafe_prod_announce_attack,-44366.0,-44366.0,46203.0,32678.0,0.0,1,24122,Sync,True,False,False,False,0,H0
150.034316,timesafe_prod_announce_attack,24542.0,24542.0,46203.0,32678.0,0.0,1,24123,Sync,True,False,False,False,0,H0
150.098198,timesafe_prod_announce_attack,-43438.0,-43438.0,45207.0,31682.0,0.0,1,24124,Sync,True,False,False,False,0,H0
150.16266,timesafe_prod_announce_attack,431954.0,431954.0,12579.0,-946.0,0.0,1,24125,Sync,True,False,False,False,0,H0
150.226256,timesafe_prod_announce_attack,-229598.0,-229598.0,231671.0,218146.0,0.0,1,24126,Sync,True,False,False,False,0,H0
150.28266,timesafe_prod_announce_attack,435284.0,435284.0,13913.0,388.0,0.0,1,24127,Sync,True,False,False,False,0,H0
150.34621,timesafe_prod_announce_attack,-232460.0,-232460.0,234489.0,220964.0,0.0,1,24128,Sync,True,False,False,False,0,H0
150.410338,timesafe_prod_announce_attack,57786.0,57786.0,13527.0,2.0,0.0,1,24129,Sync,True,False,False,False,0,H0
150.474284,timesafe_prod_announce_attack,-12234.0,-12234.0,13527.0,2.0,0.0,1,24130,Sync,True,False,False,False,0,H0
150.538282,timesafe_prod_announce_attack,60930.0,60930.0,10251.0,-3274.0,0.0,1,24131,Sync,True,False,False,False,0,H0
150.602657,timesafe_prod_announce_attack,360822.0,360822.0,46527.0,33002.0,0.0,1,24132,Sync,True,False,False,False,0,H0
150.65834,timesafe_prod_announce_attack,24634.0,24634.0,46527.0,33002.0,0.0,1,24133,Sync,True,False,False,False,0,H0
150.722657,timesafe_prod_announce_attack,414752.0,414752.0,46297.0,32772.0,0.0,1,24134,Sync,True,False,False,False,0,H0
150.786287,timesafe_prod_announce_attack,-172214.0,-172214.0,243151.0,229626.0,0.0,1,24135,Sync,True,False,False,False,0,H0
150.850212,timesafe_prod_announce_attack,-241190.0,-241190.0,243151.0,229626.0,0.0,1,24136,Sync,True,False,False,False,0,H0
150.914323,timesafe_prod_announce_attack,57368.0,57368.0,13625.0,100.0,0.0,1,24137,Sync,True,False,False,False,0,H0
150.970229,timesafe_prod_announce_attack,-12448.0,-12448.0,13625.0,100.0,0.0,1,24138,Sync,True,False,False,False,0,H0
151.034337,timesafe_prod_announce_attack,58392.0,58392.0,12189.0,-1336.0,0.0,1,24139,Sync,True,False,False,False,0,H0
151.098253,timesafe_prod_announce_attack,-45356.0,-45356.0,47013.0,33488.0,0.0,1,24140,Sync,True,False,False,False,0,H0
151.162673,timesafe_prod_announce_attack,412788.0,412788.0,11393.0,-2132.0,0.0,1,24141,Sync,True,False,False,False,0,H0
151.226205,timesafe_prod_announce_attack,-221088.0,-221088.0,222285.0,208760.0,0.0,1,24142,Sync,True,False,False,False,0,H0
151.282673,timesafe_prod_announce_attack,409778.0,409778.0,13295.0,-230.0,0.0,1,24143,Sync,True,False,False,False,0,H0
151.346224,timesafe_prod_announce_attack,-11930.0,-11930.0,13295.0,-230.0,0.0,1,24144,Sync,True,False,False,False,0,H0
151.410322,timesafe_prod_announce_attack,58566.0,58566.0,11779.0,-1746.0,0.0,1,24145,Sync,True,False,False,False,0,H0
151.474198,timesafe_prod_announce_attack,-46316.0,-46316.0,48465.0,34940.0,0.0,1,24146,Sync,True,False,False,False,0,H0
151.538318,timesafe_prod_announce_attack,22104.0,22104.0,48465.0,34940.0,0.0,1,24147,Sync,True,False,False,False,0,H0
151.60266,timesafe_prod_announce_attack,418906.0,418906.0,46547.0,33022.0,0.0,1,24148,Sync,True,False,False,False,0,H0
151.658378,timesafe_prod_announce_attack,-174196.0,-174196.0,244901.0,231376.0,0.0,1,24149,Sync,True,False,False,False,0,H0
151.722671,timesafe_prod_announce_attack,361584.0,361584.0,47733.0,34208.0,0.0,1,24150,Sync,True,False,False,False,0,H0
151.786359,timesafe_prod_announce_attack,-147310.0,-147310.0,217611.0,204086.0,0.0,1,24151,Sync,True,False,False,False,0,H0
151.85032,timesafe_prod_announce_attack,-44328.0,-44328.0,46085.0,32560.0,0.0,1,24152,Sync,True,False,False,False,0,H0
151.914381,timesafe_prod_announce_attack,57666.0,57666.0,13475.0,-50.0,0.0,1,24153,Sync,True,False,False,False,0,H0
151.970217,timesafe_prod_announce_attack,-11346.0,-11346.0,13475.0,-50.0,0.0,1,24154,Sync,True,False,False,False,0,H0
152.03439,timesafe_prod_announce_attack,57468.0,57468.0,13061.0,-464.0,0.0,1,24155,Sync,True,False,False,False,0,H0
152.098252,timesafe_prod_announce_attack,-11068.0,-11068.0,13061.0,-464.0,0.0,1,24156,Sync,True,False,False,False,0,H0
152.162672,timesafe_prod_announce_attack,400786.0,400786.0,11463.0,-2062.0,0.0,1,24157,Sync,True,False,False,False,0,H0
152.226203,timesafe_prod_announce_attack,-9882.0,-9882.0,11463.0,-2062.0,0.0,1,24158,Sync,True,False,False,False,0,H0
152.282672,timesafe_prod_announce_attack,353902.0,353902.0,12207.0,-1318.0,0.0,1,24159,Sync,True,False,False,False,0,H0
152.346245,timesafe_prod_announce_attack,-192140.0,-192140.0,193437.0,179912.0,0.0,1,24160,Sync,True,False,False,False,0,H0
152.410361,timesafe_prod_announce_attack,58690.0,58690.0,11839.0,-1686.0,0.0,1,24161,Sync,True,False,False,False,0,H0
152.474254,timesafe_prod_announce_attack,-45106.0,-45106.0,46171.0,32646.0,0.0,1,24162,Sync,True,False,False,False,0,H0
152.538358,timesafe_prod_announce_attack,59642.0,59642.0,11587.0,-1938.0,0.0,1,24163,Sync,True,False,False,False,0,H0
152.602664,timesafe_prod_announce_attack,303572.0,303572.0,45377.0,31852.0,0.0,1,24164,Sync,True,False,False,False,0,H0
152.65838,timesafe_prod_announce_attack,-114412.0,-114412.0,184905.0,171380.0,0.0,1,24165,Sync,True,False,False,False,0,H0
152.722669,timesafe_prod_announce_attack,207624.0,207624.0,184905.0,171380.0,0.0,1,24166,Sync,True,False,False,False,0,H0
152.786335,timesafe_prod_announce_attack,-135972.0,-135972.0,207717.0,194192.0,0.0,1,24167,Sync,True,False,False,False,0,H0
152.850266,timesafe_prod_announce_attack,-206372.0,-206372.0,207717.0,194192.0,0.0,1,24168,Sync,True,False,False,False,0,H0
152.914303,timesafe_prod_announce_attack,58480.0,58480.0,11837.0,-1688.0,0.0,1,24169,Sync,True,False,False,False,0,H0
152.97025,timesafe_prod_announce_attack,-9724.0,-9724.0,11837.0,-1688.0,0.0,1,24170,Sync,True,False,False,False,0,H0
153.034308,timesafe_prod_announce_attack,57806.0,57806.0,13283.0,-242.0,0.0,1,24171,Sync,True,False,False,False,0,H0
153.098215,timesafe_prod_announce_attack,-11250.0,-11250.0,13283.0,-242.0,0.0,1,24172,Sync,True,False,False,False,0,H0
153.162671,timesafe_prod_announce_attack,430462.0,430462.0,12019.0,-1506.0,0.0,1,24173,Sync,True,False,False,False,0,H0
153.226255,timesafe_prod_announce_attack,-229288.0,-229288.0,231177.0,217652.0,0.0,1,24174,Sync,True,False,False,False,0,H0
153.282673,timesafe_prod_announce_attack,393220.0,393220.0,12205.0,-1320.0,0.0,1,24175,Sync,True,False,False,False,0,H0
153.346256,timesafe_prod_announce_attack,-210520.0,-210520.0,212589.0,199064.0,0.0,1,24176,Sync,True,False,False,False,0,H0
153.410332,timesafe_prod_announce_attack,57282.0,57282.0,13799.0,274.0,0.0,1,24177,Sync,True,False,False,False,0,H0
153.474212,timesafe_prod_announce_attack,-44782.0,-44782.0,46543.0,33018.0,0.0,1,24178,Sync,True,False,False,False,0,H0
153.538338,timesafe_prod_announce_attack,57304.0,57304.0,13629.0,104.0,0.0,1,24179,Sync,True,False,False,False,0,H0
153.602663,timesafe_prod_announce_attack,327010.0,327010.0,46375.0,32850.0,0.0,1,24180,Sync,True,False,False,False,0,H0
153.658335,timesafe_prod_announce_attack,-127328.0,-127328.0,198457.0,184932.0,0.0,1,24181,Sync,True,False,False,False,0,H0
153.722658,timesafe_prod_announce_attack,365746.0,365746.0,45523.0,31998.0,0.0,1,24182,Sync,True,False,False,False,0,H0
153.786321,timesafe_prod_announce_attack,25474.0,25474.0,45523.0,31998.0,0.0,1,24183,Sync,True,False,False,False,0,H0
153.850236,timesafe_prod_announce_attack,-44556.0,-44556.0,45729.0,32204.0,0.0,1,24184,Sync,True,False,False,False,0,H0
153.914318,timesafe_prod_announce_attack,24656.0,24656.0,45729.0,32204.0,0.0,1,24185,Sync,True,False,False,False,0,H0
153.97035,timesafe_prod_announce_attack,-43072.0,-43072.0,44677.0,31152.0,0.0,1,24186,Sync,True,False,False,False,0,H0
154.034318,timesafe_prod_announce_attack,25840.0,25840.0,44677.0,31152.0,0.0,1,24187,Sync,True,False,False,False,0,H0
154.098262,timesafe_prod_announce_attack,-45234.0,-45234.0,47203.0,33678.0,0.0,1,24188,Sync,True,False,False,False,0,H0
154.162671,timesafe_prod_announce_attack,332230.0,332230.0,47203.0,33678.0,0.0,1,24189,Sync,True,False,False,False,0,H0
154.226246,timesafe_prod_announce_attack,-199042.0,-199042.0,201011.0,187486.0,0.0,1,24190,Sync,True,False,False,False,0,H0
154.282672,timesafe_prod_announce_attack,406910.0,406910.0,10427.0,-3098.0,0.0,1,24191,Sync,True,False,False,False,0,H0
154.346275,timesafe_prod_announce_attack,-218478.0,-218478.0,219799.0,206274.0,0.0,1,24192,Sync,True,False,False,False,0,H0
154.410349,timesafe_prod_announce_attack,59634.0,59634.0,11439.0,-2086.0,0.0,1,24193,Sync,True,False,False,False,0,H0
154.474233,timesafe_prod_announce_attack,-9710.0,-9710.0,11439.0,-2086.0,0.0,1,24194,Sync,True,False,False,False,0,H0
154.538375,timesafe_prod_announce_attack,59696.0,59696.0,11229.0,-2296.0,0.0,1,24195,Sync,True,False,False,False,0,H0
154.602671,timesafe_prod_announce_attack,282134.0,282134.0,46347.0,32822.0,0.0,1,24196,Sync,True,False,False,False,0,H0
154.6584,timesafe_prod_announce_attack,-103402.0,-103402.0,174919.0,161394.0,0.0,1,24197,Sync,True,False,False,False,0,H0
154.722665,timesafe_prod_announce_attack,173930.0,173930.0,174919.0,161394.0,0.0,1,24198,Sync,True,False,False,False,0,H0
154.786319,timesafe_prod_announce_attack,-115338.0,-115338.0,186247.0,172722.0,0.0,1,24199,Sync,True,False,False,False,0,H0
154.850266,timesafe_prod_announce_attack,-184490.0,-184490.0,186247.0,172722.0,0.0,1,24200,Sync,True,False,False,False,0,H0
154.914355,timesafe_prod_announce_attack,59802.0,59802.0,10679.0,-2846.0,0.0,1,24201,Sync,True,False,False,False,0,H0
154.970264,timesafe_prod_announce_attack,-9462.0,-9462.0,10679.0,-2846.0,0.0,1,24202,Sync,True,False,False,False,0,H0
155.034384,timesafe_prod_announce_attack,59152.0,59152.0,11565.0,-1960.0,0.0,1,24203,Sync,True,False,False,False,0,H0
155.098315,timesafe_prod_announce_attack,-9824.0,-9824.0,11565.0,-1960.0,0.0,1,24204,Sync,True,False,False,False,0,H0
155.162671,timesafe_prod_announce_attack,325110.0,325110.0,11443.0,-2082.0,0.0,1,24205,Sync,True,False,False,False,0,H0
155.226276,timesafe_prod_announce_attack,-9962.0,-9962.0,11443.0,-2082.0,0.0,1,24206,Sync,True,False,False,False,0,H0
155.282672,timesafe_prod_announce_attack,330508.0,330508.0,11349.0,-2176.0,0.0,1,24207,Sync,True,False,False,False,0,H0
155.3463,timesafe_prod_announce_attack,-180680.0,-180680.0,181977.0,168452.0,0.0,1,24208,Sync,True,False,False,False,0,H0
155.410379,timesafe_prod_announce_attack,-111112.0,-111112.0,181977.0,168452.0,0.0,1,24209,Sync,True,False,False,False,0,H0
155.47432,timesafe_prod_announce_attack,-44654.0,-44654.0,46551.0,33026.0,0.0,1,24210,Sync,True,False,False,False,0,H0
155.538323,timesafe_prod_announce_attack,24586.0,24586.0,46551.0,33026.0,0.0,1,24211,Sync,True,False,False,False,0,H0
155.602657,timesafe_prod_announce_attack,371522.0,371522.0,46263.0,32738.0,0.0,1,24212,Sync,True,False,False,False,0,H0
155.658335,timesafe_prod_announce_attack,-148368.0,-148368.0,219197.0,205672.0,0.0,1,24213,Sync,True,False,False,False,0,H0
155.722659,timesafe_prod_announce_attack,205944.0,205944.0,219197.0,205672.0,0.0,1,24214,Sync,True,False,False,False,0,H0
155.786318,timesafe_prod_announce_attack,-153756.0,-153756.0,224513.0,210988.0,0.0,1,24215,Sync,True,False,False,False,0,H0
155.850243,timesafe_prod_announce_attack,-46068.0,-46068.0,47653.0,34128.0,0.0,1,24216,Sync,True,False,False,False,0,H0
155.914327,timesafe_prod_announce_attack,59408.0,59408.0,11565.0,-1960.0,0.0,1,24217,Sync,True,False,False,False,0,H0
155.970268,timesafe_prod_announce_attack,-9608.0,-9608.0,11565.0,-1960.0,0.0,1,24218,Sync,True,False,False,False,0,H0
156.034338,timesafe_prod_announce_attack,58960.0,58960.0,11477.0,-2048.0,0.0,1,24219,Sync,True,False,False,False,0,H0
156.098298,timesafe_prod_announce_attack,-44638.0,-44638.0,45887.0,32362.0,0.0,1,24220,Sync,True,False,False,False,0,H0
156.162673,timesafe_prod_announce_attack,347612.0,347612.0,13025.0,-500.0,0.0,1,24221,Sync,True,False,False,False,0,H0
156.226307,timesafe_prod_announce_attack,-191262.0,-191262.0,192999.0,179474.0,0.0,1,24222,Sync,True,False,False,False,0,H0
156.28267,timesafe_prod_announce_attack,209102.0,209102.0,192999.0,179474.0,0.0,1,24223,Sync,True,False,False,False,0,H0
156.346241,timesafe_prod_announce_attack,-210952.0,-210952.0,212553.0,199028.0,0.0,1,24224,Sync,True,False,False,False,0,H0
156.410368,timesafe_prod_announce_attack,-141936.0,-141936.0,212553.0,199028.0,0.0,1,24225,Sync,True,False,False,False,0,H0
156.474269,timesafe_prod_announce_attack,-45830.0,-45830.0,47431.0,33906.0,0.0,1,24226,Sync,True,False,False,False,0,H0
156.538461,timesafe_prod_announce_attack,58830.0,58830.0,11903.0,-1622.0,0.0,1,24227,Sync,True,False,False,False,0,H0
156.602672,timesafe_prod_announce_attack,325470.0,325470.0,46663.0,33138.0,0.0,1,24228,Sync,True,False,False,False,0,H0
156.65837,timesafe_prod_announce_attack,-127592.0,-127592.0,198761.0,185236.0,0.0,1,24229,Sync,True,False,False,False,0,H0
156.722672,timesafe_prod_announce_attack,186912.0,186912.0,198761.0,185236.0,0.0,1,24230,Sync,True,False,False,False,0,H0
156.786431,timesafe_prod_announce_attack,-132892.0,-132892.0,203621.0,190096.0,0.0,1,24231,Sync,True,False,False,False,0,H0
156.850314,timesafe_prod_announce_attack,-201476.0,-201476.0,203621.0,190096.0,0.0,1,24232,Sync,True,False,False,False,0,H0
156.914455,timesafe_prod_announce_attack,58632.0,58632.0,11757.0,-1768.0,0.0,1,24233,Sync,True,False,False,False,0,H0
156.970306,timesafe_prod_announce_attack,-9924.0,-9924.0,11757.0,-1768.0,0.0,1,24234,Sync,True,False,False,False,0,H0
157.034342,timesafe_prod_announce_attack,59546.0,59546.0,11555.0,-1970.0,0.0,1,24235,Sync,True,False,False,False,0,H0
157.098281,timesafe_prod_announce_attack,-46908.0,-46908.0,48309.0,34784.0,0.0,1,24236,Sync,True,False,False,False,0,H0
157.16267,timesafe_prod_announce_attack,363848.0,363848.0,13481.0,-44.0,0.0,1,24237,Sync,True,False,False,False,0,H0
157.226248,timesafe_prod_announce_attack,-11764.0,-11764.0,13481.0,-44.0,0.0,1,24238,Sync,True,False,False,False,0,H0
157.290336,timesafe_prod_announce_attack,58828.0,58828.0,11401.0,-2124.0,0.0,1,24239,Sync,True,False,False,False,0,H0
157.34625,timesafe_prod_announce_attack,-44182.0,-44182.0,46135.0,32610.0,0.0,1,24240,Sync,True,False,False,False,0,H0
157.410378,timesafe_prod_announce_attack,24306.0,24306.0,46135.0,32610.0,0.0,1,24241,Sync,True,False,False,False,0,H0
157.474255,timesafe_prod_announce_attack,-45362.0,-45362.0,46707.0,33182.0,0.0,1,24242,Sync,True,False,False,False,0,H0
157.538335,timesafe_prod_announce_attack,60546.0,60546.0,12055.0,-1470.0,0.0,1,24243,Sync,True,False,False,False,0,H0
157.60266,timesafe_prod_announce_attack,395502.0,395502.0,12055.0,-1470.0,0.0,1,24244,Sync,True,False,False,False,0,H0
157.65834,timesafe_prod_announce_attack,-146510.0,-146510.0,216839.0,203314.0,0.0,1,24245,Sync,True,False,False,False,0,H0
157.722671,timesafe_prod_announce_attack,170866.0,170866.0,216839.0,203314.0,0.0,1,24246,Sync,True,False,False,False,0,H0
157.786369,timesafe_prod_announce_attack,-134754.0,-134754.0,205391.0,191866.0,0.0,1,24247,Sync,True,False,False,False,0,H0
157.850292,timesafe_prod_announce_attack,-43684.0,-43684.0,45057.0,31532.0,0.0,1,24248,Sync,True,False,False,False,0,H0
157.91437,timesafe_prod_announce_attack,60100.0,60100.0,10789.0,-2736.0,0.0,1,24249,Sync,True,False,False,False,0,H0
157.970296,timesafe_prod_announce_attack,-45088.0,-45088.0,46937.0,33412.0,0.0,1,24250,Sync,True,False,False,False,0,H0
158.034381,timesafe_prod_announce_attack,60284.0,60284.0,10753.0,-2772.0,0.0,1,24251,Sync,True,False,False,False,0,H0
158.098316,timesafe_prod_announce_attack,-45302.0,-45302.0,47003.0,33478.0,0.0,1,24252,Sync,True,False,False,False,0,H0
158.162673,timesafe_prod_announce_attack,345676.0,345676.0,12317.0,-1208.0,0.0,1,24253,Sync,True,False,False,False,0,H0
158.226512,timesafe_prod_announce_attack,-189810.0,-189810.0,191131.0,177606.0,0.0,1,24254,Sync,True,False,False,False,0,H0
158.28267,timesafe_prod_announce_attack,300456.0,300456.0,10601.0,-2924.0,0.0,1,24255,Sync,True,False,False,False,0,H0
158.346324,timesafe_prod_announce_attack,-164976.0,-164976.0,166233.0,152708.0,0.0,1,24256,Sync,True,False,False,False,0,H0
158.410439,timesafe_prod_announce_attack,58742.0,58742.0,12315.0,-1210.0,0.0,1,24257,Sync,True,False,False,False,0,H0
158.4743,timesafe_prod_announce_attack,-10550.0,-10550.0,12315.0,-1210.0,0.0,1,24258,Sync,True,False,False,False,0,H0
158.538351,timesafe_prod_announce_attack,58634.0,58634.0,11903.0,-1622.0,0.0,1,24259,Sync,True,False,False,False,0,H0
158.602671,timesafe_prod_announce_attack,325130.0,325130.0,45707.0,32182.0,0.0,1,24260,Sync,True,False,False,False,0,H0
158.658448,timesafe_prod_announce_attack,24686.0,24686.0,45707.0,32182.0,0.0,1,24261,Sync,True,False,False,False,0,H0
158.722671,timesafe_prod_announce_attack,329630.0,329630.0,45995.0,32470.0,0.0,1,24262,Sync,True,False,False,False,0,H0
158.786376,timesafe_prod_announce_attack,-127288.0,-127288.0,197633.0,184108.0,0.0,1,24263,Sync,True,False,False,False,0,H0
158.850299,timesafe_prod_announce_attack,-195512.0,-195512.0,197633.0,184108.0,0.0,1,24264,Sync,True,False,False,False,0,H0
158.914384,timesafe_prod_announce_attack,59242.0,59242.0,11139.0,-2386.0,0.0,1,24265,Sync,True,False,False,False,0,H0
158.970331,timesafe_prod_announce_attack,-9838.0,-9838.0,11139.0,-2386.0,0.0,1,24266,Sync,True,False,False,False,0,H0
159.034374,timesafe_prod_announce_attack,59116.0,59116.0,12241.0,-1284.0,0.0,1,24267,Sync,True,False,False,False,0,H0
159.098299,timesafe_prod_announce_attack,-44810.0,-44810.0,46035.0,32510.0,0.0,1,24268,Sync,True,False,False,False,0,H0
159.162668,timesafe_prod_announce_attack,291090.0,291090.0,46035.0,32510.0,0.0,1,24269,Sync,True,False,False,False,0,H0
159.226331,timesafe_prod_announce_attack,-177610.0,-177610.0,181103.0,167578.0,0.0,1,24270,Sync,True,False,False,False,0,H0
159.282671,timesafe_prod_announce_attack,146618.0,146618.0,181103.0,167578.0,0.0,1,24271,Sync,True,False,False,False,0,H0
159.346326,timesafe_prod_announce_attack,-173368.0,-173368.0,175457.0,161932.0,0.0,1,24272,Sync,True,False,False,False,0,H0
159.410413,timesafe_prod_announce_attack,-105024.0,-105024.0,175457.0,161932.0,0.0,1,24273,Sync,True,False,False,False,0,H0
159.474334,timesafe_prod_announce_attack,-45192.0,-45192.0,48245.0,34720.0,0.0,1,24274,Sync,True,False,False,False,0,H0
159.538411,timesafe_prod_announce_attack,22324.0,22324.0,48245.0,34720.0,0.0,1,24275,Sync,True,False,False,False,0,H0
159.60267,timesafe_prod_announce_attack,260986.0,260986.0,46239.0,32714.0,0.0,1,24276,Sync,True,False,False,False,0,H0
159.65848,timesafe_prod_announce_attack,-94342.0,-94342.0,165047.0,151522.0,0.0,1,24277,Sync,True,False,False,False,0,H0
159.722664,timesafe_prod_announce_attack,142398.0,142398.0,165047.0,151522.0,0.0,1,24278,Sync,True,False,False,False,0,H0
159.786404,timesafe_prod_announce_attack,-95452.0,-95452.0,166317.0,152792.0,0.0,1,24279,Sync,True,False,False,False,0,H0
159.850279,timesafe_prod_announce_attack,-44054.0,-44054.0,45527.0,32002.0,0.0,1,24280,Sync,True,False,False,False,0,H0
159.914371,timesafe_prod_announce_attack,60680.0,60680.0,10381.0,-3144.0,0.0,1,24281,Sync,True,False,False,False,0,H0
159.970292,timesafe_prod_announce_attack,-43368.0,-43368.0,45497.0,31972.0,0.0,1,24282,Sync,True,False,False,False,0,H0
160.034368,timesafe_prod_announce_attack,25224.0,25224.0,45497.0,31972.0,0.0,1,24283,Sync,True,False,False,False,0,H0
160.098361,timesafe_prod_announce_attack,-44746.0,-44746.0,46583.0,33058.0,0.0,1,24284,Sync,True,False,False,False,0,H0
160.16267,timesafe_prod_announce_attack,289618.0,289618.0,13659.0,134.0,0.0,1,24285,Sync,True,False,False,False,0,H0
160.226292,timesafe_prod_announce_attack,-11674.0,-11674.0,13659.0,134.0,0.0,1,24286,Sync,True,False,False,False,0,H0
160.282671,timesafe_prod_announce_attack,273992.0,273992.0,13633.0,108.0,0.0,1,24287,Sync,True,False,False,False,0,H0
160.346367,timesafe_prod_announce_attack,-11516.0,-11516.0,13633.0,108.0,0.0,1,24288,Sync,True,False,False,False,0,H0
160.410432,timesafe_prod_announce_attack,56854.0,56854.0,13519.0,-6.0,0.0,1,24289,Sync,True,False,False,False,0,H0
160.47435,timesafe_prod_announce_attack,-46760.0,-46760.0,47749.0,34224.0,0.0,1,24290,Sync,True,False,False,False,0,H0
160.538382,timesafe_prod_announce_attack,58364.0,58364.0,12561.0,-964.0,0.0,1,24291,Sync,True,False,False,False,0,H0
160.602668,timesafe_prod_announce_attack,312916.0,312916.0,48025.0,34500.0,0.0,1,24292,Sync,True,False,False,False,0,H0
160.658429,timesafe_prod_announce_attack,-121026.0,-121026.0,191811.0,178286.0,0.0,1,24293,Sync,True,False,False,False,0,H0
160.722663,timesafe_prod_announce_attack,162066.0,162066.0,191811.0,178286.0,0.0,1,24294,Sync,True,False,False,False,0,H0
160.786437,timesafe_prod_announce_attack,-119130.0,-119130.0,189731.0,176206.0,0.0,1,24295,Sync,True,False,False,False,0,H0
160.850291,timesafe_prod_announce_attack,-188226.0,-188226.0,189731.0,176206.0,0.0,1,24296,Sync,True,False,False,False,0,H0
160.914433,timesafe_prod_announce_attack,57626.0,57626.0,12763.0,-762.0,0.0,1,24297,Sync,True,False,False,False,0,H0
160.970294,timesafe_prod_announce_attack,-44850.0,-44850.0,46487.0,32962.0,0.0,1,24298,Sync,True,False,False,False,0,H0
161.034399,timesafe_prod_announce_attack,59366.0,59366.0,11027.0,-2498.0,0.0,1,24299,Sync,True,False,False,False,0,H0
161.098314,timesafe_prod_announce_attack,-46220.0,-46220.0,48021.0,34496.0,0.0,1,24300,Sync,True,False,False,False,0,H0
161.162663,timesafe_prod_announce_attack,317386.0,317386.0,10403.0,-3122.0,0.0,1,24301,Sync,True,False,False,False,0,H0
161.226306,timesafe_prod_announce_attack,-174790.0,-174790.0,176527.0,163002.0,0.0,1,24302,Sync,True,False,False,False,0,H0
161.282683,timesafe_prod_announce_attack,133958.0,133958.0,176527.0,163002.0,0.0,1,24303,Sync,True,False,False,False,0,H0
161.346313,timesafe_prod_announce_attack,-164622.0,-164622.0,165851.0,152326.0,0.0,1,24304,Sync,True,False,False,False,0,H0
161.410463,timesafe_prod_announce_attack,60128.0,60128.0,10517.0,-3008.0,0.0,1,24305,Sync,True,False,False,False,0,H0
161.474345,timesafe_prod_announce_attack,-44724.0,-44724.0,45977.0,32452.0,0.0,1,24306,Sync,True,False,False,False,0,H0
161.538465,timesafe_prod_announce_attack,59418.0,59418.0,11215.0,-2310.0,0.0,1,24307,Sync,True,False,False,False,0,H0
161.602673,timesafe_prod_announce_attack,280360.0,280360.0,47645.0,34120.0,0.0,1,24308,Sync,True,False,False,False,0,H0
161.658467,timesafe_prod_announce_attack,23284.0,23284.0,47645.0,34120.0,0.0,1,24309,Sync,True,False,False,False,0,H0
161.722673,timesafe_prod_announce_attack,311544.0,311544.0,48165.0,34640.0,0.0,1,24310,Sync,True,False,False,False,0,H0
161.786432,timesafe_prod_announce_attack,-121318.0,-121318.0,192043.0,178518.0,0.0,1,24311,Sync,True,False,False,False,0,H0
161.850292,timesafe_prod_announce_attack,-189986.0,-189986.0,192043.0,178518.0,0.0,1,24312,Sync,True,False,False,False,0,H0
161.914379,timesafe_prod_announce_attack,58296.0,58296.0,12145.0,-1380.0,0.0,1,24313,Sync,True,False,False,False,0,H0
161.970326,timesafe_prod_announce_attack,-45898.0,-45898.0,47563.0,34038.0,0.0,1,24314,Sync,True,False,False,False,0,H0
162.034404,timesafe_prod_announce_attack,58136.0,58136.0,12893.0,-632.0,0.0,1,24315,Sync,True,False,False,False,0,H0
162.098296,timesafe_prod_announce_attack,-11396.0,-11396.0,12893.0,-632.0,0.0,1,24316,Sync,True,False,False,False,0,H0
162.162669,timesafe_prod_announce_attack,346622.0,346622.0,13611.0,86.0,0.0,1,24317,Sync,True,False,False,False,0,H0
162.226298,timesafe_prod_announce_attack,-188334.0,-188334.0,189707.0,176182.0,0.0,1,24318,Sync,True,False,False,False,0,H0
162.282671,timesafe_prod_announce_attack,345840.0,345840.0,13009.0,-516.0,0.0,1,24319,Sync,True,False,False,False,0,H0
162.34629,timesafe_prod_announce_attack,-10624.0,-10624.0,13009.0,-516.0,0.0,1,24320,Sync,True,False,False,False,0,H0
162.41043,timesafe_prod_announce_attack,57564.0,57564.0,13193.0,-332.0,0.0,1,24321,Sync,True,False,False,False,0,H0
162.474358,timesafe_prod_announce_attack,-47102.0,-47102.0,48311.0,34786.0,0.0,1,24322,Sync,True,False,False,False,0,H0
162.538509,timesafe_prod_announce_attack,22586.0,22586.0,48311.0,34786.0,0.0,1,24323,Sync,True,False,False,False,0,H0
162.602668,timesafe_prod_announce_attack,235194.0,235194.0,48643.0,35118.0,0.0,1,24324,Sync,True,False,False,False,0,H0
162.658409,timesafe_prod_announce_attack,-83040.0,-83040.0,154117.0,140592.0,0.0,1,24325,Sync,True,False,False,False,0,H0
162.722671,timesafe_prod_announce_attack,188736.0,188736.0,154117.0,140592.0,0.0,1,24326,Sync,True,False,False,False,0,H0
162.786519,timesafe_prod_announce_attack,-112764.0,-112764.0,183633.0,170108.0,0.0,1,24327,Sync,True,False,False,False,0,H0
162.850331,timesafe_prod_announce_attack,-182432.0,-182432.0,183633.0,170108.0,0.0,1,24328,Sync,True,False,False,False,0,H0
162.914476,timesafe_prod_announce_attack,57428.0,57428.0,13009.0,-516.0,0.0,1,24329,Sync,True,False,False,False,0,H0
162.970336,timesafe_prod_announce_attack,-11228.0,-11228.0,13009.0,-516.0,0.0,1,24330,Sync,True,False,False,False,0,H0
163.034418,timesafe_prod_announce_attack,58064.0,58064.0,13009.0,-516.0,0.0,1,24331,Sync,True,False,False,False,0,H0
163.098301,timesafe_prod_announce_attack,-46608.0,-46608.0,48461.0,34936.0,0.0,1,24332,Sync,True,False,False,False,0,H0
163.162673,timesafe_prod_announce_attack,343164.0,343164.0,11361.0,-2164.0,0.0,1,24333,Sync,True,False,False,False,0,H0
163.226372,timesafe_prod_announce_attack,-185506.0,-185506.0,187671.0,174146.0,0.0,1,24334,Sync,True,False,False,False,0,H0
163.282668,timesafe_prod_announce_attack,91514.0,91514.0,187671.0,174146.0,0.0,1,24335,Sync,True,False,False,False,0,H0
163.346339,timesafe_prod_announce_attack,-149114.0,-149114.0,150911.0,137386.0,0.0,1,24336,Sync,True,False,False,False,0,H0
163.410411,timesafe_prod_announce_attack,57852.0,57852.0,12621.0,-904.0,0.0,1,24337,Sync,True,False,False,False,0,H0
163.47433,timesafe_prod_announce_attack,-10768.0,-10768.0,12621.0,-904.0,0.0,1,24338,Sync,True,False,False,False,0,H0
163.53842,timesafe_prod_announce_attack,58638.0,58638.0,12623.0,-902.0,0.0,1,24339,Sync,True,False,False,False,0,H0
163.602672,timesafe_prod_announce_attack,239992.0,239992.0,45857.0,32332.0,0.0,1,24340,Sync,True,False,False,False,0,H0
163.65845,timesafe_prod_announce_attack,-83428.0,-83428.0,153853.0,140328.0,0.0,1,24341,Sync,True,False,False,False,0,H0
163.722671,timesafe_prod_announce_attack,315092.0,315092.0,47061.0,33536.0,0.0,1,24342,Sync,True,False,False,False,0,H0
163.786426,timesafe_prod_announce_attack,-122950.0,-122950.0,193615.0,180090.0,0.0,1,24343,Sync,True,False,False,False,0,H0
163.850339,timesafe_prod_announce_attack,-191218.0,-191218.0,193615.0,180090.0,0.0,1,24344,Sync,True,False,False,False,0,H0
163.914985,timesafe_prod_announce_attack,-9934.0,-9934.0,11035.0,-2490.0,0.0,1,24345,Sync,True,False,False,False,0,H0
163.970337,timesafe_prod_announce_attack,-9898.0,-9898.0,11035.0,-2490.0,0.0,1,24346,Sync,True,False,False,False,0,H0
164.034429,timesafe_prod_announce_attack,60226.0,60226.0,9955.0,-3570.0,0.0,1,24347,Sync,True,False,False,False,0,H0
164.098344,timesafe_prod_announce_attack,-8110.0,-8110.0,9955.0,-3570.0,0.0,1,24348,Sync,True,False,False,False,0,H0
164.16267,timesafe_prod_announce_attack,325304.0,325304.0,13889.0,364.0,0.0,1,24349,Sync,True,False,False,False,0,H0
164.226322,timesafe_prod_announce_attack,-180862.0,-180862.0,182455.0,168930.0,0.0,1,24350,Sync,True,False,False,False,0,H0
164.282676,timesafe_prod_announce_attack,215718.0,215718.0,11723.0,-1802.0,0.0,1,24351,Sync,True,False,False,False,0,H0
164.346371,timesafe_prod_announce_attack,-9878.0,-9878.0,11723.0,-1802.0,0.0,1,24352,Sync,True,False,False,False,0,H0
164.410428,timesafe_prod_announce_attack,58710.0,58710.0,12479.0,-1046.0,0.0,1,24353,Sync,True,False,False,False,0,H0
164.474337,timesafe_prod_announce_attack,-11126.0,-11126.0,12479.0,-1046.0,0.0,1,24354,Sync,True,False,False,False,0,H0
164.538398,timesafe_prod_announce_attack,58574.0,58574.0,11723.0,-1802.0,0.0,1,24355,Sync,True,False,False,False,0,H0
164.602669,timesafe_prod_announce_attack,301058.0,301058.0,47355.0,33830.0,0.0,1,24356,Sync,True,False,False,False,0,H0
164.658446,timesafe_prod_announce_attack,23450.0,23450.0,47355.0,33830.0,0.0,1,24357,Sync,True,False,False,False,0,H0
164.722674,timesafe_prod_announce_attack,223230.0,223230.0,45835.0,32310.0,0.0,1,24358,Sync,True,False,False,False,0,H0
164.787226,timesafe_prod_announce_attack,-74448.0,-74448.0,144701.0,131176.0,0.0,1,24359,Sync,True,False,False,False,0,H0
164.850351,timesafe_prod_announce_attack,-143356.0,-143356.0,144701.0,131176.0,0.0,1,24360,Sync,True,False,False,False,0,H0
164.914438,timesafe_prod_announce_attack,57714.0,57714.0,12991.0,-534.0,0.0,1,24361,Sync,True,False,False,False,0,H0
164.970384,timesafe_prod_announce_attack,-11502.0,-11502.0,12991.0,-534.0,0.0,1,24362,Sync,True,False,False,False,0,H0
165.034441,timesafe_prod_announce_attack,60128.0,60128.0,11009.0,-2516.0,0.0,1,24363,Sync,True,False,False,False,0,H0
165.098354,timesafe_prod_announce_attack,-9600.0,-9600.0,11009.0,-2516.0,0.0,1,24364,Sync,True,False,False,False,0,H0
165.162685,timesafe_prod_announce_attack,304166.0,304166.0,13579.0,54.0,0.0,1,24365,Sync,True,False,False,False,0,H0
165.226324,timesafe_prod_announce_attack,-169282.0,-169282.0,170503.0,156978.0,0.0,1,24366,Sync,True,False,False,False,0,H0
165.282684,timesafe_prod_announce_attack,140294.0,140294.0,170503.0,156978.0,0.0,1,24367,Sync,True,False,False,False,0,H0
165.346347,timesafe_prod_announce_attack,-165052.0,-165052.0,166589.0,153064.0,0.0,1,24368,Sync,True,False,False,False,0,H0
165.410497,timesafe_prod_announce_attack,58326.0,58326.0,12731.0,-794.0,0.0,1,24369,Sync,True,False,False,False,0,H0
165.474354,timesafe_prod_announce_attack,-43428.0,-43428.0,45261.0,31736.0,0.0,1,24370,Sync,True,False,False,False,0,H0
165.538415,timesafe_prod_announce_attack,57544.0,57544.0,12677.0,-848.0,0.0,1,24371,Sync,True,False,False,False,0,H0
165.602663,timesafe_prod_announce_attack,255200.0,255200.0,12677.0,-848.0,0.0,1,24372,Sync,True,False,False,False,0,H0
165.658446,timesafe_prod_announce_attack,-72938.0,-72938.0,143959.0,130434.0,0.0,1,24373,Sync,True,False,False,False,0,H0
165.722663,timesafe_prod_announce_attack,261150.0,261150.0,45843.0,32318.0,0.0,1,24374,Sync,True,False,False,False,0,H0
165.786472,timesafe_prod_announce_attack,-94560.0,-94560.0,164809.0,151284.0,0.0,1,24375,Sync,True,False,False,False,0,H0
165.850355,timesafe_prod_announce_attack,-45880.0,-45880.0,47149.0,33624.0,0.0,1,24376,Sync,True,False,False,False,0,H0
165.914424,timesafe_prod_announce_attack,23628.0,23628.0,47149.0,33624.0,0.0,1,24377,Sync,True,False,False,False,0,H0
165.970361,timesafe_prod_announce_attack,-43580.0,-43580.0,45681.0,32156.0,0.0,1,24378,Sync,True,False,False,False,0,H0
166.034462,timesafe_prod_announce_attack,58502.0,58502.0,11907.0,-1618.0,0.0,1,24379,Sync,True,False,False,False,0,H0
166.098375,timesafe_prod_announce_attack,-44916.0,-44916.0,46017.0,32492.0,0.0,1,24380,Sync,True,False,False,False,0,H0
166.162684,timesafe_prod_announce_attack,202692.0,202692.0,46017.0,32492.0,0.0,1,24381,Sync,True,False,False,False,0,H0
166.226433,timesafe_prod_announce_attack,-132848.0,-132848.0,134573.0,121048.0,0.0,1,24382,Sync,True,False,False,False,0,H0
166.282685,timesafe_prod_announce_attack,89496.0,89496.0,134573.0,121048.0,0.0,1,24383,Sync,True,False,False,False,0,H0
166.34642,timesafe_prod_announce_attack,-118870.0,-118870.0,121979.0,108454.0,0.0,1,24384,Sync,True,False,False,False,0,H0
166.410513,timesafe_prod_announce_attack,58560.0,58560.0,11761.0,-1764.0,0.0,1,24385,Sync,True,False,False,False,0,H0
166.474364,timesafe_prod_announce_attack,-9868.0,-9868.0,11761.0,-1764.0,0.0,1,24386,Sync,True,False,False,False,0,H0
166.538452,timesafe_prod_announce_attack,58490.0,58490.0,11947.0,-1578.0,0.0,1,24387,Sync,True,False,False,False,0,H0
166.602671,timesafe_prod_announce_attack,283232.0,283232.0,46285.0,32760.0,0.0,1,24388,Sync,True,False,False,False,0,H0
166.658485,timesafe_prod_announce_attack,24188.0,24188.0,46285.0,32760.0,0.0,1,24389,Sync,True,False,False,False,0,H0
166.722672,timesafe_prod_announce_attack,232244.0,232244.0,46013.0,32488.0,0.0,1,24390,Sync,True,False,False,False,0,H0
166.786481,timesafe_prod_announce_attack,24508.0,24508.0,46013.0,32488.0,0.0,1,24391,Sync,True,False,False,False,0,H0
166.850389,timesafe_prod_announce_attack,-45440.0,-45440.0,46897.0,33372.0,0.0,1,24392,Sync,True,False,False,False,0,H0
166.914439,timesafe_prod_announce_attack,24180.0,24180.0,46897.0,33372.0,0.0,1,24393,Sync,True,False,False,False,0,H0
166.970377,timesafe_prod_announce_attack,-44058.0,-44058.0,45839.0,32314.0,0.0,1,24394,Sync,True,False,False,False,0,H0
167.034421,timesafe_prod_announce_attack,57176.0,57176.0,13525.0,0.0,0.0,1,24395,Sync,True,False,False,False,0,H0
167.098335,timesafe_prod_announce_attack,-44996.0,-44996.0,46253.0,32728.0,0.0,1,24396,Sync,True,False,False,False,0,H0
167.162682,timesafe_prod_announce_attack,250540.0,250540.0,46253.0,32728.0,0.0,1,24397,Sync,True,False,False,False,0,H0
167.226386,timesafe_prod_announce_attack,-157898.0,-157898.0,159147.0,145622.0,0.0,1,24398,Sync,True,False,False,False,0,H0
167.282682,timesafe_prod_announce_attack,254142.0,254142.0,12079.0,-1446.0,0.0,1,24399,Sync,True,False,False,False,0,H0
167.346418,timesafe_prod_announce_attack,-140952.0,-140952.0,143781.0,130256.0,0.0,1,24400,Sync,True,False,False,False,0,H0
167.410485,timesafe_prod_announce_attack,56604.0,56604.0,14509.0,984.0,0.0,1,24401,Sync,True,False,False,False,0,H0
167.474396,timesafe_prod_announce_attack,-45098.0,-45098.0,46227.0,32702.0,0.0,1,24402,Sync,True,False,False,False,0,H0
167.538444,timesafe_prod_announce_attack,58750.0,58750.0,12351.0,-1174.0,0.0,1,24403,Sync,True,False,False,False,0,H0
167.602672,timesafe_prod_announce_attack,252006.0,252006.0,12351.0,-1174.0,0.0,1,24404,Sync,True,False,False,False,0,H0
167.658503,timesafe_prod_announce_attack,-71096.0,-71096.0,141813.0,128288.0,0.0,1,24405,Sync,True,False,False,False,0,H0
167.722668,timesafe_prod_announce_attack,233512.0,233512.0,45589.0,32064.0,0.0,1,24406,Sync,True,False,False,False,0,H0
167.786484,timesafe_prod_announce_attack,24816.0,24816.0,45589.0,32064.0,0.0,1,24407,Sync,True,False,False,False,0,H0
167.850353,timesafe_prod_announce_attack,-43558.0,-43558.0,45199.0,31674.0,0.0,1,24408,Sync,True,False,False,False,0,H0
167.914551,timesafe_prod_announce_attack,58886.0,58886.0,12047.0,-1478.0,0.0,1,24409,Sync,True,False,False,False,0,H0
167.970381,timesafe_prod_announce_attack,-45914.0,-45914.0,47819.0,34294.0,0.0,1,24410,Sync,True,False,False,False,0,H0
168.034501,timesafe_prod_announce_attack,60232.0,60232.0,10441.0,-3084.0,0.0,1,24411,Sync,True,False,False,False,0,H0
168.098356,timesafe_prod_announce_attack,-44362.0,-44362.0,46363.0,32838.0,0.0,1,24412,Sync,True,False,False,False,0,H0
168.162668,timesafe_prod_announce_attack,260738.0,260738.0,46363.0,32838.0,0.0,1,24413,Sync,True,False,False,False,0,H0
168.226341,timesafe_prod_announce_attack,-163886.0,-163886.0,166003.0,152478.0,0.0,1,24414,Sync,True,False,False,False,0,H0
168.29045,timesafe_prod_announce_attack,-95474.0,-95474.0,166003.0,152478.0,0.0,1,24415,Sync,True,False,False,False,0,H0
168.346383,timesafe_prod_announce_attack,-44776.0,-44776.0,47265.0,33740.0,0.0,1,24416,Sync,True,False,False,False,0,H0
168.410439,timesafe_prod_announce_attack,59398.0,59398.0,11787.0,-1738.0,0.0,1,24417,Sync,True,False,False,False,0,H0
168.474347,timesafe_prod_announce_attack,-10786.0,-10786.0,11787.0,-1738.0,0.0,1,24418,Sync,True,False,False,False,0,H0
168.538433,timesafe_prod_announce_attack,57930.0,57930.0,12963.0,-562.0,0.0,1,24419,Sync,True,False,False,False,0,H0
168.60267,timesafe_prod_announce_attack,272334.0,272334.0,45211.0,31686.0,0.0,1,24420,Sync,True,False,False,False,0,H0
168.658446,timesafe_prod_announce_attack,-99396.0,-99396.0,169893.0,156368.0,0.0,1,24421,Sync,True,False,False,False,0,H0
168.722672,timesafe_prod_announce_attack,156792.0,156792.0,169893.0,156368.0,0.0,1,24422,Sync,True,False,False,False,0,H0
168.786439,timesafe_prod_announce_attack,-104392.0,-104392.0,174889.0,161364.0,0.0,1,24423,Sync,True,False,False,False,0,H0
168.850356,timesafe_prod_announce_attack,-43818.0,-43818.0,46531.0,33006.0,0.0,1,24424,Sync,True,False,False,False,0,H0
168.914438,timesafe_prod_announce_attack,58250.0,58250.0,12127.0,-1398.0,0.0,1,24425,Sync,True,False,False,False,0,H0
168.97039,timesafe_prod_announce_attack,-10798.0,-10798.0,12127.0,-1398.0,0.0,1,24426,Sync,True,False,False,False,0,H0
169.034449,timesafe_prod_announce_attack,56990.0,56990.0,13555.0,30.0,0.0,1,24427,Sync,True,False,False,False,0,H0
169.09839,timesafe_prod_announce_attack,-11958.0,-11958.0,13555.0,30.0,0.0,1,24428,Sync,True,False,False,False,0,H0
169.162681,timesafe_prod_announce_attack,261106.0,261106.0,12271.0,-1254.0,0.0,1,24429,Sync,True,False,False,False,0,H0
169.226371,timesafe_prod_announce_attack,-145412.0,-145412.0,147257.0,133732.0,0.0,1,24430,Sync,True,False,False,False,0,H0
169.282682,timesafe_prod_announce_attack,264660.0,264660.0,13249.0,-276.0,0.0,1,24431,Sync,True,False,False,False,0,H0
169.34636,timesafe_prod_announce_attack,-149824.0,-149824.0,151061.0,137536.0,0.0,1,24432,Sync,True,False,False,False,0,H0
169.41048,timesafe_prod_announce_attack,-80108.0,-80108.0,151061.0,137536.0,0.0,1,24433,Sync,True,False,False,False,0,H0
169.474437,timesafe_prod_announce_attack,-46082.0,-46082.0,47891.0,34366.0,0.0,1,24434,Sync,True,False,False,False,0,H0
169.538472,timesafe_prod_announce_attack,58096.0,58096.0,12469.0,-1056.0,0.0,1,24435,Sync,True,False,False,False,0,H0
169.602681,timesafe_prod_announce_attack,228334.0,228334.0,46583.0,33058.0,0.0,1,24436,Sync,True,False,False,False,0,H0
169.658483,timesafe_prod_announce_attack,-77188.0,-77188.0,147821.0,134296.0,0.0,1,24437,Sync,True,False,False,False,0,H0
169.722677,timesafe_prod_announce_attack,117608.0,117608.0,147821.0,134296.0,0.0,1,24438,Sync,True,False,False,False,0,H0
169.786513,timesafe_prod_announce_attack,-72964.0,-72964.0,144133.0,130608.0,0.0,1,24439,Sync,True,False,False,False,0,H0
169.850394,timesafe_prod_announce_attack,-44928.0,-44928.0,47261.0,33736.0,0.0,1,24440,Sync,True,False,False,False,0,H0
169.914509,timesafe_prod_announce_attack,57632.0,57632.0,12801.0,-724.0,0.0,1,24441,Sync,True,False,False,False,0,H0
169.970391,timesafe_prod_announce_attack,-45880.0,-45880.0,48037.0,34512.0,0.0,1,24442,Sync,True,False,False,False,0,H0
170.034559,timesafe_prod_announce_attack,57554.0,57554.0,13699.0,174.0,0.0,1,24443,Sync,True,False,False,False,0,H0
170.098363,timesafe_prod_announce_attack,-45332.0,-45332.0,47001.0,33476.0,0.0,1,24444,Sync,True,False,False,False,0,H0
170.162681,timesafe_prod_announce_attack,272930.0,272930.0,13247.0,-278.0,0.0,1,24445,Sync,True,False,False,False,0,H0
170.226404,timesafe_prod_announce_attack,-10990.0,-10990.0,13247.0,-278.0,0.0,1,24446,Sync,True,False,False,False,0,H0
170.28268,timesafe_prod_announce_attack,221908.0,221908.0,13269.0,-256.0,0.0,1,24447,Sync,True,False,False,False,0,H0
170.346395,timesafe_prod_announce_attack,-127592.0,-127592.0,129977.0,116452.0,0.0,1,24448,Sync,True,False,False,False,0,H0
170.410488,timesafe_prod_announce_attack,59190.0,59190.0,11827.0,-1698.0,0.0,1,24449,Sync,True,False,False,False,0,H0
170.474442,timesafe_prod_announce_attack,-45694.0,-45694.0,46995.0,33470.0,0.0,1,24450,Sync,True,False,False,False,0,H0
170.538476,timesafe_prod_announce_attack,23722.0,23722.0,46995.0,33470.0,0.0,1,24451,Sync,True,False,False,False,0,H0
170.60267,timesafe_prod_announce_attack,227670.0,227670.0,47827.0,34302.0,0.0,1,24452,Sync,True,False,False,False,0,H0
170.658459,timesafe_prod_announce_attack,23202.0,23202.0,47827.0,34302.0,0.0,1,24453,Sync,True,False,False,False,0,H0
170.722671,timesafe_prod_announce_attack,225060.0,225060.0,47613.0,34088.0,0.0,1,24454,Sync,True,False,False,False,0,H0
170.786482,timesafe_prod_announce_attack,-76772.0,-76772.0,147097.0,133572.0,0.0,1,24455,Sync,True,False,False,False,0,H0
170.850454,timesafe_prod_announce_attack,-144444.0,-144444.0,147097.0,133572.0,0.0,1,24456,Sync,True,False,False,False,0,H0
170.915634,timesafe_prod_announce_attack,56974.0,56974.0,14223.0,698.0,0.0,1,24457,Sync,True,False,False,False,0,H0
170.970374,timesafe_prod_announce_attack,-44780.0,-44780.0,46749.0,33224.0,0.0,1,24458,Sync,True,False,False,False,0,H0
171.034512,timesafe_prod_announce_attack,23976.0,23976.0,46749.0,33224.0,0.0,1,24459,Sync,True,False,False,False,0,H0
171.098398,timesafe_prod_announce_attack,-44208.0,-44208.0,46537.0,33012.0,0.0,1,24460,Sync,True,False,False,False,0,H0
171.16268,timesafe_prod_announce_attack,217024.0,217024.0,46537.0,33012.0,0.0,1,24461,Sync,True,False,False,False,0,H0
171.226381,timesafe_prod_announce_attack,-142310.0,-142310.0,144375.0,130850.0,0.0,1,24462,Sync,True,False,False,False,0,H0
171.282681,timesafe_prod_announce_attack,273212.0,273212.0,11177.0,-2348.0,0.0,1,24463,Sync,True,False,False,False,0,H0
171.346399,timesafe_prod_announce_attack,-9712.0,-9712.0,11177.0,-2348.0,0.0,1,24464,Sync,True,False,False,False,0,H0
171.410462,timesafe_prod_announce_attack,57134.0,57134.0,13707.0,182.0,0.0,1,24465,Sync,True,False,False,False,0,H0
171.474377,timesafe_prod_announce_attack,-44526.0,-44526.0,46299.0,32774.0,0.0,1,24466,Sync,True,False,False,False,0,H0
171.538473,timesafe_prod_announce_attack,24006.0,24006.0,46299.0,32774.0,0.0,1,24467,Sync,True,False,False,False,0,H0
171.60267,timesafe_prod_announce_attack,245830.0,245830.0,47055.0,33530.0,0.0,1,24468,Sync,True,False,False,False,0,H0
171.658484,timesafe_prod_announce_attack,-86488.0,-86488.0,157557.0,144032.0,0.0,1,24469,Sync,True,False,False,False,0,H0
171.722679,timesafe_prod_announce_attack,80416.0,80416.0,157557.0,144032.0,0.0,1,24470,Sync,True,False,False,False,0,H0
171.786507,timesafe_prod_announce_attack,-59390.0,-59390.0,130063.0,116538.0,0.0,1,24471,Sync,True,False,False,False,0,H0
171.850412,timesafe_prod_announce_attack,-45018.0,-45018.0,47311.0,33786.0,0.0,1,24472,Sync,True,False,False,False,0,H0
171.914496,timesafe_prod_announce_attack,58340.0,58340.0,12757.0,-768.0,0.0,1,24473,Sync,True,False,False,False,0,H0
171.970418,timesafe_prod_announce_attack,-43406.0,-43406.0,45247.0,31722.0,0.0,1,24474,Sync,True,False,False,False,0,H0
172.034571,timesafe_prod_announce_attack,56818.0,56818.0,13343.0,-182.0,0.0,1,24475,Sync,True,False,False,False,0,H0
172.098388,timesafe_prod_announce_attack,-11942.0,-11942.0,13343.0,-182.0,0.0,1,24476,Sync,True,False,False,False,0,H0
172.162682,timesafe_prod_announce_attack,271600.0,271600.0,13613.0,88.0,0.0,1,24477,Sync,True,False,False,False,0,H0
172.226471,timesafe_prod_announce_attack,-151656.0,-151656.0,153409.0,139884.0,0.0,1,24478,Sync,True,False,False,False,0,H0
172.282679,timesafe_prod_announce_attack,200628.0,200628.0,10921.0,-2604.0,0.0,1,24479,Sync,True,False,False,False,0,H0
172.346484,timesafe_prod_announce_attack,-9212.0,-9212.0,10921.0,-2604.0,0.0,1,24480,Sync,True,False,False,False,0,H0
172.410541,timesafe_prod_announce_attack,57016.0,57016.0,13569.0,44.0,0.0,1,24481,Sync,True,False,False,False,0,H0
172.474382,timesafe_prod_announce_attack,-46316.0,-46316.0,47801.0,34276.0,0.0,1,24482,Sync,True,False,False,False,0,H0
172.538471,timesafe_prod_announce_attack,58952.0,58952.0,11741.0,-1784.0,0.0,1,24483,Sync,True,False,False,False,0,H0
172.60267,timesafe_prod_announce_attack,248436.0,248436.0,46033.0,32508.0,0.0,1,24484,Sync,True,False,False,False,0,H0
172.658485,timesafe_prod_announce_attack,-88214.0,-88214.0,159119.0,145594.0,0.0,1,24485,Sync,True,False,False,False,0,H0
172.722682,timesafe_prod_announce_attack,77882.0,77882.0,159119.0,145594.0,0.0,1,24486,Sync,True,False,False,False,0,H0
172.786547,timesafe_prod_announce_attack,-60646.0,-60646.0,131263.0,117738.0,0.0,1,24487,Sync,True,False,False,False,0,H0
172.850421,timesafe_prod_announce_attack,-127834.0,-127834.0,131263.0,117738.0,0.0,1,24488,Sync,True,False,False,False,0,H0
172.914498,timesafe_prod_announce_attack,55710.0,55710.0,14575.0,1050.0,0.0,1,24489,Sync,True,False,False,False,0,H0
172.970523,timesafe_prod_announce_attack,-12574.0,-12574.0,14575.0,1050.0,0.0,1,24490,Sync,True,False,False,False,0,H0
173.034528,timesafe_prod_announce_attack,-8958.0,-8958.0,11019.0,-2506.0,0.0,1,24491,Sync,True,False,False,False,0,H0
173.098469,timesafe_prod_announce_attack,-9822.0,-9822.0,11019.0,-2506.0,0.0,1,24492,Sync,True,False,False,False,0,H0
173.162677,timesafe_prod_announce_attack,232260.0,232260.0,10153.0,-3372.0,0.0,1,24493,Sync,True,False,False,False,0,H0
173.226389,timesafe_prod_announce_attack,-129642.0,-129642.0,131335.0,117810.0,0.0,1,24494,Sync,True,False,False,False,0,H0
173.28268,timesafe_prod_announce_attack,257582.0,257582.0,11315.0,-2210.0,0.0,1,24495,Sync,True,False,False,False,0,H0
173.346454,timesafe_prod_announce_attack,-8038.0,-8038.0,11315.0,-2210.0,0.0,1,24496,Sync,True,False,False,False,0,H0
173.410512,timesafe_prod_announce_attack,58510.0,58510.0,12147.0,-1378.0,0.0,1,24497,Sync,True,False,False,False,0,H0
173.474449,timesafe_prod_announce_attack,-10670.0,-10670.0,12147.0,-1378.0,0.0,1,24498,Sync,True,False,False,False,0,H0
173.538486,timesafe_prod_announce_attack,58168.0,58168.0,12633.0,-892.0,0.0,1,24499,Sync,True,False,False,False,0,H0
173.602678,timesafe_prod_announce_attack,173366.0,173366.0,45795.0,32270.0,0.0,1,24500,Sync,True,False,False,False,0,H0
173.658506,timesafe_prod_announce_attack,-50070.0,-50070.0,121155.0,107630.0,0.0,1,24501,Sync,True,False,False,False,0,H0
173.722682,timesafe_prod_announce_attack,132438.0,132438.0,121155.0,107630.0,0.0,1,24502,Sync,True,False,False,False,0,H0
173.786544,timesafe_prod_announce_attack,-66156.0,-66156.0,137097.0,123572.0,0.0,1,24503,Sync,True,False,False,False,0,H0
173.8504,timesafe_prod_announce_attack,-43224.0,-43224.0,45969.0,32444.0,0.0,1,24504,Sync,True,False,False,False,0,H0
173.914479,timesafe_prod_announce_attack,56500.0,56500.0,14021.0,496.0,0.0,1,24505,Sync,True,False,False,False,0,H0
173.970399,timesafe_prod_announce_attack,-11348.0,-11348.0,14021.0,496.0,0.0,1,24506,Sync,True,False,False,False,0,H0
174.034485,timesafe_prod_announce_attack,57700.0,57700.0,13357.0,-168.0,0.0,1,24507,Sync,True,False,False,False,0,H0
174.098424,timesafe_prod_announce_attack,-11772.0,-11772.0,13357.0,-168.0,0.0,1,24508,Sync,True,False,False,False,0,H0
174.162682,timesafe_prod_announce_attack,209966.0,209966.0,10807.0,-2718.0,0.0,1,24509,Sync,True,False,False,False,0,H0
174.226413,timesafe_prod_announce_attack,-118364.0,-118364.0,119817.0,106292.0,0.0,1,24510,Sync,True,False,False,False,0,H0
174.282682,timesafe_prod_announce_attack,215574.0,215574.0,11667.0,-1858.0,0.0,1,24511,Sync,True,False,False,False,0,H0
174.346412,timesafe_prod_announce_attack,-123252.0,-123252.0,125769.0,112244.0,0.0,1,24512,Sync,True,False,False,False,0,H0
174.410516,timesafe_prod_announce_attack,57622.0,57622.0,13587.0,62.0,0.0,1,24513,Sync,True,False,False,False,0,H0
174.474459,timesafe_prod_announce_attack,-11966.0,-11966.0,13587.0,62.0,0.0,1,24514,Sync,True,False,False,False,0,H0
174.538499,timesafe_prod_announce_attack,58214.0,58214.0,12583.0,-942.0,0.0,1,24515,Sync,True,False,False,False,0,H0
174.602679,timesafe_prod_announce_attack,175576.0,175576.0,47909.0,34384.0,0.0,1,24516,Sync,True,False,False,False,0,H0
174.658518,timesafe_prod_announce_attack,22508.0,22508.0,47909.0,34384.0,0.0,1,24517,Sync,True,False,False,False,0,H0
174.722681,timesafe_prod_announce_attack,208024.0,208024.0,46925.0,33400.0,0.0,1,24518,Sync,True,False,False,False,0,H0
174.786551,timesafe_prod_announce_attack,23512.0,23512.0,46925.0,33400.0,0.0,1,24519,Sync,True,False,False,False,0,H0
174.850465,timesafe_prod_announce_attack,-42854.0,-42854.0,45387.0,31862.0,0.0,1,24520,Sync,True,False,False,False,0,H0
174.914516,timesafe_prod_announce_attack,58578.0,58578.0,11927.0,-1598.0,0.0,1,24521,Sync,True,False,False,False,0,H0
174.970499,timesafe_prod_announce_attack,-44762.0,-44762.0,45779.0,32254.0,0.0,1,24522,Sync,True,False,False,False,0,H0
175.034553,timesafe_prod_announce_attack,58126.0,58126.0,12479.0,-1046.0,0.0,1,24523,Sync,True,False,False,False,0,H0
175.098464,timesafe_prod_announce_attack,-46300.0,-46300.0,48161.0,34636.0,0.0,1,24524,Sync,True,False,False,False,0,H0
175.162678,timesafe_prod_announce_attack,177848.0,177848.0,48161.0,34636.0,0.0,1,24525,Sync,True,False,False,False,0,H0
175.226446,timesafe_prod_announce_attack,-121816.0,-121816.0,123621.0,110096.0,0.0,1,24526,Sync,True,False,False,False,0,H0
175.282679,timesafe_prod_announce_attack,212278.0,212278.0,11483.0,-2042.0,0.0,1,24527,Sync,True,False,False,False,0,H0
175.346468,timesafe_prod_announce_attack,-8946.0,-8946.0,11483.0,-2042.0,0.0,1,24528,Sync,True,False,False,False,0,H0
175.410553,timesafe_prod_announce_attack,56428.0,56428.0,14209.0,684.0,0.0,1,24529,Sync,True,False,False,False,0,H0
175.474419,timesafe_prod_announce_attack,-43734.0,-43734.0,45183.0,31658.0,0.0,1,24530,Sync,True,False,False,False,0,H0
175.5385,timesafe_prod_announce_attack,58208.0,58208.0,12333.0,-1192.0,0.0,1,24531,Sync,True,False,False,False,0,H0
175.602681,timesafe_prod_announce_attack,191214.0,191214.0,45103.0,31578.0,0.0,1,24532,Sync,True,False,False,False,0,H0
175.658523,timesafe_prod_announce_attack,25454.0,25454.0,45103.0,31578.0,0.0,1,24533,Sync,True,False,False,False,0,H0
175.722683,timesafe_prod_announce_attack,194804.0,194804.0,46165.0,32640.0,0.0,1,24534,Sync,True,False,False,False,0,H0
175.786564,timesafe_prod_announce_attack,-63028.0,-63028.0,133317.0,119792.0,0.0,1,24535,Sync,True,False,False,False,0,H0
175.850477,timesafe_prod_announce_attack,-45182.0,-45182.0,47059.0,33534.0,0.0,1,24536,Sync,True,False,False,False,0,H0
175.91456,timesafe_prod_announce_attack,23654.0,23654.0,47059.0,33534.0,0.0,1,24537,Sync,True,False,False,False,0,H0
175.970528,timesafe_prod_announce_attack,-46104.0,-46104.0,47709.0,34184.0,0.0,1,24538,Sync,True,False,False,False,0,H0
176.034571,timesafe_prod_announce_attack,58004.0,58004.0,13113.0,-412.0,0.0,1,24539,Sync,True,False,False,False,0,H0
176.098479,timesafe_prod_announce_attack,-11832.0,-11832.0,13113.0,-412.0,0.0,1,24540,Sync,True,False,False,False,0,H0
176.162681,timesafe_prod_announce_attack,176508.0,176508.0,13473.0,-52.0,0.0,1,24541,Sync,True,False,False,False,0,H0
176.226512,timesafe_prod_announce_attack,-104842.0,-104842.0,107219.0,93694.0,0.0,1,24542,Sync,True,False,False,False,0,H0
176.282684,timesafe_prod_announce_attack,202640.0,202640.0,12057.0,-1468.0,0.0,1,24543,Sync,True,False,False,False,0,H0
176.346456,timesafe_prod_announce_attack,-115114.0,-115114.0,116771.0,103246.0,0.0,1,24544,Sync,True,False,False,False,0,H0
176.410566,timesafe_prod_announce_attack,-46170.0,-46170.0,116771.0,103246.0,0.0,1,24545,Sync,True,False,False,False,0,H0
176.474479,timesafe_prod_announce_attack,-46478.0,-46478.0,47671.0,34146.0,0.0,1,24546,Sync,True,False,False,False,0,H0
176.538572,timesafe_prod_announce_attack,59596.0,59596.0,11373.0,-2152.0,0.0,1,24547,Sync,True,False,False,False,0,H0
176.602682,timesafe_prod_announce_attack,114644.0,114644.0,45745.0,32220.0,0.0,1,24548,Sync,True,False,False,False,0,H0
176.658625,timesafe_prod_announce_attack,-21270.0,-21270.0,91571.0,78046.0,0.0,1,24549,Sync,True,False,False,False,0,H0
176.722674,timesafe_prod_announce_attack,148912.0,148912.0,46041.0,32516.0,0.0,1,24550,Sync,True,False,False,False,0,H0
176.786577,timesafe_prod_announce_attack,-39340.0,-39340.0,109549.0,96024.0,0.0,1,24551,Sync,True,False,False,False,0,H0
176.850508,timesafe_prod_announce_attack,-107408.0,-107408.0,109549.0,96024.0,0.0,1,24552,Sync,True,False,False,False,0,H0
176.914591,timesafe_prod_announce_attack,58230.0,58230.0,12447.0,-1078.0,0.0,1,24553,Sync,True,False,False,False,0,H0
176.970555,timesafe_prod_announce_attack,-10642.0,-10642.0,12447.0,-1078.0,0.0,1,24554,Sync,True,False,False,False,0,H0
177.03457,timesafe_prod_announce_attack,57832.0,57832.0,12565.0,-960.0,0.0,1,24555,Sync,True,False,False,False,0,H0
177.098525,timesafe_prod_announce_attack,-10572.0,-10572.0,12565.0,-960.0,0.0,1,24556,Sync,True,False,False,False,0,H0
177.162699,timesafe_prod_announce_attack,220142.0,220142.0,13703.0,178.0,0.0,1,24557,Sync,True,False,False,False,0,H0
177.226466,timesafe_prod_announce_attack,-128000.0,-128000.0,129681.0,116156.0,0.0,1,24558,Sync,True,False,False,False,0,H0
177.282699,timesafe_prod_announce_attack,162630.0,162630.0,12451.0,-1074.0,0.0,1,24559,Sync,True,False,False,False,0,H0
177.346487,timesafe_prod_announce_attack,-11058.0,-11058.0,12451.0,-1074.0,0.0,1,24560,Sync,True,False,False,False,0,H0
177.410631,timesafe_prod_announce_attack,59458.0,59458.0,10823.0,-2702.0,0.0,1,24561,Sync,True,False,False,False,0,H0
177.474513,timesafe_prod_announce_attack,-9206.0,-9206.0,10823.0,-2702.0,0.0,1,24562,Sync,True,False,False,False,0,H0
177.538602,timesafe_prod_announce_attack,57726.0,57726.0,13663.0,138.0,0.0,1,24563,Sync,True,False,False,False,0,H0
177.602684,timesafe_prod_announce_attack,158454.0,158454.0,46739.0,33214.0,0.0,1,24564,Sync,True,False,False,False,0,H0
177.658614,timesafe_prod_announce_attack,-42612.0,-42612.0,113373.0,99848.0,0.0,1,24565,Sync,True,False,False,False,0,H0
177.722677,timesafe_prod_announce_attack,191344.0,191344.0,47345.0,33820.0,0.0,1,24566,Sync,True,False,False,False,0,H0
177.786573,timesafe_prod_announce_attack,-59448.0,-59448.0,130085.0,116560.0,0.0,1,24567,Sync,True,False,False,False,0,H0
177.850489,timesafe_prod_announce_attack,-45140.0,-45140.0,47097.0,33572.0,0.0,1,24568,Sync,True,False,False,False,0,H0
177.914545,timesafe_prod_announce_attack,57992.0,57992.0,12601.0,-924.0,0.0,1,24569,Sync,True,False,False,False,0,H0
177.970484,timesafe_prod_announce_attack,-45348.0,-45348.0,46825.0,33300.0,0.0,1,24570,Sync,True,False,False,False,0,H0
178.034553,timesafe_prod_announce_attack,58360.0,58360.0,12521.0,-1004.0,0.0,1,24571,Sync,True,False,False,False,0,H0
178.098431,timesafe_prod_announce_attack,-44040.0,-44040.0,45569.0,32044.0,0.0,1,24572,Sync,True,False,False,False,0,H0
178.162675,timesafe_prod_announce_attack,185960.0,185960.0,13793.0,268.0,0.0,1,24573,Sync,True,False,False,False,0,H0
178.226462,timesafe_prod_announce_attack,-11988.0,-11988.0,13793.0,268.0,0.0,1,24574,Sync,True,False,False,False,0,H0
178.282686,timesafe_prod_announce_attack,130264.0,130264.0,11109.0,-2416.0,0.0,1,24575,Sync,True,False,False,False,0,H0
178.34649,timesafe_prod_announce_attack,-79828.0,-79828.0,81569.0,68044.0,0.0,1,24576,Sync,True,False,False,False,0,H0
178.410554,timesafe_prod_announce_attack,58606.0,58606.0,12583.0,-942.0,0.0,1,24577,Sync,True,False,False,False,0,H0
178.474468,timesafe_prod_announce_attack,-45000.0,-45000.0,46493.0,32968.0,0.0,1,24578,Sync,True,False,False,False,0,H0
178.53853,timesafe_prod_announce_attack,59904.0,59904.0,11125.0,-2400.0,0.0,1,24579,Sync,True,False,False,False,0,H0
178.602684,timesafe_prod_announce_attack,174350.0,174350.0,45207.0,31682.0,0.0,1,24580,Sync,True,False,False,False,0,H0
178.658583,timesafe_prod_announce_attack,-50512.0,-50512.0,121033.0,107508.0,0.0,1,24581,Sync,True,False,False,False,0,H0
178.722682,timesafe_prod_announce_attack,167370.0,167370.0,45219.0,31694.0,0.0,1,24582,Sync,True,False,False,False,0,H0
178.786558,timesafe_prod_announce_attack,-46408.0,-46408.0,117593.0,104068.0,0.0,1,24583,Sync,True,False,False,False,0,H0
178.850464,timesafe_prod_announce_attack,-45932.0,-45932.0,47533.0,34008.0,0.0,1,24584,Sync,True,False,False,False,0,H0
178.907807,timesafe_prod_announce_attack,59274.0,59274.0,11755.0,-1770.0,0.0,1,24585,Sync,True,False,False,False,0,H0
178.970553,timesafe_prod_announce_attack,-9862.0,-9862.0,11755.0,-1770.0,0.0,1,24586,Sync,True,False,False,False,0,H0
179.034563,timesafe_prod_announce_attack,58670.0,58670.0,12211.0,-1314.0,0.0,1,24587,Sync,True,False,False,False,0,H0
179.0985,timesafe_prod_announce_attack,-46162.0,-46162.0,47771.0,34246.0,0.0,1,24588,Sync,True,False,False,False,0,H0
179.162682,timesafe_prod_announce_attack,150182.0,150182.0,11879.0,-1646.0,0.0,1,24589,Sync,True,False,False,False,0,H0
179.226455,timesafe_prod_announce_attack,-90042.0,-90042.0,91551.0,78026.0,0.0,1,24590,Sync,True,False,False,False,0,H0
179.282682,timesafe_prod_announce_attack,133526.0,133526.0,91551.0,78026.0,0.0,1,24591,Sync,True,False,False,False,0,H0
179.346497,timesafe_prod_announce_attack,-122154.0,-122154.0,123323.0,109798.0,0.0,1,24592,Sync,True,False,False,False,0,H0
179.410533,timesafe_prod_announce_attack,58888.0,58888.0,12217.0,-1308.0,0.0,1,24593,Sync,True,False,False,False,0,H0
179.474485,timesafe_prod_announce_attack,-44570.0,-44570.0,46647.0,33122.0,0.0,1,24594,Sync,True,False,False,False,0,H0
179.538607,timesafe_prod_announce_attack,56880.0,56880.0,13621.0,96.0,0.0,1,24595,Sync,True,False,False,False,0,H0
179.602684,timesafe_prod_announce_attack,148320.0,148320.0,13621.0,96.0,0.0,1,24596,Sync,True,False,False,False,0,H0
179.658617,timesafe_prod_announce_attack,-20454.0,-20454.0,90751.0,77226.0,0.0,1,24597,Sync,True,False,False,False,0,H0
179.722685,timesafe_prod_announce_attack,111928.0,111928.0,48549.0,35024.0,0.0,1,24598,Sync,True,False,False,False,0,H0
179.78659,timesafe_prod_announce_attack,-21982.0,-21982.0,92315.0,78790.0,0.0,1,24599,Sync,True,False,False,False,0,H0
179.850488,timesafe_prod_announce_attack,-45972.0,-45972.0,47129.0,33604.0,0.0,1,24600,Sync,True,False,False,False,0,H0
179.914553,timesafe_prod_announce_attack,57512.0,57512.0,13005.0,-520.0,0.0,1,24601,Sync,True,False,False,False,0,H0
179.970572,timesafe_prod_announce_attack,-45934.0,-45934.0,47823.0,34298.0,0.0,1,24602,Sync,True,False,False,False,0,H0
180.034558,timesafe_prod_announce_attack,57114.0,57114.0,13231.0,-294.0,0.0,1,24603,Sync,True,False,False,False,0,H0
180.098508,timesafe_prod_announce_attack,-46140.0,-46140.0,48049.0,34524.0,0.0,1,24604,Sync,True,False,False,False,0,H0
180.162693,timesafe_prod_announce_attack,120288.0,120288.0,11585.0,-1940.0,0.0,1,24605,Sync,True,False,False,False,0,H0
180.2265,timesafe_prod_announce_attack,-10044.0,-10044.0,11585.0,-1940.0,0.0,1,24606,Sync,True,False,False,False,0,H0
180.282682,timesafe_prod_announce_attack,199458.0,199458.0,13615.0,90.0,0.0,1,24607,Sync,True,False,False,False,0,H0
180.346524,timesafe_prod_announce_attack,-117396.0,-117396.0,119089.0,105564.0,0.0,1,24608,Sync,True,False,False,False,0,H0
180.410606,timesafe_prod_announce_attack,-48080.0,-48080.0,119089.0,105564.0,0.0,1,24609,Sync,True,False,False,False,0,H0
180.474488,timesafe_prod_announce_attack,-45072.0,-45072.0,46725.0,33200.0,0.0,1,24610,Sync,True,False,False,False,0,H0
180.538546,timesafe_prod_announce_attack,58906.0,58906.0,11415.0,-2110.0,0.0,1,24611,Sync,True,False,False,False,0,H0
180.602682,timesafe_prod_announce_attack,123078.0,123078.0,47851.0,34326.0,0.0,1,24612,Sync,True,False,False,False,0,H0
180.658594,timesafe_prod_announce_attack,22486.0,22486.0,47851.0,34326.0,0.0,1,24613,Sync,True,False,False,False,0,H0
180.722685,timesafe_prod_announce_attack,148808.0,148808.0,45321.0,31796.0,0.0,1,24614,Sync,True,False,False,False,0,H0
180.786574,timesafe_prod_announce_attack,-38262.0,-38262.0,109859.0,96334.0,0.0,1,24615,Sync,True,False,False,False,0,H0
180.850536,timesafe_prod_announce_attack,-46230.0,-46230.0,48199.0,34674.0,0.0,1,24616,Sync,True,False,False,False,0,H0
180.914576,timesafe_prod_announce_attack,60400.0,60400.0,10629.0,-2896.0,0.0,1,24617,Sync,True,False,False,False,0,H0
180.970497,timesafe_prod_announce_attack,-46574.0,-46574.0,48279.0,34754.0,0.0,1,24618,Sync,True,False,False,False,0,H0
181.034573,timesafe_prod_announce_attack,60116.0,60116.0,10893.0,-2632.0,0.0,1,24619,Sync,True,False,False,False,0,H0
181.098502,timesafe_prod_announce_attack,-9648.0,-9648.0,10893.0,-2632.0,0.0,1,24620,Sync,True,False,False,False,0,H0
181.162683,timesafe_prod_announce_attack,200986.0,200986.0,11007.0,-2518.0,0.0,1,24621,Sync,True,False,False,False,0,H0
181.226513,timesafe_prod_announce_attack,-117532.0,-117532.0,118697.0,105172.0,0.0,1,24622,Sync,True,False,False,False,0,H0
181.2827,timesafe_prod_announce_attack,32148.0,32148.0,118697.0,105172.0,0.0,1,24623,Sync,True,False,False,False,0,H0
181.346496,timesafe_prod_announce_attack,-84760.0,-84760.0,86581.0,73056.0,0.0,1,24624,Sync,True,False,False,False,0,H0
181.410618,timesafe_prod_announce_attack,-15604.0,-15604.0,86581.0,73056.0,0.0,1,24625,Sync,True,False,False,False,0,H0
181.474496,timesafe_prod_announce_attack,-44194.0,-44194.0,46003.0,32478.0,0.0,1,24626,Sync,True,False,False,False,0,H0
181.538585,timesafe_prod_announce_attack,57844.0,57844.0,12577.0,-948.0,0.0,1,24627,Sync,True,False,False,False,0,H0
181.60268,timesafe_prod_announce_attack,169798.0,169798.0,47479.0,33954.0,0.0,1,24628,Sync,True,False,False,False,0,H0
181.658545,timesafe_prod_announce_attack,23346.0,23346.0,47479.0,33954.0,0.0,1,24629,Sync,True,False,False,False,0,H0
181.722683,timesafe_prod_announce_attack,141058.0,141058.0,45827.0,32302.0,0.0,1,24630,Sync,True,False,False,False,0,H0
181.786615,timesafe_prod_announce_attack,24998.0,24998.0,45827.0,32302.0,0.0,1,24631,Sync,True,False,False,False,0,H0
181.8505,timesafe_prod_announce_attack,-46096.0,-46096.0,48285.0,34760.0,0.0,1,24632,Sync,True,False,False,False,0,H0
181.914585,timesafe_prod_announce_attack,58486.0,58486.0,11915.0,-1610.0,0.0,1,24633,Sync,True,False,False,False,0,H0
181.970506,timesafe_prod_announce_attack,-10790.0,-10790.0,11915.0,-1610.0,0.0,1,24634,Sync,True,False,False,False,0,H0
182.034565,timesafe_prod_announce_attack,59930.0,59930.0,10623.0,-2902.0,0.0,1,24635,Sync,True,False,False,False,0,H0
182.098506,timesafe_prod_announce_attack,-45026.0,-45026.0,46475.0,32950.0,0.0,1,24636,Sync,True,False,False,False,0,H0
182.162686,timesafe_prod_announce_attack,121622.0,121622.0,46475.0,32950.0,0.0,1,24637,Sync,True,False,False,False,0,H0
182.226552,timesafe_prod_announce_attack,-94306.0,-94306.0,96099.0,82574.0,0.0,1,24638,Sync,True,False,False,False,0,H0
182.282702,timesafe_prod_announce_attack,97036.0,97036.0,13249.0,-276.0,0.0,1,24639,Sync,True,False,False,False,0,H0
182.346481,timesafe_prod_announce_attack,-11860.0,-11860.0,13249.0,-276.0,0.0,1,24640,Sync,True,False,False,False,0,H0
182.410583,timesafe_prod_announce_attack,60388.0,60388.0,10957.0,-2568.0,0.0,1,24641,Sync,True,False,False,False,0,H0
182.474525,timesafe_prod_announce_attack,-45784.0,-45784.0,47225.0,33700.0,0.0,1,24642,Sync,True,False,False,False,0,H0
182.538623,timesafe_prod_announce_attack,58094.0,58094.0,12323.0,-1202.0,0.0,1,24643,Sync,True,False,False,False,0,H0
182.602683,timesafe_prod_announce_attack,130112.0,130112.0,47597.0,34072.0,0.0,1,24644,Sync,True,False,False,False,0,H0
182.658591,timesafe_prod_announce_attack,-31092.0,-31092.0,101841.0,88316.0,0.0,1,24645,Sync,True,False,False,False,0,H0
182.722686,timesafe_prod_announce_attack,118514.0,118514.0,45547.0,32022.0,0.0,1,24646,Sync,True,False,False,False,0,H0
182.786588,timesafe_prod_announce_attack,-22232.0,-22232.0,93485.0,79960.0,0.0,1,24647,Sync,True,False,False,False,0,H0
182.850502,timesafe_prod_announce_attack,-91944.0,-91944.0,93485.0,79960.0,0.0,1,24648,Sync,True,False,False,False,0,H0
182.914623,timesafe_prod_announce_attack,59604.0,59604.0,11161.0,-2364.0,0.0,1,24649,Sync,True,False,False,False,0,H0
182.970535,timesafe_prod_announce_attack,-9272.0,-9272.0,11161.0,-2364.0,0.0,1,24650,Sync,True,False,False,False,0,H0
183.034621,timesafe_prod_announce_attack,59160.0,59160.0,11477.0,-2048.0,0.0,1,24651,Sync,True,False,False,False,0,H0
183.09855,timesafe_prod_announce_attack,-46570.0,-46570.0,47851.0,34326.0,0.0,1,24652,Sync,True,False,False,False,0,H0
183.16268,timesafe_prod_announce_attack,146394.0,146394.0,11659.0,-1866.0,0.0,1,24653,Sync,True,False,False,False,0,H0
183.226515,timesafe_prod_announce_attack,-89560.0,-89560.0,90745.0,77220.0,0.0,1,24654,Sync,True,False,False,False,0,H0
183.282692,timesafe_prod_announce_attack,48276.0,48276.0,90745.0,77220.0,0.0,1,24655,Sync,True,False,False,False,0,H0
183.346512,timesafe_prod_announce_attack,-80552.0,-80552.0,81629.0,68104.0,0.0,1,24656,Sync,True,False,False,False,0,H0
183.410642,timesafe_prod_announce_attack,57590.0,57590.0,13111.0,-414.0,0.0,1,24657,Sync,True,False,False,False,0,H0
183.474546,timesafe_prod_announce_attack,-45382.0,-45382.0,46679.0,33154.0,0.0,1,24658,Sync,True,False,False,False,0,H0
183.538595,timesafe_prod_announce_attack,58692.0,58692.0,12341.0,-1184.0,0.0,1,24659,Sync,True,False,False,False,0,H0
183.602682,timesafe_prod_announce_attack,165184.0,165184.0,12341.0,-1184.0,0.0,1,24660,Sync,True,False,False,False,0,H0
183.658628,timesafe_prod_announce_attack,-29872.0,-29872.0,101757.0,88232.0,0.0,1,24661,Sync,True,False,False,False,0,H0
183.722682,timesafe_prod_announce_attack,75428.0,75428.0,101757.0,88232.0,0.0,1,24662,Sync,True,False,False,False,0,H0
183.786624,timesafe_prod_announce_attack,-29674.0,-29674.0,100399.0,86874.0,0.0,1,24663,Sync,True,False,False,False,0,H0
183.850483,timesafe_prod_announce_attack,-44876.0,-44876.0,46129.0,32604.0,0.0,1,24664,Sync,True,False,False,False,0,H0
183.914635,timesafe_prod_announce_attack,58522.0,58522.0,12787.0,-738.0,0.0,1,24665,Sync,True,False,False,False,0,H0
183.970619,timesafe_prod_announce_attack,-45058.0,-45058.0,46403.0,32878.0,0.0,1,24666,Sync,True,False,False,False,0,H0
184.03464,timesafe_prod_announce_attack,24118.0,24118.0,46403.0,32878.0,0.0,1,24667,Sync,True,False,False,False,0,H0
184.098567,timesafe_prod_announce_attack,-45828.0,-45828.0,48049.0,34524.0,0.0,1,24668,Sync,True,False,False,False,0,H0
184.162707,timesafe_prod_announce_attack,100594.0,100594.0,12551.0,-974.0,0.0,1,24669,Sync,True,False,False,False,0,H0
184.226542,timesafe_prod_announce_attack,-65840.0,-65840.0,67321.0,53796.0,0.0,1,24670,Sync,True,False,False,False,0,H0
184.282704,timesafe_prod_announce_attack,94906.0,94906.0,13663.0,138.0,0.0,1,24671,Sync,True,False,False,False,0,H0
184.34652,timesafe_prod_announce_attack,-9442.0,-9442.0,13663.0,138.0,0.0,1,24672,Sync,True,False,False,False,0,H0
184.410665,timesafe_prod_announce_attack,56646.0,56646.0,14311.0,786.0,0.0,1,24673,Sync,True,False,False,False,0,H0
184.474574,timesafe_prod_announce_attack,-44112.0,-44112.0,45885.0,32360.0,0.0,1,24674,Sync,True,False,False,False,0,H0
184.538588,timesafe_prod_announce_attack,59366.0,59366.0,11923.0,-1602.0,0.0,1,24675,Sync,True,False,False,False,0,H0
184.602692,timesafe_prod_announce_attack,70398.0,70398.0,46243.0,32718.0,0.0,1,24676,Sync,True,False,False,False,0,H0
184.658619,timesafe_prod_announce_attack,938.0,938.0,69363.0,55838.0,0.0,1,24677,Sync,True,False,False,False,0,H0
184.722684,timesafe_prod_announce_attack,119776.0,119776.0,46485.0,32960.0,0.0,1,24678,Sync,True,False,False,False,0,H0
184.786585,timesafe_prod_announce_attack,24592.0,24592.0,46485.0,32960.0,0.0,1,24679,Sync,True,False,False,False,0,H0
184.850489,timesafe_prod_announce_attack,-45572.0,-45572.0,47373.0,33848.0,0.0,1,24680,Sync,True,False,False,False,0,H0
184.914575,timesafe_prod_announce_attack,23460.0,23460.0,47373.0,33848.0,0.0,1,24681,Sync,True,False,False,False,0,H0
184.970529,timesafe_prod_announce_attack,-42796.0,-42796.0,45089.0,31564.0,0.0,1,24682,Sync,True,False,False,False,0,H0
185.034609,timesafe_prod_announce_attack,25744.0,25744.0,45089.0,31564.0,0.0,1,24683,Sync,True,False,False,False,0,H0
185.098522,timesafe_prod_announce_attack,-44280.0,-44280.0,45925.0,32400.0,0.0,1,24684,Sync,True,False,False,False,0,H0
185.16269,timesafe_prod_announce_attack,105252.0,105252.0,45925.0,32400.0,0.0,1,24685,Sync,True,False,False,False,0,H0
185.226536,timesafe_prod_announce_attack,-84052.0,-84052.0,85653.0,72128.0,0.0,1,24686,Sync,True,False,False,False,0,H0
185.282697,timesafe_prod_announce_attack,99272.0,99272.0,85653.0,72128.0,0.0,1,24687,Sync,True,False,False,False,0,H0
185.346526,timesafe_prod_announce_attack,-100262.0,-100262.0,102411.0,88886.0,0.0,1,24688,Sync,True,False,False,False,0,H0
185.410614,timesafe_prod_announce_attack,58470.0,58470.0,11755.0,-1770.0,0.0,1,24689,Sync,True,False,False,False,0,H0
185.474529,timesafe_prod_announce_attack,-44382.0,-44382.0,46223.0,32698.0,0.0,1,24690,Sync,True,False,False,False,0,H0
185.538586,timesafe_prod_announce_attack,56982.0,56982.0,13915.0,390.0,0.0,1,24691,Sync,True,False,False,False,0,H0
185.602682,timesafe_prod_announce_attack,103918.0,103918.0,46951.0,33426.0,0.0,1,24692,Sync,True,False,False,False,0,H0
185.658612,timesafe_prod_announce_attack,23238.0,23238.0,46951.0,33426.0,0.0,1,24693,Sync,True,False,False,False,0,H0
185.722679,timesafe_prod_announce_attack,138580.0,138580.0,46709.0,33184.0,0.0,1,24694,Sync,True,False,False,False,0,H0
185.786579,timesafe_prod_announce_attack,-35312.0,-35312.0,105809.0,92284.0,0.0,1,24695,Sync,True,False,False,False,0,H0
185.850558,timesafe_prod_announce_attack,-104612.0,-104612.0,105809.0,92284.0,0.0,1,24696,Sync,True,False,False,False,0,H0
185.914679,timesafe_prod_announce_attack,59810.0,59810.0,10995.0,-2530.0,0.0,1,24697,Sync,True,False,False,False,0,H0
185.970574,timesafe_prod_announce_attack,-8518.0,-8518.0,10995.0,-2530.0,0.0,1,24698,Sync,True,False,False,False,0,H0
186.034651,timesafe_prod_announce_attack,57124.0,57124.0,14033.0,508.0,0.0,1,24699,Sync,True,False,False,False,0,H0
186.098513,timesafe_prod_announce_attack,-44812.0,-44812.0,46285.0,32760.0,0.0,1,24700,Sync,True,False,False,False,0,H0
186.16268,timesafe_prod_announce_attack,90960.0,90960.0,46285.0,32760.0,0.0,1,24701,Sync,True,False,False,False,0,H0
186.226537,timesafe_prod_announce_attack,-76232.0,-76232.0,78565.0,65040.0,0.0,1,24702,Sync,True,False,False,False,0,H0
186.282696,timesafe_prod_announce_attack,104142.0,104142.0,11627.0,-1898.0,0.0,1,24703,Sync,True,False,False,False,0,H0
186.346531,timesafe_prod_announce_attack,-9330.0,-9330.0,11627.0,-1898.0,0.0,1,24704,Sync,True,False,False,False,0,H0
186.410625,timesafe_prod_announce_attack,56366.0,56366.0,14399.0,874.0,0.0,1,24705,Sync,True,False,False,False,0,H0
186.474529,timesafe_prod_announce_attack,-13018.0,-13018.0,14399.0,874.0,0.0,1,24706,Sync,True,False,False,False,0,H0
186.538716,timesafe_prod_announce_attack,58214.0,58214.0,12327.0,-1198.0,0.0,1,24707,Sync,True,False,False,False,0,H0
186.602678,timesafe_prod_announce_attack,126566.0,126566.0,12327.0,-1198.0,0.0,1,24708,Sync,True,False,False,False,0,H0
186.658663,timesafe_prod_announce_attack,-8478.0,-8478.0,79499.0,65974.0,0.0,1,24709,Sync,True,False,False,False,0,H0
186.722689,timesafe_prod_announce_attack,77348.0,77348.0,47205.0,33680.0,0.0,1,24710,Sync,True,False,False,False,0,H0
186.786689,timesafe_prod_announce_attack,-3448.0,-3448.0,74529.0,61004.0,0.0,1,24711,Sync,True,False,False,False,0,H0
186.850562,timesafe_prod_announce_attack,-72836.0,-72836.0,74529.0,61004.0,0.0,1,24712,Sync,True,False,False,False,0,H0
186.914624,timesafe_prod_announce_attack,59534.0,59534.0,11395.0,-2130.0,0.0,1,24713,Sync,True,False,False,False,0,H0
186.970573,timesafe_prod_announce_attack,-43408.0,-43408.0,46161.0,32636.0,0.0,1,24714,Sync,True,False,False,False,0,H0
187.034649,timesafe_prod_announce_attack,57886.0,57886.0,12647.0,-878.0,0.0,1,24715,Sync,True,False,False,False,0,H0
187.098562,timesafe_prod_announce_attack,-10702.0,-10702.0,12647.0,-878.0,0.0,1,24716,Sync,True,False,False,False,0,H0
187.162689,timesafe_prod_announce_attack,113872.0,113872.0,13485.0,-40.0,0.0,1,24717,Sync,True,False,False,False,0,H0
187.226556,timesafe_prod_announce_attack,-11508.0,-11508.0,13485.0,-40.0,0.0,1,24718,Sync,True,False,False,False,0,H0
187.28269,timesafe_prod_announce_attack,100454.0,100454.0,14031.0,506.0,0.0,1,24719,Sync,True,False,False,False,0,H0
187.346577,timesafe_prod_announce_attack,-65882.0,-65882.0,67911.0,54386.0,0.0,1,24720,Sync,True,False,False,False,0,H0
187.410694,timesafe_prod_announce_attack,57710.0,57710.0,12807.0,-718.0,0.0,1,24721,Sync,True,False,False,False,0,H0
187.474569,timesafe_prod_announce_attack,-45178.0,-45178.0,46739.0,33214.0,0.0,1,24722,Sync,True,False,False,False,0,H0
187.538628,timesafe_prod_announce_attack,23990.0,23990.0,46739.0,33214.0,0.0,1,24723,Sync,True,False,False,False,0,H0
187.602678,timesafe_prod_announce_attack,94100.0,94100.0,47669.0,34144.0,0.0,1,24724,Sync,True,False,False,False,0,H0
187.65865,timesafe_prod_announce_attack,22940.0,22940.0,47669.0,34144.0,0.0,1,24725,Sync,True,False,False,False,0,H0
187.72269,timesafe_prod_announce_attack,95904.0,95904.0,46077.0,32552.0,0.0,1,24726,Sync,True,False,False,False,0,H0
187.786633,timesafe_prod_announce_attack,25036.0,25036.0,46077.0,32552.0,0.0,1,24727,Sync,True,False,False,False,0,H0
187.850542,timesafe_prod_announce_attack,-44474.0,-44474.0,46283.0,32758.0,0.0,1,24728,Sync,True,False,False,False,0,H0
187.914628,timesafe_prod_announce_attack,57448.0,57448.0,13413.0,-112.0,0.0,1,24729,Sync,True,False,False,False,0,H0
187.970551,timesafe_prod_announce_attack,-12232.0,-12232.0,13413.0,-112.0,0.0,1,24730,Sync,True,False,False,False,0,H0
188.034602,timesafe_prod_announce_attack,60710.0,60710.0,10495.0,-3030.0,0.0,1,24731,Sync,True,False,False,False,0,H0
188.098565,timesafe_prod_announce_attack,-8366.0,-8366.0,10495.0,-3030.0,0.0,1,24732,Sync,True,False,False,False,0,H0
188.162702,timesafe_prod_announce_attack,96910.0,96910.0,12867.0,-658.0,0.0,1,24733,Sync,True,False,False,False,0,H0
188.226554,timesafe_prod_announce_attack,-64670.0,-64670.0,66583.0,53058.0,0.0,1,24734,Sync,True,False,False,False,0,H0
188.282687,timesafe_prod_announce_attack,56130.0,56130.0,66583.0,53058.0,0.0,1,24735,Sync,True,False,False,False,0,H0
188.34657,timesafe_prod_announce_attack,-70200.0,-70200.0,72901.0,59376.0,0.0,1,24736,Sync,True,False,False,False,0,H0
188.410698,timesafe_prod_announce_attack,59726.0,59726.0,11339.0,-2186.0,0.0,1,24737,Sync,True,False,False,False,0,H0
188.474634,timesafe_prod_announce_attack,-44688.0,-44688.0,46569.0,33044.0,0.0,1,24738,Sync,True,False,False,False,0,H0
188.538639,timesafe_prod_announce_attack,23880.0,23880.0,46569.0,33044.0,0.0,1,24739,Sync,True,False,False,False,0,H0
188.602703,timesafe_prod_announce_attack,59312.0,59312.0,44717.0,31192.0,0.0,1,24740,Sync,True,False,False,False,0,H0
188.658686,timesafe_prod_announce_attack,26480.0,26480.0,44717.0,31192.0,0.0,1,24741,Sync,True,False,False,False,0,H0
188.722702,timesafe_prod_announce_attack,68048.0,68048.0,46041.0,32516.0,0.0,1,24742,Sync,True,False,False,False,0,H0
188.786667,timesafe_prod_announce_attack,24984.0,24984.0,46041.0,32516.0,0.0,1,24743,Sync,True,False,False,False,0,H0
188.850526,timesafe_prod_announce_attack,-45024.0,-45024.0,46737.0,33212.0,0.0,1,24744,Sync,True,False,False,False,0,H0
188.914665,timesafe_prod_announce_attack,58834.0,58834.0,11591.0,-1934.0,0.0,1,24745,Sync,True,False,False,False,0,H0
188.970571,timesafe_prod_announce_attack,-44846.0,-44846.0,46595.0,33070.0,0.0,1,24746,Sync,True,False,False,False,0,H0
189.034613,timesafe_prod_announce_attack,60054.0,60054.0,10999.0,-2526.0,0.0,1,24747,Sync,True,False,False,False,0,H0
189.098578,timesafe_prod_announce_attack,-44110.0,-44110.0,45751.0,32226.0,0.0,1,24748,Sync,True,False,False,False,0,H0
189.162696,timesafe_prod_announce_attack,147616.0,147616.0,11157.0,-2368.0,0.0,1,24749,Sync,True,False,False,False,0,H0
189.226562,timesafe_prod_announce_attack,-87310.0,-87310.0,89519.0,75994.0,0.0,1,24750,Sync,True,False,False,False,0,H0
189.282716,timesafe_prod_announce_attack,97036.0,97036.0,11153.0,-2372.0,0.0,1,24751,Sync,True,False,False,False,0,H0
189.346588,timesafe_prod_announce_attack,-64992.0,-64992.0,66861.0,53336.0,0.0,1,24752,Sync,True,False,False,False,0,H0
189.410626,timesafe_prod_announce_attack,56576.0,56576.0,13709.0,184.0,0.0,1,24753,Sync,True,False,False,False,0,H0
189.474527,timesafe_prod_announce_attack,-12644.0,-12644.0,13709.0,184.0,0.0,1,24754,Sync,True,False,False,False,0,H0
189.53862,timesafe_prod_announce_attack,58620.0,58620.0,12085.0,-1440.0,0.0,1,24755,Sync,True,False,False,False,0,H0
189.602691,timesafe_prod_announce_attack,80488.0,80488.0,47545.0,34020.0,0.0,1,24756,Sync,True,False,False,False,0,H0
189.658703,timesafe_prod_announce_attack,-4412.0,-4412.0,74569.0,61044.0,0.0,1,24757,Sync,True,False,False,False,0,H0
189.7227,timesafe_prod_announce_attack,-4816.0,-4816.0,45313.0,31788.0,0.0,1,24758,Sync,True,False,False,False,0,H0
189.786703,timesafe_prod_announce_attack,39992.0,39992.0,31245.0,17720.0,0.0,1,24759,Sync,True,False,False,False,0,H0
189.850624,timesafe_prod_announce_attack,-29188.0,-29188.0,31245.0,17720.0,0.0,1,24760,Sync,True,False,False,False,0,H0
189.9147,timesafe_prod_announce_attack,59800.0,59800.0,10593.0,-2932.0,0.0,1,24761,Sync,True,False,False,False,0,H0
189.970594,timesafe_prod_announce_attack,-44892.0,-44892.0,46909.0,33384.0,0.0,1,24762,Sync,True,False,False,False,0,H0
190.034629,timesafe_prod_announce_attack,24064.0,24064.0,46909.0,33384.0,0.0,1,24763,Sync,True,False,False,False,0,H0
190.098622,timesafe_prod_announce_attack,-46432.0,-46432.0,48017.0,34492.0,0.0,1,24764,Sync,True,False,False,False,0,H0
190.162747,timesafe_prod_announce_attack,100404.0,100404.0,10117.0,-3408.0,0.0,1,24765,Sync,True,False,False,False,0,H0
190.22657,timesafe_prod_announce_attack,-63088.0,-63088.0,64897.0,51372.0,0.0,1,24766,Sync,True,False,False,False,0,H0
190.282784,timesafe_prod_announce_attack,102148.0,102148.0,13225.0,-300.0,0.0,1,24767,Sync,True,False,False,False,0,H0
190.346592,timesafe_prod_announce_attack,-66398.0,-66398.0,68499.0,54974.0,0.0,1,24768,Sync,True,False,False,False,0,H0
190.410716,timesafe_prod_announce_attack,2174.0,2174.0,68499.0,54974.0,0.0,1,24769,Sync,True,False,False,False,0,H0
190.474571,timesafe_prod_announce_attack,-43782.0,-43782.0,45115.0,31590.0,0.0,1,24770,Sync,True,False,False,False,0,H0
190.53869,timesafe_prod_announce_attack,57926.0,57926.0,13131.0,-394.0,0.0,1,24771,Sync,True,False,False,False,0,H0
190.602698,timesafe_prod_announce_attack,56872.0,56872.0,47201.0,33676.0,0.0,1,24772,Sync,True,False,False,False,0,H0
190.658716,timesafe_prod_announce_attack,23844.0,23844.0,47201.0,33676.0,0.0,1,24773,Sync,True,False,False,False,0,H0
190.7227,timesafe_prod_announce_attack,55712.0,55712.0,48345.0,34820.0,0.0,1,24774,Sync,True,False,False,False,0,H0
190.786699,timesafe_prod_announce_attack,8612.0,8612.0,62337.0,48812.0,0.0,1,24775,Sync,True,False,False,False,0,H0
190.850634,timesafe_prod_announce_attack,-44122.0,-44122.0,45315.0,31790.0,0.0,1,24776,Sync,True,False,False,False,0,H0
190.914741,timesafe_prod_announce_attack,59028.0,59028.0,11189.0,-2336.0,0.0,1,24777,Sync,True,False,False,False,0,H0
190.971149,timesafe_prod_announce_attack,-46110.0,-46110.0,47447.0,33922.0,0.0,1,24778,Sync,True,False,False,False,0,H0
191.034722,timesafe_prod_announce_attack,57854.0,57854.0,12783.0,-742.0,0.0,1,24779,Sync,True,False,False,False,0,H0
191.098599,timesafe_prod_announce_attack,-11290.0,-11290.0,12783.0,-742.0,0.0,1,24780,Sync,True,False,False,False,0,H0
191.162712,timesafe_prod_announce_attack,93142.0,93142.0,13847.0,322.0,0.0,1,24781,Sync,True,False,False,False,0,H0
191.226533,timesafe_prod_announce_attack,-64844.0,-64844.0,66105.0,52580.0,0.0,1,24782,Sync,True,False,False,False,0,H0
191.2827,timesafe_prod_announce_attack,125720.0,125720.0,12321.0,-1204.0,0.0,1,24783,Sync,True,False,False,False,0,H0
191.346556,timesafe_prod_announce_attack,-77922.0,-77922.0,79963.0,66438.0,0.0,1,24784,Sync,True,False,False,False,0,H0
191.410627,timesafe_prod_announce_attack,59988.0,59988.0,10641.0,-2884.0,0.0,1,24785,Sync,True,False,False,False,0,H0
191.474582,timesafe_prod_announce_attack,-43120.0,-43120.0,45085.0,31560.0,0.0,1,24786,Sync,True,False,False,False,0,H0
191.538635,timesafe_prod_announce_attack,58602.0,58602.0,11603.0,-1922.0,0.0,1,24787,Sync,True,False,False,False,0,H0
191.602699,timesafe_prod_announce_attack,71978.0,71978.0,45219.0,31694.0,0.0,1,24788,Sync,True,False,False,False,0,H0
191.658666,timesafe_prod_announce_attack,-306.0,-306.0,70971.0,57446.0,0.0,1,24789,Sync,True,False,False,False,0,H0
191.722694,timesafe_prod_announce_attack,57426.0,57426.0,47255.0,33730.0,0.0,1,24790,Sync,True,False,False,False,0,H0
191.786699,timesafe_prod_announce_attack,23566.0,23566.0,47255.0,33730.0,0.0,1,24791,Sync,True,False,False,False,0,H0
191.850581,timesafe_prod_announce_attack,-44182.0,-44182.0,45499.0,31974.0,0.0,1,24792,Sync,True,False,False,False,0,H0
191.914666,timesafe_prod_announce_attack,59264.0,59264.0,11221.0,-2304.0,0.0,1,24793,Sync,True,False,False,False,0,H0
191.970643,timesafe_prod_announce_attack,-9648.0,-9648.0,11221.0,-2304.0,0.0,1,24794,Sync,True,False,False,False,0,H0
192.03463,timesafe_prod_announce_attack,59692.0,59692.0,11269.0,-2256.0,0.0,1,24795,Sync,True,False,False,False,0,H0
192.098578,timesafe_prod_announce_attack,-43754.0,-43754.0,46075.0,32550.0,0.0,1,24796,Sync,True,False,False,False,0,H0
192.162708,timesafe_prod_announce_attack,71794.0,71794.0,46075.0,32550.0,0.0,1,24797,Sync,True,False,False,False,0,H0
192.226569,timesafe_prod_announce_attack,-67806.0,-67806.0,69787.0,56262.0,0.0,1,24798,Sync,True,False,False,False,0,H0
192.282691,timesafe_prod_announce_attack,111786.0,111786.0,13767.0,242.0,0.0,1,24799,Sync,True,False,False,False,0,H0
192.346548,timesafe_prod_announce_attack,-70390.0,-70390.0,72547.0,59022.0,0.0,1,24800,Sync,True,False,False,False,0,H0
192.410635,timesafe_prod_announce_attack,58350.0,58350.0,12203.0,-1322.0,0.0,1,24801,Sync,True,False,False,False,0,H0
192.474642,timesafe_prod_announce_attack,-45654.0,-45654.0,47555.0,34030.0,0.0,1,24802,Sync,True,False,False,False,0,H0
192.53867,timesafe_prod_announce_attack,57366.0,57366.0,13755.0,230.0,0.0,1,24803,Sync,True,False,False,False,0,H0
192.602699,timesafe_prod_announce_attack,89928.0,89928.0,46457.0,32932.0,0.0,1,24804,Sync,True,False,False,False,0,H0
192.658703,timesafe_prod_announce_attack,23928.0,23928.0,46457.0,32932.0,0.0,1,24805,Sync,True,False,False,False,0,H0
192.722686,timesafe_prod_announce_attack,78544.0,78544.0,45361.0,31836.0,0.0,1,24806,Sync,True,False,False,False,0,H0
192.786709,timesafe_prod_announce_attack,25440.0,25440.0,45361.0,31836.0,0.0,1,24807,Sync,True,False,False,False,0,H0
192.850591,timesafe_prod_announce_attack,-45140.0,-45140.0,46681.0,33156.0,0.0,1,24808,Sync,True,False,False,False,0,H0
192.914709,timesafe_prod_announce_attack,58828.0,58828.0,11725.0,-1800.0,0.0,1,24809,Sync,True,False,False,False,0,H0
192.970581,timesafe_prod_announce_attack,-43262.0,-43262.0,45215.0,31690.0,0.0,1,24810,Sync,True,False,False,False,0,H0
193.034753,timesafe_prod_announce_attack,57222.0,57222.0,13007.0,-518.0,0.0,1,24811,Sync,True,False,False,False,0,H0
193.098598,timesafe_prod_announce_attack,-44764.0,-44764.0,46585.0,33060.0,0.0,1,24812,Sync,True,False,False,False,0,H0
193.162752,timesafe_prod_announce_attack,102906.0,102906.0,13555.0,30.0,0.0,1,24813,Sync,True,False,False,False,0,H0
193.226583,timesafe_prod_announce_attack,-68566.0,-68566.0,70295.0,56770.0,0.0,1,24814,Sync,True,False,False,False,0,H0
193.282748,timesafe_prod_announce_attack,96812.0,96812.0,10601.0,-2924.0,0.0,1,24815,Sync,True,False,False,False,0,H0
193.346571,timesafe_prod_announce_attack,-8736.0,-8736.0,10601.0,-2924.0,0.0,1,24816,Sync,True,False,False,False,0,H0
193.410853,timesafe_prod_announce_attack,59126.0,59126.0,11435.0,-2090.0,0.0,1,24817,Sync,True,False,False,False,0,H0
193.474622,timesafe_prod_announce_attack,-10098.0,-10098.0,11435.0,-2090.0,0.0,1,24818,Sync,True,False,False,False,0,H0
193.538682,timesafe_prod_announce_attack,60230.0,60230.0,10775.0,-2750.0,0.0,1,24819,Sync,True,False,False,False,0,H0
193.602709,timesafe_prod_announce_attack,62846.0,62846.0,47519.0,33994.0,0.0,1,24820,Sync,True,False,False,False,0,H0
193.658686,timesafe_prod_announce_attack,22970.0,22970.0,47519.0,33994.0,0.0,1,24821,Sync,True,False,False,False,0,H0
193.722706,timesafe_prod_announce_attack,64318.0,64318.0,45987.0,32462.0,0.0,1,24822,Sync,True,False,False,False,0,H0
193.786687,timesafe_prod_announce_attack,24446.0,24446.0,45987.0,32462.0,0.0,1,24823,Sync,True,False,False,False,0,H0
193.850601,timesafe_prod_announce_attack,-45478.0,-45478.0,47491.0,33966.0,0.0,1,24824,Sync,True,False,False,False,0,H0
193.914666,timesafe_prod_announce_attack,58320.0,58320.0,12241.0,-1284.0,0.0,1,24825,Sync,True,False,False,False,0,H0
193.970602,timesafe_prod_announce_attack,-43524.0,-43524.0,46221.0,32696.0,0.0,1,24826,Sync,True,False,False,False,0,H0
194.034711,timesafe_prod_announce_attack,59046.0,59046.0,11119.0,-2406.0,0.0,1,24827,Sync,True,False,False,False,0,H0
194.098639,timesafe_prod_announce_attack,-9530.0,-9530.0,11119.0,-2406.0,0.0,1,24828,Sync,True,False,False,False,0,H0
194.162737,timesafe_prod_announce_attack,97946.0,97946.0,13363.0,-162.0,0.0,1,24829,Sync,True,False,False,False,0,H0
194.226622,timesafe_prod_announce_attack,-66000.0,-66000.0,67169.0,53644.0,0.0,1,24830,Sync,True,False,False,False,0,H0
194.28275,timesafe_prod_announce_attack,42312.0,42312.0,67169.0,53644.0,0.0,1,24831,Sync,True,False,False,False,0,H0
194.346603,timesafe_prod_announce_attack,-62586.0,-62586.0,65279.0,51754.0,0.0,1,24832,Sync,True,False,False,False,0,H0
194.410712,timesafe_prod_announce_attack,58866.0,58866.0,11371.0,-2154.0,0.0,1,24833,Sync,True,False,False,False,0,H0
194.474572,timesafe_prod_announce_attack,-9814.0,-9814.0,11371.0,-2154.0,0.0,1,24834,Sync,True,False,False,False,0,H0
194.538669,timesafe_prod_announce_attack,57846.0,57846.0,12531.0,-994.0,0.0,1,24835,Sync,True,False,False,False,0,H0
194.602694,timesafe_prod_announce_attack,73836.0,73836.0,46197.0,32672.0,0.0,1,24836,Sync,True,False,False,False,0,H0
194.658653,timesafe_prod_announce_attack,-68.0,-68.0,70301.0,56776.0,0.0,1,24837,Sync,True,False,False,False,0,H0
194.72269,timesafe_prod_announce_attack,61044.0,61044.0,47961.0,34436.0,0.0,1,24838,Sync,True,False,False,False,0,H0
194.786658,timesafe_prod_announce_attack,6466.0,6466.0,64359.0,50834.0,0.0,1,24839,Sync,True,False,False,False,0,H0
194.850576,timesafe_prod_announce_attack,-61998.0,-61998.0,64359.0,50834.0,0.0,1,24840,Sync,True,False,False,False,0,H0
194.914662,timesafe_prod_announce_attack,57650.0,57650.0,13075.0,-450.0,0.0,1,24841,Sync,True,False,False,False,0,H0
194.97062,timesafe_prod_announce_attack,-10734.0,-10734.0,13075.0,-450.0,0.0,1,24842,Sync,True,False,False,False,0,H0
195.034716,timesafe_prod_announce_attack,58010.0,58010.0,12819.0,-706.0,0.0,1,24843,Sync,True,False,False,False,0,H0
195.098596,timesafe_prod_announce_attack,-11278.0,-11278.0,12819.0,-706.0,0.0,1,24844,Sync,True,False,False,False,0,H0
195.162737,timesafe_prod_announce_attack,99176.0,99176.0,11481.0,-2044.0,0.0,1,24845,Sync,True,False,False,False,0,H0
195.226657,timesafe_prod_announce_attack,-66758.0,-66758.0,68235.0,54710.0,0.0,1,24846,Sync,True,False,False,False,0,H0
195.282775,timesafe_prod_announce_attack,104752.0,104752.0,10245.0,-3280.0,0.0,1,24847,Sync,True,False,False,False,0,H0
195.346644,timesafe_prod_announce_attack,-66628.0,-66628.0,68189.0,54664.0,0.0,1,24848,Sync,True,False,False,False,0,H0
195.411954,timesafe_prod_announce_attack,56944.0,56944.0,13405.0,-120.0,0.0,1,24849,Sync,True,False,False,False,0,H0
195.474609,timesafe_prod_announce_attack,-11688.0,-11688.0,13405.0,-120.0,0.0,1,24850,Sync,True,False,False,False,0,H0
195.538694,timesafe_prod_announce_attack,60622.0,60622.0,10583.0,-2942.0,0.0,1,24851,Sync,True,False,False,False,0,H0
195.602753,timesafe_prod_announce_attack,61554.0,61554.0,47107.0,33582.0,0.0,1,24852,Sync,True,False,False,False,0,H0
195.658702,timesafe_prod_announce_attack,4778.0,4778.0,66319.0,52794.0,0.0,1,24853,Sync,True,False,False,False,0,H0
195.722751,timesafe_prod_announce_attack,39438.0,39438.0,66319.0,52794.0,0.0,1,24854,Sync,True,False,False,False,0,H0
195.786693,timesafe_prod_announce_attack,6344.0,6344.0,63969.0,50444.0,0.0,1,24855,Sync,True,False,False,False,0,H0
195.850644,timesafe_prod_announce_attack,-45186.0,-45186.0,47211.0,33686.0,0.0,1,24856,Sync,True,False,False,False,0,H0
195.914734,timesafe_prod_announce_attack,23806.0,23806.0,47211.0,33686.0,0.0,1,24857,Sync,True,False,False,False,0,H0
195.97062,timesafe_prod_announce_attack,-43724.0,-43724.0,45697.0,32172.0,0.0,1,24858,Sync,True,False,False,False,0,H0
196.034759,timesafe_prod_announce_attack,24588.0,24588.0,45697.0,32172.0,0.0,1,24859,Sync,True,False,False,False,0,H0
196.098623,timesafe_prod_announce_attack,-45814.0,-45814.0,47403.0,33878.0,0.0,1,24860,Sync,True,False,False,False,0,H0
196.162781,timesafe_prod_announce_attack,61698.0,61698.0,47403.0,33878.0,0.0,1,24861,Sync,True,False,False,False,0,H0
196.226653,timesafe_prod_announce_attack,-64864.0,-64864.0,66381.0,52856.0,0.0,1,24862,Sync,True,False,False,False,0,H0
196.282742,timesafe_prod_announce_attack,98636.0,98636.0,10761.0,-2764.0,0.0,1,24863,Sync,True,False,False,False,0,H0
196.34664,timesafe_prod_announce_attack,-65298.0,-65298.0,67151.0,53626.0,0.0,1,24864,Sync,True,False,False,False,0,H0
196.41074,timesafe_prod_announce_attack,57508.0,57508.0,13145.0,-380.0,0.0,1,24865,Sync,True,False,False,False,0,H0
196.474623,timesafe_prod_announce_attack,-44336.0,-44336.0,45621.0,32096.0,0.0,1,24866,Sync,True,False,False,False,0,H0
196.538719,timesafe_prod_announce_attack,60118.0,60118.0,11079.0,-2446.0,0.0,1,24867,Sync,True,False,False,False,0,H0
196.602719,timesafe_prod_announce_attack,107726.0,107726.0,11079.0,-2446.0,0.0,1,24868,Sync,True,False,False,False,0,H0
196.658764,timesafe_prod_announce_attack,-1562.0,-1562.0,72659.0,59134.0,0.0,1,24869,Sync,True,False,False,False,0,H0
196.722734,timesafe_prod_announce_attack,56104.0,56104.0,47469.0,33944.0,0.0,1,24870,Sync,True,False,False,False,0,H0
196.786704,timesafe_prod_announce_attack,22764.0,22764.0,47469.0,33944.0,0.0,1,24871,Sync,True,False,False,False,0,H0
196.850654,timesafe_prod_announce_attack,-42978.0,-42978.0,44875.0,31350.0,0.0,1,24872,Sync,True,False,False,False,0,H0
196.914746,timesafe_prod_announce_attack,57482.0,57482.0,13615.0,90.0,0.0,1,24873,Sync,True,False,False,False,0,H0
196.970644,timesafe_prod_announce_attack,-45210.0,-45210.0,47567.0,34042.0,0.0,1,24874,Sync,True,False,False,False,0,H0
197.034785,timesafe_prod_announce_attack,59086.0,59086.0,11299.0,-2226.0,0.0,1,24875,Sync,True,False,False,False,0,H0
197.098601,timesafe_prod_announce_attack,-44528.0,-44528.0,45685.0,32160.0,0.0,1,24876,Sync,True,False,False,False,0,H0
197.162745,timesafe_prod_announce_attack,95778.0,95778.0,12631.0,-894.0,0.0,1,24877,Sync,True,False,False,False,0,H0
197.226622,timesafe_prod_announce_attack,-61900.0,-61900.0,64505.0,50980.0,0.0,1,24878,Sync,True,False,False,False,0,H0
197.282743,timesafe_prod_announce_attack,91234.0,91234.0,13583.0,58.0,0.0,1,24879,Sync,True,False,False,False,0,H0
197.346626,timesafe_prod_announce_attack,-61258.0,-61258.0,63311.0,49786.0,0.0,1,24880,Sync,True,False,False,False,0,H0
197.411286,timesafe_prod_announce_attack,60146.0,60146.0,10599.0,-2926.0,0.0,1,24881,Sync,True,False,False,False,0,H0
197.474634,timesafe_prod_announce_attack,-8510.0,-8510.0,10599.0,-2926.0,0.0,1,24882,Sync,True,False,False,False,0,H0
197.538721,timesafe_prod_announce_attack,58904.0,58904.0,11365.0,-2160.0,0.0,1,24883,Sync,True,False,False,False,0,H0
197.602703,timesafe_prod_announce_attack,54632.0,54632.0,46265.0,32740.0,0.0,1,24884,Sync,True,False,False,False,0,H0
197.658801,timesafe_prod_announce_attack,24736.0,24736.0,46265.0,32740.0,0.0,1,24885,Sync,True,False,False,False,0,H0
197.722689,timesafe_prod_announce_attack,-20948.0,-20948.0,47981.0,34456.0,0.0,1,24886,Sync,True,False,False,False,0,H0
197.786713,timesafe_prod_announce_attack,22404.0,22404.0,47981.0,34456.0,0.0,1,24887,Sync,True,False,False,False,0,H0
197.850641,timesafe_prod_announce_attack,-45648.0,-45648.0,46717.0,33192.0,0.0,1,24888,Sync,True,False,False,False,0,H0
197.914749,timesafe_prod_announce_attack,23656.0,23656.0,46717.0,33192.0,0.0,1,24889,Sync,True,False,False,False,0,H0
197.970742,timesafe_prod_announce_attack,-45068.0,-45068.0,47257.0,33732.0,0.0,1,24890,Sync,True,False,False,False,0,H0
198.03472,timesafe_prod_announce_attack,23712.0,23712.0,47257.0,33732.0,0.0,1,24891,Sync,True,False,False,False,0,H0
198.098643,timesafe_prod_announce_attack,-45160.0,-45160.0,47245.0,33720.0,0.0,1,24892,Sync,True,False,False,False,0,H0
198.162697,timesafe_prod_announce_attack,9078.0,9078.0,12063.0,-1462.0,0.0,1,24893,Sync,True,False,False,False,0,H0
198.226663,timesafe_prod_announce_attack,-21194.0,-21194.0,23155.0,9630.0,0.0,1,24894,Sync,True,False,False,False,0,H0
198.282691,timesafe_prod_announce_attack,-12834.0,-12834.0,23155.0,9630.0,0.0,1,24895,Sync,True,False,False,False,0,H0
198.346603,timesafe_prod_announce_attack,-13072.0,-13072.0,15241.0,1716.0,0.0,1,24896,Sync,True,False,False,False,0,H0
198.410748,timesafe_prod_announce_attack,59414.0,59414.0,11051.0,-2474.0,0.0,1,24897,Sync,True,False,False,False,0,H0
198.474632,timesafe_prod_announce_attack,-44258.0,-44258.0,46235.0,32710.0,0.0,1,24898,Sync,True,False,False,False,0,H0
198.538747,timesafe_prod_announce_attack,57104.0,57104.0,13457.0,-68.0,0.0,1,24899,Sync,True,False,False,False,0,H0
198.602751,timesafe_prod_announce_attack,94016.0,94016.0,13457.0,-68.0,0.0,1,24900,Sync,True,False,False,False,0,H0
198.658728,timesafe_prod_announce_attack,5350.0,5350.0,65275.0,51750.0,0.0,1,24901,Sync,True,False,False,False,0,H0
198.722753,timesafe_prod_announce_attack,48650.0,48650.0,65275.0,51750.0,0.0,1,24902,Sync,True,False,False,False,0,H0
198.78674,timesafe_prod_announce_attack,2530.0,2530.0,69127.0,55602.0,0.0,1,24903,Sync,True,False,False,False,0,H0
198.850609,timesafe_prod_announce_attack,-45806.0,-45806.0,47591.0,34066.0,0.0,1,24904,Sync,True,False,False,False,0,H0
198.914732,timesafe_prod_announce_attack,23654.0,23654.0,47591.0,34066.0,0.0,1,24905,Sync,True,False,False,False,0,H0
198.970698,timesafe_prod_announce_attack,-43554.0,-43554.0,46163.0,32638.0,0.0,1,24906,Sync,True,False,False,False,0,H0
199.034743,timesafe_prod_announce_attack,24510.0,24510.0,46163.0,32638.0,0.0,1,24907,Sync,True,False,False,False,0,H0
199.098643,timesafe_prod_announce_attack,-43644.0,-43644.0,45361.0,31836.0,0.0,1,24908,Sync,True,False,False,False,0,H0
199.162764,timesafe_prod_announce_attack,95848.0,95848.0,10601.0,-2924.0,0.0,1,24909,Sync,True,False,False,False,0,H0
199.226615,timesafe_prod_announce_attack,-61634.0,-61634.0,63787.0,50262.0,0.0,1,24910,Sync,True,False,False,False,0,H0
199.282789,timesafe_prod_announce_attack,100074.0,100074.0,12279.0,-1246.0,0.0,1,24911,Sync,True,False,False,False,0,H0
199.34661,timesafe_prod_announce_attack,-9198.0,-9198.0,12279.0,-1246.0,0.0,1,24912,Sync,True,False,False,False,0,H0
199.41074,timesafe_prod_announce_attack,58766.0,58766.0,12507.0,-1018.0,0.0,1,24913,Sync,True,False,False,False,0,H0
199.474669,timesafe_prod_announce_attack,-44900.0,-44900.0,47373.0,33848.0,0.0,1,24914,Sync,True,False,False,False,0,H0
199.538729,timesafe_prod_announce_attack,58608.0,58608.0,12229.0,-1296.0,0.0,1,24915,Sync,True,False,False,False,0,H0
199.602724,timesafe_prod_announce_attack,58406.0,58406.0,46207.0,32682.0,0.0,1,24916,Sync,True,False,False,False,0,H0
199.658738,timesafe_prod_announce_attack,8312.0,8312.0,62549.0,49024.0,0.0,1,24917,Sync,True,False,False,False,0,H0
199.72272,timesafe_prod_announce_attack,63574.0,63574.0,45563.0,32038.0,0.0,1,24918,Sync,True,False,False,False,0,H0
199.786743,timesafe_prod_announce_attack,6822.0,6822.0,64263.0,50738.0,0.0,1,24919,Sync,True,False,False,False,0,H0
199.850615,timesafe_prod_announce_attack,-62610.0,-62610.0,64263.0,50738.0,0.0,1,24920,Sync,True,False,False,False,0,H0
199.914739,timesafe_prod_announce_attack,59900.0,59900.0,10853.0,-2672.0,0.0,1,24921,Sync,True,False,False,False,0,H0
199.970739,timesafe_prod_announce_attack,-44960.0,-44960.0,46473.0,32948.0,0.0,1,24922,Sync,True,False,False,False,0,H0
200.034743,timesafe_prod_announce_attack,60326.0,60326.0,11363.0,-2162.0,0.0,1,24923,Sync,True,False,False,False,0,H0
200.098727,timesafe_prod_announce_attack,-45956.0,-45956.0,47669.0,34144.0,0.0,1,24924,Sync,True,False,False,False,0,H0
200.162758,timesafe_prod_announce_attack,-10232.0,-10232.0,12589.0,-936.0,0.0,1,24925,Sync,True,False,False,False,0,H0
200.226648,timesafe_prod_announce_attack,-12164.0,-12164.0,14185.0,660.0,0.0,1,24926,Sync,True,False,False,False,0,H0
200.282735,timesafe_prod_announce_attack,-11860.0,-11860.0,14185.0,660.0,0.0,1,24927,Sync,True,False,False,False,0,H0
200.346688,timesafe_prod_announce_attack,-10188.0,-10188.0,12293.0,-1232.0,0.0,1,24928,Sync,True,False,False,False,0,H0
200.410801,timesafe_prod_announce_attack,58592.0,58592.0,12293.0,-1232.0,0.0,1,24929,Sync,True,False,False,False,0,H0
200.47468,timesafe_prod_announce_attack,-45434.0,-45434.0,47211.0,33686.0,0.0,1,24930,Sync,True,False,False,False,0,H0
200.538748,timesafe_prod_announce_attack,56744.0,56744.0,13801.0,276.0,0.0,1,24931,Sync,True,False,False,False,0,H0
200.602692,timesafe_prod_announce_attack,-32588.0,-32588.0,47869.0,34344.0,0.0,1,24932,Sync,True,False,False,False,0,H0
200.658838,timesafe_prod_announce_attack,23212.0,23212.0,47869.0,34344.0,0.0,1,24933,Sync,True,False,False,False,0,H0
200.722687,timesafe_prod_announce_attack,-12340.0,-12340.0,46881.0,33356.0,0.0,1,24934,Sync,True,False,False,False,0,H0
200.786776,timesafe_prod_announce_attack,23512.0,23512.0,46881.0,33356.0,0.0,1,24935,Sync,True,False,False,False,0,H0
200.850701,timesafe_prod_announce_attack,-44302.0,-44302.0,46599.0,33074.0,0.0,1,24936,Sync,True,False,False,False,0,H0
200.914781,timesafe_prod_announce_attack,57570.0,57570.0,13427.0,-98.0,0.0,1,24937,Sync,True,False,False,False,0,H0
200.970677,timesafe_prod_announce_attack,-45920.0,-45920.0,48145.0,34620.0,0.0,1,24938,Sync,True,False,False,False,0,H0
201.034739,timesafe_prod_announce_attack,22320.0,22320.0,48145.0,34620.0,0.0,1,24939,Sync,True,False,False,False,0,H0
201.098638,timesafe_prod_announce_attack,-45192.0,-45192.0,47329.0,33804.0,0.0,1,24940,Sync,True,False,False,False,0,H0
201.162687,timesafe_prod_announce_attack,-1456.0,-1456.0,13889.0,364.0,0.0,1,24941,Sync,True,False,False,False,0,H0
201.226727,timesafe_prod_announce_attack,-11896.0,-11896.0,13889.0,364.0,0.0,1,24942,Sync,True,False,False,False,0,H0
201.282806,timesafe_prod_announce_attack,59664.0,59664.0,11173.0,-2352.0,0.0,1,24943,Sync,True,False,False,False,0,H0
201.346716,timesafe_prod_announce_attack,-42644.0,-42644.0,45365.0,31840.0,0.0,1,24944,Sync,True,False,False,False,0,H0
201.410786,timesafe_prod_announce_attack,25268.0,25268.0,45365.0,31840.0,0.0,1,24945,Sync,True,False,False,False,0,H0
201.474688,timesafe_prod_announce_attack,-44230.0,-44230.0,45943.0,32418.0,0.0,1,24946,Sync,True,False,False,False,0,H0
201.538755,timesafe_prod_announce_attack,59624.0,59624.0,11437.0,-2088.0,0.0,1,24947,Sync,True,False,False,False,0,H0
201.602789,timesafe_prod_announce_attack,-45336.0,-45336.0,47341.0,33816.0,0.0,1,24948,Sync,True,False,False,False,0,H0
201.65882,timesafe_prod_announce_attack,59712.0,59712.0,11065.0,-2460.0,0.0,1,24949,Sync,True,False,False,False,0,H0
201.722763,timesafe_prod_announce_attack,63100.0,63100.0,11065.0,-2460.0,0.0,1,24950,Sync,True,False,False,False,0,H0
201.78679,timesafe_prod_announce_attack,20372.0,20372.0,50333.0,36808.0,0.0,1,24951,Sync,True,False,False,False,0,H0
201.850696,timesafe_prod_announce_attack,-46228.0,-46228.0,48429.0,34904.0,0.0,1,24952,Sync,True,False,False,False,0,H0
201.914813,timesafe_prod_announce_attack,60320.0,60320.0,10617.0,-2908.0,0.0,1,24953,Sync,True,False,False,False,0,H0
201.970694,timesafe_prod_announce_attack,-46216.0,-46216.0,47853.0,34328.0,0.0,1,24954,Sync,True,False,False,False,0,H0
202.034754,timesafe_prod_announce_attack,57340.0,57340.0,12945.0,-580.0,0.0,1,24955,Sync,True,False,False,False,0,H0
202.098667,timesafe_prod_announce_attack,-43144.0,-43144.0,45081.0,31556.0,0.0,1,24956,Sync,True,False,False,False,0,H0
202.162762,timesafe_prod_announce_attack,94752.0,94752.0,11393.0,-2132.0,0.0,1,24957,Sync,True,False,False,False,0,H0
202.226663,timesafe_prod_announce_attack,-62760.0,-62760.0,64273.0,50748.0,0.0,1,24958,Sync,True,False,False,False,0,H0
202.282767,timesafe_prod_announce_attack,95908.0,95908.0,12409.0,-1116.0,0.0,1,24959,Sync,True,False,False,False,0,H0
202.346662,timesafe_prod_announce_attack,-63676.0,-63676.0,65157.0,51632.0,0.0,1,24960,Sync,True,False,False,False,0,H0
202.410822,timesafe_prod_announce_attack,58198.0,58198.0,12955.0,-570.0,0.0,1,24961,Sync,True,False,False,False,0,H0
202.474724,timesafe_prod_announce_attack,-11362.0,-11362.0,12955.0,-570.0,0.0,1,24962,Sync,True,False,False,False,0,H0
202.538787,timesafe_prod_announce_attack,59414.0,59414.0,11727.0,-1798.0,0.0,1,24963,Sync,True,False,False,False,0,H0
202.602687,timesafe_prod_announce_attack,-13246.0,-13246.0,46527.0,33002.0,0.0,1,24964,Sync,True,False,False,False,0,H0
202.658768,timesafe_prod_announce_attack,24026.0,24026.0,46527.0,33002.0,0.0,1,24965,Sync,True,False,False,False,0,H0
202.722838,timesafe_prod_announce_attack,-43248.0,-43248.0,44921.0,31396.0,0.0,1,24966,Sync,True,False,False,False,0,H0
202.786807,timesafe_prod_announce_attack,57386.0,57386.0,13307.0,-218.0,0.0,1,24967,Sync,True,False,False,False,0,H0
202.850683,timesafe_prod_announce_attack,-43352.0,-43352.0,45221.0,31696.0,0.0,1,24968,Sync,True,False,False,False,0,H0
202.914795,timesafe_prod_announce_attack,25084.0,25084.0,45221.0,31696.0,0.0,1,24969,Sync,True,False,False,False,0,H0
202.970727,timesafe_prod_announce_attack,-42816.0,-42816.0,44861.0,31336.0,0.0,1,24970,Sync,True,False,False,False,0,H0
203.034749,timesafe_prod_announce_attack,57734.0,57734.0,13495.0,-30.0,0.0,1,24971,Sync,True,False,False,False,0,H0
203.098705,timesafe_prod_announce_attack,-45916.0,-45916.0,47157.0,33632.0,0.0,1,24972,Sync,True,False,False,False,0,H0
203.162808,timesafe_prod_announce_attack,98448.0,98448.0,11601.0,-1924.0,0.0,1,24973,Sync,True,False,False,False,0,H0
203.227928,timesafe_prod_announce_attack,-65146.0,-65146.0,66535.0,53010.0,0.0,1,24974,Sync,True,False,False,False,0,H0
203.282768,timesafe_prod_announce_attack,58332.0,58332.0,12277.0,-1248.0,0.0,1,24975,Sync,True,False,False,False,0,H0
203.346657,timesafe_prod_announce_attack,-9936.0,-9936.0,12277.0,-1248.0,0.0,1,24976,Sync,True,False,False,False,0,H0
203.410733,timesafe_prod_announce_attack,60226.0,60226.0,10951.0,-2574.0,0.0,1,24977,Sync,True,False,False,False,0,H0
203.474649,timesafe_prod_announce_attack,-8838.0,-8838.0,10951.0,-2574.0,0.0,1,24978,Sync,True,False,False,False,0,H0
203.538732,timesafe_prod_announce_attack,56770.0,56770.0,13871.0,346.0,0.0,1,24979,Sync,True,False,False,False,0,H0
203.602684,timesafe_prod_announce_attack,-11770.0,-11770.0,45951.0,32426.0,0.0,1,24980,Sync,True,False,False,False,0,H0
203.658735,timesafe_prod_announce_attack,24710.0,24710.0,45951.0,32426.0,0.0,1,24981,Sync,True,False,False,False,0,H0
203.722695,timesafe_prod_announce_attack,-30196.0,-30196.0,46469.0,32944.0,0.0,1,24982,Sync,True,False,False,False,0,H0
203.786792,timesafe_prod_announce_attack,51592.0,51592.0,18817.0,5292.0,0.0,1,24983,Sync,True,False,False,False,0,H0
203.850703,timesafe_prod_announce_attack,-43092.0,-43092.0,44529.0,31004.0,0.0,1,24984,Sync,True,False,False,False,0,H0
203.914789,timesafe_prod_announce_attack,58146.0,58146.0,12659.0,-866.0,0.0,1,24985,Sync,True,False,False,False,0,H0
203.970648,timesafe_prod_announce_attack,-44608.0,-44608.0,45933.0,32408.0,0.0,1,24986,Sync,True,False,False,False,0,H0
204.034838,timesafe_prod_announce_attack,-44500.0,-44500.0,45933.0,32408.0,0.0,1,24987,Sync,True,False,False,False,0,H0
204.098738,timesafe_prod_announce_attack,-10004.0,-10004.0,11269.0,-2256.0,0.0,1,24988,Sync,True,False,False,False,0,H0
204.162863,timesafe_prod_announce_attack,58546.0,58546.0,12095.0,-1430.0,0.0,1,24989,Sync,True,False,False,False,0,H0
204.2267,timesafe_prod_announce_attack,-44778.0,-44778.0,47427.0,33902.0,0.0,1,24990,Sync,True,False,False,False,0,H0
204.282855,timesafe_prod_announce_attack,59646.0,59646.0,11219.0,-2306.0,0.0,1,24991,Sync,True,False,False,False,0,H0
204.346663,timesafe_prod_announce_attack,-45736.0,-45736.0,47369.0,33844.0,0.0,1,24992,Sync,True,False,False,False,0,H0
204.410819,timesafe_prod_announce_attack,57904.0,57904.0,13021.0,-504.0,0.0,1,24993,Sync,True,False,False,False,0,H0
204.474686,timesafe_prod_announce_attack,-11860.0,-11860.0,13021.0,-504.0,0.0,1,24994,Sync,True,False,False,False,0,H0
204.538781,timesafe_prod_announce_attack,58960.0,58960.0,11829.0,-1696.0,0.0,1,24995,Sync,True,False,False,False,0,H0
204.602696,timesafe_prod_announce_attack,-10780.0,-10780.0,11829.0,-1696.0,0.0,1,24996,Sync,True,False,False,False,0,H0
204.658775,timesafe_prod_announce_attack,60144.0,60144.0,10641.0,-2884.0,0.0,1,24997,Sync,True,False,False,False,0,H0
204.722688,timesafe_prod_announce_attack,-20844.0,-20844.0,47789.0,34264.0,0.0,1,24998,Sync,True,False,False,False,0,H0
204.786781,timesafe_prod_announce_attack,23172.0,23172.0,47789.0,34264.0,0.0,1,24999,Sync,True,False,False,False,0,H0
204.85066,timesafe_prod_announce_attack,-44286.0,-44286.0,46539.0,33014.0,0.0,1,25000,Sync,True,False,False,False,0,H0
204.914813,timesafe_prod_announce_attack,58820.0,58820.0,11841.0,-1684.0,0.0,1,25001,Sync,True,False,False,False,0,H0
204.970734,timesafe_prod_announce_attack,-43592.0,-43592.0,45329.0,31804.0,0.0,1,25002,Sync,True,False,False,False,0,H0
205.034848,timesafe_prod_announce_attack,25288.0,25288.0,45329.0,31804.0,0.0,1,25003,Sync,True,False,False,False,0,H0
205.098726,timesafe_prod_announce_attack,-43482.0,-43482.0,45619.0,32094.0,0.0,1,25004,Sync,True,False,False,False,0,H0
205.16282,timesafe_prod_announce_attack,57320.0,57320.0,13549.0,24.0,0.0,1,25005,Sync,True,False,False,False,0,H0
205.226709,timesafe_prod_announce_attack,-10744.0,-10744.0,13549.0,24.0,0.0,1,25006,Sync,True,False,False,False,0,H0
205.28279,timesafe_prod_announce_attack,62272.0,62272.0,14133.0,608.0,0.0,1,25007,Sync,True,False,False,False,0,H0
205.346744,timesafe_prod_announce_attack,-11504.0,-11504.0,14133.0,608.0,0.0,1,25008,Sync,True,False,False,False,0,H0
205.410864,timesafe_prod_announce_attack,59138.0,59138.0,11723.0,-1802.0,0.0,1,25009,Sync,True,False,False,False,0,H0
205.474672,timesafe_prod_announce_attack,-43568.0,-43568.0,45493.0,31968.0,0.0,1,25010,Sync,True,False,False,False,0,H0
205.538777,timesafe_prod_announce_attack,25428.0,25428.0,45493.0,31968.0,0.0,1,25011,Sync,True,False,False,False,0,H0
205.602697,timesafe_prod_announce_attack,-37556.0,-37556.0,44877.0,31352.0,0.0,1,25012,Sync,True,False,False,False,0,H0
205.65878,timesafe_prod_announce_attack,25416.0,25416.0,44877.0,31352.0,0.0,1,25013,Sync,True,False,False,False,0,H0
205.722718,timesafe_prod_announce_attack,-45168.0,-45168.0,47473.0,33948.0,0.0,1,25014,Sync,True,False,False,False,0,H0
205.786758,timesafe_prod_announce_attack,23100.0,23100.0,47473.0,33948.0,0.0,1,25015,Sync,True,False,False,False,0,H0
205.8507,timesafe_prod_announce_attack,-43936.0,-43936.0,46421.0,32896.0,0.0,1,25016,Sync,True,False,False,False,0,H0
205.914782,timesafe_prod_announce_attack,58876.0,58876.0,12185.0,-1340.0,0.0,1,25017,Sync,True,False,False,False,0,H0
205.970715,timesafe_prod_announce_attack,-10080.0,-10080.0,12185.0,-1340.0,0.0,1,25018,Sync,True,False,False,False,0,H0
206.034786,timesafe_prod_announce_attack,58582.0,58582.0,12259.0,-1266.0,0.0,1,25019,Sync,True,False,False,False,0,H0
206.098671,timesafe_prod_announce_attack,-44094.0,-44094.0,45723.0,32198.0,0.0,1,25020,Sync,True,False,False,False,0,H0
206.162789,timesafe_prod_announce_attack,25146.0,25146.0,45723.0,32198.0,0.0,1,25021,Sync,True,False,False,False,0,H0
206.22672,timesafe_prod_announce_attack,-46202.0,-46202.0,48035.0,34510.0,0.0,1,25022,Sync,True,False,False,False,0,H0
206.282791,timesafe_prod_announce_attack,58014.0,58014.0,12875.0,-650.0,0.0,1,25023,Sync,True,False,False,False,0,H0
206.346701,timesafe_prod_announce_attack,-43112.0,-43112.0,45161.0,31636.0,0.0,1,25024,Sync,True,False,False,False,0,H0
206.410788,timesafe_prod_announce_attack,57558.0,57558.0,12831.0,-694.0,0.0,1,25025,Sync,True,False,False,False,0,H0
206.474703,timesafe_prod_announce_attack,-43696.0,-43696.0,45177.0,31652.0,0.0,1,25026,Sync,True,False,False,False,0,H0
206.538789,timesafe_prod_announce_attack,58402.0,58402.0,12695.0,-830.0,0.0,1,25027,Sync,True,False,False,False,0,H0
206.602703,timesafe_prod_announce_attack,-10706.0,-10706.0,12695.0,-830.0,0.0,1,25028,Sync,True,False,False,False,0,H0
206.658815,timesafe_prod_announce_attack,58968.0,58968.0,11465.0,-2060.0,0.0,1,25029,Sync,True,False,False,False,0,H0
206.722701,timesafe_prod_announce_attack,-9640.0,-9640.0,11465.0,-2060.0,0.0,1,25030,Sync,True,False,False,False,0,H0
206.786791,timesafe_prod_announce_attack,58430.0,58430.0,12831.0,-694.0,0.0,1,25031,Sync,True,False,False,False,0,H0
206.850705,timesafe_prod_announce_attack,-46728.0,-46728.0,48805.0,35280.0,0.0,1,25032,Sync,True,False,False,False,0,H0
206.914769,timesafe_prod_announce_attack,58462.0,58462.0,12159.0,-1366.0,0.0,1,25033,Sync,True,False,False,False,0,H0
206.970707,timesafe_prod_announce_attack,-10986.0,-10986.0,12159.0,-1366.0,0.0,1,25034,Sync,True,False,False,False,0,H0
207.034839,timesafe_prod_announce_attack,58090.0,58090.0,12891.0,-634.0,0.0,1,25035,Sync,True,False,False,False,0,H0
207.098714,timesafe_prod_announce_attack,-46844.0,-46844.0,48201.0,34676.0,0.0,1,25036,Sync,True,False,False,False,0,H0
207.162808,timesafe_prod_announce_attack,62258.0,62258.0,11675.0,-1850.0,0.0,1,25037,Sync,True,False,False,False,0,H0
207.226696,timesafe_prod_announce_attack,-47164.0,-47164.0,48753.0,35228.0,0.0,1,25038,Sync,True,False,False,False,0,H0
207.290833,timesafe_prod_announce_attack,21680.0,21680.0,48753.0,35228.0,0.0,1,25039,Sync,True,False,False,False,0,H0
207.346679,timesafe_prod_announce_attack,-42524.0,-42524.0,44937.0,31412.0,0.0,1,25040,Sync,True,False,False,False,0,H0
207.410774,timesafe_prod_announce_attack,60358.0,60358.0,10947.0,-2578.0,0.0,1,25041,Sync,True,False,False,False,0,H0
207.474804,timesafe_prod_announce_attack,-45792.0,-45792.0,47681.0,34156.0,0.0,1,25042,Sync,True,False,False,False,0,H0
207.538773,timesafe_prod_announce_attack,23488.0,23488.0,47681.0,34156.0,0.0,1,25043,Sync,True,False,False,False,0,H0
207.602782,timesafe_prod_announce_attack,-43074.0,-43074.0,45347.0,31822.0,0.0,1,25044,Sync,True,False,False,False,0,H0
207.658791,timesafe_prod_announce_attack,25802.0,25802.0,45347.0,31822.0,0.0,1,25045,Sync,True,False,False,False,0,H0
207.722742,timesafe_prod_announce_attack,-43560.0,-43560.0,45369.0,31844.0,0.0,1,25046,Sync,True,False,False,False,0,H0
207.786887,timesafe_prod_announce_attack,58350.0,58350.0,12095.0,-1430.0,0.0,1,25047,Sync,True,False,False,False,0,H0
207.850688,timesafe_prod_announce_attack,-45858.0,-45858.0,48207.0,34682.0,0.0,1,25048,Sync,True,False,False,False,0,H0
207.914843,timesafe_prod_announce_attack,23066.0,23066.0,48207.0,34682.0,0.0,1,25049,Sync,True,False,False,False,0,H0
207.970733,timesafe_prod_announce_attack,-46886.0,-46886.0,48607.0,35082.0,0.0,1,25050,Sync,True,False,False,False,0,H0
208.034879,timesafe_prod_announce_attack,21846.0,21846.0,48607.0,35082.0,0.0,1,25051,Sync,True,False,False,False,0,H0
208.098727,timesafe_prod_announce_attack,-42696.0,-42696.0,44929.0,31404.0,0.0,1,25052,Sync,True,False,False,False,0,H0
208.162866,timesafe_prod_announce_attack,56882.0,56882.0,13683.0,158.0,0.0,1,25053,Sync,True,False,False,False,0,H0
208.226738,timesafe_prod_announce_attack,-44426.0,-44426.0,46043.0,32518.0,0.0,1,25054,Sync,True,False,False,False,0,H0
208.282915,timesafe_prod_announce_attack,56632.0,56632.0,13569.0,44.0,0.0,1,25055,Sync,True,False,False,False,0,H0
208.346705,timesafe_prod_announce_attack,-42202.0,-42202.0,45383.0,31858.0,0.0,1,25056,Sync,True,False,False,False,0,H0
208.410817,timesafe_prod_announce_attack,58302.0,58302.0,12467.0,-1058.0,0.0,1,25057,Sync,True,False,False,False,0,H0
208.47472,timesafe_prod_announce_attack,-11122.0,-11122.0,12467.0,-1058.0,0.0,1,25058,Sync,True,False,False,False,0,H0
208.538781,timesafe_prod_announce_attack,59128.0,59128.0,11353.0,-2172.0,0.0,1,25059,Sync,True,False,False,False,0,H0
208.60272,timesafe_prod_announce_attack,-43302.0,-43302.0,45087.0,31562.0,0.0,1,25060,Sync,True,False,False,False,0,H0
208.658775,timesafe_prod_announce_attack,59014.0,59014.0,12211.0,-1314.0,0.0,1,25061,Sync,True,False,False,False,0,H0
208.722699,timesafe_prod_announce_attack,-8622.0,-8622.0,12211.0,-1314.0,0.0,1,25062,Sync,True,False,False,False,0,H0
208.786877,timesafe_prod_announce_attack,58392.0,58392.0,12073.0,-1452.0,0.0,1,25063,Sync,True,False,False,False,0,H0
208.850693,timesafe_prod_announce_attack,-46156.0,-46156.0,47969.0,34444.0,0.0,1,25064,Sync,True,False,False,False,0,H0
208.914846,timesafe_prod_announce_attack,59806.0,59806.0,11387.0,-2138.0,0.0,1,25065,Sync,True,False,False,False,0,H0
208.97076,timesafe_prod_announce_attack,-8958.0,-8958.0,11387.0,-2138.0,0.0,1,25066,Sync,True,False,False,False,0,H0
209.034841,timesafe_prod_announce_attack,58246.0,58246.0,12591.0,-934.0,0.0,1,25067,Sync,True,False,False,False,0,H0
209.098735,timesafe_prod_announce_attack,-10802.0,-10802.0,12591.0,-934.0,0.0,1,25068,Sync,True,False,False,False,0,H0
209.16285,timesafe_prod_announce_attack,58990.0,58990.0,11411.0,-2114.0,0.0,1,25069,Sync,True,False,False,False,0,H0
209.226733,timesafe_prod_announce_attack,-42714.0,-42714.0,44967.0,31442.0,0.0,1,25070,Sync,True,False,False,False,0,H0
209.282833,timesafe_prod_announce_attack,26070.0,26070.0,44967.0,31442.0,0.0,1,25071,Sync,True,False,False,False,0,H0
209.346733,timesafe_prod_announce_attack,-45524.0,-45524.0,47857.0,34332.0,0.0,1,25072,Sync,True,False,False,False,0,H0
209.41082,timesafe_prod_announce_attack,57352.0,57352.0,13653.0,128.0,0.0,1,25073,Sync,True,False,False,False,0,H0
209.47471,timesafe_prod_announce_attack,-44342.0,-44342.0,45999.0,32474.0,0.0,1,25074,Sync,True,False,False,False,0,H0
209.538976,timesafe_prod_announce_attack,58484.0,58484.0,12289.0,-1236.0,0.0,1,25075,Sync,True,False,False,False,0,H0
209.602719,timesafe_prod_announce_attack,-10408.0,-10408.0,12289.0,-1236.0,0.0,1,25076,Sync,True,False,False,False,0,H0
209.65887,timesafe_prod_announce_attack,57882.0,57882.0,13279.0,-246.0,0.0,1,25077,Sync,True,False,False,False,0,H0
209.722738,timesafe_prod_announce_attack,-12258.0,-12258.0,13279.0,-246.0,0.0,1,25078,Sync,True,False,False,False,0,H0
209.786819,timesafe_prod_announce_attack,58646.0,58646.0,11755.0,-1770.0,0.0,1,25079,Sync,True,False,False,False,0,H0
209.850769,timesafe_prod_announce_attack,-9770.0,-9770.0,11755.0,-1770.0,0.0,1,25080,Sync,True,False,False,False,0,H0
209.914802,timesafe_prod_announce_attack,58392.0,58392.0,12477.0,-1048.0,0.0,1,25081,Sync,True,False,False,False,0,H0
209.970906,timesafe_prod_announce_attack,-46756.0,-46756.0,48161.0,34636.0,0.0,1,25082,Sync,True,False,False,False,0,H0
210.034832,timesafe_prod_announce_attack,22812.0,22812.0,48161.0,34636.0,0.0,1,25083,Sync,True,False,False,False,0,H0
210.098803,timesafe_prod_announce_attack,-44930.0,-44930.0,46875.0,33350.0,0.0,1,25084,Sync,True,False,False,False,0,H0
210.162839,timesafe_prod_announce_attack,24154.0,24154.0,46875.0,33350.0,0.0,1,25085,Sync,True,False,False,False,0,H0
210.226721,timesafe_prod_announce_attack,-44874.0,-44874.0,46319.0,32794.0,0.0,1,25086,Sync,True,False,False,False,0,H0
210.282832,timesafe_prod_announce_attack,60272.0,60272.0,10297.0,-3228.0,0.0,1,25087,Sync,True,False,False,False,0,H0
210.346786,timesafe_prod_announce_attack,-46150.0,-46150.0,47459.0,33934.0,0.0,1,25088,Sync,True,False,False,False,0,H0
210.410797,timesafe_prod_announce_attack,58318.0,58318.0,12403.0,-1122.0,0.0,1,25089,Sync,True,False,False,False,0,H0
210.474735,timesafe_prod_announce_attack,-10518.0,-10518.0,12403.0,-1122.0,0.0,1,25090,Sync,True,False,False,False,0,H0
210.538858,timesafe_prod_announce_attack,60010.0,60010.0,10815.0,-2710.0,0.0,1,25091,Sync,True,False,False,False,0,H0
210.602733,timesafe_prod_announce_attack,-46256.0,-46256.0,47285.0,33760.0,0.0,1,25092,Sync,True,False,False,False,0,H0
210.658859,timesafe_prod_announce_attack,23076.0,23076.0,47285.0,33760.0,0.0,1,25093,Sync,True,False,False,False,0,H0
210.722738,timesafe_prod_announce_attack,-45972.0,-45972.0,47305.0,33780.0,0.0,1,25094,Sync,True,False,False,False,0,H0
210.786917,timesafe_prod_announce_attack,22996.0,22996.0,47305.0,33780.0,0.0,1,25095,Sync,True,False,False,False,0,H0
210.850798,timesafe_prod_announce_attack,-45090.0,-45090.0,46971.0,33446.0,0.0,1,25096,Sync,True,False,False,False,0,H0
210.915039,timesafe_prod_announce_attack,58516.0,58516.0,12317.0,-1208.0,0.0,1,25097,Sync,True,False,False,False,0,H0
210.97073,timesafe_prod_announce_attack,-45436.0,-45436.0,47381.0,33856.0,0.0,1,25098,Sync,True,False,False,False,0,H0
211.034824,timesafe_prod_announce_attack,59700.0,59700.0,10493.0,-3032.0,0.0,1,25099,Sync,True,False,False,False,0,H0
211.098755,timesafe_prod_announce_attack,-8820.0,-8820.0,10493.0,-3032.0,0.0,1,25100,Sync,True,False,False,False,0,H0
211.162876,timesafe_prod_announce_attack,59304.0,59304.0,11649.0,-1876.0,0.0,1,25101,Sync,True,False,False,False,0,H0
211.226779,timesafe_prod_announce_attack,-45404.0,-45404.0,46625.0,33100.0,0.0,1,25102,Sync,True,False,False,False,0,H0
211.282883,timesafe_prod_announce_attack,59860.0,59860.0,11057.0,-2468.0,0.0,1,25103,Sync,True,False,False,False,0,H0
211.346711,timesafe_prod_announce_attack,-45794.0,-45794.0,47211.0,33686.0,0.0,1,25104,Sync,True,False,False,False,0,H0
211.410871,timesafe_prod_announce_attack,58630.0,58630.0,12639.0,-886.0,0.0,1,25105,Sync,True,False,False,False,0,H0
211.474776,timesafe_prod_announce_attack,-44068.0,-44068.0,45905.0,32380.0,0.0,1,25106,Sync,True,False,False,False,0,H0
211.538865,timesafe_prod_announce_attack,58646.0,58646.0,11891.0,-1634.0,0.0,1,25107,Sync,True,False,False,False,0,H0
211.602779,timesafe_prod_announce_attack,-10462.0,-10462.0,11891.0,-1634.0,0.0,1,25108,Sync,True,False,False,False,0,H0
211.65889,timesafe_prod_announce_attack,59316.0,59316.0,11241.0,-2284.0,0.0,1,25109,Sync,True,False,False,False,0,H0
211.722753,timesafe_prod_announce_attack,-10240.0,-10240.0,11241.0,-2284.0,0.0,1,25110,Sync,True,False,False,False,0,H0
211.786838,timesafe_prod_announce_attack,57526.0,57526.0,12903.0,-622.0,0.0,1,25111,Sync,True,False,False,False,0,H0
211.850783,timesafe_prod_announce_attack,-44132.0,-44132.0,46345.0,32820.0,0.0,1,25112,Sync,True,False,False,False,0,H0
211.914869,timesafe_prod_announce_attack,57222.0,57222.0,13031.0,-494.0,0.0,1,25113,Sync,True,False,False,False,0,H0
211.970714,timesafe_prod_announce_attack,-11458.0,-11458.0,13031.0,-494.0,0.0,1,25114,Sync,True,False,False,False,0,H0
212.034809,timesafe_prod_announce_attack,58312.0,58312.0,12793.0,-732.0,0.0,1,25115,Sync,True,False,False,False,0,H0
212.09876,timesafe_prod_announce_attack,-44272.0,-44272.0,45517.0,31992.0,0.0,1,25116,Sync,True,False,False,False,0,H0
212.162865,timesafe_prod_announce_attack,59248.0,59248.0,11685.0,-1840.0,0.0,1,25117,Sync,True,False,False,False,0,H0
212.226741,timesafe_prod_announce_attack,-45862.0,-45862.0,47703.0,34178.0,0.0,1,25118,Sync,True,False,False,False,0,H0
212.282814,timesafe_prod_announce_attack,59464.0,59464.0,10965.0,-2560.0,0.0,1,25119,Sync,True,False,False,False,0,H0
212.346755,timesafe_prod_announce_attack,-44940.0,-44940.0,46381.0,32856.0,0.0,1,25120,Sync,True,False,False,False,0,H0
212.410834,timesafe_prod_announce_attack,24400.0,24400.0,46381.0,32856.0,0.0,1,25121,Sync,True,False,False,False,0,H0
212.474749,timesafe_prod_announce_attack,-43670.0,-43670.0,45547.0,32022.0,0.0,1,25122,Sync,True,False,False,False,0,H0
212.538834,timesafe_prod_announce_attack,59246.0,59246.0,11079.0,-2446.0,0.0,1,25123,Sync,True,False,False,False,0,H0
212.602752,timesafe_prod_announce_attack,-9290.0,-9290.0,11079.0,-2446.0,0.0,1,25124,Sync,True,False,False,False,0,H0
212.658941,timesafe_prod_announce_attack,58184.0,58184.0,12893.0,-632.0,0.0,1,25125,Sync,True,False,False,False,0,H0
212.722755,timesafe_prod_announce_attack,-44098.0,-44098.0,46063.0,32538.0,0.0,1,25126,Sync,True,False,False,False,0,H0
212.786837,timesafe_prod_announce_attack,57734.0,57734.0,13399.0,-126.0,0.0,1,25127,Sync,True,False,False,False,0,H0
212.850757,timesafe_prod_announce_attack,-47144.0,-47144.0,48213.0,34688.0,0.0,1,25128,Sync,True,False,False,False,0,H0
212.914846,timesafe_prod_announce_attack,58932.0,58932.0,11753.0,-1772.0,0.0,1,25129,Sync,True,False,False,False,0,H0
212.970735,timesafe_prod_announce_attack,-9984.0,-9984.0,11753.0,-1772.0,0.0,1,25130,Sync,True,False,False,False,0,H0
213.034922,timesafe_prod_announce_attack,59638.0,59638.0,10603.0,-2922.0,0.0,1,25131,Sync,True,False,False,False,0,H0
213.098768,timesafe_prod_announce_attack,-44622.0,-44622.0,46527.0,33002.0,0.0,1,25132,Sync,True,False,False,False,0,H0
213.162843,timesafe_prod_announce_attack,60304.0,60304.0,10701.0,-2824.0,0.0,1,25133,Sync,True,False,False,False,0,H0
213.226736,timesafe_prod_announce_attack,-8316.0,-8316.0,10701.0,-2824.0,0.0,1,25134,Sync,True,False,False,False,0,H0
213.282888,timesafe_prod_announce_attack,59720.0,59720.0,10925.0,-2600.0,0.0,1,25135,Sync,True,False,False,False,0,H0
213.346799,timesafe_prod_announce_attack,-45964.0,-45964.0,47677.0,34152.0,0.0,1,25136,Sync,True,False,False,False,0,H0
213.410845,timesafe_prod_announce_attack,57790.0,57790.0,12923.0,-602.0,0.0,1,25137,Sync,True,False,False,False,0,H0
213.474822,timesafe_prod_announce_attack,-46620.0,-46620.0,47753.0,34228.0,0.0,1,25138,Sync,True,False,False,False,0,H0
213.538931,timesafe_prod_announce_attack,59962.0,59962.0,10335.0,-3190.0,0.0,1,25139,Sync,True,False,False,False,0,H0
213.602774,timesafe_prod_announce_attack,-8702.0,-8702.0,10335.0,-3190.0,0.0,1,25140,Sync,True,False,False,False,0,H0
213.658892,timesafe_prod_announce_attack,57016.0,57016.0,13161.0,-364.0,0.0,1,25141,Sync,True,False,False,False,0,H0
213.722752,timesafe_prod_announce_attack,-44354.0,-44354.0,45583.0,32058.0,0.0,1,25142,Sync,True,False,False,False,0,H0
213.786862,timesafe_prod_announce_attack,58872.0,58872.0,11413.0,-2112.0,0.0,1,25143,Sync,True,False,False,False,0,H0
213.850794,timesafe_prod_announce_attack,-44574.0,-44574.0,45843.0,32318.0,0.0,1,25144,Sync,True,False,False,False,0,H0
213.914907,timesafe_prod_announce_attack,59366.0,59366.0,11067.0,-2458.0,0.0,1,25145,Sync,True,False,False,False,0,H0
213.970773,timesafe_prod_announce_attack,-8710.0,-8710.0,11067.0,-2458.0,0.0,1,25146,Sync,True,False,False,False,0,H0
214.034859,timesafe_prod_announce_attack,59022.0,59022.0,11851.0,-1674.0,0.0,1,25147,Sync,True,False,False,False,0,H0
214.098774,timesafe_prod_announce_attack,-44786.0,-44786.0,46471.0,32946.0,0.0,1,25148,Sync,True,False,False,False,0,H0
214.162857,timesafe_prod_announce_attack,24110.0,24110.0,46471.0,32946.0,0.0,1,25149,Sync,True,False,False,False,0,H0
214.226751,timesafe_prod_announce_attack,-45168.0,-45168.0,46681.0,33156.0,0.0,1,25150,Sync,True,False,False,False,0,H0
214.282923,timesafe_prod_announce_attack,23696.0,23696.0,46681.0,33156.0,0.0,1,25151,Sync,True,False,False,False,0,H0
214.346772,timesafe_prod_announce_attack,-43432.0,-43432.0,45541.0,32016.0,0.0,1,25152,Sync,True,False,False,False,0,H0
214.410883,timesafe_prod_announce_attack,25376.0,25376.0,45541.0,32016.0,0.0,1,25153,Sync,True,False,False,False,0,H0
214.474744,timesafe_prod_announce_attack,-45620.0,-45620.0,46797.0,33272.0,0.0,1,25154,Sync,True,False,False,False,0,H0
214.538861,timesafe_prod_announce_attack,59832.0,59832.0,10921.0,-2604.0,0.0,1,25155,Sync,True,False,False,False,0,H0
214.602805,timesafe_prod_announce_attack,-45054.0,-45054.0,46459.0,32934.0,0.0,1,25156,Sync,True,False,False,False,0,H0
214.658923,timesafe_prod_announce_attack,24330.0,24330.0,46459.0,32934.0,0.0,1,25157,Sync,True,False,False,False,0,H0
214.722807,timesafe_prod_announce_attack,-45816.0,-45816.0,47997.0,34472.0,0.0,1,25158,Sync,True,False,False,False,0,H0
214.786897,timesafe_prod_announce_attack,58006.0,58006.0,12419.0,-1106.0,0.0,1,25159,Sync,True,False,False,False,0,H0
214.850785,timesafe_prod_announce_attack,-45000.0,-45000.0,46369.0,32844.0,0.0,1,25160,Sync,True,False,False,False,0,H0
214.914935,timesafe_prod_announce_attack,58418.0,58418.0,12563.0,-962.0,0.0,1,25161,Sync,True,False,False,False,0,H0
214.970787,timesafe_prod_announce_attack,-10306.0,-10306.0,12563.0,-962.0,0.0,1,25162,Sync,True,False,False,False,0,H0
215.034922,timesafe_prod_announce_attack,59604.0,59604.0,11513.0,-2012.0,0.0,1,25163,Sync,True,False,False,False,0,H0
215.098806,timesafe_prod_announce_attack,-43966.0,-43966.0,45531.0,32006.0,0.0,1,25164,Sync,True,False,False,False,0,H0
215.162949,timesafe_prod_announce_attack,58310.0,58310.0,12219.0,-1306.0,0.0,1,25165,Sync,True,False,False,False,0,H0
215.226856,timesafe_prod_announce_attack,-43940.0,-43940.0,45077.0,31552.0,0.0,1,25166,Sync,True,False,False,False,0,H0
215.282859,timesafe_prod_announce_attack,59310.0,59310.0,11039.0,-2486.0,0.0,1,25167,Sync,True,False,False,False,0,H0
215.34678,timesafe_prod_announce_attack,-46786.0,-46786.0,48175.0,34650.0,0.0,1,25168,Sync,True,False,False,False,0,H0
215.410869,timesafe_prod_announce_attack,21994.0,21994.0,48175.0,34650.0,0.0,1,25169,Sync,True,False,False,False,0,H0
215.47478,timesafe_prod_announce_attack,-43776.0,-43776.0,45585.0,32060.0,0.0,1,25170,Sync,True,False,False,False,0,H0
215.538835,timesafe_prod_announce_attack,57412.0,57412.0,13185.0,-340.0,0.0,1,25171,Sync,True,False,False,False,0,H0
215.602774,timesafe_prod_announce_attack,-11864.0,-11864.0,13185.0,-340.0,0.0,1,25172,Sync,True,False,False,False,0,H0
215.658871,timesafe_prod_announce_attack,60320.0,60320.0,10377.0,-3148.0,0.0,1,25173,Sync,True,False,False,False,0,H0
215.722799,timesafe_prod_announce_attack,-45628.0,-45628.0,47425.0,33900.0,0.0,1,25174,Sync,True,False,False,False,0,H0
215.78688,timesafe_prod_announce_attack,58084.0,58084.0,12813.0,-712.0,0.0,1,25175,Sync,True,False,False,False,0,H0
215.850819,timesafe_prod_announce_attack,-45154.0,-45154.0,46775.0,33250.0,0.0,1,25176,Sync,True,False,False,False,0,H0
215.914918,timesafe_prod_announce_attack,57906.0,57906.0,13087.0,-438.0,0.0,1,25177,Sync,True,False,False,False,0,H0
215.970801,timesafe_prod_announce_attack,-41596.0,-41596.0,45029.0,31504.0,0.0,1,25178,Sync,True,False,False,False,0,H0
216.034878,timesafe_prod_announce_attack,57404.0,57404.0,13241.0,-284.0,0.0,1,25179,Sync,True,False,False,False,0,H0
216.098818,timesafe_prod_announce_attack,-45020.0,-45020.0,46577.0,33052.0,0.0,1,25180,Sync,True,False,False,False,0,H0
216.162877,timesafe_prod_announce_attack,24492.0,24492.0,46577.0,33052.0,0.0,1,25181,Sync,True,False,False,False,0,H0
216.226799,timesafe_prod_announce_attack,-44618.0,-44618.0,46147.0,32622.0,0.0,1,25182,Sync,True,False,False,False,0,H0
216.28285,timesafe_prod_announce_attack,24166.0,24166.0,46147.0,32622.0,0.0,1,25183,Sync,True,False,False,False,0,H0
216.346828,timesafe_prod_announce_attack,-44184.0,-44184.0,46173.0,32648.0,0.0,1,25184,Sync,True,False,False,False,0,H0
216.410884,timesafe_prod_announce_attack,58768.0,58768.0,11833.0,-1692.0,0.0,1,25185,Sync,True,False,False,False,0,H0
216.474765,timesafe_prod_announce_attack,-45470.0,-45470.0,46967.0,33442.0,0.0,1,25186,Sync,True,False,False,False,0,H0
216.53884,timesafe_prod_announce_attack,57228.0,57228.0,13733.0,208.0,0.0,1,25187,Sync,True,False,False,False,0,H0
216.602813,timesafe_prod_announce_attack,-44980.0,-44980.0,46681.0,33156.0,0.0,1,25188,Sync,True,False,False,False,0,H0
216.658947,timesafe_prod_announce_attack,23784.0,23784.0,46681.0,33156.0,0.0,1,25189,Sync,True,False,False,False,0,H0
216.722829,timesafe_prod_announce_attack,-46838.0,-46838.0,48215.0,34690.0,0.0,1,25190,Sync,True,False,False,False,0,H0
216.786899,timesafe_prod_announce_attack,60780.0,60780.0,10405.0,-3120.0,0.0,1,25191,Sync,True,False,False,False,0,H0
216.850851,timesafe_prod_announce_attack,-45836.0,-45836.0,47469.0,33944.0,0.0,1,25192,Sync,True,False,False,False,0,H0
216.914975,timesafe_prod_announce_attack,23624.0,23624.0,47469.0,33944.0,0.0,1,25193,Sync,True,False,False,False,0,H0
216.970805,timesafe_prod_announce_attack,-43914.0,-43914.0,45587.0,32062.0,0.0,1,25194,Sync,True,False,False,False,0,H0
217.034917,timesafe_prod_announce_attack,59640.0,59640.0,11121.0,-2404.0,0.0,1,25195,Sync,True,False,False,False,0,H0
217.098799,timesafe_prod_announce_attack,-43950.0,-43950.0,45283.0,31758.0,0.0,1,25196,Sync,True,False,False,False,0,H0
217.162916,timesafe_prod_announce_attack,58800.0,58800.0,12537.0,-988.0,0.0,1,25197,Sync,True,False,False,False,0,H0
217.226856,timesafe_prod_announce_attack,-45372.0,-45372.0,47213.0,33688.0,0.0,1,25198,Sync,True,False,False,False,0,H0
217.282929,timesafe_prod_announce_attack,23668.0,23668.0,47213.0,33688.0,0.0,1,25199,Sync,True,False,False,False,0,H0
217.346803,timesafe_prod_announce_attack,-43062.0,-43062.0,45071.0,31546.0,0.0,1,25200,Sync,True,False,False,False,0,H0
217.41093,timesafe_prod_announce_attack,26014.0,26014.0,45071.0,31546.0,0.0,1,25201,Sync,True,False,False,False,0,H0
217.474859,timesafe_prod_announce_attack,-46056.0,-46056.0,47737.0,34212.0,0.0,1,25202,Sync,True,False,False,False,0,H0
217.538922,timesafe_prod_announce_attack,59134.0,59134.0,11719.0,-1806.0,0.0,1,25203,Sync,True,False,False,False,0,H0
217.602864,timesafe_prod_announce_attack,-46120.0,-46120.0,47389.0,33864.0,0.0,1,25204,Sync,True,False,False,False,0,H0
217.658988,timesafe_prod_announce_attack,58356.0,58356.0,12865.0,-660.0,0.0,1,25205,Sync,True,False,False,False,0,H0
217.72286,timesafe_prod_announce_attack,-45024.0,-45024.0,46105.0,32580.0,0.0,1,25206,Sync,True,False,False,False,0,H0
217.786983,timesafe_prod_announce_attack,24748.0,24748.0,46105.0,32580.0,0.0,1,25207,Sync,True,False,False,False,0,H0
217.850834,timesafe_prod_announce_attack,-45606.0,-45606.0,47003.0,33478.0,0.0,1,25208,Sync,True,False,False,False,0,H0
217.914926,timesafe_prod_announce_attack,23886.0,23886.0,47003.0,33478.0,0.0,1,25209,Sync,True,False,False,False,0,H0
217.970796,timesafe_prod_announce_attack,-45686.0,-45686.0,48403.0,34878.0,0.0,1,25210,Sync,True,False,False,False,0,H0
218.034886,timesafe_prod_announce_attack,21942.0,21942.0,48403.0,34878.0,0.0,1,25211,Sync,True,False,False,False,0,H0
218.098832,timesafe_prod_announce_attack,-44450.0,-44450.0,46611.0,33086.0,0.0,1,25212,Sync,True,False,False,False,0,H0
218.162902,timesafe_prod_announce_attack,59898.0,59898.0,11199.0,-2326.0,0.0,1,25213,Sync,True,False,False,False,0,H0
218.226794,timesafe_prod_announce_attack,-9766.0,-9766.0,11199.0,-2326.0,0.0,1,25214,Sync,True,False,False,False,0,H0
218.282874,timesafe_prod_announce_attack,57032.0,57032.0,13277.0,-248.0,0.0,1,25215,Sync,True,False,False,False,0,H0
218.346802,timesafe_prod_announce_attack,-44646.0,-44646.0,46963.0,33438.0,0.0,1,25216,Sync,True,False,False,False,0,H0
218.41092,timesafe_prod_announce_attack,23634.0,23634.0,46963.0,33438.0,0.0,1,25217,Sync,True,False,False,False,0,H0
218.47483,timesafe_prod_announce_attack,-44632.0,-44632.0,46589.0,33064.0,0.0,1,25218,Sync,True,False,False,False,0,H0
218.53887,timesafe_prod_announce_attack,24268.0,24268.0,46589.0,33064.0,0.0,1,25219,Sync,True,False,False,False,0,H0
218.602832,timesafe_prod_announce_attack,-43656.0,-43656.0,45409.0,31884.0,0.0,1,25220,Sync,True,False,False,False,0,H0
218.6589,timesafe_prod_announce_attack,56832.0,56832.0,13993.0,468.0,0.0,1,25221,Sync,True,False,False,False,0,H0
218.722862,timesafe_prod_announce_attack,-12672.0,-12672.0,13993.0,468.0,0.0,1,25222,Sync,True,False,False,False,0,H0
218.786923,timesafe_prod_announce_attack,59746.0,59746.0,11871.0,-1654.0,0.0,1,25223,Sync,True,False,False,False,0,H0
218.850794,timesafe_prod_announce_attack,-45126.0,-45126.0,46203.0,32678.0,0.0,1,25224,Sync,True,False,False,False,0,H0
218.914954,timesafe_prod_announce_attack,24922.0,24922.0,46203.0,32678.0,0.0,1,25225,Sync,True,False,False,False,0,H0
218.970815,timesafe_prod_announce_attack,-46576.0,-46576.0,48341.0,34816.0,0.0,1,25226,Sync,True,False,False,False,0,H0
219.034904,timesafe_prod_announce_attack,22488.0,22488.0,48341.0,34816.0,0.0,1,25227,Sync,True,False,False,False,0,H0
219.098863,timesafe_prod_announce_attack,-44734.0,-44734.0,46819.0,33294.0,0.0,1,25228,Sync,True,False,False,False,0,H0
219.162908,timesafe_prod_announce_attack,23914.0,23914.0,46819.0,33294.0,0.0,1,25229,Sync,True,False,False,False,0,H0
219.22687,timesafe_prod_announce_attack,-45760.0,-45760.0,47657.0,34132.0,0.0,1,25230,Sync,True,False,False,False,0,H0
219.282959,timesafe_prod_announce_attack,23480.0,23480.0,47657.0,34132.0,0.0,1,25231,Sync,True,False,False,False,0,H0
219.346848,timesafe_prod_announce_attack,-45772.0,-45772.0,47249.0,33724.0,0.0,1,25232,Sync,True,False,False,False,0,H0
219.410949,timesafe_prod_announce_attack,59726.0,59726.0,11163.0,-2362.0,0.0,1,25233,Sync,True,False,False,False,0,H0
219.474822,timesafe_prod_announce_attack,-46346.0,-46346.0,47947.0,34422.0,0.0,1,25234,Sync,True,False,False,False,0,H0
219.538944,timesafe_prod_announce_attack,59166.0,59166.0,11959.0,-1566.0,0.0,1,25235,Sync,True,False,False,False,0,H0
219.602847,timesafe_prod_announce_attack,-46230.0,-46230.0,47843.0,34318.0,0.0,1,25236,Sync,True,False,False,False,0,H0
219.65899,timesafe_prod_announce_attack,58884.0,58884.0,12197.0,-1328.0,0.0,1,25237,Sync,True,False,False,False,0,H0
219.722813,timesafe_prod_announce_attack,-44894.0,-44894.0,46291.0,32766.0,0.0,1,25238,Sync,True,False,False,False,0,H0
219.786896,timesafe_prod_announce_attack,59162.0,59162.0,11327.0,-2198.0,0.0,1,25239,Sync,True,False,False,False,0,H0
219.85085,timesafe_prod_announce_attack,-46122.0,-46122.0,48251.0,34726.0,0.0,1,25240,Sync,True,False,False,False,0,H0
219.91488,timesafe_prod_announce_attack,59096.0,59096.0,12109.0,-1416.0,0.0,1,25241,Sync,True,False,False,False,0,H0
219.9708,timesafe_prod_announce_attack,-45760.0,-45760.0,47893.0,34368.0,0.0,1,25242,Sync,True,False,False,False,0,H0
220.034906,timesafe_prod_announce_attack,57354.0,57354.0,13791.0,266.0,0.0,1,25243,Sync,True,False,False,False,0,H0
220.098816,timesafe_prod_announce_attack,-44796.0,-44796.0,47061.0,33536.0,0.0,1,25244,Sync,True,False,False,False,0,H0
220.162903,timesafe_prod_announce_attack,58738.0,58738.0,12263.0,-1262.0,0.0,1,25245,Sync,True,False,False,False,0,H0
220.226839,timesafe_prod_announce_attack,-44312.0,-44312.0,46201.0,32676.0,0.0,1,25246,Sync,True,False,False,False,0,H0
220.282913,timesafe_prod_announce_attack,59184.0,59184.0,11073.0,-2452.0,0.0,1,25247,Sync,True,False,False,False,0,H0
220.346818,timesafe_prod_announce_attack,-9436.0,-9436.0,11073.0,-2452.0,0.0,1,25248,Sync,True,False,False,False,0,H0
220.410909,timesafe_prod_announce_attack,58324.0,58324.0,12265.0,-1260.0,0.0,1,25249,Sync,True,False,False,False,0,H0
220.474819,timesafe_prod_announce_attack,-10724.0,-10724.0,12265.0,-1260.0,0.0,1,25250,Sync,True,False,False,False,0,H0
220.538909,timesafe_prod_announce_attack,57390.0,57390.0,12931.0,-594.0,0.0,1,25251,Sync,True,False,False,False,0,H0
220.602861,timesafe_prod_announce_attack,-11482.0,-11482.0,12931.0,-594.0,0.0,1,25252,Sync,True,False,False,False,0,H0
220.658976,timesafe_prod_announce_attack,60226.0,60226.0,11087.0,-2438.0,0.0,1,25253,Sync,True,False,False,False,0,H0
220.722882,timesafe_prod_announce_attack,-45396.0,-45396.0,47269.0,33744.0,0.0,1,25254,Sync,True,False,False,False,0,H0
220.786994,timesafe_prod_announce_attack,59942.0,59942.0,10503.0,-3022.0,0.0,1,25255,Sync,True,False,False,False,0,H0
220.850881,timesafe_prod_announce_attack,-9206.0,-9206.0,10503.0,-3022.0,0.0,1,25256,Sync,True,False,False,False,0,H0
220.915009,timesafe_prod_announce_attack,58618.0,58618.0,12271.0,-1254.0,0.0,1,25257,Sync,True,False,False,False,0,H0
220.970893,timesafe_prod_announce_attack,-44502.0,-44502.0,45735.0,32210.0,0.0,1,25258,Sync,True,False,False,False,0,H0
221.034985,timesafe_prod_announce_attack,57488.0,57488.0,13281.0,-244.0,0.0,1,25259,Sync,True,False,False,False,0,H0
221.098875,timesafe_prod_announce_attack,-45958.0,-45958.0,47327.0,33802.0,0.0,1,25260,Sync,True,False,False,False,0,H0
221.162945,timesafe_prod_announce_attack,23710.0,23710.0,47327.0,33802.0,0.0,1,25261,Sync,True,False,False,False,0,H0
221.22681,timesafe_prod_announce_attack,-45728.0,-45728.0,47181.0,33656.0,0.0,1,25262,Sync,True,False,False,False,0,H0
221.282919,timesafe_prod_announce_attack,57798.0,57798.0,13047.0,-478.0,0.0,1,25263,Sync,True,False,False,False,0,H0
221.346836,timesafe_prod_announce_attack,-9958.0,-9958.0,13047.0,-478.0,0.0,1,25264,Sync,True,False,False,False,0,H0
221.410937,timesafe_prod_announce_attack,58670.0,58670.0,12327.0,-1198.0,0.0,1,25265,Sync,True,False,False,False,0,H0
221.474837,timesafe_prod_announce_attack,-45362.0,-45362.0,47503.0,33978.0,0.0,1,25266,Sync,True,False,False,False,0,H0
221.53892,timesafe_prod_announce_attack,23142.0,23142.0,47503.0,33978.0,0.0,1,25267,Sync,True,False,False,False,0,H0
221.602809,timesafe_prod_announce_attack,-47046.0,-47046.0,48383.0,34858.0,0.0,1,25268,Sync,True,False,False,False,0,H0
221.658891,timesafe_prod_announce_attack,22370.0,22370.0,48383.0,34858.0,0.0,1,25269,Sync,True,False,False,False,0,H0
221.722847,timesafe_prod_announce_attack,-44822.0,-44822.0,46327.0,32802.0,0.0,1,25270,Sync,True,False,False,False,0,H0
221.786922,timesafe_prod_announce_attack,24058.0,24058.0,46327.0,32802.0,0.0,1,25271,Sync,True,False,False,False,0,H0
221.850841,timesafe_prod_announce_attack,-43822.0,-43822.0,45879.0,32354.0,0.0,1,25272,Sync,True,False,False,False,0,H0
221.914895,timesafe_prod_announce_attack,58326.0,58326.0,12067.0,-1458.0,0.0,1,25273,Sync,True,False,False,False,0,H0
221.970799,timesafe_prod_announce_attack,-45208.0,-45208.0,47037.0,33512.0,0.0,1,25274,Sync,True,False,False,False,0,H0
222.034935,timesafe_prod_announce_attack,59090.0,59090.0,11551.0,-1974.0,0.0,1,25275,Sync,True,False,False,False,0,H0
222.09885,timesafe_prod_announce_attack,-46218.0,-46218.0,47799.0,34274.0,0.0,1,25276,Sync,True,False,False,False,0,H0
222.162956,timesafe_prod_announce_attack,59054.0,59054.0,12179.0,-1346.0,0.0,1,25277,Sync,True,False,False,False,0,H0
222.226863,timesafe_prod_announce_attack,-43722.0,-43722.0,45331.0,31806.0,0.0,1,25278,Sync,True,False,False,False,0,H0
222.282946,timesafe_prod_announce_attack,58908.0,58908.0,11757.0,-1768.0,0.0,1,25279,Sync,True,False,False,False,0,H0
222.346845,timesafe_prod_announce_attack,-44356.0,-44356.0,46125.0,32600.0,0.0,1,25280,Sync,True,False,False,False,0,H0
222.41096,timesafe_prod_announce_attack,59860.0,59860.0,11057.0,-2468.0,0.0,1,25281,Sync,True,False,False,False,0,H0
222.474847,timesafe_prod_announce_attack,-45482.0,-45482.0,47295.0,33770.0,0.0,1,25282,Sync,True,False,False,False,0,H0
222.538905,timesafe_prod_announce_attack,23170.0,23170.0,47295.0,33770.0,0.0,1,25283,Sync,True,False,False,False,0,H0
222.602886,timesafe_prod_announce_attack,-44194.0,-44194.0,45579.0,32054.0,0.0,1,25284,Sync,True,False,False,False,0,H0
222.658965,timesafe_prod_announce_attack,25386.0,25386.0,45579.0,32054.0,0.0,1,25285,Sync,True,False,False,False,0,H0
222.72284,timesafe_prod_announce_attack,-45550.0,-45550.0,47523.0,33998.0,0.0,1,25286,Sync,True,False,False,False,0,H0
222.786989,timesafe_prod_announce_attack,60164.0,60164.0,10661.0,-2864.0,0.0,1,25287,Sync,True,False,False,False,0,H0
222.850855,timesafe_prod_announce_attack,-43416.0,-43416.0,45217.0,31692.0,0.0,1,25288,Sync,True,False,False,False,0,H0
222.914973,timesafe_prod_announce_attack,59494.0,59494.0,11163.0,-2362.0,0.0,1,25289,Sync,True,False,False,False,0,H0
222.970874,timesafe_prod_announce_attack,-9622.0,-9622.0,11163.0,-2362.0,0.0,1,25290,Sync,True,False,False,False,0,H0
223.034996,timesafe_prod_announce_attack,59334.0,59334.0,11523.0,-2002.0,0.0,1,25291,Sync,True,False,False,False,0,H0
223.098877,timesafe_prod_announce_attack,-46306.0,-46306.0,48239.0,34714.0,0.0,1,25292,Sync,True,False,False,False,0,H0
223.162995,timesafe_prod_announce_attack,58592.0,58592.0,11945.0,-1580.0,0.0,1,25293,Sync,True,False,False,False,0,H0
223.226831,timesafe_prod_announce_attack,-43804.0,-43804.0,45777.0,32252.0,0.0,1,25294,Sync,True,False,False,False,0,H0
223.28298,timesafe_prod_announce_attack,59980.0,59980.0,10861.0,-2664.0,0.0,1,25295,Sync,True,False,False,False,0,H0
223.347427,timesafe_prod_announce_attack,-9928.0,-9928.0,10861.0,-2664.0,0.0,1,25296,Sync,True,False,False,False,0,H0
223.410948,timesafe_prod_announce_attack,58630.0,58630.0,12355.0,-1170.0,0.0,1,25297,Sync,True,False,False,False,0,H0
223.474864,timesafe_prod_announce_attack,-45136.0,-45136.0,47785.0,34260.0,0.0,1,25298,Sync,True,False,False,False,0,H0
223.538935,timesafe_prod_announce_attack,57122.0,57122.0,13387.0,-138.0,0.0,1,25299,Sync,True,False,False,False,0,H0
223.602856,timesafe_prod_announce_attack,-11790.0,-11790.0,13387.0,-138.0,0.0,1,25300,Sync,True,False,False,False,0,H0
223.658973,timesafe_prod_announce_attack,57168.0,57168.0,13389.0,-136.0,0.0,1,25301,Sync,True,False,False,False,0,H0
223.722857,timesafe_prod_announce_attack,-44386.0,-44386.0,46235.0,32710.0,0.0,1,25302,Sync,True,False,False,False,0,H0
223.78691,timesafe_prod_announce_attack,24594.0,24594.0,46235.0,32710.0,0.0,1,25303,Sync,True,False,False,False,0,H0
223.850884,timesafe_prod_announce_attack,-46384.0,-46384.0,48229.0,34704.0,0.0,1,25304,Sync,True,False,False,False,0,H0
223.914939,timesafe_prod_announce_attack,22228.0,22228.0,48229.0,34704.0,0.0,1,25305,Sync,True,False,False,False,0,H0
223.970823,timesafe_prod_announce_attack,-45134.0,-45134.0,46179.0,32654.0,0.0,1,25306,Sync,True,False,False,False,0,H0
224.035013,timesafe_prod_announce_attack,60672.0,60672.0,10317.0,-3208.0,0.0,1,25307,Sync,True,False,False,False,0,H0
224.098888,timesafe_prod_announce_attack,-8476.0,-8476.0,10317.0,-3208.0,0.0,1,25308,Sync,True,False,False,False,0,H0
224.162979,timesafe_prod_announce_attack,59396.0,59396.0,11709.0,-1816.0,0.0,1,25309,Sync,True,False,False,False,0,H0
224.226855,timesafe_prod_announce_attack,-44266.0,-44266.0,45667.0,32142.0,0.0,1,25310,Sync,True,False,False,False,0,H0
224.28306,timesafe_prod_announce_attack,60748.0,60748.0,10297.0,-3228.0,0.0,1,25311,Sync,True,False,False,False,0,H0
224.346855,timesafe_prod_announce_attack,-46412.0,-46412.0,47629.0,34104.0,0.0,1,25312,Sync,True,False,False,False,0,H0
224.410949,timesafe_prod_announce_attack,23256.0,23256.0,47629.0,34104.0,0.0,1,25313,Sync,True,False,False,False,0,H0
224.474863,timesafe_prod_announce_attack,-43146.0,-43146.0,45195.0,31670.0,0.0,1,25314,Sync,True,False,False,False,0,H0
224.539007,timesafe_prod_announce_attack,59390.0,59390.0,11371.0,-2154.0,0.0,1,25315,Sync,True,False,False,False,0,H0
224.602843,timesafe_prod_announce_attack,-9902.0,-9902.0,11371.0,-2154.0,0.0,1,25316,Sync,True,False,False,False,0,H0
224.658973,timesafe_prod_announce_attack,59088.0,59088.0,11853.0,-1672.0,0.0,1,25317,Sync,True,False,False,False,0,H0
224.722868,timesafe_prod_announce_attack,-44318.0,-44318.0,45639.0,32114.0,0.0,1,25318,Sync,True,False,False,False,0,H0
224.78696,timesafe_prod_announce_attack,58446.0,58446.0,12823.0,-702.0,0.0,1,25319,Sync,True,False,False,False,0,H0
224.850843,timesafe_prod_announce_attack,-11006.0,-11006.0,12823.0,-702.0,0.0,1,25320,Sync,True,False,False,False,0,H0
224.914951,timesafe_prod_announce_attack,56758.0,56758.0,13451.0,-74.0,0.0,1,25321,Sync,True,False,False,False,0,H0
224.97087,timesafe_prod_announce_attack,-43996.0,-43996.0,45929.0,32404.0,0.0,1,25322,Sync,True,False,False,False,0,H0
225.034977,timesafe_prod_announce_attack,57326.0,57326.0,13775.0,250.0,0.0,1,25323,Sync,True,False,False,False,0,H0
225.09889,timesafe_prod_announce_attack,-43276.0,-43276.0,45921.0,32396.0,0.0,1,25324,Sync,True,False,False,False,0,H0
225.16298,timesafe_prod_announce_attack,60138.0,60138.0,11679.0,-1846.0,0.0,1,25325,Sync,True,False,False,False,0,H0
225.226853,timesafe_prod_announce_attack,-44112.0,-44112.0,46057.0,32532.0,0.0,1,25326,Sync,True,False,False,False,0,H0
225.282961,timesafe_prod_announce_attack,56592.0,56592.0,13609.0,84.0,0.0,1,25327,Sync,True,False,False,False,0,H0
225.346895,timesafe_prod_announce_attack,-11984.0,-11984.0,13609.0,84.0,0.0,1,25328,Sync,True,False,False,False,0,H0
225.410978,timesafe_prod_announce_attack,57412.0,57412.0,13749.0,224.0,0.0,1,25329,Sync,True,False,False,False,0,H0
225.47487,timesafe_prod_announce_attack,-11624.0,-11624.0,13749.0,224.0,0.0,1,25330,Sync,True,False,False,False,0,H0
225.538925,timesafe_prod_announce_attack,60038.0,60038.0,10651.0,-2874.0,0.0,1,25331,Sync,True,False,False,False,0,H0
225.602908,timesafe_prod_announce_attack,-46894.0,-46894.0,47879.0,34354.0,0.0,1,25332,Sync,True,False,False,False,0,H0
225.658986,timesafe_prod_announce_attack,58200.0,58200.0,12665.0,-860.0,0.0,1,25333,Sync,True,False,False,False,0,H0
225.722873,timesafe_prod_announce_attack,-43550.0,-43550.0,45215.0,31690.0,0.0,1,25334,Sync,True,False,False,False,0,H0
225.786987,timesafe_prod_announce_attack,56858.0,56858.0,13515.0,-10.0,0.0,1,25335,Sync,True,False,False,False,0,H0
225.850899,timesafe_prod_announce_attack,-44406.0,-44406.0,45955.0,32430.0,0.0,1,25336,Sync,True,False,False,False,0,H0
225.91499,timesafe_prod_announce_attack,25078.0,25078.0,45955.0,32430.0,0.0,1,25337,Sync,True,False,False,False,0,H0
225.97093,timesafe_prod_announce_attack,-44712.0,-44712.0,46481.0,32956.0,0.0,1,25338,Sync,True,False,False,False,0,H0
226.035001,timesafe_prod_announce_attack,57770.0,57770.0,12955.0,-570.0,0.0,1,25339,Sync,True,False,False,False,0,H0
226.098924,timesafe_prod_announce_attack,-46086.0,-46086.0,48079.0,34554.0,0.0,1,25340,Sync,True,False,False,False,0,H0
226.163018,timesafe_prod_announce_attack,22410.0,22410.0,48079.0,34554.0,0.0,1,25341,Sync,True,False,False,False,0,H0
226.226896,timesafe_prod_announce_attack,-44376.0,-44376.0,45977.0,32452.0,0.0,1,25342,Sync,True,False,False,False,0,H0
226.282988,timesafe_prod_announce_attack,56534.0,56534.0,13819.0,294.0,0.0,1,25343,Sync,True,False,False,False,0,H0
226.34685,timesafe_prod_announce_attack,-12342.0,-12342.0,13819.0,294.0,0.0,1,25344,Sync,True,False,False,False,0,H0
226.410959,timesafe_prod_announce_attack,58106.0,58106.0,12555.0,-970.0,0.0,1,25345,Sync,True,False,False,False,0,H0
226.475052,timesafe_prod_announce_attack,-43636.0,-43636.0,45249.0,31724.0,0.0,1,25346,Sync,True,False,False,False,0,H0
226.538995,timesafe_prod_announce_attack,59750.0,59750.0,11027.0,-2498.0,0.0,1,25347,Sync,True,False,False,False,0,H0
226.602914,timesafe_prod_announce_attack,-9890.0,-9890.0,11027.0,-2498.0,0.0,1,25348,Sync,True,False,False,False,0,H0
226.659051,timesafe_prod_announce_attack,57150.0,57150.0,13847.0,322.0,0.0,1,25349,Sync,True,False,False,False,0,H0
226.722875,timesafe_prod_announce_attack,-46680.0,-46680.0,48645.0,35120.0,0.0,1,25350,Sync,True,False,False,False,0,H0
226.787006,timesafe_prod_announce_attack,59838.0,59838.0,10811.0,-2714.0,0.0,1,25351,Sync,True,False,False,False,0,H0
226.850892,timesafe_prod_announce_attack,-44372.0,-44372.0,46349.0,32824.0,0.0,1,25352,Sync,True,False,False,False,0,H0
226.914965,timesafe_prod_announce_attack,56674.0,56674.0,13647.0,122.0,0.0,1,25353,Sync,True,False,False,False,0,H0
226.970849,timesafe_prod_announce_attack,-12086.0,-12086.0,13647.0,122.0,0.0,1,25354,Sync,True,False,False,False,0,H0
227.03498,timesafe_prod_announce_attack,57330.0,57330.0,13547.0,22.0,0.0,1,25355,Sync,True,False,False,False,0,H0
227.098881,timesafe_prod_announce_attack,-43766.0,-43766.0,45411.0,31886.0,0.0,1,25356,Sync,True,False,False,False,0,H0
227.162971,timesafe_prod_announce_attack,25394.0,25394.0,45411.0,31886.0,0.0,1,25357,Sync,True,False,False,False,0,H0
227.226898,timesafe_prod_announce_attack,-45000.0,-45000.0,46777.0,33252.0,0.0,1,25358,Sync,True,False,False,False,0,H0
227.282976,timesafe_prod_announce_attack,56658.0,56658.0,13719.0,194.0,0.0,1,25359,Sync,True,False,False,False,0,H0
227.346914,timesafe_prod_announce_attack,-43348.0,-43348.0,45241.0,31716.0,0.0,1,25360,Sync,True,False,False,False,0,H0
227.411035,timesafe_prod_announce_attack,25136.0,25136.0,45241.0,31716.0,0.0,1,25361,Sync,True,False,False,False,0,H0
227.474897,timesafe_prod_announce_attack,-42660.0,-42660.0,44681.0,31156.0,0.0,1,25362,Sync,True,False,False,False,0,H0
227.538941,timesafe_prod_announce_attack,56776.0,56776.0,13781.0,256.0,0.0,1,25363,Sync,True,False,False,False,0,H0
227.602889,timesafe_prod_announce_attack,-44134.0,-44134.0,45187.0,31662.0,0.0,1,25364,Sync,True,False,False,False,0,H0
227.659069,timesafe_prod_announce_attack,25914.0,25914.0,45187.0,31662.0,0.0,1,25365,Sync,True,False,False,False,0,H0
227.72292,timesafe_prod_announce_attack,-44842.0,-44842.0,46715.0,33190.0,0.0,1,25366,Sync,True,False,False,False,0,H0
227.786975,timesafe_prod_announce_attack,59014.0,59014.0,11439.0,-2086.0,0.0,1,25367,Sync,True,False,False,False,0,H0
227.850947,timesafe_prod_announce_attack,-8822.0,-8822.0,11439.0,-2086.0,0.0,1,25368,Sync,True,False,False,False,0,H0
227.915027,timesafe_prod_announce_attack,57348.0,57348.0,13205.0,-320.0,0.0,1,25369,Sync,True,False,False,False,0,H0
227.970946,timesafe_prod_announce_attack,-46308.0,-46308.0,47705.0,34180.0,0.0,1,25370,Sync,True,False,False,False,0,H0
228.035006,timesafe_prod_announce_attack,57898.0,57898.0,13127.0,-398.0,0.0,1,25371,Sync,True,False,False,False,0,H0
228.098943,timesafe_prod_announce_attack,-10926.0,-10926.0,13127.0,-398.0,0.0,1,25372,Sync,True,False,False,False,0,H0
228.163029,timesafe_prod_announce_attack,59814.0,59814.0,11071.0,-2454.0,0.0,1,25373,Sync,True,False,False,False,0,H0
228.226938,timesafe_prod_announce_attack,-46832.0,-46832.0,48453.0,34928.0,0.0,1,25374,Sync,True,False,False,False,0,H0
228.282985,timesafe_prod_announce_attack,22644.0,22644.0,48453.0,34928.0,0.0,1,25375,Sync,True,False,False,False,0,H0
228.346924,timesafe_prod_announce_attack,-47076.0,-47076.0,48785.0,35260.0,0.0,1,25376,Sync,True,False,False,False,0,H0
228.411035,timesafe_prod_announce_attack,59552.0,59552.0,11205.0,-2320.0,0.0,1,25377,Sync,True,False,False,False,0,H0
228.474924,timesafe_prod_announce_attack,-45780.0,-45780.0,47557.0,34032.0,0.0,1,25378,Sync,True,False,False,False,0,H0
228.53901,timesafe_prod_announce_attack,23564.0,23564.0,47557.0,34032.0,0.0,1,25379,Sync,True,False,False,False,0,H0
228.602919,timesafe_prod_announce_attack,-43856.0,-43856.0,45745.0,32220.0,0.0,1,25380,Sync,True,False,False,False,0,H0
228.659013,timesafe_prod_announce_attack,57436.0,57436.0,13173.0,-352.0,0.0,1,25381,Sync,True,False,False,False,0,H0
228.722921,timesafe_prod_announce_attack,-11836.0,-11836.0,13173.0,-352.0,0.0,1,25382,Sync,True,False,False,False,0,H0
228.78702,timesafe_prod_announce_attack,58696.0,58696.0,11397.0,-2128.0,0.0,1,25383,Sync,True,False,False,False,0,H0
228.850899,timesafe_prod_announce_attack,-45186.0,-45186.0,46839.0,33314.0,0.0,1,25384,Sync,True,False,False,False,0,H0
228.915069,timesafe_prod_announce_attack,60142.0,60142.0,10999.0,-2526.0,0.0,1,25385,Sync,True,False,False,False,0,H0
228.970897,timesafe_prod_announce_attack,-9130.0,-9130.0,10999.0,-2526.0,0.0,1,25386,Sync,True,False,False,False,0,H0
229.035073,timesafe_prod_announce_attack,57014.0,57014.0,14223.0,698.0,0.0,1,25387,Sync,True,False,False,False,0,H0
229.098894,timesafe_prod_announce_attack,-12774.0,-12774.0,14223.0,698.0,0.0,1,25388,Sync,True,False,False,False,0,H0
229.16302,timesafe_prod_announce_attack,58022.0,58022.0,12963.0,-562.0,0.0,1,25389,Sync,True,False,False,False,0,H0
229.226906,timesafe_prod_announce_attack,-44340.0,-44340.0,45985.0,32460.0,0.0,1,25390,Sync,True,False,False,False,0,H0
229.283,timesafe_prod_announce_attack,59260.0,59260.0,11065.0,-2460.0,0.0,1,25391,Sync,True,False,False,False,0,H0
229.346902,timesafe_prod_announce_attack,-45758.0,-45758.0,47571.0,34046.0,0.0,1,25392,Sync,True,False,False,False,0,H0
229.411022,timesafe_prod_announce_attack,58938.0,58938.0,11587.0,-1938.0,0.0,1,25393,Sync,True,False,False,False,0,H0
229.474903,timesafe_prod_announce_attack,-45630.0,-45630.0,47159.0,33634.0,0.0,1,25394,Sync,True,False,False,False,0,H0
229.53902,timesafe_prod_announce_attack,56592.0,56592.0,13681.0,156.0,0.0,1,25395,Sync,True,False,False,False,0,H0
229.602912,timesafe_prod_announce_attack,-45602.0,-45602.0,47395.0,33870.0,0.0,1,25396,Sync,True,False,False,False,0,H0
229.659019,timesafe_prod_announce_attack,23246.0,23246.0,47395.0,33870.0,0.0,1,25397,Sync,True,False,False,False,0,H0
229.722916,timesafe_prod_announce_attack,-43326.0,-43326.0,45495.0,31970.0,0.0,1,25398,Sync,True,False,False,False,0,H0
229.787023,timesafe_prod_announce_attack,57130.0,57130.0,13299.0,-226.0,0.0,1,25399,Sync,True,False,False,False,0,H0
229.850904,timesafe_prod_announce_attack,-11054.0,-11054.0,13299.0,-226.0,0.0,1,25400,Sync,True,False,False,False,0,H0
229.915026,timesafe_prod_announce_attack,58972.0,58972.0,11529.0,-1996.0,0.0,1,25401,Sync,True,False,False,False,0,H0
229.970903,timesafe_prod_announce_attack,-43756.0,-43756.0,45537.0,32012.0,0.0,1,25402,Sync,True,False,False,False,0,H0
230.035028,timesafe_prod_announce_attack,25252.0,25252.0,45537.0,32012.0,0.0,1,25403,Sync,True,False,False,False,0,H0
230.098914,timesafe_prod_announce_attack,-45470.0,-45470.0,47039.0,33514.0,0.0,1,25404,Sync,True,False,False,False,0,H0
230.163032,timesafe_prod_announce_attack,58382.0,58382.0,12643.0,-882.0,0.0,1,25405,Sync,True,False,False,False,0,H0
230.226929,timesafe_prod_announce_attack,-11206.0,-11206.0,12643.0,-882.0,0.0,1,25406,Sync,True,False,False,False,0,H0
230.282977,timesafe_prod_announce_attack,57844.0,57844.0,13121.0,-404.0,0.0,1,25407,Sync,True,False,False,False,0,H0
230.346944,timesafe_prod_announce_attack,-11856.0,-11856.0,13121.0,-404.0,0.0,1,25408,Sync,True,False,False,False,0,H0
230.41102,timesafe_prod_announce_attack,58592.0,58592.0,11713.0,-1812.0,0.0,1,25409,Sync,True,False,False,False,0,H0
230.474898,timesafe_prod_announce_attack,-45342.0,-45342.0,46987.0,33462.0,0.0,1,25410,Sync,True,False,False,False,0,H0
230.539126,timesafe_prod_announce_attack,59718.0,59718.0,11475.0,-2050.0,0.0,1,25411,Sync,True,False,False,False,0,H0
230.602916,timesafe_prod_announce_attack,-44332.0,-44332.0,45445.0,31920.0,0.0,1,25412,Sync,True,False,False,False,0,H0
230.659051,timesafe_prod_announce_attack,60098.0,60098.0,10787.0,-2738.0,0.0,1,25413,Sync,True,False,False,False,0,H0
230.722968,timesafe_prod_announce_attack,-46172.0,-46172.0,48221.0,34696.0,0.0,1,25414,Sync,True,False,False,False,0,H0
230.787017,timesafe_prod_announce_attack,57808.0,57808.0,13085.0,-440.0,0.0,1,25415,Sync,True,False,False,False,0,H0
230.850918,timesafe_prod_announce_attack,-11588.0,-11588.0,13085.0,-440.0,0.0,1,25416,Sync,True,False,False,False,0,H0
230.915001,timesafe_prod_announce_attack,59958.0,59958.0,10715.0,-2810.0,0.0,1,25417,Sync,True,False,False,False,0,H0
230.970879,timesafe_prod_announce_attack,-43876.0,-43876.0,45093.0,31568.0,0.0,1,25418,Sync,True,False,False,False,0,H0
231.035008,timesafe_prod_announce_attack,25412.0,25412.0,45093.0,31568.0,0.0,1,25419,Sync,True,False,False,False,0,H0
231.098944,timesafe_prod_announce_attack,-45722.0,-45722.0,47291.0,33766.0,0.0,1,25420,Sync,True,False,False,False,0,H0
231.16306,timesafe_prod_announce_attack,59796.0,59796.0,10753.0,-2772.0,0.0,1,25421,Sync,True,False,False,False,0,H0
231.226922,timesafe_prod_announce_attack,-44862.0,-44862.0,46863.0,33338.0,0.0,1,25422,Sync,True,False,False,False,0,H0
231.28298,timesafe_prod_announce_attack,23290.0,23290.0,46863.0,33338.0,0.0,1,25423,Sync,True,False,False,False,0,H0
231.346903,timesafe_prod_announce_attack,-44252.0,-44252.0,45981.0,32456.0,0.0,1,25424,Sync,True,False,False,False,0,H0
231.411022,timesafe_prod_announce_attack,57724.0,57724.0,13205.0,-320.0,0.0,1,25425,Sync,True,False,False,False,0,H0
231.474927,timesafe_prod_announce_attack,-46080.0,-46080.0,48037.0,34512.0,0.0,1,25426,Sync,True,False,False,False,0,H0
231.539027,timesafe_prod_announce_attack,60344.0,60344.0,11229.0,-2296.0,0.0,1,25427,Sync,True,False,False,False,0,H0
231.6029,timesafe_prod_announce_attack,-10124.0,-10124.0,11229.0,-2296.0,0.0,1,25428,Sync,True,False,False,False,0,H0
231.65899,timesafe_prod_announce_attack,60806.0,60806.0,10443.0,-3082.0,0.0,1,25429,Sync,True,False,False,False,0,H0
231.722944,timesafe_prod_announce_attack,-46724.0,-46724.0,47929.0,34404.0,0.0,1,25430,Sync,True,False,False,False,0,H0
231.787034,timesafe_prod_announce_attack,60660.0,60660.0,10277.0,-3248.0,0.0,1,25431,Sync,True,False,False,False,0,H0
231.850935,timesafe_prod_announce_attack,-45672.0,-45672.0,47725.0,34200.0,0.0,1,25432,Sync,True,False,False,False,0,H0
231.915034,timesafe_prod_announce_attack,58360.0,58360.0,12849.0,-676.0,0.0,1,25433,Sync,True,False,False,False,0,H0
231.970898,timesafe_prod_announce_attack,-44362.0,-44362.0,46011.0,32486.0,0.0,1,25434,Sync,True,False,False,False,0,H0
232.035067,timesafe_prod_announce_attack,58766.0,58766.0,12219.0,-1306.0,0.0,1,25435,Sync,True,False,False,False,0,H0
232.098978,timesafe_prod_announce_attack,-10098.0,-10098.0,12219.0,-1306.0,0.0,1,25436,Sync,True,False,False,False,0,H0
232.163019,timesafe_prod_announce_attack,60082.0,60082.0,10811.0,-2714.0,0.0,1,25437,Sync,True,False,False,False,0,H0
232.220608,timesafe_prod_announce_attack,-45010.0,-45010.0,46651.0,33126.0,0.0,1,25438,Sync,True,False,False,False,0,H0
232.283016,timesafe_prod_announce_attack,57802.0,57802.0,13251.0,-274.0,0.0,1,25439,Sync,True,False,False,False,0,H0
232.346983,timesafe_prod_announce_attack,-45826.0,-45826.0,47747.0,34222.0,0.0,1,25440,Sync,True,False,False,False,0,H0
232.411067,timesafe_prod_announce_attack,22630.0,22630.0,47747.0,34222.0,0.0,1,25441,Sync,True,False,False,False,0,H0
232.474957,timesafe_prod_announce_attack,-46358.0,-46358.0,47411.0,33886.0,0.0,1,25442,Sync,True,False,False,False,0,H0
232.539054,timesafe_prod_announce_attack,23322.0,23322.0,47411.0,33886.0,0.0,1,25443,Sync,True,False,False,False,0,H0
232.602991,timesafe_prod_announce_attack,-44398.0,-44398.0,45679.0,32154.0,0.0,1,25444,Sync,True,False,False,False,0,H0
232.659078,timesafe_prod_announce_attack,25098.0,25098.0,45679.0,32154.0,0.0,1,25445,Sync,True,False,False,False,0,H0
232.722928,timesafe_prod_announce_attack,-43936.0,-43936.0,45497.0,31972.0,0.0,1,25446,Sync,True,False,False,False,0,H0
232.787049,timesafe_prod_announce_attack,58760.0,58760.0,12209.0,-1316.0,0.0,1,25447,Sync,True,False,False,False,0,H0
232.85093,timesafe_prod_announce_attack,-10664.0,-10664.0,12209.0,-1316.0,0.0,1,25448,Sync,True,False,False,False,0,H0
232.915052,timesafe_prod_announce_attack,58692.0,58692.0,12149.0,-1376.0,0.0,1,25449,Sync,True,False,False,False,0,H0
232.970928,timesafe_prod_announce_attack,-44154.0,-44154.0,45435.0,31910.0,0.0,1,25450,Sync,True,False,False,False,0,H0
233.035028,timesafe_prod_announce_attack,57200.0,57200.0,12937.0,-588.0,0.0,1,25451,Sync,True,False,False,False,0,H0
233.098933,timesafe_prod_announce_attack,-46004.0,-46004.0,47265.0,33740.0,0.0,1,25452,Sync,True,False,False,False,0,H0
233.16306,timesafe_prod_announce_attack,58854.0,58854.0,11747.0,-1778.0,0.0,1,25453,Sync,True,False,False,False,0,H0
233.226914,timesafe_prod_announce_attack,-46242.0,-46242.0,48423.0,34898.0,0.0,1,25454,Sync,True,False,False,False,0,H0
233.309726,timesafe_prod_announce_attack,59374.0,59374.0,11411.0,-2114.0,0.0,1,25455,Sync,True,False,False,False,0,H0
233.346964,timesafe_prod_announce_attack,-44412.0,-44412.0,46453.0,32928.0,0.0,1,25456,Sync,True,False,False,False,0,H0
233.411076,timesafe_prod_announce_attack,24564.0,24564.0,46453.0,32928.0,0.0,1,25457,Sync,True,False,False,False,0,H0
233.474966,timesafe_prod_announce_attack,-43038.0,-43038.0,44915.0,31390.0,0.0,1,25458,Sync,True,False,False,False,0,H0
233.539051,timesafe_prod_announce_attack,56756.0,56756.0,13717.0,192.0,0.0,1,25459,Sync,True,False,False,False,0,H0
233.602991,timesafe_prod_announce_attack,-45854.0,-45854.0,47007.0,33482.0,0.0,1,25460,Sync,True,False,False,False,0,H0
233.659025,timesafe_prod_announce_attack,24258.0,24258.0,47007.0,33482.0,0.0,1,25461,Sync,True,False,False,False,0,H0
233.722968,timesafe_prod_announce_attack,-45244.0,-45244.0,46817.0,33292.0,0.0,1,25462,Sync,True,False,False,False,0,H0
233.787082,timesafe_prod_announce_attack,24032.0,24032.0,46817.0,33292.0,0.0,1,25463,Sync,True,False,False,False,0,H0
233.850956,timesafe_prod_announce_attack,-47108.0,-47108.0,48389.0,34864.0,0.0,1,25464,Sync,True,False,False,False,0,H0
233.91501,timesafe_prod_announce_attack,59694.0,59694.0,11939.0,-1586.0,0.0,1,25465,Sync,True,False,False,False,0,H0
233.970969,timesafe_prod_announce_attack,-46978.0,-46978.0,48483.0,34958.0,0.0,1,25466,Sync,True,False,False,False,0,H0
234.035111,timesafe_prod_announce_attack,58246.0,58246.0,11875.0,-1650.0,0.0,1,25467,Sync,True,False,False,False,0,H0
234.099001,timesafe_prod_announce_attack,-10294.0,-10294.0,11875.0,-1650.0,0.0,1,25468,Sync,True,False,False,False,0,H0
234.163084,timesafe_prod_announce_attack,58352.0,58352.0,12693.0,-832.0,0.0,1,25469,Sync,True,False,False,False,0,H0
234.226964,timesafe_prod_announce_attack,-45108.0,-45108.0,46421.0,32896.0,0.0,1,25470,Sync,True,False,False,False,0,H0
234.283061,timesafe_prod_announce_attack,57312.0,57312.0,13161.0,-364.0,0.0,1,25471,Sync,True,False,False,False,0,H0
234.346923,timesafe_prod_announce_attack,-46532.0,-46532.0,48049.0,34524.0,0.0,1,25472,Sync,True,False,False,False,0,H0
234.411029,timesafe_prod_announce_attack,59880.0,59880.0,11053.0,-2472.0,0.0,1,25473,Sync,True,False,False,False,0,H0
234.474972,timesafe_prod_announce_attack,-44206.0,-44206.0,46235.0,32710.0,0.0,1,25474,Sync,True,False,False,False,0,H0
234.539001,timesafe_prod_announce_attack,60170.0,60170.0,10799.0,-2726.0,0.0,1,25475,Sync,True,False,False,False,0,H0
234.602984,timesafe_prod_announce_attack,-46276.0,-46276.0,48521.0,34996.0,0.0,1,25476,Sync,True,False,False,False,0,H0
234.658995,timesafe_prod_announce_attack,22188.0,22188.0,48521.0,34996.0,0.0,1,25477,Sync,True,False,False,False,0,H0
234.722913,timesafe_prod_announce_attack,-44530.0,-44530.0,46259.0,32734.0,0.0,1,25478,Sync,True,False,False,False,0,H0
234.787002,timesafe_prod_announce_attack,24134.0,24134.0,46259.0,32734.0,0.0,1,25479,Sync,True,False,False,False,0,H0
234.852041,timesafe_prod_announce_attack,-46066.0,-46066.0,47139.0,33614.0,0.0,1,25480,Sync,True,False,False,False,0,H0
234.915031,timesafe_prod_announce_attack,58132.0,58132.0,12169.0,-1356.0,0.0,1,25481,Sync,True,False,False,False,0,H0
234.970924,timesafe_prod_announce_attack,-11020.0,-11020.0,12169.0,-1356.0,0.0,1,25482,Sync,True,False,False,False,0,H0
235.03505,timesafe_prod_announce_attack,57402.0,57402.0,12979.0,-546.0,0.0,1,25483,Sync,True,False,False,False,0,H0
235.098948,timesafe_prod_announce_attack,-44694.0,-44694.0,46275.0,32750.0,0.0,1,25484,Sync,True,False,False,False,0,H0
235.163016,timesafe_prod_announce_attack,60466.0,60466.0,10567.0,-2958.0,0.0,1,25485,Sync,True,False,False,False,0,H0
235.226934,timesafe_prod_announce_attack,-46998.0,-46998.0,48295.0,34770.0,0.0,1,25486,Sync,True,False,False,False,0,H0
235.283028,timesafe_prod_announce_attack,57776.0,57776.0,12437.0,-1088.0,0.0,1,25487,Sync,True,False,False,False,0,H0
235.346958,timesafe_prod_announce_attack,-10276.0,-10276.0,12437.0,-1088.0,0.0,1,25488,Sync,True,False,False,False,0,H0
235.411006,timesafe_prod_announce_attack,59186.0,59186.0,12027.0,-1498.0,0.0,1,25489,Sync,True,False,False,False,0,H0
235.474924,timesafe_prod_announce_attack,-44600.0,-44600.0,46473.0,32948.0,0.0,1,25490,Sync,True,False,False,False,0,H0
235.539007,timesafe_prod_announce_attack,58096.0,58096.0,12393.0,-1132.0,0.0,1,25491,Sync,True,False,False,False,0,H0
235.602921,timesafe_prod_announce_attack,-11172.0,-11172.0,12393.0,-1132.0,0.0,1,25492,Sync,True,False,False,False,0,H0
235.659003,timesafe_prod_announce_attack,57516.0,57516.0,12793.0,-732.0,0.0,1,25493,Sync,True,False,False,False,0,H0
235.722981,timesafe_prod_announce_attack,-46168.0,-46168.0,47701.0,34176.0,0.0,1,25494,Sync,True,False,False,False,0,H0
235.787083,timesafe_prod_announce_attack,23396.0,23396.0,47701.0,34176.0,0.0,1,25495,Sync,True,False,False,False,0,H0
235.850984,timesafe_prod_announce_attack,-45220.0,-45220.0,47185.0,33660.0,0.0,1,25496,Sync,True,False,False,False,0,H0
235.91506,timesafe_prod_announce_attack,23248.0,23248.0,47185.0,33660.0,0.0,1,25497,Sync,True,False,False,False,0,H0
235.970919,timesafe_prod_announce_attack,-43868.0,-43868.0,45337.0,31812.0,0.0,1,25498,Sync,True,False,False,False,0,H0
236.035015,timesafe_prod_announce_attack,59716.0,59716.0,11181.0,-2344.0,0.0,1,25499,Sync,True,False,False,False,0,H0
236.098927,timesafe_prod_announce_attack,-46530.0,-46530.0,47903.0,34378.0,0.0,1,25500,Sync,True,False,False,False,0,H0
236.163052,timesafe_prod_announce_attack,58060.0,58060.0,12533.0,-992.0,0.0,1,25501,Sync,True,False,False,False,0,H0
236.226937,timesafe_prod_announce_attack,-44788.0,-44788.0,46441.0,32916.0,0.0,1,25502,Sync,True,False,False,False,0,H0
236.283172,timesafe_prod_announce_attack,59536.0,59536.0,11253.0,-2272.0,0.0,1,25503,Sync,True,False,False,False,0,H0
236.346994,timesafe_prod_announce_attack,-46062.0,-46062.0,48447.0,34922.0,0.0,1,25504,Sync,True,False,False,False,0,H0
236.411142,timesafe_prod_announce_attack,58278.0,58278.0,12107.0,-1418.0,0.0,1,25505,Sync,True,False,False,False,0,H0
236.474993,timesafe_prod_announce_attack,-44088.0,-44088.0,45717.0,32192.0,0.0,1,25506,Sync,True,False,False,False,0,H0
236.539097,timesafe_prod_announce_attack,58754.0,58754.0,11851.0,-1674.0,0.0,1,25507,Sync,True,False,False,False,0,H0
236.602941,timesafe_prod_announce_attack,-43428.0,-43428.0,45125.0,31600.0,0.0,1,25508,Sync,True,False,False,False,0,H0
236.659087,timesafe_prod_announce_attack,25812.0,25812.0,45125.0,31600.0,0.0,1,25509,Sync,True,False,False,False,0,H0
236.722993,timesafe_prod_announce_attack,-44850.0,-44850.0,46767.0,33242.0,0.0,1,25510,Sync,True,False,False,False,0,H0
236.787115,timesafe_prod_announce_attack,57270.0,57270.0,12939.0,-586.0,0.0,1,25511,Sync,True,False,False,False,0,H0
236.850992,timesafe_prod_announce_attack,-11502.0,-11502.0,12939.0,-586.0,0.0,1,25512,Sync,True,False,False,False,0,H0
236.915102,timesafe_prod_announce_attack,56978.0,56978.0,13831.0,306.0,0.0,1,25513,Sync,True,False,False,False,0,H0
236.970993,timesafe_prod_announce_attack,-44980.0,-44980.0,46473.0,32948.0,0.0,1,25514,Sync,True,False,False,False,0,H0
237.035151,timesafe_prod_announce_attack,58906.0,58906.0,12207.0,-1318.0,0.0,1,25515,Sync,True,False,False,False,0,H0
237.099022,timesafe_prod_announce_attack,-44148.0,-44148.0,46173.0,32648.0,0.0,1,25516,Sync,True,False,False,False,0,H0
237.16309,timesafe_prod_announce_attack,59410.0,59410.0,11259.0,-2266.0,0.0,1,25517,Sync,True,False,False,False,0,H0
237.226997,timesafe_prod_announce_attack,-43202.0,-43202.0,45087.0,31562.0,0.0,1,25518,Sync,True,False,False,False,0,H0
237.283081,timesafe_prod_announce_attack,59316.0,59316.0,11769.0,-1756.0,0.0,1,25519,Sync,True,False,False,False,0,H0
237.346977,timesafe_prod_announce_attack,-10148.0,-10148.0,11769.0,-1756.0,0.0,1,25520,Sync,True,False,False,False,0,H0
237.411024,timesafe_prod_announce_attack,57232.0,57232.0,13389.0,-136.0,0.0,1,25521,Sync,True,False,False,False,0,H0
237.474954,timesafe_prod_announce_attack,-44020.0,-44020.0,45769.0,32244.0,0.0,1,25522,Sync,True,False,False,False,0,H0
237.539053,timesafe_prod_announce_attack,25472.0,25472.0,45769.0,32244.0,0.0,1,25523,Sync,True,False,False,False,0,H0
237.603002,timesafe_prod_announce_attack,-45256.0,-45256.0,46425.0,32900.0,0.0,1,25524,Sync,True,False,False,False,0,H0
237.659123,timesafe_prod_announce_attack,24116.0,24116.0,46425.0,32900.0,0.0,1,25525,Sync,True,False,False,False,0,H0
237.722945,timesafe_prod_announce_attack,-44184.0,-44184.0,45725.0,32200.0,0.0,1,25526,Sync,True,False,False,False,0,H0
237.787043,timesafe_prod_announce_attack,57760.0,57760.0,12613.0,-912.0,0.0,1,25527,Sync,True,False,False,False,0,H0
237.850976,timesafe_prod_announce_attack,-45700.0,-45700.0,47265.0,33740.0,0.0,1,25528,Sync,True,False,False,False,0,H0
237.915061,timesafe_prod_announce_attack,60446.0,60446.0,10763.0,-2762.0,0.0,1,25529,Sync,True,False,False,False,0,H0
237.970943,timesafe_prod_announce_attack,-44440.0,-44440.0,46693.0,33168.0,0.0,1,25530,Sync,True,False,False,False,0,H0
238.035025,timesafe_prod_announce_attack,58258.0,58258.0,12851.0,-674.0,0.0,1,25531,Sync,True,False,False,False,0,H0
238.098965,timesafe_prod_announce_attack,-11278.0,-11278.0,12851.0,-674.0,0.0,1,25532,Sync,True,False,False,False,0,H0
238.163068,timesafe_prod_announce_attack,57488.0,57488.0,12737.0,-788.0,0.0,1,25533,Sync,True,False,False,False,0,H0
238.22699,timesafe_prod_announce_attack,-46162.0,-46162.0,47807.0,34282.0,0.0,1,25534,Sync,True,False,False,False,0,H0
238.283063,timesafe_prod_announce_attack,22678.0,22678.0,47807.0,34282.0,0.0,1,25535,Sync,True,False,False,False,0,H0
238.346983,timesafe_prod_announce_attack,-43812.0,-43812.0,45277.0,31752.0,0.0,1,25536,Sync,True,False,False,False,0,H0
238.411083,timesafe_prod_announce_attack,59604.0,59604.0,11189.0,-2336.0,0.0,1,25537,Sync,True,False,False,False,0,H0
238.474983,timesafe_prod_announce_attack,-46384.0,-46384.0,48273.0,34748.0,0.0,1,25538,Sync,True,False,False,False,0,H0
238.539037,timesafe_prod_announce_attack,22388.0,22388.0,48273.0,34748.0,0.0,1,25539,Sync,True,False,False,False,0,H0
238.602964,timesafe_prod_announce_attack,-45082.0,-45082.0,46351.0,32826.0,0.0,1,25540,Sync,True,False,False,False,0,H0
238.659086,timesafe_prod_announce_attack,59348.0,59348.0,11097.0,-2428.0,0.0,1,25541,Sync,True,False,False,False,0,H0
238.723009,timesafe_prod_announce_attack,-43428.0,-43428.0,45289.0,31764.0,0.0,1,25542,Sync,True,False,False,False,0,H0
238.787158,timesafe_prod_announce_attack,58360.0,58360.0,12093.0,-1432.0,0.0,1,25543,Sync,True,False,False,False,0,H0
238.850957,timesafe_prod_announce_attack,-44946.0,-44946.0,47055.0,33530.0,0.0,1,25544,Sync,True,False,False,False,0,H0
238.915065,timesafe_prod_announce_attack,56812.0,56812.0,14013.0,488.0,0.0,1,25545,Sync,True,False,False,False,0,H0
238.970981,timesafe_prod_announce_attack,-44410.0,-44410.0,45951.0,32426.0,0.0,1,25546,Sync,True,False,False,False,0,H0
239.035072,timesafe_prod_announce_attack,25398.0,25398.0,45951.0,32426.0,0.0,1,25547,Sync,True,False,False,False,0,H0
239.098982,timesafe_prod_announce_attack,-44344.0,-44344.0,46049.0,32524.0,0.0,1,25548,Sync,True,False,False,False,0,H0
239.163149,timesafe_prod_announce_attack,24040.0,24040.0,46049.0,32524.0,0.0,1,25549,Sync,True,False,False,False,0,H0
239.227031,timesafe_prod_announce_attack,-42598.0,-42598.0,44631.0,31106.0,0.0,1,25550,Sync,True,False,False,False,0,H0
239.283062,timesafe_prod_announce_attack,-11728.0,-11728.0,12937.0,-588.0,0.0,1,25551,Sync,True,False,False,False,0,H0
239.347029,timesafe_prod_announce_attack,-11152.0,-11152.0,12937.0,-588.0,0.0,1,25552,Sync,True,False,False,False,0,H0
239.41111,timesafe_prod_announce_attack,57408.0,57408.0,13425.0,-100.0,0.0,1,25553,Sync,True,False,False,False,0,H0
239.475015,timesafe_prod_announce_attack,-45416.0,-45416.0,47093.0,33568.0,0.0,1,25554,Sync,True,False,False,False,0,H0
239.539081,timesafe_prod_announce_attack,23444.0,23444.0,47093.0,33568.0,0.0,1,25555,Sync,True,False,False,False,0,H0
239.603019,timesafe_prod_announce_attack,-44770.0,-44770.0,46731.0,33206.0,0.0,1,25556,Sync,True,False,False,False,0,H0
239.659104,timesafe_prod_announce_attack,24186.0,24186.0,46731.0,33206.0,0.0,1,25557,Sync,True,False,False,False,0,H0
239.723019,timesafe_prod_announce_attack,-46308.0,-46308.0,48029.0,34504.0,0.0,1,25558,Sync,True,False,False,False,0,H0
239.787104,timesafe_prod_announce_attack,58330.0,58330.0,12271.0,-1254.0,0.0,1,25559,Sync,True,False,False,False,0,H0
239.850995,timesafe_prod_announce_attack,-42772.0,-42772.0,44713.0,31188.0,0.0,1,25560,Sync,True,False,False,False,0,H0
239.915105,timesafe_prod_announce_attack,57444.0,57444.0,12853.0,-672.0,0.0,1,25561,Sync,True,False,False,False,0,H0
239.971025,timesafe_prod_announce_attack,-11016.0,-11016.0,12853.0,-672.0,0.0,1,25562,Sync,True,False,False,False,0,H0
240.035109,timesafe_prod_announce_attack,57796.0,57796.0,12853.0,-672.0,0.0,1,25563,Sync,True,False,False,False,0,H0
240.098996,timesafe_prod_announce_attack,-43286.0,-43286.0,44727.0,31202.0,0.0,1,25564,Sync,True,False,False,False,0,H0
240.163052,timesafe_prod_announce_attack,58310.0,58310.0,12743.0,-782.0,0.0,1,25565,Sync,True,False,False,False,0,H0
240.227002,timesafe_prod_announce_attack,-44956.0,-44956.0,46301.0,32776.0,0.0,1,25566,Sync,True,False,False,False,0,H0
240.28308,timesafe_prod_announce_attack,59492.0,59492.0,10785.0,-2740.0,0.0,1,25567,Sync,True,False,False,False,0,H0
240.347015,timesafe_prod_announce_attack,-44626.0,-44626.0,45907.0,32382.0,0.0,1,25568,Sync,True,False,False,False,0,H0
240.41109,timesafe_prod_announce_attack,59236.0,59236.0,11537.0,-1988.0,0.0,1,25569,Sync,True,False,False,False,0,H0
240.475112,timesafe_prod_announce_attack,-44558.0,-44558.0,46131.0,32606.0,0.0,1,25570,Sync,True,False,False,False,0,H0
240.53911,timesafe_prod_announce_attack,24682.0,24682.0,46131.0,32606.0,0.0,1,25571,Sync,True,False,False,False,0,H0
240.603008,timesafe_prod_announce_attack,-45212.0,-45212.0,47185.0,33660.0,0.0,1,25572,Sync,True,False,False,False,0,H0
240.65911,timesafe_prod_announce_attack,57378.0,57378.0,13179.0,-346.0,0.0,1,25573,Sync,True,False,False,False,0,H0
240.723005,timesafe_prod_announce_attack,-11210.0,-11210.0,13179.0,-346.0,0.0,1,25574,Sync,True,False,False,False,0,H0
240.787086,timesafe_prod_announce_attack,56956.0,56956.0,14097.0,572.0,0.0,1,25575,Sync,True,False,False,False,0,H0
